[2026-08-11 16:38:01.965023] [INFO] [framework] 프로그램 시작
[2026-08-11 16:38:01.965026] [WARNING] [framework] 프로그램 시작
[2026-08-11 16:38:01.965029] [INFO] [framework] 설정 파일 위치 : ../configs/robot_7
[2026-08-11 16:38:01.965028] [CRITICAL] [framework] 프로그램 시작
[2026-08-11 16:38:01.965128] [INFO] [framework] ID[0, 7], 이름[장세븐], 제어주기[20ms], 버젼[], 장소[우리집], 환경모드[simulation]
[2026-08-11 16:38:01.965172] [INFO] [mediator] 생성
[2026-08-11 16:38:01.965202] [INFO] [graph_manager] 생성
[2026-08-11 16:38:01.990531] [INFO] [stop_server] 생성
[2026-08-11 16:38:01.990568] [INFO] [health_monitor] 생성
[2026-08-11 16:38:01.990607] [INFO] [path_server] 생성
[2026-08-11 16:38:01.990637] [INFO] [course_manager] 생성
[2026-08-11 16:38:01.990666] [INFO] [task::fsm] 생성
[2026-08-11 16:38:01.990667] [INFO] [task::fsm] idle
[2026-08-11 16:38:01.990677] [INFO] [course_manager] 코스 삭제
[2026-08-11 16:38:01.990685] [INFO] [path_server] 경로 삭제
[2026-08-11 16:38:01.990716] [INFO] [task_manager] 생성
[2026-08-11 16:38:01.990824] [INFO] [mediator] connectors 생성
[2026-08-11 16:38:01.990866] [INFO] [fms] 생성
[2026-08-11 16:38:01.990867] [INFO] [fms] 통신 드라이버 생성
[2026-08-11 16:38:01.991163] [INFO] [motions] 생성
[2026-08-11 16:38:01.991198] [INFO] [localizers] 생성
[2026-08-11 16:38:01.991287] [INFO] [localizers] 파라미터 : 

[2026-08-11 16:38:01.991320] [INFO] [safety_plc] 생성
[2026-08-11 16:38:01.991350] [INFO] [load_handler] 생성
[2026-08-11 16:38:01.991378] [INFO] [power_system] 생성
[2026-08-11 16:38:01.991474] [INFO] [power_system] 설정 정보 : remaining[40%, 10%, 5%]
[2026-08-11 16:38:01.991896] [INFO] [power_system] 알람 목록 : 
 • [100015, 100001] [INFO] 자동 충전 시작.
 • [100015, 100002] [INFO] 배터리 가득.
 • [100015, 400001] [CRIT] 배터리 남은 양 - 위험
 • [100015, 300001] [ERROR] 배터리 남은 양 - 에러
 • [100015, 200001] [WARN] 배터리 남은 양 - 주의
 • [100015, 100004] [INFO] 자동 충전 해제 완료.
 • [100015, 100003] [INFO] 자동 충전 해제 시작.
[2026-08-11 16:38:01.991898] [INFO] [mediator] connector 의존성 주입
[2026-08-11 16:38:01.991907] [INFO] [mediator] any map 등록
[2026-08-11 16:38:01.991919] [INFO] [mediator] any collector 등록
[2026-08-11 16:38:01.991922] [INFO] [mediator] any collector 목록 검사
[2026-08-11 16:38:01.991971] [INFO] [framework] after init 실행
[2026-08-11 16:38:01.992234] [INFO] [course_tracker] 생성
[2026-08-11 16:38:01.992249] [INFO] [course_tracker] 파라미터 : 
◈ node_bound[0.020m, 0.150m, 0.005m]
 • approach[0.150m, 0.050m/s, -0.005m, -0.200m, 0.100m]
 • align[(10.000°, 5.000°/s), 50.000°, 30.000°/s), 0.800°, -0.100°]
◈ motion param : 
 • reference_angle[0.000°, 45.000°]
 • threshold_angle[15.000°, 20.000°, 170.000°]
 • threshold_error[0.300°, 5.000°]
 • normal[0.150m/s, 8.000, 0.800m/s, 0.500]
 • angle[0.150m/s, 1.500, 0.800m/s, 2.100]
 • protection_overshoot[0.100m/s, 0.900, 0.500m/s, 0.900]
 • speed_rotation[15.000°/s]
[2026-08-11 16:38:01.992252] [INFO] [framework] 제어 쓰레드 시작
[2026-08-11 16:38:01.992283] [INFO] [path_server] 노드 초기화 성공 : 로봇 좌표[23.498m 6.997m 90.604°] 최단 거리 노드[205] 거리(0.003717m)
[2026-08-11 16:40:31.637889] [INFO] [framework] 프로그램 시작
[2026-08-11 16:40:31.637892] [WARNING] [framework] 프로그램 시작
[2026-08-11 16:40:31.637895] [INFO] [framework] 설정 파일 위치 : ../configs/robot_7
[2026-08-11 16:40:31.637895] [CRITICAL] [framework] 프로그램 시작
[2026-08-11 16:45:49.986553] [INFO] [framework] 프로그램 시작
[2026-08-11 16:45:49.986559] [WARNING] [framework] 프로그램 시작
[2026-08-11 16:45:49.986561] [CRITICAL] [framework] 프로그램 시작
[2026-08-11 16:45:49.986561] [INFO] [framework] 설정 파일 위치 : ../configs/robot_7
[2026-08-11 16:45:49.986732] [INFO] [framework] ID[0, 7], 이름[장세븐], 제어주기[20ms], 버젼[], 장소[우리집], 환경모드[simulation]
[2026-08-11 16:45:49.986764] [INFO] [mediator] 생성
[2026-08-11 16:45:49.986787] [INFO] [graph_manager] 생성
[2026-08-11 16:45:50.029145] [INFO] [stop_server] 생성
[2026-08-11 16:45:50.029172] [INFO] [health_monitor] 생성
[2026-08-11 16:45:50.029212] [INFO] [path_server] 생성
[2026-08-11 16:45:50.029235] [INFO] [course_manager] 생성
[2026-08-11 16:45:50.029254] [INFO] [task::fsm] 생성
[2026-08-11 16:45:50.029256] [INFO] [task::fsm] idle
[2026-08-11 16:45:50.029264] [INFO] [course_manager] 코스 삭제
[2026-08-11 16:45:50.029265] [INFO] [path_server] 경로 삭제
[2026-08-11 16:45:50.029284] [INFO] [task_manager] 생성
[2026-08-11 16:45:50.029425] [INFO] [mediator] connectors 생성
[2026-08-11 16:45:50.029449] [INFO] [fms] 생성
[2026-08-11 16:45:50.029451] [INFO] [fms] 통신 드라이버 생성
[2026-08-11 16:45:50.029847] [INFO] [motions] 생성
[2026-08-11 16:45:50.029877] [INFO] [localizers] 생성
[2026-08-11 16:45:50.030004] [INFO] [localizers] 파라미터 : 

[2026-08-11 16:45:50.030028] [INFO] [safety_plc] 생성
[2026-08-11 16:45:50.030049] [INFO] [load_handler] 생성
[2026-08-11 16:45:50.030069] [INFO] [power_system] 생성
[2026-08-11 16:45:50.030218] [INFO] [power_system] 설정 정보 : remaining[40%, 10%, 5%]
[2026-08-11 16:45:50.030827] [INFO] [power_system] 알람 목록 : 
 • [100015, 100001] [INFO] 자동 충전 시작.
 • [100015, 100002] [INFO] 배터리 가득.
 • [100015, 400001] [CRIT] 배터리 남은 양 - 위험
 • [100015, 300001] [ERROR] 배터리 남은 양 - 에러
 • [100015, 200001] [WARN] 배터리 남은 양 - 주의
 • [100015, 100004] [INFO] 자동 충전 해제 완료.
 • [100015, 100003] [INFO] 자동 충전 해제 시작.
[2026-08-11 16:45:50.030831] [INFO] [mediator] connector 의존성 주입
[2026-08-11 16:45:50.030846] [INFO] [mediator] any map 등록
[2026-08-11 16:45:50.030858] [INFO] [mediator] any collector 등록
[2026-08-11 16:45:50.030861] [INFO] [mediator] any collector 목록 검사
[2026-08-11 16:45:50.031052] [INFO] [framework] after init 실행
[2026-08-11 16:45:50.031399] [INFO] [course_tracker] 생성
[2026-08-11 16:45:50.031421] [INFO] [course_tracker] 파라미터 : 
◈ node_bound[0.020m, 0.150m, 0.005m]
 • approach[0.150m, 0.050m/s, -0.005m, -0.200m, 0.100m]
 • align[(10.000°, 5.000°/s), 50.000°, 30.000°/s), 0.800°, -0.100°]
◈ motion param : 
 • reference_angle[0.000°, 45.000°]
 • threshold_angle[15.000°, 20.000°, 170.000°]
 • threshold_error[0.300°, 5.000°]
 • normal[0.150m/s, 8.000, 0.800m/s, 0.500]
 • angle[0.150m/s, 1.500, 0.800m/s, 2.100]
 • protection_overshoot[0.100m/s, 0.900, 0.500m/s, 0.900]
 • speed_rotation[15.000°/s]
[2026-08-11 16:45:50.031425] [INFO] [framework] 제어 쓰레드 시작
[2026-08-11 16:45:50.031474] [INFO] [path_server] 노드 초기화 성공 : 로봇 좌표[23.498m 6.997m 90.604°] 최단 거리 노드[205] 거리(0.003717m)
[2026-08-11 16:46:25.165034] [INFO] [path_server] 새로운 경로 설정 : path[205 ➜ 104] time[0s] dist[72m] list[49] : 205-1202-1203-1204-1205-1206-1207-1208-1145-1146-1147-1148-1077-1029-1030-1031-1032-1033-1034-1007-1008-1009-1010-1011-1012-1035-1036-1037-1038-1039-1040-1041-1042-1112-1113-1114-1115-1116-1117-1118-1119-1120-1121-1122-1123-1179-1180-1181-104
[2026-08-11 16:46:30.075064] [INFO] [path_server] 노드 업데이트 : [1202] ➜ [1203]
[2026-08-11 16:46:30.154945] [INFO] [path_server] 새로운 경로 설정 : path[1202 ➜ 104] time[0s] dist[70.5m] list[48] : 1202-1203-1204-1205-1206-1207-1208-1145-1146-1147-1148-1077-1029-1030-1031-1032-1033-1034-1007-1008-1009-1010-1011-1012-1035-1036-1037-1038-1039-1040-1041-1042-1112-1113-1114-1115-1116-1117-1118-1119-1120-1121-1122-1123-1179-1180-1181-104
[2026-08-11 16:46:33.688004] [INFO] [path_server] 노드 업데이트 : [1203] ➜ [1204]
[2026-08-11 16:46:33.768003] [INFO] [path_server] 새로운 경로 설정 : path[1203 ➜ 104] time[0s] dist[69m] list[47] : 1203-1204-1205-1206-1207-1208-1145-1146-1147-1148-1077-1029-1030-1031-1032-1033-1034-1007-1008-1009-1010-1011-1012-1035-1036-1037-1038-1039-1040-1041-1042-1112-1113-1114-1115-1116-1117-1118-1119-1120-1121-1122-1123-1179-1180-1181-104
[2026-08-11 16:46:34.826160] [INFO] [path_server] 노드 업데이트 : [1204] ➜ [1205]
[2026-08-11 16:46:34.906119] [INFO] [path_server] 새로운 경로 설정 : path[1204 ➜ 104] time[0s] dist[67.5m] list[46] : 1204-1205-1206-1207-1208-1145-1146-1147-1148-1077-1029-1030-1031-1032-1033-1034-1007-1008-1009-1010-1011-1012-1035-1036-1037-1038-1039-1040-1041-1042-1112-1113-1114-1115-1116-1117-1118-1119-1120-1121-1122-1123-1179-1180-1181-104
[2026-08-11 16:46:35.644571] [INFO] [path_server] 노드 업데이트 : [1205] ➜ [1206]
[2026-08-11 16:46:35.704542] [INFO] [path_server] 새로운 경로 설정 : path[1205 ➜ 104] time[0s] dist[66m] list[45] : 1205-1206-1207-1208-1145-1146-1147-1148-1077-1029-1030-1031-1032-1033-1034-1007-1008-1009-1010-1011-1012-1035-1036-1037-1038-1039-1040-1041-1042-1112-1113-1114-1115-1116-1117-1118-1119-1120-1121-1122-1123-1179-1180-1181-104
[2026-08-11 16:46:36.403199] [INFO] [path_server] 노드 업데이트 : [1206] ➜ [1207]
[2026-08-11 16:46:36.483175] [INFO] [path_server] 새로운 경로 설정 : path[1206 ➜ 104] time[0s] dist[64.51m] list[44] : 1206-1207-1208-1145-1146-1147-1148-1077-1029-1030-1031-1032-1033-1034-1007-1008-1009-1010-1011-1012-1035-1036-1037-1038-1039-1040-1041-1042-1112-1113-1114-1115-1116-1117-1118-1119-1120-1121-1122-1123-1179-1180-1181-104
[2026-08-11 16:46:37.161748] [INFO] [path_server] 노드 업데이트 : [1207] ➜ [1208]
[2026-08-11 16:46:37.241693] [INFO] [path_server] 새로운 경로 설정 : path[1207 ➜ 104] time[0s] dist[63m] list[43] : 1207-1208-1145-1146-1147-1148-1077-1029-1030-1031-1032-1033-1034-1007-1008-1009-1010-1011-1012-1035-1036-1037-1038-1039-1040-1041-1042-1112-1113-1114-1115-1116-1117-1118-1119-1120-1121-1122-1123-1179-1180-1181-104
[2026-08-11 16:46:37.900393] [INFO] [path_server] 노드 업데이트 : [1208] ➜ [1145]
[2026-08-11 16:46:37.980300] [INFO] [path_server] 새로운 경로 설정 : path[1208 ➜ 104] time[0s] dist[61.5m] list[42] : 1208-1145-1146-1147-1148-1077-1029-1030-1031-1032-1033-1034-1007-1008-1009-1010-1011-1012-1035-1036-1037-1038-1039-1040-1041-1042-1112-1113-1114-1115-1116-1117-1118-1119-1120-1121-1122-1123-1179-1180-1181-104
[2026-08-11 16:46:39.218014] [INFO] [path_server] 노드 업데이트 : [1145] ➜ [1146]
[2026-08-11 16:46:39.297960] [INFO] [path_server] 새로운 경로 설정 : path[1145 ➜ 104] time[0s] dist[60m] list[41] : 1145-1146-1147-1148-1077-1029-1030-1031-1032-1033-1034-1007-1008-1009-1010-1011-1012-1035-1036-1037-1038-1039-1040-1041-1042-1112-1113-1114-1115-1116-1117-1118-1119-1120-1121-1122-1123-1179-1180-1181-104
[2026-08-11 16:46:42.572424] [INFO] [path_server] 노드 업데이트 : [1146] ➜ [1147]
[2026-08-11 16:46:42.652312] [INFO] [path_server] 새로운 경로 설정 : path[1146 ➜ 104] time[0s] dist[58.5m] list[40] : 1146-1147-1148-1077-1029-1030-1031-1032-1033-1034-1007-1008-1009-1010-1011-1012-1035-1036-1037-1038-1039-1040-1041-1042-1112-1113-1114-1115-1116-1117-1118-1119-1120-1121-1122-1123-1179-1180-1181-104
[2026-08-11 16:46:43.710263] [INFO] [path_server] 노드 업데이트 : [1147] ➜ [1148]
[2026-08-11 16:46:43.790177] [INFO] [path_server] 새로운 경로 설정 : path[1147 ➜ 104] time[0s] dist[57m] list[39] : 1147-1148-1077-1029-1030-1031-1032-1033-1034-1007-1008-1009-1010-1011-1012-1035-1036-1037-1038-1039-1040-1041-1042-1112-1113-1114-1115-1116-1117-1118-1119-1120-1121-1122-1123-1179-1180-1181-104
[2026-08-11 16:46:44.528758] [INFO] [path_server] 노드 업데이트 : [1148] ➜ [1077]
[2026-08-11 16:46:44.608721] [INFO] [path_server] 새로운 경로 설정 : path[1148 ➜ 104] time[0s] dist[55.5m] list[38] : 1148-1077-1029-1030-1031-1032-1033-1034-1007-1008-1009-1010-1011-1012-1035-1036-1037-1038-1039-1040-1041-1042-1112-1113-1114-1115-1116-1117-1118-1119-1120-1121-1122-1123-1179-1180-1181-104
[2026-08-11 16:46:45.866153] [INFO] [path_server] 노드 업데이트 : [1077] ➜ [1029]
[2026-08-11 16:46:45.965994] [INFO] [path_server] 새로운 경로 설정 : path[1077 ➜ 104] time[0s] dist[54m] list[37] : 1077-1029-1030-1031-1032-1033-1034-1007-1008-1009-1010-1011-1012-1035-1036-1037-1038-1039-1040-1041-1042-1112-1113-1114-1115-1116-1117-1118-1119-1120-1121-1122-1123-1179-1180-1181-104
[2026-08-11 16:46:49.199756] [INFO] [path_server] 노드 업데이트 : [1029] ➜ [1030]
[2026-08-11 16:46:49.279635] [INFO] [path_server] 새로운 경로 설정 : path[1029 ➜ 104] time[0s] dist[52.5m] list[36] : 1029-1030-1031-1032-1033-1034-1007-1008-1009-1010-1011-1012-1035-1036-1037-1038-1039-1040-1041-1042-1112-1113-1114-1115-1116-1117-1118-1119-1120-1121-1122-1123-1179-1180-1181-104
[2026-08-11 16:46:50.337542] [INFO] [path_server] 노드 업데이트 : [1030] ➜ [1031]
[2026-08-11 16:46:50.417443] [INFO] [path_server] 새로운 경로 설정 : path[1030 ➜ 104] time[0s] dist[51m] list[35] : 1030-1031-1032-1033-1034-1007-1008-1009-1010-1011-1012-1035-1036-1037-1038-1039-1040-1041-1042-1112-1113-1114-1115-1116-1117-1118-1119-1120-1121-1122-1123-1179-1180-1181-104
[2026-08-11 16:46:51.155930] [INFO] [path_server] 노드 업데이트 : [1031] ➜ [1032]
[2026-08-11 16:46:51.235933] [INFO] [path_server] 새로운 경로 설정 : path[1031 ➜ 104] time[0s] dist[49.5m] list[34] : 1031-1032-1033-1034-1007-1008-1009-1010-1011-1012-1035-1036-1037-1038-1039-1040-1041-1042-1112-1113-1114-1115-1116-1117-1118-1119-1120-1121-1122-1123-1179-1180-1181-104
[2026-08-11 16:46:51.914490] [INFO] [path_server] 노드 업데이트 : [1032] ➜ [1033]
[2026-08-11 16:46:51.974443] [INFO] [path_server] 새로운 경로 설정 : path[1032 ➜ 104] time[0s] dist[48m] list[33] : 1032-1033-1034-1007-1008-1009-1010-1011-1012-1035-1036-1037-1038-1039-1040-1041-1042-1112-1113-1114-1115-1116-1117-1118-1119-1120-1121-1122-1123-1179-1180-1181-104
[2026-08-11 16:46:52.673053] [INFO] [path_server] 노드 업데이트 : [1033] ➜ [1034]
[2026-08-11 16:46:52.752901] [INFO] [path_server] 새로운 경로 설정 : path[1033 ➜ 104] time[0s] dist[46.5m] list[32] : 1033-1034-1007-1008-1009-1010-1011-1012-1035-1036-1037-1038-1039-1040-1041-1042-1112-1113-1114-1115-1116-1117-1118-1119-1120-1121-1122-1123-1179-1180-1181-104
[2026-08-11 16:46:53.411565] [INFO] [path_server] 노드 업데이트 : [1034] ➜ [1007]
[2026-08-11 16:46:53.471484] [INFO] [path_server] 새로운 경로 설정 : path[1034 ➜ 104] time[0s] dist[45m] list[31] : 1034-1007-1008-1009-1010-1011-1012-1035-1036-1037-1038-1039-1040-1041-1042-1112-1113-1114-1115-1116-1117-1118-1119-1120-1121-1122-1123-1179-1180-1181-104
[2026-08-11 16:46:54.170027] [INFO] [path_server] 노드 업데이트 : [1007] ➜ [1008]
[2026-08-11 16:46:54.249867] [INFO] [path_server] 새로운 경로 설정 : path[1007 ➜ 104] time[0s] dist[43.5m] list[30] : 1007-1008-1009-1010-1011-1012-1035-1036-1037-1038-1039-1040-1041-1042-1112-1113-1114-1115-1116-1117-1118-1119-1120-1121-1122-1123-1179-1180-1181-104
[2026-08-11 16:46:54.908563] [INFO] [path_server] 노드 업데이트 : [1008] ➜ [1009]
[2026-08-11 16:46:54.968483] [INFO] [path_server] 새로운 경로 설정 : path[1008 ➜ 104] time[0s] dist[42m] list[29] : 1008-1009-1010-1011-1012-1035-1036-1037-1038-1039-1040-1041-1042-1112-1113-1114-1115-1116-1117-1118-1119-1120-1121-1122-1123-1179-1180-1181-104
[2026-08-11 16:46:55.667184] [INFO] [path_server] 노드 업데이트 : [1009] ➜ [1010]
[2026-08-11 16:46:55.747054] [INFO] [path_server] 새로운 경로 설정 : path[1009 ➜ 104] time[0s] dist[40.5m] list[28] : 1009-1010-1011-1012-1035-1036-1037-1038-1039-1040-1041-1042-1112-1113-1114-1115-1116-1117-1118-1119-1120-1121-1122-1123-1179-1180-1181-104
[2026-08-11 16:46:56.405972] [INFO] [path_server] 노드 업데이트 : [1010] ➜ [1011]
[2026-08-11 16:46:56.465858] [INFO] [path_server] 새로운 경로 설정 : path[1010 ➜ 104] time[0s] dist[39m] list[27] : 1010-1011-1012-1035-1036-1037-1038-1039-1040-1041-1042-1112-1113-1114-1115-1116-1117-1118-1119-1120-1121-1122-1123-1179-1180-1181-104
[2026-08-11 16:46:57.164445] [INFO] [path_server] 노드 업데이트 : [1011] ➜ [1012]
[2026-08-11 16:46:57.244318] [INFO] [path_server] 새로운 경로 설정 : path[1011 ➜ 104] time[0s] dist[37.5m] list[26] : 1011-1012-1035-1036-1037-1038-1039-1040-1041-1042-1112-1113-1114-1115-1116-1117-1118-1119-1120-1121-1122-1123-1179-1180-1181-104
[2026-08-11 16:46:57.922840] [INFO] [path_server] 노드 업데이트 : [1012] ➜ [1035]
[2026-08-11 16:46:58.002742] [INFO] [path_server] 새로운 경로 설정 : path[1012 ➜ 104] time[0s] dist[36m] list[25] : 1012-1035-1036-1037-1038-1039-1040-1041-1042-1112-1113-1114-1115-1116-1117-1118-1119-1120-1121-1122-1123-1179-1180-1181-104
[2026-08-11 16:46:58.661335] [INFO] [path_server] 노드 업데이트 : [1035] ➜ [1036]
[2026-08-11 16:46:58.761175] [INFO] [path_server] 새로운 경로 설정 : path[1035 ➜ 104] time[0s] dist[34.5m] list[24] : 1035-1036-1037-1038-1039-1040-1041-1042-1112-1113-1114-1115-1116-1117-1118-1119-1120-1121-1122-1123-1179-1180-1181-104
[2026-08-11 16:46:59.419760] [INFO] [path_server] 노드 업데이트 : [1036] ➜ [1037]
[2026-08-11 16:46:59.499795] [INFO] [path_server] 새로운 경로 설정 : path[1036 ➜ 104] time[0s] dist[33m] list[23] : 1036-1037-1038-1039-1040-1041-1042-1112-1113-1114-1115-1116-1117-1118-1119-1120-1121-1122-1123-1179-1180-1181-104
[2026-08-11 16:47:00.158392] [INFO] [path_server] 노드 업데이트 : [1037] ➜ [1038]
[2026-08-11 16:47:00.218281] [INFO] [path_server] 새로운 경로 설정 : path[1037 ➜ 104] time[0s] dist[31.5m] list[22] : 1037-1038-1039-1040-1041-1042-1112-1113-1114-1115-1116-1117-1118-1119-1120-1121-1122-1123-1179-1180-1181-104
[2026-08-11 16:47:00.917067] [INFO] [path_server] 노드 업데이트 : [1038] ➜ [1039]
[2026-08-11 16:47:00.996940] [INFO] [path_server] 새로운 경로 설정 : path[1038 ➜ 104] time[0s] dist[30m] list[21] : 1038-1039-1040-1041-1042-1112-1113-1114-1115-1116-1117-1118-1119-1120-1121-1122-1123-1179-1180-1181-104
[2026-08-11 16:47:01.656160] [INFO] [path_server] 노드 업데이트 : [1039] ➜ [1040]
[2026-08-11 16:47:01.716102] [INFO] [path_server] 새로운 경로 설정 : path[1039 ➜ 104] time[0s] dist[28.5m] list[20] : 1039-1040-1041-1042-1112-1113-1114-1115-1116-1117-1118-1119-1120-1121-1122-1123-1179-1180-1181-104
[2026-08-11 16:47:02.414836] [INFO] [path_server] 노드 업데이트 : [1040] ➜ [1041]
[2026-08-11 16:47:02.494688] [INFO] [path_server] 새로운 경로 설정 : path[1040 ➜ 104] time[0s] dist[27m] list[19] : 1040-1041-1042-1112-1113-1114-1115-1116-1117-1118-1119-1120-1121-1122-1123-1179-1180-1181-104
[2026-08-11 16:47:03.173357] [INFO] [path_server] 노드 업데이트 : [1041] ➜ [1042]
[2026-08-11 16:47:03.253299] [INFO] [path_server] 새로운 경로 설정 : path[1041 ➜ 104] time[0s] dist[25.5m] list[18] : 1041-1042-1112-1113-1114-1115-1116-1117-1118-1119-1120-1121-1122-1123-1179-1180-1181-104
[2026-08-11 16:47:03.911958] [INFO] [path_server] 노드 업데이트 : [1042] ➜ [1112]
[2026-08-11 16:47:03.991855] [INFO] [path_server] 새로운 경로 설정 : path[1042 ➜ 104] time[0s] dist[24m] list[17] : 1042-1112-1113-1114-1115-1116-1117-1118-1119-1120-1121-1122-1123-1179-1180-1181-104
[2026-08-11 16:47:05.229467] [INFO] [path_server] 노드 업데이트 : [1112] ➜ [1113]
[2026-08-11 16:47:05.309334] [INFO] [path_server] 새로운 경로 설정 : path[1112 ➜ 104] time[0s] dist[22.5m] list[16] : 1112-1113-1114-1115-1116-1117-1118-1119-1120-1121-1122-1123-1179-1180-1181-104
[2026-08-11 16:47:08.583509] [INFO] [path_server] 노드 업데이트 : [1113] ➜ [1114]
[2026-08-11 16:47:08.663387] [INFO] [path_server] 새로운 경로 설정 : path[1113 ➜ 104] time[0s] dist[21m] list[15] : 1113-1114-1115-1116-1117-1118-1119-1120-1121-1122-1123-1179-1180-1181-104
[2026-08-11 16:47:09.721334] [INFO] [path_server] 노드 업데이트 : [1114] ➜ [1115]
[2026-08-11 16:47:09.801201] [INFO] [path_server] 새로운 경로 설정 : path[1114 ➜ 104] time[0s] dist[19.5m] list[14] : 1114-1115-1116-1117-1118-1119-1120-1121-1122-1123-1179-1180-1181-104
[2026-08-11 16:47:10.539732] [INFO] [path_server] 노드 업데이트 : [1115] ➜ [1116]
[2026-08-11 16:47:10.619624] [INFO] [path_server] 새로운 경로 설정 : path[1115 ➜ 104] time[0s] dist[18m] list[13] : 1115-1116-1117-1118-1119-1120-1121-1122-1123-1179-1180-1181-104
[2026-08-11 16:47:11.298320] [INFO] [path_server] 노드 업데이트 : [1116] ➜ [1117]
[2026-08-11 16:47:11.358223] [INFO] [path_server] 새로운 경로 설정 : path[1116 ➜ 104] time[0s] dist[16.5m] list[12] : 1116-1117-1118-1119-1120-1121-1122-1123-1179-1180-1181-104
[2026-08-11 16:47:12.056993] [INFO] [path_server] 노드 업데이트 : [1117] ➜ [1118]
[2026-08-11 16:47:12.156634] [INFO] [path_server] 새로운 경로 설정 : path[1117 ➜ 104] time[0s] dist[15m] list[11] : 1117-1118-1119-1120-1121-1122-1123-1179-1180-1181-104
[2026-08-11 16:47:12.795284] [INFO] [path_server] 노드 업데이트 : [1118] ➜ [1119]
[2026-08-11 16:47:12.875290] [INFO] [path_server] 새로운 경로 설정 : path[1118 ➜ 104] time[0s] dist[13.5m] list[10] : 1118-1119-1120-1121-1122-1123-1179-1180-1181-104
[2026-08-11 16:47:13.554035] [INFO] [path_server] 노드 업데이트 : [1119] ➜ [1120]
[2026-08-11 16:47:13.613907] [INFO] [path_server] 새로운 경로 설정 : path[1119 ➜ 104] time[0s] dist[12m] list[9] : 1119-1120-1121-1122-1123-1179-1180-1181-104
[2026-08-11 16:47:14.392311] [INFO] [path_server] 노드 업데이트 : [1120] ➜ [1121]
[2026-08-11 16:47:14.452239] [INFO] [path_server] 새로운 경로 설정 : path[1120 ➜ 104] time[0s] dist[10.5m] list[8] : 1120-1121-1122-1123-1179-1180-1181-104
[2026-08-11 16:47:18.045274] [INFO] [path_server] 노드 업데이트 : [1121] ➜ [1122]
[2026-08-11 16:47:18.105185] [INFO] [path_server] 새로운 경로 설정 : path[1121 ➜ 104] time[0s] dist[9m] list[7] : 1121-1122-1123-1179-1180-1181-104
[2026-08-11 16:47:19.402720] [INFO] [path_server] 노드 업데이트 : [1122] ➜ [1123]
[2026-08-11 16:47:19.482580] [INFO] [path_server] 새로운 경로 설정 : path[1122 ➜ 104] time[0s] dist[7.5m] list[6] : 1122-1123-1179-1180-1181-104
[2026-08-11 16:47:20.460573] [INFO] [path_server] 노드 업데이트 : [1123] ➜ [1179]
[2026-08-11 16:47:20.540493] [INFO] [path_server] 새로운 경로 설정 : path[1123 ➜ 104] time[0s] dist[6m] list[5] : 1123-1179-1180-1181-104
[2026-08-11 16:47:23.774107] [INFO] [path_server] 노드 업데이트 : [1179] ➜ [1180]
[2026-08-11 16:47:23.853952] [INFO] [path_server] 새로운 경로 설정 : path[1179 ➜ 104] time[0s] dist[4.5m] list[4] : 1179-1180-1181-104
[2026-08-11 16:47:25.011618] [INFO] [path_server] 노드 업데이트 : [1180] ➜ [1181]
[2026-08-11 16:47:25.091428] [INFO] [path_server] 새로운 경로 설정 : path[1180 ➜ 104] time[0s] dist[3m] list[3] : 1180-1181-104
[2026-08-11 16:47:26.348985] [INFO] [path_server] 노드 업데이트 : [1181] ➜ [104]
[2026-08-11 16:47:26.408845] [INFO] [path_server] 새로운 경로 설정 : path[1181 ➜ 104] time[0s] dist[1.5m] list[2] : 1181-104
[2026-08-11 16:47:31.540255] [INFO] [path_server] 노드 업데이트 : [104] ➜ [-1]
[2026-08-11 16:47:34.434761] [INFO] [course_tracker] 목적지에서 각도 정렬 : [5.500m 4.000m 0.000°]
[2026-08-11 16:47:34.474694] [INFO] [path_server] 노드 업데이트 : [104] ➜ [-1]
[2026-08-11 16:47:34.494656] [INFO] [task::fsm] push_done
[2026-08-11 16:47:34.554542] [INFO] [task::fsm] charging
[2026-08-11 16:47:34.554557] [INFO] [health_monitor] [등록][100015, 100001] : 자동 충전 시작.
[2026-08-11 16:47:34.554547] [INFO] [power_system] 충전 프로세스 시작
[2026-08-11 16:47:39.564785] [INFO] [health_monitor] [삭제][100015, 100001] : 자동 충전 시작.
[2026-08-11 16:47:42.766419] [INFO] [framework] 프로그램 시작
[2026-08-11 16:47:42.766425] [CRITICAL] [framework] 프로그램 시작
[2026-08-11 16:49:24.396793] [INFO] [framework] 프로그램 시작
[2026-08-11 16:49:24.396796] [WARNING] [framework] 프로그램 시작
[2026-08-11 16:49:24.396799] [INFO] [framework] 설정 파일 위치 : ../configs/robot_7
[2026-08-11 16:49:24.396798] [CRITICAL] [framework] 프로그램 시작
[2026-08-11 16:49:24.396924] [INFO] [framework] ID[0, 7], 이름[장세븐], 제어주기[20ms], 버젼[], 장소[우리집], 환경모드[simulation]
[2026-08-11 16:49:24.396949] [INFO] [mediator] 생성
[2026-08-11 16:49:24.396968] [INFO] [graph_manager] 생성
[2026-08-11 16:49:24.422702] [INFO] [stop_server] 생성
[2026-08-11 16:49:24.422738] [INFO] [health_monitor] 생성
[2026-08-11 16:49:24.422758] [INFO] [path_server] 생성
[2026-08-11 16:49:24.422775] [INFO] [course_manager] 생성
[2026-08-11 16:49:24.422791] [INFO] [task::fsm] 생성
[2026-08-11 16:49:24.422793] [INFO] [task::fsm] idle
[2026-08-11 16:49:24.422795] [INFO] [path_server] 경로 삭제
[2026-08-11 16:49:24.422795] [INFO] [course_manager] 코스 삭제
[2026-08-11 16:49:24.422811] [INFO] [task_manager] 생성
[2026-08-11 16:49:24.422916] [INFO] [mediator] connectors 생성
[2026-08-11 16:49:24.422935] [INFO] [fms] 생성
[2026-08-11 16:49:24.422936] [INFO] [fms] 통신 드라이버 생성
[2026-08-11 16:49:24.423212] [INFO] [motions] 생성
[2026-08-11 16:49:24.423231] [INFO] [localizers] 생성
[2026-08-11 16:49:24.423328] [INFO] [localizers] 파라미터 : 

[2026-08-11 16:49:24.423345] [INFO] [safety_plc] 생성
[2026-08-11 16:49:24.423362] [INFO] [load_handler] 생성
[2026-08-11 16:49:24.423379] [INFO] [power_system] 생성
[2026-08-11 16:49:24.423485] [INFO] [power_system] 설정 정보 : remaining[40%, 10%, 5%]
[2026-08-11 16:49:24.423926] [INFO] [power_system] 알람 목록 : 
 • [100015, 100001] [INFO] 자동 충전 시작.
 • [100015, 100002] [INFO] 배터리 가득.
 • [100015, 400001] [CRIT] 배터리 남은 양 - 위험
 • [100015, 300001] [ERROR] 배터리 남은 양 - 에러
 • [100015, 200001] [WARN] 배터리 남은 양 - 주의
 • [100015, 100004] [INFO] 자동 충전 해제 완료.
 • [100015, 100003] [INFO] 자동 충전 해제 시작.
[2026-08-11 16:49:24.423939] [INFO] [mediator] any map 등록
[2026-08-11 16:49:24.423930] [INFO] [mediator] connector 의존성 주입
[2026-08-11 16:49:24.423948] [INFO] [mediator] any collector 목록 검사
[2026-08-11 16:49:24.423945] [INFO] [mediator] any collector 등록
[2026-08-11 16:49:24.423992] [INFO] [framework] after init 실행
[2026-08-11 16:49:24.424371] [INFO] [course_tracker] 생성
[2026-08-11 16:49:24.424393] [INFO] [course_tracker] 파라미터 : 
◈ node_bound[0.020m, 0.150m, 0.005m]
 • approach[0.150m, 0.050m/s, -0.005m, -0.200m, 0.100m]
 • align[(10.000°, 5.000°/s), 50.000°, 30.000°/s), 0.800°, -0.100°]
◈ motion param : 
 • reference_angle[0.000°, 45.000°]
 • threshold_angle[15.000°, 20.000°, 170.000°]
 • threshold_error[0.300°, 5.000°]
 • normal[0.150m/s, 8.000, 0.800m/s, 0.500]
 • angle[0.150m/s, 1.500, 0.800m/s, 2.100]
 • protection_overshoot[0.100m/s, 0.900, 0.500m/s, 0.900]
 • speed_rotation[15.000°/s]
[2026-08-11 16:49:24.424396] [INFO] [framework] 제어 쓰레드 시작
[2026-08-11 16:49:24.424452] [INFO] [path_server] 노드 초기화 성공 : 로봇 좌표[5.504m 3.998m -179.406°] 최단 거리 노드[104] 거리(0.004069m)
[2026-08-11 16:49:46.492338] [INFO] [framework] 프로그램 시작
[2026-08-11 16:49:46.492349] [WARNING] [framework] 프로그램 시작
[2026-08-11 16:49:46.492422] [CRITICAL] [framework] 프로그램 시작
[2026-08-11 16:49:58.392053] [INFO] [framework] 프로그램 시작
[2026-08-11 16:49:58.392057] [WARNING] [framework] 프로그램 시작
[2026-08-11 16:49:58.392061] [INFO] [framework] 설정 파일 위치 : ../configs/robot_7
[2026-08-11 16:49:58.392060] [CRITICAL] [framework] 프로그램 시작
[2026-08-11 16:49:58.392187] [INFO] [framework] ID[0, 7], 이름[장세븐], 제어주기[20ms], 버젼[], 장소[우리집], 환경모드[simulation]
[2026-08-11 16:49:58.392209] [INFO] [mediator] 생성
[2026-08-11 16:49:58.392229] [INFO] [graph_manager] 생성
[2026-08-11 16:49:58.418868] [INFO] [stop_server] 생성
[2026-08-11 16:49:58.418886] [INFO] [health_monitor] 생성
[2026-08-11 16:49:58.418904] [INFO] [path_server] 생성
[2026-08-11 16:49:58.418920] [INFO] [course_manager] 생성
[2026-08-11 16:49:58.418942] [INFO] [task::fsm] 생성
[2026-08-11 16:49:58.418943] [INFO] [task::fsm] idle
[2026-08-11 16:49:58.418944] [INFO] [course_manager] 코스 삭제
[2026-08-11 16:49:58.418945] [INFO] [path_server] 경로 삭제
[2026-08-11 16:49:58.418958] [INFO] [task_manager] 생성
[2026-08-11 16:49:58.419065] [INFO] [mediator] connectors 생성
[2026-08-11 16:49:58.419082] [INFO] [fms] 생성
[2026-08-11 16:49:58.419084] [INFO] [fms] 통신 드라이버 생성
[2026-08-11 16:49:58.419372] [INFO] [motions] 생성
[2026-08-11 16:49:58.419391] [INFO] [localizers] 생성
[2026-08-11 16:49:58.419492] [INFO] [localizers] 파라미터 : 

[2026-08-11 16:49:58.419510] [INFO] [safety_plc] 생성
[2026-08-11 16:49:58.419527] [INFO] [load_handler] 생성
[2026-08-11 16:49:58.419542] [INFO] [power_system] 생성
[2026-08-11 16:49:58.419651] [INFO] [power_system] 설정 정보 : remaining[40%, 10%, 5%]
[2026-08-11 16:49:58.420082] [INFO] [power_system] 알람 목록 : 
 • [100015, 100001] [INFO] 자동 충전 시작.
 • [100015, 100002] [INFO] 배터리 가득.
 • [100015, 400001] [CRIT] 배터리 남은 양 - 위험
 • [100015, 300001] [ERROR] 배터리 남은 양 - 에러
 • [100015, 200001] [WARN] 배터리 남은 양 - 주의
 • [100015, 100004] [INFO] 자동 충전 해제 완료.
 • [100015, 100003] [INFO] 자동 충전 해제 시작.
[2026-08-11 16:49:58.420086] [INFO] [mediator] connector 의존성 주입
[2026-08-11 16:49:58.420094] [INFO] [mediator] any map 등록
[2026-08-11 16:49:58.420101] [INFO] [mediator] any collector 등록
[2026-08-11 16:49:58.420105] [INFO] [mediator] any collector 목록 검사
[2026-08-11 16:49:58.420150] [INFO] [framework] after init 실행
[2026-08-11 16:49:58.420402] [INFO] [course_tracker] 생성
[2026-08-11 16:49:58.420417] [INFO] [course_tracker] 파라미터 : 
◈ node_bound[0.020m, 0.150m, 0.005m]
 • approach[0.150m, 0.050m/s, -0.005m, -0.200m, 0.100m]
 • align[(10.000°, 5.000°/s), 50.000°, 30.000°/s), 0.800°, -0.100°]
◈ motion param : 
 • reference_angle[0.000°, 45.000°]
 • threshold_angle[15.000°, 20.000°, 170.000°]
 • threshold_error[0.300°, 5.000°]
 • normal[0.150m/s, 8.000, 0.800m/s, 0.500]
 • angle[0.150m/s, 1.500, 0.800m/s, 2.100]
 • protection_overshoot[0.100m/s, 0.900, 0.500m/s, 0.900]
 • speed_rotation[15.000°/s]
[2026-08-11 16:49:58.420420] [INFO] [framework] 제어 쓰레드 시작
[2026-08-11 16:49:58.420451] [INFO] [path_server] 노드 초기화 성공 : 로봇 좌표[5.504m 3.998m -179.406°] 최단 거리 노드[104] 거리(0.004069m)
[2026-08-11 16:50:21.437671] [INFO] [path_server] 새로운 경로 설정 : path[104 ➜ 1012] time[0s] dist[24m] list[17] : 104-1181-1182-1183-1184-1045-1046-1047-1048-1001-1002-1003-1004-1005-1010-1011-1012
[2026-08-11 16:50:21.437688] [INFO] [course_tracker] 방향 정렬 완료 
[2026-08-11 16:50:28.604016] [INFO] [path_server] 노드 업데이트 : [1181] ➜ [1182]
[2026-08-11 16:50:28.663974] [INFO] [path_server] 새로운 경로 설정 : path[1181 ➜ 1012] time[0s] dist[22.5m] list[16] : 1181-1182-1183-1184-1045-1046-1047-1048-1001-1002-1003-1004-1005-1010-1011-1012
[2026-08-11 16:50:32.217320] [INFO] [path_server] 노드 업데이트 : [1182] ➜ [1183]
[2026-08-11 16:50:32.297273] [INFO] [path_server] 새로운 경로 설정 : path[1182 ➜ 1012] time[0s] dist[21m] list[15] : 1182-1183-1184-1045-1046-1047-1048-1001-1002-1003-1004-1005-1010-1011-1012
[2026-08-11 16:50:33.355075] [INFO] [path_server] 노드 업데이트 : [1183] ➜ [1184]
[2026-08-11 16:50:33.434975] [INFO] [path_server] 새로운 경로 설정 : path[1183 ➜ 1012] time[0s] dist[19.5m] list[14] : 1183-1184-1045-1046-1047-1048-1001-1002-1003-1004-1005-1010-1011-1012
[2026-08-11 16:50:34.173491] [INFO] [path_server] 노드 업데이트 : [1184] ➜ [1045]
[2026-08-11 16:50:34.233416] [INFO] [path_server] 새로운 경로 설정 : path[1184 ➜ 1012] time[0s] dist[18m] list[13] : 1184-1045-1046-1047-1048-1001-1002-1003-1004-1005-1010-1011-1012
[2026-08-11 16:50:35.510820] [INFO] [path_server] 노드 업데이트 : [1045] ➜ [1046]
[2026-08-11 16:50:35.590765] [INFO] [path_server] 새로운 경로 설정 : path[1045 ➜ 1012] time[0s] dist[16.5m] list[12] : 1045-1046-1047-1048-1001-1002-1003-1004-1005-1010-1011-1012
[2026-08-11 16:50:38.844919] [INFO] [path_server] 노드 업데이트 : [1046] ➜ [1047]
[2026-08-11 16:50:38.924867] [INFO] [path_server] 새로운 경로 설정 : path[1046 ➜ 1012] time[0s] dist[15m] list[11] : 1046-1047-1048-1001-1002-1003-1004-1005-1010-1011-1012
[2026-08-11 16:50:39.982646] [INFO] [path_server] 노드 업데이트 : [1047] ➜ [1048]
[2026-08-11 16:50:40.062604] [INFO] [path_server] 새로운 경로 설정 : path[1047 ➜ 1012] time[0s] dist[13.5m] list[10] : 1047-1048-1001-1002-1003-1004-1005-1010-1011-1012
[2026-08-11 16:50:40.801228] [INFO] [path_server] 노드 업데이트 : [1048] ➜ [1001]
[2026-08-11 16:50:40.861140] [INFO] [path_server] 새로운 경로 설정 : path[1048 ➜ 1012] time[0s] dist[12m] list[9] : 1048-1001-1002-1003-1004-1005-1010-1011-1012
[2026-08-11 16:50:41.560220] [INFO] [path_server] 노드 업데이트 : [1001] ➜ [1002]
[2026-08-11 16:50:41.640382] [INFO] [path_server] 새로운 경로 설정 : path[1001 ➜ 1012] time[0s] dist[10.5m] list[8] : 1001-1002-1003-1004-1005-1010-1011-1012
[2026-08-11 16:50:42.319103] [INFO] [path_server] 노드 업데이트 : [1002] ➜ [1003]
[2026-08-11 16:50:42.399116] [INFO] [path_server] 새로운 경로 설정 : path[1002 ➜ 1012] time[0s] dist[9m] list[7] : 1002-1003-1004-1005-1010-1011-1012
[2026-08-11 16:50:43.058017] [INFO] [path_server] 노드 업데이트 : [1003] ➜ [1004]
[2026-08-11 16:50:43.137889] [INFO] [path_server] 새로운 경로 설정 : path[1003 ➜ 1012] time[0s] dist[7.5m] list[6] : 1003-1004-1005-1010-1011-1012
[2026-08-11 16:50:43.816811] [INFO] [path_server] 노드 업데이트 : [1004] ➜ [1005]
[2026-08-11 16:50:43.896741] [INFO] [path_server] 새로운 경로 설정 : path[1004 ➜ 1012] time[0s] dist[6m] list[5] : 1004-1005-1010-1011-1012
[2026-08-11 16:50:45.134598] [INFO] [path_server] 노드 업데이트 : [1005] ➜ [1010]
[2026-08-11 16:50:45.214551] [INFO] [path_server] 새로운 경로 설정 : path[1005 ➜ 1012] time[0s] dist[4.5m] list[4] : 1005-1010-1011-1012
[2026-08-11 16:50:48.208926] [INFO] [path_server] 노드 업데이트 : [1010] ➜ [1011]
[2026-08-11 16:50:48.288775] [INFO] [path_server] 새로운 경로 설정 : path[1010 ➜ 1012] time[0s] dist[3m] list[3] : 1010-1011-1012
[2026-08-11 16:50:51.582401] [INFO] [path_server] 노드 업데이트 : [1011] ➜ [1012]
[2026-08-11 16:50:51.662312] [INFO] [path_server] 새로운 경로 설정 : path[1011 ➜ 1012] time[0s] dist[1.5m] list[2] : 1011-1012
[2026-08-11 16:50:53.778320] [INFO] [path_server] 노드 업데이트 : [1012] ➜ [-1]
[2026-08-11 16:50:56.652659] [INFO] [course_tracker] 목적지에서 각도 정렬 : [16.000m 11.500m 0.000°]
[2026-08-11 16:50:57.590838] [INFO] [path_server] 노드 업데이트 : [1012] ➜ [-1]
[2026-08-11 16:50:57.610797] [INFO] [task::fsm] push_done
[2026-08-11 16:50:57.670671] [INFO] [task::fsm] idle
[2026-08-11 16:50:57.670679] [INFO] [course_manager] 코스 삭제
[2026-08-11 16:50:57.670680] [INFO] [path_server] 경로 삭제
[2026-08-11 16:51:02.781501] [INFO] [path_server] 새로운 경로 설정 : path[1012 ➜ 110] time[0s] dist[22.5m] list[16] : 1012-1035-1036-1001-1002-1003-1004-1005-1006-1021-1022-1007-1167-1168-1169-110
[2026-08-11 16:51:05.117596] [INFO] [path_server] 노드 업데이트 : [1035] ➜ [1036]
[2026-08-11 16:51:05.197480] [INFO] [path_server] 새로운 경로 설정 : path[1035 ➜ 110] time[0s] dist[21m] list[15] : 1035-1036-1001-1002-1003-1004-1005-1006-1021-1022-1007-1167-1168-1169-110
[2026-08-11 16:51:06.475026] [INFO] [path_server] 노드 업데이트 : [1036] ➜ [1001]
[2026-08-11 16:51:06.554932] [INFO] [path_server] 새로운 경로 설정 : path[1036 ➜ 110] time[0s] dist[19.5m] list[14] : 1036-1001-1002-1003-1004-1005-1006-1021-1022-1007-1167-1168-1169-110
[2026-08-11 16:51:09.549625] [INFO] [path_server] 노드 업데이트 : [1001] ➜ [1002]
[2026-08-11 16:51:09.629473] [INFO] [path_server] 새로운 경로 설정 : path[1001 ➜ 110] time[0s] dist[18m] list[13] : 1001-1002-1003-1004-1005-1006-1021-1022-1007-1167-1168-1169-110
[2026-08-11 16:51:12.922779] [INFO] [path_server] 노드 업데이트 : [1002] ➜ [1003]
[2026-08-11 16:51:12.982681] [INFO] [path_server] 새로운 경로 설정 : path[1002 ➜ 110] time[0s] dist[16.5m] list[12] : 1002-1003-1004-1005-1006-1021-1022-1007-1167-1168-1169-110
[2026-08-11 16:51:14.040617] [INFO] [path_server] 노드 업데이트 : [1003] ➜ [1004]
[2026-08-11 16:51:14.140485] [INFO] [path_server] 새로운 경로 설정 : path[1003 ➜ 110] time[0s] dist[15m] list[11] : 1003-1004-1005-1006-1021-1022-1007-1167-1168-1169-110
[2026-08-11 16:51:14.879148] [INFO] [path_server] 노드 업데이트 : [1004] ➜ [1005]
[2026-08-11 16:51:14.978940] [INFO] [path_server] 새로운 경로 설정 : path[1004 ➜ 110] time[0s] dist[13.5m] list[10] : 1004-1005-1006-1021-1022-1007-1167-1168-1169-110
[2026-08-11 16:51:15.617694] [INFO] [path_server] 노드 업데이트 : [1005] ➜ [1006]
[2026-08-11 16:51:15.697627] [INFO] [path_server] 새로운 경로 설정 : path[1005 ➜ 110] time[0s] dist[12m] list[9] : 1005-1006-1021-1022-1007-1167-1168-1169-110
[2026-08-11 16:51:16.376413] [INFO] [path_server] 노드 업데이트 : [1006] ➜ [1021]
[2026-08-11 16:51:16.436320] [INFO] [path_server] 새로운 경로 설정 : path[1006 ➜ 110] time[0s] dist[10.5m] list[8] : 1006-1021-1022-1007-1167-1168-1169-110
[2026-08-11 16:51:17.115126] [INFO] [path_server] 노드 업데이트 : [1021] ➜ [1022]
[2026-08-11 16:51:17.195044] [INFO] [path_server] 새로운 경로 설정 : path[1021 ➜ 110] time[0s] dist[9.00003m] list[7] : 1021-1022-1007-1167-1168-1169-110
[2026-08-11 16:51:18.452675] [INFO] [path_server] 노드 업데이트 : [1022] ➜ [1007]
[2026-08-11 16:51:18.532550] [INFO] [path_server] 새로운 경로 설정 : path[1022 ➜ 110] time[0s] dist[7.50003m] list[6] : 1022-1007-1167-1168-1169-110
[2026-08-11 16:51:21.806198] [INFO] [path_server] 노드 업데이트 : [1007] ➜ [1167]
[2026-08-11 16:51:21.886064] [INFO] [path_server] 새로운 경로 설정 : path[1007 ➜ 110] time[0s] dist[6.00003m] list[5] : 1007-1167-1168-1169-110
[2026-08-11 16:51:22.943960] [INFO] [path_server] 노드 업데이트 : [1167] ➜ [1168]
[2026-08-11 16:51:23.023801] [INFO] [path_server] 새로운 경로 설정 : path[1167 ➜ 110] time[0s] dist[4.50003m] list[4] : 1167-1168-1169-110
[2026-08-11 16:51:23.762244] [INFO] [path_server] 노드 업데이트 : [1168] ➜ [1169]
[2026-08-11 16:51:23.842151] [INFO] [path_server] 새로운 경로 설정 : path[1168 ➜ 110] time[0s] dist[3.00003m] list[3] : 1168-1169-110
[2026-08-11 16:51:25.179560] [INFO] [path_server] 노드 업데이트 : [1169] ➜ [110]
[2026-08-11 16:51:25.239458] [INFO] [path_server] 새로운 경로 설정 : path[1169 ➜ 110] time[0s] dist[1.50003m] list[2] : 1169-110
[2026-08-11 16:51:30.711568] [INFO] [path_server] 노드 업데이트 : [110] ➜ [-1]
[2026-08-11 16:51:33.614010] [INFO] [course_tracker] 목적지에서 각도 정렬 : [22.000m 15.990m 0.000°]
[2026-08-11 16:51:33.653868] [INFO] [path_server] 노드 업데이트 : [110] ➜ [-1]
[2026-08-11 16:51:33.673870] [INFO] [task::fsm] push_done
[2026-08-11 16:51:33.733744] [INFO] [task::fsm] charging
[2026-08-11 16:51:33.733753] [INFO] [power_system] 충전 프로세스 시작
[2026-08-11 16:51:33.733770] [INFO] [health_monitor] [등록][100015, 100001] : 자동 충전 시작.
[2026-08-11 16:51:38.743420] [INFO] [health_monitor] [삭제][100015, 100001] : 자동 충전 시작.
[2026-08-11 16:51:55.930155] [INFO] [power_system] 충전 완료
[2026-08-11 16:51:55.930176] [INFO] [health_monitor] [등록][100015, 100003] : 자동 충전 해제 시작.
[2026-08-11 16:51:55.930173] [INFO] [health_monitor] [등록][100015, 100002] : 배터리 가득.
[2026-08-11 16:52:17.137016] [INFO] [framework] 프로그램 시작
[2026-08-11 16:52:17.137021] [WARNING] [framework] 프로그램 시작
[2026-08-11 16:52:17.137022] [CRITICAL] [framework] 프로그램 시작
[2026-08-11 16:52:17.137022] [INFO] [framework] 설정 파일 위치 : ../configs/robot_7
[2026-08-11 16:52:17.137178] [INFO] [framework] ID[0, 7], 이름[장세븐], 제어주기[20ms], 버젼[], 장소[우리집], 환경모드[simulation]
[2026-08-11 16:52:17.137204] [INFO] [mediator] 생성
[2026-08-11 16:52:17.137228] [INFO] [graph_manager] 생성
[2026-08-11 16:52:17.169316] [INFO] [stop_server] 생성
[2026-08-11 16:52:17.169345] [INFO] [health_monitor] 생성
[2026-08-11 16:52:17.169359] [INFO] [path_server] 생성
[2026-08-11 16:52:17.169376] [INFO] [course_manager] 생성
[2026-08-11 16:52:17.169390] [INFO] [task::fsm] 생성
[2026-08-11 16:52:17.169392] [INFO] [task::fsm] idle
[2026-08-11 16:52:17.169393] [INFO] [course_manager] 코스 삭제
[2026-08-11 16:52:17.169394] [INFO] [path_server] 경로 삭제
[2026-08-11 16:52:17.169407] [INFO] [task_manager] 생성
[2026-08-11 16:52:17.169519] [INFO] [mediator] connectors 생성
[2026-08-11 16:52:17.169535] [INFO] [fms] 생성
[2026-08-11 16:52:17.169536] [INFO] [fms] 통신 드라이버 생성
[2026-08-11 16:52:17.169821] [INFO] [motions] 생성
[2026-08-11 16:52:17.169843] [INFO] [localizers] 생성
[2026-08-11 16:52:17.169940] [INFO] [localizers] 파라미터 : 

[2026-08-11 16:52:17.169959] [INFO] [safety_plc] 생성
[2026-08-11 16:52:17.169972] [INFO] [load_handler] 생성
[2026-08-11 16:52:17.169988] [INFO] [power_system] 생성
[2026-08-11 16:52:17.170095] [INFO] [power_system] 설정 정보 : remaining[40%, 10%, 5%]
[2026-08-11 16:52:17.170546] [INFO] [power_system] 알람 목록 : 
 • [100015, 100001] [INFO] 자동 충전 시작.
 • [100015, 100002] [INFO] 배터리 가득.
 • [100015, 400001] [CRIT] 배터리 남은 양 - 위험
 • [100015, 300001] [ERROR] 배터리 남은 양 - 에러
 • [100015, 200001] [WARN] 배터리 남은 양 - 주의
 • [100015, 100004] [INFO] 자동 충전 해제 완료.
 • [100015, 100003] [INFO] 자동 충전 해제 시작.
[2026-08-11 16:52:17.170549] [INFO] [mediator] connector 의존성 주입
[2026-08-11 16:52:17.170558] [INFO] [mediator] any map 등록
[2026-08-11 16:52:17.170566] [INFO] [mediator] any collector 등록
[2026-08-11 16:52:17.170569] [INFO] [mediator] any collector 목록 검사
[2026-08-11 16:52:17.170615] [INFO] [framework] after init 실행
[2026-08-11 16:52:17.170837] [INFO] [course_tracker] 생성
[2026-08-11 16:52:17.170851] [INFO] [course_tracker] 파라미터 : 
◈ node_bound[0.020m, 0.150m, 0.005m]
 • approach[0.150m, 0.050m/s, -0.005m, -0.200m, 0.100m]
 • align[(10.000°, 5.000°/s), 50.000°, 30.000°/s), 0.800°, -0.100°]
◈ motion param : 
 • reference_angle[0.000°, 45.000°]
 • threshold_angle[15.000°, 20.000°, 170.000°]
 • threshold_error[0.300°, 5.000°]
 • normal[0.150m/s, 8.000, 0.800m/s, 0.500]
 • angle[0.150m/s, 1.500, 0.800m/s, 2.100]
 • protection_overshoot[0.100m/s, 0.900, 0.500m/s, 0.900]
 • speed_rotation[15.000°/s]
[2026-08-11 16:52:17.170853] [INFO] [framework] 제어 쓰레드 시작
[2026-08-11 16:52:17.170881] [INFO] [path_server] 노드 초기화 성공 : 로봇 좌표[22.003m 15.988m -179.523°] 최단 거리 노드[110] 거리(0.003741m)
[2026-08-11 16:52:29.146691] [INFO] [path_server] 새로운 경로 설정 : path[110 ➜ 201] time[0s] dist[27m] list[19] : 110-1169-1170-1171-1172-1091-1092-1093-1094-1095-1074-1075-1076-1018-1158-1159-1160-1161-201
[2026-08-11 16:52:29.146702] [INFO] [course_tracker] 방향 정렬 완료 
[2026-08-11 16:52:33.837567] [INFO] [path_server] 노드 업데이트 : [1169] ➜ [1170]
[2026-08-11 16:52:33.917496] [INFO] [path_server] 새로운 경로 설정 : path[1169 ➜ 201] time[0s] dist[25.5m] list[18] : 1169-1170-1171-1172-1091-1092-1093-1094-1095-1074-1075-1076-1018-1158-1159-1160-1161-201
[2026-08-11 16:52:37.530237] [INFO] [path_server] 노드 업데이트 : [1170] ➜ [1171]
[2026-08-11 16:52:37.610169] [INFO] [path_server] 새로운 경로 설정 : path[1170 ➜ 201] time[0s] dist[24m] list[17] : 1170-1171-1172-1091-1092-1093-1094-1095-1074-1075-1076-1018-1158-1159-1160-1161-201
[2026-08-11 16:52:38.647961] [INFO] [path_server] 노드 업데이트 : [1171] ➜ [1172]
[2026-08-11 16:52:38.707851] [INFO] [path_server] 새로운 경로 설정 : path[1171 ➜ 201] time[0s] dist[22.5m] list[16] : 1171-1172-1091-1092-1093-1094-1095-1074-1075-1076-1018-1158-1159-1160-1161-201
[2026-08-11 16:52:39.466262] [INFO] [path_server] 노드 업데이트 : [1172] ➜ [1091]
[2026-08-11 16:52:39.546140] [INFO] [path_server] 새로운 경로 설정 : path[1172 ➜ 201] time[0s] dist[21m] list[15] : 1172-1091-1092-1093-1094-1095-1074-1075-1076-1018-1158-1159-1160-1161-201
[2026-08-11 16:52:40.504066] [INFO] [path_server] 노드 업데이트 : [1091] ➜ [1092]
[2026-08-11 16:52:40.563995] [INFO] [path_server] 새로운 경로 설정 : path[1091 ➜ 201] time[0s] dist[19.5m] list[14] : 1091-1092-1093-1094-1095-1074-1075-1076-1018-1158-1159-1160-1161-201
[2026-08-11 16:52:43.777358] [INFO] [path_server] 노드 업데이트 : [1092] ➜ [1093]
[2026-08-11 16:52:43.857226] [INFO] [path_server] 새로운 경로 설정 : path[1092 ➜ 201] time[0s] dist[18m] list[13] : 1092-1093-1094-1095-1074-1075-1076-1018-1158-1159-1160-1161-201
[2026-08-11 16:52:45.014805] [INFO] [path_server] 노드 업데이트 : [1093] ➜ [1094]
[2026-08-11 16:52:45.094735] [INFO] [path_server] 새로운 경로 설정 : path[1093 ➜ 201] time[0s] dist[16.5m] list[12] : 1093-1094-1095-1074-1075-1076-1018-1158-1159-1160-1161-201
[2026-08-11 16:52:45.893090] [INFO] [path_server] 노드 업데이트 : [1094] ➜ [1095]
[2026-08-11 16:52:45.953004] [INFO] [path_server] 새로운 경로 설정 : path[1094 ➜ 201] time[0s] dist[15m] list[11] : 1094-1095-1074-1075-1076-1018-1158-1159-1160-1161-201
[2026-08-11 16:52:47.210443] [INFO] [path_server] 노드 업데이트 : [1095] ➜ [1074]
[2026-08-11 16:52:47.290336] [INFO] [path_server] 새로운 경로 설정 : path[1095 ➜ 201] time[0s] dist[13.5m] list[10] : 1095-1074-1075-1076-1018-1158-1159-1160-1161-201
[2026-08-11 16:52:50.544051] [INFO] [path_server] 노드 업데이트 : [1074] ➜ [1075]
[2026-08-11 16:52:50.603979] [INFO] [path_server] 새로운 경로 설정 : path[1074 ➜ 201] time[0s] dist[12m] list[9] : 1074-1075-1076-1018-1158-1159-1160-1161-201
[2026-08-11 16:52:51.681789] [INFO] [path_server] 노드 업데이트 : [1075] ➜ [1076]
[2026-08-11 16:52:51.741688] [INFO] [path_server] 새로운 경로 설정 : path[1075 ➜ 201] time[0s] dist[10.5m] list[8] : 1075-1076-1018-1158-1159-1160-1161-201
[2026-08-11 16:52:52.500164] [INFO] [path_server] 노드 업데이트 : [1076] ➜ [1018]
[2026-08-11 16:52:52.580053] [INFO] [path_server] 새로운 경로 설정 : path[1076 ➜ 201] time[0s] dist[9m] list[7] : 1076-1018-1158-1159-1160-1161-201
[2026-08-11 16:52:53.837553] [INFO] [path_server] 노드 업데이트 : [1018] ➜ [1158]
[2026-08-11 16:52:53.897457] [INFO] [path_server] 새로운 경로 설정 : path[1018 ➜ 201] time[0s] dist[7.5m] list[6] : 1018-1158-1159-1160-1161-201
[2026-08-11 16:52:57.211190] [INFO] [path_server] 노드 업데이트 : [1158] ➜ [1159]
[2026-08-11 16:52:57.291119] [INFO] [path_server] 새로운 경로 설정 : path[1158 ➜ 201] time[0s] dist[6m] list[5] : 1158-1159-1160-1161-201
[2026-08-11 16:52:58.328876] [INFO] [path_server] 노드 업데이트 : [1159] ➜ [1160]
[2026-08-11 16:52:58.388798] [INFO] [path_server] 새로운 경로 설정 : path[1159 ➜ 201] time[0s] dist[4.5m] list[4] : 1159-1160-1161-201
[2026-08-11 16:52:59.167232] [INFO] [path_server] 노드 업데이트 : [1160] ➜ [1161]
[2026-08-11 16:52:59.247140] [INFO] [path_server] 새로운 경로 설정 : path[1160 ➜ 201] time[0s] dist[3m] list[3] : 1160-1161-201
[2026-08-11 16:53:00.464634] [INFO] [path_server] 노드 업데이트 : [1161] ➜ [201]
[2026-08-11 16:53:00.524538] [INFO] [path_server] 새로운 경로 설정 : path[1161 ➜ 201] time[0s] dist[1.5m] list[2] : 1161-201
[2026-08-11 16:53:05.694332] [INFO] [path_server] 노드 업데이트 : [201] ➜ [-1]
[2026-08-11 16:53:08.588454] [INFO] [course_tracker] 목적지에서 각도 정렬 : [11.500m 14.500m 0.000°]
[2026-08-11 16:53:08.628318] [INFO] [path_server] 노드 업데이트 : [201] ➜ [-1]
[2026-08-11 16:53:08.648350] [INFO] [task::fsm] push_done
[2026-08-11 16:53:08.708209] [INFO] [task::fsm] idle
[2026-08-11 16:53:08.708216] [INFO] [course_manager] 코스 삭제
[2026-08-11 16:53:08.708229] [INFO] [path_server] 경로 삭제
[2026-08-11 16:53:13.797763] [INFO] [path_server] 새로운 경로 설정 : path[201 ➜ 103] time[0s] dist[39m] list[27] : 201-1161-1162-1163-1164-1165-1166-1109-1110-1111-1112-1113-1114-1115-1116-1117-1118-1119-1120-1121-1122-1123-1179-1180-1181-1182-103
[2026-08-11 16:53:18.688073] [INFO] [path_server] 노드 업데이트 : [1161] ➜ [1162]
[2026-08-11 16:53:18.768003] [INFO] [path_server] 새로운 경로 설정 : path[1161 ➜ 103] time[0s] dist[37.5m] list[26] : 1161-1162-1163-1164-1165-1166-1109-1110-1111-1112-1113-1114-1115-1116-1117-1118-1119-1120-1121-1122-1123-1179-1180-1181-1182-103
[2026-08-11 16:53:22.321025] [INFO] [path_server] 노드 업데이트 : [1162] ➜ [1163]
[2026-08-11 16:53:22.400972] [INFO] [path_server] 새로운 경로 설정 : path[1162 ➜ 103] time[0s] dist[36m] list[25] : 1162-1163-1164-1165-1166-1109-1110-1111-1112-1113-1114-1115-1116-1117-1118-1119-1120-1121-1122-1123-1179-1180-1181-1182-103
[2026-08-11 16:53:23.438812] [INFO] [path_server] 노드 업데이트 : [1163] ➜ [1164]
[2026-08-11 16:53:23.518749] [INFO] [path_server] 새로운 경로 설정 : path[1163 ➜ 103] time[0s] dist[34.5m] list[24] : 1163-1164-1165-1166-1109-1110-1111-1112-1113-1114-1115-1116-1117-1118-1119-1120-1121-1122-1123-1179-1180-1181-1182-103
[2026-08-11 16:53:24.257224] [INFO] [path_server] 노드 업데이트 : [1164] ➜ [1165]
[2026-08-11 16:53:24.317139] [INFO] [path_server] 새로운 경로 설정 : path[1164 ➜ 103] time[0s] dist[33m] list[23] : 1164-1165-1166-1109-1110-1111-1112-1113-1114-1115-1116-1117-1118-1119-1120-1121-1122-1123-1179-1180-1181-1182-103
[2026-08-11 16:53:25.015756] [INFO] [path_server] 노드 업데이트 : [1165] ➜ [1166]
[2026-08-11 16:53:25.095618] [INFO] [path_server] 새로운 경로 설정 : path[1165 ➜ 103] time[0s] dist[31.5m] list[22] : 1165-1166-1109-1110-1111-1112-1113-1114-1115-1116-1117-1118-1119-1120-1121-1122-1123-1179-1180-1181-1182-103
[2026-08-11 16:53:25.774203] [INFO] [path_server] 노드 업데이트 : [1166] ➜ [1109]
[2026-08-11 16:53:25.854129] [INFO] [path_server] 새로운 경로 설정 : path[1166 ➜ 103] time[0s] dist[30m] list[21] : 1166-1109-1110-1111-1112-1113-1114-1115-1116-1117-1118-1119-1120-1121-1122-1123-1179-1180-1181-1182-103
[2026-08-11 16:53:26.592586] [INFO] [path_server] 노드 업데이트 : [1109] ➜ [1110]
[2026-08-11 16:53:26.652526] [INFO] [path_server] 새로운 경로 설정 : path[1109 ➜ 103] time[0s] dist[28.5m] list[20] : 1109-1110-1111-1112-1113-1114-1115-1116-1117-1118-1119-1120-1121-1122-1123-1179-1180-1181-1182-103
[2026-08-11 16:53:30.245589] [INFO] [path_server] 노드 업데이트 : [1110] ➜ [1111]
[2026-08-11 16:53:30.305517] [INFO] [path_server] 새로운 경로 설정 : path[1110 ➜ 103] time[0s] dist[27m] list[19] : 1110-1111-1112-1113-1114-1115-1116-1117-1118-1119-1120-1121-1122-1123-1179-1180-1181-1182-103
[2026-08-11 16:53:31.603013] [INFO] [path_server] 노드 업데이트 : [1111] ➜ [1112]
[2026-08-11 16:53:31.682892] [INFO] [path_server] 새로운 경로 설정 : path[1111 ➜ 103] time[0s] dist[25.5m] list[18] : 1111-1112-1113-1114-1115-1116-1117-1118-1119-1120-1121-1122-1123-1179-1180-1181-1182-103
[2026-08-11 16:53:32.501268] [INFO] [path_server] 노드 업데이트 : [1112] ➜ [1113]
[2026-08-11 16:53:32.581150] [INFO] [path_server] 새로운 경로 설정 : path[1112 ➜ 103] time[0s] dist[24m] list[17] : 1112-1113-1114-1115-1116-1117-1118-1119-1120-1121-1122-1123-1179-1180-1181-1182-103
[2026-08-11 16:53:33.259740] [INFO] [path_server] 노드 업데이트 : [1113] ➜ [1114]
[2026-08-11 16:53:33.339678] [INFO] [path_server] 새로운 경로 설정 : path[1113 ➜ 103] time[0s] dist[22.5m] list[16] : 1113-1114-1115-1116-1117-1118-1119-1120-1121-1122-1123-1179-1180-1181-1182-103
[2026-08-11 16:53:33.998333] [INFO] [path_server] 노드 업데이트 : [1114] ➜ [1115]
[2026-08-11 16:53:34.078188] [INFO] [path_server] 새로운 경로 설정 : path[1114 ➜ 103] time[0s] dist[21m] list[15] : 1114-1115-1116-1117-1118-1119-1120-1121-1122-1123-1179-1180-1181-1182-103
[2026-08-11 16:53:34.756838] [INFO] [path_server] 노드 업데이트 : [1115] ➜ [1116]
[2026-08-11 16:53:34.836760] [INFO] [path_server] 새로운 경로 설정 : path[1115 ➜ 103] time[0s] dist[19.5m] list[14] : 1115-1116-1117-1118-1119-1120-1121-1122-1123-1179-1180-1181-1182-103
[2026-08-11 16:53:35.495490] [INFO] [path_server] 노드 업데이트 : [1116] ➜ [1117]
[2026-08-11 16:53:35.555416] [INFO] [path_server] 새로운 경로 설정 : path[1116 ➜ 103] time[0s] dist[18m] list[13] : 1116-1117-1118-1119-1120-1121-1122-1123-1179-1180-1181-1182-103
[2026-08-11 16:53:36.253968] [INFO] [path_server] 노드 업데이트 : [1117] ➜ [1118]
[2026-08-11 16:53:36.333809] [INFO] [path_server] 새로운 경로 설정 : path[1117 ➜ 103] time[0s] dist[16.5m] list[12] : 1117-1118-1119-1120-1121-1122-1123-1179-1180-1181-1182-103
[2026-08-11 16:53:36.992463] [INFO] [path_server] 노드 업데이트 : [1118] ➜ [1119]
[2026-08-11 16:53:37.052390] [INFO] [path_server] 새로운 경로 설정 : path[1118 ➜ 103] time[0s] dist[15m] list[11] : 1118-1119-1120-1121-1122-1123-1179-1180-1181-1182-103
[2026-08-11 16:53:37.750992] [INFO] [path_server] 노드 업데이트 : [1119] ➜ [1120]
[2026-08-11 16:53:37.830842] [INFO] [path_server] 새로운 경로 설정 : path[1119 ➜ 103] time[0s] dist[13.5m] list[10] : 1119-1120-1121-1122-1123-1179-1180-1181-1182-103
[2026-08-11 16:53:38.589251] [INFO] [path_server] 노드 업데이트 : [1120] ➜ [1121]
[2026-08-11 16:53:38.669099] [INFO] [path_server] 새로운 경로 설정 : path[1120 ➜ 103] time[0s] dist[12m] list[9] : 1120-1121-1122-1123-1179-1180-1181-1182-103
[2026-08-11 16:53:42.242180] [INFO] [path_server] 노드 업데이트 : [1121] ➜ [1122]
[2026-08-11 16:53:42.322022] [INFO] [path_server] 새로운 경로 설정 : path[1121 ➜ 103] time[0s] dist[10.5m] list[8] : 1121-1122-1123-1179-1180-1181-1182-103
[2026-08-11 16:53:43.599438] [INFO] [path_server] 노드 업데이트 : [1122] ➜ [1123]
[2026-08-11 16:53:43.679353] [INFO] [path_server] 새로운 경로 설정 : path[1122 ➜ 103] time[0s] dist[9m] list[7] : 1122-1123-1179-1180-1181-1182-103
[2026-08-11 16:53:44.657389] [INFO] [path_server] 노드 업데이트 : [1123] ➜ [1179]
[2026-08-11 16:53:44.717289] [INFO] [path_server] 새로운 경로 설정 : path[1123 ➜ 103] time[0s] dist[7.5m] list[6] : 1123-1179-1180-1181-1182-103
[2026-08-11 16:53:47.970971] [INFO] [path_server] 노드 업데이트 : [1179] ➜ [1180]
[2026-08-11 16:53:48.050815] [INFO] [path_server] 새로운 경로 설정 : path[1179 ➜ 103] time[0s] dist[6m] list[5] : 1179-1180-1181-1182-103
[2026-08-11 16:53:49.208715] [INFO] [path_server] 노드 업데이트 : [1180] ➜ [1181]
[2026-08-11 16:53:49.288616] [INFO] [path_server] 새로운 경로 설정 : path[1180 ➜ 103] time[0s] dist[4.5m] list[4] : 1180-1181-1182-103
[2026-08-11 16:53:50.087045] [INFO] [path_server] 노드 업데이트 : [1181] ➜ [1182]
[2026-08-11 16:53:50.146970] [INFO] [path_server] 새로운 경로 설정 : path[1181 ➜ 103] time[0s] dist[3m] list[3] : 1181-1182-103
[2026-08-11 16:53:51.404503] [INFO] [path_server] 노드 업데이트 : [1182] ➜ [103]
[2026-08-11 16:53:51.464407] [INFO] [path_server] 새로운 경로 설정 : path[1182 ➜ 103] time[0s] dist[1.5m] list[2] : 1182-103
[2026-08-11 16:53:56.614206] [INFO] [path_server] 노드 업데이트 : [103] ➜ [-1]
[2026-08-11 16:53:59.508456] [INFO] [course_tracker] 목적지에서 각도 정렬 : [5.500m 5.500m 0.000°]
[2026-08-11 16:53:59.548427] [INFO] [path_server] 노드 업데이트 : [103] ➜ [-1]
[2026-08-11 16:53:59.568327] [INFO] [task::fsm] push_done
[2026-08-11 16:53:59.628267] [INFO] [task::fsm] charging
[2026-08-11 16:53:59.628275] [INFO] [power_system] 충전 프로세스 시작
[2026-08-11 16:53:59.628302] [INFO] [health_monitor] [등록][100015, 100001] : 자동 충전 시작.
[2026-08-11 16:54:00.007593] [INFO] [path_server] 새로운 경로 설정 : path[103 ➜ 1037] time[0s] dist[27m] list[19] : 103-1182-1183-1184-1045-1046-1047-1048-1001-1002-1003-1004-1005-1010-1011-1012-1035-1036-1037
[2026-08-11 16:54:04.638612] [INFO] [health_monitor] [삭제][100015, 100001] : 자동 충전 시작.
[2026-08-11 16:54:07.174021] [INFO] [path_server] 노드 업데이트 : [1182] ➜ [1183]
[2026-08-11 16:54:07.253871] [INFO] [path_server] 새로운 경로 설정 : path[1182 ➜ 1037] time[0s] dist[25.5m] list[18] : 1182-1183-1184-1045-1046-1047-1048-1001-1002-1003-1004-1005-1010-1011-1012-1035-1036-1037
[2026-08-11 16:54:10.787034] [INFO] [path_server] 노드 업데이트 : [1183] ➜ [1184]
[2026-08-11 16:54:10.846929] [INFO] [path_server] 새로운 경로 설정 : path[1183 ➜ 1037] time[0s] dist[24m] list[17] : 1183-1184-1045-1046-1047-1048-1001-1002-1003-1004-1005-1010-1011-1012-1035-1036-1037
[2026-08-11 16:54:11.924645] [INFO] [path_server] 노드 업데이트 : [1184] ➜ [1045]
[2026-08-11 16:54:12.004697] [INFO] [path_server] 새로운 경로 설정 : path[1184 ➜ 1037] time[0s] dist[22.5m] list[16] : 1184-1045-1046-1047-1048-1001-1002-1003-1004-1005-1010-1011-1012-1035-1036-1037
[2026-08-11 16:54:13.262627] [INFO] [path_server] 노드 업데이트 : [1045] ➜ [1046]
[2026-08-11 16:54:13.342484] [INFO] [path_server] 새로운 경로 설정 : path[1045 ➜ 1037] time[0s] dist[21m] list[15] : 1045-1046-1047-1048-1001-1002-1003-1004-1005-1010-1011-1012-1035-1036-1037
[2026-08-11 16:54:16.596026] [INFO] [path_server] 노드 업데이트 : [1046] ➜ [1047]
[2026-08-11 16:54:16.675943] [INFO] [path_server] 새로운 경로 설정 : path[1046 ➜ 1037] time[0s] dist[19.5m] list[14] : 1046-1047-1048-1001-1002-1003-1004-1005-1010-1011-1012-1035-1036-1037
[2026-08-11 16:54:17.733926] [INFO] [path_server] 노드 업데이트 : [1047] ➜ [1048]
[2026-08-11 16:54:17.813861] [INFO] [path_server] 새로운 경로 설정 : path[1047 ➜ 1037] time[0s] dist[18m] list[13] : 1047-1048-1001-1002-1003-1004-1005-1010-1011-1012-1035-1036-1037
[2026-08-11 16:54:18.552686] [INFO] [path_server] 노드 업데이트 : [1048] ➜ [1001]
[2026-08-11 16:54:18.612601] [INFO] [path_server] 새로운 경로 설정 : path[1048 ➜ 1037] time[0s] dist[16.5m] list[12] : 1048-1001-1002-1003-1004-1005-1010-1011-1012-1035-1036-1037
[2026-08-11 16:54:19.311500] [INFO] [path_server] 노드 업데이트 : [1001] ➜ [1002]
[2026-08-11 16:54:19.391364] [INFO] [path_server] 새로운 경로 설정 : path[1001 ➜ 1037] time[0s] dist[15m] list[11] : 1001-1002-1003-1004-1005-1010-1011-1012-1035-1036-1037
[2026-08-11 16:54:20.050166] [INFO] [path_server] 노드 업데이트 : [1002] ➜ [1003]
[2026-08-11 16:54:20.110049] [INFO] [path_server] 새로운 경로 설정 : path[1002 ➜ 1037] time[0s] dist[13.5m] list[10] : 1002-1003-1004-1005-1010-1011-1012-1035-1036-1037
[2026-08-11 16:54:20.808828] [INFO] [path_server] 노드 업데이트 : [1003] ➜ [1004]
[2026-08-11 16:54:20.888708] [INFO] [path_server] 새로운 경로 설정 : path[1003 ➜ 1037] time[0s] dist[12m] list[9] : 1003-1004-1005-1010-1011-1012-1035-1036-1037
[2026-08-11 16:54:21.567380] [INFO] [path_server] 노드 업데이트 : [1004] ➜ [1005]
[2026-08-11 16:54:21.647325] [INFO] [path_server] 새로운 경로 설정 : path[1004 ➜ 1037] time[0s] dist[10.5m] list[8] : 1004-1005-1010-1011-1012-1035-1036-1037
[2026-08-11 16:54:22.865004] [INFO] [path_server] 노드 업데이트 : [1005] ➜ [1010]
[2026-08-11 16:54:22.924910] [INFO] [path_server] 새로운 경로 설정 : path[1005 ➜ 1037] time[0s] dist[9m] list[7] : 1005-1010-1011-1012-1035-1036-1037
[2026-08-11 16:54:25.938852] [INFO] [path_server] 노드 업데이트 : [1010] ➜ [1011]
[2026-08-11 16:54:26.018768] [INFO] [path_server] 새로운 경로 설정 : path[1010 ➜ 1037] time[0s] dist[7.5m] list[6] : 1010-1011-1012-1035-1036-1037
[2026-08-11 16:54:29.312382] [INFO] [path_server] 노드 업데이트 : [1011] ➜ [1012]
[2026-08-11 16:54:29.372260] [INFO] [path_server] 새로운 경로 설정 : path[1011 ➜ 1037] time[0s] dist[6m] list[5] : 1011-1012-1035-1036-1037
[2026-08-11 16:54:30.450176] [INFO] [path_server] 노드 업데이트 : [1012] ➜ [1035]
[2026-08-11 16:54:30.510072] [INFO] [path_server] 새로운 경로 설정 : path[1012 ➜ 1037] time[0s] dist[4.5m] list[4] : 1012-1035-1036-1037
[2026-08-11 16:54:31.268817] [INFO] [path_server] 노드 업데이트 : [1035] ➜ [1036]
[2026-08-11 16:54:31.348613] [INFO] [path_server] 새로운 경로 설정 : path[1035 ➜ 1037] time[0s] dist[3m] list[3] : 1035-1036-1037
[2026-08-11 16:54:32.027315] [INFO] [path_server] 노드 업데이트 : [1036] ➜ [1037]
[2026-08-11 16:54:32.107234] [INFO] [path_server] 새로운 경로 설정 : path[1036 ➜ 1037] time[0s] dist[1.5m] list[2] : 1036-1037
[2026-08-11 16:54:34.243217] [INFO] [path_server] 노드 업데이트 : [1037] ➜ [-1]
[2026-08-11 16:54:37.137769] [INFO] [course_tracker] 목적지에서 각도 정렬 : [11.500m 11.500m 0.000°]
[2026-08-11 16:54:37.437198] [INFO] [path_server] 노드 업데이트 : [1037] ➜ [-1]
[2026-08-11 16:54:37.457164] [INFO] [task::fsm] push_done
[2026-08-11 16:54:37.517103] [INFO] [course_manager] 코스 삭제
[2026-08-11 16:54:37.517090] [INFO] [task::fsm] idle
[2026-08-11 16:54:37.517106] [INFO] [path_server] 경로 삭제
[2026-08-11 16:54:42.627187] [INFO] [path_server] 새로운 경로 설정 : path[1037 ➜ 204] time[0s] dist[18m] list[13] : 1037-1038-1039-1040-1041-1042-1112-1113-1114-1115-1116-1117-204
[2026-08-11 16:54:43.665061] [INFO] [health_monitor] [등록][100015, 200001] : 배터리 남은 양 - 주의
[2026-08-11 16:54:44.962491] [INFO] [path_server] 노드 업데이트 : [1038] ➜ [1039]
[2026-08-11 16:54:45.042426] [INFO] [path_server] 새로운 경로 설정 : path[1038 ➜ 204] time[0s] dist[16.5m] list[12] : 1038-1039-1040-1041-1042-1112-1113-1114-1115-1116-1117-204
[2026-08-11 16:54:46.020408] [INFO] [path_server] 노드 업데이트 : [1039] ➜ [1040]
[2026-08-11 16:54:46.100362] [INFO] [path_server] 새로운 경로 설정 : path[1039 ➜ 204] time[0s] dist[15m] list[11] : 1039-1040-1041-1042-1112-1113-1114-1115-1116-1117-204
[2026-08-11 16:54:46.819055] [INFO] [path_server] 노드 업데이트 : [1040] ➜ [1041]
[2026-08-11 16:54:46.898947] [INFO] [path_server] 새로운 경로 설정 : path[1040 ➜ 204] time[0s] dist[13.5m] list[10] : 1040-1041-1042-1112-1113-1114-1115-1116-1117-204
[2026-08-11 16:54:47.577528] [INFO] [path_server] 노드 업데이트 : [1041] ➜ [1042]
[2026-08-11 16:54:47.657466] [INFO] [path_server] 새로운 경로 설정 : path[1041 ➜ 204] time[0s] dist[12m] list[9] : 1041-1042-1112-1113-1114-1115-1116-1117-204
[2026-08-11 16:54:48.316145] [INFO] [path_server] 노드 업데이트 : [1042] ➜ [1112]
[2026-08-11 16:54:48.395994] [INFO] [path_server] 새로운 경로 설정 : path[1042 ➜ 204] time[0s] dist[10.5m] list[8] : 1042-1112-1113-1114-1115-1116-1117-204
[2026-08-11 16:54:49.633479] [INFO] [path_server] 노드 업데이트 : [1112] ➜ [1113]
[2026-08-11 16:54:49.693412] [INFO] [path_server] 새로운 경로 설정 : path[1112 ➜ 204] time[0s] dist[9m] list[7] : 1112-1113-1114-1115-1116-1117-204
[2026-08-11 16:54:52.986949] [INFO] [path_server] 노드 업데이트 : [1113] ➜ [1114]
[2026-08-11 16:54:53.046864] [INFO] [path_server] 새로운 경로 설정 : path[1113 ➜ 204] time[0s] dist[7.5m] list[6] : 1113-1114-1115-1116-1117-204
[2026-08-11 16:54:54.124895] [INFO] [path_server] 노드 업데이트 : [1114] ➜ [1115]
[2026-08-11 16:54:54.184805] [INFO] [path_server] 새로운 경로 설정 : path[1114 ➜ 204] time[0s] dist[6m] list[5] : 1114-1115-1116-1117-204
[2026-08-11 16:54:54.943242] [INFO] [path_server] 노드 업데이트 : [1115] ➜ [1116]
[2026-08-11 16:54:55.023106] [INFO] [path_server] 새로운 경로 설정 : path[1115 ➜ 204] time[0s] dist[4.5m] list[4] : 1115-1116-1117-204
[2026-08-11 16:54:55.701590] [INFO] [path_server] 노드 업데이트 : [1116] ➜ [1117]
[2026-08-11 16:54:55.781506] [INFO] [path_server] 새로운 경로 설정 : path[1116 ➜ 204] time[0s] dist[3m] list[3] : 1116-1117-204
[2026-08-11 16:54:57.018867] [INFO] [path_server] 노드 업데이트 : [1117] ➜ [204]
[2026-08-11 16:54:57.098765] [INFO] [path_server] 새로운 경로 설정 : path[1117 ➜ 204] time[0s] dist[1.5m] list[2] : 1117-204
[2026-08-11 16:55:02.248677] [INFO] [path_server] 노드 업데이트 : [204] ➜ [-1]
[2026-08-11 16:55:05.143093] [INFO] [course_tracker] 목적지에서 각도 정렬 : [1.000m 4.000m 0.000°]
[2026-08-11 16:55:05.183056] [INFO] [path_server] 노드 업데이트 : [204] ➜ [-1]
[2026-08-11 16:55:05.202955] [INFO] [task::fsm] push_done
[2026-08-11 16:55:05.242921] [INFO] [task::fsm] idle
[2026-08-11 16:55:05.242928] [INFO] [path_server] 경로 삭제
[2026-08-11 16:55:05.242926] [INFO] [course_manager] 코스 삭제
[2026-08-11 16:56:47.780869] [INFO] [path_server] 새로운 경로 설정 : path[204 ➜ 104] time[0s] dist[16.5m] list[12] : 204-1117-1118-1119-1120-1121-1122-1123-1179-1180-1181-104
[2026-08-11 16:56:52.671571] [INFO] [path_server] 노드 업데이트 : [1117] ➜ [1118]
[2026-08-11 16:56:52.771399] [INFO] [path_server] 새로운 경로 설정 : path[1117 ➜ 104] time[0s] dist[15m] list[11] : 1117-1118-1119-1120-1121-1122-1123-1179-1180-1181-104
[2026-08-11 16:56:56.303917] [INFO] [path_server] 노드 업데이트 : [1118] ➜ [1119]
[2026-08-11 16:56:56.383784] [INFO] [path_server] 새로운 경로 설정 : path[1118 ➜ 104] time[0s] dist[13.5m] list[10] : 1118-1119-1120-1121-1122-1123-1179-1180-1181-104
[2026-08-11 16:56:57.421585] [INFO] [path_server] 노드 업데이트 : [1119] ➜ [1120]
[2026-08-11 16:56:57.501550] [INFO] [path_server] 새로운 경로 설정 : path[1119 ➜ 104] time[0s] dist[12m] list[9] : 1119-1120-1121-1122-1123-1179-1180-1181-104
[2026-08-11 16:56:58.280156] [INFO] [path_server] 노드 업데이트 : [1120] ➜ [1121]
[2026-08-11 16:56:58.360044] [INFO] [path_server] 새로운 경로 설정 : path[1120 ➜ 104] time[0s] dist[10.5m] list[8] : 1120-1121-1122-1123-1179-1180-1181-104
[2026-08-11 16:57:01.972804] [INFO] [path_server] 노드 업데이트 : [1121] ➜ [1122]
[2026-08-11 16:57:02.052695] [INFO] [path_server] 새로운 경로 설정 : path[1121 ➜ 104] time[0s] dist[9m] list[7] : 1121-1122-1123-1179-1180-1181-104
[2026-08-11 16:57:03.330167] [INFO] [path_server] 노드 업데이트 : [1122] ➜ [1123]
[2026-08-11 16:57:03.390084] [INFO] [path_server] 새로운 경로 설정 : path[1122 ➜ 104] time[0s] dist[7.5m] list[6] : 1122-1123-1179-1180-1181-104
[2026-08-11 16:57:04.388011] [INFO] [path_server] 노드 업데이트 : [1123] ➜ [1179]
[2026-08-11 16:57:04.467837] [INFO] [path_server] 새로운 경로 설정 : path[1123 ➜ 104] time[0s] dist[6m] list[5] : 1123-1179-1180-1181-104
[2026-08-11 16:57:07.701258] [INFO] [path_server] 노드 업데이트 : [1179] ➜ [1180]
[2026-08-11 16:57:07.781170] [INFO] [path_server] 새로운 경로 설정 : path[1179 ➜ 104] time[0s] dist[4.5m] list[4] : 1179-1180-1181-104
[2026-08-11 16:57:08.938772] [INFO] [path_server] 노드 업데이트 : [1180] ➜ [1181]
[2026-08-11 16:57:08.998667] [INFO] [path_server] 새로운 경로 설정 : path[1180 ➜ 104] time[0s] dist[3m] list[3] : 1180-1181-104
[2026-08-11 16:57:10.276310] [INFO] [path_server] 노드 업데이트 : [1181] ➜ [104]
[2026-08-11 16:57:10.356222] [INFO] [path_server] 새로운 경로 설정 : path[1181 ➜ 104] time[0s] dist[1.5m] list[2] : 1181-104
[2026-08-11 16:57:15.465605] [INFO] [path_server] 노드 업데이트 : [104] ➜ [-1]
[2026-08-11 16:57:18.360032] [INFO] [course_tracker] 목적지에서 각도 정렬 : [5.500m 4.000m 0.000°]
[2026-08-11 16:57:18.399902] [INFO] [path_server] 노드 업데이트 : [104] ➜ [-1]
[2026-08-11 16:57:18.419902] [INFO] [task::fsm] push_done
[2026-08-11 16:57:18.479794] [INFO] [task::fsm] charging
[2026-08-11 16:57:18.479803] [INFO] [power_system] 충전 프로세스 시작
[2026-08-11 16:57:18.479826] [INFO] [health_monitor] [등록][100015, 100001] : 자동 충전 시작.
[2026-08-11 16:57:23.489908] [INFO] [health_monitor] [삭제][100015, 100001] : 자동 충전 시작.
[2026-08-11 16:57:34.328076] [INFO] [health_monitor] [삭제][100015, 200001] : 배터리 남은 양 - 주의
[2026-08-11 16:57:58.320528] [INFO] [power_system] 충전 완료
[2026-08-11 16:57:58.320548] [INFO] [health_monitor] [등록][100015, 100003] : 자동 충전 해제 시작.
[2026-08-11 16:57:58.320545] [INFO] [health_monitor] [등록][100015, 100002] : 배터리 가득.
[2026-08-11 16:58:03.330255] [INFO] [health_monitor] [삭제][100015, 100002] : 배터리 가득.
[2026-08-11 16:58:03.330264] [INFO] [health_monitor] [삭제][100015, 100003] : 자동 충전 해제 시작.
[2026-08-11 16:58:03.350186] [INFO] [power_system] 충전 해제 완료
[2026-08-11 16:58:03.350198] [INFO] [health_monitor] [등록][100015, 100004] : 자동 충전 해제 완료.
[2026-08-11 16:58:03.370083] [INFO] [task::fsm] discharging
[2026-08-11 16:58:03.370092] [INFO] [power_system] 충전 해제 프로세스 시작
[2026-08-11 16:58:03.370100] [INFO] [health_monitor] [등록][100015, 100003] : 자동 충전 해제 시작.
[2026-08-11 16:58:03.390102] [INFO] [task::fsm] idle
[2026-08-11 16:58:03.390109] [INFO] [course_manager] 코스 삭제
[2026-08-11 16:58:03.390111] [INFO] [path_server] 경로 삭제
[2026-08-11 16:58:03.430032] [INFO] [task::fsm] idle
[2026-08-11 16:58:03.430039] [INFO] [path_server] 경로 삭제
[2026-08-11 16:58:03.430037] [INFO] [course_manager] 코스 삭제
[2026-08-11 16:58:08.359641] [INFO] [health_monitor] [삭제][100015, 100004] : 자동 충전 해제 완료.
[2026-08-11 16:58:08.379550] [INFO] [health_monitor] [삭제][100015, 100003] : 자동 충전 해제 시작.
[2026-08-11 16:59:58.426360] [INFO] [task::fsm] charging
[2026-08-11 16:59:58.426371] [INFO] [power_system] 충전 프로세스 시작
[2026-08-11 16:59:58.426387] [INFO] [health_monitor] [등록][100015, 100001] : 자동 충전 시작.
[2026-08-11 17:00:03.436264] [INFO] [health_monitor] [삭제][100015, 100001] : 자동 충전 시작.
[2026-08-11 17:00:11.800371] [INFO] [power_system] 충전 완료
[2026-08-11 17:00:11.800392] [INFO] [health_monitor] [등록][100015, 100003] : 자동 충전 해제 시작.
[2026-08-11 17:00:11.800389] [INFO] [health_monitor] [등록][100015, 100002] : 배터리 가득.
[2026-08-11 17:00:16.811642] [INFO] [health_monitor] [삭제][100015, 100002] : 배터리 가득.
[2026-08-11 17:00:16.811651] [INFO] [health_monitor] [삭제][100015, 100003] : 자동 충전 해제 시작.
[2026-08-11 17:00:16.831663] [INFO] [power_system] 충전 해제 완료
[2026-08-11 17:00:16.831678] [INFO] [health_monitor] [등록][100015, 100004] : 자동 충전 해제 완료.
[2026-08-11 17:00:16.851616] [INFO] [task::fsm] discharging
[2026-08-11 17:00:16.851624] [INFO] [power_system] 충전 해제 프로세스 시작
[2026-08-11 17:00:16.851632] [INFO] [health_monitor] [등록][100015, 100003] : 자동 충전 해제 시작.
[2026-08-11 17:00:16.871554] [INFO] [task::fsm] idle
[2026-08-11 17:00:16.871560] [INFO] [course_manager] 코스 삭제
[2026-08-11 17:00:16.871562] [INFO] [path_server] 경로 삭제
[2026-08-11 17:00:16.911541] [INFO] [task::fsm] idle
[2026-08-11 17:00:16.911549] [INFO] [path_server] 경로 삭제
[2026-08-11 17:00:16.911547] [INFO] [course_manager] 코스 삭제
[2026-08-11 17:00:21.842192] [INFO] [health_monitor] [삭제][100015, 100004] : 자동 충전 해제 완료.
[2026-08-11 17:00:21.862201] [INFO] [health_monitor] [삭제][100015, 100003] : 자동 충전 해제 시작.
[2026-08-11 17:02:11.927769] [INFO] [task::fsm] charging
[2026-08-11 17:02:11.927775] [INFO] [power_system] 충전 프로세스 시작
[2026-08-11 17:02:11.927787] [INFO] [health_monitor] [등록][100015, 100001] : 자동 충전 시작.
[2026-08-11 17:02:16.937879] [INFO] [health_monitor] [삭제][100015, 100001] : 자동 충전 시작.
[2026-08-11 17:02:25.302945] [INFO] [power_system] 충전 완료
[2026-08-11 17:02:25.302963] [INFO] [health_monitor] [등록][100015, 100002] : 배터리 가득.
[2026-08-11 17:02:25.302966] [INFO] [health_monitor] [등록][100015, 100003] : 자동 충전 해제 시작.
[2026-08-11 17:02:30.313328] [INFO] [health_monitor] [삭제][100015, 100002] : 배터리 가득.
[2026-08-11 17:02:30.313335] [INFO] [health_monitor] [삭제][100015, 100003] : 자동 충전 해제 시작.
[2026-08-11 17:02:30.333242] [INFO] [power_system] 충전 해제 완료
[2026-08-11 17:02:30.333258] [INFO] [health_monitor] [등록][100015, 100004] : 자동 충전 해제 완료.
[2026-08-11 17:02:30.353275] [INFO] [task::fsm] discharging
[2026-08-11 17:02:30.353288] [INFO] [power_system] 충전 해제 프로세스 시작
[2026-08-11 17:02:30.353306] [INFO] [health_monitor] [등록][100015, 100003] : 자동 충전 해제 시작.
[2026-08-11 17:02:30.373218] [INFO] [task::fsm] idle
[2026-08-11 17:02:30.373222] [INFO] [course_manager] 코스 삭제
[2026-08-11 17:02:30.373223] [INFO] [path_server] 경로 삭제
[2026-08-11 17:02:30.413127] [INFO] [task::fsm] idle
[2026-08-11 17:02:30.413133] [INFO] [course_manager] 코스 삭제
[2026-08-11 17:02:30.413134] [INFO] [path_server] 경로 삭제
[2026-08-11 17:02:35.342803] [INFO] [health_monitor] [삭제][100015, 100004] : 자동 충전 해제 완료.
[2026-08-11 17:02:35.362814] [INFO] [health_monitor] [삭제][100015, 100003] : 자동 충전 해제 시작.
[2026-08-11 17:03:34.363917] [INFO] [framework] 프로그램 시작
[2026-08-11 17:03:34.363922] [WARNING] [framework] 프로그램 시작
[2026-08-11 17:03:34.363926] [INFO] [framework] 설정 파일 위치 : ../configs/robot_7
[2026-08-11 17:03:34.363925] [CRITICAL] [framework] 프로그램 시작
[2026-08-11 17:03:34.364123] [INFO] [framework] ID[0, 7], 이름[장세븐], 제어주기[20ms], 버젼[], 장소[우리집], 환경모드[simulation]
[2026-08-11 17:03:34.364154] [INFO] [mediator] 생성
[2026-08-11 17:03:34.364185] [INFO] [graph_manager] 생성
[2026-08-11 17:03:34.389631] [INFO] [stop_server] 생성
[2026-08-11 17:03:34.389661] [INFO] [health_monitor] 생성
[2026-08-11 17:03:34.389687] [INFO] [path_server] 생성
[2026-08-11 17:03:34.389703] [INFO] [course_manager] 생성
[2026-08-11 17:03:34.389715] [INFO] [task::fsm] 생성
[2026-08-11 17:03:34.389716] [INFO] [task::fsm] idle
[2026-08-11 17:03:34.389730] [INFO] [course_manager] 코스 삭제
[2026-08-11 17:03:34.389736] [INFO] [path_server] 경로 삭제
[2026-08-11 17:03:34.389751] [INFO] [task_manager] 생성
[2026-08-11 17:03:34.389862] [INFO] [mediator] connectors 생성
[2026-08-11 17:03:34.389880] [INFO] [fms] 생성
[2026-08-11 17:03:34.389882] [INFO] [fms] 통신 드라이버 생성
[2026-08-11 17:03:34.390170] [INFO] [motions] 생성
[2026-08-11 17:03:34.390189] [INFO] [localizers] 생성
[2026-08-11 17:03:34.390287] [INFO] [localizers] 파라미터 : 

[2026-08-11 17:03:34.390303] [INFO] [safety_plc] 생성
[2026-08-11 17:03:34.390324] [INFO] [load_handler] 생성
[2026-08-11 17:03:34.390338] [INFO] [power_system] 생성
[2026-08-11 17:03:34.390441] [INFO] [power_system] 설정 정보 : remaining[40%, 10%, 5%]
[2026-08-11 17:03:34.390878] [INFO] [power_system] 알람 목록 : 
 • [100015, 100001] [INFO] 자동 충전 시작.
 • [100015, 100002] [INFO] 배터리 가득.
 • [100015, 400001] [CRIT] 배터리 남은 양 - 위험
 • [100015, 300001] [ERROR] 배터리 남은 양 - 에러
 • [100015, 200001] [WARN] 배터리 남은 양 - 주의
 • [100015, 100004] [INFO] 자동 충전 해제 완료.
 • [100015, 100003] [INFO] 자동 충전 해제 시작.
[2026-08-11 17:03:34.390882] [INFO] [mediator] connector 의존성 주입
[2026-08-11 17:03:34.390890] [INFO] [mediator] any map 등록
[2026-08-11 17:03:34.390897] [INFO] [mediator] any collector 등록
[2026-08-11 17:03:34.390900] [INFO] [mediator] any collector 목록 검사
[2026-08-11 17:03:34.390946] [INFO] [framework] after init 실행
[2026-08-11 17:03:34.391207] [INFO] [course_tracker] 생성
[2026-08-11 17:03:34.391226] [INFO] [course_tracker] 파라미터 : 
◈ node_bound[0.020m, 0.150m, 0.005m]
 • approach[0.150m, 0.050m/s, -0.005m, -0.200m, 0.100m]
 • align[(10.000°, 5.000°/s), 50.000°, 30.000°/s), 0.800°, -0.100°]
◈ motion param : 
 • reference_angle[0.000°, 45.000°]
 • threshold_angle[15.000°, 20.000°, 170.000°]
 • threshold_error[0.300°, 5.000°]
 • normal[0.150m/s, 8.000, 0.800m/s, 0.500]
 • angle[0.150m/s, 1.500, 0.800m/s, 2.100]
 • protection_overshoot[0.100m/s, 0.900, 0.500m/s, 0.900]
 • speed_rotation[15.000°/s]
[2026-08-11 17:03:34.391229] [INFO] [framework] 제어 쓰레드 시작
[2026-08-11 17:03:34.391262] [INFO] [path_server] 노드 초기화 성공 : 로봇 좌표[5.504m 3.998m -179.406°] 최단 거리 노드[104] 거리(0.004208m)
[2026-08-11 17:03:40.659871] [INFO] [path_server] 새로운 경로 설정 : path[104 ➜ 206] time[0s] dist[31.5m] list[22] : 104-1181-1182-1183-1184-1045-1046-1047-1048-1001-1002-1003-1004-1013-1049-1050-1014-1201-1200-1202-1203-206
[2026-08-11 17:03:40.659887] [INFO] [course_tracker] 방향 정렬 완료 
[2026-08-11 17:03:40.759669] [INFO] [path_server] 새로운 경로 설정 : path[1181 ➜ 202] time[0s] dist[31.5m] list[23] : 104-1181-1182-1183-1184-1045-1046-1047-1048-1001-1002-1003-1004-1005-1010-1017-1063-1064-1018-1158-1159-1160-202
[2026-08-11 17:03:47.825533] [INFO] [path_server] 노드 업데이트 : [1181] ➜ [1182]
[2026-08-11 17:03:47.885457] [INFO] [path_server] 새로운 경로 설정 : path[1181 ➜ 202] time[0s] dist[31.5m] list[22] : 1181-1182-1183-1184-1045-1046-1047-1048-1001-1002-1003-1004-1005-1010-1017-1063-1064-1018-1158-1159-1160-202
[2026-08-11 17:03:51.438279] [INFO] [path_server] 노드 업데이트 : [1182] ➜ [1183]
[2026-08-11 17:03:51.518218] [INFO] [path_server] 새로운 경로 설정 : path[1182 ➜ 202] time[0s] dist[30m] list[21] : 1182-1183-1184-1045-1046-1047-1048-1001-1002-1003-1004-1005-1010-1017-1063-1064-1018-1158-1159-1160-202
[2026-08-11 17:03:52.576216] [INFO] [path_server] 노드 업데이트 : [1183] ➜ [1184]
[2026-08-11 17:03:52.656087] [INFO] [path_server] 새로운 경로 설정 : path[1183 ➜ 202] time[0s] dist[28.5m] list[20] : 1183-1184-1045-1046-1047-1048-1001-1002-1003-1004-1005-1010-1017-1063-1064-1018-1158-1159-1160-202
[2026-08-11 17:03:53.394599] [INFO] [path_server] 노드 업데이트 : [1184] ➜ [1045]
[2026-08-11 17:03:53.454580] [INFO] [path_server] 새로운 경로 설정 : path[1184 ➜ 202] time[0s] dist[27m] list[19] : 1184-1045-1046-1047-1048-1001-1002-1003-1004-1005-1010-1017-1063-1064-1018-1158-1159-1160-202
[2026-08-11 17:03:54.731944] [INFO] [path_server] 노드 업데이트 : [1045] ➜ [1046]
[2026-08-11 17:03:54.811854] [INFO] [path_server] 새로운 경로 설정 : path[1045 ➜ 202] time[0s] dist[25.5m] list[18] : 1045-1046-1047-1048-1001-1002-1003-1004-1005-1010-1017-1063-1064-1018-1158-1159-1160-202
[2026-08-11 17:03:58.065225] [INFO] [path_server] 노드 업데이트 : [1046] ➜ [1047]
[2026-08-11 17:03:58.125148] [INFO] [path_server] 새로운 경로 설정 : path[1046 ➜ 202] time[0s] dist[24m] list[17] : 1046-1047-1048-1001-1002-1003-1004-1005-1010-1017-1063-1064-1018-1158-1159-1160-202
[2026-08-11 17:03:59.202923] [INFO] [path_server] 노드 업데이트 : [1047] ➜ [1048]
[2026-08-11 17:03:59.282857] [INFO] [path_server] 새로운 경로 설정 : path[1047 ➜ 202] time[0s] dist[22.5m] list[16] : 1047-1048-1001-1002-1003-1004-1005-1010-1017-1063-1064-1018-1158-1159-1160-202
[2026-08-11 17:04:00.021314] [INFO] [path_server] 노드 업데이트 : [1048] ➜ [1001]
[2026-08-11 17:04:00.081229] [INFO] [path_server] 새로운 경로 설정 : path[1048 ➜ 202] time[0s] dist[21m] list[15] : 1048-1001-1002-1003-1004-1005-1010-1017-1063-1064-1018-1158-1159-1160-202
[2026-08-11 17:04:00.779815] [INFO] [path_server] 노드 업데이트 : [1001] ➜ [1002]
[2026-08-11 17:04:00.859677] [INFO] [path_server] 새로운 경로 설정 : path[1001 ➜ 202] time[0s] dist[19.5m] list[14] : 1001-1002-1003-1004-1005-1010-1017-1063-1064-1018-1158-1159-1160-202
[2026-08-11 17:04:01.538334] [INFO] [path_server] 노드 업데이트 : [1002] ➜ [1003]
[2026-08-11 17:04:01.618262] [INFO] [path_server] 새로운 경로 설정 : path[1002 ➜ 202] time[0s] dist[18m] list[13] : 1002-1003-1004-1005-1010-1017-1063-1064-1018-1158-1159-1160-202
[2026-08-11 17:04:02.276932] [INFO] [path_server] 노드 업데이트 : [1003] ➜ [1004]
[2026-08-11 17:04:02.356798] [INFO] [path_server] 새로운 경로 설정 : path[1003 ➜ 202] time[0s] dist[16.5m] list[12] : 1003-1004-1005-1010-1017-1063-1064-1018-1158-1159-1160-202
[2026-08-11 17:04:03.035321] [INFO] [path_server] 노드 업데이트 : [1004] ➜ [1005]
[2026-08-11 17:04:03.115246] [INFO] [path_server] 새로운 경로 설정 : path[1004 ➜ 202] time[0s] dist[15m] list[11] : 1004-1005-1010-1017-1063-1064-1018-1158-1159-1160-202
[2026-08-11 17:04:04.352604] [INFO] [path_server] 노드 업데이트 : [1005] ➜ [1010]
[2026-08-11 17:04:04.432515] [INFO] [path_server] 새로운 경로 설정 : path[1005 ➜ 202] time[0s] dist[13.5m] list[10] : 1005-1010-1017-1063-1064-1018-1158-1159-1160-202
[2026-08-11 17:04:07.726111] [INFO] [path_server] 노드 업데이트 : [1010] ➜ [1017]
[2026-08-11 17:04:07.806048] [INFO] [path_server] 새로운 경로 설정 : path[1010 ➜ 202] time[0s] dist[12m] list[9] : 1010-1017-1063-1064-1018-1158-1159-1160-202
[2026-08-11 17:04:08.843943] [INFO] [path_server] 노드 업데이트 : [1017] ➜ [1063]
[2026-08-11 17:04:08.923831] [INFO] [path_server] 새로운 경로 설정 : path[1017 ➜ 202] time[0s] dist[10.5m] list[8] : 1017-1063-1064-1018-1158-1159-1160-202
[2026-08-11 17:04:09.662348] [INFO] [path_server] 노드 업데이트 : [1063] ➜ [1064]
[2026-08-11 17:04:09.722257] [INFO] [path_server] 새로운 경로 설정 : path[1063 ➜ 202] time[0s] dist[9m] list[7] : 1063-1064-1018-1158-1159-1160-202
[2026-08-11 17:04:10.999755] [INFO] [path_server] 노드 업데이트 : [1064] ➜ [1018]
[2026-08-11 17:04:11.079763] [INFO] [path_server] 새로운 경로 설정 : path[1064 ➜ 202] time[0s] dist[7.5m] list[6] : 1064-1018-1158-1159-1160-202
[2026-08-11 17:04:14.333717] [INFO] [path_server] 노드 업데이트 : [1018] ➜ [1158]
[2026-08-11 17:04:14.413668] [INFO] [path_server] 새로운 경로 설정 : path[1018 ➜ 202] time[0s] dist[6m] list[5] : 1018-1158-1159-1160-202
[2026-08-11 17:04:15.471455] [INFO] [path_server] 노드 업데이트 : [1158] ➜ [1159]
[2026-08-11 17:04:15.551354] [INFO] [path_server] 새로운 경로 설정 : path[1158 ➜ 202] time[0s] dist[4.5m] list[4] : 1158-1159-1160-202
[2026-08-11 17:04:16.289784] [INFO] [path_server] 노드 업데이트 : [1159] ➜ [1160]
[2026-08-11 17:04:16.349669] [INFO] [path_server] 새로운 경로 설정 : path[1159 ➜ 202] time[0s] dist[3m] list[3] : 1159-1160-202
[2026-08-11 17:04:17.626972] [INFO] [path_server] 노드 업데이트 : [1160] ➜ [202]
[2026-08-11 17:04:17.706891] [INFO] [path_server] 새로운 경로 설정 : path[1160 ➜ 202] time[0s] dist[1.5m] list[2] : 1160-202
[2026-08-11 17:04:22.836500] [INFO] [path_server] 노드 업데이트 : [202] ➜ [-1]
[2026-08-11 17:04:25.731215] [INFO] [course_tracker] 목적지에서 각도 정렬 : [13.000m 14.500m 0.000°]
[2026-08-11 17:04:25.771111] [INFO] [path_server] 노드 업데이트 : [202] ➜ [-1]
[2026-08-11 17:04:25.791073] [INFO] [task::fsm] push_done
[2026-08-11 17:04:25.850945] [INFO] [task::fsm] idle
[2026-08-11 17:04:25.850950] [INFO] [course_manager] 코스 삭제
[2026-08-11 17:04:25.850971] [INFO] [path_server] 경로 삭제
[2026-08-11 17:07:14.102860] [INFO] [path_server] 새로운 경로 설정 : path[202 ➜ 103] time[0s] dist[40.5m] list[28] : 202-1160-1161-1162-1163-1164-1165-1166-1109-1110-1111-1112-1113-1114-1115-1116-1117-1118-1119-1120-1121-1122-1123-1179-1180-1181-1182-103
[2026-08-11 17:07:16.737699] [INFO] [health_monitor] [등록][100015, 200001] : 배터리 남은 양 - 주의
[2026-08-11 17:07:18.993105] [INFO] [path_server] 노드 업데이트 : [1160] ➜ [1161]
[2026-08-11 17:07:19.072971] [INFO] [path_server] 새로운 경로 설정 : path[1160 ➜ 103] time[0s] dist[39m] list[27] : 1160-1161-1162-1163-1164-1165-1166-1109-1110-1111-1112-1113-1114-1115-1116-1117-1118-1119-1120-1121-1122-1123-1179-1180-1181-1182-103
[2026-08-11 17:07:22.605659] [INFO] [path_server] 노드 업데이트 : [1161] ➜ [1162]
[2026-08-11 17:07:22.665572] [INFO] [path_server] 새로운 경로 설정 : path[1161 ➜ 103] time[0s] dist[37.5m] list[26] : 1161-1162-1163-1164-1165-1166-1109-1110-1111-1112-1113-1114-1115-1116-1117-1118-1119-1120-1121-1122-1123-1179-1180-1181-1182-103
[2026-08-11 17:07:23.743357] [INFO] [path_server] 노드 업데이트 : [1162] ➜ [1163]
[2026-08-11 17:07:23.803278] [INFO] [path_server] 새로운 경로 설정 : path[1162 ➜ 103] time[0s] dist[36m] list[25] : 1162-1163-1164-1165-1166-1109-1110-1111-1112-1113-1114-1115-1116-1117-1118-1119-1120-1121-1122-1123-1179-1180-1181-1182-103
[2026-08-11 17:07:24.561818] [INFO] [path_server] 노드 업데이트 : [1163] ➜ [1164]
[2026-08-11 17:07:24.621780] [INFO] [path_server] 새로운 경로 설정 : path[1163 ➜ 103] time[0s] dist[34.5m] list[24] : 1163-1164-1165-1166-1109-1110-1111-1112-1113-1114-1115-1116-1117-1118-1119-1120-1121-1122-1123-1179-1180-1181-1182-103
[2026-08-11 17:07:25.320559] [INFO] [path_server] 노드 업데이트 : [1164] ➜ [1165]
[2026-08-11 17:07:25.400485] [INFO] [path_server] 새로운 경로 설정 : path[1164 ➜ 103] time[0s] dist[33m] list[23] : 1164-1165-1166-1109-1110-1111-1112-1113-1114-1115-1116-1117-1118-1119-1120-1121-1122-1123-1179-1180-1181-1182-103
[2026-08-11 17:07:26.079199] [INFO] [path_server] 노드 업데이트 : [1165] ➜ [1166]
[2026-08-11 17:07:26.159137] [INFO] [path_server] 새로운 경로 설정 : path[1165 ➜ 103] time[0s] dist[31.5m] list[22] : 1165-1166-1109-1110-1111-1112-1113-1114-1115-1116-1117-1118-1119-1120-1121-1122-1123-1179-1180-1181-1182-103
[2026-08-11 17:07:26.817756] [INFO] [path_server] 노드 업데이트 : [1166] ➜ [1109]
[2026-08-11 17:07:26.897653] [INFO] [path_server] 새로운 경로 설정 : path[1166 ➜ 103] time[0s] dist[30m] list[21] : 1166-1109-1110-1111-1112-1113-1114-1115-1116-1117-1118-1119-1120-1121-1122-1123-1179-1180-1181-1182-103
[2026-08-11 17:07:27.675994] [INFO] [path_server] 노드 업데이트 : [1109] ➜ [1110]
[2026-08-11 17:07:27.735919] [INFO] [path_server] 새로운 경로 설정 : path[1109 ➜ 103] time[0s] dist[28.5m] list[20] : 1109-1110-1111-1112-1113-1114-1115-1116-1117-1118-1119-1120-1121-1122-1123-1179-1180-1181-1182-103
[2026-08-11 17:07:31.328580] [INFO] [path_server] 노드 업데이트 : [1110] ➜ [1111]
[2026-08-11 17:07:31.388433] [INFO] [path_server] 새로운 경로 설정 : path[1110 ➜ 103] time[0s] dist[27m] list[19] : 1110-1111-1112-1113-1114-1115-1116-1117-1118-1119-1120-1121-1122-1123-1179-1180-1181-1182-103
[2026-08-11 17:07:32.685621] [INFO] [path_server] 노드 업데이트 : [1111] ➜ [1112]
[2026-08-11 17:07:32.765505] [INFO] [path_server] 새로운 경로 설정 : path[1111 ➜ 103] time[0s] dist[25.5m] list[18] : 1111-1112-1113-1114-1115-1116-1117-1118-1119-1120-1121-1122-1123-1179-1180-1181-1182-103
[2026-08-11 17:07:33.803298] [INFO] [path_server] 노드 업데이트 : [1112] ➜ [1113]
[2026-08-11 17:07:33.883209] [INFO] [path_server] 새로운 경로 설정 : path[1112 ➜ 103] time[0s] dist[24m] list[17] : 1112-1113-1114-1115-1116-1117-1118-1119-1120-1121-1122-1123-1179-1180-1181-1182-103
[2026-08-11 17:07:34.921094] [INFO] [path_server] 노드 업데이트 : [1113] ➜ [1114]
[2026-08-11 17:07:34.981011] [INFO] [path_server] 새로운 경로 설정 : path[1113 ➜ 103] time[0s] dist[22.5m] list[16] : 1113-1114-1115-1116-1117-1118-1119-1120-1121-1122-1123-1179-1180-1181-1182-103
[2026-08-11 17:07:36.757612] [INFO] [path_server] 노드 업데이트 : [1114] ➜ [1115]
[2026-08-11 17:07:36.817535] [INFO] [path_server] 새로운 경로 설정 : path[1114 ➜ 103] time[0s] dist[21m] list[15] : 1114-1115-1116-1117-1118-1119-1120-1121-1122-1123-1179-1180-1181-1182-103
[2026-08-11 17:07:41.608330] [INFO] [path_server] 노드 업데이트 : [1115] ➜ [1116]
[2026-08-11 17:07:41.668214] [INFO] [path_server] 새로운 경로 설정 : path[1115 ➜ 103] time[0s] dist[19.5m] list[14] : 1115-1116-1117-1118-1119-1120-1121-1122-1123-1179-1180-1181-1182-103
[2026-08-11 17:07:43.544297] [INFO] [path_server] 노드 업데이트 : [1116] ➜ [1117]
[2026-08-11 17:07:43.624212] [INFO] [path_server] 새로운 경로 설정 : path[1116 ➜ 103] time[0s] dist[18m] list[13] : 1116-1117-1118-1119-1120-1121-1122-1123-1179-1180-1181-1182-103
[2026-08-11 17:07:44.542536] [INFO] [path_server] 노드 업데이트 : [1117] ➜ [1118]
[2026-08-11 17:07:44.602498] [INFO] [path_server] 새로운 경로 설정 : path[1117 ➜ 103] time[0s] dist[16.5m] list[12] : 1117-1118-1119-1120-1121-1122-1123-1179-1180-1181-1182-103
[2026-08-11 17:07:45.320935] [INFO] [path_server] 노드 업데이트 : [1118] ➜ [1119]
[2026-08-11 17:07:45.380828] [INFO] [path_server] 새로운 경로 설정 : path[1118 ➜ 103] time[0s] dist[15m] list[11] : 1118-1119-1120-1121-1122-1123-1179-1180-1181-1182-103
[2026-08-11 17:07:46.059352] [INFO] [path_server] 노드 업데이트 : [1119] ➜ [1120]
[2026-08-11 17:07:46.139258] [INFO] [path_server] 새로운 경로 설정 : path[1119 ➜ 103] time[0s] dist[13.5m] list[10] : 1119-1120-1121-1122-1123-1179-1180-1181-1182-103
[2026-08-11 17:07:46.917664] [INFO] [path_server] 노드 업데이트 : [1120] ➜ [1121]
[2026-08-11 17:07:46.997652] [INFO] [path_server] 새로운 경로 설정 : path[1120 ➜ 103] time[0s] dist[12m] list[9] : 1120-1121-1122-1123-1179-1180-1181-1182-103
[2026-08-11 17:07:50.570864] [INFO] [path_server] 노드 업데이트 : [1121] ➜ [1122]
[2026-08-11 17:07:50.630756] [INFO] [path_server] 새로운 경로 설정 : path[1121 ➜ 103] time[0s] dist[10.5m] list[8] : 1121-1122-1123-1179-1180-1181-1182-103
[2026-08-11 17:07:51.928168] [INFO] [path_server] 노드 업데이트 : [1122] ➜ [1123]
[2026-08-11 17:07:52.008026] [INFO] [path_server] 새로운 경로 설정 : path[1122 ➜ 103] time[0s] dist[9m] list[7] : 1122-1123-1179-1180-1181-1182-103
[2026-08-11 17:07:52.985879] [INFO] [path_server] 노드 업데이트 : [1123] ➜ [1179]
[2026-08-11 17:07:53.065815] [INFO] [path_server] 새로운 경로 설정 : path[1123 ➜ 103] time[0s] dist[7.5m] list[6] : 1123-1179-1180-1181-1182-103
[2026-08-11 17:07:56.299090] [INFO] [path_server] 노드 업데이트 : [1179] ➜ [1180]
[2026-08-11 17:07:56.378944] [INFO] [path_server] 새로운 경로 설정 : path[1179 ➜ 103] time[0s] dist[6m] list[5] : 1179-1180-1181-1182-103
[2026-08-11 17:07:57.556424] [INFO] [path_server] 노드 업데이트 : [1180] ➜ [1181]
[2026-08-11 17:07:57.636321] [INFO] [path_server] 새로운 경로 설정 : path[1180 ➜ 103] time[0s] dist[4.5m] list[4] : 1180-1181-1182-103
[2026-08-11 17:07:58.414695] [INFO] [path_server] 노드 업데이트 : [1181] ➜ [1182]
[2026-08-11 17:07:58.474603] [INFO] [path_server] 새로운 경로 설정 : path[1181 ➜ 103] time[0s] dist[3m] list[3] : 1181-1182-103
[2026-08-11 17:07:59.731900] [INFO] [path_server] 노드 업데이트 : [1182] ➜ [103]
[2026-08-11 17:07:59.811772] [INFO] [path_server] 새로운 경로 설정 : path[1182 ➜ 103] time[0s] dist[1.5m] list[2] : 1182-103
[2026-08-11 17:08:04.941546] [INFO] [path_server] 노드 업데이트 : [103] ➜ [-1]
[2026-08-11 17:08:07.835806] [INFO] [course_tracker] 목적지에서 각도 정렬 : [5.500m 5.500m 0.000°]
[2026-08-11 17:08:07.875672] [INFO] [path_server] 노드 업데이트 : [103] ➜ [-1]
[2026-08-11 17:08:07.895686] [INFO] [task::fsm] push_done
[2026-08-11 17:08:07.955576] [INFO] [task::fsm] charging
[2026-08-11 17:08:07.955605] [INFO] [health_monitor] [등록][100015, 100001] : 자동 충전 시작.
[2026-08-11 17:08:07.955588] [INFO] [power_system] 충전 프로세스 시작
[2026-08-11 17:08:12.966021] [INFO] [health_monitor] [삭제][100015, 100001] : 자동 충전 시작.
[2026-08-11 17:08:20.151413] [INFO] [health_monitor] [삭제][100015, 200001] : 배터리 남은 양 - 주의
[2026-08-11 17:08:27.317046] [INFO] [path_server] 새로운 경로 설정 : path[103 ➜ 1010] time[0s] dist[19.5m] list[14] : 103-1182-1183-1184-1045-1046-1047-1048-1001-1002-1003-1004-1005-1010
[2026-08-11 17:08:34.482732] [INFO] [path_server] 노드 업데이트 : [1182] ➜ [1183]
[2026-08-11 17:08:34.562648] [INFO] [path_server] 새로운 경로 설정 : path[1182 ➜ 1010] time[0s] dist[18m] list[13] : 1182-1183-1184-1045-1046-1047-1048-1001-1002-1003-1004-1005-1010
[2026-08-11 17:08:38.095496] [INFO] [path_server] 노드 업데이트 : [1183] ➜ [1184]
[2026-08-11 17:08:38.175363] [INFO] [path_server] 새로운 경로 설정 : path[1183 ➜ 1010] time[0s] dist[16.5m] list[12] : 1183-1184-1045-1046-1047-1048-1001-1002-1003-1004-1005-1010
[2026-08-11 17:08:39.213269] [INFO] [path_server] 노드 업데이트 : [1184] ➜ [1045]
[2026-08-11 17:08:39.293196] [INFO] [path_server] 새로운 경로 설정 : path[1184 ➜ 1010] time[0s] dist[15m] list[11] : 1184-1045-1046-1047-1048-1001-1002-1003-1004-1005-1010
[2026-08-11 17:08:40.551179] [INFO] [path_server] 노드 업데이트 : [1045] ➜ [1046]
[2026-08-11 17:08:40.651011] [INFO] [path_server] 새로운 경로 설정 : path[1045 ➜ 1010] time[0s] dist[13.5m] list[10] : 1045-1046-1047-1048-1001-1002-1003-1004-1005-1010
[2026-08-11 17:08:43.884965] [INFO] [path_server] 노드 업데이트 : [1046] ➜ [1047]
[2026-08-11 17:08:43.964807] [INFO] [path_server] 새로운 경로 설정 : path[1046 ➜ 1010] time[0s] dist[12m] list[9] : 1046-1047-1048-1001-1002-1003-1004-1005-1010
[2026-08-11 17:08:45.002559] [INFO] [path_server] 노드 업데이트 : [1047] ➜ [1048]
[2026-08-11 17:08:45.082476] [INFO] [path_server] 새로운 경로 설정 : path[1047 ➜ 1010] time[0s] dist[10.5m] list[8] : 1047-1048-1001-1002-1003-1004-1005-1010
[2026-08-11 17:08:45.840823] [INFO] [path_server] 노드 업데이트 : [1048] ➜ [1001]
[2026-08-11 17:08:45.920731] [INFO] [path_server] 새로운 경로 설정 : path[1048 ➜ 1010] time[0s] dist[9m] list[7] : 1048-1001-1002-1003-1004-1005-1010
[2026-08-11 17:08:46.579491] [INFO] [path_server] 노드 업데이트 : [1001] ➜ [1002]
[2026-08-11 17:08:46.659357] [INFO] [path_server] 새로운 경로 설정 : path[1001 ➜ 1010] time[0s] dist[7.5m] list[6] : 1001-1002-1003-1004-1005-1010
[2026-08-11 17:08:47.337862] [INFO] [path_server] 노드 업데이트 : [1002] ➜ [1003]
[2026-08-11 17:08:47.417778] [INFO] [path_server] 새로운 경로 설정 : path[1002 ➜ 1010] time[0s] dist[6m] list[5] : 1002-1003-1004-1005-1010
[2026-08-11 17:08:48.076432] [INFO] [path_server] 노드 업데이트 : [1003] ➜ [1004]
[2026-08-11 17:08:48.156292] [INFO] [path_server] 새로운 경로 설정 : path[1003 ➜ 1010] time[0s] dist[4.5m] list[4] : 1003-1004-1005-1010
[2026-08-11 17:08:48.834880] [INFO] [path_server] 노드 업데이트 : [1004] ➜ [1005]
[2026-08-11 17:08:48.914752] [INFO] [path_server] 새로운 경로 설정 : path[1004 ➜ 1010] time[0s] dist[3m] list[3] : 1004-1005-1010
[2026-08-11 17:08:50.152200] [INFO] [path_server] 노드 업데이트 : [1005] ➜ [1010]
[2026-08-11 17:08:50.232117] [INFO] [path_server] 새로운 경로 설정 : path[1005 ➜ 1010] time[0s] dist[1.5m] list[2] : 1005-1010
[2026-08-11 17:08:54.124256] [INFO] [path_server] 노드 업데이트 : [1010] ➜ [-1]
[2026-08-11 17:08:56.998571] [INFO] [course_tracker] 목적지에서 각도 정렬 : [19.000m 11.500m 0.000°]
[2026-08-11 17:08:57.956844] [INFO] [path_server] 노드 업데이트 : [1010] ➜ [-1]
[2026-08-11 17:08:57.976784] [INFO] [task::fsm] push_done
[2026-08-11 17:08:58.016709] [INFO] [task::fsm] idle
[2026-08-11 17:08:58.016715] [INFO] [course_manager] 코스 삭제
[2026-08-11 17:08:58.016737] [INFO] [path_server] 경로 삭제
[2026-08-11 17:09:18.416053] [INFO] [path_server] 새로운 경로 설정 : path[1010 ➜ 110] time[0s] dist[16.5m] list[12] : 1010-1011-1004-1005-1006-1021-1022-1007-1167-1168-1169-110
[2026-08-11 17:09:27.179296] [INFO] [path_server] 노드 업데이트 : [1011] ➜ [1004]
[2026-08-11 17:09:27.259240] [INFO] [path_server] 새로운 경로 설정 : path[1011 ➜ 110] time[0s] dist[15m] list[11] : 1011-1004-1005-1006-1021-1022-1007-1167-1168-1169-110
[2026-08-11 17:09:30.233165] [INFO] [path_server] 노드 업데이트 : [1004] ➜ [1005]
[2026-08-11 17:09:30.313036] [INFO] [path_server] 새로운 경로 설정 : path[1004 ➜ 110] time[0s] dist[13.5m] list[10] : 1004-1005-1006-1021-1022-1007-1167-1168-1169-110
[2026-08-11 17:09:31.390794] [INFO] [health_monitor] [등록][100015, 200001] : 배터리 남은 양 - 주의
[2026-08-11 17:09:33.606575] [INFO] [path_server] 노드 업데이트 : [1005] ➜ [1006]
[2026-08-11 17:09:33.686507] [INFO] [path_server] 새로운 경로 설정 : path[1005 ➜ 110] time[0s] dist[12m] list[9] : 1005-1006-1021-1022-1007-1167-1168-1169-110
[2026-08-11 17:09:34.804328] [INFO] [path_server] 노드 업데이트 : [1006] ➜ [1021]
[2026-08-11 17:09:34.884252] [INFO] [path_server] 새로운 경로 설정 : path[1006 ➜ 110] time[0s] dist[10.5m] list[8] : 1006-1021-1022-1007-1167-1168-1169-110
[2026-08-11 17:09:35.782515] [INFO] [path_server] 노드 업데이트 : [1021] ➜ [1022]
[2026-08-11 17:09:35.862389] [INFO] [path_server] 새로운 경로 설정 : path[1021 ➜ 110] time[0s] dist[9.00003m] list[7] : 1021-1022-1007-1167-1168-1169-110
[2026-08-11 17:09:37.119863] [INFO] [path_server] 노드 업데이트 : [1022] ➜ [1007]
[2026-08-11 17:09:37.179773] [INFO] [path_server] 새로운 경로 설정 : path[1022 ➜ 110] time[0s] dist[7.50003m] list[6] : 1022-1007-1167-1168-1169-110
[2026-08-11 17:09:40.453301] [INFO] [path_server] 노드 업데이트 : [1007] ➜ [1167]
[2026-08-11 17:09:40.533175] [INFO] [path_server] 새로운 경로 설정 : path[1007 ➜ 110] time[0s] dist[6.00003m] list[5] : 1007-1167-1168-1169-110
[2026-08-11 17:09:41.590997] [INFO] [path_server] 노드 업데이트 : [1167] ➜ [1168]
[2026-08-11 17:09:41.670843] [INFO] [path_server] 새로운 경로 설정 : path[1167 ➜ 110] time[0s] dist[4.50003m] list[4] : 1167-1168-1169-110
[2026-08-11 17:09:42.409267] [INFO] [path_server] 노드 업데이트 : [1168] ➜ [1169]
[2026-08-11 17:09:42.489189] [INFO] [path_server] 새로운 경로 설정 : path[1168 ➜ 110] time[0s] dist[3.00003m] list[3] : 1168-1169-110
[2026-08-11 17:09:43.826434] [INFO] [path_server] 노드 업데이트 : [1169] ➜ [110]
[2026-08-11 17:09:43.906345] [INFO] [path_server] 새로운 경로 설정 : path[1169 ➜ 110] time[0s] dist[1.50003m] list[2] : 1169-110
[2026-08-11 17:09:49.355355] [INFO] [path_server] 노드 업데이트 : [110] ➜ [-1]
[2026-08-11 17:09:52.249653] [INFO] [course_tracker] 목적지에서 각도 정렬 : [22.000m 15.990m 0.000°]
[2026-08-11 17:09:52.289537] [INFO] [path_server] 노드 업데이트 : [110] ➜ [-1]
[2026-08-11 17:09:52.309495] [INFO] [task::fsm] push_done
[2026-08-11 17:09:52.369387] [INFO] [task::fsm] charging
[2026-08-11 17:09:52.369395] [INFO] [power_system] 충전 프로세스 시작
[2026-08-11 17:09:52.369408] [INFO] [health_monitor] [등록][100015, 100001] : 자동 충전 시작.
[2026-08-11 17:09:57.380223] [INFO] [health_monitor] [삭제][100015, 100001] : 자동 충전 시작.
[2026-08-11 17:10:00.534498] [INFO] [health_monitor] [삭제][100015, 200001] : 배터리 남은 양 - 주의
[2026-08-11 17:10:24.545449] [INFO] [power_system] 충전 완료
[2026-08-11 17:10:24.545465] [INFO] [health_monitor] [등록][100015, 100002] : 배터리 가득.
[2026-08-11 17:10:24.545468] [INFO] [health_monitor] [등록][100015, 100003] : 자동 충전 해제 시작.
[2026-08-11 17:10:29.555452] [INFO] [health_monitor] [삭제][100015, 100002] : 배터리 가득.
[2026-08-11 17:10:29.555456] [INFO] [health_monitor] [삭제][100015, 100003] : 자동 충전 해제 시작.
[2026-08-11 17:10:29.575342] [INFO] [power_system] 충전 해제 완료
[2026-08-11 17:10:29.575351] [INFO] [health_monitor] [등록][100015, 100004] : 자동 충전 해제 완료.
[2026-08-11 17:10:29.595367] [INFO] [task::fsm] discharging
[2026-08-11 17:10:29.595376] [INFO] [power_system] 충전 해제 프로세스 시작
[2026-08-11 17:10:29.595389] [INFO] [health_monitor] [등록][100015, 100003] : 자동 충전 해제 시작.
[2026-08-11 17:10:29.615322] [INFO] [task::fsm] idle
[2026-08-11 17:10:29.615328] [INFO] [course_manager] 코스 삭제
[2026-08-11 17:10:29.615330] [INFO] [path_server] 경로 삭제
[2026-08-11 17:10:29.655259] [INFO] [task::fsm] idle
[2026-08-11 17:10:29.655265] [INFO] [course_manager] 코스 삭제
[2026-08-11 17:10:29.655267] [INFO] [path_server] 경로 삭제
[2026-08-11 17:10:34.585520] [INFO] [health_monitor] [삭제][100015, 100004] : 자동 충전 해제 완료.
[2026-08-11 17:10:34.605554] [INFO] [health_monitor] [삭제][100015, 100003] : 자동 충전 해제 시작.
[2026-08-11 17:11:09.416329] [INFO] [path_server] 새로운 경로 설정 : path[110 ➜ 1170] time[0s] dist[3.00003m] list[3] : 110-1169-1170
[2026-08-11 17:11:25.746997] [INFO] [path_server] 새로운 경로 설정 : path[-1 ➜ -1] time[0s] dist[0m] list[0] : 
[2026-08-11 17:12:24.631570] [INFO] [task::fsm] push_done
[2026-08-11 17:12:24.651522] [INFO] [task::fsm] charging
[2026-08-11 17:24:37.818044] [INFO] [framework] 프로그램 시작
[2026-08-11 17:24:37.818047] [WARNING] [framework] 프로그램 시작
[2026-08-11 17:24:37.818051] [INFO] [framework] 설정 파일 위치 : ../configs/robot_7
[2026-08-11 17:24:37.818050] [CRITICAL] [framework] 프로그램 시작
[2026-08-11 17:24:37.818184] [INFO] [framework] ID[0, 7], 이름[장세븐], 제어주기[20ms], 버젼[], 장소[우리집], 환경모드[simulation]
[2026-08-11 17:24:37.818206] [INFO] [mediator] 생성
[2026-08-11 17:24:37.818226] [INFO] [graph_manager] 생성
[2026-08-11 17:24:37.847906] [INFO] [stop_server] 생성
[2026-08-11 17:24:37.847938] [INFO] [health_monitor] 생성
[2026-08-11 17:24:37.847958] [INFO] [path_server] 생성
[2026-08-11 17:24:37.847976] [INFO] [course_manager] 생성
[2026-08-11 17:24:37.847992] [INFO] [task::fsm] 생성
[2026-08-11 17:24:37.847993] [INFO] [task::fsm] idle
[2026-08-11 17:24:37.848005] [INFO] [course_manager] 코스 삭제
[2026-08-11 17:24:37.848007] [INFO] [path_server] 경로 삭제
[2026-08-11 17:24:37.848022] [INFO] [task_manager] 생성
[2026-08-11 17:24:37.848164] [INFO] [mediator] connectors 생성
[2026-08-11 17:24:37.848188] [INFO] [fms] 생성
[2026-08-11 17:24:37.848189] [INFO] [fms] 통신 드라이버 생성
[2026-08-11 17:24:37.848566] [INFO] [motions] 생성
[2026-08-11 17:24:37.848593] [INFO] [localizers] 생성
[2026-08-11 17:24:37.848688] [INFO] [localizers] 파라미터 : 

[2026-08-11 17:24:37.848705] [INFO] [safety_plc] 생성
[2026-08-11 17:24:37.848730] [INFO] [load_handler] 생성
[2026-08-11 17:24:37.848748] [INFO] [power_system] 생성
[2026-08-11 17:24:37.848867] [INFO] [power_system] 설정 정보 : remaining[40%, 10%, 5%]
[2026-08-11 17:24:37.849298] [INFO] [power_system] 알람 목록 : 
 • [100015, 100001] [INFO] 자동 충전 시작.
 • [100015, 100002] [INFO] 배터리 가득.
 • [100015, 400001] [CRIT] 배터리 남은 양 - 위험
 • [100015, 300001] [ERROR] 배터리 남은 양 - 에러
 • [100015, 200001] [WARN] 배터리 남은 양 - 주의
 • [100015, 100004] [INFO] 자동 충전 해제 완료.
 • [100015, 100003] [INFO] 자동 충전 해제 시작.
[2026-08-11 17:24:37.849301] [INFO] [mediator] connector 의존성 주입
[2026-08-11 17:24:37.849310] [INFO] [mediator] any map 등록
[2026-08-11 17:24:37.849321] [INFO] [mediator] any collector 등록
[2026-08-11 17:24:37.849324] [INFO] [mediator] any collector 목록 검사
[2026-08-11 17:24:37.849379] [INFO] [framework] after init 실행
[2026-08-11 17:24:37.849627] [INFO] [course_tracker] 생성
[2026-08-11 17:24:37.849643] [INFO] [course_tracker] 파라미터 : 
◈ node_bound[0.020m, 0.150m, 0.005m]
 • approach[0.150m, 0.050m/s, -0.005m, -0.200m, 0.100m]
 • align[(10.000°, 5.000°/s), 50.000°, 30.000°/s), 0.800°, -0.100°]
◈ motion param : 
 • reference_angle[0.000°, 45.000°]
 • threshold_angle[15.000°, 20.000°, 170.000°]
 • threshold_error[0.300°, 5.000°]
 • normal[0.150m/s, 8.000, 0.800m/s, 0.500]
 • angle[0.150m/s, 1.500, 0.800m/s, 2.100]
 • protection_overshoot[0.100m/s, 0.900, 0.500m/s, 0.900]
 • speed_rotation[15.000°/s]
[2026-08-11 17:24:37.849645] [INFO] [framework] 제어 쓰레드 시작
[2026-08-11 17:24:37.849682] [INFO] [path_server] 노드 초기화 성공 : 로봇 좌표[23.498m 6.997m 90.604°] 최단 거리 노드[1094] 거리(0.496747m)
[2026-08-11 17:24:42.939839] [INFO] [path_server] 새로운 경로 설정 : path[1094 ➜ 105] time[0s] dist[55.3276m] list[30] : 1094-1116-19-1144-1150-1151-1134-1135-1136-1137-1153-1154-1155-1156-1157-1160-1161-1162-1163-1164-1165-1166-1167-1168-41-1170-1171-1172-1173-105
[2026-08-11 17:24:42.939854] [INFO] [course_tracker] 방향 정렬 설정 State::processing[－, -179.9°]
[2026-08-11 17:24:49.008676] [INFO] [course_tracker] 방향 정렬 완료 
[2026-08-11 17:25:00.946046] [INFO] [path_server] 노드 업데이트 : [1116] ➜ [19]
[2026-08-11 17:25:01.026001] [INFO] [path_server] 새로운 경로 설정 : path[1116 ➜ 105] time[0s] dist[49.3276m] list[29] : 1116-19-1144-1150-1151-1134-1135-1136-1137-1153-1154-1155-1156-1157-1160-1161-1162-1163-1164-1165-1166-1167-1168-41-1170-1171-1172-1173-105
[2026-08-11 17:25:04.479642] [INFO] [path_server] 노드 업데이트 : [19] ➜ [1144]
[2026-08-11 17:25:04.559605] [INFO] [path_server] 새로운 경로 설정 : path[19 ➜ 105] time[0s] dist[47.8276m] list[28] : 19-1144-1150-1151-1134-1135-1136-1137-1153-1154-1155-1156-1157-1160-1161-1162-1163-1164-1165-1166-1167-1168-41-1170-1171-1172-1173-105
[2026-08-11 17:25:05.358161] [INFO] [path_server] 노드 업데이트 : [1144] ➜ [1150]
[2026-08-11 17:25:05.418090] [INFO] [path_server] 새로운 경로 설정 : path[1144 ➜ 105] time[0s] dist[46.3276m] list[27] : 1144-1150-1151-1134-1135-1136-1137-1153-1154-1155-1156-1157-1160-1161-1162-1163-1164-1165-1166-1167-1168-41-1170-1171-1172-1173-105
[2026-08-11 17:25:14.180988] [INFO] [path_server] 노드 업데이트 : [1150] ➜ [1151]
[2026-08-11 17:25:14.260871] [INFO] [path_server] 새로운 경로 설정 : path[1150 ➜ 105] time[0s] dist[41.4031m] list[26] : 1150-1151-1134-1135-1136-1137-1153-1154-1155-1156-1157-1160-1161-1162-1163-1164-1165-1166-1167-1168-41-1170-1171-1172-1173-105
[2026-08-11 17:25:20.130815] [INFO] [path_server] 노드 업데이트 : [1151] ➜ [1134]
[2026-08-11 17:25:20.190757] [INFO] [path_server] 새로운 경로 설정 : path[1151 ➜ 105] time[0s] dist[38.2016m] list[25] : 1151-1134-1135-1136-1137-1153-1154-1155-1156-1157-1160-1161-1162-1163-1164-1165-1166-1167-1168-41-1170-1171-1172-1173-105
[2026-08-11 17:25:22.327202] [INFO] [path_server] 노드 업데이트 : [1134] ➜ [1135]
[2026-08-11 17:25:22.407075] [INFO] [path_server] 새로운 경로 설정 : path[1134 ➜ 105] time[0s] dist[35m] list[24] : 1134-1135-1136-1137-1153-1154-1155-1156-1157-1160-1161-1162-1163-1164-1165-1166-1167-1168-41-1170-1171-1172-1173-105
[2026-08-11 17:25:26.598826] [INFO] [path_server] 노드 업데이트 : [1135] ➜ [1136]
[2026-08-11 17:25:26.678763] [INFO] [path_server] 새로운 경로 설정 : path[1135 ➜ 105] time[0s] dist[33.5m] list[23] : 1135-1136-1137-1153-1154-1155-1156-1157-1160-1161-1162-1163-1164-1165-1166-1167-1168-41-1170-1171-1172-1173-105
[2026-08-11 17:25:27.936152] [INFO] [path_server] 노드 업데이트 : [1136] ➜ [1137]
[2026-08-11 17:25:28.016033] [INFO] [path_server] 새로운 경로 설정 : path[1136 ➜ 105] time[0s] dist[32m] list[22] : 1136-1137-1153-1154-1155-1156-1157-1160-1161-1162-1163-1164-1165-1166-1167-1168-41-1170-1171-1172-1173-105
[2026-08-11 17:25:28.814276] [INFO] [path_server] 노드 업데이트 : [1137] ➜ [1153]
[2026-08-11 17:25:28.894204] [INFO] [path_server] 새로운 경로 설정 : path[1137 ➜ 105] time[0s] dist[30.5m] list[21] : 1137-1153-1154-1155-1156-1157-1160-1161-1162-1163-1164-1165-1166-1167-1168-41-1170-1171-1172-1173-105
[2026-08-11 17:25:30.610708] [INFO] [path_server] 노드 업데이트 : [1153] ➜ [1154]
[2026-08-11 17:25:30.690638] [INFO] [path_server] 새로운 경로 설정 : path[1153 ➜ 105] time[0s] dist[28.5m] list[20] : 1153-1154-1155-1156-1157-1160-1161-1162-1163-1164-1165-1166-1167-1168-41-1170-1171-1172-1173-105
[2026-08-11 17:25:34.123929] [INFO] [path_server] 노드 업데이트 : [1154] ➜ [1155]
[2026-08-11 17:25:34.183803] [INFO] [path_server] 새로운 경로 설정 : path[1154 ➜ 105] time[0s] dist[27m] list[19] : 1154-1155-1156-1157-1160-1161-1162-1163-1164-1165-1166-1167-1168-41-1170-1171-1172-1173-105
[2026-08-11 17:25:35.221960] [INFO] [path_server] 노드 업데이트 : [1155] ➜ [1156]
[2026-08-11 17:25:35.301944] [INFO] [path_server] 새로운 경로 설정 : path[1155 ➜ 105] time[0s] dist[25.5m] list[18] : 1155-1156-1157-1160-1161-1162-1163-1164-1165-1166-1167-1168-41-1170-1171-1172-1173-105
[2026-08-11 17:25:36.040554] [INFO] [path_server] 노드 업데이트 : [1156] ➜ [1157]
[2026-08-11 17:25:36.120490] [INFO] [path_server] 새로운 경로 설정 : path[1156 ➜ 105] time[0s] dist[24m] list[17] : 1156-1157-1160-1161-1162-1163-1164-1165-1166-1167-1168-41-1170-1171-1172-1173-105
[2026-08-11 17:25:37.457895] [INFO] [path_server] 노드 업데이트 : [1157] ➜ [1160]
[2026-08-11 17:25:37.517828] [INFO] [path_server] 새로운 경로 설정 : path[1157 ➜ 105] time[0s] dist[22.5m] list[16] : 1157-1160-1161-1162-1163-1164-1165-1166-1167-1168-41-1170-1171-1172-1173-105
[2026-08-11 17:25:40.911234] [INFO] [path_server] 노드 업데이트 : [1160] ➜ [1161]
[2026-08-11 17:25:40.991109] [INFO] [path_server] 새로운 경로 설정 : path[1160 ➜ 105] time[0s] dist[21m] list[15] : 1160-1161-1162-1163-1164-1165-1166-1167-1168-41-1170-1171-1172-1173-105
[2026-08-11 17:25:42.009090] [INFO] [path_server] 노드 업데이트 : [1161] ➜ [1162]
[2026-08-11 17:25:42.069011] [INFO] [path_server] 새로운 경로 설정 : path[1161 ➜ 105] time[0s] dist[19.5m] list[14] : 1161-1162-1163-1164-1165-1166-1167-1168-41-1170-1171-1172-1173-105
[2026-08-11 17:25:42.827436] [INFO] [path_server] 노드 업데이트 : [1162] ➜ [1163]
[2026-08-11 17:25:42.907306] [INFO] [path_server] 새로운 경로 설정 : path[1162 ➜ 105] time[0s] dist[18m] list[13] : 1162-1163-1164-1165-1166-1167-1168-41-1170-1171-1172-1173-105
[2026-08-11 17:25:43.585854] [INFO] [path_server] 노드 업데이트 : [1163] ➜ [1164]
[2026-08-11 17:25:43.665763] [INFO] [path_server] 새로운 경로 설정 : path[1163 ➜ 105] time[0s] dist[16.5m] list[12] : 1163-1164-1165-1166-1167-1168-41-1170-1171-1172-1173-105
[2026-08-11 17:25:44.324422] [INFO] [path_server] 노드 업데이트 : [1164] ➜ [1165]
[2026-08-11 17:25:44.404336] [INFO] [path_server] 새로운 경로 설정 : path[1164 ➜ 105] time[0s] dist[15m] list[11] : 1164-1165-1166-1167-1168-41-1170-1171-1172-1173-105
[2026-08-11 17:25:45.082935] [INFO] [path_server] 노드 업데이트 : [1165] ➜ [1166]
[2026-08-11 17:25:45.162839] [INFO] [path_server] 새로운 경로 설정 : path[1165 ➜ 105] time[0s] dist[13.5m] list[10] : 1165-1166-1167-1168-41-1170-1171-1172-1173-105
[2026-08-11 17:25:45.841888] [INFO] [path_server] 노드 업데이트 : [1166] ➜ [1167]
[2026-08-11 17:25:45.901787] [INFO] [path_server] 새로운 경로 설정 : path[1166 ➜ 105] time[0s] dist[12m] list[9] : 1166-1167-1168-41-1170-1171-1172-1173-105
[2026-08-11 17:25:46.580399] [INFO] [path_server] 노드 업데이트 : [1167] ➜ [1168]
[2026-08-11 17:25:46.660326] [INFO] [path_server] 새로운 경로 설정 : path[1167 ➜ 105] time[0s] dist[10.5m] list[8] : 1167-1168-41-1170-1171-1172-1173-105
[2026-08-11 17:25:47.338953] [INFO] [path_server] 노드 업데이트 : [1168] ➜ [41]
[2026-08-11 17:25:47.418856] [INFO] [path_server] 새로운 경로 설정 : path[1168 ➜ 105] time[0s] dist[9m] list[7] : 1168-41-1170-1171-1172-1173-105
[2026-08-11 17:25:48.077625] [INFO] [path_server] 노드 업데이트 : [41] ➜ [1170]
[2026-08-11 17:25:48.157503] [INFO] [path_server] 새로운 경로 설정 : path[41 ➜ 105] time[0s] dist[7.5m] list[6] : 41-1170-1171-1172-1173-105
[2026-08-11 17:25:48.836368] [INFO] [path_server] 노드 업데이트 : [1170] ➜ [1171]
[2026-08-11 17:25:48.916297] [INFO] [path_server] 새로운 경로 설정 : path[1170 ➜ 105] time[0s] dist[6m] list[5] : 1170-1171-1172-1173-105
[2026-08-11 17:25:49.574956] [INFO] [path_server] 노드 업데이트 : [1171] ➜ [1172]
[2026-08-11 17:25:49.654814] [INFO] [path_server] 새로운 경로 설정 : path[1171 ➜ 105] time[0s] dist[4.5m] list[4] : 1171-1172-1173-105
[2026-08-11 17:25:50.333508] [INFO] [path_server] 노드 업데이트 : [1172] ➜ [1173]
[2026-08-11 17:25:50.413453] [INFO] [path_server] 새로운 경로 설정 : path[1172 ➜ 105] time[0s] dist[3m] list[3] : 1172-1173-105
[2026-08-11 17:25:51.650974] [INFO] [path_server] 노드 업데이트 : [1173] ➜ [105]
[2026-08-11 17:25:51.730880] [INFO] [path_server] 새로운 경로 설정 : path[1173 ➜ 105] time[0s] dist[1.5m] list[2] : 1173-105
[2026-08-11 17:25:55.623120] [INFO] [path_server] 노드 업데이트 : [105] ➜ [-1]
[2026-08-11 17:25:58.477235] [INFO] [course_tracker] 목적지에서 각도 정렬 : [23.000m 11.500m 0.000°]
[2026-08-11 17:25:59.455180] [INFO] [path_server] 노드 업데이트 : [105] ➜ [-1]
[2026-08-11 17:25:59.475139] [INFO] [task::fsm] push_done
[2026-08-11 17:25:59.535001] [INFO] [task::fsm] charging
[2026-08-11 17:25:59.535006] [INFO] [power_system] 충전 프로세스 시작
[2026-08-11 17:25:59.535027] [INFO] [health_monitor] [등록][100015, 100001] : 자동 충전 시작.
[2026-08-11 17:26:04.545216] [INFO] [health_monitor] [삭제][100015, 100001] : 자동 충전 시작.
[2026-08-11 17:26:21.453635] [INFO] [power_system] 충전 완료
[2026-08-11 17:26:21.453654] [INFO] [health_monitor] [등록][100015, 100002] : 배터리 가득.
[2026-08-11 17:26:21.453657] [INFO] [health_monitor] [등록][100015, 100003] : 자동 충전 해제 시작.
[2026-08-11 17:26:26.464219] [INFO] [health_monitor] [삭제][100015, 100002] : 배터리 가득.
[2026-08-11 17:26:26.464227] [INFO] [health_monitor] [삭제][100015, 100003] : 자동 충전 해제 시작.
[2026-08-11 17:26:26.484157] [INFO] [power_system] 충전 해제 완료
[2026-08-11 17:26:26.484171] [INFO] [health_monitor] [등록][100015, 100004] : 자동 충전 해제 완료.
[2026-08-11 17:26:26.504060] [INFO] [task::fsm] discharging
[2026-08-11 17:26:26.504067] [INFO] [power_system] 충전 해제 프로세스 시작
[2026-08-11 17:26:26.504075] [INFO] [health_monitor] [등록][100015, 100003] : 자동 충전 해제 시작.
[2026-08-11 17:26:26.524068] [INFO] [task::fsm] idle
[2026-08-11 17:26:26.524076] [INFO] [path_server] 경로 삭제
[2026-08-11 17:26:26.524074] [INFO] [course_manager] 코스 삭제
[2026-08-11 17:26:26.544021] [INFO] [task::fsm] idle
[2026-08-11 17:26:26.544027] [INFO] [path_server] 경로 삭제
[2026-08-11 17:26:26.544025] [INFO] [course_manager] 코스 삭제
[2026-08-11 17:26:43.236307] [INFO] [framework] 프로그램 시작
[2026-08-11 17:26:43.236313] [WARNING] [framework] 프로그램 시작
[2026-08-11 17:26:43.236315] [INFO] [framework] 설정 파일 위치 : ../configs/robot_7
[2026-08-11 17:26:43.236314] [CRITICAL] [framework] 프로그램 시작
[2026-08-11 17:27:18.499451] [INFO] [framework] 프로그램 시작
[2026-08-11 17:27:18.499456] [CRITICAL] [framework] 프로그램 시작
[2026-08-11 17:27:18.499453] [WARNING] [framework] 프로그램 시작
[2026-08-11 17:27:18.499456] [INFO] [framework] 설정 파일 위치 : ../configs/robot_7
[2026-08-11 17:27:18.499568] [INFO] [framework] ID[0, 7], 이름[장세븐], 제어주기[20ms], 버젼[], 장소[우리집], 환경모드[simulation]
[2026-08-11 17:27:18.499588] [INFO] [mediator] 생성
[2026-08-11 17:27:18.499604] [INFO] [graph_manager] 생성
[2026-08-11 17:27:18.527924] [INFO] [stop_server] 생성
[2026-08-11 17:27:18.527957] [INFO] [health_monitor] 생성
[2026-08-11 17:27:18.527979] [INFO] [path_server] 생성
[2026-08-11 17:27:18.527996] [INFO] [course_manager] 생성
[2026-08-11 17:27:18.528018] [INFO] [task::fsm] 생성
[2026-08-11 17:27:18.528019] [INFO] [task::fsm] idle
[2026-08-11 17:27:18.528021] [INFO] [course_manager] 코스 삭제
[2026-08-11 17:27:18.528022] [INFO] [path_server] 경로 삭제
[2026-08-11 17:27:18.528038] [INFO] [task_manager] 생성
[2026-08-11 17:27:18.528147] [INFO] [mediator] connectors 생성
[2026-08-11 17:27:18.528166] [INFO] [fms] 생성
[2026-08-11 17:27:18.528167] [INFO] [fms] 통신 드라이버 생성
[2026-08-11 17:27:18.528515] [INFO] [motions] 생성
[2026-08-11 17:27:18.528538] [INFO] [localizers] 생성
[2026-08-11 17:27:18.528642] [INFO] [localizers] 파라미터 : 

[2026-08-11 17:27:18.528661] [INFO] [safety_plc] 생성
[2026-08-11 17:27:18.528675] [INFO] [load_handler] 생성
[2026-08-11 17:27:18.528692] [INFO] [power_system] 생성
[2026-08-11 17:27:18.528825] [INFO] [power_system] 설정 정보 : remaining[40%, 10%, 5%]
[2026-08-11 17:27:18.529280] [INFO] [power_system] 알람 목록 : 
 • [100015, 100001] [INFO] 자동 충전 시작.
 • [100015, 100002] [INFO] 배터리 가득.
 • [100015, 400001] [CRIT] 배터리 남은 양 - 위험
 • [100015, 300001] [ERROR] 배터리 남은 양 - 에러
 • [100015, 200001] [WARN] 배터리 남은 양 - 주의
 • [100015, 100004] [INFO] 자동 충전 해제 완료.
 • [100015, 100003] [INFO] 자동 충전 해제 시작.
[2026-08-11 17:27:18.529283] [INFO] [mediator] connector 의존성 주입
[2026-08-11 17:27:18.529292] [INFO] [mediator] any map 등록
[2026-08-11 17:27:18.529301] [INFO] [mediator] any collector 등록
[2026-08-11 17:27:18.529306] [INFO] [mediator] any collector 목록 검사
[2026-08-11 17:27:18.529350] [INFO] [framework] after init 실행
[2026-08-11 17:27:18.529606] [INFO] [course_tracker] 생성
[2026-08-11 17:27:18.529622] [INFO] [course_tracker] 파라미터 : 
◈ node_bound[0.020m, 0.150m, 0.005m]
 • approach[0.150m, 0.050m/s, -0.005m, -0.200m, 0.100m]
 • align[(10.000°, 5.000°/s), 50.000°, 30.000°/s), 0.800°, -0.100°]
◈ motion param : 
 • reference_angle[0.000°, 45.000°]
 • threshold_angle[15.000°, 20.000°, 170.000°]
 • threshold_error[0.300°, 5.000°]
 • normal[0.150m/s, 8.000, 0.800m/s, 0.500]
 • angle[0.150m/s, 1.500, 0.800m/s, 2.100]
 • protection_overshoot[0.100m/s, 0.900, 0.500m/s, 0.900]
 • speed_rotation[15.000°/s]
[2026-08-11 17:27:18.529625] [INFO] [framework] 제어 쓰레드 시작
[2026-08-11 17:27:18.529671] [INFO] [path_server] 노드 초기화 성공 : 로봇 좌표[23.011m 11.503m -89.994°] 최단 거리 노드[105] 거리(0.011684m)
[2026-08-11 17:27:37.752790] [INFO] [framework] 프로그램 시작
[2026-08-11 17:27:37.752794] [WARNING] [framework] 프로그램 시작
[2026-08-11 17:27:37.752798] [INFO] [framework] 설정 파일 위치 : ../configs/robot_7
[2026-08-11 17:27:37.752796] [CRITICAL] [framework] 프로그램 시작
[2026-08-11 17:27:55.416378] [INFO] [framework] 프로그램 시작
[2026-08-11 17:27:55.416382] [WARNING] [framework] 프로그램 시작
[2026-08-11 17:27:55.416385] [INFO] [framework] 설정 파일 위치 : ../configs/robot_7
[2026-08-11 17:27:55.416384] [CRITICAL] [framework] 프로그램 시작
[2026-08-11 17:27:55.416510] [INFO] [framework] ID[0, 7], 이름[장세븐], 제어주기[20ms], 버젼[], 장소[우리집], 환경모드[simulation]
[2026-08-11 17:27:55.416530] [INFO] [mediator] 생성
[2026-08-11 17:27:55.416549] [INFO] [graph_manager] 생성
[2026-08-11 17:27:55.445694] [INFO] [stop_server] 생성
[2026-08-11 17:27:55.445714] [INFO] [health_monitor] 생성
[2026-08-11 17:27:55.445770] [INFO] [path_server] 생성
[2026-08-11 17:27:55.445817] [INFO] [course_manager] 생성
[2026-08-11 17:27:55.445845] [INFO] [task::fsm] 생성
[2026-08-11 17:27:55.445847] [INFO] [task::fsm] idle
[2026-08-11 17:27:55.445850] [INFO] [course_manager] 코스 삭제
[2026-08-11 17:27:55.445851] [INFO] [path_server] 경로 삭제
[2026-08-11 17:27:55.445873] [INFO] [task_manager] 생성
[2026-08-11 17:27:55.446038] [INFO] [mediator] connectors 생성
[2026-08-11 17:27:55.446069] [INFO] [fms] 생성
[2026-08-11 17:27:55.446262] [INFO] [fms] 통신 드라이버 생성
[2026-08-11 17:27:55.446664] [INFO] [motions] 생성
[2026-08-11 17:27:55.446773] [INFO] [localizers] 생성
[2026-08-11 17:27:55.446912] [INFO] [localizers] 파라미터 : 

[2026-08-11 17:27:55.446938] [INFO] [safety_plc] 생성
[2026-08-11 17:27:55.446957] [INFO] [load_handler] 생성
[2026-08-11 17:27:55.446980] [INFO] [power_system] 생성
[2026-08-11 17:27:55.447105] [INFO] [power_system] 설정 정보 : remaining[40%, 10%, 5%]
[2026-08-11 17:27:55.447630] [INFO] [power_system] 알람 목록 : 
 • [100015, 100001] [INFO] 자동 충전 시작.
 • [100015, 100002] [INFO] 배터리 가득.
 • [100015, 400001] [CRIT] 배터리 남은 양 - 위험
 • [100015, 300001] [ERROR] 배터리 남은 양 - 에러
 • [100015, 200001] [WARN] 배터리 남은 양 - 주의
 • [100015, 100004] [INFO] 자동 충전 해제 완료.
 • [100015, 100003] [INFO] 자동 충전 해제 시작.
[2026-08-11 17:27:55.447636] [INFO] [mediator] any map 등록
[2026-08-11 17:27:55.447634] [INFO] [mediator] connector 의존성 주입
[2026-08-11 17:27:55.447645] [INFO] [mediator] any collector 등록
[2026-08-11 17:27:55.447647] [INFO] [mediator] any collector 목록 검사
[2026-08-11 17:27:55.447708] [INFO] [framework] after init 실행
[2026-08-11 17:27:55.447970] [INFO] [course_tracker] 생성
[2026-08-11 17:27:55.447990] [INFO] [course_tracker] 파라미터 : 
◈ node_bound[0.020m, 0.150m, 0.005m]
 • approach[0.150m, 0.050m/s, -0.005m, -0.200m, 0.100m]
 • align[(10.000°, 5.000°/s), 50.000°, 30.000°/s), 0.800°, -0.100°]
◈ motion param : 
 • reference_angle[0.000°, 45.000°]
 • threshold_angle[15.000°, 20.000°, 170.000°]
 • threshold_error[0.300°, 5.000°]
 • normal[0.150m/s, 8.000, 0.800m/s, 0.500]
 • angle[0.150m/s, 1.500, 0.800m/s, 2.100]
 • protection_overshoot[0.100m/s, 0.900, 0.500m/s, 0.900]
 • speed_rotation[15.000°/s]
[2026-08-11 17:27:55.447993] [INFO] [framework] 제어 쓰레드 시작
[2026-08-11 17:27:55.448032] [INFO] [path_server] 노드 초기화 성공 : 로봇 좌표[23.011m 11.503m -89.994°] 최단 거리 노드[105] 거리(0.011684m)
[2026-08-11 17:28:11.437047] [INFO] [path_server] 새로운 경로 설정 : path[105 ➜ 30] time[0s] dist[23.8m] list[17] : 105-1173-1174-1175-1176-1177-1178-1081-1185-1186-1187-1188-1189-1190-1191-1192-30
[2026-08-11 17:28:11.437060] [INFO] [course_tracker] 방향 정렬 완료 
[2026-08-11 17:28:15.289578] [INFO] [path_server] 노드 업데이트 : [1173] ➜ [1174]
[2026-08-11 17:28:15.369523] [INFO] [path_server] 새로운 경로 설정 : path[1173 ➜ 30] time[0s] dist[22.3m] list[16] : 1173-1174-1175-1176-1177-1178-1081-1185-1186-1187-1188-1189-1190-1191-1192-30
[2026-08-11 17:28:18.863197] [INFO] [path_server] 노드 업데이트 : [1174] ➜ [1175]
[2026-08-11 17:28:18.923130] [INFO] [path_server] 새로운 경로 설정 : path[1174 ➜ 30] time[0s] dist[20.8m] list[15] : 1174-1175-1176-1177-1178-1081-1185-1186-1187-1188-1189-1190-1191-1192-30
[2026-08-11 17:28:20.000981] [INFO] [path_server] 노드 업데이트 : [1175] ➜ [1176]
[2026-08-11 17:28:20.060898] [INFO] [path_server] 새로운 경로 설정 : path[1175 ➜ 30] time[0s] dist[19.3m] list[14] : 1175-1176-1177-1178-1081-1185-1186-1187-1188-1189-1190-1191-1192-30
[2026-08-11 17:28:20.819645] [INFO] [path_server] 노드 업데이트 : [1176] ➜ [1177]
[2026-08-11 17:28:20.899505] [INFO] [path_server] 새로운 경로 설정 : path[1176 ➜ 30] time[0s] dist[17.8m] list[13] : 1176-1177-1178-1081-1185-1186-1187-1188-1189-1190-1191-1192-30
[2026-08-11 17:28:21.578265] [INFO] [path_server] 노드 업데이트 : [1177] ➜ [1178]
[2026-08-11 17:28:21.658213] [INFO] [path_server] 새로운 경로 설정 : path[1177 ➜ 30] time[0s] dist[16.3m] list[12] : 1177-1178-1081-1185-1186-1187-1188-1189-1190-1191-1192-30
[2026-08-11 17:28:22.336794] [INFO] [path_server] 노드 업데이트 : [1178] ➜ [1081]
[2026-08-11 17:28:22.396714] [INFO] [path_server] 새로운 경로 설정 : path[1178 ➜ 30] time[0s] dist[14.8m] list[11] : 1178-1081-1185-1186-1187-1188-1189-1190-1191-1192-30
[2026-08-11 17:28:23.075289] [INFO] [path_server] 노드 업데이트 : [1081] ➜ [1185]
[2026-08-11 17:28:23.155205] [INFO] [path_server] 새로운 경로 설정 : path[1081 ➜ 30] time[0s] dist[13.3m] list[10] : 1081-1185-1186-1187-1188-1189-1190-1191-1192-30
[2026-08-11 17:28:24.492656] [INFO] [path_server] 노드 업데이트 : [1185] ➜ [1186]
[2026-08-11 17:28:24.552596] [INFO] [path_server] 새로운 경로 설정 : path[1185 ➜ 30] time[0s] dist[11.8m] list[9] : 1185-1186-1187-1188-1189-1190-1191-1192-30
[2026-08-11 17:28:27.965823] [INFO] [path_server] 노드 업데이트 : [1186] ➜ [1187]
[2026-08-11 17:28:28.045715] [INFO] [path_server] 새로운 경로 설정 : path[1186 ➜ 30] time[0s] dist[10.3m] list[8] : 1186-1187-1188-1189-1190-1191-1192-30
[2026-08-11 17:28:29.083722] [INFO] [path_server] 노드 업데이트 : [1187] ➜ [1188]
[2026-08-11 17:28:29.143634] [INFO] [path_server] 새로운 경로 설정 : path[1187 ➜ 30] time[0s] dist[8.8m] list[7] : 1187-1188-1189-1190-1191-1192-30
[2026-08-11 17:28:29.902204] [INFO] [path_server] 노드 업데이트 : [1188] ➜ [1189]
[2026-08-11 17:28:29.982081] [INFO] [path_server] 새로운 경로 설정 : path[1188 ➜ 30] time[0s] dist[7.3m] list[6] : 1188-1189-1190-1191-1192-30
[2026-08-11 17:28:30.640757] [INFO] [path_server] 노드 업데이트 : [1189] ➜ [1190]
[2026-08-11 17:28:30.700648] [INFO] [path_server] 새로운 경로 설정 : path[1189 ➜ 30] time[0s] dist[5.8m] list[5] : 1189-1190-1191-1192-30
[2026-08-11 17:28:31.399240] [INFO] [path_server] 노드 업데이트 : [1190] ➜ [1191]
[2026-08-11 17:28:31.479105] [INFO] [path_server] 새로운 경로 설정 : path[1190 ➜ 30] time[0s] dist[4.3m] list[4] : 1190-1191-1192-30
[2026-08-11 17:28:32.137994] [INFO] [path_server] 노드 업데이트 : [1191] ➜ [1192]
[2026-08-11 17:28:32.197846] [INFO] [path_server] 새로운 경로 설정 : path[1191 ➜ 30] time[0s] dist[2.8m] list[3] : 1191-1192-30
[2026-08-11 17:28:33.395632] [INFO] [path_server] 노드 업데이트 : [1192] ➜ [30]
[2026-08-11 17:28:33.455560] [INFO] [path_server] 새로운 경로 설정 : path[1192 ➜ 30] time[0s] dist[1.3m] list[2] : 1192-30
[2026-08-11 17:28:36.968892] [INFO] [path_server] 노드 업데이트 : [30] ➜ [-1]
[2026-08-11 17:28:39.823632] [INFO] [course_tracker] 목적지에서 각도 정렬 : [34.800m 23.500m 0.000°]
[2026-08-11 17:28:40.562155] [INFO] [path_server] 노드 업데이트 : [30] ➜ [-1]
[2026-08-11 17:28:40.582058] [INFO] [task::fsm] go_from_done
[2026-08-11 17:28:40.622052] [INFO] [task::fsm] loading
[2026-08-11 17:28:40.622063] [INFO] [load_handler] 상차 시작
[2026-08-11 17:28:42.638519] [INFO] [load_handler] 상차 완료
[2026-08-11 17:28:42.658491] [INFO] [task::fsm] loading_done
[2026-08-11 17:28:42.718424] [INFO] [path_server] 새로운 경로 설정 : path[30 ➜ 34] time[0s] dist[27.2m] list[15] : 30-1301-1302-1303-1304-1305-1306-1307-1308-1309-1310-1311-1312-1313-34
[2026-08-11 17:28:43.836399] [INFO] [path_server] 노드 업데이트 : [1301] ➜ [1302]
[2026-08-11 17:28:43.916339] [INFO] [path_server] 새로운 경로 설정 : path[1301 ➜ 34] time[0s] dist[26m] list[14] : 1301-1302-1303-1304-1305-1306-1307-1308-1309-1310-1311-1312-1313-34
[2026-08-11 17:28:46.371815] [INFO] [path_server] 노드 업데이트 : [1302] ➜ [1303]
[2026-08-11 17:28:46.431734] [INFO] [path_server] 새로운 경로 설정 : path[1302 ➜ 34] time[0s] dist[24m] list[13] : 1302-1303-1304-1305-1306-1307-1308-1309-1310-1311-1312-1313-34
[2026-08-11 17:28:48.747030] [INFO] [path_server] 노드 업데이트 : [1303] ➜ [1304]
[2026-08-11 17:28:48.826907] [INFO] [path_server] 새로운 경로 설정 : path[1303 ➜ 34] time[0s] dist[22m] list[12] : 1303-1304-1305-1306-1307-1308-1309-1310-1311-1312-1313-34
[2026-08-11 17:28:51.382133] [INFO] [path_server] 노드 업데이트 : [1304] ➜ [1305]
[2026-08-11 17:28:51.442045] [INFO] [path_server] 새로운 경로 설정 : path[1304 ➜ 34] time[0s] dist[20m] list[11] : 1304-1305-1306-1307-1308-1309-1310-1311-1312-1313-34
[2026-08-11 17:28:53.778558] [INFO] [path_server] 노드 업데이트 : [1305] ➜ [1306]
[2026-08-11 17:28:53.838515] [INFO] [path_server] 새로운 경로 설정 : path[1305 ➜ 34] time[0s] dist[18m] list[10] : 1305-1306-1307-1308-1309-1310-1311-1312-1313-34
[2026-08-11 17:28:56.414504] [INFO] [path_server] 노드 업데이트 : [1306] ➜ [1307]
[2026-08-11 17:28:56.474405] [INFO] [path_server] 새로운 경로 설정 : path[1306 ➜ 34] time[0s] dist[16m] list[9] : 1306-1307-1308-1309-1310-1311-1312-1313-34
[2026-08-11 17:28:58.810155] [INFO] [path_server] 노드 업데이트 : [1307] ➜ [1308]
[2026-08-11 17:28:58.870080] [INFO] [path_server] 새로운 경로 설정 : path[1307 ➜ 34] time[0s] dist[14m] list[8] : 1307-1308-1309-1310-1311-1312-1313-34
[2026-08-11 17:29:01.445147] [INFO] [path_server] 노드 업데이트 : [1308] ➜ [1309]
[2026-08-11 17:29:01.505079] [INFO] [path_server] 새로운 경로 설정 : path[1308 ➜ 34] time[0s] dist[12m] list[7] : 1308-1309-1310-1311-1312-1313-34
[2026-08-11 17:29:03.840649] [INFO] [path_server] 노드 업데이트 : [1309] ➜ [1310]
[2026-08-11 17:29:03.900566] [INFO] [path_server] 새로운 경로 설정 : path[1309 ➜ 34] time[0s] dist[10m] list[6] : 1309-1310-1311-1312-1313-34
[2026-08-11 17:29:06.475545] [INFO] [path_server] 노드 업데이트 : [1310] ➜ [1311]
[2026-08-11 17:29:06.535466] [INFO] [path_server] 새로운 경로 설정 : path[1310 ➜ 34] time[0s] dist[8m] list[5] : 1310-1311-1312-1313-34
[2026-08-11 17:29:08.871143] [INFO] [path_server] 노드 업데이트 : [1311] ➜ [1312]
[2026-08-11 17:29:08.951056] [INFO] [path_server] 새로운 경로 설정 : path[1311 ➜ 34] time[0s] dist[6m] list[4] : 1311-1312-1313-34
[2026-08-11 17:29:11.605969] [INFO] [path_server] 노드 업데이트 : [1312] ➜ [1313]
[2026-08-11 17:29:11.665828] [INFO] [path_server] 새로운 경로 설정 : path[1312 ➜ 34] time[0s] dist[4m] list[3] : 1312-1313-34
[2026-08-11 17:29:15.458196] [INFO] [path_server] 노드 업데이트 : [1313] ➜ [34]
[2026-08-11 17:29:15.538095] [INFO] [path_server] 새로운 경로 설정 : path[1313 ➜ 34] time[0s] dist[2m] list[2] : 1313-34
[2026-08-11 17:29:18.093465] [INFO] [path_server] 노드 업데이트 : [34] ➜ [-1]
[2026-08-11 17:29:20.948176] [INFO] [course_tracker] 목적지에서 각도 정렬 : [50.000m 23.500m 0.000°]
[2026-08-11 17:29:21.666972] [INFO] [path_server] 노드 업데이트 : [34] ➜ [-1]
[2026-08-11 17:29:21.686981] [INFO] [task::fsm] go_to_done
[2026-08-11 17:29:21.746868] [INFO] [task::fsm] unloading
[2026-08-11 17:29:21.746876] [INFO] [load_handler] 하차 시작
[2026-08-11 17:29:23.762819] [INFO] [load_handler] 하차 완료
[2026-08-11 17:29:23.782825] [INFO] [task::fsm] unloading_done
[2026-08-11 17:29:23.842695] [INFO] [task::fsm] idle
[2026-08-11 17:29:23.842703] [INFO] [course_manager] 코스 삭제
[2026-08-11 17:29:23.842705] [INFO] [path_server] 경로 삭제
[2026-08-11 17:29:23.962525] [INFO] [path_server] 새로운 경로 설정 : path[34 ➜ 104] time[0s] dist[60m] list[41] : 34-1216-1215-1214-1213-1212-1211-1210-1209-1208-1207-1206-1205-1204-1203-1202-1195-1196-1197-1198-1199-1053-1054-1055-1056-1057-1058-1059-1060-1061-1062-1063-1064-1065-40-1067-1068-1069-1070-1071-104
[2026-08-11 17:29:25.439688] [INFO] [path_server] 노드 업데이트 : [1216] ➜ [1215]
[2026-08-11 17:29:25.519652] [INFO] [path_server] 새로운 경로 설정 : path[1216 ➜ 104] time[0s] dist[58.5m] list[40] : 1216-1215-1214-1213-1212-1211-1210-1209-1208-1207-1206-1205-1204-1203-1202-1195-1196-1197-1198-1199-1053-1054-1055-1056-1057-1058-1059-1060-1061-1062-1063-1064-1065-40-1067-1068-1069-1070-1071-104
[2026-08-11 17:29:29.092568] [INFO] [path_server] 노드 업데이트 : [1215] ➜ [1214]
[2026-08-11 17:29:29.172517] [INFO] [path_server] 새로운 경로 설정 : path[1215 ➜ 104] time[0s] dist[57m] list[39] : 1215-1214-1213-1212-1211-1210-1209-1208-1207-1206-1205-1204-1203-1202-1195-1196-1197-1198-1199-1053-1054-1055-1056-1057-1058-1059-1060-1061-1062-1063-1064-1065-40-1067-1068-1069-1070-1071-104
[2026-08-11 17:29:30.450037] [INFO] [path_server] 노드 업데이트 : [1214] ➜ [1213]
[2026-08-11 17:29:30.529995] [INFO] [path_server] 새로운 경로 설정 : path[1214 ➜ 104] time[0s] dist[55.5m] list[38] : 1214-1213-1212-1211-1210-1209-1208-1207-1206-1205-1204-1203-1202-1195-1196-1197-1198-1199-1053-1054-1055-1056-1057-1058-1059-1060-1061-1062-1063-1064-1065-40-1067-1068-1069-1070-1071-104
[2026-08-11 17:29:31.288391] [INFO] [path_server] 노드 업데이트 : [1213] ➜ [1212]
[2026-08-11 17:29:31.368338] [INFO] [path_server] 새로운 경로 설정 : path[1213 ➜ 104] time[0s] dist[54m] list[37] : 1213-1212-1211-1210-1209-1208-1207-1206-1205-1204-1203-1202-1195-1196-1197-1198-1199-1053-1054-1055-1056-1057-1058-1059-1060-1061-1062-1063-1064-1065-40-1067-1068-1069-1070-1071-104
[2026-08-11 17:29:34.981847] [INFO] [path_server] 노드 업데이트 : [1212] ➜ [1211]
[2026-08-11 17:29:35.041774] [INFO] [path_server] 새로운 경로 설정 : path[1212 ➜ 104] time[0s] dist[52.5m] list[36] : 1212-1211-1210-1209-1208-1207-1206-1205-1204-1203-1202-1195-1196-1197-1198-1199-1053-1054-1055-1056-1057-1058-1059-1060-1061-1062-1063-1064-1065-40-1067-1068-1069-1070-1071-104
[2026-08-11 17:29:36.339299] [INFO] [path_server] 노드 업데이트 : [1211] ➜ [1210]
[2026-08-11 17:29:36.419174] [INFO] [path_server] 새로운 경로 설정 : path[1211 ➜ 104] time[0s] dist[51m] list[35] : 1211-1210-1209-1208-1207-1206-1205-1204-1203-1202-1195-1196-1197-1198-1199-1053-1054-1055-1056-1057-1058-1059-1060-1061-1062-1063-1064-1065-40-1067-1068-1069-1070-1071-104
[2026-08-11 17:29:37.237638] [INFO] [path_server] 노드 업데이트 : [1210] ➜ [1209]
[2026-08-11 17:29:37.317552] [INFO] [path_server] 새로운 경로 설정 : path[1210 ➜ 104] time[0s] dist[49.5m] list[34] : 1210-1209-1208-1207-1206-1205-1204-1203-1202-1195-1196-1197-1198-1199-1053-1054-1055-1056-1057-1058-1059-1060-1061-1062-1063-1064-1065-40-1067-1068-1069-1070-1071-104
[2026-08-11 17:29:37.976377] [INFO] [path_server] 노드 업데이트 : [1209] ➜ [1208]
[2026-08-11 17:29:38.036314] [INFO] [path_server] 새로운 경로 설정 : path[1209 ➜ 104] time[0s] dist[48m] list[33] : 1209-1208-1207-1206-1205-1204-1203-1202-1195-1196-1197-1198-1199-1053-1054-1055-1056-1057-1058-1059-1060-1061-1062-1063-1064-1065-40-1067-1068-1069-1070-1071-104
[2026-08-11 17:29:38.735053] [INFO] [path_server] 노드 업데이트 : [1208] ➜ [1207]
[2026-08-11 17:29:38.814992] [INFO] [path_server] 새로운 경로 설정 : path[1208 ➜ 104] time[0s] dist[46.5m] list[32] : 1208-1207-1206-1205-1204-1203-1202-1195-1196-1197-1198-1199-1053-1054-1055-1056-1057-1058-1059-1060-1061-1062-1063-1064-1065-40-1067-1068-1069-1070-1071-104
[2026-08-11 17:29:39.493624] [INFO] [path_server] 노드 업데이트 : [1207] ➜ [1206]
[2026-08-11 17:29:39.576196] [INFO] [path_server] 새로운 경로 설정 : path[1207 ➜ 104] time[0s] dist[45m] list[31] : 1207-1206-1205-1204-1203-1202-1195-1196-1197-1198-1199-1053-1054-1055-1056-1057-1058-1059-1060-1061-1062-1063-1064-1065-40-1067-1068-1069-1070-1071-104
[2026-08-11 17:29:40.234772] [INFO] [path_server] 노드 업데이트 : [1206] ➜ [1205]
[2026-08-11 17:29:40.314664] [INFO] [path_server] 새로운 경로 설정 : path[1206 ➜ 104] time[0s] dist[43.5m] list[30] : 1206-1205-1204-1203-1202-1195-1196-1197-1198-1199-1053-1054-1055-1056-1057-1058-1059-1060-1061-1062-1063-1064-1065-40-1067-1068-1069-1070-1071-104
[2026-08-11 17:29:40.993220] [INFO] [path_server] 노드 업데이트 : [1205] ➜ [1204]
[2026-08-11 17:29:41.073165] [INFO] [path_server] 새로운 경로 설정 : path[1205 ➜ 104] time[0s] dist[42m] list[29] : 1205-1204-1203-1202-1195-1196-1197-1198-1199-1053-1054-1055-1056-1057-1058-1059-1060-1061-1062-1063-1064-1065-40-1067-1068-1069-1070-1071-104
[2026-08-11 17:29:41.731838] [INFO] [path_server] 노드 업데이트 : [1204] ➜ [1203]
[2026-08-11 17:29:41.811749] [INFO] [path_server] 새로운 경로 설정 : path[1204 ➜ 104] time[0s] dist[40.5m] list[28] : 1204-1203-1202-1195-1196-1197-1198-1199-1053-1054-1055-1056-1057-1058-1059-1060-1061-1062-1063-1064-1065-40-1067-1068-1069-1070-1071-104
[2026-08-11 17:29:42.490347] [INFO] [path_server] 노드 업데이트 : [1203] ➜ [1202]
[2026-08-11 17:29:42.570294] [INFO] [path_server] 새로운 경로 설정 : path[1203 ➜ 104] time[0s] dist[39m] list[27] : 1203-1202-1195-1196-1197-1198-1199-1053-1054-1055-1056-1057-1058-1059-1060-1061-1062-1063-1064-1065-40-1067-1068-1069-1070-1071-104
[2026-08-11 17:29:43.228959] [INFO] [path_server] 노드 업데이트 : [1202] ➜ [1195]
[2026-08-11 17:29:43.308811] [INFO] [path_server] 새로운 경로 설정 : path[1202 ➜ 104] time[0s] dist[37.5m] list[26] : 1202-1195-1196-1197-1198-1199-1053-1054-1055-1056-1057-1058-1059-1060-1061-1062-1063-1064-1065-40-1067-1068-1069-1070-1071-104
[2026-08-11 17:29:43.987453] [INFO] [path_server] 노드 업데이트 : [1195] ➜ [1196]
[2026-08-11 17:29:44.067394] [INFO] [path_server] 새로운 경로 설정 : path[1195 ➜ 104] time[0s] dist[36m] list[25] : 1195-1196-1197-1198-1199-1053-1054-1055-1056-1057-1058-1059-1060-1061-1062-1063-1064-1065-40-1067-1068-1069-1070-1071-104
[2026-08-11 17:29:45.225029] [INFO] [path_server] 노드 업데이트 : [1196] ➜ [1197]
[2026-08-11 17:29:45.284933] [INFO] [path_server] 새로운 경로 설정 : path[1196 ➜ 104] time[0s] dist[34.5m] list[24] : 1196-1197-1198-1199-1053-1054-1055-1056-1057-1058-1059-1060-1061-1062-1063-1064-1065-40-1067-1068-1069-1070-1071-104
[2026-08-11 17:29:48.518436] [INFO] [path_server] 노드 업데이트 : [1197] ➜ [1198]
[2026-08-11 17:29:48.598344] [INFO] [path_server] 새로운 경로 설정 : path[1197 ➜ 104] time[0s] dist[33m] list[23] : 1197-1198-1199-1053-1054-1055-1056-1057-1058-1059-1060-1061-1062-1063-1064-1065-40-1067-1068-1069-1070-1071-104
[2026-08-11 17:29:49.676244] [INFO] [path_server] 노드 업데이트 : [1198] ➜ [1199]
[2026-08-11 17:29:49.756156] [INFO] [path_server] 새로운 경로 설정 : path[1198 ➜ 104] time[0s] dist[31.5m] list[22] : 1198-1199-1053-1054-1055-1056-1057-1058-1059-1060-1061-1062-1063-1064-1065-40-1067-1068-1069-1070-1071-104
[2026-08-11 17:29:50.514536] [INFO] [path_server] 노드 업데이트 : [1199] ➜ [1053]
[2026-08-11 17:29:50.594419] [INFO] [path_server] 새로운 경로 설정 : path[1199 ➜ 104] time[0s] dist[30m] list[21] : 1199-1053-1054-1055-1056-1057-1058-1059-1060-1061-1062-1063-1064-1065-40-1067-1068-1069-1070-1071-104
[2026-08-11 17:29:51.273011] [INFO] [path_server] 노드 업데이트 : [1053] ➜ [1054]
[2026-08-11 17:29:51.352935] [INFO] [path_server] 새로운 경로 설정 : path[1053 ➜ 104] time[0s] dist[28.5m] list[20] : 1053-1054-1055-1056-1057-1058-1059-1060-1061-1062-1063-1064-1065-40-1067-1068-1069-1070-1071-104
[2026-08-11 17:29:52.011809] [INFO] [path_server] 노드 업데이트 : [1054] ➜ [1055]
[2026-08-11 17:29:52.091668] [INFO] [path_server] 새로운 경로 설정 : path[1054 ➜ 104] time[0s] dist[27m] list[19] : 1054-1055-1056-1057-1058-1059-1060-1061-1062-1063-1064-1065-40-1067-1068-1069-1070-1071-104
[2026-08-11 17:29:52.770299] [INFO] [path_server] 노드 업데이트 : [1055] ➜ [1056]
[2026-08-11 17:29:52.850191] [INFO] [path_server] 새로운 경로 설정 : path[1055 ➜ 104] time[0s] dist[25.5m] list[18] : 1055-1056-1057-1058-1059-1060-1061-1062-1063-1064-1065-40-1067-1068-1069-1070-1071-104
[2026-08-11 17:29:53.987984] [INFO] [path_server] 노드 업데이트 : [1056] ➜ [1057]
[2026-08-11 17:29:54.067821] [INFO] [path_server] 새로운 경로 설정 : path[1056 ➜ 104] time[0s] dist[24m] list[17] : 1056-1057-1058-1059-1060-1061-1062-1063-1064-1065-40-1067-1068-1069-1070-1071-104
[2026-08-11 17:29:57.281575] [INFO] [path_server] 노드 업데이트 : [1057] ➜ [1058]
[2026-08-11 17:29:57.361465] [INFO] [path_server] 새로운 경로 설정 : path[1057 ➜ 104] time[0s] dist[22.5m] list[16] : 1057-1058-1059-1060-1061-1062-1063-1064-1065-40-1067-1068-1069-1070-1071-104
[2026-08-11 17:29:58.439280] [INFO] [path_server] 노드 업데이트 : [1058] ➜ [1059]
[2026-08-11 17:29:58.519147] [INFO] [path_server] 새로운 경로 설정 : path[1058 ➜ 104] time[0s] dist[21m] list[15] : 1058-1059-1060-1061-1062-1063-1064-1065-40-1067-1068-1069-1070-1071-104
[2026-08-11 17:29:59.277613] [INFO] [path_server] 노드 업데이트 : [1059] ➜ [1060]
[2026-08-11 17:29:59.357541] [INFO] [path_server] 새로운 경로 설정 : path[1059 ➜ 104] time[0s] dist[19.5m] list[14] : 1059-1060-1061-1062-1063-1064-1065-40-1067-1068-1069-1070-1071-104
[2026-08-11 17:30:00.036180] [INFO] [path_server] 노드 업데이트 : [1060] ➜ [1061]
[2026-08-11 17:30:00.096080] [INFO] [path_server] 새로운 경로 설정 : path[1060 ➜ 104] time[0s] dist[18m] list[13] : 1060-1061-1062-1063-1064-1065-40-1067-1068-1069-1070-1071-104
[2026-08-11 17:30:00.774682] [INFO] [path_server] 노드 업데이트 : [1061] ➜ [1062]
[2026-08-11 17:30:00.854600] [INFO] [path_server] 새로운 경로 설정 : path[1061 ➜ 104] time[0s] dist[16.5m] list[12] : 1061-1062-1063-1064-1065-40-1067-1068-1069-1070-1071-104
[2026-08-11 17:30:01.533262] [INFO] [path_server] 노드 업데이트 : [1062] ➜ [1063]
[2026-08-11 17:30:01.593171] [INFO] [path_server] 새로운 경로 설정 : path[1062 ➜ 104] time[0s] dist[15m] list[11] : 1062-1063-1064-1065-40-1067-1068-1069-1070-1071-104
[2026-08-11 17:30:02.272094] [INFO] [path_server] 노드 업데이트 : [1063] ➜ [1064]
[2026-08-11 17:30:02.352015] [INFO] [path_server] 새로운 경로 설정 : path[1063 ➜ 104] time[0s] dist[13.5m] list[10] : 1063-1064-1065-40-1067-1068-1069-1070-1071-104
[2026-08-11 17:30:03.030669] [INFO] [path_server] 노드 업데이트 : [1064] ➜ [1065]
[2026-08-11 17:30:03.090550] [INFO] [path_server] 새로운 경로 설정 : path[1064 ➜ 104] time[0s] dist[12m] list[9] : 1064-1065-40-1067-1068-1069-1070-1071-104
[2026-08-11 17:30:03.769134] [INFO] [path_server] 노드 업데이트 : [1065] ➜ [40]
[2026-08-11 17:30:03.849036] [INFO] [path_server] 새로운 경로 설정 : path[1065 ➜ 104] time[0s] dist[10.5m] list[8] : 1065-40-1067-1068-1069-1070-1071-104
[2026-08-11 17:30:04.527666] [INFO] [path_server] 노드 업데이트 : [40] ➜ [1067]
[2026-08-11 17:30:04.587562] [INFO] [path_server] 새로운 경로 설정 : path[40 ➜ 104] time[0s] dist[9m] list[7] : 40-1067-1068-1069-1070-1071-104
[2026-08-11 17:30:05.286185] [INFO] [path_server] 노드 업데이트 : [1067] ➜ [1068]
[2026-08-11 17:30:05.366012] [INFO] [path_server] 새로운 경로 설정 : path[1067 ➜ 104] time[0s] dist[7.5m] list[6] : 1067-1068-1069-1070-1071-104
[2026-08-11 17:30:06.024753] [INFO] [path_server] 노드 업데이트 : [1068] ➜ [1069]
[2026-08-11 17:30:06.084635] [INFO] [path_server] 새로운 경로 설정 : path[1068 ➜ 104] time[0s] dist[6m] list[5] : 1068-1069-1070-1071-104
[2026-08-11 17:30:06.783266] [INFO] [path_server] 노드 업데이트 : [1069] ➜ [1070]
[2026-08-11 17:30:06.863122] [INFO] [path_server] 새로운 경로 설정 : path[1069 ➜ 104] time[0s] dist[4.5m] list[4] : 1069-1070-1071-104
[2026-08-11 17:30:07.521832] [INFO] [path_server] 노드 업데이트 : [1070] ➜ [1071]
[2026-08-11 17:30:07.581746] [INFO] [path_server] 새로운 경로 설정 : path[1070 ➜ 104] time[0s] dist[3m] list[3] : 1070-1071-104
[2026-08-11 17:30:08.859307] [INFO] [path_server] 노드 업데이트 : [1071] ➜ [104]
[2026-08-11 17:30:08.939219] [INFO] [path_server] 새로운 경로 설정 : path[1071 ➜ 104] time[0s] dist[1.5m] list[2] : 1071-104
[2026-08-11 17:30:12.831508] [INFO] [path_server] 노드 업데이트 : [104] ➜ [-1]
[2026-08-11 17:30:15.666073] [INFO] [course_tracker] 목적지에서 각도 정렬 : [9.500m 19.000m 0.000°]
[2026-08-11 17:30:16.683990] [INFO] [path_server] 노드 업데이트 : [104] ➜ [-1]
[2026-08-11 17:30:16.703998] [INFO] [task::fsm] push_done
[2026-08-11 17:30:16.763899] [INFO] [task::fsm] charging
[2026-08-11 17:30:16.763909] [INFO] [power_system] 충전 프로세스 시작
[2026-08-11 17:30:16.763933] [INFO] [health_monitor] [등록][100015, 100001] : 자동 충전 시작.
[2026-08-11 17:30:21.773809] [INFO] [health_monitor] [삭제][100015, 100001] : 자동 충전 시작.
[2026-08-11 17:30:45.607618] [INFO] [power_system] 충전 완료
[2026-08-11 17:30:45.607637] [INFO] [health_monitor] [등록][100015, 100002] : 배터리 가득.
[2026-08-11 17:30:45.607641] [INFO] [health_monitor] [등록][100015, 100003] : 자동 충전 해제 시작.
[2026-08-11 17:30:50.618220] [INFO] [health_monitor] [삭제][100015, 100002] : 배터리 가득.
[2026-08-11 17:30:50.618227] [INFO] [health_monitor] [삭제][100015, 100003] : 자동 충전 해제 시작.
[2026-08-11 17:30:50.638193] [INFO] [power_system] 충전 해제 완료
[2026-08-11 17:30:50.638206] [INFO] [health_monitor] [등록][100015, 100004] : 자동 충전 해제 완료.
[2026-08-11 17:30:50.658120] [INFO] [power_system] 충전 해제 프로세스 시작
[2026-08-11 17:30:50.658133] [INFO] [health_monitor] [등록][100015, 100003] : 자동 충전 해제 시작.
[2026-08-11 17:30:50.658109] [INFO] [task::fsm] discharging
[2026-08-11 17:30:50.678112] [INFO] [task::fsm] idle
[2026-08-11 17:30:50.678119] [INFO] [course_manager] 코스 삭제
[2026-08-11 17:30:50.678120] [INFO] [path_server] 경로 삭제
[2026-08-11 17:30:50.718042] [INFO] [task::fsm] idle
[2026-08-11 17:30:50.718050] [INFO] [path_server] 경로 삭제
[2026-08-11 17:30:50.718049] [INFO] [course_manager] 코스 삭제
[2026-08-11 17:30:55.648351] [INFO] [health_monitor] [삭제][100015, 100004] : 자동 충전 해제 완료.
[2026-08-11 17:30:55.668252] [INFO] [health_monitor] [삭제][100015, 100003] : 자동 충전 해제 시작.
[2026-08-11 17:31:04.191011] [INFO] [path_server] 새로운 경로 설정 : path[104 ➜ 201] time[0s] dist[18m] list[13] : 104-1071-1072-1073-1074-1075-1076-1159-1158-1157-1160-1161-201
[2026-08-11 17:31:08.043193] [INFO] [path_server] 노드 업데이트 : [1071] ➜ [1072]
[2026-08-11 17:31:08.123129] [INFO] [path_server] 새로운 경로 설정 : path[1071 ➜ 201] time[0s] dist[16.5m] list[12] : 1071-1072-1073-1074-1075-1076-1159-1158-1157-1160-1161-201
[2026-08-11 17:31:11.636116] [INFO] [path_server] 노드 업데이트 : [1072] ➜ [1073]
[2026-08-11 17:31:11.716009] [INFO] [path_server] 새로운 경로 설정 : path[1072 ➜ 201] time[0s] dist[15m] list[11] : 1072-1073-1074-1075-1076-1159-1158-1157-1160-1161-201
[2026-08-11 17:31:12.753891] [INFO] [path_server] 노드 업데이트 : [1073] ➜ [1074]
[2026-08-11 17:31:12.813829] [INFO] [path_server] 새로운 경로 설정 : path[1073 ➜ 201] time[0s] dist[13.5m] list[10] : 1073-1074-1075-1076-1159-1158-1157-1160-1161-201
[2026-08-11 17:31:13.572252] [INFO] [path_server] 노드 업데이트 : [1074] ➜ [1075]
[2026-08-11 17:31:13.672088] [INFO] [path_server] 새로운 경로 설정 : path[1074 ➜ 201] time[0s] dist[12m] list[9] : 1074-1075-1076-1159-1158-1157-1160-1161-201
[2026-08-11 17:31:14.330742] [INFO] [path_server] 노드 업데이트 : [1075] ➜ [1076]
[2026-08-11 17:31:14.410601] [INFO] [path_server] 새로운 경로 설정 : path[1075 ➜ 201] time[0s] dist[10.5m] list[8] : 1075-1076-1159-1158-1157-1160-1161-201
[2026-08-11 17:31:15.728011] [INFO] [path_server] 노드 업데이트 : [1076] ➜ [1159]
[2026-08-11 17:31:15.787911] [INFO] [path_server] 새로운 경로 설정 : path[1076 ➜ 201] time[0s] dist[9m] list[7] : 1076-1159-1158-1157-1160-1161-201
[2026-08-11 17:31:19.201033] [INFO] [path_server] 노드 업데이트 : [1159] ➜ [1158]
[2026-08-11 17:31:19.260938] [INFO] [path_server] 새로운 경로 설정 : path[1159 ➜ 201] time[0s] dist[7.5m] list[6] : 1159-1158-1157-1160-1161-201
[2026-08-11 17:31:20.298974] [INFO] [path_server] 노드 업데이트 : [1158] ➜ [1157]
[2026-08-11 17:31:20.378886] [INFO] [path_server] 새로운 경로 설정 : path[1158 ➜ 201] time[0s] dist[6m] list[5] : 1158-1157-1160-1161-201
[2026-08-11 17:31:21.716164] [INFO] [path_server] 노드 업데이트 : [1157] ➜ [1160]
[2026-08-11 17:31:21.776088] [INFO] [path_server] 새로운 경로 설정 : path[1157 ➜ 201] time[0s] dist[4.5m] list[4] : 1157-1160-1161-201
[2026-08-11 17:31:25.169306] [INFO] [path_server] 노드 업데이트 : [1160] ➜ [1161]
[2026-08-11 17:31:25.249171] [INFO] [path_server] 새로운 경로 설정 : path[1160 ➜ 201] time[0s] dist[3m] list[3] : 1160-1161-201
[2026-08-11 17:31:27.923900] [INFO] [path_server] 노드 업데이트 : [1161] ➜ [201]
[2026-08-11 17:31:27.983786] [INFO] [path_server] 새로운 경로 설정 : path[1161 ➜ 201] time[0s] dist[1.5m] list[2] : 1161-201
[2026-08-11 17:31:32.096131] [INFO] [path_server] 노드 업데이트 : [201] ➜ [-1]
[2026-08-11 17:31:34.930710] [INFO] [course_tracker] 목적지에서 각도 정렬 : [5.000m 14.500m 0.000°]
[2026-08-11 17:31:36.028659] [INFO] [path_server] 노드 업데이트 : [201] ➜ [-1]
[2026-08-11 17:31:36.048664] [INFO] [task::fsm] push_done
[2026-08-11 17:31:36.108540] [INFO] [task::fsm] idle
[2026-08-11 17:31:36.108549] [INFO] [path_server] 경로 삭제
[2026-08-11 17:31:36.108547] [INFO] [course_manager] 코스 삭제
[2026-08-11 17:32:23.575593] [INFO] [path_server] 새로운 경로 설정 : path[201 ➜ 102] time[0s] dist[63m] list[43] : 201-1161-1162-1163-1164-1165-1166-1167-1168-41-1170-1171-1172-1173-1174-1175-1176-1177-1178-1081-1185-1186-1187-1188-1056-1057-1058-1059-1060-1061-1062-1063-1064-1065-40-1067-1068-1069-1070-1071-1072-1073-102
[2026-08-11 17:32:25.731413] [INFO] [path_server] 노드 업데이트 : [1161] ➜ [1162]
[2026-08-11 17:32:25.831253] [INFO] [path_server] 새로운 경로 설정 : path[1161 ➜ 102] time[0s] dist[61.5m] list[42] : 1161-1162-1163-1164-1165-1166-1167-1168-41-1170-1171-1172-1173-1174-1175-1176-1177-1178-1081-1185-1186-1187-1188-1056-1057-1058-1059-1060-1061-1062-1063-1064-1065-40-1067-1068-1069-1070-1071-1072-1073-102
[2026-08-11 17:32:29.084827] [INFO] [path_server] 노드 업데이트 : [1162] ➜ [1163]
[2026-08-11 17:32:29.144751] [INFO] [path_server] 새로운 경로 설정 : path[1162 ➜ 102] time[0s] dist[60m] list[41] : 1162-1163-1164-1165-1166-1167-1168-41-1170-1171-1172-1173-1174-1175-1176-1177-1178-1081-1185-1186-1187-1188-1056-1057-1058-1059-1060-1061-1062-1063-1064-1065-40-1067-1068-1069-1070-1071-1072-1073-102
[2026-08-11 17:32:30.202506] [INFO] [path_server] 노드 업데이트 : [1163] ➜ [1164]
[2026-08-11 17:32:30.282405] [INFO] [path_server] 새로운 경로 설정 : path[1163 ➜ 102] time[0s] dist[58.5m] list[40] : 1163-1164-1165-1166-1167-1168-41-1170-1171-1172-1173-1174-1175-1176-1177-1178-1081-1185-1186-1187-1188-1056-1057-1058-1059-1060-1061-1062-1063-1064-1065-40-1067-1068-1069-1070-1071-1072-1073-102
[2026-08-11 17:32:31.040743] [INFO] [path_server] 노드 업데이트 : [1164] ➜ [1165]
[2026-08-11 17:32:31.120633] [INFO] [path_server] 새로운 경로 설정 : path[1164 ➜ 102] time[0s] dist[57m] list[39] : 1164-1165-1166-1167-1168-41-1170-1171-1172-1173-1174-1175-1176-1177-1178-1081-1185-1186-1187-1188-1056-1057-1058-1059-1060-1061-1062-1063-1064-1065-40-1067-1068-1069-1070-1071-1072-1073-102
[2026-08-11 17:32:31.779224] [INFO] [path_server] 노드 업데이트 : [1165] ➜ [1166]
[2026-08-11 17:32:31.839154] [INFO] [path_server] 새로운 경로 설정 : path[1165 ➜ 102] time[0s] dist[55.5m] list[38] : 1165-1166-1167-1168-41-1170-1171-1172-1173-1174-1175-1176-1177-1178-1081-1185-1186-1187-1188-1056-1057-1058-1059-1060-1061-1062-1063-1064-1065-40-1067-1068-1069-1070-1071-1072-1073-102
[2026-08-11 17:32:32.537692] [INFO] [path_server] 노드 업데이트 : [1166] ➜ [1167]
[2026-08-11 17:32:32.617576] [INFO] [path_server] 새로운 경로 설정 : path[1166 ➜ 102] time[0s] dist[54m] list[37] : 1166-1167-1168-41-1170-1171-1172-1173-1174-1175-1176-1177-1178-1081-1185-1186-1187-1188-1056-1057-1058-1059-1060-1061-1062-1063-1064-1065-40-1067-1068-1069-1070-1071-1072-1073-102
[2026-08-11 17:32:33.276246] [INFO] [path_server] 노드 업데이트 : [1167] ➜ [1168]
[2026-08-11 17:32:33.336121] [INFO] [path_server] 새로운 경로 설정 : path[1167 ➜ 102] time[0s] dist[52.5m] list[36] : 1167-1168-41-1170-1171-1172-1173-1174-1175-1176-1177-1178-1081-1185-1186-1187-1188-1056-1057-1058-1059-1060-1061-1062-1063-1064-1065-40-1067-1068-1069-1070-1071-1072-1073-102
[2026-08-11 17:32:34.034762] [INFO] [path_server] 노드 업데이트 : [1168] ➜ [41]
[2026-08-11 17:32:34.114619] [INFO] [path_server] 새로운 경로 설정 : path[1168 ➜ 102] time[0s] dist[51m] list[35] : 1168-41-1170-1171-1172-1173-1174-1175-1176-1177-1178-1081-1185-1186-1187-1188-1056-1057-1058-1059-1060-1061-1062-1063-1064-1065-40-1067-1068-1069-1070-1071-1072-1073-102
[2026-08-11 17:32:34.793105] [INFO] [path_server] 노드 업데이트 : [41] ➜ [1170]
[2026-08-11 17:32:34.873043] [INFO] [path_server] 새로운 경로 설정 : path[41 ➜ 102] time[0s] dist[49.5m] list[34] : 41-1170-1171-1172-1173-1174-1175-1176-1177-1178-1081-1185-1186-1187-1188-1056-1057-1058-1059-1060-1061-1062-1063-1064-1065-40-1067-1068-1069-1070-1071-1072-1073-102
[2026-08-11 17:32:35.531606] [INFO] [path_server] 노드 업데이트 : [1170] ➜ [1171]
[2026-08-11 17:32:35.611498] [INFO] [path_server] 새로운 경로 설정 : path[1170 ➜ 102] time[0s] dist[48m] list[33] : 1170-1171-1172-1173-1174-1175-1176-1177-1178-1081-1185-1186-1187-1188-1056-1057-1058-1059-1060-1061-1062-1063-1064-1065-40-1067-1068-1069-1070-1071-1072-1073-102
[2026-08-11 17:32:36.290275] [INFO] [path_server] 노드 업데이트 : [1171] ➜ [1172]
[2026-08-11 17:32:36.370209] [INFO] [path_server] 새로운 경로 설정 : path[1171 ➜ 102] time[0s] dist[46.5m] list[32] : 1171-1172-1173-1174-1175-1176-1177-1178-1081-1185-1186-1187-1188-1056-1057-1058-1059-1060-1061-1062-1063-1064-1065-40-1067-1068-1069-1070-1071-1072-1073-102
[2026-08-11 17:32:37.028762] [INFO] [path_server] 노드 업데이트 : [1172] ➜ [1173]
[2026-08-11 17:32:37.108645] [INFO] [path_server] 새로운 경로 설정 : path[1172 ➜ 102] time[0s] dist[45m] list[31] : 1172-1173-1174-1175-1176-1177-1178-1081-1185-1186-1187-1188-1056-1057-1058-1059-1060-1061-1062-1063-1064-1065-40-1067-1068-1069-1070-1071-1072-1073-102
[2026-08-11 17:32:37.787158] [INFO] [path_server] 노드 업데이트 : [1173] ➜ [1174]
[2026-08-11 17:32:37.867088] [INFO] [path_server] 새로운 경로 설정 : path[1173 ➜ 102] time[0s] dist[43.5m] list[30] : 1173-1174-1175-1176-1177-1178-1081-1185-1186-1187-1188-1056-1057-1058-1059-1060-1061-1062-1063-1064-1065-40-1067-1068-1069-1070-1071-1072-1073-102
[2026-08-11 17:32:38.525829] [INFO] [path_server] 노드 업데이트 : [1174] ➜ [1175]
[2026-08-11 17:32:38.605659] [INFO] [path_server] 새로운 경로 설정 : path[1174 ➜ 102] time[0s] dist[42m] list[29] : 1174-1175-1176-1177-1178-1081-1185-1186-1187-1188-1056-1057-1058-1059-1060-1061-1062-1063-1064-1065-40-1067-1068-1069-1070-1071-1072-1073-102
[2026-08-11 17:32:39.284481] [INFO] [path_server] 노드 업데이트 : [1175] ➜ [1176]
[2026-08-11 17:32:39.364419] [INFO] [path_server] 새로운 경로 설정 : path[1175 ➜ 102] time[0s] dist[40.5m] list[28] : 1175-1176-1177-1178-1081-1185-1186-1187-1188-1056-1057-1058-1059-1060-1061-1062-1063-1064-1065-40-1067-1068-1069-1070-1071-1072-1073-102
[2026-08-11 17:32:40.043301] [INFO] [path_server] 노드 업데이트 : [1176] ➜ [1177]
[2026-08-11 17:32:40.123251] [INFO] [path_server] 새로운 경로 설정 : path[1176 ➜ 102] time[0s] dist[39m] list[27] : 1176-1177-1178-1081-1185-1186-1187-1188-1056-1057-1058-1059-1060-1061-1062-1063-1064-1065-40-1067-1068-1069-1070-1071-1072-1073-102
[2026-08-11 17:32:40.782001] [INFO] [path_server] 노드 업데이트 : [1177] ➜ [1178]
[2026-08-11 17:32:40.861854] [INFO] [path_server] 새로운 경로 설정 : path[1177 ➜ 102] time[0s] dist[37.5m] list[26] : 1177-1178-1081-1185-1186-1187-1188-1056-1057-1058-1059-1060-1061-1062-1063-1064-1065-40-1067-1068-1069-1070-1071-1072-1073-102
[2026-08-11 17:32:41.540558] [INFO] [path_server] 노드 업데이트 : [1178] ➜ [1081]
[2026-08-11 17:32:41.620502] [INFO] [path_server] 새로운 경로 설정 : path[1178 ➜ 102] time[0s] dist[36m] list[25] : 1178-1081-1185-1186-1187-1188-1056-1057-1058-1059-1060-1061-1062-1063-1064-1065-40-1067-1068-1069-1070-1071-1072-1073-102
[2026-08-11 17:32:42.279181] [INFO] [path_server] 노드 업데이트 : [1081] ➜ [1185]
[2026-08-11 17:32:42.359051] [INFO] [path_server] 새로운 경로 설정 : path[1081 ➜ 102] time[0s] dist[34.5m] list[24] : 1081-1185-1186-1187-1188-1056-1057-1058-1059-1060-1061-1062-1063-1064-1065-40-1067-1068-1069-1070-1071-1072-1073-102
[2026-08-11 17:32:43.682283] [INFO] [path_server] 노드 업데이트 : [1185] ➜ [1186]
[2026-08-11 17:32:43.762409] [INFO] [path_server] 새로운 경로 설정 : path[1185 ➜ 102] time[0s] dist[33m] list[23] : 1185-1186-1187-1188-1056-1057-1058-1059-1060-1061-1062-1063-1064-1065-40-1067-1068-1069-1070-1071-1072-1073-102
[2026-08-11 17:32:47.158679] [INFO] [path_server] 노드 업데이트 : [1186] ➜ [1187]
[2026-08-11 17:32:47.238545] [INFO] [path_server] 새로운 경로 설정 : path[1186 ➜ 102] time[0s] dist[31.5m] list[22] : 1186-1187-1188-1056-1057-1058-1059-1060-1061-1062-1063-1064-1065-40-1067-1068-1069-1070-1071-1072-1073-102
[2026-08-11 17:32:48.276379] [INFO] [path_server] 노드 업데이트 : [1187] ➜ [1188]
[2026-08-11 17:32:48.356311] [INFO] [path_server] 새로운 경로 설정 : path[1187 ➜ 102] time[0s] dist[30m] list[21] : 1187-1188-1056-1057-1058-1059-1060-1061-1062-1063-1064-1065-40-1067-1068-1069-1070-1071-1072-1073-102
[2026-08-11 17:32:49.513976] [INFO] [path_server] 노드 업데이트 : [1188] ➜ [1056]
[2026-08-11 17:32:49.573853] [INFO] [path_server] 새로운 경로 설정 : path[1188 ➜ 102] time[0s] dist[28.5m] list[20] : 1188-1056-1057-1058-1059-1060-1061-1062-1063-1064-1065-40-1067-1068-1069-1070-1071-1072-1073-102
[2026-08-11 17:32:52.787326] [INFO] [path_server] 노드 업데이트 : [1056] ➜ [1057]
[2026-08-11 17:32:52.847251] [INFO] [path_server] 새로운 경로 설정 : path[1056 ➜ 102] time[0s] dist[27m] list[19] : 1056-1057-1058-1059-1060-1061-1062-1063-1064-1065-40-1067-1068-1069-1070-1071-1072-1073-102
[2026-08-11 17:32:53.945013] [INFO] [path_server] 노드 업데이트 : [1057] ➜ [1058]
[2026-08-11 17:32:54.024972] [INFO] [path_server] 새로운 경로 설정 : path[1057 ➜ 102] time[0s] dist[25.5m] list[18] : 1057-1058-1059-1060-1061-1062-1063-1064-1065-40-1067-1068-1069-1070-1071-1072-1073-102
[2026-08-11 17:32:54.783348] [INFO] [path_server] 노드 업데이트 : [1058] ➜ [1059]
[2026-08-11 17:32:54.863284] [INFO] [path_server] 새로운 경로 설정 : path[1058 ➜ 102] time[0s] dist[24m] list[17] : 1058-1059-1060-1061-1062-1063-1064-1065-40-1067-1068-1069-1070-1071-1072-1073-102
[2026-08-11 17:32:55.541879] [INFO] [path_server] 노드 업데이트 : [1059] ➜ [1060]
[2026-08-11 17:32:55.601815] [INFO] [path_server] 새로운 경로 설정 : path[1059 ➜ 102] time[0s] dist[22.5m] list[16] : 1059-1060-1061-1062-1063-1064-1065-40-1067-1068-1069-1070-1071-1072-1073-102
[2026-08-11 17:32:56.280387] [INFO] [path_server] 노드 업데이트 : [1060] ➜ [1061]
[2026-08-11 17:32:56.360307] [INFO] [path_server] 새로운 경로 설정 : path[1060 ➜ 102] time[0s] dist[21m] list[15] : 1060-1061-1062-1063-1064-1065-40-1067-1068-1069-1070-1071-1072-1073-102
[2026-08-11 17:32:57.038956] [INFO] [path_server] 노드 업데이트 : [1061] ➜ [1062]
[2026-08-11 17:32:57.098892] [INFO] [path_server] 새로운 경로 설정 : path[1061 ➜ 102] time[0s] dist[19.5m] list[14] : 1061-1062-1063-1064-1065-40-1067-1068-1069-1070-1071-1072-1073-102
[2026-08-11 17:32:57.777378] [INFO] [path_server] 노드 업데이트 : [1062] ➜ [1063]
[2026-08-11 17:32:57.857298] [INFO] [path_server] 새로운 경로 설정 : path[1062 ➜ 102] time[0s] dist[18m] list[13] : 1062-1063-1064-1065-40-1067-1068-1069-1070-1071-1072-1073-102
[2026-08-11 17:32:58.535912] [INFO] [path_server] 노드 업데이트 : [1063] ➜ [1064]
[2026-08-11 17:32:58.595823] [INFO] [path_server] 새로운 경로 설정 : path[1063 ➜ 102] time[0s] dist[16.5m] list[12] : 1063-1064-1065-40-1067-1068-1069-1070-1071-1072-1073-102
[2026-08-11 17:32:59.274361] [INFO] [path_server] 노드 업데이트 : [1064] ➜ [1065]
[2026-08-11 17:32:59.354286] [INFO] [path_server] 새로운 경로 설정 : path[1064 ➜ 102] time[0s] dist[15m] list[11] : 1064-1065-40-1067-1068-1069-1070-1071-1072-1073-102
[2026-08-11 17:33:00.032834] [INFO] [path_server] 노드 업데이트 : [1065] ➜ [40]
[2026-08-11 17:33:00.092757] [INFO] [path_server] 새로운 경로 설정 : path[1065 ➜ 102] time[0s] dist[13.5m] list[10] : 1065-40-1067-1068-1069-1070-1071-1072-1073-102
[2026-08-11 17:33:00.791316] [INFO] [path_server] 노드 업데이트 : [40] ➜ [1067]
[2026-08-11 17:33:00.871211] [INFO] [path_server] 새로운 경로 설정 : path[40 ➜ 102] time[0s] dist[12m] list[9] : 40-1067-1068-1069-1070-1071-1072-1073-102
[2026-08-11 17:33:01.529738] [INFO] [path_server] 노드 업데이트 : [1067] ➜ [1068]
[2026-08-11 17:33:01.609638] [INFO] [path_server] 새로운 경로 설정 : path[1067 ➜ 102] time[0s] dist[10.5m] list[8] : 1067-1068-1069-1070-1071-1072-1073-102
[2026-08-11 17:33:02.288248] [INFO] [path_server] 노드 업데이트 : [1068] ➜ [1069]
[2026-08-11 17:33:02.348123] [INFO] [path_server] 새로운 경로 설정 : path[1068 ➜ 102] time[0s] dist[9m] list[7] : 1068-1069-1070-1071-1072-1073-102
[2026-08-11 17:33:03.026618] [INFO] [path_server] 노드 업데이트 : [1069] ➜ [1070]
[2026-08-11 17:33:03.106626] [INFO] [path_server] 새로운 경로 설정 : path[1069 ➜ 102] time[0s] dist[7.5m] list[6] : 1069-1070-1071-1072-1073-102
[2026-08-11 17:33:03.785352] [INFO] [path_server] 노드 업데이트 : [1070] ➜ [1071]
[2026-08-11 17:33:03.845264] [INFO] [path_server] 새로운 경로 설정 : path[1070 ➜ 102] time[0s] dist[6m] list[5] : 1070-1071-1072-1073-102
[2026-08-11 17:33:04.523720] [INFO] [path_server] 노드 업데이트 : [1071] ➜ [1072]
[2026-08-11 17:33:04.603639] [INFO] [path_server] 새로운 경로 설정 : path[1071 ➜ 102] time[0s] dist[4.5m] list[4] : 1071-1072-1073-102
[2026-08-11 17:33:05.282238] [INFO] [path_server] 노드 업데이트 : [1072] ➜ [1073]
[2026-08-11 17:33:05.342157] [INFO] [path_server] 새로운 경로 설정 : path[1072 ➜ 102] time[0s] dist[3m] list[3] : 1072-1073-102
[2026-08-11 17:33:06.599557] [INFO] [path_server] 노드 업데이트 : [1073] ➜ [102]
[2026-08-11 17:33:06.659443] [INFO] [path_server] 새로운 경로 설정 : path[1073 ➜ 102] time[0s] dist[1.5m] list[2] : 1073-102
[2026-08-11 17:33:10.571474] [INFO] [path_server] 노드 업데이트 : [102] ➜ [-1]
[2026-08-11 17:33:13.425887] [INFO] [course_tracker] 목적지에서 각도 정렬 : [6.500m 19.000m 0.000°]
[2026-08-11 17:33:14.404433] [INFO] [path_server] 노드 업데이트 : [102] ➜ [-1]
[2026-08-11 17:33:14.424403] [INFO] [task::fsm] push_done
[2026-08-11 17:33:14.484280] [INFO] [task::fsm] charging
[2026-08-11 17:33:14.484307] [INFO] [health_monitor] [등록][100015, 100001] : 자동 충전 시작.
[2026-08-11 17:33:14.484290] [INFO] [power_system] 충전 프로세스 시작
[2026-08-11 17:33:19.494417] [INFO] [health_monitor] [삭제][100015, 100001] : 자동 충전 시작.
[2026-08-11 17:33:35.283083] [INFO] [power_system] 충전 완료
[2026-08-11 17:33:35.283103] [INFO] [health_monitor] [등록][100015, 100002] : 배터리 가득.
[2026-08-11 17:33:35.283106] [INFO] [health_monitor] [등록][100015, 100003] : 자동 충전 해제 시작.
[2026-08-11 17:33:40.294207] [INFO] [health_monitor] [삭제][100015, 100002] : 배터리 가득.
[2026-08-11 17:33:40.294214] [INFO] [health_monitor] [삭제][100015, 100003] : 자동 충전 해제 시작.
[2026-08-11 17:33:40.314155] [INFO] [power_system] 충전 해제 완료
[2026-08-11 17:33:40.314170] [INFO] [health_monitor] [등록][100015, 100004] : 자동 충전 해제 완료.
[2026-08-11 17:33:40.334066] [INFO] [task::fsm] discharging
[2026-08-11 17:33:40.334074] [INFO] [power_system] 충전 해제 프로세스 시작
[2026-08-11 17:33:40.334085] [INFO] [health_monitor] [등록][100015, 100003] : 자동 충전 해제 시작.
[2026-08-11 17:33:40.354071] [INFO] [task::fsm] idle
[2026-08-11 17:33:40.354077] [INFO] [course_manager] 코스 삭제
[2026-08-11 17:33:40.354079] [INFO] [path_server] 경로 삭제
[2026-08-11 17:33:40.374047] [INFO] [task::fsm] idle
[2026-08-11 17:33:40.374054] [INFO] [path_server] 경로 삭제
[2026-08-11 17:33:40.374052] [INFO] [course_manager] 코스 삭제
[2026-08-11 17:33:45.324542] [INFO] [health_monitor] [삭제][100015, 100004] : 자동 충전 해제 완료.
[2026-08-11 17:33:45.344508] [INFO] [health_monitor] [삭제][100015, 100003] : 자동 충전 해제 시작.
[2026-08-11 17:34:34.368018] [INFO] [framework] 프로그램 시작
[2026-08-11 17:34:34.368024] [WARNING] [framework] 프로그램 시작
[2026-08-11 17:34:34.368026] [CRITICAL] [framework] 프로그램 시작
[2026-08-11 17:34:34.368027] [INFO] [framework] 설정 파일 위치 : ../configs/robot_7
[2026-08-11 17:34:46.270964] [INFO] [framework] 프로그램 시작
[2026-08-11 17:34:46.270970] [WARNING] [framework] 프로그램 시작
[2026-08-11 17:34:46.270974] [CRITICAL] [framework] 프로그램 시작
[2026-08-11 17:34:46.270975] [INFO] [framework] 설정 파일 위치 : ../configs/robot_7
[2026-08-11 17:34:46.271126] [INFO] [framework] ID[0, 7], 이름[장세븐], 제어주기[20ms], 버젼[], 장소[우리집], 환경모드[simulation]
[2026-08-11 17:34:46.271156] [INFO] [mediator] 생성
[2026-08-11 17:34:46.271184] [INFO] [graph_manager] 생성
[2026-08-11 17:34:46.304372] [INFO] [health_monitor] 생성
[2026-08-11 17:34:46.304356] [INFO] [stop_server] 생성
[2026-08-11 17:34:46.304384] [INFO] [path_server] 생성
[2026-08-11 17:34:46.304396] [INFO] [course_manager] 생성
[2026-08-11 17:34:46.304430] [INFO] [task::fsm] 생성
[2026-08-11 17:34:46.304430] [INFO] [task::fsm] idle
[2026-08-11 17:34:46.304432] [INFO] [course_manager] 코스 삭제
[2026-08-11 17:34:46.304432] [INFO] [path_server] 경로 삭제
[2026-08-11 17:34:46.304443] [INFO] [task_manager] 생성
[2026-08-11 17:34:46.304545] [INFO] [mediator] connectors 생성
[2026-08-11 17:34:46.304560] [INFO] [fms] 생성
[2026-08-11 17:34:46.304563] [INFO] [fms] 통신 드라이버 생성
[2026-08-11 17:34:46.304916] [INFO] [motions] 생성
[2026-08-11 17:34:46.304934] [INFO] [localizers] 생성
[2026-08-11 17:34:46.305026] [INFO] [localizers] 파라미터 : 

[2026-08-11 17:34:46.305041] [INFO] [safety_plc] 생성
[2026-08-11 17:34:46.305057] [INFO] [load_handler] 생성
[2026-08-11 17:34:46.305071] [INFO] [power_system] 생성
[2026-08-11 17:34:46.305180] [INFO] [power_system] 설정 정보 : remaining[40%, 10%, 5%]
[2026-08-11 17:34:46.306366] [INFO] [power_system] 알람 목록 : 
 • [100015, 100001] [INFO] 자동 충전 시작.
 • [100015, 100002] [INFO] 배터리 가득.
 • [100015, 400001] [CRIT] 배터리 남은 양 - 위험
 • [100015, 300001] [ERROR] 배터리 남은 양 - 에러
 • [100015, 200001] [WARN] 배터리 남은 양 - 주의
 • [100015, 100004] [INFO] 자동 충전 해제 완료.
 • [100015, 100003] [INFO] 자동 충전 해제 시작.
[2026-08-11 17:34:46.306381] [INFO] [mediator] any map 등록
[2026-08-11 17:34:46.306371] [INFO] [mediator] connector 의존성 주입
[2026-08-11 17:34:46.306387] [INFO] [mediator] any collector 등록
[2026-08-11 17:34:46.306389] [INFO] [mediator] any collector 목록 검사
[2026-08-11 17:34:46.306431] [INFO] [framework] after init 실행
[2026-08-11 17:34:46.306729] [INFO] [course_tracker] 생성
[2026-08-11 17:34:46.306744] [INFO] [course_tracker] 파라미터 : 
◈ node_bound[0.020m, 0.150m, 0.005m]
 • approach[0.150m, 0.050m/s, -0.005m, -0.200m, 0.100m]
 • align[(10.000°, 5.000°/s), 50.000°, 30.000°/s), 0.800°, -0.100°]
◈ motion param : 
 • reference_angle[0.000°, 45.000°]
 • threshold_angle[15.000°, 20.000°, 170.000°]
 • threshold_error[0.300°, 5.000°]
 • normal[0.150m/s, 8.000, 0.800m/s, 0.500]
 • angle[0.150m/s, 1.500, 0.800m/s, 2.100]
 • protection_overshoot[0.100m/s, 0.900, 0.500m/s, 0.900]
 • speed_rotation[15.000°/s]
[2026-08-11 17:34:46.306748] [INFO] [framework] 제어 쓰레드 시작
[2026-08-11 17:34:46.306783] [INFO] [path_server] 노드 초기화 성공 : 로봇 좌표[6.489m 18.997m 90.034°] 최단 거리 노드[102] 거리(0.011683m)
[2026-08-11 17:35:16.430788] [INFO] [task::fsm] charging
[2026-08-11 17:35:16.430807] [INFO] [health_monitor] [등록][100015, 100001] : 자동 충전 시작.
[2026-08-11 17:35:16.430795] [INFO] [power_system] 충전 프로세스 시작
[2026-08-11 17:35:21.440924] [INFO] [health_monitor] [삭제][100015, 100001] : 자동 충전 시작.
[2026-08-11 17:35:29.804484] [INFO] [power_system] 충전 완료
[2026-08-11 17:35:29.804501] [INFO] [health_monitor] [등록][100015, 100002] : 배터리 가득.
[2026-08-11 17:35:29.804504] [INFO] [health_monitor] [등록][100015, 100003] : 자동 충전 해제 시작.
[2026-08-11 17:35:34.814698] [INFO] [health_monitor] [삭제][100015, 100002] : 배터리 가득.
[2026-08-11 17:35:34.814703] [INFO] [health_monitor] [삭제][100015, 100003] : 자동 충전 해제 시작.
[2026-08-11 17:35:34.834636] [INFO] [power_system] 충전 해제 완료
[2026-08-11 17:35:34.834652] [INFO] [health_monitor] [등록][100015, 100004] : 자동 충전 해제 완료.
[2026-08-11 17:35:34.854647] [INFO] [task::fsm] discharging
[2026-08-11 17:35:34.854665] [INFO] [health_monitor] [등록][100015, 100003] : 자동 충전 해제 시작.
[2026-08-11 17:35:34.854656] [INFO] [power_system] 충전 해제 프로세스 시작
[2026-08-11 17:35:34.874603] [INFO] [task::fsm] idle
[2026-08-11 17:35:34.874608] [INFO] [path_server] 경로 삭제
[2026-08-11 17:35:34.874606] [INFO] [course_manager] 코스 삭제
[2026-08-11 17:35:34.914526] [INFO] [task::fsm] idle
[2026-08-11 17:35:34.914531] [INFO] [course_manager] 코스 삭제
[2026-08-11 17:35:34.914533] [INFO] [path_server] 경로 삭제
[2026-08-11 17:35:39.845123] [INFO] [health_monitor] [삭제][100015, 100004] : 자동 충전 해제 완료.
[2026-08-11 17:35:39.865138] [INFO] [health_monitor] [삭제][100015, 100003] : 자동 충전 해제 시작.
[2026-08-11 17:37:29.924951] [INFO] [task::fsm] charging
[2026-08-11 17:37:29.924958] [INFO] [power_system] 충전 프로세스 시작
[2026-08-11 17:37:29.924970] [INFO] [health_monitor] [등록][100015, 100001] : 자동 충전 시작.
[2026-08-11 17:37:34.936227] [INFO] [health_monitor] [삭제][100015, 100001] : 자동 충전 시작.
[2026-08-11 17:37:43.300814] [INFO] [power_system] 충전 완료
[2026-08-11 17:37:43.300836] [INFO] [health_monitor] [등록][100015, 100003] : 자동 충전 해제 시작.
[2026-08-11 17:37:43.300834] [INFO] [health_monitor] [등록][100015, 100002] : 배터리 가득.
[2026-08-11 17:37:48.310792] [INFO] [health_monitor] [삭제][100015, 100002] : 배터리 가득.
[2026-08-11 17:37:48.310800] [INFO] [health_monitor] [삭제][100015, 100003] : 자동 충전 해제 시작.
[2026-08-11 17:37:48.330810] [INFO] [power_system] 충전 해제 완료
[2026-08-11 17:37:48.330827] [INFO] [health_monitor] [등록][100015, 100004] : 자동 충전 해제 완료.
[2026-08-11 17:37:48.350833] [INFO] [task::fsm] discharging
[2026-08-11 17:37:48.350848] [INFO] [power_system] 충전 해제 프로세스 시작
[2026-08-11 17:37:48.350867] [INFO] [health_monitor] [등록][100015, 100003] : 자동 충전 해제 시작.
[2026-08-11 17:37:48.370700] [INFO] [task::fsm] idle
[2026-08-11 17:37:48.370710] [INFO] [course_manager] 코스 삭제
[2026-08-11 17:37:48.370734] [INFO] [path_server] 경로 삭제
[2026-08-11 17:37:48.410697] [INFO] [task::fsm] idle
[2026-08-11 17:37:48.410706] [INFO] [path_server] 경로 삭제
[2026-08-11 17:37:48.410704] [INFO] [course_manager] 코스 삭제
[2026-08-11 17:37:53.341995] [INFO] [health_monitor] [삭제][100015, 100004] : 자동 충전 해제 완료.
[2026-08-11 17:37:53.361959] [INFO] [health_monitor] [삭제][100015, 100003] : 자동 충전 해제 시작.
[2026-08-11 17:39:43.435423] [INFO] [task::fsm] charging
[2026-08-11 17:39:43.435446] [INFO] [health_monitor] [등록][100015, 100001] : 자동 충전 시작.
[2026-08-11 17:39:43.435432] [INFO] [power_system] 충전 프로세스 시작
[2026-08-11 17:39:48.445607] [INFO] [health_monitor] [삭제][100015, 100001] : 자동 충전 시작.
[2026-08-11 17:39:56.809217] [INFO] [power_system] 충전 완료
[2026-08-11 17:39:56.809238] [INFO] [health_monitor] [등록][100015, 100002] : 배터리 가득.
[2026-08-11 17:39:56.809253] [INFO] [health_monitor] [등록][100015, 100003] : 자동 충전 해제 시작.
[2026-08-11 17:40:01.819440] [INFO] [health_monitor] [삭제][100015, 100002] : 배터리 가득.
[2026-08-11 17:40:01.819447] [INFO] [health_monitor] [삭제][100015, 100003] : 자동 충전 해제 시작.
[2026-08-11 17:40:01.839434] [INFO] [power_system] 충전 해제 완료
[2026-08-11 17:40:01.839445] [INFO] [health_monitor] [등록][100015, 100004] : 자동 충전 해제 완료.
[2026-08-11 17:40:01.859392] [INFO] [task::fsm] discharging
[2026-08-11 17:40:01.859400] [INFO] [power_system] 충전 해제 프로세스 시작
[2026-08-11 17:40:01.859408] [INFO] [health_monitor] [등록][100015, 100003] : 자동 충전 해제 시작.
[2026-08-11 17:40:01.879305] [INFO] [task::fsm] idle
[2026-08-11 17:40:01.879309] [INFO] [course_manager] 코스 삭제
[2026-08-11 17:40:01.879310] [INFO] [path_server] 경로 삭제
[2026-08-11 17:40:01.919289] [INFO] [task::fsm] idle
[2026-08-11 17:40:01.919296] [INFO] [course_manager] 코스 삭제
[2026-08-11 17:40:01.919298] [INFO] [path_server] 경로 삭제
[2026-08-11 17:40:32.790843] [INFO] [framework] 프로그램 시작
[2026-08-11 17:40:32.790847] [WARNING] [framework] 프로그램 시작
[2026-08-11 17:40:32.790850] [INFO] [framework] 설정 파일 위치 : ../configs/robot_7
[2026-08-11 17:40:32.790850] [CRITICAL] [framework] 프로그램 시작
[2026-08-11 17:40:32.790995] [INFO] [framework] ID[0, 7], 이름[장세븐], 제어주기[20ms], 버젼[], 장소[우리집], 환경모드[simulation]
[2026-08-11 17:40:32.791021] [INFO] [mediator] 생성
[2026-08-11 17:40:32.791040] [INFO] [graph_manager] 생성
[2026-08-11 17:40:32.821678] [INFO] [stop_server] 생성
[2026-08-11 17:40:32.821697] [INFO] [health_monitor] 생성
[2026-08-11 17:40:32.821716] [INFO] [path_server] 생성
[2026-08-11 17:40:32.821759] [INFO] [course_manager] 생성
[2026-08-11 17:40:32.821780] [INFO] [task::fsm] 생성
[2026-08-11 17:40:32.821781] [INFO] [task::fsm] idle
[2026-08-11 17:40:32.821783] [INFO] [path_server] 경로 삭제
[2026-08-11 17:40:32.821799] [INFO] [task_manager] 생성
[2026-08-11 17:40:32.821783] [INFO] [course_manager] 코스 삭제
[2026-08-11 17:40:32.821912] [INFO] [mediator] connectors 생성
[2026-08-11 17:40:32.821931] [INFO] [fms] 생성
[2026-08-11 17:40:32.821932] [INFO] [fms] 통신 드라이버 생성
[2026-08-11 17:40:32.822283] [INFO] [motions] 생성
[2026-08-11 17:40:32.822303] [INFO] [localizers] 생성
[2026-08-11 17:40:32.822404] [INFO] [localizers] 파라미터 : 

[2026-08-11 17:40:32.822422] [INFO] [safety_plc] 생성
[2026-08-11 17:40:32.822439] [INFO] [load_handler] 생성
[2026-08-11 17:40:32.822453] [INFO] [power_system] 생성
[2026-08-11 17:40:32.822566] [INFO] [power_system] 설정 정보 : remaining[40%, 10%, 5%]
[2026-08-11 17:40:32.823000] [INFO] [power_system] 알람 목록 : 
 • [100015, 100001] [INFO] 자동 충전 시작.
 • [100015, 100002] [INFO] 배터리 가득.
 • [100015, 400001] [CRIT] 배터리 남은 양 - 위험
 • [100015, 300001] [ERROR] 배터리 남은 양 - 에러
 • [100015, 200001] [WARN] 배터리 남은 양 - 주의
 • [100015, 100004] [INFO] 자동 충전 해제 완료.
 • [100015, 100003] [INFO] 자동 충전 해제 시작.
[2026-08-11 17:40:32.823008] [INFO] [mediator] any map 등록
[2026-08-11 17:40:32.823005] [INFO] [mediator] connector 의존성 주입
[2026-08-11 17:40:32.823016] [INFO] [mediator] any collector 등록
[2026-08-11 17:40:32.823019] [INFO] [mediator] any collector 목록 검사
[2026-08-11 17:40:32.823083] [INFO] [framework] after init 실행
[2026-08-11 17:40:32.823554] [INFO] [course_tracker] 생성
[2026-08-11 17:40:32.823575] [INFO] [course_tracker] 파라미터 : 
◈ node_bound[0.020m, 0.150m, 0.005m]
 • approach[0.150m, 0.050m/s, -0.005m, -0.200m, 0.100m]
 • align[(10.000°, 5.000°/s), 50.000°, 30.000°/s), 0.800°, -0.100°]
◈ motion param : 
 • reference_angle[0.000°, 45.000°]
 • threshold_angle[15.000°, 20.000°, 170.000°]
 • threshold_error[0.300°, 5.000°]
 • normal[0.150m/s, 8.000, 0.800m/s, 0.500]
 • angle[0.150m/s, 1.500, 0.800m/s, 2.100]
 • protection_overshoot[0.100m/s, 0.900, 0.500m/s, 0.900]
 • speed_rotation[15.000°/s]
[2026-08-11 17:40:32.823937] [INFO] [framework] 제어 쓰레드 시작
[2026-08-11 17:40:32.823995] [INFO] [path_server] 노드 초기화 성공 : 로봇 좌표[6.489m 18.997m 90.034°] 최단 거리 노드[102] 거리(0.011683m)
[2026-08-11 17:41:02.926050] [INFO] [task::fsm] charging
[2026-08-11 17:41:02.926059] [INFO] [power_system] 충전 프로세스 시작
[2026-08-11 17:41:02.926076] [INFO] [health_monitor] [등록][100015, 100001] : 자동 충전 시작.
[2026-08-11 17:41:07.936171] [INFO] [health_monitor] [삭제][100015, 100001] : 자동 충전 시작.
[2026-08-11 17:41:16.313454] [INFO] [power_system] 충전 완료
[2026-08-11 17:41:16.313474] [INFO] [health_monitor] [등록][100015, 100003] : 자동 충전 해제 시작.
[2026-08-11 17:41:16.313469] [INFO] [health_monitor] [등록][100015, 100002] : 배터리 가득.
[2026-08-11 17:41:21.324410] [INFO] [health_monitor] [삭제][100015, 100002] : 배터리 가득.
[2026-08-11 17:41:21.324414] [INFO] [health_monitor] [삭제][100015, 100003] : 자동 충전 해제 시작.
[2026-08-11 17:41:21.344320] [INFO] [power_system] 충전 해제 완료
[2026-08-11 17:41:21.344329] [INFO] [health_monitor] [등록][100015, 100004] : 자동 충전 해제 완료.
[2026-08-11 17:41:21.364321] [INFO] [task::fsm] discharging
[2026-08-11 17:41:21.364329] [INFO] [power_system] 충전 해제 프로세스 시작
[2026-08-11 17:41:21.364337] [INFO] [health_monitor] [등록][100015, 100003] : 자동 충전 해제 시작.
[2026-08-11 17:41:21.384306] [INFO] [task::fsm] idle
[2026-08-11 17:41:21.384316] [INFO] [path_server] 경로 삭제
[2026-08-11 17:41:21.384313] [INFO] [course_manager] 코스 삭제
[2026-08-11 17:41:21.424202] [INFO] [task::fsm] idle
[2026-08-11 17:41:21.424207] [INFO] [course_manager] 코스 삭제
[2026-08-11 17:41:21.424209] [INFO] [path_server] 경로 삭제
[2026-08-11 17:41:26.354313] [INFO] [health_monitor] [삭제][100015, 100004] : 자동 충전 해제 완료.
[2026-08-11 17:41:26.374213] [INFO] [health_monitor] [삭제][100015, 100003] : 자동 충전 해제 시작.
[2026-08-11 17:43:43.841327] [INFO] [framework] 프로그램 시작
[2026-08-11 17:43:43.841332] [WARNING] [framework] 프로그램 시작
[2026-08-11 17:43:43.841333] [CRITICAL] [framework] 프로그램 시작
[2026-08-11 17:44:21.655439] [INFO] [framework] 프로그램 시작
[2026-08-11 17:44:21.655443] [WARNING] [framework] 프로그램 시작
[2026-08-11 17:44:21.655446] [INFO] [framework] 설정 파일 위치 : ../configs/robot_7
[2026-08-11 17:44:21.655445] [CRITICAL] [framework] 프로그램 시작
[2026-08-11 17:44:21.655582] [INFO] [framework] ID[0, 7], 이름[장세븐], 제어주기[20ms], 버젼[], 장소[우리집], 환경모드[simulation]
[2026-08-11 17:44:21.655605] [INFO] [mediator] 생성
[2026-08-11 17:44:21.655626] [INFO] [graph_manager] 생성
[2026-08-11 17:44:21.687503] [INFO] [stop_server] 생성
[2026-08-11 17:44:21.687523] [INFO] [health_monitor] 생성
[2026-08-11 17:44:21.687553] [INFO] [path_server] 생성
[2026-08-11 17:44:21.687570] [INFO] [course_manager] 생성
[2026-08-11 17:44:21.687585] [INFO] [task::fsm] 생성
[2026-08-11 17:44:21.687586] [INFO] [task::fsm] idle
[2026-08-11 17:44:21.687598] [INFO] [course_manager] 코스 삭제
[2026-08-11 17:44:21.687600] [INFO] [path_server] 경로 삭제
[2026-08-11 17:44:21.687613] [INFO] [task_manager] 생성
[2026-08-11 17:44:21.687720] [INFO] [mediator] connectors 생성
[2026-08-11 17:44:21.687744] [INFO] [fms] 생성
[2026-08-11 17:44:21.687745] [INFO] [fms] 통신 드라이버 생성
[2026-08-11 17:44:21.688070] [INFO] [motions] 생성
[2026-08-11 17:44:21.688095] [INFO] [localizers] 생성
[2026-08-11 17:44:21.688199] [INFO] [localizers] 파라미터 : 

[2026-08-11 17:44:21.688219] [INFO] [safety_plc] 생성
[2026-08-11 17:44:21.688234] [INFO] [load_handler] 생성
[2026-08-11 17:44:21.688250] [INFO] [power_system] 생성
[2026-08-11 17:44:21.688369] [INFO] [power_system] 설정 정보 : remaining[40%, 10%, 5%]
[2026-08-11 17:44:21.688820] [INFO] [power_system] 알람 목록 : 
 • [100015, 100001] [INFO] 자동 충전 시작.
 • [100015, 100002] [INFO] 배터리 가득.
 • [100015, 400001] [CRIT] 배터리 남은 양 - 위험
 • [100015, 300001] [ERROR] 배터리 남은 양 - 에러
 • [100015, 200001] [WARN] 배터리 남은 양 - 주의
 • [100015, 100004] [INFO] 자동 충전 해제 완료.
 • [100015, 100003] [INFO] 자동 충전 해제 시작.
[2026-08-11 17:44:21.688824] [INFO] [mediator] connector 의존성 주입
[2026-08-11 17:44:21.688839] [INFO] [mediator] any map 등록
[2026-08-11 17:44:21.688849] [INFO] [mediator] any collector 등록
[2026-08-11 17:44:21.688853] [INFO] [mediator] any collector 목록 검사
[2026-08-11 17:44:21.688905] [INFO] [framework] after init 실행
[2026-08-11 17:44:21.689234] [INFO] [course_tracker] 생성
[2026-08-11 17:44:21.689250] [INFO] [course_tracker] 파라미터 : 
◈ node_bound[0.020m, 0.150m, 0.005m]
 • approach[0.150m, 0.050m/s, -0.005m, -0.200m, 0.100m]
 • align[(10.000°, 5.000°/s), 50.000°, 30.000°/s), 0.800°, -0.100°]
◈ motion param : 
 • reference_angle[0.000°, 45.000°]
 • threshold_angle[15.000°, 20.000°, 170.000°]
 • threshold_error[0.300°, 5.000°]
 • normal[0.150m/s, 8.000, 0.800m/s, 0.500]
 • angle[0.150m/s, 1.500, 0.800m/s, 2.100]
 • protection_overshoot[0.100m/s, 0.900, 0.500m/s, 0.900]
 • speed_rotation[15.000°/s]
[2026-08-11 17:44:21.689252] [INFO] [framework] 제어 쓰레드 시작
[2026-08-11 17:44:21.689295] [INFO] [path_server] 노드 초기화 성공 : 로봇 좌표[6.489m 18.997m 90.034°] 최단 거리 노드[102] 거리(0.011683m)
[2026-08-11 17:44:51.813368] [INFO] [task::fsm] charging
[2026-08-11 17:44:51.813375] [INFO] [power_system] 충전 프로세스 시작
[2026-08-11 17:44:51.813388] [INFO] [health_monitor] [등록][100015, 100001] : 자동 충전 시작.
[2026-08-11 17:44:56.825489] [INFO] [health_monitor] [삭제][100015, 100001] : 자동 충전 시작.
[2026-08-11 17:45:05.190506] [INFO] [power_system] 충전 완료
[2026-08-11 17:45:05.190526] [INFO] [health_monitor] [등록][100015, 100002] : 배터리 가득.
[2026-08-11 17:45:05.190530] [INFO] [health_monitor] [등록][100015, 100003] : 자동 충전 해제 시작.
[2026-08-11 17:45:10.201002] [INFO] [health_monitor] [삭제][100015, 100002] : 배터리 가득.
[2026-08-11 17:45:10.201010] [INFO] [health_monitor] [삭제][100015, 100003] : 자동 충전 해제 시작.
[2026-08-11 17:45:10.221006] [INFO] [power_system] 충전 해제 완료
[2026-08-11 17:45:10.221020] [INFO] [health_monitor] [등록][100015, 100004] : 자동 충전 해제 완료.
[2026-08-11 17:45:10.240949] [INFO] [task::fsm] discharging
[2026-08-11 17:45:10.240956] [INFO] [power_system] 충전 해제 프로세스 시작
[2026-08-11 17:45:10.240965] [INFO] [health_monitor] [등록][100015, 100003] : 자동 충전 해제 시작.
[2026-08-11 17:45:10.260975] [INFO] [task::fsm] idle
[2026-08-11 17:45:10.260980] [INFO] [course_manager] 코스 삭제
[2026-08-11 17:45:10.260982] [INFO] [path_server] 경로 삭제
[2026-08-11 17:45:10.300938] [INFO] [task::fsm] idle
[2026-08-11 17:45:10.300946] [INFO] [path_server] 경로 삭제
[2026-08-11 17:45:10.300945] [INFO] [course_manager] 코스 삭제
[2026-08-11 17:45:15.231256] [INFO] [health_monitor] [삭제][100015, 100004] : 자동 충전 해제 완료.
[2026-08-11 17:45:15.251252] [INFO] [health_monitor] [삭제][100015, 100003] : 자동 충전 해제 시작.
[2026-08-11 17:45:27.765558] [INFO] [framework] 프로그램 시작
[2026-08-11 17:45:27.765565] [WARNING] [framework] 프로그램 시작
[2026-08-11 17:45:27.765569] [INFO] [framework] 설정 파일 위치 : ../configs/robot_7
[2026-08-11 17:45:27.765568] [CRITICAL] [framework] 프로그램 시작
[2026-08-11 17:45:27.765721] [INFO] [framework] ID[0, 7], 이름[장세븐], 제어주기[20ms], 버젼[], 장소[우리집], 환경모드[simulation]
[2026-08-11 17:45:27.765758] [INFO] [mediator] 생성
[2026-08-11 17:45:27.765783] [INFO] [graph_manager] 생성
[2026-08-11 17:45:27.816793] [INFO] [stop_server] 생성
[2026-08-11 17:45:27.816843] [INFO] [health_monitor] 생성
[2026-08-11 17:45:27.816872] [INFO] [path_server] 생성
[2026-08-11 17:45:27.816893] [INFO] [course_manager] 생성
[2026-08-11 17:45:27.816916] [INFO] [task::fsm] 생성
[2026-08-11 17:45:27.816918] [INFO] [task::fsm] idle
[2026-08-11 17:45:27.816935] [INFO] [course_manager] 코스 삭제
[2026-08-11 17:45:27.816937] [INFO] [path_server] 경로 삭제
[2026-08-11 17:45:27.816957] [INFO] [task_manager] 생성
[2026-08-11 17:45:27.817113] [INFO] [mediator] connectors 생성
[2026-08-11 17:45:27.817142] [INFO] [fms] 생성
[2026-08-11 17:45:27.817144] [INFO] [fms] 통신 드라이버 생성
[2026-08-11 17:45:27.817589] [INFO] [motions] 생성
[2026-08-11 17:45:27.817620] [INFO] [localizers] 생성
[2026-08-11 17:45:27.817782] [INFO] [localizers] 파라미터 : 

[2026-08-11 17:45:27.817810] [INFO] [safety_plc] 생성
[2026-08-11 17:45:27.817832] [INFO] [load_handler] 생성
[2026-08-11 17:45:27.817854] [INFO] [power_system] 생성
[2026-08-11 17:45:27.818023] [INFO] [power_system] 설정 정보 : remaining[40%, 10%, 5%]
[2026-08-11 17:45:27.818657] [INFO] [power_system] 알람 목록 : 
 • [100015, 100001] [INFO] 자동 충전 시작.
 • [100015, 100002] [INFO] 배터리 가득.
 • [100015, 400001] [CRIT] 배터리 남은 양 - 위험
 • [100015, 300001] [ERROR] 배터리 남은 양 - 에러
 • [100015, 200001] [WARN] 배터리 남은 양 - 주의
 • [100015, 100004] [INFO] 자동 충전 해제 완료.
 • [100015, 100003] [INFO] 자동 충전 해제 시작.
[2026-08-11 17:45:27.818661] [INFO] [mediator] connector 의존성 주입
[2026-08-11 17:45:27.818677] [INFO] [mediator] any map 등록
[2026-08-11 17:45:27.818684] [INFO] [mediator] any collector 등록
[2026-08-11 17:45:27.818688] [INFO] [mediator] any collector 목록 검사
[2026-08-11 17:45:27.818780] [INFO] [framework] after init 실행
[2026-08-11 17:45:27.819181] [INFO] [course_tracker] 생성
[2026-08-11 17:45:27.819207] [INFO] [course_tracker] 파라미터 : 
◈ node_bound[0.020m, 0.150m, 0.005m]
 • approach[0.150m, 0.050m/s, -0.005m, -0.200m, 0.100m]
 • align[(10.000°, 5.000°/s), 50.000°, 30.000°/s), 0.800°, -0.100°]
◈ motion param : 
 • reference_angle[0.000°, 45.000°]
 • threshold_angle[15.000°, 20.000°, 170.000°]
 • threshold_error[0.300°, 5.000°]
 • normal[0.150m/s, 8.000, 0.800m/s, 0.500]
 • angle[0.150m/s, 1.500, 0.800m/s, 2.100]
 • protection_overshoot[0.100m/s, 0.900, 0.500m/s, 0.900]
 • speed_rotation[15.000°/s]
[2026-08-11 17:45:27.819211] [INFO] [framework] 제어 쓰레드 시작
[2026-08-11 17:45:27.819278] [INFO] [path_server] 노드 초기화 성공 : 로봇 좌표[6.489m 18.997m 90.034°] 최단 거리 노드[102] 거리(0.011683m)
[2026-08-11 17:45:51.301000] [INFO] [framework] 프로그램 시작
[2026-08-11 17:45:51.301004] [WARNING] [framework] 프로그램 시작
[2026-08-11 17:45:51.301005] [INFO] [framework] 설정 파일 위치 : ../configs/robot_7
[2026-08-11 17:45:51.301005] [CRITICAL] [framework] 프로그램 시작
[2026-08-11 17:45:51.301133] [INFO] [framework] ID[0, 7], 이름[장세븐], 제어주기[20ms], 버젼[], 장소[우리집], 환경모드[simulation]
[2026-08-11 17:45:51.301158] [INFO] [mediator] 생성
[2026-08-11 17:45:51.301218] [INFO] [graph_manager] 생성
[2026-08-11 17:45:51.349153] [INFO] [stop_server] 생성
[2026-08-11 17:45:51.349165] [INFO] [health_monitor] 생성
[2026-08-11 17:45:51.349178] [INFO] [path_server] 생성
[2026-08-11 17:45:51.349189] [INFO] [course_manager] 생성
[2026-08-11 17:45:51.349199] [INFO] [task::fsm] 생성
[2026-08-11 17:45:51.349200] [INFO] [task::fsm] idle
[2026-08-11 17:45:51.349202] [INFO] [course_manager] 코스 삭제
[2026-08-11 17:45:51.349202] [INFO] [path_server] 경로 삭제
[2026-08-11 17:45:51.349212] [INFO] [task_manager] 생성
[2026-08-11 17:45:51.349310] [INFO] [mediator] connectors 생성
[2026-08-11 17:45:51.349326] [INFO] [fms] 생성
[2026-08-11 17:45:51.349327] [INFO] [fms] 통신 드라이버 생성
[2026-08-11 17:45:51.349559] [INFO] [motions] 생성
[2026-08-11 17:45:51.349575] [INFO] [localizers] 생성
[2026-08-11 17:45:51.349652] [INFO] [localizers] 파라미터 : 

[2026-08-11 17:45:51.349679] [INFO] [safety_plc] 생성
[2026-08-11 17:45:51.349698] [INFO] [load_handler] 생성
[2026-08-11 17:45:51.349710] [INFO] [power_system] 생성
[2026-08-11 17:45:51.349806] [INFO] [power_system] 설정 정보 : remaining[40%, 10%, 5%]
[2026-08-11 17:45:51.350181] [INFO] [power_system] 알람 목록 : 
 • [100015, 100001] [INFO] 자동 충전 시작.
 • [100015, 100002] [INFO] 배터리 가득.
 • [100015, 400001] [CRIT] 배터리 남은 양 - 위험
 • [100015, 300001] [ERROR] 배터리 남은 양 - 에러
 • [100015, 200001] [WARN] 배터리 남은 양 - 주의
 • [100015, 100004] [INFO] 자동 충전 해제 완료.
 • [100015, 100003] [INFO] 자동 충전 해제 시작.
[2026-08-11 17:45:51.350184] [INFO] [mediator] connector 의존성 주입
[2026-08-11 17:45:51.350192] [INFO] [mediator] any collector 등록
[2026-08-11 17:45:51.350193] [INFO] [mediator] any collector 목록 검사
[2026-08-11 17:45:51.350186] [INFO] [mediator] any map 등록
[2026-08-11 17:45:51.350235] [INFO] [framework] after init 실행
[2026-08-11 17:45:51.350595] [INFO] [course_tracker] 생성
[2026-08-11 17:45:51.350616] [INFO] [course_tracker] 파라미터 : 
◈ node_bound[0.020m, 0.150m, 0.005m]
 • approach[0.150m, 0.050m/s, -0.005m, -0.200m, 0.100m]
 • align[(10.000°, 5.000°/s), 50.000°, 30.000°/s), 0.800°, -0.100°]
◈ motion param : 
 • reference_angle[0.000°, 45.000°]
 • threshold_angle[15.000°, 20.000°, 170.000°]
 • threshold_error[0.300°, 5.000°]
 • normal[0.150m/s, 8.000, 0.800m/s, 0.500]
 • angle[0.150m/s, 1.500, 0.800m/s, 2.100]
 • protection_overshoot[0.100m/s, 0.900, 0.500m/s, 0.900]
 • speed_rotation[15.000°/s]
[2026-08-11 17:45:51.350620] [INFO] [framework] 제어 쓰레드 시작
[2026-08-11 17:45:51.350670] [INFO] [path_server] 노드 초기화 성공 : 로봇 좌표[6.489m 18.997m 90.034°] 최단 거리 노드[102] 거리(0.011683m)
[2026-08-11 17:45:56.441845] [INFO] [path_server] 새로운 경로 설정 : path[102 ➜ 203] time[0s] dist[18m] list[13] : 102-1073-1074-1075-1076-1159-1158-1157-1160-1161-1162-1163-203
[2026-08-11 17:46:00.314155] [INFO] [path_server] 노드 업데이트 : [1073] ➜ [1074]
[2026-08-11 17:46:00.394104] [INFO] [path_server] 새로운 경로 설정 : path[1073 ➜ 203] time[0s] dist[16.5m] list[12] : 1073-1074-1075-1076-1159-1158-1157-1160-1161-1162-1163-203
[2026-08-11 17:46:03.907029] [INFO] [path_server] 노드 업데이트 : [1074] ➜ [1075]
[2026-08-11 17:46:03.986939] [INFO] [path_server] 새로운 경로 설정 : path[1074 ➜ 203] time[0s] dist[15m] list[11] : 1074-1075-1076-1159-1158-1157-1160-1161-1162-1163-203
[2026-08-11 17:46:05.024830] [INFO] [path_server] 노드 업데이트 : [1075] ➜ [1076]
[2026-08-11 17:46:05.084730] [INFO] [path_server] 새로운 경로 설정 : path[1075 ➜ 203] time[0s] dist[13.5m] list[10] : 1075-1076-1159-1158-1157-1160-1161-1162-1163-203
[2026-08-11 17:46:06.441931] [INFO] [path_server] 노드 업데이트 : [1076] ➜ [1159]
[2026-08-11 17:46:06.521846] [INFO] [path_server] 새로운 경로 설정 : path[1076 ➜ 203] time[0s] dist[12m] list[9] : 1076-1159-1158-1157-1160-1161-1162-1163-203
[2026-08-11 17:46:09.875061] [INFO] [path_server] 노드 업데이트 : [1159] ➜ [1158]
[2026-08-11 17:46:09.954995] [INFO] [path_server] 새로운 경로 설정 : path[1159 ➜ 203] time[0s] dist[10.5m] list[8] : 1159-1158-1157-1160-1161-1162-1163-203
[2026-08-11 17:46:10.993247] [INFO] [path_server] 노드 업데이트 : [1158] ➜ [1157]
[2026-08-11 17:46:11.053252] [INFO] [path_server] 새로운 경로 설정 : path[1158 ➜ 203] time[0s] dist[9m] list[7] : 1158-1157-1160-1161-1162-1163-203
[2026-08-11 17:46:12.390690] [INFO] [path_server] 노드 업데이트 : [1157] ➜ [1160]
[2026-08-11 17:46:12.470603] [INFO] [path_server] 새로운 경로 설정 : path[1157 ➜ 203] time[0s] dist[7.5m] list[6] : 1157-1160-1161-1162-1163-203
[2026-08-11 17:46:15.844112] [INFO] [path_server] 노드 업데이트 : [1160] ➜ [1161]
[2026-08-11 17:46:15.904036] [INFO] [path_server] 새로운 경로 설정 : path[1160 ➜ 203] time[0s] dist[6m] list[5] : 1160-1161-1162-1163-203
[2026-08-11 17:46:16.941821] [INFO] [path_server] 노드 업데이트 : [1161] ➜ [1162]
[2026-08-11 17:46:17.021732] [INFO] [path_server] 새로운 경로 설정 : path[1161 ➜ 203] time[0s] dist[4.5m] list[4] : 1161-1162-1163-203
[2026-08-11 17:46:17.760222] [INFO] [path_server] 노드 업데이트 : [1162] ➜ [1163]
[2026-08-11 17:46:17.820097] [INFO] [path_server] 새로운 경로 설정 : path[1162 ➜ 203] time[0s] dist[3m] list[3] : 1162-1163-203
[2026-08-11 17:46:20.495136] [INFO] [path_server] 노드 업데이트 : [1163] ➜ [203]
[2026-08-11 17:46:20.555034] [INFO] [path_server] 새로운 경로 설정 : path[1163 ➜ 203] time[0s] dist[1.5m] list[2] : 1163-203
[2026-08-11 17:46:24.686704] [INFO] [path_server] 노드 업데이트 : [203] ➜ [-1]
[2026-08-11 17:46:27.501151] [INFO] [course_tracker] 목적지에서 각도 정렬 : [8.000m 14.500m 0.000°]
[2026-08-11 17:46:28.479281] [INFO] [path_server] 노드 업데이트 : [203] ➜ [-1]
[2026-08-11 17:46:28.499297] [INFO] [task::fsm] push_done
[2026-08-11 17:46:28.559159] [INFO] [task::fsm] idle
[2026-08-11 17:46:28.559168] [INFO] [path_server] 경로 삭제
[2026-08-11 17:46:28.559166] [INFO] [course_manager] 코스 삭제
[2026-08-11 17:50:10.514787] [INFO] [framework] 프로그램 시작
[2026-08-11 17:50:10.514790] [WARNING] [framework] 프로그램 시작
[2026-08-11 17:50:10.514792] [INFO] [framework] 설정 파일 위치 : ../configs/robot_7
[2026-08-11 17:50:10.514792] [CRITICAL] [framework] 프로그램 시작
[2026-08-11 17:50:10.514904] [INFO] [framework] ID[0, 7], 이름[장세븐], 제어주기[20ms], 버젼[], 장소[우리집], 환경모드[simulation]
[2026-08-11 17:50:10.514924] [INFO] [mediator] 생성
[2026-08-11 17:50:10.514945] [INFO] [graph_manager] 생성
[2026-08-11 17:50:10.542789] [INFO] [stop_server] 생성
[2026-08-11 17:50:10.542805] [INFO] [health_monitor] 생성
[2026-08-11 17:50:10.542834] [INFO] [path_server] 생성
[2026-08-11 17:50:10.542847] [INFO] [course_manager] 생성
[2026-08-11 17:50:10.542859] [INFO] [task::fsm] 생성
[2026-08-11 17:50:10.542860] [INFO] [task::fsm] idle
[2026-08-11 17:50:10.542871] [INFO] [course_manager] 코스 삭제
[2026-08-11 17:50:10.542872] [INFO] [path_server] 경로 삭제
[2026-08-11 17:50:10.542883] [INFO] [task_manager] 생성
[2026-08-11 17:50:10.543925] [INFO] [mediator] connectors 생성
[2026-08-11 17:50:10.543952] [INFO] [fms] 생성
[2026-08-11 17:50:10.544509] [INFO] [fms] 통신 드라이버 생성
[2026-08-11 17:50:10.544958] [INFO] [motions] 생성
[2026-08-11 17:50:10.544979] [INFO] [localizers] 생성
[2026-08-11 17:50:10.545079] [INFO] [localizers] 파라미터 : 

[2026-08-11 17:50:10.545497] [INFO] [safety_plc] 생성
[2026-08-11 17:50:10.545530] [INFO] [load_handler] 생성
[2026-08-11 17:50:10.545560] [INFO] [power_system] 생성
[2026-08-11 17:50:10.545813] [INFO] [power_system] 설정 정보 : remaining[40%, 10%, 5%]
[2026-08-11 17:50:10.546279] [INFO] [power_system] 알람 목록 : 
 • [100015, 100001] [INFO] 자동 충전 시작.
 • [100015, 100002] [INFO] 배터리 가득.
 • [100015, 400001] [CRIT] 배터리 남은 양 - 위험
 • [100015, 300001] [ERROR] 배터리 남은 양 - 에러
 • [100015, 200001] [WARN] 배터리 남은 양 - 주의
 • [100015, 100004] [INFO] 자동 충전 해제 완료.
 • [100015, 100003] [INFO] 자동 충전 해제 시작.
[2026-08-11 17:50:10.546286] [INFO] [mediator] any map 등록
[2026-08-11 17:50:10.546282] [INFO] [mediator] connector 의존성 주입
[2026-08-11 17:50:10.546295] [INFO] [mediator] any collector 목록 검사
[2026-08-11 17:50:10.546293] [INFO] [mediator] any collector 등록
[2026-08-11 17:50:10.546351] [INFO] [framework] after init 실행
[2026-08-11 17:50:10.546604] [INFO] [course_tracker] 생성
[2026-08-11 17:50:10.546621] [INFO] [course_tracker] 파라미터 : 
◈ node_bound[0.020m, 0.150m, 0.005m]
 • approach[0.150m, 0.050m/s, -0.005m, -0.200m, 0.100m]
 • align[(10.000°, 5.000°/s), 50.000°, 30.000°/s), 0.800°, -0.100°]
◈ motion param : 
 • reference_angle[0.000°, 45.000°]
 • threshold_angle[15.000°, 20.000°, 170.000°]
 • threshold_error[0.300°, 5.000°]
 • normal[0.150m/s, 8.000, 0.800m/s, 0.500]
 • angle[0.150m/s, 1.500, 0.800m/s, 2.100]
 • protection_overshoot[0.100m/s, 0.900, 0.500m/s, 0.900]
 • speed_rotation[15.000°/s]
[2026-08-11 17:50:10.546624] [INFO] [framework] 제어 쓰레드 시작
[2026-08-11 17:50:10.546665] [INFO] [path_server] 노드 초기화 성공 : 로봇 좌표[7.989m 14.497m -89.946°] 최단 거리 노드[203] 거리(0.011448m)
[2026-08-11 17:52:44.672596] [INFO] [path_server] 새로운 경로 설정 : path[203 ➜ 103] time[0s] dist[58.5m] list[40] : 203-1163-1164-1165-1166-1167-1168-41-1170-1171-1172-1173-1174-1175-1176-1177-1178-1081-1185-1186-1187-1188-1056-1057-1058-1059-1060-1061-1062-1063-1064-1065-40-1067-1068-1069-1070-1071-1072-103
[2026-08-11 17:52:46.848262] [INFO] [path_server] 노드 업데이트 : [1163] ➜ [1164]
[2026-08-11 17:52:46.928284] [INFO] [path_server] 새로운 경로 설정 : path[1163 ➜ 103] time[0s] dist[57m] list[39] : 1163-1164-1165-1166-1167-1168-41-1170-1171-1172-1173-1174-1175-1176-1177-1178-1081-1185-1186-1187-1188-1056-1057-1058-1059-1060-1061-1062-1063-1064-1065-40-1067-1068-1069-1070-1071-1072-103
[2026-08-11 17:52:50.201645] [INFO] [path_server] 노드 업데이트 : [1164] ➜ [1165]
[2026-08-11 17:52:50.281544] [INFO] [path_server] 새로운 경로 설정 : path[1164 ➜ 103] time[0s] dist[55.5m] list[38] : 1164-1165-1166-1167-1168-41-1170-1171-1172-1173-1174-1175-1176-1177-1178-1081-1185-1186-1187-1188-1056-1057-1058-1059-1060-1061-1062-1063-1064-1065-40-1067-1068-1069-1070-1071-1072-103
[2026-08-11 17:52:51.319381] [INFO] [path_server] 노드 업데이트 : [1165] ➜ [1166]
[2026-08-11 17:52:51.399329] [INFO] [path_server] 새로운 경로 설정 : path[1165 ➜ 103] time[0s] dist[54m] list[37] : 1165-1166-1167-1168-41-1170-1171-1172-1173-1174-1175-1176-1177-1178-1081-1185-1186-1187-1188-1056-1057-1058-1059-1060-1061-1062-1063-1064-1065-40-1067-1068-1069-1070-1071-1072-103
[2026-08-11 17:52:52.157780] [INFO] [path_server] 노드 업데이트 : [1166] ➜ [1167]
[2026-08-11 17:52:52.237752] [INFO] [path_server] 새로운 경로 설정 : path[1166 ➜ 103] time[0s] dist[52.5m] list[36] : 1166-1167-1168-41-1170-1171-1172-1173-1174-1175-1176-1177-1178-1081-1185-1186-1187-1188-1056-1057-1058-1059-1060-1061-1062-1063-1064-1065-40-1067-1068-1069-1070-1071-1072-103
[2026-08-11 17:52:52.896378] [INFO] [path_server] 노드 업데이트 : [1167] ➜ [1168]
[2026-08-11 17:52:52.976292] [INFO] [path_server] 새로운 경로 설정 : path[1167 ➜ 103] time[0s] dist[51m] list[35] : 1167-1168-41-1170-1171-1172-1173-1174-1175-1176-1177-1178-1081-1185-1186-1187-1188-1056-1057-1058-1059-1060-1061-1062-1063-1064-1065-40-1067-1068-1069-1070-1071-1072-103
[2026-08-11 17:52:53.654817] [INFO] [path_server] 노드 업데이트 : [1168] ➜ [41]
[2026-08-11 17:52:53.734775] [INFO] [path_server] 새로운 경로 설정 : path[1168 ➜ 103] time[0s] dist[49.5m] list[34] : 1168-41-1170-1171-1172-1173-1174-1175-1176-1177-1178-1081-1185-1186-1187-1188-1056-1057-1058-1059-1060-1061-1062-1063-1064-1065-40-1067-1068-1069-1070-1071-1072-103
[2026-08-11 17:52:54.393339] [INFO] [path_server] 노드 업데이트 : [41] ➜ [1170]
[2026-08-11 17:52:54.473191] [INFO] [path_server] 새로운 경로 설정 : path[41 ➜ 103] time[0s] dist[48m] list[33] : 41-1170-1171-1172-1173-1174-1175-1176-1177-1178-1081-1185-1186-1187-1188-1056-1057-1058-1059-1060-1061-1062-1063-1064-1065-40-1067-1068-1069-1070-1071-1072-103
[2026-08-11 17:52:55.151748] [INFO] [path_server] 노드 업데이트 : [1170] ➜ [1171]
[2026-08-11 17:52:55.231666] [INFO] [path_server] 새로운 경로 설정 : path[1170 ➜ 103] time[0s] dist[46.5m] list[32] : 1170-1171-1172-1173-1174-1175-1176-1177-1178-1081-1185-1186-1187-1188-1056-1057-1058-1059-1060-1061-1062-1063-1064-1065-40-1067-1068-1069-1070-1071-1072-103
[2026-08-11 17:52:55.890381] [INFO] [path_server] 노드 업데이트 : [1171] ➜ [1172]
[2026-08-11 17:52:55.970217] [INFO] [path_server] 새로운 경로 설정 : path[1171 ➜ 103] time[0s] dist[45m] list[31] : 1171-1172-1173-1174-1175-1176-1177-1178-1081-1185-1186-1187-1188-1056-1057-1058-1059-1060-1061-1062-1063-1064-1065-40-1067-1068-1069-1070-1071-1072-103
[2026-08-11 17:52:56.648813] [INFO] [path_server] 노드 업데이트 : [1172] ➜ [1173]
[2026-08-11 17:52:56.728756] [INFO] [path_server] 새로운 경로 설정 : path[1172 ➜ 103] time[0s] dist[43.5m] list[30] : 1172-1173-1174-1175-1176-1177-1178-1081-1185-1186-1187-1188-1056-1057-1058-1059-1060-1061-1062-1063-1064-1065-40-1067-1068-1069-1070-1071-1072-103
[2026-08-11 17:52:57.407271] [INFO] [path_server] 노드 업데이트 : [1173] ➜ [1174]
[2026-08-11 17:52:57.467158] [INFO] [path_server] 새로운 경로 설정 : path[1173 ➜ 103] time[0s] dist[42m] list[29] : 1173-1174-1175-1176-1177-1178-1081-1185-1186-1187-1188-1056-1057-1058-1059-1060-1061-1062-1063-1064-1065-40-1067-1068-1069-1070-1071-1072-103
[2026-08-11 17:52:58.145680] [INFO] [path_server] 노드 업데이트 : [1174] ➜ [1175]
[2026-08-11 17:52:58.225613] [INFO] [path_server] 새로운 경로 설정 : path[1174 ➜ 103] time[0s] dist[40.5m] list[28] : 1174-1175-1176-1177-1178-1081-1185-1186-1187-1188-1056-1057-1058-1059-1060-1061-1062-1063-1064-1065-40-1067-1068-1069-1070-1071-1072-103
[2026-08-11 17:52:58.904191] [INFO] [path_server] 노드 업데이트 : [1175] ➜ [1176]
[2026-08-11 17:52:58.984093] [INFO] [path_server] 새로운 경로 설정 : path[1175 ➜ 103] time[0s] dist[39m] list[27] : 1175-1176-1177-1178-1081-1185-1186-1187-1188-1056-1057-1058-1059-1060-1061-1062-1063-1064-1065-40-1067-1068-1069-1070-1071-1072-103
[2026-08-11 17:52:59.642976] [INFO] [path_server] 노드 업데이트 : [1176] ➜ [1177]
[2026-08-11 17:52:59.723007] [INFO] [path_server] 새로운 경로 설정 : path[1176 ➜ 103] time[0s] dist[37.5m] list[26] : 1176-1177-1178-1081-1185-1186-1187-1188-1056-1057-1058-1059-1060-1061-1062-1063-1064-1065-40-1067-1068-1069-1070-1071-1072-103
[2026-08-11 17:53:00.401644] [INFO] [path_server] 노드 업데이트 : [1177] ➜ [1178]
[2026-08-11 17:53:00.481603] [INFO] [path_server] 새로운 경로 설정 : path[1177 ➜ 103] time[0s] dist[36m] list[25] : 1177-1178-1081-1185-1186-1187-1188-1056-1057-1058-1059-1060-1061-1062-1063-1064-1065-40-1067-1068-1069-1070-1071-1072-103
[2026-08-11 17:53:01.160139] [INFO] [path_server] 노드 업데이트 : [1178] ➜ [1081]
[2026-08-11 17:53:01.220083] [INFO] [path_server] 새로운 경로 설정 : path[1178 ➜ 103] time[0s] dist[34.5m] list[24] : 1178-1081-1185-1186-1187-1188-1056-1057-1058-1059-1060-1061-1062-1063-1064-1065-40-1067-1068-1069-1070-1071-1072-103
[2026-08-11 17:53:01.898624] [INFO] [path_server] 노드 업데이트 : [1081] ➜ [1185]
[2026-08-11 17:53:01.978563] [INFO] [path_server] 새로운 경로 설정 : path[1081 ➜ 103] time[0s] dist[33m] list[23] : 1081-1185-1186-1187-1188-1056-1057-1058-1059-1060-1061-1062-1063-1064-1065-40-1067-1068-1069-1070-1071-1072-103
[2026-08-11 17:53:03.295783] [INFO] [path_server] 노드 업데이트 : [1185] ➜ [1186]
[2026-08-11 17:53:03.375628] [INFO] [path_server] 새로운 경로 설정 : path[1185 ➜ 103] time[0s] dist[31.5m] list[22] : 1185-1186-1187-1188-1056-1057-1058-1059-1060-1061-1062-1063-1064-1065-40-1067-1068-1069-1070-1071-1072-103
[2026-08-11 17:53:06.768694] [INFO] [path_server] 노드 업데이트 : [1186] ➜ [1187]
[2026-08-11 17:53:06.848585] [INFO] [path_server] 새로운 경로 설정 : path[1186 ➜ 103] time[0s] dist[30m] list[21] : 1186-1187-1188-1056-1057-1058-1059-1060-1061-1062-1063-1064-1065-40-1067-1068-1069-1070-1071-1072-103
[2026-08-11 17:53:07.886345] [INFO] [path_server] 노드 업데이트 : [1187] ➜ [1188]
[2026-08-11 17:53:07.966261] [INFO] [path_server] 새로운 경로 설정 : path[1187 ➜ 103] time[0s] dist[28.5m] list[20] : 1187-1188-1056-1057-1058-1059-1060-1061-1062-1063-1064-1065-40-1067-1068-1069-1070-1071-1072-103
[2026-08-11 17:53:09.123966] [INFO] [path_server] 노드 업데이트 : [1188] ➜ [1056]
[2026-08-11 17:53:09.183850] [INFO] [path_server] 새로운 경로 설정 : path[1188 ➜ 103] time[0s] dist[27m] list[19] : 1188-1056-1057-1058-1059-1060-1061-1062-1063-1064-1065-40-1067-1068-1069-1070-1071-1072-103
[2026-08-11 17:53:12.397344] [INFO] [path_server] 노드 업데이트 : [1056] ➜ [1057]
[2026-08-11 17:53:12.457217] [INFO] [path_server] 새로운 경로 설정 : path[1056 ➜ 103] time[0s] dist[25.5m] list[18] : 1056-1057-1058-1059-1060-1061-1062-1063-1064-1065-40-1067-1068-1069-1070-1071-1072-103
[2026-08-11 17:53:13.554930] [INFO] [path_server] 노드 업데이트 : [1057] ➜ [1058]
[2026-08-11 17:53:13.634815] [INFO] [path_server] 새로운 경로 설정 : path[1057 ➜ 103] time[0s] dist[24m] list[17] : 1057-1058-1059-1060-1061-1062-1063-1064-1065-40-1067-1068-1069-1070-1071-1072-103
[2026-08-11 17:53:14.393187] [INFO] [path_server] 노드 업데이트 : [1058] ➜ [1059]
[2026-08-11 17:53:14.473113] [INFO] [path_server] 새로운 경로 설정 : path[1058 ➜ 103] time[0s] dist[22.5m] list[16] : 1058-1059-1060-1061-1062-1063-1064-1065-40-1067-1068-1069-1070-1071-1072-103
[2026-08-11 17:53:15.151676] [INFO] [path_server] 노드 업데이트 : [1059] ➜ [1060]
[2026-08-11 17:53:15.211583] [INFO] [path_server] 새로운 경로 설정 : path[1059 ➜ 103] time[0s] dist[21m] list[15] : 1059-1060-1061-1062-1063-1064-1065-40-1067-1068-1069-1070-1071-1072-103
[2026-08-11 17:53:15.890201] [INFO] [path_server] 노드 업데이트 : [1060] ➜ [1061]
[2026-08-11 17:53:15.970122] [INFO] [path_server] 새로운 경로 설정 : path[1060 ➜ 103] time[0s] dist[19.5m] list[14] : 1060-1061-1062-1063-1064-1065-40-1067-1068-1069-1070-1071-1072-103
[2026-08-11 17:53:16.648738] [INFO] [path_server] 노드 업데이트 : [1061] ➜ [1062]
[2026-08-11 17:53:16.708654] [INFO] [path_server] 새로운 경로 설정 : path[1061 ➜ 103] time[0s] dist[18m] list[13] : 1061-1062-1063-1064-1065-40-1067-1068-1069-1070-1071-1072-103
[2026-08-11 17:53:17.387209] [INFO] [path_server] 노드 업데이트 : [1062] ➜ [1063]
[2026-08-11 17:53:17.467117] [INFO] [path_server] 새로운 경로 설정 : path[1062 ➜ 103] time[0s] dist[16.5m] list[12] : 1062-1063-1064-1065-40-1067-1068-1069-1070-1071-1072-103
[2026-08-11 17:53:18.145840] [INFO] [path_server] 노드 업데이트 : [1063] ➜ [1064]
[2026-08-11 17:53:18.205743] [INFO] [path_server] 새로운 경로 설정 : path[1063 ➜ 103] time[0s] dist[15m] list[11] : 1063-1064-1065-40-1067-1068-1069-1070-1071-1072-103
[2026-08-11 17:53:18.884348] [INFO] [path_server] 노드 업데이트 : [1064] ➜ [1065]
[2026-08-11 17:53:18.964282] [INFO] [path_server] 새로운 경로 설정 : path[1064 ➜ 103] time[0s] dist[13.5m] list[10] : 1064-1065-40-1067-1068-1069-1070-1071-1072-103
[2026-08-11 17:53:19.642968] [INFO] [path_server] 노드 업데이트 : [1065] ➜ [40]
[2026-08-11 17:53:19.702846] [INFO] [path_server] 새로운 경로 설정 : path[1065 ➜ 103] time[0s] dist[12m] list[9] : 1065-40-1067-1068-1069-1070-1071-1072-103
[2026-08-11 17:53:20.401409] [INFO] [path_server] 노드 업데이트 : [40] ➜ [1067]
[2026-08-11 17:53:20.501330] [INFO] [path_server] 새로운 경로 설정 : path[40 ➜ 103] time[0s] dist[10.5m] list[8] : 40-1067-1068-1069-1070-1071-1072-103
[2026-08-11 17:53:21.140022] [INFO] [path_server] 노드 업데이트 : [1067] ➜ [1068]
[2026-08-11 17:53:21.219974] [INFO] [path_server] 새로운 경로 설정 : path[1067 ➜ 103] time[0s] dist[9m] list[7] : 1067-1068-1069-1070-1071-1072-103
[2026-08-11 17:53:21.898534] [INFO] [path_server] 노드 업데이트 : [1068] ➜ [1069]
[2026-08-11 17:53:21.958430] [INFO] [path_server] 새로운 경로 설정 : path[1068 ➜ 103] time[0s] dist[7.5m] list[6] : 1068-1069-1070-1071-1072-103
[2026-08-11 17:53:22.636986] [INFO] [path_server] 노드 업데이트 : [1069] ➜ [1070]
[2026-08-11 17:53:22.716912] [INFO] [path_server] 새로운 경로 설정 : path[1069 ➜ 103] time[0s] dist[6m] list[5] : 1069-1070-1071-1072-103
[2026-08-11 17:53:23.395575] [INFO] [path_server] 노드 업데이트 : [1070] ➜ [1071]
[2026-08-11 17:53:23.455463] [INFO] [path_server] 새로운 경로 설정 : path[1070 ➜ 103] time[0s] dist[4.5m] list[4] : 1070-1071-1072-103
[2026-08-11 17:53:24.134131] [INFO] [path_server] 노드 업데이트 : [1071] ➜ [1072]
[2026-08-11 17:53:24.214037] [INFO] [path_server] 새로운 경로 설정 : path[1071 ➜ 103] time[0s] dist[3m] list[3] : 1071-1072-103
[2026-08-11 17:53:25.471656] [INFO] [path_server] 노드 업데이트 : [1072] ➜ [103]
[2026-08-11 17:53:25.551515] [INFO] [path_server] 새로운 경로 설정 : path[1072 ➜ 103] time[0s] dist[1.5m] list[2] : 1072-103
[2026-08-11 17:53:29.443670] [INFO] [path_server] 노드 업데이트 : [103] ➜ [-1]
[2026-08-11 17:53:32.297965] [INFO] [course_tracker] 목적지에서 각도 정렬 : [8.000m 19.000m 0.000°]
[2026-08-11 17:53:33.295938] [INFO] [path_server] 노드 업데이트 : [103] ➜ [-1]
[2026-08-11 17:53:33.315869] [INFO] [task::fsm] push_done
[2026-08-11 17:53:33.375762] [INFO] [task::fsm] charging
[2026-08-11 17:53:33.375772] [INFO] [power_system] 충전 프로세스 시작
[2026-08-11 17:53:33.375811] [INFO] [health_monitor] [등록][100015, 100001] : 자동 충전 시작.
[2026-08-11 17:53:38.386021] [INFO] [health_monitor] [삭제][100015, 100001] : 자동 충전 시작.
[2026-08-11 17:54:01.500988] [INFO] [power_system] 충전 완료
[2026-08-11 17:54:01.501009] [INFO] [health_monitor] [등록][100015, 100002] : 배터리 가득.
[2026-08-11 17:54:01.501012] [INFO] [health_monitor] [등록][100015, 100003] : 자동 충전 해제 시작.
[2026-08-11 17:54:06.511392] [INFO] [health_monitor] [삭제][100015, 100002] : 배터리 가득.
[2026-08-11 17:54:06.511400] [INFO] [health_monitor] [삭제][100015, 100003] : 자동 충전 해제 시작.
[2026-08-11 17:54:06.531393] [INFO] [power_system] 충전 해제 완료
[2026-08-11 17:54:06.531408] [INFO] [health_monitor] [등록][100015, 100004] : 자동 충전 해제 완료.
[2026-08-11 17:54:06.551358] [INFO] [task::fsm] discharging
[2026-08-11 17:54:06.551379] [INFO] [health_monitor] [등록][100015, 100003] : 자동 충전 해제 시작.
[2026-08-11 17:54:06.551368] [INFO] [power_system] 충전 해제 프로세스 시작
[2026-08-11 17:54:06.571277] [INFO] [task::fsm] idle
[2026-08-11 17:54:06.571284] [INFO] [course_manager] 코스 삭제
[2026-08-11 17:54:06.571286] [INFO] [path_server] 경로 삭제
[2026-08-11 17:54:06.611259] [INFO] [task::fsm] idle
[2026-08-11 17:54:06.611266] [INFO] [course_manager] 코스 삭제
[2026-08-11 17:54:06.611267] [INFO] [path_server] 경로 삭제
[2026-08-11 17:54:11.541571] [INFO] [health_monitor] [삭제][100015, 100004] : 자동 충전 해제 완료.
[2026-08-11 17:54:11.561574] [INFO] [health_monitor] [삭제][100015, 100003] : 자동 충전 해제 시작.
[2026-08-11 17:56:01.625479] [INFO] [task::fsm] charging
[2026-08-11 17:56:01.625490] [INFO] [power_system] 충전 프로세스 시작
[2026-08-11 17:56:01.625506] [INFO] [health_monitor] [등록][100015, 100001] : 자동 충전 시작.
[2026-08-11 17:56:06.635768] [INFO] [health_monitor] [삭제][100015, 100001] : 자동 충전 시작.
[2026-08-11 17:56:14.999173] [INFO] [power_system] 충전 완료
[2026-08-11 17:56:14.999189] [INFO] [health_monitor] [등록][100015, 100002] : 배터리 가득.
[2026-08-11 17:56:14.999193] [INFO] [health_monitor] [등록][100015, 100003] : 자동 충전 해제 시작.
[2026-08-11 17:56:20.009268] [INFO] [health_monitor] [삭제][100015, 100002] : 배터리 가득.
[2026-08-11 17:56:20.009277] [INFO] [health_monitor] [삭제][100015, 100003] : 자동 충전 해제 시작.
[2026-08-11 17:56:20.029276] [INFO] [power_system] 충전 해제 완료
[2026-08-11 17:56:20.029293] [INFO] [health_monitor] [등록][100015, 100004] : 자동 충전 해제 완료.
[2026-08-11 17:56:20.049222] [INFO] [task::fsm] discharging
[2026-08-11 17:56:20.049230] [INFO] [power_system] 충전 해제 프로세스 시작
[2026-08-11 17:56:20.049240] [INFO] [health_monitor] [등록][100015, 100003] : 자동 충전 해제 시작.
[2026-08-11 17:56:20.069110] [INFO] [task::fsm] idle
[2026-08-11 17:56:20.069115] [INFO] [course_manager] 코스 삭제
[2026-08-11 17:56:20.069117] [INFO] [path_server] 경로 삭제
[2026-08-11 17:56:20.109075] [INFO] [task::fsm] idle
[2026-08-11 17:56:20.109080] [INFO] [course_manager] 코스 삭제
[2026-08-11 17:56:20.109082] [INFO] [path_server] 경로 삭제
[2026-08-11 17:56:25.039230] [INFO] [health_monitor] [삭제][100015, 100004] : 자동 충전 해제 완료.
[2026-08-11 17:56:25.059240] [INFO] [health_monitor] [삭제][100015, 100003] : 자동 충전 해제 시작.
