[2026-08-11 16:38:01.959704] [INFO] [framework] 프로그램 시작
[2026-08-11 16:38:01.959710] [WARNING] [framework] 프로그램 시작
[2026-08-11 16:38:01.959711] [CRITICAL] [framework] 프로그램 시작
[2026-08-11 16:38:01.959711] [INFO] [framework] 설정 파일 위치 : ../configs/robot_1
[2026-08-11 16:38:01.959881] [INFO] [framework] ID[0, 1], 이름[김첫째], 제어주기[20ms], 버젼[], 장소[우리집], 환경모드[simulation]
[2026-08-11 16:38:01.959976] [INFO] [mediator] 생성
[2026-08-11 16:38:01.960041] [INFO] [graph_manager] 생성
[2026-08-11 16:38:02.001467] [INFO] [stop_server] 생성
[2026-08-11 16:38:02.001534] [INFO] [health_monitor] 생성
[2026-08-11 16:38:02.001596] [INFO] [path_server] 생성
[2026-08-11 16:38:02.001645] [INFO] [course_manager] 생성
[2026-08-11 16:38:02.001695] [INFO] [task::fsm] 생성
[2026-08-11 16:38:02.001696] [INFO] [task::fsm] idle
[2026-08-11 16:38:02.001714] [INFO] [course_manager] 코스 삭제
[2026-08-11 16:38:02.001716] [INFO] [path_server] 경로 삭제
[2026-08-11 16:38:02.001777] [INFO] [task_manager] 생성
[2026-08-11 16:38:02.001925] [INFO] [mediator] connectors 생성
[2026-08-11 16:38:02.001992] [INFO] [fms] 생성
[2026-08-11 16:38:02.001994] [INFO] [fms] 통신 드라이버 생성
[2026-08-11 16:38:02.002351] [INFO] [joystick] 생성
[2026-08-11 16:38:02.002700] [INFO] [motions] 생성
[2026-08-11 16:38:02.002768] [INFO] [localizers] 생성
[2026-08-11 16:38:02.002909] [INFO] [localizers] 파라미터 : 

[2026-08-11 16:38:02.002977] [INFO] [safety_plc] 생성
[2026-08-11 16:38:02.003030] [INFO] [load_handler] 생성
[2026-08-11 16:38:02.003087] [INFO] [power_system] 생성
[2026-08-11 16:38:02.003243] [INFO] [power_system] 설정 정보 : remaining[40%, 10%, 5%]
[2026-08-11 16:38:02.003871] [INFO] [power_system] 알람 목록 : 
 • [100015, 100001] [INFO] 자동 충전 시작.
 • [100015, 100002] [INFO] 배터리 가득.
 • [100015, 400001] [CRIT] 배터리 남은 양 - 위험
 • [100015, 300001] [ERROR] 배터리 남은 양 - 에러
 • [100015, 200001] [WARN] 배터리 남은 양 - 주의
 • [100015, 100004] [INFO] 자동 충전 해제 완료.
 • [100015, 100003] [INFO] 자동 충전 해제 시작.
[2026-08-11 16:38:02.003878] [INFO] [mediator] any map 등록
[2026-08-11 16:38:02.003876] [INFO] [mediator] connector 의존성 주입
[2026-08-11 16:38:02.003887] [INFO] [mediator] any collector 등록
[2026-08-11 16:38:02.003890] [INFO] [mediator] any collector 목록 검사
[2026-08-11 16:38:02.003958] [INFO] [framework] after init 실행
[2026-08-11 16:38:02.004375] [INFO] [course_tracker] 생성
[2026-08-11 16:38:02.004397] [INFO] [course_tracker] 파라미터 : 
◈ node_bound[0.030m, 0.150m, 0.005m]
 • approach[0.150m, 0.050m/s, -0.005m, -0.200m, 0.100m]
 • align[(10.000°, 5.000°/s), 50.000°, 30.000°/s), 0.800°, -0.100°]
◈ motion param : 
 • reference_angle[0.000°, 45.000°]
 • threshold_angle[15.000°, 20.000°, 170.000°]
 • threshold_error[0.300°, 5.000°]
 • normal[0.150m/s, 8.000, 0.800m/s, 0.500]
 • angle[0.150m/s, 1.500, 0.800m/s, 2.100]
 • protection_overshoot[0.100m/s, 0.900, 0.500m/s, 0.900]
 • speed_rotation[15.000°/s]
[2026-08-11 16:38:02.004401] [INFO] [framework] 제어 쓰레드 시작
[2026-08-11 16:38:02.004462] [INFO] [path_server] 노드 초기화 성공 : 로봇 좌표[22.004m 17.498m -179.646°] 최단 거리 노드[109] 거리(0.004150m)
[2026-08-11 16:40:31.632071] [INFO] [framework] 프로그램 시작
[2026-08-11 16:40:31.632077] [WARNING] [framework] 프로그램 시작
[2026-08-11 16:40:31.632079] [CRITICAL] [framework] 프로그램 시작
[2026-08-11 16:40:31.632079] [INFO] [framework] 설정 파일 위치 : ../configs/robot_1
[2026-08-11 16:40:31.632247] [INFO] [framework] ID[0, 1], 이름[김첫째], 제어주기[20ms], 버젼[], 장소[우리집], 환경모드[simulation]
[2026-08-11 16:40:31.632278] [INFO] [mediator] 생성
[2026-08-11 16:40:31.632304] [INFO] [graph_manager] 생성
[2026-08-11 16:40:31.673099] [INFO] [stop_server] 생성
[2026-08-11 16:40:31.673145] [INFO] [health_monitor] 생성
[2026-08-11 16:40:31.673169] [INFO] [path_server] 생성
[2026-08-11 16:40:31.673189] [INFO] [course_manager] 생성
[2026-08-11 16:40:31.673211] [INFO] [task::fsm] 생성
[2026-08-11 16:40:31.673219] [INFO] [task::fsm] idle
[2026-08-11 16:40:31.673221] [INFO] [course_manager] 코스 삭제
[2026-08-11 16:40:31.673222] [INFO] [path_server] 경로 삭제
[2026-08-11 16:40:31.673242] [INFO] [task_manager] 생성
[2026-08-11 16:40:31.673395] [INFO] [mediator] connectors 생성
[2026-08-11 16:40:31.673424] [INFO] [fms] 생성
[2026-08-11 16:40:31.673427] [INFO] [fms] 통신 드라이버 생성
[2026-08-11 16:40:31.673769] [INFO] [joystick] 생성
[2026-08-11 16:40:31.674067] [INFO] [motions] 생성
[2026-08-11 16:40:31.674097] [INFO] [localizers] 생성
[2026-08-11 16:40:31.674237] [INFO] [localizers] 파라미터 : 

[2026-08-11 16:40:31.674262] [INFO] [safety_plc] 생성
[2026-08-11 16:40:31.674283] [INFO] [load_handler] 생성
[2026-08-11 16:40:31.674304] [INFO] [power_system] 생성
[2026-08-11 16:40:31.674460] [INFO] [power_system] 설정 정보 : remaining[40%, 10%, 5%]
[2026-08-11 16:40:31.675079] [INFO] [power_system] 알람 목록 : 
 • [100015, 100001] [INFO] 자동 충전 시작.
 • [100015, 100002] [INFO] 배터리 가득.
 • [100015, 400001] [CRIT] 배터리 남은 양 - 위험
 • [100015, 300001] [ERROR] 배터리 남은 양 - 에러
 • [100015, 200001] [WARN] 배터리 남은 양 - 주의
 • [100015, 100004] [INFO] 자동 충전 해제 완료.
 • [100015, 100003] [INFO] 자동 충전 해제 시작.
[2026-08-11 16:40:31.675084] [INFO] [mediator] connector 의존성 주입
[2026-08-11 16:40:31.675088] [INFO] [mediator] any map 등록
[2026-08-11 16:40:31.675098] [INFO] [mediator] any collector 등록
[2026-08-11 16:40:31.675103] [INFO] [mediator] any collector 목록 검사
[2026-08-11 16:40:31.675177] [INFO] [framework] after init 실행
[2026-08-11 16:40:31.675584] [INFO] [course_tracker] 생성
[2026-08-11 16:40:31.675600] [INFO] [course_tracker] 파라미터 : 
◈ node_bound[0.030m, 0.150m, 0.005m]
 • approach[0.150m, 0.050m/s, -0.005m, -0.200m, 0.100m]
 • align[(10.000°, 5.000°/s), 50.000°, 30.000°/s), 0.800°, -0.100°]
◈ motion param : 
 • reference_angle[0.000°, 45.000°]
 • threshold_angle[15.000°, 20.000°, 170.000°]
 • threshold_error[0.300°, 5.000°]
 • normal[0.150m/s, 8.000, 0.800m/s, 0.500]
 • angle[0.150m/s, 1.500, 0.800m/s, 2.100]
 • protection_overshoot[0.100m/s, 0.900, 0.500m/s, 0.900]
 • speed_rotation[15.000°/s]
[2026-08-11 16:40:31.675602] [INFO] [framework] 제어 쓰레드 시작
[2026-08-11 16:40:31.675642] [INFO] [path_server] 노드 초기화 성공 : 로봇 좌표[22.004m 17.498m -179.646°] 최단 거리 노드[109] 거리(0.004150m)
[2026-08-11 16:42:03.856906] [INFO] [task::fsm] charging
[2026-08-11 16:42:03.856914] [INFO] [power_system] 충전 프로세스 시작
[2026-08-11 16:42:03.856928] [INFO] [health_monitor] [등록][100015, 100001] : 자동 충전 시작.
[2026-08-11 16:42:08.867124] [INFO] [health_monitor] [삭제][100015, 100001] : 자동 충전 시작.
[2026-08-11 16:42:21.384255] [INFO] [power_system] 충전 완료
[2026-08-11 16:42:21.384283] [INFO] [health_monitor] [등록][100015, 100003] : 자동 충전 해제 시작.
[2026-08-11 16:42:21.384278] [INFO] [health_monitor] [등록][100015, 100002] : 배터리 가득.
[2026-08-11 16:42:26.396405] [INFO] [health_monitor] [삭제][100015, 100002] : 배터리 가득.
[2026-08-11 16:42:26.396414] [INFO] [health_monitor] [삭제][100015, 100003] : 자동 충전 해제 시작.
[2026-08-11 16:42:26.416346] [INFO] [power_system] 충전 해제 완료
[2026-08-11 16:42:26.416354] [INFO] [health_monitor] [등록][100015, 100004] : 자동 충전 해제 완료.
[2026-08-11 16:42:26.436420] [INFO] [task::fsm] discharging
[2026-08-11 16:42:26.436438] [INFO] [health_monitor] [등록][100015, 100003] : 자동 충전 해제 시작.
[2026-08-11 16:42:26.436429] [INFO] [power_system] 충전 해제 프로세스 시작
[2026-08-11 16:42:26.456379] [INFO] [task::fsm] idle
[2026-08-11 16:42:26.456385] [INFO] [course_manager] 코스 삭제
[2026-08-11 16:42:26.456387] [INFO] [path_server] 경로 삭제
[2026-08-11 16:42:31.429022] [INFO] [health_monitor] [삭제][100015, 100004] : 자동 충전 해제 완료.
[2026-08-11 16:42:31.448971] [INFO] [health_monitor] [삭제][100015, 100003] : 자동 충전 해제 시작.
[2026-08-11 16:42:59.123098] [INFO] [task::fsm] idle
[2026-08-11 16:42:59.123104] [INFO] [course_manager] 코스 삭제
[2026-08-11 16:42:59.123106] [INFO] [path_server] 경로 삭제
[2026-08-11 16:43:09.444006] [INFO] [path_server] 새로운 경로 설정 : path[109 ➜ 102] time[0s] dist[63m] list[43] : 109-1170-1171-1172-1091-1092-1093-1094-1095-1074-1075-1076-1018-1019-1020-1011-1012-1035-1036-1037-1038-1039-1040-1041-1042-1112-1113-1114-1115-1116-1117-1118-1119-1120-1121-1122-1123-1179-1180-1181-1182-1183-102
[2026-08-11 16:43:09.444020] [INFO] [course_tracker] 방향 정렬 완료 
[2026-08-11 16:43:14.136063] [INFO] [path_server] 노드 업데이트 : [1170] ➜ [1171]
[2026-08-11 16:43:14.195957] [INFO] [path_server] 새로운 경로 설정 : path[1170 ➜ 102] time[0s] dist[61.5m] list[42] : 1170-1171-1172-1091-1092-1093-1094-1095-1074-1075-1076-1018-1019-1020-1011-1012-1035-1036-1037-1038-1039-1040-1041-1042-1112-1113-1114-1115-1116-1117-1118-1119-1120-1121-1122-1123-1179-1180-1181-1182-1183-102
[2026-08-11 16:43:17.829246] [INFO] [path_server] 노드 업데이트 : [1171] ➜ [1172]
[2026-08-11 16:43:17.909134] [INFO] [path_server] 새로운 경로 설정 : path[1171 ➜ 102] time[0s] dist[60m] list[41] : 1171-1172-1091-1092-1093-1094-1095-1074-1075-1076-1018-1019-1020-1011-1012-1035-1036-1037-1038-1039-1040-1041-1042-1112-1113-1114-1115-1116-1117-1118-1119-1120-1121-1122-1123-1179-1180-1181-1182-1183-102
[2026-08-11 16:43:18.947099] [INFO] [path_server] 노드 업데이트 : [1172] ➜ [1091]
[2026-08-11 16:43:19.027059] [INFO] [path_server] 새로운 경로 설정 : path[1172 ➜ 102] time[0s] dist[58.5m] list[40] : 1172-1091-1092-1093-1094-1095-1074-1075-1076-1018-1019-1020-1011-1012-1035-1036-1037-1038-1039-1040-1041-1042-1112-1113-1114-1115-1116-1117-1118-1119-1120-1121-1122-1123-1179-1180-1181-1182-1183-102
[2026-08-11 16:43:19.985235] [INFO] [path_server] 노드 업데이트 : [1091] ➜ [1092]
[2026-08-11 16:43:20.065164] [INFO] [path_server] 새로운 경로 설정 : path[1091 ➜ 102] time[0s] dist[57m] list[39] : 1091-1092-1093-1094-1095-1074-1075-1076-1018-1019-1020-1011-1012-1035-1036-1037-1038-1039-1040-1041-1042-1112-1113-1114-1115-1116-1117-1118-1119-1120-1121-1122-1123-1179-1180-1181-1182-1183-102
[2026-08-11 16:43:23.238760] [INFO] [path_server] 노드 업데이트 : [1092] ➜ [1093]
[2026-08-11 16:43:23.318714] [INFO] [path_server] 새로운 경로 설정 : path[1092 ➜ 102] time[0s] dist[55.5m] list[38] : 1092-1093-1094-1095-1074-1075-1076-1018-1019-1020-1011-1012-1035-1036-1037-1038-1039-1040-1041-1042-1112-1113-1114-1115-1116-1117-1118-1119-1120-1121-1122-1123-1179-1180-1181-1182-1183-102
[2026-08-11 16:43:24.496257] [INFO] [path_server] 노드 업데이트 : [1093] ➜ [1094]
[2026-08-11 16:43:24.576187] [INFO] [path_server] 새로운 경로 설정 : path[1093 ➜ 102] time[0s] dist[54m] list[37] : 1093-1094-1095-1074-1075-1076-1018-1019-1020-1011-1012-1035-1036-1037-1038-1039-1040-1041-1042-1112-1113-1114-1115-1116-1117-1118-1119-1120-1121-1122-1123-1179-1180-1181-1182-1183-102
[2026-08-11 16:43:25.354586] [INFO] [path_server] 노드 업데이트 : [1094] ➜ [1095]
[2026-08-11 16:43:25.434471] [INFO] [path_server] 새로운 경로 설정 : path[1094 ➜ 102] time[0s] dist[52.5m] list[36] : 1094-1095-1074-1075-1076-1018-1019-1020-1011-1012-1035-1036-1037-1038-1039-1040-1041-1042-1112-1113-1114-1115-1116-1117-1118-1119-1120-1121-1122-1123-1179-1180-1181-1182-1183-102
[2026-08-11 16:43:26.671983] [INFO] [path_server] 노드 업데이트 : [1095] ➜ [1074]
[2026-08-11 16:43:26.751868] [INFO] [path_server] 새로운 경로 설정 : path[1095 ➜ 102] time[0s] dist[51m] list[35] : 1095-1074-1075-1076-1018-1019-1020-1011-1012-1035-1036-1037-1038-1039-1040-1041-1042-1112-1113-1114-1115-1116-1117-1118-1119-1120-1121-1122-1123-1179-1180-1181-1182-1183-102
[2026-08-11 16:43:30.005941] [INFO] [path_server] 노드 업데이트 : [1074] ➜ [1075]
[2026-08-11 16:43:30.085879] [INFO] [path_server] 새로운 경로 설정 : path[1074 ➜ 102] time[0s] dist[49.5m] list[34] : 1074-1075-1076-1018-1019-1020-1011-1012-1035-1036-1037-1038-1039-1040-1041-1042-1112-1113-1114-1115-1116-1117-1118-1119-1120-1121-1122-1123-1179-1180-1181-1182-1183-102
[2026-08-11 16:43:31.143996] [INFO] [path_server] 노드 업데이트 : [1075] ➜ [1076]
[2026-08-11 16:43:31.223944] [INFO] [path_server] 새로운 경로 설정 : path[1075 ➜ 102] time[0s] dist[48m] list[33] : 1075-1076-1018-1019-1020-1011-1012-1035-1036-1037-1038-1039-1040-1041-1042-1112-1113-1114-1115-1116-1117-1118-1119-1120-1121-1122-1123-1179-1180-1181-1182-1183-102
[2026-08-11 16:43:31.962511] [INFO] [path_server] 노드 업데이트 : [1076] ➜ [1018]
[2026-08-11 16:43:32.022427] [INFO] [path_server] 새로운 경로 설정 : path[1076 ➜ 102] time[0s] dist[46.5m] list[32] : 1076-1018-1019-1020-1011-1012-1035-1036-1037-1038-1039-1040-1041-1042-1112-1113-1114-1115-1116-1117-1118-1119-1120-1121-1122-1123-1179-1180-1181-1182-1183-102
[2026-08-11 16:43:32.721037] [INFO] [path_server] 노드 업데이트 : [1018] ➜ [1019]
[2026-08-11 16:43:32.800871] [INFO] [path_server] 새로운 경로 설정 : path[1018 ➜ 102] time[0s] dist[45m] list[31] : 1018-1019-1020-1011-1012-1035-1036-1037-1038-1039-1040-1041-1042-1112-1113-1114-1115-1116-1117-1118-1119-1120-1121-1122-1123-1179-1180-1181-1182-1183-102
[2026-08-11 16:43:33.479646] [INFO] [path_server] 노드 업데이트 : [1019] ➜ [1020]
[2026-08-11 16:43:33.559629] [INFO] [path_server] 새로운 경로 설정 : path[1019 ➜ 102] time[0s] dist[43.5m] list[30] : 1019-1020-1011-1012-1035-1036-1037-1038-1039-1040-1041-1042-1112-1113-1114-1115-1116-1117-1118-1119-1120-1121-1122-1123-1179-1180-1181-1182-1183-102
[2026-08-11 16:43:34.218438] [INFO] [path_server] 노드 업데이트 : [1020] ➜ [1011]
[2026-08-11 16:43:34.298435] [INFO] [path_server] 새로운 경로 설정 : path[1020 ➜ 102] time[0s] dist[42m] list[29] : 1020-1011-1012-1035-1036-1037-1038-1039-1040-1041-1042-1112-1113-1114-1115-1116-1117-1118-1119-1120-1121-1122-1123-1179-1180-1181-1182-1183-102
[2026-08-11 16:43:35.536789] [INFO] [path_server] 노드 업데이트 : [1011] ➜ [1012]
[2026-08-11 16:43:35.636691] [INFO] [path_server] 새로운 경로 설정 : path[1011 ➜ 102] time[0s] dist[40.5m] list[28] : 1011-1012-1035-1036-1037-1038-1039-1040-1041-1042-1112-1113-1114-1115-1116-1117-1118-1119-1120-1121-1122-1123-1179-1180-1181-1182-1183-102
[2026-08-11 16:43:38.910682] [INFO] [path_server] 노드 업데이트 : [1012] ➜ [1035]
[2026-08-11 16:43:38.990620] [INFO] [path_server] 새로운 경로 설정 : path[1012 ➜ 102] time[0s] dist[39m] list[27] : 1012-1035-1036-1037-1038-1039-1040-1041-1042-1112-1113-1114-1115-1116-1117-1118-1119-1120-1121-1122-1123-1179-1180-1181-1182-1183-102
[2026-08-11 16:43:40.028906] [INFO] [path_server] 노드 업데이트 : [1035] ➜ [1036]
[2026-08-11 16:43:40.088839] [INFO] [path_server] 새로운 경로 설정 : path[1035 ➜ 102] time[0s] dist[37.5m] list[26] : 1035-1036-1037-1038-1039-1040-1041-1042-1112-1113-1114-1115-1116-1117-1118-1119-1120-1121-1122-1123-1179-1180-1181-1182-1183-102
[2026-08-11 16:43:40.847589] [INFO] [path_server] 노드 업데이트 : [1036] ➜ [1037]
[2026-08-11 16:43:40.927474] [INFO] [path_server] 새로운 경로 설정 : path[1036 ➜ 102] time[0s] dist[36m] list[25] : 1036-1037-1038-1039-1040-1041-1042-1112-1113-1114-1115-1116-1117-1118-1119-1120-1121-1122-1123-1179-1180-1181-1182-1183-102
[2026-08-11 16:43:41.606115] [INFO] [path_server] 노드 업데이트 : [1037] ➜ [1038]
[2026-08-11 16:43:41.686055] [INFO] [path_server] 새로운 경로 설정 : path[1037 ➜ 102] time[0s] dist[34.5m] list[24] : 1037-1038-1039-1040-1041-1042-1112-1113-1114-1115-1116-1117-1118-1119-1120-1121-1122-1123-1179-1180-1181-1182-1183-102
[2026-08-11 16:43:42.364780] [INFO] [path_server] 노드 업데이트 : [1038] ➜ [1039]
[2026-08-11 16:43:42.424685] [INFO] [path_server] 새로운 경로 설정 : path[1038 ➜ 102] time[0s] dist[33m] list[23] : 1038-1039-1040-1041-1042-1112-1113-1114-1115-1116-1117-1118-1119-1120-1121-1122-1123-1179-1180-1181-1182-1183-102
[2026-08-11 16:43:43.103311] [INFO] [path_server] 노드 업데이트 : [1039] ➜ [1040]
[2026-08-11 16:43:43.183246] [INFO] [path_server] 새로운 경로 설정 : path[1039 ➜ 102] time[0s] dist[31.5m] list[22] : 1039-1040-1041-1042-1112-1113-1114-1115-1116-1117-1118-1119-1120-1121-1122-1123-1179-1180-1181-1182-1183-102
[2026-08-11 16:43:43.861920] [INFO] [path_server] 노드 업데이트 : [1040] ➜ [1041]
[2026-08-11 16:43:43.921853] [INFO] [path_server] 새로운 경로 설정 : path[1040 ➜ 102] time[0s] dist[30m] list[21] : 1040-1041-1042-1112-1113-1114-1115-1116-1117-1118-1119-1120-1121-1122-1123-1179-1180-1181-1182-1183-102
[2026-08-11 16:43:44.600397] [INFO] [path_server] 노드 업데이트 : [1041] ➜ [1042]
[2026-08-11 16:43:44.680328] [INFO] [path_server] 새로운 경로 설정 : path[1041 ➜ 102] time[0s] dist[28.5m] list[20] : 1041-1042-1112-1113-1114-1115-1116-1117-1118-1119-1120-1121-1122-1123-1179-1180-1181-1182-1183-102
[2026-08-11 16:43:45.358940] [INFO] [path_server] 노드 업데이트 : [1042] ➜ [1112]
[2026-08-11 16:43:45.418852] [INFO] [path_server] 새로운 경로 설정 : path[1042 ➜ 102] time[0s] dist[27m] list[19] : 1042-1112-1113-1114-1115-1116-1117-1118-1119-1120-1121-1122-1123-1179-1180-1181-1182-1183-102
[2026-08-11 16:43:46.676314] [INFO] [path_server] 노드 업데이트 : [1112] ➜ [1113]
[2026-08-11 16:43:46.736253] [INFO] [path_server] 새로운 경로 설정 : path[1112 ➜ 102] time[0s] dist[25.5m] list[18] : 1112-1113-1114-1115-1116-1117-1118-1119-1120-1121-1122-1123-1179-1180-1181-1182-1183-102
[2026-08-11 16:43:50.029734] [INFO] [path_server] 노드 업데이트 : [1113] ➜ [1114]
[2026-08-11 16:43:50.109665] [INFO] [path_server] 새로운 경로 설정 : path[1113 ➜ 102] time[0s] dist[24m] list[17] : 1113-1114-1115-1116-1117-1118-1119-1120-1121-1122-1123-1179-1180-1181-1182-1183-102
[2026-08-11 16:43:51.167621] [INFO] [path_server] 노드 업데이트 : [1114] ➜ [1115]
[2026-08-11 16:43:51.247640] [INFO] [path_server] 새로운 경로 설정 : path[1114 ➜ 102] time[0s] dist[22.5m] list[16] : 1114-1115-1116-1117-1118-1119-1120-1121-1122-1123-1179-1180-1181-1182-1183-102
[2026-08-11 16:43:51.986355] [INFO] [path_server] 노드 업데이트 : [1115] ➜ [1116]
[2026-08-11 16:43:52.046249] [INFO] [path_server] 새로운 경로 설정 : path[1115 ➜ 102] time[0s] dist[21m] list[15] : 1115-1116-1117-1118-1119-1120-1121-1122-1123-1179-1180-1181-1182-1183-102
[2026-08-11 16:43:52.744864] [INFO] [path_server] 노드 업데이트 : [1116] ➜ [1117]
[2026-08-11 16:43:52.824738] [INFO] [path_server] 새로운 경로 설정 : path[1116 ➜ 102] time[0s] dist[19.5m] list[14] : 1116-1117-1118-1119-1120-1121-1122-1123-1179-1180-1181-1182-1183-102
[2026-08-11 16:43:53.503414] [INFO] [path_server] 노드 업데이트 : [1117] ➜ [1118]
[2026-08-11 16:43:53.583360] [INFO] [path_server] 새로운 경로 설정 : path[1117 ➜ 102] time[0s] dist[18m] list[13] : 1117-1118-1119-1120-1121-1122-1123-1179-1180-1181-1182-1183-102
[2026-08-11 16:43:54.242191] [INFO] [path_server] 노드 업데이트 : [1118] ➜ [1119]
[2026-08-11 16:43:54.322223] [INFO] [path_server] 새로운 경로 설정 : path[1118 ➜ 102] time[0s] dist[16.5m] list[12] : 1118-1119-1120-1121-1122-1123-1179-1180-1181-1182-1183-102
[2026-08-11 16:43:55.000967] [INFO] [path_server] 노드 업데이트 : [1119] ➜ [1120]
[2026-08-11 16:43:55.080950] [INFO] [path_server] 새로운 경로 설정 : path[1119 ➜ 102] time[0s] dist[15m] list[11] : 1119-1120-1121-1122-1123-1179-1180-1181-1182-1183-102
[2026-08-11 16:43:55.839517] [INFO] [path_server] 노드 업데이트 : [1120] ➜ [1121]
[2026-08-11 16:43:55.919451] [INFO] [path_server] 새로운 경로 설정 : path[1120 ➜ 102] time[0s] dist[13.5m] list[10] : 1120-1121-1122-1123-1179-1180-1181-1182-1183-102
[2026-08-11 16:43:59.493365] [INFO] [path_server] 노드 업데이트 : [1121] ➜ [1122]
[2026-08-11 16:43:59.573313] [INFO] [path_server] 새로운 경로 설정 : path[1121 ➜ 102] time[0s] dist[12m] list[9] : 1121-1122-1123-1179-1180-1181-1182-1183-102
[2026-08-11 16:44:00.850813] [INFO] [path_server] 노드 업데이트 : [1122] ➜ [1123]
[2026-08-11 16:44:00.910752] [INFO] [path_server] 새로운 경로 설정 : path[1122 ➜ 102] time[0s] dist[10.5m] list[8] : 1122-1123-1179-1180-1181-1182-1183-102
[2026-08-11 16:44:01.908874] [INFO] [path_server] 노드 업데이트 : [1123] ➜ [1179]
[2026-08-11 16:44:01.968859] [INFO] [path_server] 새로운 경로 설정 : path[1123 ➜ 102] time[0s] dist[9m] list[7] : 1123-1179-1180-1181-1182-1183-102
[2026-08-11 16:44:05.223010] [INFO] [path_server] 노드 업데이트 : [1179] ➜ [1180]
[2026-08-11 16:44:05.302943] [INFO] [path_server] 새로운 경로 설정 : path[1179 ➜ 102] time[0s] dist[7.5m] list[6] : 1179-1180-1181-1182-1183-102
[2026-08-11 16:44:06.460817] [INFO] [path_server] 노드 업데이트 : [1180] ➜ [1181]
[2026-08-11 16:44:06.520768] [INFO] [path_server] 새로운 경로 설정 : path[1180 ➜ 102] time[0s] dist[6m] list[5] : 1180-1181-1182-1183-102
[2026-08-11 16:44:07.339351] [INFO] [path_server] 노드 업데이트 : [1181] ➜ [1182]
[2026-08-11 16:44:07.419256] [INFO] [path_server] 새로운 경로 설정 : path[1181 ➜ 102] time[0s] dist[4.5m] list[4] : 1181-1182-1183-102
[2026-08-11 16:44:08.077977] [INFO] [path_server] 노드 업데이트 : [1182] ➜ [1183]
[2026-08-11 16:44:08.137882] [INFO] [path_server] 새로운 경로 설정 : path[1182 ➜ 102] time[0s] dist[3m] list[3] : 1182-1183-102
[2026-08-11 16:44:09.415378] [INFO] [path_server] 노드 업데이트 : [1183] ➜ [102]
[2026-08-11 16:44:09.495304] [INFO] [path_server] 새로운 경로 설정 : path[1183 ➜ 102] time[0s] dist[1.5m] list[2] : 1183-102
[2026-08-11 16:44:14.625546] [INFO] [path_server] 노드 업데이트 : [102] ➜ [-1]
[2026-08-11 16:44:17.520062] [INFO] [course_tracker] 목적지에서 각도 정렬 : [5.500m 7.000m 0.000°]
[2026-08-11 16:44:17.559978] [INFO] [path_server] 노드 업데이트 : [102] ➜ [-1]
[2026-08-11 16:44:17.579942] [INFO] [task::fsm] push_done
[2026-08-11 16:44:17.639838] [INFO] [task::fsm] charging
[2026-08-11 16:44:17.639848] [INFO] [power_system] 충전 프로세스 시작
[2026-08-11 16:44:17.639863] [INFO] [health_monitor] [등록][100015, 100001] : 자동 충전 시작.
[2026-08-11 16:44:22.651076] [INFO] [health_monitor] [삭제][100015, 100001] : 자동 충전 시작.
[2026-08-11 16:44:35.308834] [INFO] [power_system] 충전 완료
[2026-08-11 16:44:35.308855] [INFO] [health_monitor] [등록][100015, 100002] : 배터리 가득.
[2026-08-11 16:44:35.308858] [INFO] [health_monitor] [등록][100015, 100003] : 자동 충전 해제 시작.
[2026-08-11 16:44:40.319858] [INFO] [health_monitor] [삭제][100015, 100002] : 배터리 가득.
[2026-08-11 16:44:40.319864] [INFO] [health_monitor] [삭제][100015, 100003] : 자동 충전 해제 시작.
[2026-08-11 16:44:40.339854] [INFO] [power_system] 충전 해제 완료
[2026-08-11 16:44:40.339865] [INFO] [health_monitor] [등록][100015, 100004] : 자동 충전 해제 완료.
[2026-08-11 16:44:40.359822] [INFO] [task::fsm] discharging
[2026-08-11 16:44:40.359831] [INFO] [power_system] 충전 해제 프로세스 시작
[2026-08-11 16:44:40.359841] [INFO] [health_monitor] [등록][100015, 100003] : 자동 충전 해제 시작.
[2026-08-11 16:44:40.379756] [INFO] [task::fsm] idle
[2026-08-11 16:44:40.379763] [INFO] [course_manager] 코스 삭제
[2026-08-11 16:44:40.379764] [INFO] [path_server] 경로 삭제
[2026-08-11 16:44:40.419789] [INFO] [task::fsm] idle
[2026-08-11 16:44:40.419800] [INFO] [path_server] 경로 삭제
[2026-08-11 16:44:40.419796] [INFO] [course_manager] 코스 삭제
[2026-08-11 16:44:45.350887] [INFO] [health_monitor] [삭제][100015, 100004] : 자동 충전 해제 완료.
[2026-08-11 16:44:45.370891] [INFO] [health_monitor] [삭제][100015, 100003] : 자동 충전 해제 시작.
[2026-08-11 16:45:49.978929] [INFO] [framework] 프로그램 시작
[2026-08-11 16:45:49.978935] [WARNING] [framework] 프로그램 시작
[2026-08-11 16:45:49.978937] [CRITICAL] [framework] 프로그램 시작
[2026-08-11 16:45:49.978938] [INFO] [framework] 설정 파일 위치 : ../configs/robot_1
[2026-08-11 16:45:49.979119] [INFO] [framework] ID[0, 1], 이름[김첫째], 제어주기[20ms], 버젼[], 장소[우리집], 환경모드[simulation]
[2026-08-11 16:45:49.979152] [INFO] [mediator] 생성
[2026-08-11 16:45:49.979194] [INFO] [graph_manager] 생성
[2026-08-11 16:45:50.022448] [INFO] [stop_server] 생성
[2026-08-11 16:45:50.022473] [INFO] [health_monitor] 생성
[2026-08-11 16:45:50.022487] [INFO] [path_server] 생성
[2026-08-11 16:45:50.022508] [INFO] [course_manager] 생성
[2026-08-11 16:45:50.022520] [INFO] [task::fsm] 생성
[2026-08-11 16:45:50.022521] [INFO] [task::fsm] idle
[2026-08-11 16:45:50.022522] [INFO] [course_manager] 코스 삭제
[2026-08-11 16:45:50.022523] [INFO] [path_server] 경로 삭제
[2026-08-11 16:45:50.022540] [INFO] [task_manager] 생성
[2026-08-11 16:45:50.022639] [INFO] [mediator] connectors 생성
[2026-08-11 16:45:50.022653] [INFO] [fms] 생성
[2026-08-11 16:45:50.022654] [INFO] [fms] 통신 드라이버 생성
[2026-08-11 16:45:50.022837] [INFO] [joystick] 생성
[2026-08-11 16:45:50.023003] [INFO] [motions] 생성
[2026-08-11 16:45:50.023018] [INFO] [localizers] 생성
[2026-08-11 16:45:50.023091] [INFO] [localizers] 파라미터 : 

[2026-08-11 16:45:50.023104] [INFO] [safety_plc] 생성
[2026-08-11 16:45:50.023117] [INFO] [load_handler] 생성
[2026-08-11 16:45:50.023127] [INFO] [power_system] 생성
[2026-08-11 16:45:50.023212] [INFO] [power_system] 설정 정보 : remaining[40%, 10%, 5%]
[2026-08-11 16:45:50.023556] [INFO] [power_system] 알람 목록 : 
 • [100015, 100001] [INFO] 자동 충전 시작.
 • [100015, 100002] [INFO] 배터리 가득.
 • [100015, 400001] [CRIT] 배터리 남은 양 - 위험
 • [100015, 300001] [ERROR] 배터리 남은 양 - 에러
 • [100015, 200001] [WARN] 배터리 남은 양 - 주의
 • [100015, 100004] [INFO] 자동 충전 해제 완료.
 • [100015, 100003] [INFO] 자동 충전 해제 시작.
[2026-08-11 16:45:50.023559] [INFO] [mediator] connector 의존성 주입
[2026-08-11 16:45:50.023561] [INFO] [mediator] any map 등록
[2026-08-11 16:45:50.023567] [INFO] [mediator] any collector 등록
[2026-08-11 16:45:50.023570] [INFO] [mediator] any collector 목록 검사
[2026-08-11 16:45:50.023608] [INFO] [framework] after init 실행
[2026-08-11 16:45:50.023976] [INFO] [course_tracker] 생성
[2026-08-11 16:45:50.023998] [INFO] [course_tracker] 파라미터 : 
◈ node_bound[0.030m, 0.150m, 0.005m]
 • approach[0.150m, 0.050m/s, -0.005m, -0.200m, 0.100m]
 • align[(10.000°, 5.000°/s), 50.000°, 30.000°/s), 0.800°, -0.100°]
◈ motion param : 
 • reference_angle[0.000°, 45.000°]
 • threshold_angle[15.000°, 20.000°, 170.000°]
 • threshold_error[0.300°, 5.000°]
 • normal[0.150m/s, 8.000, 0.800m/s, 0.500]
 • angle[0.150m/s, 1.500, 0.800m/s, 2.100]
 • protection_overshoot[0.100m/s, 0.900, 0.500m/s, 0.900]
 • speed_rotation[15.000°/s]
[2026-08-11 16:45:50.024002] [INFO] [framework] 제어 쓰레드 시작
[2026-08-11 16:45:50.024065] [INFO] [path_server] 노드 초기화 성공 : 로봇 좌표[5.504m 6.998m -179.385°] 최단 거리 노드[102] 거리(0.004241m)
[2026-08-11 16:45:50.044074] [INFO] [task::fsm] idle
[2026-08-11 16:45:50.044082] [INFO] [course_manager] 코스 삭제
[2026-08-11 16:45:50.044084] [INFO] [path_server] 경로 삭제
[2026-08-11 16:46:16.655160] [INFO] [path_server] 새로운 경로 설정 : path[102 ➜ 1041] time[0s] dist[7.5m] list[6] : 102-1183-1184-1045-1040-1041
[2026-08-11 16:46:16.655171] [INFO] [course_tracker] 방향 정렬 완료 
[2026-08-11 16:46:23.821041] [INFO] [path_server] 노드 업데이트 : [1183] ➜ [1184]
[2026-08-11 16:46:23.900857] [INFO] [path_server] 새로운 경로 설정 : path[1183 ➜ 1041] time[0s] dist[6m] list[5] : 1183-1184-1045-1040-1041
[2026-08-11 16:46:27.434403] [INFO] [path_server] 노드 업데이트 : [1184] ➜ [1045]
[2026-08-11 16:46:27.494333] [INFO] [path_server] 새로운 경로 설정 : path[1184 ➜ 1041] time[0s] dist[4.5m] list[4] : 1184-1045-1040-1041
[2026-08-11 16:46:28.572609] [INFO] [path_server] 노드 업데이트 : [1045] ➜ [1040]
[2026-08-11 16:46:28.632510] [INFO] [path_server] 새로운 경로 설정 : path[1045 ➜ 1041] time[0s] dist[3m] list[3] : 1045-1040-1041
[2026-08-11 16:46:29.910520] [INFO] [path_server] 노드 업데이트 : [1040] ➜ [1041]
[2026-08-11 16:46:29.990415] [INFO] [path_server] 새로운 경로 설정 : path[1040 ➜ 1041] time[0s] dist[1.5m] list[2] : 1040-1041
[2026-08-11 16:46:33.902868] [INFO] [path_server] 노드 업데이트 : [1041] ➜ [-1]
[2026-08-11 16:46:36.777329] [INFO] [course_tracker] 목적지에서 각도 정렬 : [5.500m 11.500m 0.000°]
[2026-08-11 16:46:37.735753] [INFO] [path_server] 노드 업데이트 : [1041] ➜ [-1]
[2026-08-11 16:46:37.755669] [INFO] [task::fsm] push_done
[2026-08-11 16:46:37.795609] [INFO] [task::fsm] idle
[2026-08-11 16:46:37.795616] [INFO] [course_manager] 코스 삭제
[2026-08-11 16:46:37.795632] [INFO] [path_server] 경로 삭제
[2026-08-11 16:46:42.907072] [INFO] [path_server] 새로운 경로 설정 : path[1041 ➜ 102] time[0s] dist[28.5m] list[20] : 1041-1042-1112-1113-1114-1115-1116-1117-1118-1119-1120-1121-1122-1123-1179-1180-1181-1182-1183-102
[2026-08-11 16:46:45.242873] [INFO] [path_server] 노드 업데이트 : [1042] ➜ [1112]
[2026-08-11 16:46:45.322749] [INFO] [path_server] 새로운 경로 설정 : path[1042 ➜ 102] time[0s] dist[27m] list[19] : 1042-1112-1113-1114-1115-1116-1117-1118-1119-1120-1121-1122-1123-1179-1180-1181-1182-1183-102
[2026-08-11 16:46:46.600301] [INFO] [path_server] 노드 업데이트 : [1112] ➜ [1113]
[2026-08-11 16:46:46.680226] [INFO] [path_server] 새로운 경로 설정 : path[1112 ➜ 102] time[0s] dist[25.5m] list[18] : 1112-1113-1114-1115-1116-1117-1118-1119-1120-1121-1122-1123-1179-1180-1181-1182-1183-102
[2026-08-11 16:46:49.974194] [INFO] [path_server] 노드 업데이트 : [1113] ➜ [1114]
[2026-08-11 16:46:50.054101] [INFO] [path_server] 새로운 경로 설정 : path[1113 ➜ 102] time[0s] dist[24m] list[17] : 1113-1114-1115-1116-1117-1118-1119-1120-1121-1122-1123-1179-1180-1181-1182-1183-102
[2026-08-11 16:46:51.092257] [INFO] [path_server] 노드 업데이트 : [1114] ➜ [1115]
[2026-08-11 16:46:51.172239] [INFO] [path_server] 새로운 경로 설정 : path[1114 ➜ 102] time[0s] dist[22.5m] list[16] : 1114-1115-1116-1117-1118-1119-1120-1121-1122-1123-1179-1180-1181-1182-1183-102
[2026-08-11 16:46:51.910843] [INFO] [path_server] 노드 업데이트 : [1115] ➜ [1116]
[2026-08-11 16:46:51.970816] [INFO] [path_server] 새로운 경로 설정 : path[1115 ➜ 102] time[0s] dist[21m] list[15] : 1115-1116-1117-1118-1119-1120-1121-1122-1123-1179-1180-1181-1182-1183-102
[2026-08-11 16:46:52.669462] [INFO] [path_server] 노드 업데이트 : [1116] ➜ [1117]
[2026-08-11 16:46:52.749365] [INFO] [path_server] 새로운 경로 설정 : path[1116 ➜ 102] time[0s] dist[19.5m] list[14] : 1116-1117-1118-1119-1120-1121-1122-1123-1179-1180-1181-1182-1183-102
[2026-08-11 16:46:53.428006] [INFO] [path_server] 노드 업데이트 : [1117] ➜ [1118]
[2026-08-11 16:46:53.507925] [INFO] [path_server] 새로운 경로 설정 : path[1117 ➜ 102] time[0s] dist[18m] list[13] : 1117-1118-1119-1120-1121-1122-1123-1179-1180-1181-1182-1183-102
[2026-08-11 16:46:54.166508] [INFO] [path_server] 노드 업데이트 : [1118] ➜ [1119]
[2026-08-11 16:46:54.266333] [INFO] [path_server] 새로운 경로 설정 : path[1118 ➜ 102] time[0s] dist[16.5m] list[12] : 1118-1119-1120-1121-1122-1123-1179-1180-1181-1182-1183-102
[2026-08-11 16:46:54.925090] [INFO] [path_server] 노드 업데이트 : [1119] ➜ [1120]
[2026-08-11 16:46:55.004946] [INFO] [path_server] 새로운 경로 설정 : path[1119 ➜ 102] time[0s] dist[15m] list[11] : 1119-1120-1121-1122-1123-1179-1180-1181-1182-1183-102
[2026-08-11 16:46:55.763714] [INFO] [path_server] 노드 업데이트 : [1120] ➜ [1121]
[2026-08-11 16:46:55.843574] [INFO] [path_server] 새로운 경로 설정 : path[1120 ➜ 102] time[0s] dist[13.5m] list[10] : 1120-1121-1122-1123-1179-1180-1181-1182-1183-102
[2026-08-11 16:46:59.416402] [INFO] [path_server] 노드 업데이트 : [1121] ➜ [1122]
[2026-08-11 16:46:59.496256] [INFO] [path_server] 새로운 경로 설정 : path[1121 ➜ 102] time[0s] dist[12m] list[9] : 1121-1122-1123-1179-1180-1181-1182-1183-102
[2026-08-11 16:47:00.773766] [INFO] [path_server] 노드 업데이트 : [1122] ➜ [1123]
[2026-08-11 16:47:00.853692] [INFO] [path_server] 새로운 경로 설정 : path[1122 ➜ 102] time[0s] dist[10.5m] list[8] : 1122-1123-1179-1180-1181-1182-1183-102
[2026-08-11 16:47:01.831955] [INFO] [path_server] 노드 업데이트 : [1123] ➜ [1179]
[2026-08-11 16:47:01.891838] [INFO] [path_server] 새로운 경로 설정 : path[1123 ➜ 102] time[0s] dist[9m] list[7] : 1123-1179-1180-1181-1182-1183-102
[2026-08-11 16:47:05.145652] [INFO] [path_server] 노드 업데이트 : [1179] ➜ [1180]
[2026-08-11 16:47:05.225547] [INFO] [path_server] 새로운 경로 설정 : path[1179 ➜ 102] time[0s] dist[7.5m] list[6] : 1179-1180-1181-1182-1183-102
[2026-08-11 16:47:06.383502] [INFO] [path_server] 노드 업데이트 : [1180] ➜ [1181]
[2026-08-11 16:47:06.443394] [INFO] [path_server] 새로운 경로 설정 : path[1180 ➜ 102] time[0s] dist[6m] list[5] : 1180-1181-1182-1183-102
[2026-08-11 16:47:07.261895] [INFO] [path_server] 노드 업데이트 : [1181] ➜ [1182]
[2026-08-11 16:47:07.361800] [INFO] [path_server] 새로운 경로 설정 : path[1181 ➜ 102] time[0s] dist[4.5m] list[4] : 1181-1182-1183-102
[2026-08-11 16:47:08.020519] [INFO] [path_server] 노드 업데이트 : [1182] ➜ [1183]
[2026-08-11 16:47:08.100373] [INFO] [path_server] 새로운 경로 설정 : path[1182 ➜ 102] time[0s] dist[3m] list[3] : 1182-1183-102
[2026-08-11 16:47:09.317891] [INFO] [path_server] 노드 업데이트 : [1183] ➜ [102]
[2026-08-11 16:47:09.397782] [INFO] [path_server] 새로운 경로 설정 : path[1183 ➜ 102] time[0s] dist[1.5m] list[2] : 1183-102
[2026-08-11 16:47:14.527721] [INFO] [path_server] 노드 업데이트 : [102] ➜ [-1]
[2026-08-11 16:47:17.422317] [INFO] [course_tracker] 목적지에서 각도 정렬 : [5.500m 7.000m 0.000°]
[2026-08-11 16:47:17.462155] [INFO] [path_server] 노드 업데이트 : [102] ➜ [-1]
[2026-08-11 16:47:17.482160] [INFO] [task::fsm] push_done
[2026-08-11 16:47:17.542047] [INFO] [task::fsm] charging
[2026-08-11 16:47:17.542070] [INFO] [health_monitor] [등록][100015, 100001] : 자동 충전 시작.
[2026-08-11 16:47:17.542056] [INFO] [power_system] 충전 프로세스 시작
[2026-08-11 16:47:22.552410] [INFO] [health_monitor] [삭제][100015, 100001] : 자동 충전 시작.
[2026-08-11 16:47:38.461221] [INFO] [power_system] 충전 완료
[2026-08-11 16:47:38.461237] [INFO] [health_monitor] [등록][100015, 100002] : 배터리 가득.
[2026-08-11 16:47:38.461241] [INFO] [health_monitor] [등록][100015, 100003] : 자동 충전 해제 시작.
[2026-08-11 16:47:42.759995] [INFO] [framework] 프로그램 시작
[2026-08-11 16:47:42.759999] [WARNING] [framework] 프로그램 시작
[2026-08-11 16:47:42.760002] [INFO] [framework] 설정 파일 위치 : ../configs/robot_1
[2026-08-11 16:47:42.760001] [CRITICAL] [framework] 프로그램 시작
[2026-08-11 16:47:42.760142] [INFO] [framework] ID[0, 1], 이름[김첫째], 제어주기[20ms], 버젼[], 장소[우리집], 환경모드[simulation]
[2026-08-11 16:47:42.760160] [INFO] [mediator] 생성
[2026-08-11 16:47:42.760173] [INFO] [graph_manager] 생성
[2026-08-11 16:47:42.785217] [INFO] [stop_server] 생성
[2026-08-11 16:47:42.785236] [INFO] [health_monitor] 생성
[2026-08-11 16:47:42.785269] [INFO] [path_server] 생성
[2026-08-11 16:47:42.785285] [INFO] [course_manager] 생성
[2026-08-11 16:47:42.785298] [INFO] [task::fsm] 생성
[2026-08-11 16:47:42.785516] [INFO] [task::fsm] idle
[2026-08-11 16:47:42.785521] [INFO] [course_manager] 코스 삭제
[2026-08-11 16:47:42.785524] [INFO] [path_server] 경로 삭제
[2026-08-11 16:47:42.785571] [INFO] [task_manager] 생성
[2026-08-11 16:47:42.785753] [INFO] [mediator] connectors 생성
[2026-08-11 16:47:42.785797] [INFO] [fms] 생성
[2026-08-11 16:47:42.785799] [INFO] [fms] 통신 드라이버 생성
[2026-08-11 16:47:42.786201] [INFO] [joystick] 생성
[2026-08-11 16:47:42.786571] [INFO] [motions] 생성
[2026-08-11 16:47:42.786605] [INFO] [localizers] 생성
[2026-08-11 16:47:42.786785] [INFO] [localizers] 파라미터 : 

[2026-08-11 16:47:42.786815] [INFO] [safety_plc] 생성
[2026-08-11 16:47:42.786830] [INFO] [load_handler] 생성
[2026-08-11 16:47:42.786848] [INFO] [power_system] 생성
[2026-08-11 16:47:42.787006] [INFO] [power_system] 설정 정보 : remaining[40%, 10%, 5%]
[2026-08-11 16:47:42.787429] [INFO] [power_system] 알람 목록 : 
 • [100015, 100001] [INFO] 자동 충전 시작.
 • [100015, 100002] [INFO] 배터리 가득.
 • [100015, 400001] [CRIT] 배터리 남은 양 - 위험
 • [100015, 300001] [ERROR] 배터리 남은 양 - 에러
 • [100015, 200001] [WARN] 배터리 남은 양 - 주의
 • [100015, 100004] [INFO] 자동 충전 해제 완료.
 • [100015, 100003] [INFO] 자동 충전 해제 시작.
[2026-08-11 16:47:42.787436] [INFO] [mediator] any map 등록
[2026-08-11 16:47:42.787432] [INFO] [mediator] connector 의존성 주입
[2026-08-11 16:47:42.787447] [INFO] [mediator] any collector 등록
[2026-08-11 16:47:42.787451] [INFO] [mediator] any collector 목록 검사
[2026-08-11 16:47:42.787518] [INFO] [framework] after init 실행
[2026-08-11 16:47:42.787787] [INFO] [course_tracker] 생성
[2026-08-11 16:47:42.787803] [INFO] [course_tracker] 파라미터 : 
◈ node_bound[0.030m, 0.150m, 0.005m]
 • approach[0.150m, 0.050m/s, -0.005m, -0.200m, 0.100m]
 • align[(10.000°, 5.000°/s), 50.000°, 30.000°/s), 0.800°, -0.100°]
◈ motion param : 
 • reference_angle[0.000°, 45.000°]
 • threshold_angle[15.000°, 20.000°, 170.000°]
 • threshold_error[0.300°, 5.000°]
 • normal[0.150m/s, 8.000, 0.800m/s, 0.500]
 • angle[0.150m/s, 1.500, 0.800m/s, 2.100]
 • protection_overshoot[0.100m/s, 0.900, 0.500m/s, 0.900]
 • speed_rotation[15.000°/s]
[2026-08-11 16:47:42.787806] [INFO] [framework] 제어 쓰레드 시작
[2026-08-11 16:47:42.787851] [INFO] [path_server] 노드 초기화 성공 : 로봇 좌표[5.504m 6.998m -179.354°] 최단 거리 노드[102] 거리(0.004144m)
[2026-08-11 16:47:42.807819] [INFO] [task::fsm] charging
[2026-08-11 16:47:42.807834] [INFO] [power_system] 충전 프로세스 시작
[2026-08-11 16:47:42.807844] [INFO] [health_monitor] [등록][100015, 100001] : 자동 충전 시작.
[2026-08-11 16:47:47.818601] [INFO] [health_monitor] [삭제][100015, 100001] : 자동 충전 시작.
[2026-08-11 16:47:54.188630] [INFO] [power_system] 충전 완료
[2026-08-11 16:47:54.188658] [INFO] [health_monitor] [등록][100015, 100002] : 배터리 가득.
[2026-08-11 16:47:54.188661] [INFO] [health_monitor] [등록][100015, 100003] : 자동 충전 해제 시작.
[2026-08-11 16:47:59.199641] [INFO] [health_monitor] [삭제][100015, 100002] : 배터리 가득.
[2026-08-11 16:47:59.199653] [INFO] [health_monitor] [삭제][100015, 100003] : 자동 충전 해제 시작.
[2026-08-11 16:47:59.219578] [INFO] [power_system] 충전 해제 완료
[2026-08-11 16:47:59.219591] [INFO] [health_monitor] [등록][100015, 100004] : 자동 충전 해제 완료.
[2026-08-11 16:47:59.239530] [INFO] [task::fsm] discharging
[2026-08-11 16:47:59.239537] [INFO] [power_system] 충전 해제 프로세스 시작
[2026-08-11 16:47:59.239546] [INFO] [health_monitor] [등록][100015, 100003] : 자동 충전 해제 시작.
[2026-08-11 16:47:59.259525] [INFO] [task::fsm] idle
[2026-08-11 16:47:59.259536] [INFO] [course_manager] 코스 삭제
[2026-08-11 16:47:59.259538] [INFO] [path_server] 경로 삭제
[2026-08-11 16:48:04.230843] [INFO] [health_monitor] [삭제][100015, 100004] : 자동 충전 해제 완료.
[2026-08-11 16:48:04.250773] [INFO] [health_monitor] [삭제][100015, 100003] : 자동 충전 해제 시작.
[2026-08-11 16:48:11.437419] [INFO] [task::fsm] idle
[2026-08-11 16:48:11.437428] [INFO] [path_server] 경로 삭제
[2026-08-11 16:48:11.437426] [INFO] [course_manager] 코스 삭제
[2026-08-11 16:48:32.321789] [INFO] [path_server] 새로운 경로 설정 : path[102 ➜ 205] time[0s] dist[27m] list[19] : 102-1183-1184-1045-1046-1047-1048-1001-1002-1003-1004-1013-1049-1050-1014-1201-1200-1202-205
[2026-08-11 16:48:32.321800] [INFO] [course_tracker] 방향 정렬 완료 
[2026-08-11 16:48:39.488543] [INFO] [path_server] 노드 업데이트 : [1183] ➜ [1184]
[2026-08-11 16:48:39.568421] [INFO] [path_server] 새로운 경로 설정 : path[1183 ➜ 205] time[0s] dist[25.5m] list[18] : 1183-1184-1045-1046-1047-1048-1001-1002-1003-1004-1013-1049-1050-1014-1201-1200-1202-205
[2026-08-11 16:48:43.102380] [INFO] [path_server] 노드 업데이트 : [1184] ➜ [1045]
[2026-08-11 16:48:43.162325] [INFO] [path_server] 새로운 경로 설정 : path[1184 ➜ 205] time[0s] dist[24m] list[17] : 1184-1045-1046-1047-1048-1001-1002-1003-1004-1013-1049-1050-1014-1201-1200-1202-205
[2026-08-11 16:48:44.460085] [INFO] [path_server] 노드 업데이트 : [1045] ➜ [1046]
[2026-08-11 16:48:44.539947] [INFO] [path_server] 새로운 경로 설정 : path[1045 ➜ 205] time[0s] dist[22.5m] list[16] : 1045-1046-1047-1048-1001-1002-1003-1004-1013-1049-1050-1014-1201-1200-1202-205
[2026-08-11 16:48:47.781520] [INFO] [path_server] 노드 업데이트 : [1046] ➜ [1047]
[2026-08-11 16:48:47.841486] [INFO] [path_server] 새로운 경로 설정 : path[1046 ➜ 205] time[0s] dist[21m] list[15] : 1046-1047-1048-1001-1002-1003-1004-1013-1049-1050-1014-1201-1200-1202-205
[2026-08-11 16:48:48.919808] [INFO] [path_server] 노드 업데이트 : [1047] ➜ [1048]
[2026-08-11 16:48:48.979711] [INFO] [path_server] 새로운 경로 설정 : path[1047 ➜ 205] time[0s] dist[19.5m] list[14] : 1047-1048-1001-1002-1003-1004-1013-1049-1050-1014-1201-1200-1202-205
[2026-08-11 16:48:49.738254] [INFO] [path_server] 노드 업데이트 : [1048] ➜ [1001]
[2026-08-11 16:48:49.818133] [INFO] [path_server] 새로운 경로 설정 : path[1048 ➜ 205] time[0s] dist[18m] list[13] : 1048-1001-1002-1003-1004-1013-1049-1050-1014-1201-1200-1202-205
[2026-08-11 16:48:50.496747] [INFO] [path_server] 노드 업데이트 : [1001] ➜ [1002]
[2026-08-11 16:48:50.576711] [INFO] [path_server] 새로운 경로 설정 : path[1001 ➜ 205] time[0s] dist[16.5m] list[12] : 1001-1002-1003-1004-1013-1049-1050-1014-1201-1200-1202-205
[2026-08-11 16:48:51.255576] [INFO] [path_server] 노드 업데이트 : [1002] ➜ [1003]
[2026-08-11 16:48:51.315513] [INFO] [path_server] 새로운 경로 설정 : path[1002 ➜ 205] time[0s] dist[15m] list[11] : 1002-1003-1004-1013-1049-1050-1014-1201-1200-1202-205
[2026-08-11 16:48:51.994034] [INFO] [path_server] 노드 업데이트 : [1003] ➜ [1004]
[2026-08-11 16:48:52.073954] [INFO] [path_server] 새로운 경로 설정 : path[1003 ➜ 205] time[0s] dist[13.5m] list[10] : 1003-1004-1013-1049-1050-1014-1201-1200-1202-205
[2026-08-11 16:48:53.311548] [INFO] [path_server] 노드 업데이트 : [1004] ➜ [1013]
[2026-08-11 16:48:53.391484] [INFO] [path_server] 새로운 경로 설정 : path[1004 ➜ 205] time[0s] dist[12m] list[9] : 1004-1013-1049-1050-1014-1201-1200-1202-205
[2026-08-11 16:48:56.665209] [INFO] [path_server] 노드 업데이트 : [1013] ➜ [1049]
[2026-08-11 16:48:56.745077] [INFO] [path_server] 새로운 경로 설정 : path[1013 ➜ 205] time[0s] dist[10.5m] list[8] : 1013-1049-1050-1014-1201-1200-1202-205
[2026-08-11 16:48:57.783084] [INFO] [path_server] 노드 업데이트 : [1049] ➜ [1050]
[2026-08-11 16:48:57.863008] [INFO] [path_server] 새로운 경로 설정 : path[1049 ➜ 205] time[0s] dist[9m] list[7] : 1049-1050-1014-1201-1200-1202-205
[2026-08-11 16:48:59.120519] [INFO] [path_server] 노드 업데이트 : [1050] ➜ [1014]
[2026-08-11 16:48:59.200398] [INFO] [path_server] 새로운 경로 설정 : path[1050 ➜ 205] time[0s] dist[7.5m] list[6] : 1050-1014-1201-1200-1202-205
[2026-08-11 16:49:02.514619] [INFO] [path_server] 노드 업데이트 : [1014] ➜ [1201]
[2026-08-11 16:49:02.594545] [INFO] [path_server] 새로운 경로 설정 : path[1014 ➜ 205] time[0s] dist[6m] list[5] : 1014-1201-1200-1202-205
[2026-08-11 16:49:03.632790] [INFO] [path_server] 노드 업데이트 : [1201] ➜ [1200]
[2026-08-11 16:49:03.692653] [INFO] [path_server] 새로운 경로 설정 : path[1201 ➜ 205] time[0s] dist[4.5m] list[4] : 1201-1200-1202-205
[2026-08-11 16:49:04.451774] [INFO] [path_server] 노드 업데이트 : [1200] ➜ [1202]
[2026-08-11 16:49:04.531634] [INFO] [path_server] 새로운 경로 설정 : path[1200 ➜ 205] time[0s] dist[3m] list[3] : 1200-1202-205
[2026-08-11 16:49:05.789626] [INFO] [path_server] 노드 업데이트 : [1202] ➜ [205]
[2026-08-11 16:49:05.849579] [INFO] [path_server] 새로운 경로 설정 : path[1202 ➜ 205] time[0s] dist[1.5m] list[2] : 1202-205
[2026-08-11 16:49:11.000291] [INFO] [path_server] 노드 업데이트 : [205] ➜ [-1]
[2026-08-11 16:49:24.392715] [INFO] [framework] 프로그램 시작
[2026-08-11 16:49:24.392721] [WARNING] [framework] 프로그램 시작
[2026-08-11 16:49:24.392729] [CRITICAL] [framework] 프로그램 시작
[2026-08-11 16:49:24.392730] [INFO] [framework] 설정 파일 위치 : ../configs/robot_1
[2026-08-11 16:49:24.392905] [INFO] [framework] ID[0, 1], 이름[김첫째], 제어주기[20ms], 버젼[], 장소[우리집], 환경모드[simulation]
[2026-08-11 16:49:24.392942] [INFO] [mediator] 생성
[2026-08-11 16:49:24.392982] [INFO] [graph_manager] 생성
[2026-08-11 16:49:24.435624] [INFO] [stop_server] 생성
[2026-08-11 16:49:24.435668] [INFO] [health_monitor] 생성
[2026-08-11 16:49:24.435694] [INFO] [path_server] 생성
[2026-08-11 16:49:24.435716] [INFO] [course_manager] 생성
[2026-08-11 16:49:24.435744] [INFO] [task::fsm] 생성
[2026-08-11 16:49:24.435747] [INFO] [course_manager] 코스 삭제
[2026-08-11 16:49:24.435745] [INFO] [task::fsm] idle
[2026-08-11 16:49:24.435748] [INFO] [path_server] 경로 삭제
[2026-08-11 16:49:24.435766] [INFO] [task_manager] 생성
[2026-08-11 16:49:24.435912] [INFO] [mediator] connectors 생성
[2026-08-11 16:49:24.435943] [INFO] [fms] 생성
[2026-08-11 16:49:24.435945] [INFO] [fms] 통신 드라이버 생성
[2026-08-11 16:49:24.436242] [INFO] [joystick] 생성
[2026-08-11 16:49:24.436558] [INFO] [motions] 생성
[2026-08-11 16:49:24.436587] [INFO] [localizers] 생성
[2026-08-11 16:49:24.436714] [INFO] [localizers] 파라미터 : 

[2026-08-11 16:49:24.436746] [INFO] [safety_plc] 생성
[2026-08-11 16:49:24.436768] [INFO] [load_handler] 생성
[2026-08-11 16:49:24.436789] [INFO] [power_system] 생성
[2026-08-11 16:49:24.436945] [INFO] [power_system] 설정 정보 : remaining[40%, 10%, 5%]
[2026-08-11 16:49:24.437566] [INFO] [power_system] 알람 목록 : 
 • [100015, 100001] [INFO] 자동 충전 시작.
 • [100015, 100002] [INFO] 배터리 가득.
 • [100015, 400001] [CRIT] 배터리 남은 양 - 위험
 • [100015, 300001] [ERROR] 배터리 남은 양 - 에러
 • [100015, 200001] [WARN] 배터리 남은 양 - 주의
 • [100015, 100004] [INFO] 자동 충전 해제 완료.
 • [100015, 100003] [INFO] 자동 충전 해제 시작.
[2026-08-11 16:49:24.437575] [INFO] [mediator] any map 등록
[2026-08-11 16:49:24.437572] [INFO] [mediator] connector 의존성 주입
[2026-08-11 16:49:24.437583] [INFO] [mediator] any collector 등록
[2026-08-11 16:49:24.437589] [INFO] [mediator] any collector 목록 검사
[2026-08-11 16:49:24.437664] [INFO] [framework] after init 실행
[2026-08-11 16:49:24.438029] [INFO] [course_tracker] 생성
[2026-08-11 16:49:24.438052] [INFO] [course_tracker] 파라미터 : 
◈ node_bound[0.030m, 0.150m, 0.005m]
 • approach[0.150m, 0.050m/s, -0.005m, -0.200m, 0.100m]
 • align[(10.000°, 5.000°/s), 50.000°, 30.000°/s), 0.800°, -0.100°]
◈ motion param : 
 • reference_angle[0.000°, 45.000°]
 • threshold_angle[15.000°, 20.000°, 170.000°]
 • threshold_error[0.300°, 5.000°]
 • normal[0.150m/s, 8.000, 0.800m/s, 0.500]
 • angle[0.150m/s, 1.500, 0.800m/s, 2.100]
 • protection_overshoot[0.100m/s, 0.900, 0.500m/s, 0.900]
 • speed_rotation[15.000°/s]
[2026-08-11 16:49:24.438056] [INFO] [framework] 제어 쓰레드 시작
[2026-08-11 16:49:24.438111] [INFO] [path_server] 노드 초기화 성공 : 로봇 좌표[23.498m 6.996m 90.562°] 최단 거리 노드[205] 거리(0.004452m)
[2026-08-11 16:49:24.458254] [INFO] [path_server] 새로운 경로 설정 : path[205 ➜ 110] time[0s] dist[34.5m] list[24] : 205-1202-1203-1204-1205-1206-1207-1208-1145-1146-1147-1148-1077-1029-1030-1031-1032-1033-1034-1007-1167-1168-1169-110
[2026-08-11 16:49:29.368490] [INFO] [path_server] 노드 업데이트 : [1202] ➜ [1203]
[2026-08-11 16:49:29.448430] [INFO] [path_server] 새로운 경로 설정 : path[1202 ➜ 110] time[0s] dist[33m] list[23] : 1202-1203-1204-1205-1206-1207-1208-1145-1146-1147-1148-1077-1029-1030-1031-1032-1033-1034-1007-1167-1168-1169-110
[2026-08-11 16:49:33.001418] [INFO] [path_server] 노드 업데이트 : [1203] ➜ [1204]
[2026-08-11 16:49:33.061334] [INFO] [path_server] 새로운 경로 설정 : path[1203 ➜ 110] time[0s] dist[31.5m] list[22] : 1203-1204-1205-1206-1207-1208-1145-1146-1147-1148-1077-1029-1030-1031-1032-1033-1034-1007-1167-1168-1169-110
[2026-08-11 16:49:34.119799] [INFO] [path_server] 노드 업데이트 : [1204] ➜ [1205]
[2026-08-11 16:49:34.199687] [INFO] [path_server] 새로운 경로 설정 : path[1204 ➜ 110] time[0s] dist[30m] list[21] : 1204-1205-1206-1207-1208-1145-1146-1147-1148-1077-1029-1030-1031-1032-1033-1034-1007-1167-1168-1169-110
[2026-08-11 16:49:46.485253] [INFO] [framework] 프로그램 시작
[2026-08-11 16:49:46.485258] [WARNING] [framework] 프로그램 시작
[2026-08-11 16:49:46.485262] [INFO] [framework] 설정 파일 위치 : ../configs/robot_1
[2026-08-11 16:49:46.485262] [CRITICAL] [framework] 프로그램 시작
[2026-08-11 16:49:46.485428] [INFO] [framework] ID[0, 1], 이름[김첫째], 제어주기[20ms], 버젼[], 장소[우리집], 환경모드[simulation]
[2026-08-11 16:49:46.485461] [INFO] [mediator] 생성
[2026-08-11 16:49:46.485489] [INFO] [graph_manager] 생성
[2026-08-11 16:49:46.528678] [INFO] [stop_server] 생성
[2026-08-11 16:49:46.528734] [INFO] [health_monitor] 생성
[2026-08-11 16:49:46.528770] [INFO] [path_server] 생성
[2026-08-11 16:49:46.528792] [INFO] [course_manager] 생성
[2026-08-11 16:49:46.528814] [INFO] [task::fsm] 생성
[2026-08-11 16:49:46.528815] [INFO] [task::fsm] idle
[2026-08-11 16:49:46.528826] [INFO] [course_manager] 코스 삭제
[2026-08-11 16:49:46.528826] [INFO] [path_server] 경로 삭제
[2026-08-11 16:49:46.528846] [INFO] [task_manager] 생성
[2026-08-11 16:49:46.529000] [INFO] [mediator] connectors 생성
[2026-08-11 16:49:46.529030] [INFO] [fms] 생성
[2026-08-11 16:49:46.529032] [INFO] [fms] 통신 드라이버 생성
[2026-08-11 16:49:46.529340] [INFO] [joystick] 생성
[2026-08-11 16:49:46.529666] [INFO] [motions] 생성
[2026-08-11 16:49:46.529700] [INFO] [localizers] 생성
[2026-08-11 16:49:46.529856] [INFO] [localizers] 파라미터 : 

[2026-08-11 16:49:46.529884] [INFO] [safety_plc] 생성
[2026-08-11 16:49:46.529908] [INFO] [load_handler] 생성
[2026-08-11 16:49:46.529933] [INFO] [power_system] 생성
[2026-08-11 16:49:46.530092] [INFO] [power_system] 설정 정보 : remaining[40%, 10%, 5%]
[2026-08-11 16:49:46.530746] [INFO] [power_system] 알람 목록 : 
 • [100015, 100001] [INFO] 자동 충전 시작.
 • [100015, 100002] [INFO] 배터리 가득.
 • [100015, 400001] [CRIT] 배터리 남은 양 - 위험
 • [100015, 300001] [ERROR] 배터리 남은 양 - 에러
 • [100015, 200001] [WARN] 배터리 남은 양 - 주의
 • [100015, 100004] [INFO] 자동 충전 해제 완료.
 • [100015, 100003] [INFO] 자동 충전 해제 시작.
[2026-08-11 16:49:46.530758] [INFO] [mediator] any map 등록
[2026-08-11 16:49:46.530754] [INFO] [mediator] connector 의존성 주입
[2026-08-11 16:49:46.530767] [INFO] [mediator] any collector 등록
[2026-08-11 16:49:46.530771] [INFO] [mediator] any collector 목록 검사
[2026-08-11 16:49:46.530842] [INFO] [framework] after init 실행
[2026-08-11 16:49:46.531084] [INFO] [course_tracker] 생성
[2026-08-11 16:49:46.531099] [INFO] [course_tracker] 파라미터 : 
◈ node_bound[0.030m, 0.150m, 0.005m]
 • approach[0.150m, 0.050m/s, -0.005m, -0.200m, 0.100m]
 • align[(10.000°, 5.000°/s), 50.000°, 30.000°/s), 0.800°, -0.100°]
◈ motion param : 
 • reference_angle[0.000°, 45.000°]
 • threshold_angle[15.000°, 20.000°, 170.000°]
 • threshold_error[0.300°, 5.000°]
 • normal[0.150m/s, 8.000, 0.800m/s, 0.500]
 • angle[0.150m/s, 1.500, 0.800m/s, 2.100]
 • protection_overshoot[0.100m/s, 0.900, 0.500m/s, 0.900]
 • speed_rotation[15.000°/s]
[2026-08-11 16:49:46.531102] [INFO] [framework] 제어 쓰레드 시작
[2026-08-11 16:49:46.531158] [INFO] [path_server] 노드 초기화 성공 : 로봇 좌표[34.022m 9.693m 90.358°] 최단 거리 노드[1148] 거리(0.308163m)
[2026-08-11 16:49:51.642351] [INFO] [path_server] 새로운 경로 설정 : path[1148 ➜ 110] time[0s] dist[18m] list[13] : 1148-1077-1029-1030-1031-1032-1033-1034-1007-1167-1168-1169-110
[2026-08-11 16:49:51.642380] [INFO] [course_tracker] 방향 정렬 완료 
[2026-08-11 16:49:54.177523] [INFO] [path_server] 노드 업데이트 : [1077] ➜ [1029]
[2026-08-11 16:49:54.257505] [INFO] [path_server] 새로운 경로 설정 : path[1077 ➜ 110] time[0s] dist[16.5m] list[12] : 1077-1029-1030-1031-1032-1033-1034-1007-1167-1168-1169-110
[2026-08-11 16:49:58.385865] [INFO] [framework] 프로그램 시작
[2026-08-11 16:49:58.385871] [WARNING] [framework] 프로그램 시작
[2026-08-11 16:49:58.385874] [CRITICAL] [framework] 프로그램 시작
[2026-08-11 16:52:17.126411] [INFO] [framework] 프로그램 시작
[2026-08-11 16:52:17.126415] [WARNING] [framework] 프로그램 시작
[2026-08-11 16:52:17.126416] [CRITICAL] [framework] 프로그램 시작
[2026-08-11 16:52:17.126530] [INFO] [framework] ID[0, 1], 이름[김첫째], 제어주기[20ms], 버젼[], 장소[우리집], 환경모드[simulation]
[2026-08-11 16:52:17.126546] [INFO] [mediator] 생성
[2026-08-11 16:52:17.126562] [INFO] [graph_manager] 생성
[2026-08-11 16:52:17.126416] [INFO] [framework] 설정 파일 위치 : ../configs/robot_1
[2026-08-11 16:52:17.151117] [INFO] [stop_server] 생성
[2026-08-11 16:52:17.151161] [INFO] [health_monitor] 생성
[2026-08-11 16:52:17.151194] [INFO] [path_server] 생성
[2026-08-11 16:52:17.151208] [INFO] [course_manager] 생성
[2026-08-11 16:52:17.151221] [INFO] [task::fsm] 생성
[2026-08-11 16:52:17.151222] [INFO] [task::fsm] idle
[2026-08-11 16:52:17.151224] [INFO] [course_manager] 코스 삭제
[2026-08-11 16:52:17.151225] [INFO] [path_server] 경로 삭제
[2026-08-11 16:52:17.151236] [INFO] [task_manager] 생성
[2026-08-11 16:52:17.151342] [INFO] [mediator] connectors 생성
[2026-08-11 16:52:17.151358] [INFO] [fms] 생성
[2026-08-11 16:52:17.151359] [INFO] [fms] 통신 드라이버 생성
[2026-08-11 16:52:17.151611] [INFO] [joystick] 생성
[2026-08-11 16:52:17.151858] [INFO] [motions] 생성
[2026-08-11 16:52:17.151877] [INFO] [localizers] 생성
[2026-08-11 16:52:17.151969] [INFO] [localizers] 파라미터 : 

[2026-08-11 16:52:17.151985] [INFO] [safety_plc] 생성
[2026-08-11 16:52:17.151998] [INFO] [load_handler] 생성
[2026-08-11 16:52:17.152013] [INFO] [power_system] 생성
[2026-08-11 16:52:17.152129] [INFO] [power_system] 설정 정보 : remaining[40%, 10%, 5%]
[2026-08-11 16:52:17.152693] [INFO] [power_system] 알람 목록 : 
 • [100015, 100001] [INFO] 자동 충전 시작.
 • [100015, 100002] [INFO] 배터리 가득.
 • [100015, 400001] [CRIT] 배터리 남은 양 - 위험
 • [100015, 300001] [ERROR] 배터리 남은 양 - 에러
 • [100015, 200001] [WARN] 배터리 남은 양 - 주의
 • [100015, 100004] [INFO] 자동 충전 해제 완료.
 • [100015, 100003] [INFO] 자동 충전 해제 시작.
[2026-08-11 16:52:17.152700] [INFO] [mediator] any map 등록
[2026-08-11 16:52:17.152697] [INFO] [mediator] connector 의존성 주입
[2026-08-11 16:52:17.152713] [INFO] [mediator] any collector 목록 검사
[2026-08-11 16:52:17.152710] [INFO] [mediator] any collector 등록
[2026-08-11 16:52:17.152768] [INFO] [framework] after init 실행
[2026-08-11 16:52:17.153019] [INFO] [course_tracker] 생성
[2026-08-11 16:52:17.153036] [INFO] [course_tracker] 파라미터 : 
◈ node_bound[0.030m, 0.150m, 0.005m]
 • approach[0.150m, 0.050m/s, -0.005m, -0.200m, 0.100m]
 • align[(10.000°, 5.000°/s), 50.000°, 30.000°/s), 0.800°, -0.100°]
◈ motion param : 
 • reference_angle[0.000°, 45.000°]
 • threshold_angle[15.000°, 20.000°, 170.000°]
 • threshold_error[0.300°, 5.000°]
 • normal[0.150m/s, 8.000, 0.800m/s, 0.500]
 • angle[0.150m/s, 1.500, 0.800m/s, 2.100]
 • protection_overshoot[0.100m/s, 0.900, 0.500m/s, 0.900]
 • speed_rotation[15.000°/s]
[2026-08-11 16:52:17.153038] [INFO] [framework] 제어 쓰레드 시작
[2026-08-11 16:52:17.153083] [INFO] [path_server] 노드 초기화 성공 : 로봇 좌표[33.534m 11.488m 169.760°] 최단 거리 노드[1077] 거리(0.466079m)
[2026-08-11 16:52:29.150303] [INFO] [path_server] 새로운 경로 설정 : path[1077 ➜ 207] time[0s] dist[6m] list[5] : 1077-1078-1079-1080-207
[2026-08-11 16:52:29.150320] [INFO] [course_tracker] 방향 정렬 설정 State::processing[－, 90.1°]
[2026-08-11 16:52:34.500957] [INFO] [course_tracker] 방향 정렬 완료 
[2026-08-11 16:52:39.731063] [INFO] [path_server] 노드 업데이트 : [1078] ➜ [1079]
[2026-08-11 16:52:39.810931] [INFO] [path_server] 새로운 경로 설정 : path[1078 ➜ 207] time[0s] dist[4.5m] list[4] : 1078-1079-1080-207
[2026-08-11 16:52:41.587302] [INFO] [path_server] 노드 업데이트 : [1079] ➜ [1080]
[2026-08-11 16:52:41.667191] [INFO] [path_server] 새로운 경로 설정 : path[1079 ➜ 207] time[0s] dist[3m] list[3] : 1079-1080-207
[2026-08-11 16:52:42.924680] [INFO] [path_server] 노드 업데이트 : [1080] ➜ [207]
[2026-08-11 16:52:42.984590] [INFO] [path_server] 새로운 경로 설정 : path[1080 ➜ 207] time[0s] dist[1.5m] list[2] : 1080-207
[2026-08-11 16:52:48.157597] [INFO] [path_server] 노드 업데이트 : [207] ➜ [-1]
[2026-08-11 16:52:51.044039] [INFO] [course_tracker] 목적지에서 각도 정렬 : [35.500m 16.000m 0.000°]
[2026-08-11 16:52:51.084004] [INFO] [path_server] 노드 업데이트 : [207] ➜ [-1]
[2026-08-11 16:52:51.103904] [INFO] [task::fsm] push_done
[2026-08-11 16:52:51.143871] [INFO] [task::fsm] idle
[2026-08-11 16:52:51.143878] [INFO] [path_server] 경로 삭제
[2026-08-11 16:52:51.143876] [INFO] [course_manager] 코스 삭제
[2026-08-11 16:53:00.325684] [INFO] [path_server] 새로운 경로 설정 : path[207 ➜ 102] time[0s] dist[75m] list[51] : 207-1080-1081-1082-1083-1084-1085-1086-1087-1088-1089-1090-1091-1092-1093-1094-1095-1074-1075-1076-1018-1019-1020-1011-1012-1035-1036-1037-1038-1039-1040-1041-1042-1112-1113-1114-1115-1116-1117-1118-1119-1120-1121-1122-1123-1179-1180-1181-1182-1183-102
[2026-08-11 16:53:05.215943] [INFO] [path_server] 노드 업데이트 : [1080] ➜ [1081]
[2026-08-11 16:53:05.295892] [INFO] [path_server] 새로운 경로 설정 : path[1080 ➜ 102] time[0s] dist[73.5m] list[50] : 1080-1081-1082-1083-1084-1085-1086-1087-1088-1089-1090-1091-1092-1093-1094-1095-1074-1075-1076-1018-1019-1020-1011-1012-1035-1036-1037-1038-1039-1040-1041-1042-1112-1113-1114-1115-1116-1117-1118-1119-1120-1121-1122-1123-1179-1180-1181-1182-1183-102
[2026-08-11 16:53:08.848758] [INFO] [path_server] 노드 업데이트 : [1081] ➜ [1082]
[2026-08-11 16:53:08.908698] [INFO] [path_server] 새로운 경로 설정 : path[1081 ➜ 102] time[0s] dist[72m] list[49] : 1081-1082-1083-1084-1085-1086-1087-1088-1089-1090-1091-1092-1093-1094-1095-1074-1075-1076-1018-1019-1020-1011-1012-1035-1036-1037-1038-1039-1040-1041-1042-1112-1113-1114-1115-1116-1117-1118-1119-1120-1121-1122-1123-1179-1180-1181-1182-1183-102
[2026-08-11 16:53:09.966556] [INFO] [path_server] 노드 업데이트 : [1082] ➜ [1083]
[2026-08-11 16:53:10.046456] [INFO] [path_server] 새로운 경로 설정 : path[1082 ➜ 102] time[0s] dist[70.5m] list[48] : 1082-1083-1084-1085-1086-1087-1088-1089-1090-1091-1092-1093-1094-1095-1074-1075-1076-1018-1019-1020-1011-1012-1035-1036-1037-1038-1039-1040-1041-1042-1112-1113-1114-1115-1116-1117-1118-1119-1120-1121-1122-1123-1179-1180-1181-1182-1183-102
[2026-08-11 16:53:10.784873] [INFO] [path_server] 노드 업데이트 : [1083] ➜ [1084]
[2026-08-11 16:53:10.864806] [INFO] [path_server] 새로운 경로 설정 : path[1083 ➜ 102] time[0s] dist[69m] list[47] : 1083-1084-1085-1086-1087-1088-1089-1090-1091-1092-1093-1094-1095-1074-1075-1076-1018-1019-1020-1011-1012-1035-1036-1037-1038-1039-1040-1041-1042-1112-1113-1114-1115-1116-1117-1118-1119-1120-1121-1122-1123-1179-1180-1181-1182-1183-102
[2026-08-11 16:53:12.202080] [INFO] [path_server] 노드 업데이트 : [1084] ➜ [1085]
[2026-08-11 16:53:12.281973] [INFO] [path_server] 새로운 경로 설정 : path[1084 ➜ 102] time[0s] dist[67.5m] list[46] : 1084-1085-1086-1087-1088-1089-1090-1091-1092-1093-1094-1095-1074-1075-1076-1018-1019-1020-1011-1012-1035-1036-1037-1038-1039-1040-1041-1042-1112-1113-1114-1115-1116-1117-1118-1119-1120-1121-1122-1123-1179-1180-1181-1182-1183-102
[2026-08-11 16:53:15.655193] [INFO] [path_server] 노드 업데이트 : [1085] ➜ [1086]
[2026-08-11 16:53:15.715096] [INFO] [path_server] 새로운 경로 설정 : path[1085 ➜ 102] time[0s] dist[66m] list[45] : 1085-1086-1087-1088-1089-1090-1091-1092-1093-1094-1095-1074-1075-1076-1018-1019-1020-1011-1012-1035-1036-1037-1038-1039-1040-1041-1042-1112-1113-1114-1115-1116-1117-1118-1119-1120-1121-1122-1123-1179-1180-1181-1182-1183-102
[2026-08-11 16:53:16.752922] [INFO] [path_server] 노드 업데이트 : [1086] ➜ [1087]
[2026-08-11 16:53:16.832837] [INFO] [path_server] 새로운 경로 설정 : path[1086 ➜ 102] time[0s] dist[64.5m] list[44] : 1086-1087-1088-1089-1090-1091-1092-1093-1094-1095-1074-1075-1076-1018-1019-1020-1011-1012-1035-1036-1037-1038-1039-1040-1041-1042-1112-1113-1114-1115-1116-1117-1118-1119-1120-1121-1122-1123-1179-1180-1181-1182-1183-102
[2026-08-11 16:53:17.571291] [INFO] [path_server] 노드 업데이트 : [1087] ➜ [1088]
[2026-08-11 16:53:17.631230] [INFO] [path_server] 새로운 경로 설정 : path[1087 ➜ 102] time[0s] dist[63m] list[43] : 1087-1088-1089-1090-1091-1092-1093-1094-1095-1074-1075-1076-1018-1019-1020-1011-1012-1035-1036-1037-1038-1039-1040-1041-1042-1112-1113-1114-1115-1116-1117-1118-1119-1120-1121-1122-1123-1179-1180-1181-1182-1183-102
[2026-08-11 16:53:18.329750] [INFO] [path_server] 노드 업데이트 : [1088] ➜ [1089]
[2026-08-11 16:53:18.409623] [INFO] [path_server] 새로운 경로 설정 : path[1088 ➜ 102] time[0s] dist[61.5m] list[42] : 1088-1089-1090-1091-1092-1093-1094-1095-1074-1075-1076-1018-1019-1020-1011-1012-1035-1036-1037-1038-1039-1040-1041-1042-1112-1113-1114-1115-1116-1117-1118-1119-1120-1121-1122-1123-1179-1180-1181-1182-1183-102
[2026-08-11 16:53:19.068210] [INFO] [path_server] 노드 업데이트 : [1089] ➜ [1090]
[2026-08-11 16:53:19.128152] [INFO] [path_server] 새로운 경로 설정 : path[1089 ➜ 102] time[0s] dist[60m] list[41] : 1089-1090-1091-1092-1093-1094-1095-1074-1075-1076-1018-1019-1020-1011-1012-1035-1036-1037-1038-1039-1040-1041-1042-1112-1113-1114-1115-1116-1117-1118-1119-1120-1121-1122-1123-1179-1180-1181-1182-1183-102
[2026-08-11 16:53:19.826654] [INFO] [path_server] 노드 업데이트 : [1090] ➜ [1091]
[2026-08-11 16:53:19.906571] [INFO] [path_server] 새로운 경로 설정 : path[1090 ➜ 102] time[0s] dist[58.5m] list[40] : 1090-1091-1092-1093-1094-1095-1074-1075-1076-1018-1019-1020-1011-1012-1035-1036-1037-1038-1039-1040-1041-1042-1112-1113-1114-1115-1116-1117-1118-1119-1120-1121-1122-1123-1179-1180-1181-1182-1183-102
[2026-08-11 16:53:20.585131] [INFO] [path_server] 노드 업데이트 : [1091] ➜ [1092]
[2026-08-11 16:53:20.665069] [INFO] [path_server] 새로운 경로 설정 : path[1091 ➜ 102] time[0s] dist[57m] list[39] : 1091-1092-1093-1094-1095-1074-1075-1076-1018-1019-1020-1011-1012-1035-1036-1037-1038-1039-1040-1041-1042-1112-1113-1114-1115-1116-1117-1118-1119-1120-1121-1122-1123-1179-1180-1181-1182-1183-102
[2026-08-11 16:53:21.323663] [INFO] [path_server] 노드 업데이트 : [1092] ➜ [1093]
[2026-08-11 16:53:21.403582] [INFO] [path_server] 새로운 경로 설정 : path[1092 ➜ 102] time[0s] dist[55.5m] list[38] : 1092-1093-1094-1095-1074-1075-1076-1018-1019-1020-1011-1012-1035-1036-1037-1038-1039-1040-1041-1042-1112-1113-1114-1115-1116-1117-1118-1119-1120-1121-1122-1123-1179-1180-1181-1182-1183-102
[2026-08-11 16:53:22.082249] [INFO] [path_server] 노드 업데이트 : [1093] ➜ [1094]
[2026-08-11 16:53:22.162185] [INFO] [path_server] 새로운 경로 설정 : path[1093 ➜ 102] time[0s] dist[54m] list[37] : 1093-1094-1095-1074-1075-1076-1018-1019-1020-1011-1012-1035-1036-1037-1038-1039-1040-1041-1042-1112-1113-1114-1115-1116-1117-1118-1119-1120-1121-1122-1123-1179-1180-1181-1182-1183-102
[2026-08-11 16:53:22.820788] [INFO] [path_server] 노드 업데이트 : [1094] ➜ [1095]
[2026-08-11 16:53:22.900668] [INFO] [path_server] 새로운 경로 설정 : path[1094 ➜ 102] time[0s] dist[52.5m] list[36] : 1094-1095-1074-1075-1076-1018-1019-1020-1011-1012-1035-1036-1037-1038-1039-1040-1041-1042-1112-1113-1114-1115-1116-1117-1118-1119-1120-1121-1122-1123-1179-1180-1181-1182-1183-102
[2026-08-11 16:53:24.158033] [INFO] [path_server] 노드 업데이트 : [1095] ➜ [1074]
[2026-08-11 16:53:24.237908] [INFO] [path_server] 새로운 경로 설정 : path[1095 ➜ 102] time[0s] dist[51m] list[35] : 1095-1074-1075-1076-1018-1019-1020-1011-1012-1035-1036-1037-1038-1039-1040-1041-1042-1112-1113-1114-1115-1116-1117-1118-1119-1120-1121-1122-1123-1179-1180-1181-1182-1183-102
[2026-08-11 16:53:27.511183] [INFO] [path_server] 노드 업데이트 : [1074] ➜ [1075]
[2026-08-11 16:53:27.591121] [INFO] [path_server] 새로운 경로 설정 : path[1074 ➜ 102] time[0s] dist[49.5m] list[34] : 1074-1075-1076-1018-1019-1020-1011-1012-1035-1036-1037-1038-1039-1040-1041-1042-1112-1113-1114-1115-1116-1117-1118-1119-1120-1121-1122-1123-1179-1180-1181-1182-1183-102
[2026-08-11 16:53:28.648998] [INFO] [path_server] 노드 업데이트 : [1075] ➜ [1076]
[2026-08-11 16:53:28.728949] [INFO] [path_server] 새로운 경로 설정 : path[1075 ➜ 102] time[0s] dist[48m] list[33] : 1075-1076-1018-1019-1020-1011-1012-1035-1036-1037-1038-1039-1040-1041-1042-1112-1113-1114-1115-1116-1117-1118-1119-1120-1121-1122-1123-1179-1180-1181-1182-1183-102
[2026-08-11 16:53:29.467459] [INFO] [path_server] 노드 업데이트 : [1076] ➜ [1018]
[2026-08-11 16:53:29.527385] [INFO] [path_server] 새로운 경로 설정 : path[1076 ➜ 102] time[0s] dist[46.5m] list[32] : 1076-1018-1019-1020-1011-1012-1035-1036-1037-1038-1039-1040-1041-1042-1112-1113-1114-1115-1116-1117-1118-1119-1120-1121-1122-1123-1179-1180-1181-1182-1183-102
[2026-08-11 16:53:30.225893] [INFO] [path_server] 노드 업데이트 : [1018] ➜ [1019]
[2026-08-11 16:53:30.305734] [INFO] [path_server] 새로운 경로 설정 : path[1018 ➜ 102] time[0s] dist[45m] list[31] : 1018-1019-1020-1011-1012-1035-1036-1037-1038-1039-1040-1041-1042-1112-1113-1114-1115-1116-1117-1118-1119-1120-1121-1122-1123-1179-1180-1181-1182-1183-102
[2026-08-11 16:53:30.984248] [INFO] [path_server] 노드 업데이트 : [1019] ➜ [1020]
[2026-08-11 16:53:31.064191] [INFO] [path_server] 새로운 경로 설정 : path[1019 ➜ 102] time[0s] dist[43.5m] list[30] : 1019-1020-1011-1012-1035-1036-1037-1038-1039-1040-1041-1042-1112-1113-1114-1115-1116-1117-1118-1119-1120-1121-1122-1123-1179-1180-1181-1182-1183-102
[2026-08-11 16:53:31.722813] [INFO] [path_server] 노드 업데이트 : [1020] ➜ [1011]
[2026-08-11 16:53:31.802689] [INFO] [path_server] 새로운 경로 설정 : path[1020 ➜ 102] time[0s] dist[42m] list[29] : 1020-1011-1012-1035-1036-1037-1038-1039-1040-1041-1042-1112-1113-1114-1115-1116-1117-1118-1119-1120-1121-1122-1123-1179-1180-1181-1182-1183-102
[2026-08-11 16:53:33.040181] [INFO] [path_server] 노드 업데이트 : [1011] ➜ [1012]
[2026-08-11 16:53:33.120073] [INFO] [path_server] 새로운 경로 설정 : path[1011 ➜ 102] time[0s] dist[40.5m] list[28] : 1011-1012-1035-1036-1037-1038-1039-1040-1041-1042-1112-1113-1114-1115-1116-1117-1118-1119-1120-1121-1122-1123-1179-1180-1181-1182-1183-102
[2026-08-11 16:53:36.413736] [INFO] [path_server] 노드 업데이트 : [1012] ➜ [1035]
[2026-08-11 16:53:36.493618] [INFO] [path_server] 새로운 경로 설정 : path[1012 ➜ 102] time[0s] dist[39m] list[27] : 1012-1035-1036-1037-1038-1039-1040-1041-1042-1112-1113-1114-1115-1116-1117-1118-1119-1120-1121-1122-1123-1179-1180-1181-1182-1183-102
[2026-08-11 16:53:37.531420] [INFO] [path_server] 노드 업데이트 : [1035] ➜ [1036]
[2026-08-11 16:53:37.591342] [INFO] [path_server] 새로운 경로 설정 : path[1035 ➜ 102] time[0s] dist[37.5m] list[26] : 1035-1036-1037-1038-1039-1040-1041-1042-1112-1113-1114-1115-1116-1117-1118-1119-1120-1121-1122-1123-1179-1180-1181-1182-1183-102
[2026-08-11 16:53:38.349761] [INFO] [path_server] 노드 업데이트 : [1036] ➜ [1037]
[2026-08-11 16:53:38.429627] [INFO] [path_server] 새로운 경로 설정 : path[1036 ➜ 102] time[0s] dist[36m] list[25] : 1036-1037-1038-1039-1040-1041-1042-1112-1113-1114-1115-1116-1117-1118-1119-1120-1121-1122-1123-1179-1180-1181-1182-1183-102
[2026-08-11 16:53:39.108311] [INFO] [path_server] 노드 업데이트 : [1037] ➜ [1038]
[2026-08-11 16:53:39.188253] [INFO] [path_server] 새로운 경로 설정 : path[1037 ➜ 102] time[0s] dist[34.5m] list[24] : 1037-1038-1039-1040-1041-1042-1112-1113-1114-1115-1116-1117-1118-1119-1120-1121-1122-1123-1179-1180-1181-1182-1183-102
[2026-08-11 16:53:39.866863] [INFO] [path_server] 노드 업데이트 : [1038] ➜ [1039]
[2026-08-11 16:53:39.926772] [INFO] [path_server] 새로운 경로 설정 : path[1038 ➜ 102] time[0s] dist[33m] list[23] : 1038-1039-1040-1041-1042-1112-1113-1114-1115-1116-1117-1118-1119-1120-1121-1122-1123-1179-1180-1181-1182-1183-102
[2026-08-11 16:53:40.605364] [INFO] [path_server] 노드 업데이트 : [1039] ➜ [1040]
[2026-08-11 16:53:40.685291] [INFO] [path_server] 새로운 경로 설정 : path[1039 ➜ 102] time[0s] dist[31.5m] list[22] : 1039-1040-1041-1042-1112-1113-1114-1115-1116-1117-1118-1119-1120-1121-1122-1123-1179-1180-1181-1182-1183-102
[2026-08-11 16:53:41.363949] [INFO] [path_server] 노드 업데이트 : [1040] ➜ [1041]
[2026-08-11 16:53:41.423859] [INFO] [path_server] 새로운 경로 설정 : path[1040 ➜ 102] time[0s] dist[30m] list[21] : 1040-1041-1042-1112-1113-1114-1115-1116-1117-1118-1119-1120-1121-1122-1123-1179-1180-1181-1182-1183-102
[2026-08-11 16:53:42.102479] [INFO] [path_server] 노드 업데이트 : [1041] ➜ [1042]
[2026-08-11 16:53:42.182421] [INFO] [path_server] 새로운 경로 설정 : path[1041 ➜ 102] time[0s] dist[28.5m] list[20] : 1041-1042-1112-1113-1114-1115-1116-1117-1118-1119-1120-1121-1122-1123-1179-1180-1181-1182-1183-102
[2026-08-11 16:53:42.861192] [INFO] [path_server] 노드 업데이트 : [1042] ➜ [1112]
[2026-08-11 16:53:42.921071] [INFO] [path_server] 새로운 경로 설정 : path[1042 ➜ 102] time[0s] dist[27m] list[19] : 1042-1112-1113-1114-1115-1116-1117-1118-1119-1120-1121-1122-1123-1179-1180-1181-1182-1183-102
[2026-08-11 16:53:44.178590] [INFO] [path_server] 노드 업데이트 : [1112] ➜ [1113]
[2026-08-11 16:53:44.238502] [INFO] [path_server] 새로운 경로 설정 : path[1112 ➜ 102] time[0s] dist[25.5m] list[18] : 1112-1113-1114-1115-1116-1117-1118-1119-1120-1121-1122-1123-1179-1180-1181-1182-1183-102
[2026-08-11 16:53:47.531906] [INFO] [path_server] 노드 업데이트 : [1113] ➜ [1114]
[2026-08-11 16:53:47.591826] [INFO] [path_server] 새로운 경로 설정 : path[1113 ➜ 102] time[0s] dist[24m] list[17] : 1113-1114-1115-1116-1117-1118-1119-1120-1121-1122-1123-1179-1180-1181-1182-1183-102
[2026-08-11 16:53:48.670007] [INFO] [path_server] 노드 업데이트 : [1114] ➜ [1115]
[2026-08-11 16:53:48.750031] [INFO] [path_server] 새로운 경로 설정 : path[1114 ➜ 102] time[0s] dist[22.5m] list[16] : 1114-1115-1116-1117-1118-1119-1120-1121-1122-1123-1179-1180-1181-1182-1183-102
[2026-08-11 16:53:49.488912] [INFO] [path_server] 노드 업데이트 : [1115] ➜ [1116]
[2026-08-11 16:53:49.548801] [INFO] [path_server] 새로운 경로 설정 : path[1115 ➜ 102] time[0s] dist[21m] list[15] : 1115-1116-1117-1118-1119-1120-1121-1122-1123-1179-1180-1181-1182-1183-102
[2026-08-11 16:53:50.247332] [INFO] [path_server] 노드 업데이트 : [1116] ➜ [1117]
[2026-08-11 16:53:50.327179] [INFO] [path_server] 새로운 경로 설정 : path[1116 ➜ 102] time[0s] dist[19.5m] list[14] : 1116-1117-1118-1119-1120-1121-1122-1123-1179-1180-1181-1182-1183-102
[2026-08-11 16:53:51.005727] [INFO] [path_server] 노드 업데이트 : [1117] ➜ [1118]
[2026-08-11 16:53:51.085650] [INFO] [path_server] 새로운 경로 설정 : path[1117 ➜ 102] time[0s] dist[18m] list[13] : 1117-1118-1119-1120-1121-1122-1123-1179-1180-1181-1182-1183-102
[2026-08-11 16:53:51.744293] [INFO] [path_server] 노드 업데이트 : [1118] ➜ [1119]
[2026-08-11 16:53:51.824187] [INFO] [path_server] 새로운 경로 설정 : path[1118 ➜ 102] time[0s] dist[16.5m] list[12] : 1118-1119-1120-1121-1122-1123-1179-1180-1181-1182-1183-102
[2026-08-11 16:53:52.502744] [INFO] [path_server] 노드 업데이트 : [1119] ➜ [1120]
[2026-08-11 16:53:52.582655] [INFO] [path_server] 새로운 경로 설정 : path[1119 ➜ 102] time[0s] dist[15m] list[11] : 1119-1120-1121-1122-1123-1179-1180-1181-1182-1183-102
[2026-08-11 16:53:53.341004] [INFO] [path_server] 노드 업데이트 : [1120] ➜ [1121]
[2026-08-11 16:53:53.420912] [INFO] [path_server] 새로운 경로 설정 : path[1120 ➜ 102] time[0s] dist[13.5m] list[10] : 1120-1121-1122-1123-1179-1180-1181-1182-1183-102
[2026-08-11 16:53:56.993559] [INFO] [path_server] 노드 업데이트 : [1121] ➜ [1122]
[2026-08-11 16:53:57.073463] [INFO] [path_server] 새로운 경로 설정 : path[1121 ➜ 102] time[0s] dist[12m] list[9] : 1121-1122-1123-1179-1180-1181-1182-1183-102
[2026-08-11 16:53:58.350830] [INFO] [path_server] 노드 업데이트 : [1122] ➜ [1123]
[2026-08-11 16:53:58.410711] [INFO] [path_server] 새로운 경로 설정 : path[1122 ➜ 102] time[0s] dist[10.5m] list[8] : 1122-1123-1179-1180-1181-1182-1183-102
[2026-08-11 16:53:59.408986] [INFO] [path_server] 노드 업데이트 : [1123] ➜ [1179]
[2026-08-11 16:53:59.488887] [INFO] [path_server] 새로운 경로 설정 : path[1123 ➜ 102] time[0s] dist[9m] list[7] : 1123-1179-1180-1181-1182-1183-102
[2026-08-11 16:54:02.722600] [INFO] [path_server] 노드 업데이트 : [1179] ➜ [1180]
[2026-08-11 16:54:02.802526] [INFO] [path_server] 새로운 경로 설정 : path[1179 ➜ 102] time[0s] dist[7.5m] list[6] : 1179-1180-1181-1182-1183-102
[2026-08-11 16:54:03.960426] [INFO] [path_server] 노드 업데이트 : [1180] ➜ [1181]
[2026-08-11 16:54:04.020326] [INFO] [path_server] 새로운 경로 설정 : path[1180 ➜ 102] time[0s] dist[6m] list[5] : 1180-1181-1182-1183-102
[2026-08-11 16:54:04.840812] [INFO] [path_server] 노드 업데이트 : [1181] ➜ [1182]
[2026-08-11 16:54:04.920709] [INFO] [path_server] 새로운 경로 설정 : path[1181 ➜ 102] time[0s] dist[4.5m] list[4] : 1181-1182-1183-102
[2026-08-11 16:54:05.579466] [INFO] [path_server] 노드 업데이트 : [1182] ➜ [1183]
[2026-08-11 16:54:05.639353] [INFO] [path_server] 새로운 경로 설정 : path[1182 ➜ 102] time[0s] dist[3m] list[3] : 1182-1183-102
[2026-08-11 16:54:06.916779] [INFO] [path_server] 노드 업데이트 : [1183] ➜ [102]
[2026-08-11 16:54:06.996693] [INFO] [path_server] 새로운 경로 설정 : path[1183 ➜ 102] time[0s] dist[1.5m] list[2] : 1183-102
[2026-08-11 16:54:12.126300] [INFO] [path_server] 노드 업데이트 : [102] ➜ [-1]
[2026-08-11 16:54:15.020573] [INFO] [course_tracker] 목적지에서 각도 정렬 : [5.500m 7.000m 0.000°]
[2026-08-11 16:54:15.060472] [INFO] [path_server] 노드 업데이트 : [102] ➜ [-1]
[2026-08-11 16:54:15.080454] [INFO] [task::fsm] push_done
[2026-08-11 16:54:15.140335] [INFO] [task::fsm] charging
[2026-08-11 16:54:15.140346] [INFO] [power_system] 충전 프로세스 시작
[2026-08-11 16:54:15.140364] [INFO] [health_monitor] [등록][100015, 100001] : 자동 충전 시작.
[2026-08-11 16:54:20.150713] [INFO] [health_monitor] [삭제][100015, 100001] : 자동 충전 시작.
[2026-08-11 16:54:40.811108] [INFO] [power_system] 충전 완료
[2026-08-11 16:54:40.811135] [INFO] [health_monitor] [등록][100015, 100003] : 자동 충전 해제 시작.
[2026-08-11 16:54:40.811132] [INFO] [health_monitor] [등록][100015, 100002] : 배터리 가득.
[2026-08-11 16:54:45.821039] [INFO] [health_monitor] [삭제][100015, 100002] : 배터리 가득.
[2026-08-11 16:54:45.821045] [INFO] [health_monitor] [삭제][100015, 100003] : 자동 충전 해제 시작.
[2026-08-11 16:54:45.840937] [INFO] [power_system] 충전 해제 완료
[2026-08-11 16:54:45.840950] [INFO] [health_monitor] [등록][100015, 100004] : 자동 충전 해제 완료.
[2026-08-11 16:54:45.860935] [INFO] [task::fsm] discharging
[2026-08-11 16:54:45.860943] [INFO] [power_system] 충전 해제 프로세스 시작
[2026-08-11 16:54:45.860954] [INFO] [health_monitor] [등록][100015, 100003] : 자동 충전 해제 시작.
[2026-08-11 16:54:45.880921] [INFO] [task::fsm] idle
[2026-08-11 16:54:45.880928] [INFO] [path_server] 경로 삭제
[2026-08-11 16:54:45.880925] [INFO] [course_manager] 코스 삭제
[2026-08-11 16:54:45.920833] [INFO] [task::fsm] idle
[2026-08-11 16:54:45.920843] [INFO] [path_server] 경로 삭제
[2026-08-11 16:54:45.920841] [INFO] [course_manager] 코스 삭제
[2026-08-11 16:54:50.850927] [INFO] [health_monitor] [삭제][100015, 100004] : 자동 충전 해제 완료.
[2026-08-11 16:54:50.870930] [INFO] [health_monitor] [삭제][100015, 100003] : 자동 충전 해제 시작.
[2026-08-11 16:55:10.332440] [INFO] [path_server] 새로운 경로 설정 : path[102 ➜ 205] time[0s] dist[27m] list[19] : 102-1183-1184-1045-1046-1047-1048-1001-1002-1003-1004-1013-1049-1050-1014-1201-1200-1202-205
[2026-08-11 16:55:17.498194] [INFO] [path_server] 노드 업데이트 : [1183] ➜ [1184]
[2026-08-11 16:55:17.558080] [INFO] [path_server] 새로운 경로 설정 : path[1183 ➜ 205] time[0s] dist[25.5m] list[18] : 1183-1184-1045-1046-1047-1048-1001-1002-1003-1004-1013-1049-1050-1014-1201-1200-1202-205
[2026-08-11 16:55:21.111092] [INFO] [path_server] 노드 업데이트 : [1184] ➜ [1045]
[2026-08-11 16:55:21.191022] [INFO] [path_server] 새로운 경로 설정 : path[1184 ➜ 205] time[0s] dist[24m] list[17] : 1184-1045-1046-1047-1048-1001-1002-1003-1004-1013-1049-1050-1014-1201-1200-1202-205
[2026-08-11 16:55:22.468492] [INFO] [path_server] 노드 업데이트 : [1045] ➜ [1046]
[2026-08-11 16:55:22.528412] [INFO] [path_server] 새로운 경로 설정 : path[1045 ➜ 205] time[0s] dist[22.5m] list[16] : 1045-1046-1047-1048-1001-1002-1003-1004-1013-1049-1050-1014-1201-1200-1202-205
[2026-08-11 16:55:25.802149] [INFO] [path_server] 노드 업데이트 : [1046] ➜ [1047]
[2026-08-11 16:55:25.882025] [INFO] [path_server] 새로운 경로 설정 : path[1046 ➜ 205] time[0s] dist[21m] list[15] : 1046-1047-1048-1001-1002-1003-1004-1013-1049-1050-1014-1201-1200-1202-205
[2026-08-11 16:55:26.919921] [INFO] [path_server] 노드 업데이트 : [1047] ➜ [1048]
[2026-08-11 16:55:26.999825] [INFO] [path_server] 새로운 경로 설정 : path[1047 ➜ 205] time[0s] dist[19.5m] list[14] : 1047-1048-1001-1002-1003-1004-1013-1049-1050-1014-1201-1200-1202-205
[2026-08-11 16:55:27.738389] [INFO] [path_server] 노드 업데이트 : [1048] ➜ [1001]
[2026-08-11 16:55:27.818278] [INFO] [path_server] 새로운 경로 설정 : path[1048 ➜ 205] time[0s] dist[18m] list[13] : 1048-1001-1002-1003-1004-1013-1049-1050-1014-1201-1200-1202-205
[2026-08-11 16:55:28.497049] [INFO] [path_server] 노드 업데이트 : [1001] ➜ [1002]
[2026-08-11 16:55:28.557002] [INFO] [path_server] 새로운 경로 설정 : path[1001 ➜ 205] time[0s] dist[16.5m] list[12] : 1001-1002-1003-1004-1013-1049-1050-1014-1201-1200-1202-205
[2026-08-11 16:55:29.255642] [INFO] [path_server] 노드 업데이트 : [1002] ➜ [1003]
[2026-08-11 16:55:29.335530] [INFO] [path_server] 새로운 경로 설정 : path[1002 ➜ 205] time[0s] dist[15m] list[11] : 1002-1003-1004-1013-1049-1050-1014-1201-1200-1202-205
[2026-08-11 16:55:29.994278] [INFO] [path_server] 노드 업데이트 : [1003] ➜ [1004]
[2026-08-11 16:55:30.054168] [INFO] [path_server] 새로운 경로 설정 : path[1003 ➜ 205] time[0s] dist[13.5m] list[10] : 1003-1004-1013-1049-1050-1014-1201-1200-1202-205
[2026-08-11 16:55:31.311694] [INFO] [path_server] 노드 업데이트 : [1004] ➜ [1013]
[2026-08-11 16:55:31.371617] [INFO] [path_server] 새로운 경로 설정 : path[1004 ➜ 205] time[0s] dist[12m] list[9] : 1004-1013-1049-1050-1014-1201-1200-1202-205
[2026-08-11 16:55:34.665004] [INFO] [path_server] 노드 업데이트 : [1013] ➜ [1049]
[2026-08-11 16:55:34.724913] [INFO] [path_server] 새로운 경로 설정 : path[1013 ➜ 205] time[0s] dist[10.5m] list[8] : 1013-1049-1050-1014-1201-1200-1202-205
[2026-08-11 16:55:35.782703] [INFO] [path_server] 노드 업데이트 : [1049] ➜ [1050]
[2026-08-11 16:55:35.862600] [INFO] [path_server] 새로운 경로 설정 : path[1049 ➜ 205] time[0s] dist[9m] list[7] : 1049-1050-1014-1201-1200-1202-205
[2026-08-11 16:55:37.120179] [INFO] [path_server] 노드 업데이트 : [1050] ➜ [1014]
[2026-08-11 16:55:37.180086] [INFO] [path_server] 새로운 경로 설정 : path[1050 ➜ 205] time[0s] dist[7.5m] list[6] : 1050-1014-1201-1200-1202-205
[2026-08-11 16:55:40.513541] [INFO] [path_server] 노드 업데이트 : [1014] ➜ [1201]
[2026-08-11 16:55:40.573451] [INFO] [path_server] 새로운 경로 설정 : path[1014 ➜ 205] time[0s] dist[6m] list[5] : 1014-1201-1200-1202-205
[2026-08-11 16:55:41.631367] [INFO] [path_server] 노드 업데이트 : [1201] ➜ [1200]
[2026-08-11 16:55:41.711214] [INFO] [path_server] 새로운 경로 설정 : path[1201 ➜ 205] time[0s] dist[4.5m] list[4] : 1201-1200-1202-205
[2026-08-11 16:55:42.449654] [INFO] [path_server] 노드 업데이트 : [1200] ➜ [1202]
[2026-08-11 16:55:42.529591] [INFO] [path_server] 새로운 경로 설정 : path[1200 ➜ 205] time[0s] dist[3m] list[3] : 1200-1202-205
[2026-08-11 16:55:43.787114] [INFO] [path_server] 노드 업데이트 : [1202] ➜ [205]
[2026-08-11 16:55:43.866976] [INFO] [path_server] 새로운 경로 설정 : path[1202 ➜ 205] time[0s] dist[1.5m] list[2] : 1202-205
[2026-08-11 16:55:48.996663] [INFO] [path_server] 노드 업데이트 : [205] ➜ [-1]
[2026-08-11 16:55:51.891225] [INFO] [course_tracker] 목적지에서 각도 정렬 : [23.500m 7.000m 0.000°]
[2026-08-11 16:55:51.931185] [INFO] [path_server] 노드 업데이트 : [205] ➜ [-1]
[2026-08-11 16:55:51.951088] [INFO] [task::fsm] push_done
[2026-08-11 16:55:51.991061] [INFO] [task::fsm] idle
[2026-08-11 16:55:51.991070] [INFO] [path_server] 경로 삭제
[2026-08-11 16:55:51.991068] [INFO] [course_manager] 코스 삭제
[2026-08-11 16:56:15.184610] [INFO] [path_server] 새로운 경로 설정 : path[205 ➜ 111] time[0s] dist[33m] list[23] : 205-1202-1203-1204-1205-1206-1207-1208-1145-1146-1147-1148-1077-1029-1030-1031-1032-1033-1034-1007-1167-1168-111
[2026-08-11 16:56:20.074925] [INFO] [path_server] 노드 업데이트 : [1202] ➜ [1203]
[2026-08-11 16:56:20.154754] [INFO] [path_server] 새로운 경로 설정 : path[1202 ➜ 111] time[0s] dist[31.5m] list[22] : 1202-1203-1204-1205-1206-1207-1208-1145-1146-1147-1148-1077-1029-1030-1031-1032-1033-1034-1007-1167-1168-111
[2026-08-11 16:56:23.687659] [INFO] [path_server] 노드 업데이트 : [1203] ➜ [1204]
[2026-08-11 16:56:23.747587] [INFO] [path_server] 새로운 경로 설정 : path[1203 ➜ 111] time[0s] dist[30m] list[21] : 1203-1204-1205-1206-1207-1208-1145-1146-1147-1148-1077-1029-1030-1031-1032-1033-1034-1007-1167-1168-111
[2026-08-11 16:56:24.825477] [INFO] [path_server] 노드 업데이트 : [1204] ➜ [1205]
[2026-08-11 16:56:24.885405] [INFO] [path_server] 새로운 경로 설정 : path[1204 ➜ 111] time[0s] dist[28.5m] list[20] : 1204-1205-1206-1207-1208-1145-1146-1147-1148-1077-1029-1030-1031-1032-1033-1034-1007-1167-1168-111
[2026-08-11 16:56:25.643784] [INFO] [path_server] 노드 업데이트 : [1205] ➜ [1206]
[2026-08-11 16:56:25.723666] [INFO] [path_server] 새로운 경로 설정 : path[1205 ➜ 111] time[0s] dist[27m] list[19] : 1205-1206-1207-1208-1145-1146-1147-1148-1077-1029-1030-1031-1032-1033-1034-1007-1167-1168-111
[2026-08-11 16:56:26.402385] [INFO] [path_server] 노드 업데이트 : [1206] ➜ [1207]
[2026-08-11 16:56:26.482286] [INFO] [path_server] 새로운 경로 설정 : path[1206 ➜ 111] time[0s] dist[25.51m] list[18] : 1206-1207-1208-1145-1146-1147-1148-1077-1029-1030-1031-1032-1033-1034-1007-1167-1168-111
[2026-08-11 16:56:27.160874] [INFO] [path_server] 노드 업데이트 : [1207] ➜ [1208]
[2026-08-11 16:56:27.240798] [INFO] [path_server] 새로운 경로 설정 : path[1207 ➜ 111] time[0s] dist[24m] list[17] : 1207-1208-1145-1146-1147-1148-1077-1029-1030-1031-1032-1033-1034-1007-1167-1168-111
[2026-08-11 16:56:27.899470] [INFO] [path_server] 노드 업데이트 : [1208] ➜ [1145]
[2026-08-11 16:56:27.979371] [INFO] [path_server] 새로운 경로 설정 : path[1208 ➜ 111] time[0s] dist[22.5m] list[16] : 1208-1145-1146-1147-1148-1077-1029-1030-1031-1032-1033-1034-1007-1167-1168-111
[2026-08-11 16:56:29.217070] [INFO] [path_server] 노드 업데이트 : [1145] ➜ [1146]
[2026-08-11 16:56:29.296958] [INFO] [path_server] 새로운 경로 설정 : path[1145 ➜ 111] time[0s] dist[21m] list[15] : 1145-1146-1147-1148-1077-1029-1030-1031-1032-1033-1034-1007-1167-1168-111
[2026-08-11 16:56:32.590326] [INFO] [path_server] 노드 업데이트 : [1146] ➜ [1147]
[2026-08-11 16:56:32.650267] [INFO] [path_server] 새로운 경로 설정 : path[1146 ➜ 111] time[0s] dist[19.5m] list[14] : 1146-1147-1148-1077-1029-1030-1031-1032-1033-1034-1007-1167-1168-111
[2026-08-11 16:56:33.708148] [INFO] [path_server] 노드 업데이트 : [1147] ➜ [1148]
[2026-08-11 16:56:33.787995] [INFO] [path_server] 새로운 경로 설정 : path[1147 ➜ 111] time[0s] dist[18m] list[13] : 1147-1148-1077-1029-1030-1031-1032-1033-1034-1007-1167-1168-111
[2026-08-11 16:56:34.526449] [INFO] [path_server] 노드 업데이트 : [1148] ➜ [1077]
[2026-08-11 16:56:34.606384] [INFO] [path_server] 새로운 경로 설정 : path[1148 ➜ 111] time[0s] dist[16.5m] list[12] : 1148-1077-1029-1030-1031-1032-1033-1034-1007-1167-1168-111
[2026-08-11 16:56:35.863807] [INFO] [path_server] 노드 업데이트 : [1077] ➜ [1029]
[2026-08-11 16:56:35.943668] [INFO] [path_server] 새로운 경로 설정 : path[1077 ➜ 111] time[0s] dist[15m] list[11] : 1077-1029-1030-1031-1032-1033-1034-1007-1167-1168-111
[2026-08-11 16:56:39.197032] [INFO] [path_server] 노드 업데이트 : [1029] ➜ [1030]
[2026-08-11 16:56:39.276948] [INFO] [path_server] 새로운 경로 설정 : path[1029 ➜ 111] time[0s] dist[13.5m] list[10] : 1029-1030-1031-1032-1033-1034-1007-1167-1168-111
[2026-08-11 16:56:40.335233] [INFO] [path_server] 노드 업데이트 : [1030] ➜ [1031]
[2026-08-11 16:56:40.415113] [INFO] [path_server] 새로운 경로 설정 : path[1030 ➜ 111] time[0s] dist[12m] list[9] : 1030-1031-1032-1033-1034-1007-1167-1168-111
[2026-08-11 16:56:41.153526] [INFO] [path_server] 노드 업데이트 : [1031] ➜ [1032]
[2026-08-11 16:56:41.233467] [INFO] [path_server] 새로운 경로 설정 : path[1031 ➜ 111] time[0s] dist[10.5m] list[8] : 1031-1032-1033-1034-1007-1167-1168-111
[2026-08-11 16:56:41.912050] [INFO] [path_server] 노드 업데이트 : [1032] ➜ [1033]
[2026-08-11 16:56:41.971952] [INFO] [path_server] 새로운 경로 설정 : path[1032 ➜ 111] time[0s] dist[9m] list[7] : 1032-1033-1034-1007-1167-1168-111
[2026-08-11 16:56:42.670680] [INFO] [path_server] 노드 업데이트 : [1033] ➜ [1034]
[2026-08-11 16:56:42.750528] [INFO] [path_server] 새로운 경로 설정 : path[1033 ➜ 111] time[0s] dist[7.5m] list[6] : 1033-1034-1007-1167-1168-111
[2026-08-11 16:56:43.409173] [INFO] [path_server] 노드 업데이트 : [1034] ➜ [1007]
[2026-08-11 16:56:43.469081] [INFO] [path_server] 새로운 경로 설정 : path[1034 ➜ 111] time[0s] dist[6m] list[5] : 1034-1007-1167-1168-111
[2026-08-11 16:56:44.726502] [INFO] [path_server] 노드 업데이트 : [1007] ➜ [1167]
[2026-08-11 16:56:44.786417] [INFO] [path_server] 새로운 경로 설정 : path[1007 ➜ 111] time[0s] dist[4.5m] list[4] : 1007-1167-1168-111
[2026-08-11 16:56:48.099906] [INFO] [path_server] 노드 업데이트 : [1167] ➜ [1168]
[2026-08-11 16:56:48.179840] [INFO] [path_server] 새로운 경로 설정 : path[1167 ➜ 111] time[0s] dist[3m] list[3] : 1167-1168-111
[2026-08-11 16:56:49.517468] [INFO] [path_server] 노드 업데이트 : [1168] ➜ [111]
[2026-08-11 16:56:49.577370] [INFO] [path_server] 새로운 경로 설정 : path[1168 ➜ 111] time[0s] dist[1.5m] list[2] : 1168-111
[2026-08-11 16:56:55.106102] [INFO] [path_server] 노드 업데이트 : [111] ➜ [-1]
[2026-08-11 16:56:58.001165] [INFO] [course_tracker] 목적지에서 각도 정렬 : [22.000m 14.500m 0.000°]
[2026-08-11 16:56:58.041072] [INFO] [path_server] 노드 업데이트 : [111] ➜ [-1]
[2026-08-11 16:56:58.061039] [INFO] [task::fsm] push_done
[2026-08-11 16:56:58.120918] [INFO] [task::fsm] charging
[2026-08-11 16:56:58.120928] [INFO] [power_system] 충전 프로세스 시작
[2026-08-11 16:56:58.120955] [INFO] [health_monitor] [등록][100015, 100001] : 자동 충전 시작.
[2026-08-11 16:57:03.130961] [INFO] [health_monitor] [삭제][100015, 100001] : 자동 충전 시작.
[2026-08-11 16:57:18.280250] [INFO] [power_system] 충전 완료
[2026-08-11 16:57:18.280270] [INFO] [health_monitor] [등록][100015, 100002] : 배터리 가득.
[2026-08-11 16:57:18.280273] [INFO] [health_monitor] [등록][100015, 100003] : 자동 충전 해제 시작.
[2026-08-11 16:57:23.290272] [INFO] [health_monitor] [삭제][100015, 100002] : 배터리 가득.
[2026-08-11 16:57:23.290278] [INFO] [health_monitor] [삭제][100015, 100003] : 자동 충전 해제 시작.
[2026-08-11 16:57:23.310168] [INFO] [power_system] 충전 해제 완료
[2026-08-11 16:57:23.310178] [INFO] [health_monitor] [등록][100015, 100004] : 자동 충전 해제 완료.
[2026-08-11 16:57:23.330176] [INFO] [task::fsm] discharging
[2026-08-11 16:57:23.330184] [INFO] [power_system] 충전 해제 프로세스 시작
[2026-08-11 16:57:23.330194] [INFO] [health_monitor] [등록][100015, 100003] : 자동 충전 해제 시작.
[2026-08-11 16:57:23.350134] [INFO] [task::fsm] idle
[2026-08-11 16:57:23.350140] [INFO] [path_server] 경로 삭제
[2026-08-11 16:57:23.350138] [INFO] [course_manager] 코스 삭제
[2026-08-11 16:57:23.390055] [INFO] [task::fsm] idle
[2026-08-11 16:57:23.390061] [INFO] [course_manager] 코스 삭제
[2026-08-11 16:57:23.390063] [INFO] [path_server] 경로 삭제
[2026-08-11 16:57:28.320330] [INFO] [health_monitor] [삭제][100015, 100004] : 자동 충전 해제 완료.
[2026-08-11 16:57:28.340234] [INFO] [health_monitor] [삭제][100015, 100003] : 자동 충전 해제 시작.
[2026-08-11 16:59:18.393218] [INFO] [task::fsm] charging
[2026-08-11 16:59:18.393264] [INFO] [health_monitor] [등록][100015, 100001] : 자동 충전 시작.
[2026-08-11 16:59:18.393241] [INFO] [power_system] 충전 프로세스 시작
[2026-08-11 16:59:23.407549] [INFO] [health_monitor] [삭제][100015, 100001] : 자동 충전 시작.
[2026-08-11 16:59:31.773248] [INFO] [power_system] 충전 완료
[2026-08-11 16:59:31.773269] [INFO] [health_monitor] [등록][100015, 100002] : 배터리 가득.
[2026-08-11 16:59:31.773273] [INFO] [health_monitor] [등록][100015, 100003] : 자동 충전 해제 시작.
[2026-08-11 16:59:36.783471] [INFO] [health_monitor] [삭제][100015, 100002] : 배터리 가득.
[2026-08-11 16:59:36.783478] [INFO] [health_monitor] [삭제][100015, 100003] : 자동 충전 해제 시작.
[2026-08-11 16:59:36.803378] [INFO] [power_system] 충전 해제 완료
[2026-08-11 16:59:36.803394] [INFO] [health_monitor] [등록][100015, 100004] : 자동 충전 해제 완료.
[2026-08-11 16:59:36.823388] [INFO] [task::fsm] discharging
[2026-08-11 16:59:36.823398] [INFO] [power_system] 충전 해제 프로세스 시작
[2026-08-11 16:59:36.823411] [INFO] [health_monitor] [등록][100015, 100003] : 자동 충전 해제 시작.
[2026-08-11 16:59:36.843339] [INFO] [task::fsm] idle
[2026-08-11 16:59:36.843343] [INFO] [course_manager] 코스 삭제
[2026-08-11 16:59:36.843344] [INFO] [path_server] 경로 삭제
[2026-08-11 16:59:36.883289] [INFO] [task::fsm] idle
[2026-08-11 16:59:36.883295] [INFO] [course_manager] 코스 삭제
[2026-08-11 16:59:36.883296] [INFO] [path_server] 경로 삭제
[2026-08-11 16:59:38.340566] [INFO] [path_server] 새로운 경로 설정 : path[111 ➜ 206] time[0s] dist[40.5m] list[28] : 111-1168-1169-1170-1171-1172-1091-1092-1093-1094-1095-1074-1075-1076-1018-1019-1020-1011-1004-1013-1049-1050-1014-1201-1200-1202-1203-206
[2026-08-11 16:59:41.294742] [INFO] [path_server] 새로운 경로 설정 : path[1168 ➜ 203] time[0s] dist[46.5m] list[33] : 111-1168-1169-1170-1171-1172-1091-1092-1093-1094-1095-1074-1075-1076-1018-1019-1020-1011-1012-1035-1036-1037-1038-1039-1040-1041-1042-1112-1113-1114-1115-1116-203
[2026-08-11 16:59:41.813679] [INFO] [health_monitor] [삭제][100015, 100004] : 자동 충전 해제 완료.
[2026-08-11 16:59:41.833701] [INFO] [health_monitor] [삭제][100015, 100003] : 자동 충전 해제 시작.
[2026-08-11 16:59:43.031368] [INFO] [path_server] 노드 업데이트 : [1168] ➜ [1169]
[2026-08-11 16:59:43.111215] [INFO] [path_server] 새로운 경로 설정 : path[1168 ➜ 203] time[0s] dist[46.5m] list[32] : 1168-1169-1170-1171-1172-1091-1092-1093-1094-1095-1074-1075-1076-1018-1019-1020-1011-1012-1035-1036-1037-1038-1039-1040-1041-1042-1112-1113-1114-1115-1116-203
[2026-08-11 16:59:46.723876] [INFO] [path_server] 노드 업데이트 : [1169] ➜ [1170]
[2026-08-11 16:59:46.803798] [INFO] [path_server] 새로운 경로 설정 : path[1169 ➜ 203] time[0s] dist[45m] list[31] : 1169-1170-1171-1172-1091-1092-1093-1094-1095-1074-1075-1076-1018-1019-1020-1011-1012-1035-1036-1037-1038-1039-1040-1041-1042-1112-1113-1114-1115-1116-203
[2026-08-11 16:59:47.841672] [INFO] [path_server] 노드 업데이트 : [1170] ➜ [1171]
[2026-08-11 16:59:47.901626] [INFO] [path_server] 새로운 경로 설정 : path[1170 ➜ 203] time[0s] dist[43.5m] list[30] : 1170-1171-1172-1091-1092-1093-1094-1095-1074-1075-1076-1018-1019-1020-1011-1012-1035-1036-1037-1038-1039-1040-1041-1042-1112-1113-1114-1115-1116-203
[2026-08-11 16:59:48.660034] [INFO] [path_server] 노드 업데이트 : [1171] ➜ [1172]
[2026-08-11 16:59:48.739924] [INFO] [path_server] 새로운 경로 설정 : path[1171 ➜ 203] time[0s] dist[42m] list[29] : 1171-1172-1091-1092-1093-1094-1095-1074-1075-1076-1018-1019-1020-1011-1012-1035-1036-1037-1038-1039-1040-1041-1042-1112-1113-1114-1115-1116-203
[2026-08-11 16:59:49.398556] [INFO] [path_server] 노드 업데이트 : [1172] ➜ [1091]
[2026-08-11 16:59:49.458466] [INFO] [path_server] 새로운 경로 설정 : path[1172 ➜ 203] time[0s] dist[40.5m] list[28] : 1172-1091-1092-1093-1094-1095-1074-1075-1076-1018-1019-1020-1011-1012-1035-1036-1037-1038-1039-1040-1041-1042-1112-1113-1114-1115-1116-203
[2026-08-11 16:59:50.456324] [INFO] [path_server] 노드 업데이트 : [1091] ➜ [1092]
[2026-08-11 16:59:50.516270] [INFO] [path_server] 새로운 경로 설정 : path[1091 ➜ 203] time[0s] dist[39m] list[27] : 1091-1092-1093-1094-1095-1074-1075-1076-1018-1019-1020-1011-1012-1035-1036-1037-1038-1039-1040-1041-1042-1112-1113-1114-1115-1116-203
[2026-08-11 16:59:53.729745] [INFO] [path_server] 노드 업데이트 : [1092] ➜ [1093]
[2026-08-11 16:59:53.809612] [INFO] [path_server] 새로운 경로 설정 : path[1092 ➜ 203] time[0s] dist[37.5m] list[26] : 1092-1093-1094-1095-1074-1075-1076-1018-1019-1020-1011-1012-1035-1036-1037-1038-1039-1040-1041-1042-1112-1113-1114-1115-1116-203
[2026-08-11 16:59:54.987244] [INFO] [path_server] 노드 업데이트 : [1093] ➜ [1094]
[2026-08-11 16:59:55.067124] [INFO] [path_server] 새로운 경로 설정 : path[1093 ➜ 203] time[0s] dist[36m] list[25] : 1093-1094-1095-1074-1075-1076-1018-1019-1020-1011-1012-1035-1036-1037-1038-1039-1040-1041-1042-1112-1113-1114-1115-1116-203
[2026-08-11 16:59:55.845423] [INFO] [path_server] 노드 업데이트 : [1094] ➜ [1095]
[2026-08-11 16:59:55.905400] [INFO] [path_server] 새로운 경로 설정 : path[1094 ➜ 203] time[0s] dist[34.5m] list[24] : 1094-1095-1074-1075-1076-1018-1019-1020-1011-1012-1035-1036-1037-1038-1039-1040-1041-1042-1112-1113-1114-1115-1116-203
[2026-08-11 16:59:57.162731] [INFO] [path_server] 노드 업데이트 : [1095] ➜ [1074]
[2026-08-11 16:59:57.222624] [INFO] [path_server] 새로운 경로 설정 : path[1095 ➜ 203] time[0s] dist[33m] list[23] : 1095-1074-1075-1076-1018-1019-1020-1011-1012-1035-1036-1037-1038-1039-1040-1041-1042-1112-1113-1114-1115-1116-203
[2026-08-11 17:00:00.496036] [INFO] [path_server] 노드 업데이트 : [1074] ➜ [1075]
[2026-08-11 17:00:00.575856] [INFO] [path_server] 새로운 경로 설정 : path[1074 ➜ 203] time[0s] dist[31.5m] list[22] : 1074-1075-1076-1018-1019-1020-1011-1012-1035-1036-1037-1038-1039-1040-1041-1042-1112-1113-1114-1115-1116-203
[2026-08-11 17:00:01.633659] [INFO] [path_server] 노드 업데이트 : [1075] ➜ [1076]
[2026-08-11 17:00:01.733525] [INFO] [path_server] 새로운 경로 설정 : path[1075 ➜ 203] time[0s] dist[30m] list[21] : 1075-1076-1018-1019-1020-1011-1012-1035-1036-1037-1038-1039-1040-1041-1042-1112-1113-1114-1115-1116-203
[2026-08-11 17:00:02.452056] [INFO] [path_server] 노드 업데이트 : [1076] ➜ [1018]
[2026-08-11 17:00:02.531926] [INFO] [path_server] 새로운 경로 설정 : path[1076 ➜ 203] time[0s] dist[28.5m] list[20] : 1076-1018-1019-1020-1011-1012-1035-1036-1037-1038-1039-1040-1041-1042-1112-1113-1114-1115-1116-203
[2026-08-11 17:00:03.210493] [INFO] [path_server] 노드 업데이트 : [1018] ➜ [1019]
[2026-08-11 17:00:03.290471] [INFO] [path_server] 새로운 경로 설정 : path[1018 ➜ 203] time[0s] dist[27m] list[19] : 1018-1019-1020-1011-1012-1035-1036-1037-1038-1039-1040-1041-1042-1112-1113-1114-1115-1116-203
[2026-08-11 17:00:03.969074] [INFO] [path_server] 노드 업데이트 : [1019] ➜ [1020]
[2026-08-11 17:00:04.028990] [INFO] [path_server] 새로운 경로 설정 : path[1019 ➜ 203] time[0s] dist[25.5m] list[18] : 1019-1020-1011-1012-1035-1036-1037-1038-1039-1040-1041-1042-1112-1113-1114-1115-1116-203
[2026-08-11 17:00:04.707542] [INFO] [path_server] 노드 업데이트 : [1020] ➜ [1011]
[2026-08-11 17:00:04.787468] [INFO] [path_server] 새로운 경로 설정 : path[1020 ➜ 203] time[0s] dist[24m] list[17] : 1020-1011-1012-1035-1036-1037-1038-1039-1040-1041-1042-1112-1113-1114-1115-1116-203
[2026-08-11 17:00:06.024920] [INFO] [path_server] 노드 업데이트 : [1011] ➜ [1012]
[2026-08-11 17:00:06.104838] [INFO] [path_server] 새로운 경로 설정 : path[1011 ➜ 203] time[0s] dist[22.5m] list[16] : 1011-1012-1035-1036-1037-1038-1039-1040-1041-1042-1112-1113-1114-1115-1116-203
[2026-08-11 17:00:09.398287] [INFO] [path_server] 노드 업데이트 : [1012] ➜ [1035]
[2026-08-11 17:00:09.478142] [INFO] [path_server] 새로운 경로 설정 : path[1012 ➜ 203] time[0s] dist[21m] list[15] : 1012-1035-1036-1037-1038-1039-1040-1041-1042-1112-1113-1114-1115-1116-203
[2026-08-11 17:00:10.515981] [INFO] [path_server] 노드 업데이트 : [1035] ➜ [1036]
[2026-08-11 17:00:10.595913] [INFO] [path_server] 새로운 경로 설정 : path[1035 ➜ 203] time[0s] dist[19.5m] list[14] : 1035-1036-1037-1038-1039-1040-1041-1042-1112-1113-1114-1115-1116-203
[2026-08-11 17:00:11.334505] [INFO] [path_server] 노드 업데이트 : [1036] ➜ [1037]
[2026-08-11 17:00:11.394363] [INFO] [path_server] 새로운 경로 설정 : path[1036 ➜ 203] time[0s] dist[18m] list[13] : 1036-1037-1038-1039-1040-1041-1042-1112-1113-1114-1115-1116-203
[2026-08-11 17:00:12.092996] [INFO] [path_server] 노드 업데이트 : [1037] ➜ [1038]
[2026-08-11 17:00:12.172855] [INFO] [path_server] 새로운 경로 설정 : path[1037 ➜ 203] time[0s] dist[16.5m] list[12] : 1037-1038-1039-1040-1041-1042-1112-1113-1114-1115-1116-203
[2026-08-11 17:00:12.851449] [INFO] [path_server] 노드 업데이트 : [1038] ➜ [1039]
[2026-08-11 17:00:12.931393] [INFO] [path_server] 새로운 경로 설정 : path[1038 ➜ 203] time[0s] dist[15m] list[11] : 1038-1039-1040-1041-1042-1112-1113-1114-1115-1116-203
[2026-08-11 17:00:13.590045] [INFO] [path_server] 노드 업데이트 : [1039] ➜ [1040]
[2026-08-11 17:00:13.669909] [INFO] [path_server] 새로운 경로 설정 : path[1039 ➜ 203] time[0s] dist[13.5m] list[10] : 1039-1040-1041-1042-1112-1113-1114-1115-1116-203
[2026-08-11 17:00:14.348630] [INFO] [path_server] 노드 업데이트 : [1040] ➜ [1041]
[2026-08-11 17:00:14.428498] [INFO] [path_server] 새로운 경로 설정 : path[1040 ➜ 203] time[0s] dist[12m] list[9] : 1040-1041-1042-1112-1113-1114-1115-1116-203
[2026-08-11 17:00:15.087165] [INFO] [path_server] 노드 업데이트 : [1041] ➜ [1042]
[2026-08-11 17:00:15.147070] [INFO] [path_server] 새로운 경로 설정 : path[1041 ➜ 203] time[0s] dist[10.5m] list[8] : 1041-1042-1112-1113-1114-1115-1116-203
[2026-08-11 17:00:15.845658] [INFO] [path_server] 노드 업데이트 : [1042] ➜ [1112]
[2026-08-11 17:00:15.925498] [INFO] [path_server] 새로운 경로 설정 : path[1042 ➜ 203] time[0s] dist[9m] list[7] : 1042-1112-1113-1114-1115-1116-203
[2026-08-11 17:00:17.163220] [INFO] [path_server] 노드 업데이트 : [1112] ➜ [1113]
[2026-08-11 17:00:17.243064] [INFO] [path_server] 새로운 경로 설정 : path[1112 ➜ 203] time[0s] dist[7.5m] list[6] : 1112-1113-1114-1115-1116-203
[2026-08-11 17:00:20.516632] [INFO] [path_server] 노드 업데이트 : [1113] ➜ [1114]
[2026-08-11 17:00:20.596500] [INFO] [path_server] 새로운 경로 설정 : path[1113 ➜ 203] time[0s] dist[6m] list[5] : 1113-1114-1115-1116-203
[2026-08-11 17:00:21.654483] [INFO] [path_server] 노드 업데이트 : [1114] ➜ [1115]
[2026-08-11 17:00:21.734355] [INFO] [path_server] 새로운 경로 설정 : path[1114 ➜ 203] time[0s] dist[4.5m] list[4] : 1114-1115-1116-203
[2026-08-11 17:00:22.472888] [INFO] [path_server] 노드 업데이트 : [1115] ➜ [1116]
[2026-08-11 17:00:22.552792] [INFO] [path_server] 새로운 경로 설정 : path[1115 ➜ 203] time[0s] dist[3m] list[3] : 1115-1116-203
[2026-08-11 17:00:23.810559] [INFO] [path_server] 노드 업데이트 : [1116] ➜ [203]
[2026-08-11 17:00:23.890408] [INFO] [path_server] 새로운 경로 설정 : path[1116 ➜ 203] time[0s] dist[1.5m] list[2] : 1116-203
[2026-08-11 17:00:29.040127] [INFO] [path_server] 노드 업데이트 : [203] ➜ [-1]
[2026-08-11 17:00:31.954262] [INFO] [course_tracker] 목적지에서 각도 정렬 : [1.000m 5.500m 0.000°]
[2026-08-11 17:00:31.994169] [INFO] [path_server] 노드 업데이트 : [203] ➜ [-1]
[2026-08-11 17:00:32.014141] [INFO] [task::fsm] push_done
[2026-08-11 17:00:32.074029] [INFO] [task::fsm] idle
[2026-08-11 17:00:32.074037] [INFO] [course_manager] 코스 삭제
[2026-08-11 17:00:32.074040] [INFO] [path_server] 경로 삭제
[2026-08-11 17:00:45.648029] [INFO] [path_server] 새로운 경로 설정 : path[203 ➜ 102] time[0s] dist[21m] list[15] : 203-1116-1117-1118-1119-1120-1121-1122-1123-1179-1180-1181-1182-1183-102
[2026-08-11 17:00:50.538277] [INFO] [path_server] 노드 업데이트 : [1116] ➜ [1117]
[2026-08-11 17:00:50.618152] [INFO] [path_server] 새로운 경로 설정 : path[1116 ➜ 102] time[0s] dist[19.5m] list[14] : 1116-1117-1118-1119-1120-1121-1122-1123-1179-1180-1181-1182-1183-102
[2026-08-11 17:00:54.151142] [INFO] [path_server] 노드 업데이트 : [1117] ➜ [1118]
[2026-08-11 17:00:54.231066] [INFO] [path_server] 새로운 경로 설정 : path[1117 ➜ 102] time[0s] dist[18m] list[13] : 1117-1118-1119-1120-1121-1122-1123-1179-1180-1181-1182-1183-102
[2026-08-11 17:00:55.289094] [INFO] [path_server] 노드 업데이트 : [1118] ➜ [1119]
[2026-08-11 17:00:55.369009] [INFO] [path_server] 새로운 경로 설정 : path[1118 ➜ 102] time[0s] dist[16.5m] list[12] : 1118-1119-1120-1121-1122-1123-1179-1180-1181-1182-1183-102
[2026-08-11 17:00:56.107519] [INFO] [path_server] 노드 업데이트 : [1119] ➜ [1120]
[2026-08-11 17:00:56.167421] [INFO] [path_server] 새로운 경로 설정 : path[1119 ➜ 102] time[0s] dist[15m] list[11] : 1119-1120-1121-1122-1123-1179-1180-1181-1182-1183-102
[2026-08-11 17:00:56.965825] [INFO] [path_server] 노드 업데이트 : [1120] ➜ [1121]
[2026-08-11 17:00:57.045731] [INFO] [path_server] 새로운 경로 설정 : path[1120 ➜ 102] time[0s] dist[13.5m] list[10] : 1120-1121-1122-1123-1179-1180-1181-1182-1183-102
[2026-08-11 17:01:00.638526] [INFO] [path_server] 노드 업데이트 : [1121] ➜ [1122]
[2026-08-11 17:01:00.718399] [INFO] [path_server] 새로운 경로 설정 : path[1121 ➜ 102] time[0s] dist[12m] list[9] : 1121-1122-1123-1179-1180-1181-1182-1183-102
[2026-08-11 17:01:01.995777] [INFO] [path_server] 노드 업데이트 : [1122] ➜ [1123]
[2026-08-11 17:01:02.075687] [INFO] [path_server] 새로운 경로 설정 : path[1122 ➜ 102] time[0s] dist[10.5m] list[8] : 1122-1123-1179-1180-1181-1182-1183-102
[2026-08-11 17:01:03.053932] [INFO] [path_server] 노드 업데이트 : [1123] ➜ [1179]
[2026-08-11 17:01:03.113829] [INFO] [path_server] 새로운 경로 설정 : path[1123 ➜ 102] time[0s] dist[9m] list[7] : 1123-1179-1180-1181-1182-1183-102
[2026-08-11 17:01:06.367714] [INFO] [path_server] 노드 업데이트 : [1179] ➜ [1180]
[2026-08-11 17:01:06.447631] [INFO] [path_server] 새로운 경로 설정 : path[1179 ➜ 102] time[0s] dist[7.5m] list[6] : 1179-1180-1181-1182-1183-102
[2026-08-11 17:01:07.605376] [INFO] [path_server] 노드 업데이트 : [1180] ➜ [1181]
[2026-08-11 17:01:07.685299] [INFO] [path_server] 새로운 경로 설정 : path[1180 ➜ 102] time[0s] dist[6m] list[5] : 1180-1181-1182-1183-102
[2026-08-11 17:01:08.483820] [INFO] [path_server] 노드 업데이트 : [1181] ➜ [1182]
[2026-08-11 17:01:08.543682] [INFO] [path_server] 새로운 경로 설정 : path[1181 ➜ 102] time[0s] dist[4.5m] list[4] : 1181-1182-1183-102
[2026-08-11 17:01:09.242251] [INFO] [path_server] 노드 업데이트 : [1182] ➜ [1183]
[2026-08-11 17:01:09.322082] [INFO] [path_server] 새로운 경로 설정 : path[1182 ➜ 102] time[0s] dist[3m] list[3] : 1182-1183-102
[2026-08-11 17:01:10.539642] [INFO] [path_server] 노드 업데이트 : [1183] ➜ [102]
[2026-08-11 17:01:10.619547] [INFO] [path_server] 새로운 경로 설정 : path[1183 ➜ 102] time[0s] dist[1.5m] list[2] : 1183-102
[2026-08-11 17:01:15.749380] [INFO] [path_server] 노드 업데이트 : [102] ➜ [-1]
[2026-08-11 17:01:18.644477] [INFO] [course_tracker] 목적지에서 각도 정렬 : [5.500m 7.000m 0.000°]
[2026-08-11 17:01:18.684408] [INFO] [path_server] 노드 업데이트 : [102] ➜ [-1]
[2026-08-11 17:01:18.704344] [INFO] [task::fsm] push_done
[2026-08-11 17:01:18.764238] [INFO] [task::fsm] charging
[2026-08-11 17:01:18.764247] [INFO] [power_system] 충전 프로세스 시작
[2026-08-11 17:01:18.764281] [INFO] [health_monitor] [등록][100015, 100001] : 자동 충전 시작.
[2026-08-11 17:01:23.774398] [INFO] [health_monitor] [삭제][100015, 100001] : 자동 충전 시작.
[2026-08-11 17:01:37.047501] [INFO] [power_system] 충전 완료
[2026-08-11 17:01:37.047519] [INFO] [health_monitor] [등록][100015, 100002] : 배터리 가득.
[2026-08-11 17:01:37.047521] [INFO] [health_monitor] [등록][100015, 100003] : 자동 충전 해제 시작.
[2026-08-11 17:01:38.544494] [INFO] [path_server] 새로운 경로 설정 : path[102 ➜ 203] time[0s] dist[18m] list[13] : 102-1183-1184-1045-1040-1041-1042-1112-1113-1114-1115-1116-203
[2026-08-11 17:01:42.057313] [INFO] [health_monitor] [삭제][100015, 100002] : 배터리 가득.
[2026-08-11 17:01:42.057320] [INFO] [health_monitor] [삭제][100015, 100003] : 자동 충전 해제 시작.
[2026-08-11 17:01:45.710383] [INFO] [path_server] 노드 업데이트 : [1183] ➜ [1184]
[2026-08-11 17:01:45.790232] [INFO] [path_server] 새로운 경로 설정 : path[1183 ➜ 203] time[0s] dist[16.5m] list[12] : 1183-1184-1045-1040-1041-1042-1112-1113-1114-1115-1116-203
[2026-08-11 17:01:49.323171] [INFO] [path_server] 노드 업데이트 : [1184] ➜ [1045]
[2026-08-11 17:01:49.383074] [INFO] [path_server] 새로운 경로 설정 : path[1184 ➜ 203] time[0s] dist[15m] list[11] : 1184-1045-1040-1041-1042-1112-1113-1114-1115-1116-203
[2026-08-11 17:01:50.461065] [INFO] [path_server] 노드 업데이트 : [1045] ➜ [1040]
[2026-08-11 17:01:50.520981] [INFO] [path_server] 새로운 경로 설정 : path[1045 ➜ 203] time[0s] dist[13.5m] list[10] : 1045-1040-1041-1042-1112-1113-1114-1115-1116-203
[2026-08-11 17:01:51.798342] [INFO] [path_server] 노드 업데이트 : [1040] ➜ [1041]
[2026-08-11 17:01:51.878255] [INFO] [path_server] 새로운 경로 설정 : path[1040 ➜ 203] time[0s] dist[12m] list[9] : 1040-1041-1042-1112-1113-1114-1115-1116-203
[2026-08-11 17:01:55.191563] [INFO] [path_server] 노드 업데이트 : [1041] ➜ [1042]
[2026-08-11 17:01:55.271503] [INFO] [path_server] 새로운 경로 설정 : path[1041 ➜ 203] time[0s] dist[10.5m] list[8] : 1041-1042-1112-1113-1114-1115-1116-203
[2026-08-11 17:01:56.309337] [INFO] [path_server] 노드 업데이트 : [1042] ➜ [1112]
[2026-08-11 17:01:56.369239] [INFO] [path_server] 새로운 경로 설정 : path[1042 ➜ 203] time[0s] dist[9m] list[7] : 1042-1112-1113-1114-1115-1116-203
[2026-08-11 17:01:57.646710] [INFO] [path_server] 노드 업데이트 : [1112] ➜ [1113]
[2026-08-11 17:01:57.726619] [INFO] [path_server] 새로운 경로 설정 : path[1112 ➜ 203] time[0s] dist[7.5m] list[6] : 1112-1113-1114-1115-1116-203
[2026-08-11 17:02:00.979967] [INFO] [path_server] 노드 업데이트 : [1113] ➜ [1114]
[2026-08-11 17:02:01.039913] [INFO] [path_server] 새로운 경로 설정 : path[1113 ➜ 203] time[0s] dist[6m] list[5] : 1113-1114-1115-1116-203
[2026-08-11 17:02:02.098140] [INFO] [path_server] 노드 업데이트 : [1114] ➜ [1115]
[2026-08-11 17:02:02.177998] [INFO] [path_server] 새로운 경로 설정 : path[1114 ➜ 203] time[0s] dist[4.5m] list[4] : 1114-1115-1116-203
[2026-08-11 17:02:02.936581] [INFO] [path_server] 노드 업데이트 : [1115] ➜ [1116]
[2026-08-11 17:02:03.016480] [INFO] [path_server] 새로운 경로 설정 : path[1115 ➜ 203] time[0s] dist[3m] list[3] : 1115-1116-203
[2026-08-11 17:02:04.234219] [INFO] [path_server] 노드 업데이트 : [1116] ➜ [203]
[2026-08-11 17:02:04.314128] [INFO] [path_server] 새로운 경로 설정 : path[1116 ➜ 203] time[0s] dist[1.5m] list[2] : 1116-203
[2026-08-11 17:02:09.464924] [INFO] [path_server] 노드 업데이트 : [203] ➜ [-1]
[2026-08-11 17:02:12.359099] [INFO] [course_tracker] 목적지에서 각도 정렬 : [1.000m 5.500m 0.000°]
[2026-08-11 17:02:12.399062] [INFO] [path_server] 노드 업데이트 : [203] ➜ [-1]
[2026-08-11 17:02:12.418965] [INFO] [task::fsm] push_done
[2026-08-11 17:02:12.458943] [INFO] [task::fsm] idle
[2026-08-11 17:02:12.458951] [INFO] [path_server] 경로 삭제
[2026-08-11 17:02:12.458949] [INFO] [course_manager] 코스 삭제
[2026-08-11 17:03:34.355552] [INFO] [framework] 프로그램 시작
[2026-08-11 17:03:34.355559] [WARNING] [framework] 프로그램 시작
[2026-08-11 17:03:34.355561] [CRITICAL] [framework] 프로그램 시작
[2026-08-11 17:03:34.355748] [INFO] [framework] ID[0, 1], 이름[김첫째], 제어주기[20ms], 버젼[], 장소[우리집], 환경모드[simulation]
[2026-08-11 17:03:34.355792] [INFO] [mediator] 생성
[2026-08-11 17:03:34.355815] [INFO] [graph_manager] 생성
[2026-08-11 17:03:34.355562] [INFO] [framework] 설정 파일 위치 : ../configs/robot_1
[2026-08-11 17:03:34.395226] [INFO] [stop_server] 생성
[2026-08-11 17:03:34.395240] [INFO] [health_monitor] 생성
[2026-08-11 17:03:34.395276] [INFO] [path_server] 생성
[2026-08-11 17:03:34.395287] [INFO] [course_manager] 생성
[2026-08-11 17:03:34.395297] [INFO] [task::fsm] 생성
[2026-08-11 17:03:34.395298] [INFO] [task::fsm] idle
[2026-08-11 17:03:34.395299] [INFO] [course_manager] 코스 삭제
[2026-08-11 17:03:34.395299] [INFO] [path_server] 경로 삭제
[2026-08-11 17:03:34.395316] [INFO] [task_manager] 생성
[2026-08-11 17:03:34.395415] [INFO] [mediator] connectors 생성
[2026-08-11 17:03:34.395435] [INFO] [fms] 생성
[2026-08-11 17:03:34.395437] [INFO] [fms] 통신 드라이버 생성
[2026-08-11 17:03:34.396019] [INFO] [joystick] 생성
[2026-08-11 17:03:34.396208] [INFO] [motions] 생성
[2026-08-11 17:03:34.396225] [INFO] [localizers] 생성
[2026-08-11 17:03:34.396310] [INFO] [localizers] 파라미터 : 

[2026-08-11 17:03:34.396325] [INFO] [safety_plc] 생성
[2026-08-11 17:03:34.396339] [INFO] [load_handler] 생성
[2026-08-11 17:03:34.396353] [INFO] [power_system] 생성
[2026-08-11 17:03:34.396456] [INFO] [power_system] 설정 정보 : remaining[40%, 10%, 5%]
[2026-08-11 17:03:34.396854] [INFO] [power_system] 알람 목록 : 
 • [100015, 100001] [INFO] 자동 충전 시작.
 • [100015, 100002] [INFO] 배터리 가득.
 • [100015, 400001] [CRIT] 배터리 남은 양 - 위험
 • [100015, 300001] [ERROR] 배터리 남은 양 - 에러
 • [100015, 200001] [WARN] 배터리 남은 양 - 주의
 • [100015, 100004] [INFO] 자동 충전 해제 완료.
 • [100015, 100003] [INFO] 자동 충전 해제 시작.
[2026-08-11 17:03:34.396860] [INFO] [mediator] any map 등록
[2026-08-11 17:03:34.396857] [INFO] [mediator] connector 의존성 주입
[2026-08-11 17:03:34.396871] [INFO] [mediator] any collector 목록 검사
[2026-08-11 17:03:34.396868] [INFO] [mediator] any collector 등록
[2026-08-11 17:03:34.396911] [INFO] [framework] after init 실행
[2026-08-11 17:03:34.397167] [INFO] [course_tracker] 생성
[2026-08-11 17:03:34.397183] [INFO] [course_tracker] 파라미터 : 
◈ node_bound[0.030m, 0.150m, 0.005m]
 • approach[0.150m, 0.050m/s, -0.005m, -0.200m, 0.100m]
 • align[(10.000°, 5.000°/s), 50.000°, 30.000°/s), 0.800°, -0.100°]
◈ motion param : 
 • reference_angle[0.000°, 45.000°]
 • threshold_angle[15.000°, 20.000°, 170.000°]
 • threshold_error[0.300°, 5.000°]
 • normal[0.150m/s, 8.000, 0.800m/s, 0.500]
 • angle[0.150m/s, 1.500, 0.800m/s, 2.100]
 • protection_overshoot[0.100m/s, 0.900, 0.500m/s, 0.900]
 • speed_rotation[15.000°/s]
[2026-08-11 17:03:34.397186] [INFO] [framework] 제어 쓰레드 시작
[2026-08-11 17:03:34.397224] [INFO] [path_server] 노드 초기화 성공 : 로봇 좌표[1.004m 5.501m 179.227°] 최단 거리 노드[203] 거리(0.004202m)
[2026-08-11 17:04:15.479719] [INFO] [path_server] 새로운 경로 설정 : path[203 ➜ 111] time[0s] dist[45m] list[31] : 203-1116-1117-1118-1119-1120-1121-1122-1123-1179-1180-1181-1182-1183-1184-1045-1046-1047-1048-1001-1002-1003-1004-1005-1006-1021-1022-1007-1167-1168-111
[2026-08-11 17:04:20.390187] [INFO] [path_server] 노드 업데이트 : [1116] ➜ [1117]
[2026-08-11 17:04:20.450115] [INFO] [path_server] 새로운 경로 설정 : path[1116 ➜ 111] time[0s] dist[43.5m] list[30] : 1116-1117-1118-1119-1120-1121-1122-1123-1179-1180-1181-1182-1183-1184-1045-1046-1047-1048-1001-1002-1003-1004-1005-1006-1021-1022-1007-1167-1168-111
[2026-08-11 17:04:24.023285] [INFO] [path_server] 노드 업데이트 : [1117] ➜ [1118]
[2026-08-11 17:04:24.083252] [INFO] [path_server] 새로운 경로 설정 : path[1117 ➜ 111] time[0s] dist[42m] list[29] : 1117-1118-1119-1120-1121-1122-1123-1179-1180-1181-1182-1183-1184-1045-1046-1047-1048-1001-1002-1003-1004-1005-1006-1021-1022-1007-1167-1168-111
[2026-08-11 17:04:25.141203] [INFO] [path_server] 노드 업데이트 : [1118] ➜ [1119]
[2026-08-11 17:04:25.221103] [INFO] [path_server] 새로운 경로 설정 : path[1118 ➜ 111] time[0s] dist[40.5m] list[28] : 1118-1119-1120-1121-1122-1123-1179-1180-1181-1182-1183-1184-1045-1046-1047-1048-1001-1002-1003-1004-1005-1006-1021-1022-1007-1167-1168-111
[2026-08-11 17:04:25.959626] [INFO] [path_server] 노드 업데이트 : [1119] ➜ [1120]
[2026-08-11 17:04:26.039644] [INFO] [path_server] 새로운 경로 설정 : path[1119 ➜ 111] time[0s] dist[39m] list[27] : 1119-1120-1121-1122-1123-1179-1180-1181-1182-1183-1184-1045-1046-1047-1048-1001-1002-1003-1004-1005-1006-1021-1022-1007-1167-1168-111
[2026-08-11 17:04:26.818068] [INFO] [path_server] 노드 업데이트 : [1120] ➜ [1121]
[2026-08-11 17:04:26.897962] [INFO] [path_server] 새로운 경로 설정 : path[1120 ➜ 111] time[0s] dist[37.5m] list[26] : 1120-1121-1122-1123-1179-1180-1181-1182-1183-1184-1045-1046-1047-1048-1001-1002-1003-1004-1005-1006-1021-1022-1007-1167-1168-111
[2026-08-11 17:04:30.491160] [INFO] [path_server] 노드 업데이트 : [1121] ➜ [1122]
[2026-08-11 17:04:30.551087] [INFO] [path_server] 새로운 경로 설정 : path[1121 ➜ 111] time[0s] dist[36m] list[25] : 1121-1122-1123-1179-1180-1181-1182-1183-1184-1045-1046-1047-1048-1001-1002-1003-1004-1005-1006-1021-1022-1007-1167-1168-111
[2026-08-11 17:04:31.848383] [INFO] [path_server] 노드 업데이트 : [1122] ➜ [1123]
[2026-08-11 17:04:31.928269] [INFO] [path_server] 새로운 경로 설정 : path[1122 ➜ 111] time[0s] dist[34.5m] list[24] : 1122-1123-1179-1180-1181-1182-1183-1184-1045-1046-1047-1048-1001-1002-1003-1004-1005-1006-1021-1022-1007-1167-1168-111
[2026-08-11 17:04:32.906271] [INFO] [path_server] 노드 업데이트 : [1123] ➜ [1179]
[2026-08-11 17:04:32.986199] [INFO] [path_server] 새로운 경로 설정 : path[1123 ➜ 111] time[0s] dist[33m] list[23] : 1123-1179-1180-1181-1182-1183-1184-1045-1046-1047-1048-1001-1002-1003-1004-1005-1006-1021-1022-1007-1167-1168-111
[2026-08-11 17:04:36.219934] [INFO] [path_server] 노드 업데이트 : [1179] ➜ [1180]
[2026-08-11 17:04:36.279839] [INFO] [path_server] 새로운 경로 설정 : path[1179 ➜ 111] time[0s] dist[31.5m] list[22] : 1179-1180-1181-1182-1183-1184-1045-1046-1047-1048-1001-1002-1003-1004-1005-1006-1021-1022-1007-1167-1168-111
[2026-08-11 17:04:37.457385] [INFO] [path_server] 노드 업데이트 : [1180] ➜ [1181]
[2026-08-11 17:04:37.537279] [INFO] [path_server] 새로운 경로 설정 : path[1180 ➜ 111] time[0s] dist[30m] list[21] : 1180-1181-1182-1183-1184-1045-1046-1047-1048-1001-1002-1003-1004-1005-1006-1021-1022-1007-1167-1168-111
[2026-08-11 17:04:38.335538] [INFO] [path_server] 노드 업데이트 : [1181] ➜ [1182]
[2026-08-11 17:04:38.415457] [INFO] [path_server] 새로운 경로 설정 : path[1181 ➜ 111] time[0s] dist[28.5m] list[20] : 1181-1182-1183-1184-1045-1046-1047-1048-1001-1002-1003-1004-1005-1006-1021-1022-1007-1167-1168-111
[2026-08-11 17:04:39.094251] [INFO] [path_server] 노드 업데이트 : [1182] ➜ [1183]
[2026-08-11 17:04:39.154186] [INFO] [path_server] 새로운 경로 설정 : path[1182 ➜ 111] time[0s] dist[27m] list[19] : 1182-1183-1184-1045-1046-1047-1048-1001-1002-1003-1004-1005-1006-1021-1022-1007-1167-1168-111
[2026-08-11 17:04:39.832694] [INFO] [path_server] 노드 업데이트 : [1183] ➜ [1184]
[2026-08-11 17:04:39.912646] [INFO] [path_server] 새로운 경로 설정 : path[1183 ➜ 111] time[0s] dist[25.5m] list[18] : 1183-1184-1045-1046-1047-1048-1001-1002-1003-1004-1005-1006-1021-1022-1007-1167-1168-111
[2026-08-11 17:04:40.591178] [INFO] [path_server] 노드 업데이트 : [1184] ➜ [1045]
[2026-08-11 17:04:40.651077] [INFO] [path_server] 새로운 경로 설정 : path[1184 ➜ 111] time[0s] dist[24m] list[17] : 1184-1045-1046-1047-1048-1001-1002-1003-1004-1005-1006-1021-1022-1007-1167-1168-111
[2026-08-11 17:04:41.908472] [INFO] [path_server] 노드 업데이트 : [1045] ➜ [1046]
[2026-08-11 17:04:41.968372] [INFO] [path_server] 새로운 경로 설정 : path[1045 ➜ 111] time[0s] dist[22.5m] list[16] : 1045-1046-1047-1048-1001-1002-1003-1004-1005-1006-1021-1022-1007-1167-1168-111
[2026-08-11 17:04:45.281594] [INFO] [path_server] 노드 업데이트 : [1046] ➜ [1047]
[2026-08-11 17:04:45.361540] [INFO] [path_server] 새로운 경로 설정 : path[1046 ➜ 111] time[0s] dist[21m] list[15] : 1046-1047-1048-1001-1002-1003-1004-1005-1006-1021-1022-1007-1167-1168-111
[2026-08-11 17:04:46.399388] [INFO] [path_server] 노드 업데이트 : [1047] ➜ [1048]
[2026-08-11 17:04:46.459305] [INFO] [path_server] 새로운 경로 설정 : path[1047 ➜ 111] time[0s] dist[19.5m] list[14] : 1047-1048-1001-1002-1003-1004-1005-1006-1021-1022-1007-1167-1168-111
[2026-08-11 17:04:47.217755] [INFO] [path_server] 노드 업데이트 : [1048] ➜ [1001]
[2026-08-11 17:04:47.277648] [INFO] [path_server] 새로운 경로 설정 : path[1048 ➜ 111] time[0s] dist[18m] list[13] : 1048-1001-1002-1003-1004-1005-1006-1021-1022-1007-1167-1168-111
[2026-08-11 17:04:47.976382] [INFO] [path_server] 노드 업데이트 : [1001] ➜ [1002]
[2026-08-11 17:04:48.056243] [INFO] [path_server] 새로운 경로 설정 : path[1001 ➜ 111] time[0s] dist[16.5m] list[12] : 1001-1002-1003-1004-1005-1006-1021-1022-1007-1167-1168-111
[2026-08-11 17:04:48.734744] [INFO] [path_server] 노드 업데이트 : [1002] ➜ [1003]
[2026-08-11 17:04:48.814657] [INFO] [path_server] 새로운 경로 설정 : path[1002 ➜ 111] time[0s] dist[15m] list[11] : 1002-1003-1004-1005-1006-1021-1022-1007-1167-1168-111
[2026-08-11 17:04:49.473232] [INFO] [path_server] 노드 업데이트 : [1003] ➜ [1004]
[2026-08-11 17:04:49.553111] [INFO] [path_server] 새로운 경로 설정 : path[1003 ➜ 111] time[0s] dist[13.5m] list[10] : 1003-1004-1005-1006-1021-1022-1007-1167-1168-111
[2026-08-11 17:04:50.231597] [INFO] [path_server] 노드 업데이트 : [1004] ➜ [1005]
[2026-08-11 17:04:50.311507] [INFO] [path_server] 새로운 경로 설정 : path[1004 ➜ 111] time[0s] dist[12m] list[9] : 1004-1005-1006-1021-1022-1007-1167-1168-111
[2026-08-11 17:04:50.970093] [INFO] [path_server] 노드 업데이트 : [1005] ➜ [1006]
[2026-08-11 17:04:51.049946] [INFO] [path_server] 새로운 경로 설정 : path[1005 ➜ 111] time[0s] dist[10.5m] list[8] : 1005-1006-1021-1022-1007-1167-1168-111
[2026-08-11 17:04:51.728474] [INFO] [path_server] 노드 업데이트 : [1006] ➜ [1021]
[2026-08-11 17:04:51.808386] [INFO] [path_server] 새로운 경로 설정 : path[1006 ➜ 111] time[0s] dist[9m] list[7] : 1006-1021-1022-1007-1167-1168-111
[2026-08-11 17:04:52.486899] [INFO] [path_server] 노드 업데이트 : [1021] ➜ [1022]
[2026-08-11 17:04:52.546787] [INFO] [path_server] 새로운 경로 설정 : path[1021 ➜ 111] time[0s] dist[7.5m] list[6] : 1021-1022-1007-1167-1168-111
[2026-08-11 17:04:53.784033] [INFO] [path_server] 노드 업데이트 : [1022] ➜ [1007]
[2026-08-11 17:04:53.863893] [INFO] [path_server] 새로운 경로 설정 : path[1022 ➜ 111] time[0s] dist[6m] list[5] : 1022-1007-1167-1168-111
[2026-08-11 17:04:57.137341] [INFO] [path_server] 노드 업데이트 : [1007] ➜ [1167]
[2026-08-11 17:04:57.217184] [INFO] [path_server] 새로운 경로 설정 : path[1007 ➜ 111] time[0s] dist[4.5m] list[4] : 1007-1167-1168-111
[2026-08-11 17:04:58.274992] [INFO] [path_server] 노드 업데이트 : [1167] ➜ [1168]
[2026-08-11 17:04:58.354845] [INFO] [path_server] 새로운 경로 설정 : path[1167 ➜ 111] time[0s] dist[3m] list[3] : 1167-1168-111
[2026-08-11 17:04:59.692074] [INFO] [path_server] 노드 업데이트 : [1168] ➜ [111]
[2026-08-11 17:04:59.771932] [INFO] [path_server] 새로운 경로 설정 : path[1168 ➜ 111] time[0s] dist[1.5m] list[2] : 1168-111
[2026-08-11 17:05:05.201059] [INFO] [path_server] 노드 업데이트 : [111] ➜ [-1]
[2026-08-11 17:05:08.095345] [INFO] [course_tracker] 목적지에서 각도 정렬 : [22.000m 14.500m 0.000°]
[2026-08-11 17:05:08.135262] [INFO] [path_server] 노드 업데이트 : [111] ➜ [-1]
[2026-08-11 17:05:08.155223] [INFO] [task::fsm] push_done
[2026-08-11 17:05:08.215104] [INFO] [task::fsm] charging
[2026-08-11 17:05:08.215129] [INFO] [health_monitor] [등록][100015, 100001] : 자동 충전 시작.
[2026-08-11 17:05:08.215113] [INFO] [power_system] 충전 프로세스 시작
[2026-08-11 17:05:13.225033] [INFO] [health_monitor] [삭제][100015, 100001] : 자동 충전 시작.
[2026-08-11 17:05:29.357007] [INFO] [power_system] 충전 완료
[2026-08-11 17:05:29.357025] [INFO] [health_monitor] [등록][100015, 100003] : 자동 충전 해제 시작.
[2026-08-11 17:05:29.357022] [INFO] [health_monitor] [등록][100015, 100002] : 배터리 가득.
[2026-08-11 17:05:34.366562] [INFO] [health_monitor] [삭제][100015, 100002] : 배터리 가득.
[2026-08-11 17:05:34.366568] [INFO] [health_monitor] [삭제][100015, 100003] : 자동 충전 해제 시작.
[2026-08-11 17:05:34.386557] [INFO] [power_system] 충전 해제 완료
[2026-08-11 17:05:34.386569] [INFO] [health_monitor] [등록][100015, 100004] : 자동 충전 해제 완료.
[2026-08-11 17:05:34.406518] [INFO] [task::fsm] discharging
[2026-08-11 17:05:34.406525] [INFO] [power_system] 충전 해제 프로세스 시작
[2026-08-11 17:05:34.406536] [INFO] [health_monitor] [등록][100015, 100003] : 자동 충전 해제 시작.
[2026-08-11 17:05:34.426429] [INFO] [task::fsm] idle
[2026-08-11 17:05:34.426434] [INFO] [course_manager] 코스 삭제
[2026-08-11 17:05:34.426436] [INFO] [path_server] 경로 삭제
[2026-08-11 17:05:34.466414] [INFO] [task::fsm] idle
[2026-08-11 17:05:34.466426] [INFO] [path_server] 경로 삭제
[2026-08-11 17:05:34.466423] [INFO] [course_manager] 코스 삭제
[2026-08-11 17:05:39.396520] [INFO] [health_monitor] [삭제][100015, 100004] : 자동 충전 해제 완료.
[2026-08-11 17:05:39.416470] [INFO] [health_monitor] [삭제][100015, 100003] : 자동 충전 해제 시작.
[2026-08-11 17:07:29.480687] [INFO] [task::fsm] charging
[2026-08-11 17:07:29.480696] [INFO] [power_system] 충전 프로세스 시작
[2026-08-11 17:07:29.480711] [INFO] [health_monitor] [등록][100015, 100001] : 자동 충전 시작.
[2026-08-11 17:07:34.490979] [INFO] [health_monitor] [삭제][100015, 100001] : 자동 충전 시작.
[2026-08-11 17:07:42.854277] [INFO] [power_system] 충전 완료
[2026-08-11 17:07:42.854293] [INFO] [health_monitor] [등록][100015, 100002] : 배터리 가득.
[2026-08-11 17:07:42.854297] [INFO] [health_monitor] [등록][100015, 100003] : 자동 충전 해제 시작.
[2026-08-11 17:07:47.864467] [INFO] [health_monitor] [삭제][100015, 100002] : 배터리 가득.
[2026-08-11 17:07:47.864475] [INFO] [health_monitor] [삭제][100015, 100003] : 자동 충전 해제 시작.
[2026-08-11 17:07:47.884360] [INFO] [power_system] 충전 해제 완료
[2026-08-11 17:07:47.884369] [INFO] [health_monitor] [등록][100015, 100004] : 자동 충전 해제 완료.
[2026-08-11 17:07:47.904364] [INFO] [task::fsm] discharging
[2026-08-11 17:07:47.904380] [INFO] [health_monitor] [등록][100015, 100003] : 자동 충전 해제 시작.
[2026-08-11 17:07:47.904372] [INFO] [power_system] 충전 해제 프로세스 시작
[2026-08-11 17:07:47.924318] [INFO] [task::fsm] idle
[2026-08-11 17:07:47.924325] [INFO] [path_server] 경로 삭제
[2026-08-11 17:07:47.924323] [INFO] [course_manager] 코스 삭제
[2026-08-11 17:07:47.964249] [INFO] [task::fsm] idle
[2026-08-11 17:07:47.964259] [INFO] [path_server] 경로 삭제
[2026-08-11 17:07:47.964256] [INFO] [course_manager] 코스 삭제
[2026-08-11 17:07:52.894104] [INFO] [health_monitor] [삭제][100015, 100004] : 자동 충전 해제 완료.
[2026-08-11 17:07:52.914094] [INFO] [health_monitor] [삭제][100015, 100003] : 자동 충전 해제 시작.
[2026-08-11 17:09:42.960700] [INFO] [task::fsm] charging
[2026-08-11 17:09:42.960709] [INFO] [power_system] 충전 프로세스 시작
[2026-08-11 17:09:42.960735] [INFO] [health_monitor] [등록][100015, 100001] : 자동 충전 시작.
[2026-08-11 17:09:47.970827] [INFO] [health_monitor] [삭제][100015, 100001] : 자동 충전 시작.
[2026-08-11 17:09:56.334276] [INFO] [health_monitor] [등록][100015, 100002] : 배터리 가득.
[2026-08-11 17:09:56.334279] [INFO] [health_monitor] [등록][100015, 100003] : 자동 충전 해제 시작.
[2026-08-11 17:09:56.334259] [INFO] [power_system] 충전 완료
[2026-08-11 17:10:01.344789] [INFO] [health_monitor] [삭제][100015, 100002] : 배터리 가득.
[2026-08-11 17:10:01.344797] [INFO] [health_monitor] [삭제][100015, 100003] : 자동 충전 해제 시작.
[2026-08-11 17:10:01.364806] [INFO] [power_system] 충전 해제 완료
[2026-08-11 17:10:01.364824] [INFO] [health_monitor] [등록][100015, 100004] : 자동 충전 해제 완료.
[2026-08-11 17:10:01.384712] [INFO] [task::fsm] discharging
[2026-08-11 17:10:01.384719] [INFO] [power_system] 충전 해제 프로세스 시작
[2026-08-11 17:10:01.384733] [INFO] [health_monitor] [등록][100015, 100003] : 자동 충전 해제 시작.
[2026-08-11 17:10:01.404722] [INFO] [task::fsm] idle
[2026-08-11 17:10:01.404731] [INFO] [course_manager] 코스 삭제
[2026-08-11 17:10:01.404733] [INFO] [path_server] 경로 삭제
[2026-08-11 17:10:01.424708] [INFO] [task::fsm] idle
[2026-08-11 17:10:01.424713] [INFO] [course_manager] 코스 삭제
[2026-08-11 17:10:01.424715] [INFO] [path_server] 경로 삭제
[2026-08-11 17:10:06.375294] [INFO] [health_monitor] [삭제][100015, 100004] : 자동 충전 해제 완료.
[2026-08-11 17:10:06.395255] [INFO] [health_monitor] [삭제][100015, 100003] : 자동 충전 해제 시작.
[2026-08-11 17:11:25.758590] [INFO] [task::fsm] idle
[2026-08-11 17:11:25.758596] [INFO] [course_manager] 코스 삭제
[2026-08-11 17:11:25.758599] [INFO] [path_server] 경로 삭제
[2026-08-11 17:11:56.439026] [INFO] [task::fsm] charging
[2026-08-11 17:11:56.439034] [INFO] [power_system] 충전 프로세스 시작
[2026-08-11 17:11:56.439048] [INFO] [health_monitor] [등록][100015, 100001] : 자동 충전 시작.
[2026-08-11 17:12:01.448984] [INFO] [health_monitor] [삭제][100015, 100001] : 자동 충전 시작.
[2026-08-11 17:12:09.812375] [INFO] [power_system] 충전 완료
[2026-08-11 17:12:09.812392] [INFO] [health_monitor] [등록][100015, 100002] : 배터리 가득.
[2026-08-11 17:12:09.812395] [INFO] [health_monitor] [등록][100015, 100003] : 자동 충전 해제 시작.
[2026-08-11 17:12:14.822233] [INFO] [health_monitor] [삭제][100015, 100002] : 배터리 가득.
[2026-08-11 17:12:14.822238] [INFO] [health_monitor] [삭제][100015, 100003] : 자동 충전 해제 시작.
[2026-08-11 17:12:14.842224] [INFO] [power_system] 충전 해제 완료
[2026-08-11 17:12:14.842236] [INFO] [health_monitor] [등록][100015, 100004] : 자동 충전 해제 완료.
[2026-08-11 17:12:14.862156] [INFO] [task::fsm] discharging
[2026-08-11 17:12:14.862163] [INFO] [power_system] 충전 해제 프로세스 시작
[2026-08-11 17:12:14.862172] [INFO] [health_monitor] [등록][100015, 100003] : 자동 충전 해제 시작.
[2026-08-11 17:12:14.882091] [INFO] [task::fsm] idle
[2026-08-11 17:12:14.882099] [INFO] [course_manager] 코스 삭제
[2026-08-11 17:12:14.882101] [INFO] [path_server] 경로 삭제
[2026-08-11 17:12:14.922056] [INFO] [task::fsm] idle
[2026-08-11 17:12:14.922063] [INFO] [course_manager] 코스 삭제
[2026-08-11 17:12:14.922065] [INFO] [path_server] 경로 삭제
[2026-08-11 17:12:19.852102] [INFO] [health_monitor] [삭제][100015, 100004] : 자동 충전 해제 완료.
[2026-08-11 17:12:19.872110] [INFO] [health_monitor] [삭제][100015, 100003] : 자동 충전 해제 시작.
[2026-08-11 17:24:37.810910] [INFO] [framework] 프로그램 시작
[2026-08-11 17:24:37.810916] [WARNING] [framework] 프로그램 시작
[2026-08-11 17:24:37.810919] [CRITICAL] [framework] 프로그램 시작
[2026-08-11 17:24:37.810919] [INFO] [framework] 설정 파일 위치 : ../configs/robot_1
[2026-08-11 17:24:37.811104] [INFO] [framework] ID[0, 1], 이름[김첫째], 제어주기[20ms], 버젼[], 장소[우리집], 환경모드[simulation]
[2026-08-11 17:24:37.811141] [INFO] [mediator] 생성
[2026-08-11 17:24:37.811185] [INFO] [graph_manager] 생성
[2026-08-11 17:24:37.860553] [INFO] [stop_server] 생성
[2026-08-11 17:24:37.860578] [INFO] [health_monitor] 생성
[2026-08-11 17:24:37.860599] [INFO] [path_server] 생성
[2026-08-11 17:24:37.860616] [INFO] [course_manager] 생성
[2026-08-11 17:24:37.860632] [INFO] [task::fsm] 생성
[2026-08-11 17:24:37.860632] [INFO] [task::fsm] idle
[2026-08-11 17:24:37.860633] [INFO] [course_manager] 코스 삭제
[2026-08-11 17:24:37.860633] [INFO] [path_server] 경로 삭제
[2026-08-11 17:24:37.860649] [INFO] [task_manager] 생성
[2026-08-11 17:24:37.860790] [INFO] [mediator] connectors 생성
[2026-08-11 17:24:37.860810] [INFO] [fms] 생성
[2026-08-11 17:24:37.860811] [INFO] [fms] 통신 드라이버 생성
[2026-08-11 17:24:37.861095] [INFO] [joystick] 생성
[2026-08-11 17:24:37.861398] [INFO] [motions] 생성
[2026-08-11 17:24:37.861425] [INFO] [localizers] 생성
[2026-08-11 17:24:37.862504] [INFO] [localizers] 파라미터 : 

[2026-08-11 17:24:37.862539] [INFO] [safety_plc] 생성
[2026-08-11 17:24:37.862560] [INFO] [load_handler] 생성
[2026-08-11 17:24:37.862578] [INFO] [power_system] 생성
[2026-08-11 17:24:37.862745] [INFO] [power_system] 설정 정보 : remaining[40%, 10%, 5%]
[2026-08-11 17:24:37.863872] [INFO] [power_system] 알람 목록 : 
 • [100015, 100001] [INFO] 자동 충전 시작.
 • [100015, 100002] [INFO] 배터리 가득.
 • [100015, 400001] [CRIT] 배터리 남은 양 - 위험
 • [100015, 300001] [ERROR] 배터리 남은 양 - 에러
 • [100015, 200001] [WARN] 배터리 남은 양 - 주의
 • [100015, 100004] [INFO] 자동 충전 해제 완료.
 • [100015, 100003] [INFO] 자동 충전 해제 시작.
[2026-08-11 17:24:37.863878] [INFO] [mediator] connector 의존성 주입
[2026-08-11 17:24:37.864302] [INFO] [mediator] any map 등록
[2026-08-11 17:24:37.864314] [INFO] [mediator] any collector 목록 검사
[2026-08-11 17:24:37.864405] [INFO] [framework] after init 실행
[2026-08-11 17:24:37.864311] [INFO] [mediator] any collector 등록
[2026-08-11 17:24:37.864911] [INFO] [course_tracker] 생성
[2026-08-11 17:24:37.864926] [INFO] [course_tracker] 파라미터 : 
◈ node_bound[0.030m, 0.150m, 0.005m]
 • approach[0.150m, 0.050m/s, -0.005m, -0.200m, 0.100m]
 • align[(10.000°, 5.000°/s), 50.000°, 30.000°/s), 0.800°, -0.100°]
◈ motion param : 
 • reference_angle[0.000°, 45.000°]
 • threshold_angle[15.000°, 20.000°, 170.000°]
 • threshold_error[0.300°, 5.000°]
 • normal[0.150m/s, 8.000, 0.800m/s, 0.500]
 • angle[0.150m/s, 1.500, 0.800m/s, 2.100]
 • protection_overshoot[0.100m/s, 0.900, 0.500m/s, 0.900]
 • speed_rotation[15.000°/s]
[2026-08-11 17:24:37.864929] [INFO] [framework] 제어 쓰레드 시작
[2026-08-11 17:24:37.864969] [ERROR] [path_server] 노드 초기화 실패 : 로봇 좌표[22.004m 14.498m -179.974°] 최단 거리 노드[1172] 거리(1.580218m)
[2026-08-11 17:26:43.229013] [INFO] [framework] 프로그램 시작
[2026-08-11 17:26:43.229017] [WARNING] [framework] 프로그램 시작
[2026-08-11 17:26:43.229019] [INFO] [framework] 설정 파일 위치 : ../configs/robot_1
[2026-08-11 17:26:43.229018] [CRITICAL] [framework] 프로그램 시작
[2026-08-11 17:26:43.229144] [INFO] [framework] ID[0, 1], 이름[김첫째], 제어주기[20ms], 버젼[], 장소[우리집], 환경모드[simulation]
[2026-08-11 17:26:43.229165] [INFO] [mediator] 생성
[2026-08-11 17:26:43.229181] [INFO] [graph_manager] 생성
[2026-08-11 17:26:43.259572] [INFO] [stop_server] 생성
[2026-08-11 17:26:43.259589] [INFO] [health_monitor] 생성
[2026-08-11 17:26:43.259621] [INFO] [path_server] 생성
[2026-08-11 17:26:43.259638] [INFO] [course_manager] 생성
[2026-08-11 17:26:43.259651] [INFO] [task::fsm] 생성
[2026-08-11 17:26:43.259652] [INFO] [task::fsm] idle
[2026-08-11 17:26:43.259660] [INFO] [path_server] 경로 삭제
[2026-08-11 17:26:43.259660] [INFO] [course_manager] 코스 삭제
[2026-08-11 17:26:43.259673] [INFO] [task_manager] 생성
[2026-08-11 17:26:43.259796] [INFO] [mediator] connectors 생성
[2026-08-11 17:26:43.259814] [INFO] [fms] 생성
[2026-08-11 17:26:43.259816] [INFO] [fms] 통신 드라이버 생성
[2026-08-11 17:26:43.260104] [INFO] [joystick] 생성
[2026-08-11 17:26:43.260391] [INFO] [motions] 생성
[2026-08-11 17:26:43.260411] [INFO] [localizers] 생성
[2026-08-11 17:26:43.260540] [INFO] [localizers] 파라미터 : 

[2026-08-11 17:26:43.260559] [INFO] [safety_plc] 생성
[2026-08-11 17:26:43.260574] [INFO] [load_handler] 생성
[2026-08-11 17:26:43.260597] [INFO] [power_system] 생성
[2026-08-11 17:26:43.260755] [INFO] [power_system] 설정 정보 : remaining[40%, 10%, 5%]
[2026-08-11 17:26:43.261198] [INFO] [power_system] 알람 목록 : 
 • [100015, 100001] [INFO] 자동 충전 시작.
 • [100015, 100002] [INFO] 배터리 가득.
 • [100015, 400001] [CRIT] 배터리 남은 양 - 위험
 • [100015, 300001] [ERROR] 배터리 남은 양 - 에러
 • [100015, 200001] [WARN] 배터리 남은 양 - 주의
 • [100015, 100004] [INFO] 자동 충전 해제 완료.
 • [100015, 100003] [INFO] 자동 충전 해제 시작.
[2026-08-11 17:26:43.261209] [INFO] [mediator] any map 등록
[2026-08-11 17:26:43.261201] [INFO] [mediator] connector 의존성 주입
[2026-08-11 17:26:43.261221] [INFO] [mediator] any collector 등록
[2026-08-11 17:26:43.261225] [INFO] [mediator] any collector 목록 검사
[2026-08-11 17:26:43.261273] [INFO] [framework] after init 실행
[2026-08-11 17:26:43.261537] [INFO] [course_tracker] 생성
[2026-08-11 17:26:43.261553] [INFO] [course_tracker] 파라미터 : 
◈ node_bound[0.030m, 0.150m, 0.005m]
 • approach[0.150m, 0.050m/s, -0.005m, -0.200m, 0.100m]
 • align[(10.000°, 5.000°/s), 50.000°, 30.000°/s), 0.800°, -0.100°]
◈ motion param : 
 • reference_angle[0.000°, 45.000°]
 • threshold_angle[15.000°, 20.000°, 170.000°]
 • threshold_error[0.300°, 5.000°]
 • normal[0.150m/s, 8.000, 0.800m/s, 0.500]
 • angle[0.150m/s, 1.500, 0.800m/s, 2.100]
 • protection_overshoot[0.100m/s, 0.900, 0.500m/s, 0.900]
 • speed_rotation[15.000°/s]
[2026-08-11 17:26:43.261557] [INFO] [framework] 제어 쓰레드 시작
[2026-08-11 17:26:43.261605] [ERROR] [path_server] 노드 초기화 실패 : 로봇 좌표[22.004m 14.498m -179.974°] 최단 거리 노드[1172] 거리(1.580218m)
[2026-08-11 17:27:18.492250] [INFO] [framework] 프로그램 시작
[2026-08-11 17:27:18.492255] [WARNING] [framework] 프로그램 시작
[2026-08-11 17:27:18.492255] [CRITICAL] [framework] 프로그램 시작
[2026-08-11 17:27:18.492256] [INFO] [framework] 설정 파일 위치 : ../configs/robot_1
[2026-08-11 17:27:18.492444] [INFO] [framework] ID[0, 1], 이름[김첫째], 제어주기[20ms], 버젼[], 장소[우리집], 환경모드[simulation]
[2026-08-11 17:27:18.492486] [INFO] [mediator] 생성
[2026-08-11 17:27:18.492511] [INFO] [graph_manager] 생성
[2026-08-11 17:27:18.542149] [INFO] [stop_server] 생성
[2026-08-11 17:27:18.542194] [INFO] [health_monitor] 생성
[2026-08-11 17:27:18.542226] [INFO] [path_server] 생성
[2026-08-11 17:27:18.542247] [INFO] [course_manager] 생성
[2026-08-11 17:27:18.542269] [INFO] [task::fsm] 생성
[2026-08-11 17:27:18.542270] [INFO] [task::fsm] idle
[2026-08-11 17:27:18.542284] [INFO] [course_manager] 코스 삭제
[2026-08-11 17:27:18.542290] [INFO] [path_server] 경로 삭제
[2026-08-11 17:27:18.542311] [INFO] [task_manager] 생성
[2026-08-11 17:27:18.542464] [INFO] [mediator] connectors 생성
[2026-08-11 17:27:18.542492] [INFO] [fms] 생성
[2026-08-11 17:27:18.542494] [INFO] [fms] 통신 드라이버 생성
[2026-08-11 17:27:18.542786] [INFO] [joystick] 생성
[2026-08-11 17:27:18.543162] [INFO] [motions] 생성
[2026-08-11 17:27:18.543190] [INFO] [localizers] 생성
[2026-08-11 17:27:18.543334] [INFO] [localizers] 파라미터 : 

[2026-08-11 17:27:18.543358] [INFO] [safety_plc] 생성
[2026-08-11 17:27:18.543379] [INFO] [load_handler] 생성
[2026-08-11 17:27:18.543400] [INFO] [power_system] 생성
[2026-08-11 17:27:18.543557] [INFO] [power_system] 설정 정보 : remaining[40%, 10%, 5%]
[2026-08-11 17:27:18.544206] [INFO] [power_system] 알람 목록 : 
 • [100015, 100001] [INFO] 자동 충전 시작.
 • [100015, 100002] [INFO] 배터리 가득.
 • [100015, 400001] [CRIT] 배터리 남은 양 - 위험
 • [100015, 300001] [ERROR] 배터리 남은 양 - 에러
 • [100015, 200001] [WARN] 배터리 남은 양 - 주의
 • [100015, 100004] [INFO] 자동 충전 해제 완료.
 • [100015, 100003] [INFO] 자동 충전 해제 시작.
[2026-08-11 17:27:18.544216] [INFO] [mediator] any map 등록
[2026-08-11 17:27:18.544224] [INFO] [mediator] any collector 등록
[2026-08-11 17:27:18.544228] [INFO] [mediator] any collector 목록 검사
[2026-08-11 17:27:18.544211] [INFO] [mediator] connector 의존성 주입
[2026-08-11 17:27:18.544294] [INFO] [framework] after init 실행
[2026-08-11 17:27:18.544654] [INFO] [course_tracker] 생성
[2026-08-11 17:27:18.544677] [INFO] [course_tracker] 파라미터 : 
◈ node_bound[0.030m, 0.150m, 0.005m]
 • approach[0.150m, 0.050m/s, -0.005m, -0.200m, 0.100m]
 • align[(10.000°, 5.000°/s), 50.000°, 30.000°/s), 0.800°, -0.100°]
◈ motion param : 
 • reference_angle[0.000°, 45.000°]
 • threshold_angle[15.000°, 20.000°, 170.000°]
 • threshold_error[0.300°, 5.000°]
 • normal[0.150m/s, 8.000, 0.800m/s, 0.500]
 • angle[0.150m/s, 1.500, 0.800m/s, 2.100]
 • protection_overshoot[0.100m/s, 0.900, 0.500m/s, 0.900]
 • speed_rotation[15.000°/s]
[2026-08-11 17:27:18.544680] [INFO] [framework] 제어 쓰레드 시작
[2026-08-11 17:27:18.544782] [INFO] [path_server] 노드 초기화 성공 : 로봇 좌표[9.489m 18.997m 90.045°] 최단 거리 노드[104] 거리(0.011735m)
[2026-08-11 17:27:37.745858] [INFO] [framework] 프로그램 시작
[2026-08-11 17:27:37.745873] [WARNING] [framework] 프로그램 시작
[2026-08-11 17:27:37.745876] [CRITICAL] [framework] 프로그램 시작
[2026-08-11 17:27:37.745877] [INFO] [framework] 설정 파일 위치 : ../configs/robot_1
[2026-08-11 17:27:55.411589] [INFO] [framework] 프로그램 시작
[2026-08-11 17:27:55.411597] [WARNING] [framework] 프로그램 시작
[2026-08-11 17:27:55.411598] [CRITICAL] [framework] 프로그램 시작
[2026-08-11 17:27:55.411599] [INFO] [framework] 설정 파일 위치 : ../configs/robot_1
[2026-08-11 17:27:55.411775] [INFO] [framework] ID[0, 1], 이름[김첫째], 제어주기[20ms], 버젼[], 장소[우리집], 환경모드[simulation]
[2026-08-11 17:27:55.411806] [INFO] [mediator] 생성
[2026-08-11 17:27:55.411833] [INFO] [graph_manager] 생성
[2026-08-11 17:27:55.461828] [INFO] [stop_server] 생성
[2026-08-11 17:27:55.461863] [INFO] [health_monitor] 생성
[2026-08-11 17:27:55.461883] [INFO] [path_server] 생성
[2026-08-11 17:27:55.461903] [INFO] [course_manager] 생성
[2026-08-11 17:27:55.461940] [INFO] [task::fsm] 생성
[2026-08-11 17:27:55.461941] [INFO] [task::fsm] idle
[2026-08-11 17:27:55.461943] [INFO] [course_manager] 코스 삭제
[2026-08-11 17:27:55.461944] [INFO] [path_server] 경로 삭제
[2026-08-11 17:27:55.461961] [INFO] [task_manager] 생성
[2026-08-11 17:27:55.462428] [INFO] [mediator] connectors 생성
[2026-08-11 17:27:55.462466] [INFO] [fms] 생성
[2026-08-11 17:27:55.462468] [INFO] [fms] 통신 드라이버 생성
[2026-08-11 17:27:55.462783] [INFO] [joystick] 생성
[2026-08-11 17:27:55.463094] [INFO] [motions] 생성
[2026-08-11 17:27:55.463123] [INFO] [localizers] 생성
[2026-08-11 17:27:55.463262] [INFO] [localizers] 파라미터 : 

[2026-08-11 17:27:55.463287] [INFO] [safety_plc] 생성
[2026-08-11 17:27:55.463323] [INFO] [load_handler] 생성
[2026-08-11 17:27:55.463345] [INFO] [power_system] 생성
[2026-08-11 17:27:55.463503] [INFO] [power_system] 설정 정보 : remaining[40%, 10%, 5%]
[2026-08-11 17:27:55.464134] [INFO] [power_system] 알람 목록 : 
 • [100015, 100001] [INFO] 자동 충전 시작.
 • [100015, 100002] [INFO] 배터리 가득.
 • [100015, 400001] [CRIT] 배터리 남은 양 - 위험
 • [100015, 300001] [ERROR] 배터리 남은 양 - 에러
 • [100015, 200001] [WARN] 배터리 남은 양 - 주의
 • [100015, 100004] [INFO] 자동 충전 해제 완료.
 • [100015, 100003] [INFO] 자동 충전 해제 시작.
[2026-08-11 17:27:55.464139] [INFO] [mediator] connector 의존성 주입
[2026-08-11 17:27:55.464152] [INFO] [mediator] any map 등록
[2026-08-11 17:27:55.464161] [INFO] [mediator] any collector 등록
[2026-08-11 17:27:55.464166] [INFO] [mediator] any collector 목록 검사
[2026-08-11 17:27:55.464518] [INFO] [framework] after init 실행
[2026-08-11 17:27:55.464935] [INFO] [course_tracker] 생성
[2026-08-11 17:27:55.464952] [INFO] [course_tracker] 파라미터 : 
◈ node_bound[0.030m, 0.150m, 0.005m]
 • approach[0.150m, 0.050m/s, -0.005m, -0.200m, 0.100m]
 • align[(10.000°, 5.000°/s), 50.000°, 30.000°/s), 0.800°, -0.100°]
◈ motion param : 
 • reference_angle[0.000°, 45.000°]
 • threshold_angle[15.000°, 20.000°, 170.000°]
 • threshold_error[0.300°, 5.000°]
 • normal[0.150m/s, 8.000, 0.800m/s, 0.500]
 • angle[0.150m/s, 1.500, 0.800m/s, 2.100]
 • protection_overshoot[0.100m/s, 0.900, 0.500m/s, 0.900]
 • speed_rotation[15.000°/s]
[2026-08-11 17:27:55.464956] [INFO] [framework] 제어 쓰레드 시작
[2026-08-11 17:27:55.465002] [INFO] [path_server] 노드 초기화 성공 : 로봇 좌표[9.489m 18.997m 90.045°] 최단 거리 노드[104] 거리(0.011735m)
[2026-08-11 17:28:18.741568] [INFO] [path_server] 새로운 경로 설정 : path[104 ➜ 3] time[0s] dist[37.6056m] list[23] : 104-1071-1072-1073-1074-1075-1076-1077-1078-1390-1391-1001-1002-1003-1004-1005-1006-1007-1008-1010-1014-1024-3
[2026-08-11 17:28:22.614339] [INFO] [path_server] 노드 업데이트 : [1071] ➜ [1072]
[2026-08-11 17:28:22.694216] [INFO] [path_server] 새로운 경로 설정 : path[1071 ➜ 3] time[0s] dist[36.1056m] list[22] : 1071-1072-1073-1074-1075-1076-1077-1078-1390-1391-1001-1002-1003-1004-1005-1006-1007-1008-1010-1014-1024-3
[2026-08-11 17:28:26.187377] [INFO] [path_server] 노드 업데이트 : [1072] ➜ [1073]
[2026-08-11 17:28:26.267229] [INFO] [path_server] 새로운 경로 설정 : path[1072 ➜ 3] time[0s] dist[34.6056m] list[21] : 1072-1073-1074-1075-1076-1077-1078-1390-1391-1001-1002-1003-1004-1005-1006-1007-1008-1010-1014-1024-3
[2026-08-11 17:28:27.325330] [INFO] [path_server] 노드 업데이트 : [1073] ➜ [1074]
[2026-08-11 17:28:27.405257] [INFO] [path_server] 새로운 경로 설정 : path[1073 ➜ 3] time[0s] dist[33.1056m] list[20] : 1073-1074-1075-1076-1077-1078-1390-1391-1001-1002-1003-1004-1005-1006-1007-1008-1010-1014-1024-3
[2026-08-11 17:28:28.143888] [INFO] [path_server] 노드 업데이트 : [1074] ➜ [1075]
[2026-08-11 17:28:28.223801] [INFO] [path_server] 새로운 경로 설정 : path[1074 ➜ 3] time[0s] dist[31.6056m] list[19] : 1074-1075-1076-1077-1078-1390-1391-1001-1002-1003-1004-1005-1006-1007-1008-1010-1014-1024-3
[2026-08-11 17:28:28.902578] [INFO] [path_server] 노드 업데이트 : [1075] ➜ [1076]
[2026-08-11 17:28:28.962495] [INFO] [path_server] 새로운 경로 설정 : path[1075 ➜ 3] time[0s] dist[30.1056m] list[18] : 1075-1076-1077-1078-1390-1391-1001-1002-1003-1004-1005-1006-1007-1008-1010-1014-1024-3
[2026-08-11 17:28:30.300153] [INFO] [path_server] 노드 업데이트 : [1076] ➜ [1077]
[2026-08-11 17:28:30.380088] [INFO] [path_server] 새로운 경로 설정 : path[1076 ➜ 3] time[0s] dist[28.6056m] list[17] : 1076-1077-1078-1390-1391-1001-1002-1003-1004-1005-1006-1007-1008-1010-1014-1024-3
[2026-08-11 17:28:33.813801] [INFO] [path_server] 노드 업데이트 : [1077] ➜ [1078]
[2026-08-11 17:28:33.873731] [INFO] [path_server] 새로운 경로 설정 : path[1077 ➜ 3] time[0s] dist[27.1056m] list[16] : 1077-1078-1390-1391-1001-1002-1003-1004-1005-1006-1007-1008-1010-1014-1024-3
[2026-08-11 17:28:34.911561] [INFO] [path_server] 노드 업데이트 : [1078] ➜ [1390]
[2026-08-11 17:28:34.991486] [INFO] [path_server] 새로운 경로 설정 : path[1078 ➜ 3] time[0s] dist[25.6056m] list[15] : 1078-1390-1391-1001-1002-1003-1004-1005-1006-1007-1008-1010-1014-1024-3
[2026-08-11 17:28:35.730151] [INFO] [path_server] 노드 업데이트 : [1390] ➜ [1391]
[2026-08-11 17:28:35.790067] [INFO] [path_server] 새로운 경로 설정 : path[1390 ➜ 3] time[0s] dist[24.1056m] list[14] : 1390-1391-1001-1002-1003-1004-1005-1006-1007-1008-1010-1014-1024-3
[2026-08-11 17:28:36.488767] [INFO] [path_server] 노드 업데이트 : [1391] ➜ [1001]
[2026-08-11 17:28:36.568604] [INFO] [path_server] 새로운 경로 설정 : path[1391 ➜ 3] time[0s] dist[22.6056m] list[13] : 1391-1001-1002-1003-1004-1005-1006-1007-1008-1010-1014-1024-3
[2026-08-11 17:28:37.886132] [INFO] [path_server] 노드 업데이트 : [1001] ➜ [1002]
[2026-08-11 17:28:37.946027] [INFO] [path_server] 새로운 경로 설정 : path[1001 ➜ 3] time[0s] dist[21.1056m] list[12] : 1001-1002-1003-1004-1005-1006-1007-1008-1010-1014-1024-3
[2026-08-11 17:28:41.359529] [INFO] [path_server] 노드 업데이트 : [1002] ➜ [1003]
[2026-08-11 17:28:41.439459] [INFO] [path_server] 새로운 경로 설정 : path[1002 ➜ 3] time[0s] dist[19.6056m] list[11] : 1002-1003-1004-1005-1006-1007-1008-1010-1014-1024-3
[2026-08-11 17:28:42.457524] [INFO] [path_server] 노드 업데이트 : [1003] ➜ [1004]
[2026-08-11 17:28:42.537390] [INFO] [path_server] 새로운 경로 설정 : path[1003 ➜ 3] time[0s] dist[18.1056m] list[10] : 1003-1004-1005-1006-1007-1008-1010-1014-1024-3
[2026-08-11 17:28:43.275929] [INFO] [path_server] 노드 업데이트 : [1004] ➜ [1005]
[2026-08-11 17:28:43.355840] [INFO] [path_server] 새로운 경로 설정 : path[1004 ➜ 3] time[0s] dist[16.6056m] list[9] : 1004-1005-1006-1007-1008-1010-1014-1024-3
[2026-08-11 17:28:44.034492] [INFO] [path_server] 노드 업데이트 : [1005] ➜ [1006]
[2026-08-11 17:28:44.094366] [INFO] [path_server] 새로운 경로 설정 : path[1005 ➜ 3] time[0s] dist[15.1056m] list[8] : 1005-1006-1007-1008-1010-1014-1024-3
[2026-08-11 17:28:44.792974] [INFO] [path_server] 노드 업데이트 : [1006] ➜ [1007]
[2026-08-11 17:28:44.872829] [INFO] [path_server] 새로운 경로 설정 : path[1006 ➜ 3] time[0s] dist[13.6056m] list[7] : 1006-1007-1008-1010-1014-1024-3
[2026-08-11 17:28:45.531556] [INFO] [path_server] 노드 업데이트 : [1007] ➜ [1008]
[2026-08-11 17:28:45.591458] [INFO] [path_server] 새로운 경로 설정 : path[1007 ➜ 3] time[0s] dist[12.1056m] list[6] : 1007-1008-1010-1014-1024-3
[2026-08-11 17:28:46.290020] [INFO] [path_server] 노드 업데이트 : [1008] ➜ [1010]
[2026-08-11 17:28:46.369892] [INFO] [path_server] 새로운 경로 설정 : path[1008 ➜ 3] time[0s] dist[10.6056m] list[5] : 1008-1010-1014-1024-3
[2026-08-11 17:28:47.128440] [INFO] [path_server] 노드 업데이트 : [1010] ➜ [1014]
[2026-08-11 17:28:47.208339] [INFO] [path_server] 새로운 경로 설정 : path[1010 ➜ 3] time[0s] dist[9.10555m] list[4] : 1010-1014-1024-3
[2026-08-11 17:28:52.318249] [INFO] [path_server] 노드 업데이트 : [1014] ➜ [1024]
[2026-08-11 17:28:52.398111] [INFO] [path_server] 새로운 경로 설정 : path[1014 ➜ 3] time[0s] dist[5.5m] list[3] : 1014-1024-3
[2026-08-11 17:28:57.987326] [INFO] [path_server] 노드 업데이트 : [1024] ➜ [3]
[2026-08-11 17:28:58.067229] [INFO] [path_server] 새로운 경로 설정 : path[1024 ➜ 3] time[0s] dist[1.5m] list[2] : 1024-3
[2026-08-11 17:29:00.183329] [INFO] [path_server] 노드 업데이트 : [3] ➜ [-1]
[2026-08-11 17:29:03.078183] [INFO] [course_tracker] 목적지에서 각도 정렬 : [17.500m 28.000m 0.000°]
[2026-08-11 17:29:03.677107] [INFO] [path_server] 노드 업데이트 : [3] ➜ [-1]
[2026-08-11 17:29:03.697037] [INFO] [task::fsm] go_from_done
[2026-08-11 17:29:03.756911] [INFO] [task::fsm] loading
[2026-08-11 17:29:03.756918] [INFO] [load_handler] 상차 시작
[2026-08-11 17:29:05.773130] [INFO] [load_handler] 상차 완료
[2026-08-11 17:29:05.793102] [INFO] [task::fsm] loading_done
[2026-08-11 17:29:05.853066] [INFO] [path_server] 새로운 경로 설정 : path[3 ➜ 10] time[0s] dist[83.1381m] list[50] : 3-1030-1046-1129-1049-1050-1051-1052-1198-1199-1053-1054-1055-1056-1057-1058-1059-1060-1061-1062-1063-1064-1065-40-1067-1068-1069-1070-1071-1072-1073-1074-1075-1076-1077-1078-1390-1391-1001-1002-1003-1004-1005-1006-1007-1008-1010-1040-1037-10
[2026-08-11 17:29:08.028825] [INFO] [path_server] 노드 업데이트 : [1030] ➜ [1046]
[2026-08-11 17:29:08.108779] [INFO] [path_server] 새로운 경로 설정 : path[1030 ➜ 10] time[0s] dist[81.1381m] list[49] : 1030-1046-1129-1049-1050-1051-1052-1198-1199-1053-1054-1055-1056-1057-1058-1059-1060-1061-1062-1063-1064-1065-40-1067-1068-1069-1070-1071-1072-1073-1074-1075-1076-1077-1078-1390-1391-1001-1002-1003-1004-1005-1006-1007-1008-1010-1040-1037-10
[2026-08-11 17:29:13.398498] [INFO] [path_server] 노드 업데이트 : [1046] ➜ [1129]
[2026-08-11 17:29:13.458442] [INFO] [path_server] 새로운 경로 설정 : path[1046 ➜ 10] time[0s] dist[77.9365m] list[48] : 1046-1129-1049-1050-1051-1052-1198-1199-1053-1054-1055-1056-1057-1058-1059-1060-1061-1062-1063-1064-1065-40-1067-1068-1069-1070-1071-1072-1073-1074-1075-1076-1077-1078-1390-1391-1001-1002-1003-1004-1005-1006-1007-1008-1010-1040-1037-10
[2026-08-11 17:29:18.149969] [INFO] [path_server] 노드 업데이트 : [1129] ➜ [1049]
[2026-08-11 17:29:18.229842] [INFO] [path_server] 새로운 경로 설정 : path[1129 ➜ 10] time[0s] dist[75.021m] list[47] : 1129-1049-1050-1051-1052-1198-1199-1053-1054-1055-1056-1057-1058-1059-1060-1061-1062-1063-1064-1065-40-1067-1068-1069-1070-1071-1072-1073-1074-1075-1076-1077-1078-1390-1391-1001-1002-1003-1004-1005-1006-1007-1008-1010-1040-1037-10
[2026-08-11 17:29:20.166386] [INFO] [path_server] 노드 업데이트 : [1049] ➜ [1050]
[2026-08-11 17:29:20.246342] [INFO] [path_server] 새로운 경로 설정 : path[1049 ➜ 10] time[0s] dist[72.1056m] list[46] : 1049-1050-1051-1052-1198-1199-1053-1054-1055-1056-1057-1058-1059-1060-1061-1062-1063-1064-1065-40-1067-1068-1069-1070-1071-1072-1073-1074-1075-1076-1077-1078-1390-1391-1001-1002-1003-1004-1005-1006-1007-1008-1010-1040-1037-10
[2026-08-11 17:29:25.316371] [INFO] [path_server] 노드 업데이트 : [1050] ➜ [1051]
[2026-08-11 17:29:25.396319] [INFO] [path_server] 새로운 경로 설정 : path[1050 ➜ 10] time[0s] dist[69.6056m] list[45] : 1050-1051-1052-1198-1199-1053-1054-1055-1056-1057-1058-1059-1060-1061-1062-1063-1064-1065-40-1067-1068-1069-1070-1071-1072-1073-1074-1075-1076-1077-1078-1390-1391-1001-1002-1003-1004-1005-1006-1007-1008-1010-1040-1037-10
[2026-08-11 17:29:26.314350] [INFO] [path_server] 노드 업데이트 : [1051] ➜ [1052]
[2026-08-11 17:29:26.394301] [INFO] [path_server] 새로운 경로 설정 : path[1051 ➜ 10] time[0s] dist[68.1056m] list[44] : 1051-1052-1198-1199-1053-1054-1055-1056-1057-1058-1059-1060-1061-1062-1063-1064-1065-40-1067-1068-1069-1070-1071-1072-1073-1074-1075-1076-1077-1078-1390-1391-1001-1002-1003-1004-1005-1006-1007-1008-1010-1040-1037-10
[2026-08-11 17:29:27.092832] [INFO] [path_server] 노드 업데이트 : [1052] ➜ [1198]
[2026-08-11 17:29:27.172787] [INFO] [path_server] 새로운 경로 설정 : path[1052 ➜ 10] time[0s] dist[66.6056m] list[43] : 1052-1198-1199-1053-1054-1055-1056-1057-1058-1059-1060-1061-1062-1063-1064-1065-40-1067-1068-1069-1070-1071-1072-1073-1074-1075-1076-1077-1078-1390-1391-1001-1002-1003-1004-1005-1006-1007-1008-1010-1040-1037-10
[2026-08-11 17:29:28.490108] [INFO] [path_server] 노드 업데이트 : [1198] ➜ [1199]
[2026-08-11 17:29:28.569985] [INFO] [path_server] 새로운 경로 설정 : path[1198 ➜ 10] time[0s] dist[65.1056m] list[42] : 1198-1199-1053-1054-1055-1056-1057-1058-1059-1060-1061-1062-1063-1064-1065-40-1067-1068-1069-1070-1071-1072-1073-1074-1075-1076-1077-1078-1390-1391-1001-1002-1003-1004-1005-1006-1007-1008-1010-1040-1037-10
[2026-08-11 17:29:31.984084] [INFO] [path_server] 노드 업데이트 : [1199] ➜ [1053]
[2026-08-11 17:29:32.043991] [INFO] [path_server] 새로운 경로 설정 : path[1199 ➜ 10] time[0s] dist[63.6056m] list[41] : 1199-1053-1054-1055-1056-1057-1058-1059-1060-1061-1062-1063-1064-1065-40-1067-1068-1069-1070-1071-1072-1073-1074-1075-1076-1077-1078-1390-1391-1001-1002-1003-1004-1005-1006-1007-1008-1010-1040-1037-10
[2026-08-11 17:29:33.102114] [INFO] [path_server] 노드 업데이트 : [1053] ➜ [1054]
[2026-08-11 17:29:33.182015] [INFO] [path_server] 새로운 경로 설정 : path[1053 ➜ 10] time[0s] dist[62.1056m] list[40] : 1053-1054-1055-1056-1057-1058-1059-1060-1061-1062-1063-1064-1065-40-1067-1068-1069-1070-1071-1072-1073-1074-1075-1076-1077-1078-1390-1391-1001-1002-1003-1004-1005-1006-1007-1008-1010-1040-1037-10
[2026-08-11 17:29:33.920375] [INFO] [path_server] 노드 업데이트 : [1054] ➜ [1055]
[2026-08-11 17:29:34.000311] [INFO] [path_server] 새로운 경로 설정 : path[1054 ➜ 10] time[0s] dist[60.6056m] list[39] : 1054-1055-1056-1057-1058-1059-1060-1061-1062-1063-1064-1065-40-1067-1068-1069-1070-1071-1072-1073-1074-1075-1076-1077-1078-1390-1391-1001-1002-1003-1004-1005-1006-1007-1008-1010-1040-1037-10
[2026-08-11 17:29:34.678833] [INFO] [path_server] 노드 업데이트 : [1055] ➜ [1056]
[2026-08-11 17:29:34.738705] [INFO] [path_server] 새로운 경로 설정 : path[1055 ➜ 10] time[0s] dist[59.1056m] list[38] : 1055-1056-1057-1058-1059-1060-1061-1062-1063-1064-1065-40-1067-1068-1069-1070-1071-1072-1073-1074-1075-1076-1077-1078-1390-1391-1001-1002-1003-1004-1005-1006-1007-1008-1010-1040-1037-10
[2026-08-11 17:29:35.896399] [INFO] [path_server] 노드 업데이트 : [1056] ➜ [1057]
[2026-08-11 17:29:35.976332] [INFO] [path_server] 새로운 경로 설정 : path[1056 ➜ 10] time[0s] dist[57.6056m] list[37] : 1056-1057-1058-1059-1060-1061-1062-1063-1064-1065-40-1067-1068-1069-1070-1071-1072-1073-1074-1075-1076-1077-1078-1390-1391-1001-1002-1003-1004-1005-1006-1007-1008-1010-1040-1037-10
[2026-08-11 17:29:39.169803] [INFO] [path_server] 노드 업데이트 : [1057] ➜ [1058]
[2026-08-11 17:29:39.249732] [INFO] [path_server] 새로운 경로 설정 : path[1057 ➜ 10] time[0s] dist[56.1056m] list[36] : 1057-1058-1059-1060-1061-1062-1063-1064-1065-40-1067-1068-1069-1070-1071-1072-1073-1074-1075-1076-1077-1078-1390-1391-1001-1002-1003-1004-1005-1006-1007-1008-1010-1040-1037-10
[2026-08-11 17:29:40.347651] [INFO] [path_server] 노드 업데이트 : [1058] ➜ [1059]
[2026-08-11 17:29:40.407598] [INFO] [path_server] 새로운 경로 설정 : path[1058 ➜ 10] time[0s] dist[54.6056m] list[35] : 1058-1059-1060-1061-1062-1063-1064-1065-40-1067-1068-1069-1070-1071-1072-1073-1074-1075-1076-1077-1078-1390-1391-1001-1002-1003-1004-1005-1006-1007-1008-1010-1040-1037-10
[2026-08-11 17:29:41.185988] [INFO] [path_server] 노드 업데이트 : [1059] ➜ [1060]
[2026-08-11 17:29:41.245883] [INFO] [path_server] 새로운 경로 설정 : path[1059 ➜ 10] time[0s] dist[53.1056m] list[34] : 1059-1060-1061-1062-1063-1064-1065-40-1067-1068-1069-1070-1071-1072-1073-1074-1075-1076-1077-1078-1390-1391-1001-1002-1003-1004-1005-1006-1007-1008-1010-1040-1037-10
[2026-08-11 17:29:41.924450] [INFO] [path_server] 노드 업데이트 : [1060] ➜ [1061]
[2026-08-11 17:29:42.004395] [INFO] [path_server] 새로운 경로 설정 : path[1060 ➜ 10] time[0s] dist[51.6056m] list[33] : 1060-1061-1062-1063-1064-1065-40-1067-1068-1069-1070-1071-1072-1073-1074-1075-1076-1077-1078-1390-1391-1001-1002-1003-1004-1005-1006-1007-1008-1010-1040-1037-10
[2026-08-11 17:29:42.682984] [INFO] [path_server] 노드 업데이트 : [1061] ➜ [1062]
[2026-08-11 17:29:42.742866] [INFO] [path_server] 새로운 경로 설정 : path[1061 ➜ 10] time[0s] dist[50.1056m] list[32] : 1061-1062-1063-1064-1065-40-1067-1068-1069-1070-1071-1072-1073-1074-1075-1076-1077-1078-1390-1391-1001-1002-1003-1004-1005-1006-1007-1008-1010-1040-1037-10
[2026-08-11 17:29:43.441346] [INFO] [path_server] 노드 업데이트 : [1062] ➜ [1063]
[2026-08-11 17:29:43.521195] [INFO] [path_server] 새로운 경로 설정 : path[1062 ➜ 10] time[0s] dist[48.6056m] list[31] : 1062-1063-1064-1065-40-1067-1068-1069-1070-1071-1072-1073-1074-1075-1076-1077-1078-1390-1391-1001-1002-1003-1004-1005-1006-1007-1008-1010-1040-1037-10
[2026-08-11 17:29:44.179861] [INFO] [path_server] 노드 업데이트 : [1063] ➜ [1064]
[2026-08-11 17:29:44.239800] [INFO] [path_server] 새로운 경로 설정 : path[1063 ➜ 10] time[0s] dist[47.1056m] list[30] : 1063-1064-1065-40-1067-1068-1069-1070-1071-1072-1073-1074-1075-1076-1077-1078-1390-1391-1001-1002-1003-1004-1005-1006-1007-1008-1010-1040-1037-10
[2026-08-11 17:29:44.938363] [INFO] [path_server] 노드 업데이트 : [1064] ➜ [1065]
[2026-08-11 17:29:45.018254] [INFO] [path_server] 새로운 경로 설정 : path[1064 ➜ 10] time[0s] dist[45.6056m] list[29] : 1064-1065-40-1067-1068-1069-1070-1071-1072-1073-1074-1075-1076-1077-1078-1390-1391-1001-1002-1003-1004-1005-1006-1007-1008-1010-1040-1037-10
[2026-08-11 17:29:45.676896] [INFO] [path_server] 노드 업데이트 : [1065] ➜ [40]
[2026-08-11 17:29:45.736810] [INFO] [path_server] 새로운 경로 설정 : path[1065 ➜ 10] time[0s] dist[44.1056m] list[28] : 1065-40-1067-1068-1069-1070-1071-1072-1073-1074-1075-1076-1077-1078-1390-1391-1001-1002-1003-1004-1005-1006-1007-1008-1010-1040-1037-10
[2026-08-11 17:29:46.435342] [INFO] [path_server] 노드 업데이트 : [40] ➜ [1067]
[2026-08-11 17:29:46.515211] [INFO] [path_server] 새로운 경로 설정 : path[40 ➜ 10] time[0s] dist[42.6056m] list[27] : 40-1067-1068-1069-1070-1071-1072-1073-1074-1075-1076-1077-1078-1390-1391-1001-1002-1003-1004-1005-1006-1007-1008-1010-1040-1037-10
[2026-08-11 17:29:47.173957] [INFO] [path_server] 노드 업데이트 : [1067] ➜ [1068]
[2026-08-11 17:29:47.233867] [INFO] [path_server] 새로운 경로 설정 : path[1067 ➜ 10] time[0s] dist[41.1056m] list[26] : 1067-1068-1069-1070-1071-1072-1073-1074-1075-1076-1077-1078-1390-1391-1001-1002-1003-1004-1005-1006-1007-1008-1010-1040-1037-10
[2026-08-11 17:29:47.932441] [INFO] [path_server] 노드 업데이트 : [1068] ➜ [1069]
[2026-08-11 17:29:48.012338] [INFO] [path_server] 새로운 경로 설정 : path[1068 ➜ 10] time[0s] dist[39.6056m] list[25] : 1068-1069-1070-1071-1072-1073-1074-1075-1076-1077-1078-1390-1391-1001-1002-1003-1004-1005-1006-1007-1008-1010-1040-1037-10
[2026-08-11 17:29:48.690857] [INFO] [path_server] 노드 업데이트 : [1069] ➜ [1070]
[2026-08-11 17:29:48.770796] [INFO] [path_server] 새로운 경로 설정 : path[1069 ➜ 10] time[0s] dist[38.1056m] list[24] : 1069-1070-1071-1072-1073-1074-1075-1076-1077-1078-1390-1391-1001-1002-1003-1004-1005-1006-1007-1008-1010-1040-1037-10
[2026-08-11 17:29:49.429622] [INFO] [path_server] 노드 업데이트 : [1070] ➜ [1071]
[2026-08-11 17:29:49.529589] [INFO] [path_server] 새로운 경로 설정 : path[1070 ➜ 10] time[0s] dist[36.6056m] list[23] : 1070-1071-1072-1073-1074-1075-1076-1077-1078-1390-1391-1001-1002-1003-1004-1005-1006-1007-1008-1010-1040-1037-10
[2026-08-11 17:29:50.188316] [INFO] [path_server] 노드 업데이트 : [1071] ➜ [1072]
[2026-08-11 17:29:50.268181] [INFO] [path_server] 새로운 경로 설정 : path[1071 ➜ 10] time[0s] dist[35.1056m] list[22] : 1071-1072-1073-1074-1075-1076-1077-1078-1390-1391-1001-1002-1003-1004-1005-1006-1007-1008-1010-1040-1037-10
[2026-08-11 17:29:50.926822] [INFO] [path_server] 노드 업데이트 : [1072] ➜ [1073]
[2026-08-11 17:29:50.986773] [INFO] [path_server] 새로운 경로 설정 : path[1072 ➜ 10] time[0s] dist[33.6056m] list[21] : 1072-1073-1074-1075-1076-1077-1078-1390-1391-1001-1002-1003-1004-1005-1006-1007-1008-1010-1040-1037-10
[2026-08-11 17:29:51.685375] [INFO] [path_server] 노드 업데이트 : [1073] ➜ [1074]
[2026-08-11 17:29:51.765266] [INFO] [path_server] 새로운 경로 설정 : path[1073 ➜ 10] time[0s] dist[32.1056m] list[20] : 1073-1074-1075-1076-1077-1078-1390-1391-1001-1002-1003-1004-1005-1006-1007-1008-1010-1040-1037-10
[2026-08-11 17:29:52.443732] [INFO] [path_server] 노드 업데이트 : [1074] ➜ [1075]
[2026-08-11 17:29:52.523660] [INFO] [path_server] 새로운 경로 설정 : path[1074 ➜ 10] time[0s] dist[30.6056m] list[19] : 1074-1075-1076-1077-1078-1390-1391-1001-1002-1003-1004-1005-1006-1007-1008-1010-1040-1037-10
[2026-08-11 17:29:53.182222] [INFO] [path_server] 노드 업데이트 : [1075] ➜ [1076]
[2026-08-11 17:29:53.262097] [INFO] [path_server] 새로운 경로 설정 : path[1075 ➜ 10] time[0s] dist[29.1056m] list[18] : 1075-1076-1077-1078-1390-1391-1001-1002-1003-1004-1005-1006-1007-1008-1010-1040-1037-10
[2026-08-11 17:29:54.579344] [INFO] [path_server] 노드 업데이트 : [1076] ➜ [1077]
[2026-08-11 17:29:54.639278] [INFO] [path_server] 새로운 경로 설정 : path[1076 ➜ 10] time[0s] dist[27.6056m] list[17] : 1076-1077-1078-1390-1391-1001-1002-1003-1004-1005-1006-1007-1008-1010-1040-1037-10
[2026-08-11 17:29:58.052372] [INFO] [path_server] 노드 업데이트 : [1077] ➜ [1078]
[2026-08-11 17:29:58.112301] [INFO] [path_server] 새로운 경로 설정 : path[1077 ➜ 10] time[0s] dist[26.1056m] list[16] : 1077-1078-1390-1391-1001-1002-1003-1004-1005-1006-1007-1008-1010-1040-1037-10
[2026-08-11 17:29:59.170128] [INFO] [path_server] 노드 업데이트 : [1078] ➜ [1390]
[2026-08-11 17:29:59.250026] [INFO] [path_server] 새로운 경로 설정 : path[1078 ➜ 10] time[0s] dist[24.6056m] list[15] : 1078-1390-1391-1001-1002-1003-1004-1005-1006-1007-1008-1010-1040-1037-10
[2026-08-11 17:29:59.988370] [INFO] [path_server] 노드 업데이트 : [1390] ➜ [1391]
[2026-08-11 17:30:00.068309] [INFO] [path_server] 새로운 경로 설정 : path[1390 ➜ 10] time[0s] dist[23.1056m] list[14] : 1390-1391-1001-1002-1003-1004-1005-1006-1007-1008-1010-1040-1037-10
[2026-08-11 17:30:00.747014] [INFO] [path_server] 노드 업데이트 : [1391] ➜ [1001]
[2026-08-11 17:30:00.806958] [INFO] [path_server] 새로운 경로 설정 : path[1391 ➜ 10] time[0s] dist[21.6056m] list[13] : 1391-1001-1002-1003-1004-1005-1006-1007-1008-1010-1040-1037-10
[2026-08-11 17:30:02.124744] [INFO] [path_server] 노드 업데이트 : [1001] ➜ [1002]
[2026-08-11 17:30:02.204606] [INFO] [path_server] 새로운 경로 설정 : path[1001 ➜ 10] time[0s] dist[20.1056m] list[12] : 1001-1002-1003-1004-1005-1006-1007-1008-1010-1040-1037-10
[2026-08-11 17:30:05.597847] [INFO] [path_server] 노드 업데이트 : [1002] ➜ [1003]
[2026-08-11 17:30:05.677736] [INFO] [path_server] 새로운 경로 설정 : path[1002 ➜ 10] time[0s] dist[18.6056m] list[11] : 1002-1003-1004-1005-1006-1007-1008-1010-1040-1037-10
[2026-08-11 17:30:06.695828] [INFO] [path_server] 노드 업데이트 : [1003] ➜ [1004]
[2026-08-11 17:30:06.775672] [INFO] [path_server] 새로운 경로 설정 : path[1003 ➜ 10] time[0s] dist[17.1056m] list[10] : 1003-1004-1005-1006-1007-1008-1010-1040-1037-10
[2026-08-11 17:30:07.515665] [INFO] [path_server] 노드 업데이트 : [1004] ➜ [1005]
[2026-08-11 17:30:07.596137] [INFO] [path_server] 새로운 경로 설정 : path[1004 ➜ 10] time[0s] dist[15.6056m] list[9] : 1004-1005-1006-1007-1008-1010-1040-1037-10
[2026-08-11 17:30:08.279018] [INFO] [path_server] 노드 업데이트 : [1005] ➜ [1006]
[2026-08-11 17:30:08.359183] [INFO] [path_server] 새로운 경로 설정 : path[1005 ➜ 10] time[0s] dist[14.1056m] list[8] : 1005-1006-1007-1008-1010-1040-1037-10
[2026-08-11 17:30:09.018749] [INFO] [path_server] 노드 업데이트 : [1006] ➜ [1007]
[2026-08-11 17:30:09.078641] [INFO] [path_server] 새로운 경로 설정 : path[1006 ➜ 10] time[0s] dist[12.6056m] list[7] : 1006-1007-1008-1010-1040-1037-10
[2026-08-11 17:30:09.777235] [INFO] [path_server] 노드 업데이트 : [1007] ➜ [1008]
[2026-08-11 17:30:09.857092] [INFO] [path_server] 새로운 경로 설정 : path[1007 ➜ 10] time[0s] dist[11.1056m] list[6] : 1007-1008-1010-1040-1037-10
[2026-08-11 17:30:10.515810] [INFO] [path_server] 노드 업데이트 : [1008] ➜ [1010]
[2026-08-11 17:30:10.575731] [INFO] [path_server] 새로운 경로 설정 : path[1008 ➜ 10] time[0s] dist[9.60555m] list[5] : 1008-1010-1040-1037-10
[2026-08-11 17:30:11.374234] [INFO] [path_server] 노드 업데이트 : [1010] ➜ [1040]
[2026-08-11 17:30:11.454084] [INFO] [path_server] 새로운 경로 설정 : path[1010 ➜ 10] time[0s] dist[8.10555m] list[4] : 1010-1040-1037-10
[2026-08-11 17:30:17.103522] [INFO] [path_server] 노드 업데이트 : [1040] ➜ [1037]
[2026-08-11 17:30:17.183442] [INFO] [path_server] 새로운 경로 설정 : path[1040 ➜ 10] time[0s] dist[4.5m] list[3] : 1040-1037-10
[2026-08-11 17:30:22.593567] [INFO] [path_server] 노드 업데이트 : [1037] ➜ [10]
[2026-08-11 17:30:22.653466] [INFO] [path_server] 새로운 경로 설정 : path[1037 ➜ 10] time[0s] dist[1.5m] list[2] : 1037-10
[2026-08-11 17:30:23.252280] [INFO] [health_monitor] [등록][100015, 200001] : 배터리 남은 양 - 주의
[2026-08-11 17:30:24.829106] [INFO] [path_server] 노드 업데이트 : [10] ➜ [-1]
[2026-08-11 17:30:27.683320] [INFO] [course_tracker] 목적지에서 각도 정렬 : [21.500m 23.000m 0.000°]
[2026-08-11 17:30:28.122453] [INFO] [path_server] 노드 업데이트 : [10] ➜ [-1]
[2026-08-11 17:30:28.142409] [INFO] [task::fsm] go_to_done
[2026-08-11 17:30:28.202307] [INFO] [task::fsm] unloading
[2026-08-11 17:30:28.202319] [INFO] [load_handler] 하차 시작
[2026-08-11 17:30:30.218480] [INFO] [load_handler] 하차 완료
[2026-08-11 17:30:30.238449] [INFO] [task::fsm] unloading_done
[2026-08-11 17:30:30.298318] [INFO] [task::fsm] idle
[2026-08-11 17:30:30.298324] [INFO] [course_manager] 코스 삭제
[2026-08-11 17:30:30.298346] [INFO] [path_server] 경로 삭제
[2026-08-11 17:30:30.418137] [INFO] [path_server] 새로운 경로 설정 : path[10 ➜ 103] time[0s] dist[46.2016m] list[29] : 10-1043-1048-1130-1051-1052-1198-1199-1053-1054-1055-1056-1057-1058-1059-1060-1061-1062-1063-1064-1065-40-1067-1068-1069-1070-1071-1072-103
[2026-08-11 17:30:32.593880] [INFO] [path_server] 노드 업데이트 : [1043] ➜ [1048]
[2026-08-11 17:30:32.673797] [INFO] [path_server] 새로운 경로 설정 : path[1043 ➜ 103] time[0s] dist[44.2016m] list[28] : 1043-1048-1130-1051-1052-1198-1199-1053-1054-1055-1056-1057-1058-1059-1060-1061-1062-1063-1064-1065-40-1067-1068-1069-1070-1071-1072-103
[2026-08-11 17:30:37.963429] [INFO] [path_server] 노드 업데이트 : [1048] ➜ [1130]
[2026-08-11 17:30:38.023346] [INFO] [path_server] 새로운 경로 설정 : path[1048 ➜ 103] time[0s] dist[41m] list[27] : 1048-1130-1051-1052-1198-1199-1053-1054-1055-1056-1057-1058-1059-1060-1061-1062-1063-1064-1065-40-1067-1068-1069-1070-1071-1072-103
[2026-08-11 17:30:42.536190] [INFO] [path_server] 노드 업데이트 : [1130] ➜ [1051]
[2026-08-11 17:30:42.616118] [INFO] [path_server] 새로운 경로 설정 : path[1130 ➜ 103] time[0s] dist[38.5m] list[26] : 1130-1051-1052-1198-1199-1053-1054-1055-1056-1057-1058-1059-1060-1061-1062-1063-1064-1065-40-1067-1068-1069-1070-1071-1072-103
[2026-08-11 17:30:44.273283] [INFO] [path_server] 노드 업데이트 : [1051] ➜ [1052]
[2026-08-11 17:30:44.353134] [INFO] [path_server] 새로운 경로 설정 : path[1051 ➜ 103] time[0s] dist[36m] list[25] : 1051-1052-1198-1199-1053-1054-1055-1056-1057-1058-1059-1060-1061-1062-1063-1064-1065-40-1067-1068-1069-1070-1071-1072-103
[2026-08-11 17:30:48.504763] [INFO] [path_server] 노드 업데이트 : [1052] ➜ [1198]
[2026-08-11 17:30:48.584700] [INFO] [path_server] 새로운 경로 설정 : path[1052 ➜ 103] time[0s] dist[34.5m] list[24] : 1052-1198-1199-1053-1054-1055-1056-1057-1058-1059-1060-1061-1062-1063-1064-1065-40-1067-1068-1069-1070-1071-1072-103
[2026-08-11 17:30:50.041865] [INFO] [path_server] 노드 업데이트 : [1198] ➜ [1199]
[2026-08-11 17:30:50.101832] [INFO] [path_server] 새로운 경로 설정 : path[1198 ➜ 103] time[0s] dist[33m] list[23] : 1198-1199-1053-1054-1055-1056-1057-1058-1059-1060-1061-1062-1063-1064-1065-40-1067-1068-1069-1070-1071-1072-103
[2026-08-11 17:30:53.495242] [INFO] [path_server] 노드 업데이트 : [1199] ➜ [1053]
[2026-08-11 17:30:53.555168] [INFO] [path_server] 새로운 경로 설정 : path[1199 ➜ 103] time[0s] dist[31.5m] list[22] : 1199-1053-1054-1055-1056-1057-1058-1059-1060-1061-1062-1063-1064-1065-40-1067-1068-1069-1070-1071-1072-103
[2026-08-11 17:30:54.593175] [INFO] [path_server] 노드 업데이트 : [1053] ➜ [1054]
[2026-08-11 17:30:54.673103] [INFO] [path_server] 새로운 경로 설정 : path[1053 ➜ 103] time[0s] dist[30m] list[21] : 1053-1054-1055-1056-1057-1058-1059-1060-1061-1062-1063-1064-1065-40-1067-1068-1069-1070-1071-1072-103
[2026-08-11 17:30:55.411594] [INFO] [path_server] 노드 업데이트 : [1054] ➜ [1055]
[2026-08-11 17:30:55.471522] [INFO] [path_server] 새로운 경로 설정 : path[1054 ➜ 103] time[0s] dist[28.5m] list[20] : 1054-1055-1056-1057-1058-1059-1060-1061-1062-1063-1064-1065-40-1067-1068-1069-1070-1071-1072-103
[2026-08-11 17:30:56.150073] [INFO] [path_server] 노드 업데이트 : [1055] ➜ [1056]
[2026-08-11 17:30:56.230009] [INFO] [path_server] 새로운 경로 설정 : path[1055 ➜ 103] time[0s] dist[27m] list[19] : 1055-1056-1057-1058-1059-1060-1061-1062-1063-1064-1065-40-1067-1068-1069-1070-1071-1072-103
[2026-08-11 17:30:57.407458] [INFO] [path_server] 노드 업데이트 : [1056] ➜ [1057]
[2026-08-11 17:30:57.487393] [INFO] [path_server] 새로운 경로 설정 : path[1056 ➜ 103] time[0s] dist[25.5m] list[18] : 1056-1057-1058-1059-1060-1061-1062-1063-1064-1065-40-1067-1068-1069-1070-1071-1072-103
[2026-08-11 17:31:00.701173] [INFO] [path_server] 노드 업데이트 : [1057] ➜ [1058]
[2026-08-11 17:31:00.781101] [INFO] [path_server] 새로운 경로 설정 : path[1057 ➜ 103] time[0s] dist[24m] list[17] : 1057-1058-1059-1060-1061-1062-1063-1064-1065-40-1067-1068-1069-1070-1071-1072-103
[2026-08-11 17:31:01.858943] [INFO] [path_server] 노드 업데이트 : [1058] ➜ [1059]
[2026-08-11 17:31:01.938776] [INFO] [path_server] 새로운 경로 설정 : path[1058 ➜ 103] time[0s] dist[22.5m] list[16] : 1058-1059-1060-1061-1062-1063-1064-1065-40-1067-1068-1069-1070-1071-1072-103
[2026-08-11 17:31:02.697212] [INFO] [path_server] 노드 업데이트 : [1059] ➜ [1060]
[2026-08-11 17:31:02.777121] [INFO] [path_server] 새로운 경로 설정 : path[1059 ➜ 103] time[0s] dist[21m] list[15] : 1059-1060-1061-1062-1063-1064-1065-40-1067-1068-1069-1070-1071-1072-103
[2026-08-11 17:31:03.436028] [INFO] [path_server] 노드 업데이트 : [1060] ➜ [1061]
[2026-08-11 17:31:03.495836] [INFO] [path_server] 새로운 경로 설정 : path[1060 ➜ 103] time[0s] dist[19.5m] list[14] : 1060-1061-1062-1063-1064-1065-40-1067-1068-1069-1070-1071-1072-103
[2026-08-11 17:31:04.195223] [INFO] [path_server] 노드 업데이트 : [1061] ➜ [1062]
[2026-08-11 17:31:04.275084] [INFO] [path_server] 새로운 경로 설정 : path[1061 ➜ 103] time[0s] dist[18m] list[13] : 1061-1062-1063-1064-1065-40-1067-1068-1069-1070-1071-1072-103
[2026-08-11 17:31:04.953756] [INFO] [path_server] 노드 업데이트 : [1062] ➜ [1063]
[2026-08-11 17:31:05.033699] [INFO] [path_server] 새로운 경로 설정 : path[1062 ➜ 103] time[0s] dist[16.5m] list[12] : 1062-1063-1064-1065-40-1067-1068-1069-1070-1071-1072-103
[2026-08-11 17:31:05.692522] [INFO] [path_server] 노드 업데이트 : [1063] ➜ [1064]
[2026-08-11 17:31:05.772418] [INFO] [path_server] 새로운 경로 설정 : path[1063 ➜ 103] time[0s] dist[15m] list[11] : 1063-1064-1065-40-1067-1068-1069-1070-1071-1072-103
[2026-08-11 17:31:06.451137] [INFO] [path_server] 노드 업데이트 : [1064] ➜ [1065]
[2026-08-11 17:31:06.531034] [INFO] [path_server] 새로운 경로 설정 : path[1064 ➜ 103] time[0s] dist[13.5m] list[10] : 1064-1065-40-1067-1068-1069-1070-1071-1072-103
[2026-08-11 17:31:07.189803] [INFO] [path_server] 노드 업데이트 : [1065] ➜ [40]
[2026-08-11 17:31:07.249708] [INFO] [path_server] 새로운 경로 설정 : path[1065 ➜ 103] time[0s] dist[12m] list[9] : 1065-40-1067-1068-1069-1070-1071-1072-103
[2026-08-11 17:31:07.948376] [INFO] [path_server] 노드 업데이트 : [40] ➜ [1067]
[2026-08-11 17:31:08.028240] [INFO] [path_server] 새로운 경로 설정 : path[40 ➜ 103] time[0s] dist[10.5m] list[8] : 40-1067-1068-1069-1070-1071-1072-103
[2026-08-11 17:31:08.687042] [INFO] [path_server] 노드 업데이트 : [1067] ➜ [1068]
[2026-08-11 17:31:08.746956] [INFO] [path_server] 새로운 경로 설정 : path[1067 ➜ 103] time[0s] dist[9m] list[7] : 1067-1068-1069-1070-1071-1072-103
[2026-08-11 17:31:09.445526] [INFO] [path_server] 노드 업데이트 : [1068] ➜ [1069]
[2026-08-11 17:31:09.525405] [INFO] [path_server] 새로운 경로 설정 : path[1068 ➜ 103] time[0s] dist[7.5m] list[6] : 1068-1069-1070-1071-1072-103
[2026-08-11 17:31:10.203943] [INFO] [path_server] 노드 업데이트 : [1069] ➜ [1070]
[2026-08-11 17:31:10.283831] [INFO] [path_server] 새로운 경로 설정 : path[1069 ➜ 103] time[0s] dist[6m] list[5] : 1069-1070-1071-1072-103
[2026-08-11 17:31:10.942538] [INFO] [path_server] 노드 업데이트 : [1070] ➜ [1071]
[2026-08-11 17:31:11.022413] [INFO] [path_server] 새로운 경로 설정 : path[1070 ➜ 103] time[0s] dist[4.5m] list[4] : 1070-1071-1072-103
[2026-08-11 17:31:11.701044] [INFO] [path_server] 노드 업데이트 : [1071] ➜ [1072]
[2026-08-11 17:31:11.780999] [INFO] [path_server] 새로운 경로 설정 : path[1071 ➜ 103] time[0s] dist[3m] list[3] : 1071-1072-103
[2026-08-11 17:31:13.018565] [INFO] [path_server] 노드 업데이트 : [1072] ➜ [103]
[2026-08-11 17:31:13.098478] [INFO] [path_server] 새로운 경로 설정 : path[1072 ➜ 103] time[0s] dist[1.5m] list[2] : 1072-103
[2026-08-11 17:31:16.990821] [INFO] [path_server] 노드 업데이트 : [103] ➜ [-1]
[2026-08-11 17:31:19.825482] [INFO] [course_tracker] 목적지에서 각도 정렬 : [8.000m 19.000m 0.000°]
[2026-08-11 17:31:20.844260] [INFO] [path_server] 노드 업데이트 : [103] ➜ [-1]
[2026-08-11 17:31:20.864071] [INFO] [task::fsm] push_done
[2026-08-11 17:31:20.924025] [INFO] [task::fsm] charging
[2026-08-11 17:31:20.924034] [INFO] [power_system] 충전 프로세스 시작
[2026-08-11 17:31:20.924060] [INFO] [health_monitor] [등록][100015, 100001] : 자동 충전 시작.
[2026-08-11 17:31:25.934239] [INFO] [health_monitor] [삭제][100015, 100001] : 자동 충전 시작.
[2026-08-11 17:31:33.818491] [INFO] [health_monitor] [삭제][100015, 200001] : 배터리 남은 양 - 주의
[2026-08-11 17:31:57.831491] [INFO] [power_system] 충전 완료
[2026-08-11 17:31:57.831505] [INFO] [health_monitor] [등록][100015, 100002] : 배터리 가득.
[2026-08-11 17:31:57.831507] [INFO] [health_monitor] [등록][100015, 100003] : 자동 충전 해제 시작.
[2026-08-11 17:32:02.841567] [INFO] [health_monitor] [삭제][100015, 100002] : 배터리 가득.
[2026-08-11 17:32:02.841574] [INFO] [health_monitor] [삭제][100015, 100003] : 자동 충전 해제 시작.
[2026-08-11 17:32:02.861509] [INFO] [power_system] 충전 해제 완료
[2026-08-11 17:32:02.861520] [INFO] [health_monitor] [등록][100015, 100004] : 자동 충전 해제 완료.
[2026-08-11 17:32:02.881413] [INFO] [task::fsm] discharging
[2026-08-11 17:32:02.881425] [INFO] [health_monitor] [등록][100015, 100003] : 자동 충전 해제 시작.
[2026-08-11 17:32:02.881418] [INFO] [power_system] 충전 해제 프로세스 시작
[2026-08-11 17:32:02.901427] [INFO] [task::fsm] idle
[2026-08-11 17:32:02.901433] [INFO] [course_manager] 코스 삭제
[2026-08-11 17:32:02.901435] [INFO] [path_server] 경로 삭제
[2026-08-11 17:32:02.921378] [INFO] [task::fsm] idle
[2026-08-11 17:32:02.921381] [INFO] [course_manager] 코스 삭제
[2026-08-11 17:32:02.921383] [INFO] [path_server] 경로 삭제
[2026-08-11 17:32:07.872878] [INFO] [health_monitor] [삭제][100015, 100004] : 자동 충전 해제 완료.
[2026-08-11 17:32:07.892779] [INFO] [health_monitor] [삭제][100015, 100003] : 자동 충전 해제 시작.
[2026-08-11 17:33:57.938806] [INFO] [task::fsm] charging
[2026-08-11 17:33:57.938813] [INFO] [power_system] 충전 프로세스 시작
[2026-08-11 17:33:57.938827] [INFO] [health_monitor] [등록][100015, 100001] : 자동 충전 시작.
[2026-08-11 17:34:02.948748] [INFO] [health_monitor] [삭제][100015, 100001] : 자동 충전 시작.
[2026-08-11 17:34:11.311843] [INFO] [power_system] 충전 완료
[2026-08-11 17:34:11.311859] [INFO] [health_monitor] [등록][100015, 100002] : 배터리 가득.
[2026-08-11 17:34:11.311861] [INFO] [health_monitor] [등록][100015, 100003] : 자동 충전 해제 시작.
[2026-08-11 17:34:16.321706] [INFO] [health_monitor] [삭제][100015, 100002] : 배터리 가득.
[2026-08-11 17:34:16.321713] [INFO] [health_monitor] [삭제][100015, 100003] : 자동 충전 해제 시작.
[2026-08-11 17:34:16.341708] [INFO] [power_system] 충전 해제 완료
[2026-08-11 17:34:16.341728] [INFO] [health_monitor] [등록][100015, 100004] : 자동 충전 해제 완료.
[2026-08-11 17:34:16.361661] [INFO] [task::fsm] discharging
[2026-08-11 17:34:16.361669] [INFO] [power_system] 충전 해제 프로세스 시작
[2026-08-11 17:34:16.361679] [INFO] [health_monitor] [등록][100015, 100003] : 자동 충전 해제 시작.
[2026-08-11 17:34:16.381581] [INFO] [task::fsm] idle
[2026-08-11 17:34:16.381587] [INFO] [course_manager] 코스 삭제
[2026-08-11 17:34:16.381589] [INFO] [path_server] 경로 삭제
[2026-08-11 17:34:16.421544] [INFO] [task::fsm] idle
[2026-08-11 17:34:16.421550] [INFO] [course_manager] 코스 삭제
[2026-08-11 17:34:16.421552] [INFO] [path_server] 경로 삭제
[2026-08-11 17:34:21.352074] [INFO] [health_monitor] [삭제][100015, 100004] : 자동 충전 해제 완료.
[2026-08-11 17:34:21.372076] [INFO] [health_monitor] [삭제][100015, 100003] : 자동 충전 해제 시작.
[2026-08-11 17:34:34.359071] [INFO] [framework] 프로그램 시작
[2026-08-11 17:34:34.359077] [WARNING] [framework] 프로그램 시작
[2026-08-11 17:34:34.359079] [INFO] [framework] 설정 파일 위치 : ../configs/robot_1
[2026-08-11 17:34:34.359078] [CRITICAL] [framework] 프로그램 시작
[2026-08-11 17:34:46.262487] [INFO] [framework] 프로그램 시작
[2026-08-11 17:34:46.262492] [WARNING] [framework] 프로그램 시작
[2026-08-11 17:34:46.262507] [INFO] [framework] 설정 파일 위치 : ../configs/robot_1
[2026-08-11 17:34:46.262495] [CRITICAL] [framework] 프로그램 시작
[2026-08-11 17:34:46.262657] [INFO] [framework] ID[0, 1], 이름[김첫째], 제어주기[20ms], 버젼[], 장소[우리집], 환경모드[simulation]
[2026-08-11 17:34:46.262680] [INFO] [mediator] 생성
[2026-08-11 17:34:46.262702] [INFO] [graph_manager] 생성
[2026-08-11 17:34:46.293281] [INFO] [stop_server] 생성
[2026-08-11 17:34:46.293323] [INFO] [health_monitor] 생성
[2026-08-11 17:34:46.293342] [INFO] [path_server] 생성
[2026-08-11 17:34:46.293355] [INFO] [course_manager] 생성
[2026-08-11 17:34:46.293385] [INFO] [task::fsm] 생성
[2026-08-11 17:34:46.293387] [INFO] [task::fsm] idle
[2026-08-11 17:34:46.293389] [INFO] [course_manager] 코스 삭제
[2026-08-11 17:34:46.293390] [INFO] [path_server] 경로 삭제
[2026-08-11 17:34:46.293402] [INFO] [task_manager] 생성
[2026-08-11 17:34:46.293571] [INFO] [mediator] connectors 생성
[2026-08-11 17:34:46.293592] [INFO] [fms] 생성
[2026-08-11 17:34:46.293593] [INFO] [fms] 통신 드라이버 생성
[2026-08-11 17:34:46.293888] [INFO] [joystick] 생성
[2026-08-11 17:34:46.294128] [INFO] [motions] 생성
[2026-08-11 17:34:46.294149] [INFO] [localizers] 생성
[2026-08-11 17:34:46.294254] [INFO] [localizers] 파라미터 : 

[2026-08-11 17:34:46.294270] [INFO] [safety_plc] 생성
[2026-08-11 17:34:46.294285] [INFO] [load_handler] 생성
[2026-08-11 17:34:46.294299] [INFO] [power_system] 생성
[2026-08-11 17:34:46.294416] [INFO] [power_system] 설정 정보 : remaining[40%, 10%, 5%]
[2026-08-11 17:34:46.294867] [INFO] [power_system] 알람 목록 : 
 • [100015, 100001] [INFO] 자동 충전 시작.
 • [100015, 100002] [INFO] 배터리 가득.
 • [100015, 400001] [CRIT] 배터리 남은 양 - 위험
 • [100015, 300001] [ERROR] 배터리 남은 양 - 에러
 • [100015, 200001] [WARN] 배터리 남은 양 - 주의
 • [100015, 100004] [INFO] 자동 충전 해제 완료.
 • [100015, 100003] [INFO] 자동 충전 해제 시작.
[2026-08-11 17:34:46.294871] [INFO] [mediator] connector 의존성 주입
[2026-08-11 17:34:46.294881] [INFO] [mediator] any map 등록
[2026-08-11 17:34:46.294895] [INFO] [mediator] any collector 등록
[2026-08-11 17:34:46.294900] [INFO] [mediator] any collector 목록 검사
[2026-08-11 17:34:46.294950] [INFO] [framework] after init 실행
[2026-08-11 17:34:46.295219] [INFO] [course_tracker] 생성
[2026-08-11 17:34:46.295236] [INFO] [course_tracker] 파라미터 : 
◈ node_bound[0.030m, 0.150m, 0.005m]
 • approach[0.150m, 0.050m/s, -0.005m, -0.200m, 0.100m]
 • align[(10.000°, 5.000°/s), 50.000°, 30.000°/s), 0.800°, -0.100°]
◈ motion param : 
 • reference_angle[0.000°, 45.000°]
 • threshold_angle[15.000°, 20.000°, 170.000°]
 • threshold_error[0.300°, 5.000°]
 • normal[0.150m/s, 8.000, 0.800m/s, 0.500]
 • angle[0.150m/s, 1.500, 0.800m/s, 2.100]
 • protection_overshoot[0.100m/s, 0.900, 0.500m/s, 0.900]
 • speed_rotation[15.000°/s]
[2026-08-11 17:34:46.295239] [INFO] [framework] 제어 쓰레드 시작
[2026-08-11 17:34:46.295286] [INFO] [path_server] 노드 초기화 성공 : 로봇 좌표[7.989m 18.996m 90.086°] 최단 거리 노드[103] 거리(0.012097m)
[2026-08-11 17:35:16.398385] [INFO] [task::fsm] charging
[2026-08-11 17:35:16.398392] [INFO] [power_system] 충전 프로세스 시작
[2026-08-11 17:35:16.398405] [INFO] [health_monitor] [등록][100015, 100001] : 자동 충전 시작.
[2026-08-11 17:35:21.408910] [INFO] [health_monitor] [삭제][100015, 100001] : 자동 충전 시작.
[2026-08-11 17:35:29.773238] [INFO] [power_system] 충전 완료
[2026-08-11 17:35:29.773255] [INFO] [health_monitor] [등록][100015, 100002] : 배터리 가득.
[2026-08-11 17:35:29.773258] [INFO] [health_monitor] [등록][100015, 100003] : 자동 충전 해제 시작.
[2026-08-11 17:35:34.783373] [INFO] [health_monitor] [삭제][100015, 100002] : 배터리 가득.
[2026-08-11 17:35:34.783377] [INFO] [health_monitor] [삭제][100015, 100003] : 자동 충전 해제 시작.
[2026-08-11 17:35:34.803302] [INFO] [power_system] 충전 해제 완료
[2026-08-11 17:35:34.803311] [INFO] [health_monitor] [등록][100015, 100004] : 자동 충전 해제 완료.
[2026-08-11 17:35:34.823312] [INFO] [task::fsm] discharging
[2026-08-11 17:35:34.823319] [INFO] [power_system] 충전 해제 프로세스 시작
[2026-08-11 17:35:34.823328] [INFO] [health_monitor] [등록][100015, 100003] : 자동 충전 해제 시작.
[2026-08-11 17:35:34.843272] [INFO] [task::fsm] idle
[2026-08-11 17:35:34.843276] [INFO] [course_manager] 코스 삭제
[2026-08-11 17:35:34.843278] [INFO] [path_server] 경로 삭제
[2026-08-11 17:35:34.883191] [INFO] [task::fsm] idle
[2026-08-11 17:35:34.883202] [INFO] [path_server] 경로 삭제
[2026-08-11 17:35:34.883200] [INFO] [course_manager] 코스 삭제
[2026-08-11 17:35:39.813223] [INFO] [health_monitor] [삭제][100015, 100004] : 자동 충전 해제 완료.
[2026-08-11 17:35:39.833225] [INFO] [health_monitor] [삭제][100015, 100003] : 자동 충전 해제 시작.
[2026-08-11 17:37:29.906629] [INFO] [task::fsm] charging
[2026-08-11 17:37:29.906649] [INFO] [health_monitor] [등록][100015, 100001] : 자동 충전 시작.
[2026-08-11 17:37:29.906636] [INFO] [power_system] 충전 프로세스 시작
[2026-08-11 17:37:34.917156] [INFO] [health_monitor] [삭제][100015, 100001] : 자동 충전 시작.
[2026-08-11 17:37:43.283044] [INFO] [power_system] 충전 완료
[2026-08-11 17:37:43.283068] [INFO] [health_monitor] [등록][100015, 100003] : 자동 충전 해제 시작.
[2026-08-11 17:37:43.283065] [INFO] [health_monitor] [등록][100015, 100002] : 배터리 가득.
[2026-08-11 17:37:48.293328] [INFO] [health_monitor] [삭제][100015, 100002] : 배터리 가득.
[2026-08-11 17:37:48.293333] [INFO] [health_monitor] [삭제][100015, 100003] : 자동 충전 해제 시작.
[2026-08-11 17:37:48.313237] [INFO] [power_system] 충전 해제 완료
[2026-08-11 17:37:48.313249] [INFO] [health_monitor] [등록][100015, 100004] : 자동 충전 해제 완료.
[2026-08-11 17:37:48.333211] [INFO] [task::fsm] discharging
[2026-08-11 17:37:48.333217] [INFO] [power_system] 충전 해제 프로세스 시작
[2026-08-11 17:37:48.333224] [INFO] [health_monitor] [등록][100015, 100003] : 자동 충전 해제 시작.
[2026-08-11 17:37:48.353198] [INFO] [task::fsm] idle
[2026-08-11 17:37:48.353204] [INFO] [course_manager] 코스 삭제
[2026-08-11 17:37:48.353205] [INFO] [path_server] 경로 삭제
[2026-08-11 17:37:48.393138] [INFO] [task::fsm] idle
[2026-08-11 17:37:48.393142] [INFO] [course_manager] 코스 삭제
[2026-08-11 17:37:48.393144] [INFO] [path_server] 경로 삭제
[2026-08-11 17:37:53.326321] [INFO] [health_monitor] [삭제][100015, 100004] : 자동 충전 해제 완료.
[2026-08-11 17:37:53.346217] [INFO] [health_monitor] [삭제][100015, 100003] : 자동 충전 해제 시작.
[2026-08-11 17:39:43.403650] [INFO] [task::fsm] charging
[2026-08-11 17:39:43.403658] [INFO] [power_system] 충전 프로세스 시작
[2026-08-11 17:39:43.403671] [INFO] [health_monitor] [등록][100015, 100001] : 자동 충전 시작.
[2026-08-11 17:39:48.416909] [INFO] [health_monitor] [삭제][100015, 100001] : 자동 충전 시작.
[2026-08-11 17:39:56.781323] [INFO] [power_system] 충전 완료
[2026-08-11 17:39:56.781339] [INFO] [health_monitor] [등록][100015, 100002] : 배터리 가득.
[2026-08-11 17:39:56.781341] [INFO] [health_monitor] [등록][100015, 100003] : 자동 충전 해제 시작.
[2026-08-11 17:40:01.792441] [INFO] [health_monitor] [삭제][100015, 100002] : 배터리 가득.
[2026-08-11 17:40:01.792447] [INFO] [health_monitor] [삭제][100015, 100003] : 자동 충전 해제 시작.
[2026-08-11 17:40:01.812480] [INFO] [power_system] 충전 해제 완료
[2026-08-11 17:40:01.812499] [INFO] [health_monitor] [등록][100015, 100004] : 자동 충전 해제 완료.
[2026-08-11 17:40:01.832439] [INFO] [task::fsm] discharging
[2026-08-11 17:40:01.832450] [INFO] [power_system] 충전 해제 프로세스 시작
[2026-08-11 17:40:01.832464] [INFO] [health_monitor] [등록][100015, 100003] : 자동 충전 해제 시작.
[2026-08-11 17:40:01.852351] [INFO] [task::fsm] idle
[2026-08-11 17:40:01.852359] [INFO] [course_manager] 코스 삭제
[2026-08-11 17:40:01.852362] [INFO] [path_server] 경로 삭제
[2026-08-11 17:40:01.892355] [INFO] [task::fsm] idle
[2026-08-11 17:40:01.892364] [INFO] [path_server] 경로 삭제
[2026-08-11 17:40:01.892362] [INFO] [course_manager] 코스 삭제
[2026-08-11 17:40:32.783510] [INFO] [framework] 프로그램 시작
[2026-08-11 17:40:32.783515] [WARNING] [framework] 프로그램 시작
[2026-08-11 17:40:32.783516] [CRITICAL] [framework] 프로그램 시작
[2026-08-11 17:40:32.783517] [INFO] [framework] 설정 파일 위치 : ../configs/robot_1
[2026-08-11 17:40:32.783693] [INFO] [framework] ID[0, 1], 이름[김첫째], 제어주기[20ms], 버젼[], 장소[우리집], 환경모드[simulation]
[2026-08-11 17:40:32.783734] [INFO] [mediator] 생성
[2026-08-11 17:40:32.783768] [INFO] [graph_manager] 생성
[2026-08-11 17:40:32.828101] [INFO] [stop_server] 생성
[2026-08-11 17:40:32.828135] [INFO] [health_monitor] 생성
[2026-08-11 17:40:32.828154] [INFO] [path_server] 생성
[2026-08-11 17:40:32.828172] [INFO] [course_manager] 생성
[2026-08-11 17:40:32.828184] [INFO] [task::fsm] 생성
[2026-08-11 17:40:32.828186] [INFO] [task::fsm] idle
[2026-08-11 17:40:32.828188] [INFO] [course_manager] 코스 삭제
[2026-08-11 17:40:32.828189] [INFO] [path_server] 경로 삭제
[2026-08-11 17:40:32.828203] [INFO] [task_manager] 생성
[2026-08-11 17:40:32.828308] [INFO] [mediator] connectors 생성
[2026-08-11 17:40:32.828323] [INFO] [fms] 생성
[2026-08-11 17:40:32.828324] [INFO] [fms] 통신 드라이버 생성
[2026-08-11 17:40:32.828524] [INFO] [joystick] 생성
[2026-08-11 17:40:32.828728] [INFO] [motions] 생성
[2026-08-11 17:40:32.828749] [INFO] [localizers] 생성
[2026-08-11 17:40:32.828841] [INFO] [localizers] 파라미터 : 

[2026-08-11 17:40:32.828856] [INFO] [safety_plc] 생성
[2026-08-11 17:40:32.828869] [INFO] [load_handler] 생성
[2026-08-11 17:40:32.828881] [INFO] [power_system] 생성
[2026-08-11 17:40:32.828988] [INFO] [power_system] 설정 정보 : remaining[40%, 10%, 5%]
[2026-08-11 17:40:32.829435] [INFO] [power_system] 알람 목록 : 
 • [100015, 100001] [INFO] 자동 충전 시작.
 • [100015, 100002] [INFO] 배터리 가득.
 • [100015, 400001] [CRIT] 배터리 남은 양 - 위험
 • [100015, 300001] [ERROR] 배터리 남은 양 - 에러
 • [100015, 200001] [WARN] 배터리 남은 양 - 주의
 • [100015, 100004] [INFO] 자동 충전 해제 완료.
 • [100015, 100003] [INFO] 자동 충전 해제 시작.
[2026-08-11 17:40:32.829441] [INFO] [mediator] any map 등록
[2026-08-11 17:40:32.829439] [INFO] [mediator] connector 의존성 주입
[2026-08-11 17:40:32.829453] [INFO] [mediator] any collector 목록 검사
[2026-08-11 17:40:32.829450] [INFO] [mediator] any collector 등록
[2026-08-11 17:40:32.829495] [INFO] [framework] after init 실행
[2026-08-11 17:40:32.829911] [INFO] [course_tracker] 생성
[2026-08-11 17:40:32.829936] [INFO] [course_tracker] 파라미터 : 
◈ node_bound[0.030m, 0.150m, 0.005m]
 • approach[0.150m, 0.050m/s, -0.005m, -0.200m, 0.100m]
 • align[(10.000°, 5.000°/s), 50.000°, 30.000°/s), 0.800°, -0.100°]
◈ motion param : 
 • reference_angle[0.000°, 45.000°]
 • threshold_angle[15.000°, 20.000°, 170.000°]
 • threshold_error[0.300°, 5.000°]
 • normal[0.150m/s, 8.000, 0.800m/s, 0.500]
 • angle[0.150m/s, 1.500, 0.800m/s, 2.100]
 • protection_overshoot[0.100m/s, 0.900, 0.500m/s, 0.900]
 • speed_rotation[15.000°/s]
[2026-08-11 17:40:32.829941] [INFO] [framework] 제어 쓰레드 시작
[2026-08-11 17:40:32.830003] [INFO] [path_server] 노드 초기화 성공 : 로봇 좌표[7.989m 18.996m 90.086°] 최단 거리 노드[103] 거리(0.012097m)
[2026-08-11 17:41:02.931359] [INFO] [task::fsm] charging
[2026-08-11 17:41:02.931382] [INFO] [health_monitor] [등록][100015, 100001] : 자동 충전 시작.
[2026-08-11 17:41:02.931367] [INFO] [power_system] 충전 프로세스 시작
[2026-08-11 17:41:07.941982] [INFO] [health_monitor] [삭제][100015, 100001] : 자동 충전 시작.
[2026-08-11 17:41:16.306162] [INFO] [power_system] 충전 완료
[2026-08-11 17:41:16.306178] [INFO] [health_monitor] [등록][100015, 100002] : 배터리 가득.
[2026-08-11 17:41:16.306182] [INFO] [health_monitor] [등록][100015, 100003] : 자동 충전 해제 시작.
[2026-08-11 17:41:21.316456] [INFO] [health_monitor] [삭제][100015, 100002] : 배터리 가득.
[2026-08-11 17:41:21.316463] [INFO] [health_monitor] [삭제][100015, 100003] : 자동 충전 해제 시작.
[2026-08-11 17:41:21.336461] [INFO] [power_system] 충전 해제 완료
[2026-08-11 17:41:21.336473] [INFO] [health_monitor] [등록][100015, 100004] : 자동 충전 해제 완료.
[2026-08-11 17:41:21.356427] [INFO] [task::fsm] discharging
[2026-08-11 17:41:21.356436] [INFO] [power_system] 충전 해제 프로세스 시작
[2026-08-11 17:41:21.356447] [INFO] [health_monitor] [등록][100015, 100003] : 자동 충전 해제 시작.
[2026-08-11 17:41:21.376332] [INFO] [task::fsm] idle
[2026-08-11 17:41:21.376336] [INFO] [course_manager] 코스 삭제
[2026-08-11 17:41:21.376337] [INFO] [path_server] 경로 삭제
[2026-08-11 17:41:21.416313] [INFO] [task::fsm] idle
[2026-08-11 17:41:21.416322] [INFO] [path_server] 경로 삭제
[2026-08-11 17:41:21.416320] [INFO] [course_manager] 코스 삭제
[2026-08-11 17:41:26.346681] [INFO] [health_monitor] [삭제][100015, 100004] : 자동 충전 해제 완료.
[2026-08-11 17:41:26.366719] [INFO] [health_monitor] [삭제][100015, 100003] : 자동 충전 해제 시작.
[2026-08-11 17:41:27.464678] [INFO] [path_server] 새로운 경로 설정 : path[103 ➜ 203] time[0s] dist[19.5m] list[14] : 103-1072-1073-1074-1075-1076-1159-1158-1157-1160-1161-1162-1163-203
[2026-08-11 17:41:31.337534] [INFO] [path_server] 노드 업데이트 : [1072] ➜ [1073]
[2026-08-11 17:41:31.417404] [INFO] [path_server] 새로운 경로 설정 : path[1072 ➜ 203] time[0s] dist[18m] list[13] : 1072-1073-1074-1075-1076-1159-1158-1157-1160-1161-1162-1163-203
[2026-08-11 17:41:34.930184] [INFO] [path_server] 노드 업데이트 : [1073] ➜ [1074]
[2026-08-11 17:41:34.990089] [INFO] [path_server] 새로운 경로 설정 : path[1073 ➜ 203] time[0s] dist[16.5m] list[12] : 1073-1074-1075-1076-1159-1158-1157-1160-1161-1162-1163-203
[2026-08-11 17:41:36.048033] [INFO] [path_server] 노드 업데이트 : [1074] ➜ [1075]
[2026-08-11 17:41:36.127870] [INFO] [path_server] 새로운 경로 설정 : path[1074 ➜ 203] time[0s] dist[15m] list[11] : 1074-1075-1076-1159-1158-1157-1160-1161-1162-1163-203
[2026-08-11 17:41:36.866261] [INFO] [path_server] 노드 업데이트 : [1075] ➜ [1076]
[2026-08-11 17:41:36.946177] [INFO] [path_server] 새로운 경로 설정 : path[1075 ➜ 203] time[0s] dist[13.5m] list[10] : 1075-1076-1159-1158-1157-1160-1161-1162-1163-203
[2026-08-11 17:41:38.283544] [INFO] [path_server] 노드 업데이트 : [1076] ➜ [1159]
[2026-08-11 17:41:38.343467] [INFO] [path_server] 새로운 경로 설정 : path[1076 ➜ 203] time[0s] dist[12m] list[9] : 1076-1159-1158-1157-1160-1161-1162-1163-203
[2026-08-11 17:41:41.736665] [INFO] [path_server] 노드 업데이트 : [1159] ➜ [1158]
[2026-08-11 17:41:41.816521] [INFO] [path_server] 새로운 경로 설정 : path[1159 ➜ 203] time[0s] dist[10.5m] list[8] : 1159-1158-1157-1160-1161-1162-1163-203
[2026-08-11 17:41:42.834431] [INFO] [path_server] 노드 업데이트 : [1158] ➜ [1157]
[2026-08-11 17:41:42.894314] [INFO] [path_server] 새로운 경로 설정 : path[1158 ➜ 203] time[0s] dist[9m] list[7] : 1158-1157-1160-1161-1162-1163-203
[2026-08-11 17:41:44.251574] [INFO] [path_server] 노드 업데이트 : [1157] ➜ [1160]
[2026-08-11 17:41:44.351422] [INFO] [path_server] 새로운 경로 설정 : path[1157 ➜ 203] time[0s] dist[7.5m] list[6] : 1157-1160-1161-1162-1163-203
[2026-08-11 17:41:47.684758] [INFO] [path_server] 노드 업데이트 : [1160] ➜ [1161]
[2026-08-11 17:41:47.764647] [INFO] [path_server] 새로운 경로 설정 : path[1160 ➜ 203] time[0s] dist[6m] list[5] : 1160-1161-1162-1163-203
[2026-08-11 17:41:48.802657] [INFO] [path_server] 노드 업데이트 : [1161] ➜ [1162]
[2026-08-11 17:41:48.862548] [INFO] [path_server] 새로운 경로 설정 : path[1161 ➜ 203] time[0s] dist[4.5m] list[4] : 1161-1162-1163-203
[2026-08-11 17:41:49.620975] [INFO] [path_server] 노드 업데이트 : [1162] ➜ [1163]
[2026-08-11 17:41:49.700779] [INFO] [path_server] 새로운 경로 설정 : path[1162 ➜ 203] time[0s] dist[3m] list[3] : 1162-1163-203
[2026-08-11 17:41:52.355479] [INFO] [path_server] 노드 업데이트 : [1163] ➜ [203]
[2026-08-11 17:41:52.435369] [INFO] [path_server] 새로운 경로 설정 : path[1163 ➜ 203] time[0s] dist[1.5m] list[2] : 1163-203
[2026-08-11 17:41:56.527507] [INFO] [path_server] 노드 업데이트 : [203] ➜ [-1]
[2026-08-11 17:41:59.401828] [INFO] [course_tracker] 목적지에서 각도 정렬 : [8.000m 14.500m 0.000°]
[2026-08-11 17:42:00.359902] [INFO] [path_server] 노드 업데이트 : [203] ➜ [-1]
[2026-08-11 17:42:00.379907] [INFO] [task::fsm] push_done
[2026-08-11 17:42:00.439781] [INFO] [task::fsm] idle
[2026-08-11 17:42:00.439793] [INFO] [path_server] 경로 삭제
[2026-08-11 17:42:00.439790] [INFO] [course_manager] 코스 삭제
[2026-08-11 17:43:43.833014] [INFO] [framework] 프로그램 시작
[2026-08-11 17:43:43.833020] [WARNING] [framework] 프로그램 시작
[2026-08-11 17:43:43.833021] [CRITICAL] [framework] 프로그램 시작
[2026-08-11 17:43:43.833022] [INFO] [framework] 설정 파일 위치 : ../configs/robot_1
[2026-08-11 17:43:43.833210] [INFO] [framework] ID[0, 1], 이름[김첫째], 제어주기[20ms], 버젼[], 장소[우리집], 환경모드[simulation]
[2026-08-11 17:43:43.833247] [INFO] [mediator] 생성
[2026-08-11 17:43:43.833284] [INFO] [graph_manager] 생성
[2026-08-11 17:43:43.883571] [INFO] [stop_server] 생성
[2026-08-11 17:43:43.883617] [INFO] [health_monitor] 생성
[2026-08-11 17:43:43.883643] [INFO] [path_server] 생성
[2026-08-11 17:43:43.883663] [INFO] [course_manager] 생성
[2026-08-11 17:43:43.883693] [INFO] [task::fsm] 생성
[2026-08-11 17:43:43.883695] [INFO] [task::fsm] idle
[2026-08-11 17:43:43.883697] [INFO] [course_manager] 코스 삭제
[2026-08-11 17:43:43.883697] [INFO] [path_server] 경로 삭제
[2026-08-11 17:43:43.883716] [INFO] [task_manager] 생성
[2026-08-11 17:43:43.883879] [INFO] [mediator] connectors 생성
[2026-08-11 17:43:43.883912] [INFO] [fms] 생성
[2026-08-11 17:43:43.883914] [INFO] [fms] 통신 드라이버 생성
[2026-08-11 17:43:43.884271] [INFO] [joystick] 생성
[2026-08-11 17:43:43.884660] [INFO] [motions] 생성
[2026-08-11 17:43:43.884690] [INFO] [localizers] 생성
[2026-08-11 17:43:43.884856] [INFO] [localizers] 파라미터 : 

[2026-08-11 17:43:43.884881] [INFO] [safety_plc] 생성
[2026-08-11 17:43:43.884901] [INFO] [load_handler] 생성
[2026-08-11 17:43:43.884921] [INFO] [power_system] 생성
[2026-08-11 17:43:43.885090] [INFO] [power_system] 설정 정보 : remaining[40%, 10%, 5%]
[2026-08-11 17:43:43.885769] [INFO] [power_system] 알람 목록 : 
 • [100015, 100001] [INFO] 자동 충전 시작.
 • [100015, 100002] [INFO] 배터리 가득.
 • [100015, 400001] [CRIT] 배터리 남은 양 - 위험
 • [100015, 300001] [ERROR] 배터리 남은 양 - 에러
 • [100015, 200001] [WARN] 배터리 남은 양 - 주의
 • [100015, 100004] [INFO] 자동 충전 해제 완료.
 • [100015, 100003] [INFO] 자동 충전 해제 시작.
[2026-08-11 17:43:43.885775] [INFO] [mediator] connector 의존성 주입
[2026-08-11 17:43:43.885792] [INFO] [mediator] any collector 등록
[2026-08-11 17:43:43.885780] [INFO] [mediator] any map 등록
[2026-08-11 17:43:43.885795] [INFO] [mediator] any collector 목록 검사
[2026-08-11 17:43:43.885881] [INFO] [framework] after init 실행
[2026-08-11 17:43:43.886258] [INFO] [course_tracker] 생성
[2026-08-11 17:43:43.886277] [INFO] [course_tracker] 파라미터 : 
◈ node_bound[0.030m, 0.150m, 0.005m]
 • approach[0.150m, 0.050m/s, -0.005m, -0.200m, 0.100m]
 • align[(10.000°, 5.000°/s), 50.000°, 30.000°/s), 0.800°, -0.100°]
◈ motion param : 
 • reference_angle[0.000°, 45.000°]
 • threshold_angle[15.000°, 20.000°, 170.000°]
 • threshold_error[0.300°, 5.000°]
 • normal[0.150m/s, 8.000, 0.800m/s, 0.500]
 • angle[0.150m/s, 1.500, 0.800m/s, 2.100]
 • protection_overshoot[0.100m/s, 0.900, 0.500m/s, 0.900]
 • speed_rotation[15.000°/s]
[2026-08-11 17:43:43.886281] [INFO] [framework] 제어 쓰레드 시작
[2026-08-11 17:43:43.886332] [INFO] [path_server] 노드 초기화 성공 : 로봇 좌표[7.989m 14.496m -89.973°] 최단 거리 노드[203] 거리(0.011661m)
[2026-08-11 17:44:21.650317] [INFO] [framework] 프로그램 시작
[2026-08-11 17:44:21.650323] [WARNING] [framework] 프로그램 시작
[2026-08-11 17:44:21.650324] [CRITICAL] [framework] 프로그램 시작
[2026-08-11 17:44:21.650325] [INFO] [framework] 설정 파일 위치 : ../configs/robot_1
[2026-08-11 17:44:21.650503] [INFO] [framework] ID[0, 1], 이름[김첫째], 제어주기[20ms], 버젼[], 장소[우리집], 환경모드[simulation]
[2026-08-11 17:44:21.650536] [INFO] [mediator] 생성
[2026-08-11 17:44:21.650587] [INFO] [graph_manager] 생성
[2026-08-11 17:44:21.700830] [INFO] [stop_server] 생성
[2026-08-11 17:44:21.700868] [INFO] [health_monitor] 생성
[2026-08-11 17:44:21.700912] [INFO] [path_server] 생성
[2026-08-11 17:44:21.700941] [INFO] [course_manager] 생성
[2026-08-11 17:44:21.700964] [INFO] [task::fsm] 생성
[2026-08-11 17:44:21.700965] [INFO] [task::fsm] idle
[2026-08-11 17:44:21.700968] [INFO] [course_manager] 코스 삭제
[2026-08-11 17:44:21.700969] [INFO] [path_server] 경로 삭제
[2026-08-11 17:44:21.700988] [INFO] [task_manager] 생성
[2026-08-11 17:44:21.701164] [INFO] [mediator] connectors 생성
[2026-08-11 17:44:21.701194] [INFO] [fms] 생성
[2026-08-11 17:44:21.701196] [INFO] [fms] 통신 드라이버 생성
[2026-08-11 17:44:21.701563] [INFO] [joystick] 생성
[2026-08-11 17:44:21.701906] [INFO] [motions] 생성
[2026-08-11 17:44:21.701938] [INFO] [localizers] 생성
[2026-08-11 17:44:21.702086] [INFO] [localizers] 파라미터 : 

[2026-08-11 17:44:21.702112] [INFO] [safety_plc] 생성
[2026-08-11 17:44:21.702132] [INFO] [load_handler] 생성
[2026-08-11 17:44:21.702153] [INFO] [power_system] 생성
[2026-08-11 17:44:21.702311] [INFO] [power_system] 설정 정보 : remaining[40%, 10%, 5%]
[2026-08-11 17:44:21.702964] [INFO] [power_system] 알람 목록 : 
 • [100015, 100001] [INFO] 자동 충전 시작.
 • [100015, 100002] [INFO] 배터리 가득.
 • [100015, 400001] [CRIT] 배터리 남은 양 - 위험
 • [100015, 300001] [ERROR] 배터리 남은 양 - 에러
 • [100015, 200001] [WARN] 배터리 남은 양 - 주의
 • [100015, 100004] [INFO] 자동 충전 해제 완료.
 • [100015, 100003] [INFO] 자동 충전 해제 시작.
[2026-08-11 17:44:21.702975] [INFO] [mediator] any map 등록
[2026-08-11 17:44:21.702970] [INFO] [mediator] connector 의존성 주입
[2026-08-11 17:44:21.702983] [INFO] [mediator] any collector 등록
[2026-08-11 17:44:21.702987] [INFO] [mediator] any collector 목록 검사
[2026-08-11 17:44:21.703052] [INFO] [framework] after init 실행
[2026-08-11 17:44:21.703265] [INFO] [course_tracker] 생성
[2026-08-11 17:44:21.703278] [INFO] [course_tracker] 파라미터 : 
◈ node_bound[0.030m, 0.150m, 0.005m]
 • approach[0.150m, 0.050m/s, -0.005m, -0.200m, 0.100m]
 • align[(10.000°, 5.000°/s), 50.000°, 30.000°/s), 0.800°, -0.100°]
◈ motion param : 
 • reference_angle[0.000°, 45.000°]
 • threshold_angle[15.000°, 20.000°, 170.000°]
 • threshold_error[0.300°, 5.000°]
 • normal[0.150m/s, 8.000, 0.800m/s, 0.500]
 • angle[0.150m/s, 1.500, 0.800m/s, 2.100]
 • protection_overshoot[0.100m/s, 0.900, 0.500m/s, 0.900]
 • speed_rotation[15.000°/s]
[2026-08-11 17:44:21.703280] [INFO] [framework] 제어 쓰레드 시작
[2026-08-11 17:44:21.703317] [INFO] [path_server] 노드 초기화 성공 : 로봇 좌표[7.989m 14.496m -89.973°] 최단 거리 노드[203] 거리(0.011661m)
[2026-08-11 17:44:56.818892] [INFO] [path_server] 새로운 경로 설정 : path[203 ➜ 104] time[0s] dist[57m] list[39] : 203-1163-1164-1165-1166-1167-1168-41-1170-1171-1172-1173-1174-1175-1176-1177-1178-1081-1185-1186-1187-1188-1056-1057-1058-1059-1060-1061-1062-1063-1064-1065-40-1067-1068-1069-1070-1071-104
[2026-08-11 17:45:27.758684] [INFO] [framework] 프로그램 시작
[2026-08-11 17:45:27.758691] [WARNING] [framework] 프로그램 시작
[2026-08-11 17:45:27.758694] [CRITICAL] [framework] 프로그램 시작
[2026-08-11 17:45:51.297464] [INFO] [framework] 프로그램 시작
[2026-08-11 17:45:51.297472] [WARNING] [framework] 프로그램 시작
[2026-08-11 17:45:51.297474] [CRITICAL] [framework] 프로그램 시작
[2026-08-11 17:45:51.297475] [INFO] [framework] 설정 파일 위치 : ../configs/robot_1
[2026-08-11 17:45:51.297650] [INFO] [framework] ID[0, 1], 이름[김첫째], 제어주기[20ms], 버젼[], 장소[우리집], 환경모드[simulation]
[2026-08-11 17:45:51.297684] [INFO] [mediator] 생성
[2026-08-11 17:45:51.297713] [INFO] [graph_manager] 생성
[2026-08-11 17:45:51.347203] [INFO] [stop_server] 생성
[2026-08-11 17:45:51.347250] [INFO] [health_monitor] 생성
[2026-08-11 17:45:51.347272] [INFO] [path_server] 생성
[2026-08-11 17:45:51.347292] [INFO] [course_manager] 생성
[2026-08-11 17:45:51.347311] [INFO] [task::fsm] 생성
[2026-08-11 17:45:51.347312] [INFO] [task::fsm] idle
[2026-08-11 17:45:51.347316] [INFO] [course_manager] 코스 삭제
[2026-08-11 17:45:51.347316] [INFO] [path_server] 경로 삭제
[2026-08-11 17:45:51.347334] [INFO] [task_manager] 생성
[2026-08-11 17:45:51.347479] [INFO] [mediator] connectors 생성
[2026-08-11 17:45:51.347503] [INFO] [fms] 생성
[2026-08-11 17:45:51.347505] [INFO] [fms] 통신 드라이버 생성
[2026-08-11 17:45:51.347825] [INFO] [joystick] 생성
[2026-08-11 17:45:51.348154] [INFO] [motions] 생성
[2026-08-11 17:45:51.348184] [INFO] [localizers] 생성
[2026-08-11 17:45:51.348321] [INFO] [localizers] 파라미터 : 

[2026-08-11 17:45:51.348345] [INFO] [safety_plc] 생성
[2026-08-11 17:45:51.348366] [INFO] [load_handler] 생성
[2026-08-11 17:45:51.348385] [INFO] [power_system] 생성
[2026-08-11 17:45:51.348541] [INFO] [power_system] 설정 정보 : remaining[40%, 10%, 5%]
[2026-08-11 17:45:51.349174] [INFO] [power_system] 알람 목록 : 
 • [100015, 100001] [INFO] 자동 충전 시작.
 • [100015, 100002] [INFO] 배터리 가득.
 • [100015, 400001] [CRIT] 배터리 남은 양 - 위험
 • [100015, 300001] [ERROR] 배터리 남은 양 - 에러
 • [100015, 200001] [WARN] 배터리 남은 양 - 주의
 • [100015, 100004] [INFO] 자동 충전 해제 완료.
 • [100015, 100003] [INFO] 자동 충전 해제 시작.
[2026-08-11 17:45:51.349180] [INFO] [mediator] connector 의존성 주입
[2026-08-11 17:45:51.349186] [INFO] [mediator] any map 등록
[2026-08-11 17:45:51.349194] [INFO] [mediator] any collector 등록
[2026-08-11 17:45:51.349199] [INFO] [mediator] any collector 목록 검사
[2026-08-11 17:45:51.349293] [INFO] [framework] after init 실행
[2026-08-11 17:45:51.349688] [INFO] [course_tracker] 생성
[2026-08-11 17:45:51.349707] [INFO] [course_tracker] 파라미터 : 
◈ node_bound[0.030m, 0.150m, 0.005m]
 • approach[0.150m, 0.050m/s, -0.005m, -0.200m, 0.100m]
 • align[(10.000°, 5.000°/s), 50.000°, 30.000°/s), 0.800°, -0.100°]
◈ motion param : 
 • reference_angle[0.000°, 45.000°]
 • threshold_angle[15.000°, 20.000°, 170.000°]
 • threshold_error[0.300°, 5.000°]
 • normal[0.150m/s, 8.000, 0.800m/s, 0.500]
 • angle[0.150m/s, 1.500, 0.800m/s, 2.100]
 • protection_overshoot[0.100m/s, 0.900, 0.500m/s, 0.900]
 • speed_rotation[15.000°/s]
[2026-08-11 17:45:51.349711] [INFO] [framework] 제어 쓰레드 시작
[2026-08-11 17:45:51.349778] [INFO] [path_server] 노드 초기화 성공 : 로봇 좌표[9.489m 18.997m 90.045°] 최단 거리 노드[104] 거리(0.011735m)
[2026-08-11 17:46:21.451218] [INFO] [task::fsm] charging
[2026-08-11 17:46:21.451240] [INFO] [health_monitor] [등록][100015, 100001] : 자동 충전 시작.
[2026-08-11 17:46:21.451227] [INFO] [power_system] 충전 프로세스 시작
[2026-08-11 17:46:26.462052] [INFO] [health_monitor] [삭제][100015, 100001] : 자동 충전 시작.
[2026-08-11 17:46:34.825705] [INFO] [power_system] 충전 완료
[2026-08-11 17:46:34.825730] [INFO] [health_monitor] [등록][100015, 100002] : 배터리 가득.
[2026-08-11 17:46:34.825732] [INFO] [health_monitor] [등록][100015, 100003] : 자동 충전 해제 시작.
[2026-08-11 17:46:39.837254] [INFO] [health_monitor] [삭제][100015, 100002] : 배터리 가득.
[2026-08-11 17:46:39.837262] [INFO] [health_monitor] [삭제][100015, 100003] : 자동 충전 해제 시작.
[2026-08-11 17:46:39.857240] [INFO] [power_system] 충전 해제 완료
[2026-08-11 17:46:39.857251] [INFO] [health_monitor] [등록][100015, 100004] : 자동 충전 해제 완료.
[2026-08-11 17:46:39.877196] [INFO] [task::fsm] discharging
[2026-08-11 17:46:39.877204] [INFO] [power_system] 충전 해제 프로세스 시작
[2026-08-11 17:46:39.877213] [INFO] [health_monitor] [등록][100015, 100003] : 자동 충전 해제 시작.
[2026-08-11 17:46:39.897106] [INFO] [task::fsm] idle
[2026-08-11 17:46:39.897112] [INFO] [course_manager] 코스 삭제
[2026-08-11 17:46:39.897113] [INFO] [path_server] 경로 삭제
[2026-08-11 17:46:39.937106] [INFO] [task::fsm] idle
[2026-08-11 17:46:39.937113] [INFO] [course_manager] 코스 삭제
[2026-08-11 17:46:39.937116] [INFO] [path_server] 경로 삭제
[2026-08-11 17:50:10.509023] [INFO] [framework] 프로그램 시작
[2026-08-11 17:50:10.509030] [WARNING] [framework] 프로그램 시작
[2026-08-11 17:50:10.509032] [INFO] [framework] 설정 파일 위치 : ../configs/robot_1
[2026-08-11 17:50:10.509031] [CRITICAL] [framework] 프로그램 시작
[2026-08-11 17:50:10.509222] [INFO] [framework] ID[0, 1], 이름[김첫째], 제어주기[20ms], 버젼[], 장소[우리집], 환경모드[simulation]
[2026-08-11 17:50:10.509257] [INFO] [mediator] 생성
[2026-08-11 17:50:10.509291] [INFO] [graph_manager] 생성
[2026-08-11 17:50:10.554279] [INFO] [stop_server] 생성
[2026-08-11 17:50:10.554342] [INFO] [health_monitor] 생성
[2026-08-11 17:50:10.554381] [INFO] [path_server] 생성
[2026-08-11 17:50:10.554412] [INFO] [course_manager] 생성
[2026-08-11 17:50:10.554442] [INFO] [task::fsm] 생성
[2026-08-11 17:50:10.554444] [INFO] [task::fsm] idle
[2026-08-11 17:50:10.554458] [INFO] [course_manager] 코스 삭제
[2026-08-11 17:50:10.554467] [INFO] [path_server] 경로 삭제
[2026-08-11 17:50:10.554496] [INFO] [task_manager] 생성
[2026-08-11 17:50:10.554714] [INFO] [mediator] connectors 생성
[2026-08-11 17:50:10.554762] [INFO] [fms] 생성
[2026-08-11 17:50:10.554765] [INFO] [fms] 통신 드라이버 생성
[2026-08-11 17:50:10.555238] [INFO] [joystick] 생성
[2026-08-11 17:50:10.555708] [INFO] [motions] 생성
[2026-08-11 17:50:10.555768] [INFO] [localizers] 생성
[2026-08-11 17:50:10.555960] [INFO] [localizers] 파라미터 : 

[2026-08-11 17:50:10.556001] [INFO] [safety_plc] 생성
[2026-08-11 17:50:10.556033] [INFO] [load_handler] 생성
[2026-08-11 17:50:10.556063] [INFO] [power_system] 생성
[2026-08-11 17:50:10.556284] [INFO] [power_system] 설정 정보 : remaining[40%, 10%, 5%]
[2026-08-11 17:50:10.557136] [INFO] [power_system] 알람 목록 : 
 • [100015, 100001] [INFO] 자동 충전 시작.
 • [100015, 100002] [INFO] 배터리 가득.
 • [100015, 400001] [CRIT] 배터리 남은 양 - 위험
 • [100015, 300001] [ERROR] 배터리 남은 양 - 에러
 • [100015, 200001] [WARN] 배터리 남은 양 - 주의
 • [100015, 100004] [INFO] 자동 충전 해제 완료.
 • [100015, 100003] [INFO] 자동 충전 해제 시작.
[2026-08-11 17:50:10.557149] [INFO] [mediator] any map 등록
[2026-08-11 17:50:10.557145] [INFO] [mediator] connector 의존성 주입
[2026-08-11 17:50:10.557161] [INFO] [mediator] any collector 등록
[2026-08-11 17:50:10.557167] [INFO] [mediator] any collector 목록 검사
[2026-08-11 17:50:10.557302] [INFO] [framework] after init 실행
[2026-08-11 17:50:10.557820] [INFO] [course_tracker] 생성
[2026-08-11 17:50:10.557846] [INFO] [course_tracker] 파라미터 : 
◈ node_bound[0.030m, 0.150m, 0.005m]
 • approach[0.150m, 0.050m/s, -0.005m, -0.200m, 0.100m]
 • align[(10.000°, 5.000°/s), 50.000°, 30.000°/s), 0.800°, -0.100°]
◈ motion param : 
 • reference_angle[0.000°, 45.000°]
 • threshold_angle[15.000°, 20.000°, 170.000°]
 • threshold_error[0.300°, 5.000°]
 • normal[0.150m/s, 8.000, 0.800m/s, 0.500]
 • angle[0.150m/s, 1.500, 0.800m/s, 2.100]
 • protection_overshoot[0.100m/s, 0.900, 0.500m/s, 0.900]
 • speed_rotation[15.000°/s]
[2026-08-11 17:50:10.557850] [INFO] [framework] 제어 쓰레드 시작
[2026-08-11 17:50:10.557953] [INFO] [path_server] 노드 초기화 성공 : 로봇 좌표[9.489m 18.997m 90.045°] 최단 거리 노드[104] 거리(0.011735m)
[2026-08-11 17:50:10.598037] [INFO] [path_server] 새로운 경로 설정 : path[205 ➜ 12] time[0s] dist[54.1231m] list[32] : 1061-1062-1063-1064-1065-40-1067-1068-1069-1070-1071-1072-1073-1074-1075-1076-1077-1078-1390-1391-1001-1002-1003-1004-1005-1006-1007-1008-1010-1017-1039-12
[2026-08-11 17:50:10.598055] [INFO] [course_tracker] 방향 정렬 설정 State::processing[＋, 179.9°]
[2026-08-11 17:50:10.617986] [INFO] [path_server] 새로운 경로 설정 : path[104 ➜ 12] time[0s] dist[39.1231m] list[23] : 104-1071-1072-1073-1074-1075-1076-1077-1078-1390-1391-1001-1002-1003-1004-1005-1006-1007-1008-1010-1017-1039-12
[2026-08-11 17:50:10.617997] [INFO] [course_tracker] 방향 정렬 완료 
[2026-08-11 17:50:15.749274] [INFO] [path_server] 새로운 경로 설정 : path[1071 ➜ 208] time[0s] dist[54m] list[38] : 104-1071-1072-1073-1074-1075-1076-1159-1158-1157-1160-1161-1162-1163-1164-1165-1166-1167-1168-41-1170-1171-1172-1173-1174-1175-1176-1177-1178-1081-1185-1186-1187-1188-1056-1057-1058-208
[2026-08-11 17:50:21.997277] [INFO] [path_server] 노드 업데이트 : [1071] ➜ [1072]
[2026-08-11 17:50:22.077264] [INFO] [path_server] 새로운 경로 설정 : path[1071 ➜ 208] time[0s] dist[54m] list[37] : 1071-1072-1073-1074-1075-1076-1159-1158-1157-1160-1161-1162-1163-1164-1165-1166-1167-1168-41-1170-1171-1172-1173-1174-1175-1176-1177-1178-1081-1185-1186-1187-1188-1056-1057-1058-208
[2026-08-11 17:50:25.590324] [INFO] [path_server] 노드 업데이트 : [1072] ➜ [1073]
[2026-08-11 17:50:25.670265] [INFO] [path_server] 새로운 경로 설정 : path[1072 ➜ 208] time[0s] dist[52.5m] list[36] : 1072-1073-1074-1075-1076-1159-1158-1157-1160-1161-1162-1163-1164-1165-1166-1167-1168-41-1170-1171-1172-1173-1174-1175-1176-1177-1178-1081-1185-1186-1187-1188-1056-1057-1058-208
[2026-08-11 17:50:26.708212] [INFO] [path_server] 노드 업데이트 : [1073] ➜ [1074]
[2026-08-11 17:50:26.768126] [INFO] [path_server] 새로운 경로 설정 : path[1073 ➜ 208] time[0s] dist[51m] list[35] : 1073-1074-1075-1076-1159-1158-1157-1160-1161-1162-1163-1164-1165-1166-1167-1168-41-1170-1171-1172-1173-1174-1175-1176-1177-1178-1081-1185-1186-1187-1188-1056-1057-1058-208
[2026-08-11 17:50:27.526598] [INFO] [path_server] 노드 업데이트 : [1074] ➜ [1075]
[2026-08-11 17:50:27.626457] [INFO] [path_server] 새로운 경로 설정 : path[1074 ➜ 208] time[0s] dist[49.5m] list[34] : 1074-1075-1076-1159-1158-1157-1160-1161-1162-1163-1164-1165-1166-1167-1168-41-1170-1171-1172-1173-1174-1175-1176-1177-1178-1081-1185-1186-1187-1188-1056-1057-1058-208
[2026-08-11 17:50:28.285160] [INFO] [path_server] 노드 업데이트 : [1075] ➜ [1076]
[2026-08-11 17:50:28.365064] [INFO] [path_server] 새로운 경로 설정 : path[1075 ➜ 208] time[0s] dist[48m] list[33] : 1075-1076-1159-1158-1157-1160-1161-1162-1163-1164-1165-1166-1167-1168-41-1170-1171-1172-1173-1174-1175-1176-1177-1178-1081-1185-1186-1187-1188-1056-1057-1058-208
[2026-08-11 17:50:29.682450] [INFO] [path_server] 노드 업데이트 : [1076] ➜ [1159]
[2026-08-11 17:50:29.742375] [INFO] [path_server] 새로운 경로 설정 : path[1076 ➜ 208] time[0s] dist[46.5m] list[32] : 1076-1159-1158-1157-1160-1161-1162-1163-1164-1165-1166-1167-1168-41-1170-1171-1172-1173-1174-1175-1176-1177-1178-1081-1185-1186-1187-1188-1056-1057-1058-208
[2026-08-11 17:50:33.155614] [INFO] [path_server] 노드 업데이트 : [1159] ➜ [1158]
[2026-08-11 17:50:33.215538] [INFO] [path_server] 새로운 경로 설정 : path[1159 ➜ 208] time[0s] dist[45m] list[31] : 1159-1158-1157-1160-1161-1162-1163-1164-1165-1166-1167-1168-41-1170-1171-1172-1173-1174-1175-1176-1177-1178-1081-1185-1186-1187-1188-1056-1057-1058-208
[2026-08-11 17:50:34.253390] [INFO] [path_server] 노드 업데이트 : [1158] ➜ [1157]
[2026-08-11 17:50:34.333333] [INFO] [path_server] 새로운 경로 설정 : path[1158 ➜ 208] time[0s] dist[43.5m] list[30] : 1158-1157-1160-1161-1162-1163-1164-1165-1166-1167-1168-41-1170-1171-1172-1173-1174-1175-1176-1177-1178-1081-1185-1186-1187-1188-1056-1057-1058-208
[2026-08-11 17:50:35.670801] [INFO] [path_server] 노드 업데이트 : [1157] ➜ [1160]
[2026-08-11 17:50:35.730749] [INFO] [path_server] 새로운 경로 설정 : path[1157 ➜ 208] time[0s] dist[42m] list[29] : 1157-1160-1161-1162-1163-1164-1165-1166-1167-1168-41-1170-1171-1172-1173-1174-1175-1176-1177-1178-1081-1185-1186-1187-1188-1056-1057-1058-208
[2026-08-11 17:50:39.123943] [INFO] [path_server] 노드 업데이트 : [1160] ➜ [1161]
[2026-08-11 17:50:39.183823] [INFO] [path_server] 새로운 경로 설정 : path[1160 ➜ 208] time[0s] dist[40.5m] list[28] : 1160-1161-1162-1163-1164-1165-1166-1167-1168-41-1170-1171-1172-1173-1174-1175-1176-1177-1178-1081-1185-1186-1187-1188-1056-1057-1058-208
[2026-08-11 17:50:40.221572] [INFO] [path_server] 노드 업데이트 : [1161] ➜ [1162]
[2026-08-11 17:50:40.301504] [INFO] [path_server] 새로운 경로 설정 : path[1161 ➜ 208] time[0s] dist[39m] list[27] : 1161-1162-1163-1164-1165-1166-1167-1168-41-1170-1171-1172-1173-1174-1175-1176-1177-1178-1081-1185-1186-1187-1188-1056-1057-1058-208
[2026-08-11 17:50:41.039993] [INFO] [path_server] 노드 업데이트 : [1162] ➜ [1163]
[2026-08-11 17:50:41.099920] [INFO] [path_server] 새로운 경로 설정 : path[1162 ➜ 208] time[0s] dist[37.5m] list[26] : 1162-1163-1164-1165-1166-1167-1168-41-1170-1171-1172-1173-1174-1175-1176-1177-1178-1081-1185-1186-1187-1188-1056-1057-1058-208
[2026-08-11 17:50:41.778402] [INFO] [path_server] 노드 업데이트 : [1163] ➜ [1164]
[2026-08-11 17:50:41.858336] [INFO] [path_server] 새로운 경로 설정 : path[1163 ➜ 208] time[0s] dist[36m] list[25] : 1163-1164-1165-1166-1167-1168-41-1170-1171-1172-1173-1174-1175-1176-1177-1178-1081-1185-1186-1187-1188-1056-1057-1058-208
[2026-08-11 17:50:42.537051] [INFO] [path_server] 노드 업데이트 : [1164] ➜ [1165]
[2026-08-11 17:50:42.596971] [INFO] [path_server] 새로운 경로 설정 : path[1164 ➜ 208] time[0s] dist[34.5m] list[24] : 1164-1165-1166-1167-1168-41-1170-1171-1172-1173-1174-1175-1176-1177-1178-1081-1185-1186-1187-1188-1056-1057-1058-208
[2026-08-11 17:50:43.295561] [INFO] [path_server] 노드 업데이트 : [1165] ➜ [1166]
[2026-08-11 17:50:43.375462] [INFO] [path_server] 새로운 경로 설정 : path[1165 ➜ 208] time[0s] dist[33m] list[23] : 1165-1166-1167-1168-41-1170-1171-1172-1173-1174-1175-1176-1177-1178-1081-1185-1186-1187-1188-1056-1057-1058-208
[2026-08-11 17:50:44.034070] [INFO] [path_server] 노드 업데이트 : [1166] ➜ [1167]
[2026-08-11 17:50:44.093992] [INFO] [path_server] 새로운 경로 설정 : path[1166 ➜ 208] time[0s] dist[31.5m] list[22] : 1166-1167-1168-41-1170-1171-1172-1173-1174-1175-1176-1177-1178-1081-1185-1186-1187-1188-1056-1057-1058-208
[2026-08-11 17:50:44.792542] [INFO] [path_server] 노드 업데이트 : [1167] ➜ [1168]
[2026-08-11 17:50:44.872409] [INFO] [path_server] 새로운 경로 설정 : path[1167 ➜ 208] time[0s] dist[30m] list[21] : 1167-1168-41-1170-1171-1172-1173-1174-1175-1176-1177-1178-1081-1185-1186-1187-1188-1056-1057-1058-208
[2026-08-11 17:50:45.531072] [INFO] [path_server] 노드 업데이트 : [1168] ➜ [41]
[2026-08-11 17:50:45.590956] [INFO] [path_server] 새로운 경로 설정 : path[1168 ➜ 208] time[0s] dist[28.5m] list[20] : 1168-41-1170-1171-1172-1173-1174-1175-1176-1177-1178-1081-1185-1186-1187-1188-1056-1057-1058-208
[2026-08-11 17:50:46.289639] [INFO] [path_server] 노드 업데이트 : [41] ➜ [1170]
[2026-08-11 17:50:46.369536] [INFO] [path_server] 새로운 경로 설정 : path[41 ➜ 208] time[0s] dist[27m] list[19] : 41-1170-1171-1172-1173-1174-1175-1176-1177-1178-1081-1185-1186-1187-1188-1056-1057-1058-208
[2026-08-11 17:50:47.028185] [INFO] [path_server] 노드 업데이트 : [1170] ➜ [1171]
[2026-08-11 17:50:47.088076] [INFO] [path_server] 새로운 경로 설정 : path[1170 ➜ 208] time[0s] dist[25.5m] list[18] : 1170-1171-1172-1173-1174-1175-1176-1177-1178-1081-1185-1186-1187-1188-1056-1057-1058-208
[2026-08-11 17:50:47.786660] [INFO] [path_server] 노드 업데이트 : [1171] ➜ [1172]
[2026-08-11 17:50:47.866475] [INFO] [path_server] 새로운 경로 설정 : path[1171 ➜ 208] time[0s] dist[24m] list[17] : 1171-1172-1173-1174-1175-1176-1177-1178-1081-1185-1186-1187-1188-1056-1057-1058-208
[2026-08-11 17:50:48.545115] [INFO] [path_server] 노드 업데이트 : [1172] ➜ [1173]
[2026-08-11 17:50:48.625247] [INFO] [path_server] 새로운 경로 설정 : path[1172 ➜ 208] time[0s] dist[22.5m] list[16] : 1172-1173-1174-1175-1176-1177-1178-1081-1185-1186-1187-1188-1056-1057-1058-208
[2026-08-11 17:50:49.284179] [INFO] [path_server] 노드 업데이트 : [1173] ➜ [1174]
[2026-08-11 17:50:49.364010] [INFO] [path_server] 새로운 경로 설정 : path[1173 ➜ 208] time[0s] dist[21m] list[15] : 1173-1174-1175-1176-1177-1178-1081-1185-1186-1187-1188-1056-1057-1058-208
[2026-08-11 17:50:50.042604] [INFO] [path_server] 노드 업데이트 : [1174] ➜ [1175]
[2026-08-11 17:50:50.122538] [INFO] [path_server] 새로운 경로 설정 : path[1174 ➜ 208] time[0s] dist[19.5m] list[14] : 1174-1175-1176-1177-1178-1081-1185-1186-1187-1188-1056-1057-1058-208
[2026-08-11 17:50:50.781196] [INFO] [path_server] 노드 업데이트 : [1175] ➜ [1176]
[2026-08-11 17:50:50.861083] [INFO] [path_server] 새로운 경로 설정 : path[1175 ➜ 208] time[0s] dist[18m] list[13] : 1175-1176-1177-1178-1081-1185-1186-1187-1188-1056-1057-1058-208
[2026-08-11 17:50:51.539699] [INFO] [path_server] 노드 업데이트 : [1176] ➜ [1177]
[2026-08-11 17:50:51.619615] [INFO] [path_server] 새로운 경로 설정 : path[1176 ➜ 208] time[0s] dist[16.5m] list[12] : 1176-1177-1178-1081-1185-1186-1187-1188-1056-1057-1058-208
[2026-08-11 17:50:52.278344] [INFO] [path_server] 노드 업데이트 : [1177] ➜ [1178]
[2026-08-11 17:50:52.338257] [INFO] [path_server] 새로운 경로 설정 : path[1177 ➜ 208] time[0s] dist[15m] list[11] : 1177-1178-1081-1185-1186-1187-1188-1056-1057-1058-208
[2026-08-11 17:50:53.036829] [INFO] [path_server] 노드 업데이트 : [1178] ➜ [1081]
[2026-08-11 17:50:53.116693] [INFO] [path_server] 새로운 경로 설정 : path[1178 ➜ 208] time[0s] dist[13.5m] list[10] : 1178-1081-1185-1186-1187-1188-1056-1057-1058-208
[2026-08-11 17:50:53.795317] [INFO] [path_server] 노드 업데이트 : [1081] ➜ [1185]
[2026-08-11 17:50:53.875247] [INFO] [path_server] 새로운 경로 설정 : path[1081 ➜ 208] time[0s] dist[12m] list[9] : 1081-1185-1186-1187-1188-1056-1057-1058-208
[2026-08-11 17:50:55.192652] [INFO] [path_server] 노드 업데이트 : [1185] ➜ [1186]
[2026-08-11 17:50:55.272522] [INFO] [path_server] 새로운 경로 설정 : path[1185 ➜ 208] time[0s] dist[10.5m] list[8] : 1185-1186-1187-1188-1056-1057-1058-208
[2026-08-11 17:50:58.666144] [INFO] [path_server] 노드 업데이트 : [1186] ➜ [1187]
[2026-08-11 17:50:58.746018] [INFO] [path_server] 새로운 경로 설정 : path[1186 ➜ 208] time[0s] dist[9m] list[7] : 1186-1187-1188-1056-1057-1058-208
[2026-08-11 17:50:59.784228] [INFO] [path_server] 노드 업데이트 : [1187] ➜ [1188]
[2026-08-11 17:50:59.864160] [INFO] [path_server] 새로운 경로 설정 : path[1187 ➜ 208] time[0s] dist[7.5m] list[6] : 1187-1188-1056-1057-1058-208
[2026-08-11 17:51:01.021856] [INFO] [path_server] 노드 업데이트 : [1188] ➜ [1056]
[2026-08-11 17:51:01.081813] [INFO] [path_server] 새로운 경로 설정 : path[1188 ➜ 208] time[0s] dist[6m] list[5] : 1188-1056-1057-1058-208
[2026-08-11 17:51:04.295215] [INFO] [path_server] 노드 업데이트 : [1056] ➜ [1057]
[2026-08-11 17:51:04.375085] [INFO] [path_server] 새로운 경로 설정 : path[1056 ➜ 208] time[0s] dist[4.5m] list[4] : 1056-1057-1058-208
[2026-08-11 17:51:05.452933] [INFO] [path_server] 노드 업데이트 : [1057] ➜ [1058]
[2026-08-11 17:51:05.532863] [INFO] [path_server] 새로운 경로 설정 : path[1057 ➜ 208] time[0s] dist[3m] list[3] : 1057-1058-208
[2026-08-11 17:51:08.187875] [INFO] [path_server] 노드 업데이트 : [1058] ➜ [208]
[2026-08-11 17:51:08.247806] [INFO] [path_server] 새로운 경로 설정 : path[1058 ➜ 208] time[0s] dist[1.5m] list[2] : 1058-208
[2026-08-11 17:51:12.359847] [INFO] [path_server] 노드 업데이트 : [208] ➜ [-1]
[2026-08-11 17:51:15.214102] [INFO] [course_tracker] 목적지에서 각도 정렬 : [29.000m 16.000m 0.000°]
[2026-08-11 17:51:16.252170] [INFO] [path_server] 노드 업데이트 : [208] ➜ [-1]
[2026-08-11 17:51:16.272096] [INFO] [task::fsm] push_done
[2026-08-11 17:51:16.332004] [INFO] [task::fsm] idle
[2026-08-11 17:51:16.332014] [INFO] [path_server] 경로 삭제
[2026-08-11 17:51:16.332012] [INFO] [course_manager] 코스 삭제
[2026-08-11 17:51:44.659428] [INFO] [path_server] 새로운 경로 설정 : path[208 ➜ 103] time[0s] dist[24m] list[17] : 208-1058-1059-1060-1061-1062-1063-1064-1065-40-1067-1068-1069-1070-1071-1072-103
[2026-08-11 17:51:46.815202] [INFO] [path_server] 노드 업데이트 : [1058] ➜ [1059]
[2026-08-11 17:51:46.875119] [INFO] [path_server] 새로운 경로 설정 : path[1058 ➜ 103] time[0s] dist[22.5m] list[16] : 1058-1059-1060-1061-1062-1063-1064-1065-40-1067-1068-1069-1070-1071-1072-103
[2026-08-11 17:51:50.168585] [INFO] [path_server] 노드 업데이트 : [1059] ➜ [1060]
[2026-08-11 17:51:50.228483] [INFO] [path_server] 새로운 경로 설정 : path[1059 ➜ 103] time[0s] dist[21m] list[15] : 1059-1060-1061-1062-1063-1064-1065-40-1067-1068-1069-1070-1071-1072-103
[2026-08-11 17:51:51.286674] [INFO] [path_server] 노드 업데이트 : [1060] ➜ [1061]
[2026-08-11 17:51:51.366542] [INFO] [path_server] 새로운 경로 설정 : path[1060 ➜ 103] time[0s] dist[19.5m] list[14] : 1060-1061-1062-1063-1064-1065-40-1067-1068-1069-1070-1071-1072-103
[2026-08-11 17:51:52.125296] [INFO] [path_server] 노드 업데이트 : [1061] ➜ [1062]
[2026-08-11 17:51:52.205513] [INFO] [path_server] 새로운 경로 설정 : path[1061 ➜ 103] time[0s] dist[18m] list[13] : 1061-1062-1063-1064-1065-40-1067-1068-1069-1070-1071-1072-103
[2026-08-11 17:51:52.864603] [INFO] [path_server] 노드 업데이트 : [1062] ➜ [1063]
[2026-08-11 17:51:52.924545] [INFO] [path_server] 새로운 경로 설정 : path[1062 ➜ 103] time[0s] dist[16.5m] list[12] : 1062-1063-1064-1065-40-1067-1068-1069-1070-1071-1072-103
[2026-08-11 17:51:53.623429] [INFO] [path_server] 노드 업데이트 : [1063] ➜ [1064]
[2026-08-11 17:51:53.703308] [INFO] [path_server] 새로운 경로 설정 : path[1063 ➜ 103] time[0s] dist[15m] list[11] : 1063-1064-1065-40-1067-1068-1069-1070-1071-1072-103
[2026-08-11 17:51:54.361946] [INFO] [path_server] 노드 업데이트 : [1064] ➜ [1065]
[2026-08-11 17:51:54.421840] [INFO] [path_server] 새로운 경로 설정 : path[1064 ➜ 103] time[0s] dist[13.5m] list[10] : 1064-1065-40-1067-1068-1069-1070-1071-1072-103
[2026-08-11 17:51:55.120398] [INFO] [path_server] 노드 업데이트 : [1065] ➜ [40]
[2026-08-11 17:51:55.200258] [INFO] [path_server] 새로운 경로 설정 : path[1065 ➜ 103] time[0s] dist[12m] list[9] : 1065-40-1067-1068-1069-1070-1071-1072-103
[2026-08-11 17:51:55.858875] [INFO] [path_server] 노드 업데이트 : [40] ➜ [1067]
[2026-08-11 17:51:55.918773] [INFO] [path_server] 새로운 경로 설정 : path[40 ➜ 103] time[0s] dist[10.5m] list[8] : 40-1067-1068-1069-1070-1071-1072-103
[2026-08-11 17:51:56.617359] [INFO] [path_server] 노드 업데이트 : [1067] ➜ [1068]
[2026-08-11 17:51:56.697216] [INFO] [path_server] 새로운 경로 설정 : path[1067 ➜ 103] time[0s] dist[9m] list[7] : 1067-1068-1069-1070-1071-1072-103
[2026-08-11 17:51:57.375770] [INFO] [path_server] 노드 업데이트 : [1068] ➜ [1069]
[2026-08-11 17:51:57.455718] [INFO] [path_server] 새로운 경로 설정 : path[1068 ➜ 103] time[0s] dist[7.5m] list[6] : 1068-1069-1070-1071-1072-103
[2026-08-11 17:51:58.114367] [INFO] [path_server] 노드 업데이트 : [1069] ➜ [1070]
[2026-08-11 17:51:58.194223] [INFO] [path_server] 새로운 경로 설정 : path[1069 ➜ 103] time[0s] dist[6m] list[5] : 1069-1070-1071-1072-103
[2026-08-11 17:51:58.872798] [INFO] [path_server] 노드 업데이트 : [1070] ➜ [1071]
[2026-08-11 17:51:58.952743] [INFO] [path_server] 새로운 경로 설정 : path[1070 ➜ 103] time[0s] dist[4.5m] list[4] : 1070-1071-1072-103
[2026-08-11 17:51:59.611478] [INFO] [path_server] 노드 업데이트 : [1071] ➜ [1072]
[2026-08-11 17:51:59.691333] [INFO] [path_server] 새로운 경로 설정 : path[1071 ➜ 103] time[0s] dist[3m] list[3] : 1071-1072-103
[2026-08-11 17:52:00.949043] [INFO] [path_server] 노드 업데이트 : [1072] ➜ [103]
[2026-08-11 17:52:01.028969] [INFO] [path_server] 새로운 경로 설정 : path[1072 ➜ 103] time[0s] dist[1.5m] list[2] : 1072-103
[2026-08-11 17:52:04.921048] [INFO] [path_server] 노드 업데이트 : [103] ➜ [-1]
[2026-08-11 17:52:07.755300] [INFO] [course_tracker] 목적지에서 각도 정렬 : [8.000m 19.000m 0.000°]
[2026-08-11 17:52:08.773475] [INFO] [path_server] 노드 업데이트 : [103] ➜ [-1]
[2026-08-11 17:52:08.793384] [INFO] [task::fsm] push_done
[2026-08-11 17:52:08.833388] [INFO] [task::fsm] charging
[2026-08-11 17:52:08.833398] [INFO] [power_system] 충전 프로세스 시작
[2026-08-11 17:52:08.833414] [INFO] [health_monitor] [등록][100015, 100001] : 자동 충전 시작.
[2026-08-11 17:52:13.844049] [INFO] [health_monitor] [삭제][100015, 100001] : 자동 충전 시작.
[2026-08-11 17:52:33.568720] [INFO] [power_system] 충전 완료
[2026-08-11 17:52:33.568748] [INFO] [health_monitor] [등록][100015, 100002] : 배터리 가득.
[2026-08-11 17:52:33.568751] [INFO] [health_monitor] [등록][100015, 100003] : 자동 충전 해제 시작.
[2026-08-11 17:52:38.579103] [INFO] [health_monitor] [삭제][100015, 100002] : 배터리 가득.
[2026-08-11 17:52:38.579114] [INFO] [health_monitor] [삭제][100015, 100003] : 자동 충전 해제 시작.
[2026-08-11 17:52:38.599114] [INFO] [power_system] 충전 해제 완료
[2026-08-11 17:52:38.599127] [INFO] [health_monitor] [등록][100015, 100004] : 자동 충전 해제 완료.
[2026-08-11 17:52:38.619073] [INFO] [task::fsm] discharging
[2026-08-11 17:52:38.619079] [INFO] [power_system] 충전 해제 프로세스 시작
[2026-08-11 17:52:38.619085] [INFO] [health_monitor] [등록][100015, 100003] : 자동 충전 해제 시작.
[2026-08-11 17:52:38.638981] [INFO] [task::fsm] idle
[2026-08-11 17:52:38.638986] [INFO] [path_server] 경로 삭제
[2026-08-11 17:52:38.638985] [INFO] [course_manager] 코스 삭제
[2026-08-11 17:52:38.678972] [INFO] [task::fsm] idle
[2026-08-11 17:52:38.678982] [INFO] [path_server] 경로 삭제
[2026-08-11 17:52:38.678979] [INFO] [course_manager] 코스 삭제
[2026-08-11 17:52:40.714958] [INFO] [path_server] 새로운 경로 설정 : path[103 ➜ 202] time[0s] dist[18m] list[13] : 103-1072-1073-1074-1075-1076-1159-1158-1157-1160-1161-1162-202
[2026-08-11 17:52:43.609317] [INFO] [health_monitor] [삭제][100015, 100004] : 자동 충전 해제 완료.
[2026-08-11 17:52:43.629295] [INFO] [health_monitor] [삭제][100015, 100003] : 자동 충전 해제 시작.
[2026-08-11 17:52:44.567409] [INFO] [path_server] 노드 업데이트 : [1072] ➜ [1073]
[2026-08-11 17:52:44.647275] [INFO] [path_server] 새로운 경로 설정 : path[1072 ➜ 202] time[0s] dist[16.5m] list[12] : 1072-1073-1074-1075-1076-1159-1158-1157-1160-1161-1162-202
[2026-08-11 17:52:48.160378] [INFO] [path_server] 노드 업데이트 : [1073] ➜ [1074]
[2026-08-11 17:52:48.240249] [INFO] [path_server] 새로운 경로 설정 : path[1073 ➜ 202] time[0s] dist[15m] list[11] : 1073-1074-1075-1076-1159-1158-1157-1160-1161-1162-202
[2026-08-11 17:52:49.278137] [INFO] [path_server] 노드 업데이트 : [1074] ➜ [1075]
[2026-08-11 17:52:49.358075] [INFO] [path_server] 새로운 경로 설정 : path[1074 ➜ 202] time[0s] dist[13.5m] list[10] : 1074-1075-1076-1159-1158-1157-1160-1161-1162-202
[2026-08-11 17:52:50.096572] [INFO] [path_server] 노드 업데이트 : [1075] ➜ [1076]
[2026-08-11 17:52:50.156563] [INFO] [path_server] 새로운 경로 설정 : path[1075 ➜ 202] time[0s] dist[12m] list[9] : 1075-1076-1159-1158-1157-1160-1161-1162-202
[2026-08-11 17:52:51.513829] [INFO] [path_server] 노드 업데이트 : [1076] ➜ [1159]
[2026-08-11 17:52:51.593708] [INFO] [path_server] 새로운 경로 설정 : path[1076 ➜ 202] time[0s] dist[10.5m] list[8] : 1076-1159-1158-1157-1160-1161-1162-202
[2026-08-11 17:52:54.967232] [INFO] [path_server] 노드 업데이트 : [1159] ➜ [1158]
[2026-08-11 17:52:55.047105] [INFO] [path_server] 새로운 경로 설정 : path[1159 ➜ 202] time[0s] dist[9m] list[7] : 1159-1158-1157-1160-1161-1162-202
[2026-08-11 17:52:56.065038] [INFO] [path_server] 노드 업데이트 : [1158] ➜ [1157]
[2026-08-11 17:52:56.124926] [INFO] [path_server] 새로운 경로 설정 : path[1158 ➜ 202] time[0s] dist[7.5m] list[6] : 1158-1157-1160-1161-1162-202
[2026-08-11 17:52:57.482143] [INFO] [path_server] 노드 업데이트 : [1157] ➜ [1160]
[2026-08-11 17:52:57.562067] [INFO] [path_server] 새로운 경로 설정 : path[1157 ➜ 202] time[0s] dist[6m] list[5] : 1157-1160-1161-1162-202
[2026-08-11 17:53:00.935210] [INFO] [path_server] 노드 업데이트 : [1160] ➜ [1161]
[2026-08-11 17:53:01.015115] [INFO] [path_server] 새로운 경로 설정 : path[1160 ➜ 202] time[0s] dist[4.5m] list[4] : 1160-1161-1162-202
[2026-08-11 17:53:02.033055] [INFO] [path_server] 노드 업데이트 : [1161] ➜ [1162]
[2026-08-11 17:53:02.112915] [INFO] [path_server] 새로운 경로 설정 : path[1161 ➜ 202] time[0s] dist[3m] list[3] : 1161-1162-202
[2026-08-11 17:53:04.748084] [INFO] [path_server] 노드 업데이트 : [1162] ➜ [202]
[2026-08-11 17:53:04.828003] [INFO] [path_server] 새로운 경로 설정 : path[1162 ➜ 202] time[0s] dist[1.5m] list[2] : 1162-202
[2026-08-11 17:53:08.919928] [INFO] [path_server] 노드 업데이트 : [202] ➜ [-1]
[2026-08-11 17:53:11.754464] [INFO] [course_tracker] 목적지에서 각도 정렬 : [6.500m 14.500m 0.000°]
[2026-08-11 17:53:12.792471] [INFO] [path_server] 노드 업데이트 : [202] ➜ [-1]
[2026-08-11 17:53:12.812434] [INFO] [task::fsm] push_done
[2026-08-11 17:53:12.872318] [INFO] [task::fsm] idle
[2026-08-11 17:53:12.872324] [INFO] [course_manager] 코스 삭제
[2026-08-11 17:53:12.872343] [INFO] [path_server] 경로 삭제
[2026-08-11 17:54:15.011961] [INFO] [path_server] 새로운 경로 설정 : path[202 ➜ 107] time[0s] dist[22.5m] list[16] : 202-1162-1163-1164-1165-1166-1167-1168-41-1170-1171-1172-1173-1174-1175-107
[2026-08-11 17:54:17.167594] [INFO] [path_server] 노드 업데이트 : [1162] ➜ [1163]
[2026-08-11 17:54:17.247472] [INFO] [path_server] 새로운 경로 설정 : path[1162 ➜ 107] time[0s] dist[21m] list[15] : 1162-1163-1164-1165-1166-1167-1168-41-1170-1171-1172-1173-1174-1175-107
[2026-08-11 17:54:20.521099] [INFO] [path_server] 노드 업데이트 : [1163] ➜ [1164]
[2026-08-11 17:54:20.600975] [INFO] [path_server] 새로운 경로 설정 : path[1163 ➜ 107] time[0s] dist[19.5m] list[14] : 1163-1164-1165-1166-1167-1168-41-1170-1171-1172-1173-1174-1175-107
[2026-08-11 17:54:21.638848] [INFO] [path_server] 노드 업데이트 : [1164] ➜ [1165]
[2026-08-11 17:54:21.718784] [INFO] [path_server] 새로운 경로 설정 : path[1164 ➜ 107] time[0s] dist[18m] list[13] : 1164-1165-1166-1167-1168-41-1170-1171-1172-1173-1174-1175-107
[2026-08-11 17:54:22.478099] [INFO] [path_server] 노드 업데이트 : [1165] ➜ [1166]
[2026-08-11 17:54:22.557994] [INFO] [path_server] 새로운 경로 설정 : path[1165 ➜ 107] time[0s] dist[16.5m] list[12] : 1165-1166-1167-1168-41-1170-1171-1172-1173-1174-1175-107
[2026-08-11 17:54:23.216739] [INFO] [path_server] 노드 업데이트 : [1166] ➜ [1167]
[2026-08-11 17:54:23.296605] [INFO] [path_server] 새로운 경로 설정 : path[1166 ➜ 107] time[0s] dist[15m] list[11] : 1166-1167-1168-41-1170-1171-1172-1173-1174-1175-107
[2026-08-11 17:54:23.975276] [INFO] [path_server] 노드 업데이트 : [1167] ➜ [1168]
[2026-08-11 17:54:24.055213] [INFO] [path_server] 새로운 경로 설정 : path[1167 ➜ 107] time[0s] dist[13.5m] list[10] : 1167-1168-41-1170-1171-1172-1173-1174-1175-107
[2026-08-11 17:54:24.713962] [INFO] [path_server] 노드 업데이트 : [1168] ➜ [41]
[2026-08-11 17:54:24.793813] [INFO] [path_server] 새로운 경로 설정 : path[1168 ➜ 107] time[0s] dist[12m] list[9] : 1168-41-1170-1171-1172-1173-1174-1175-107
[2026-08-11 17:54:25.472436] [INFO] [path_server] 노드 업데이트 : [41] ➜ [1170]
[2026-08-11 17:54:25.552380] [INFO] [path_server] 새로운 경로 설정 : path[41 ➜ 107] time[0s] dist[10.5m] list[8] : 41-1170-1171-1172-1173-1174-1175-107
[2026-08-11 17:54:26.211294] [INFO] [path_server] 노드 업데이트 : [1170] ➜ [1171]
[2026-08-11 17:54:26.311121] [INFO] [path_server] 새로운 경로 설정 : path[1170 ➜ 107] time[0s] dist[9m] list[7] : 1170-1171-1172-1173-1174-1175-107
[2026-08-11 17:54:26.969964] [INFO] [path_server] 노드 업데이트 : [1171] ➜ [1172]
[2026-08-11 17:54:27.049840] [INFO] [path_server] 새로운 경로 설정 : path[1171 ➜ 107] time[0s] dist[7.5m] list[6] : 1171-1172-1173-1174-1175-107
[2026-08-11 17:54:27.728588] [INFO] [path_server] 노드 업데이트 : [1172] ➜ [1173]
[2026-08-11 17:54:27.808552] [INFO] [path_server] 새로운 경로 설정 : path[1172 ➜ 107] time[0s] dist[6m] list[5] : 1172-1173-1174-1175-107
[2026-08-11 17:54:28.467349] [INFO] [path_server] 노드 업데이트 : [1173] ➜ [1174]
[2026-08-11 17:54:28.547205] [INFO] [path_server] 새로운 경로 설정 : path[1173 ➜ 107] time[0s] dist[4.5m] list[4] : 1173-1174-1175-107
[2026-08-11 17:54:29.225771] [INFO] [path_server] 노드 업데이트 : [1174] ➜ [1175]
[2026-08-11 17:54:29.305685] [INFO] [path_server] 새로운 경로 설정 : path[1174 ➜ 107] time[0s] dist[3m] list[3] : 1174-1175-107
[2026-08-11 17:54:30.543261] [INFO] [path_server] 노드 업데이트 : [1175] ➜ [107]
[2026-08-11 17:54:30.623144] [INFO] [path_server] 새로운 경로 설정 : path[1175 ➜ 107] time[0s] dist[1.5m] list[2] : 1175-107
[2026-08-11 17:54:34.515252] [INFO] [path_server] 노드 업데이트 : [107] ➜ [-1]
[2026-08-11 17:54:37.351291] [INFO] [course_tracker] 목적지에서 각도 정렬 : [26.000m 11.500m 0.000°]
[2026-08-11 17:54:38.369203] [INFO] [path_server] 노드 업데이트 : [107] ➜ [-1]
[2026-08-11 17:54:38.389109] [INFO] [task::fsm] push_done
[2026-08-11 17:54:38.429095] [INFO] [task::fsm] charging
[2026-08-11 17:54:38.429117] [INFO] [health_monitor] [등록][100015, 100001] : 자동 충전 시작.
[2026-08-11 17:54:38.429103] [INFO] [power_system] 충전 프로세스 시작
[2026-08-11 17:54:43.439476] [INFO] [health_monitor] [삭제][100015, 100001] : 자동 충전 시작.
[2026-08-11 17:54:55.816057] [INFO] [power_system] 충전 완료
[2026-08-11 17:54:55.816088] [INFO] [health_monitor] [등록][100015, 100002] : 배터리 가득.
[2026-08-11 17:54:55.816095] [INFO] [health_monitor] [등록][100015, 100003] : 자동 충전 해제 시작.
[2026-08-11 17:55:00.826131] [INFO] [health_monitor] [삭제][100015, 100002] : 배터리 가득.
[2026-08-11 17:55:00.826138] [INFO] [health_monitor] [삭제][100015, 100003] : 자동 충전 해제 시작.
[2026-08-11 17:55:00.846120] [INFO] [power_system] 충전 해제 완료
[2026-08-11 17:55:00.846137] [INFO] [health_monitor] [등록][100015, 100004] : 자동 충전 해제 완료.
[2026-08-11 17:55:00.866005] [INFO] [task::fsm] discharging
[2026-08-11 17:55:00.866017] [INFO] [health_monitor] [등록][100015, 100003] : 자동 충전 해제 시작.
[2026-08-11 17:55:00.866011] [INFO] [power_system] 충전 해제 프로세스 시작
[2026-08-11 17:55:00.886027] [INFO] [task::fsm] idle
[2026-08-11 17:55:00.886035] [INFO] [path_server] 경로 삭제
[2026-08-11 17:55:00.886033] [INFO] [course_manager] 코스 삭제
[2026-08-11 17:55:00.905990] [INFO] [task::fsm] idle
[2026-08-11 17:55:00.905996] [INFO] [path_server] 경로 삭제
[2026-08-11 17:55:00.905995] [INFO] [course_manager] 코스 삭제
[2026-08-11 17:55:05.856154] [INFO] [health_monitor] [삭제][100015, 100004] : 자동 충전 해제 완료.
[2026-08-11 17:55:05.876134] [INFO] [health_monitor] [삭제][100015, 100003] : 자동 충전 해제 시작.
[2026-08-11 17:55:11.006247] [INFO] [path_server] 새로운 경로 설정 : path[107 ➜ 208] time[0s] dist[19.5m] list[14] : 107-1175-1176-1177-1178-1081-1185-1186-1187-1188-1056-1057-1058-208
[2026-08-11 17:55:14.858332] [INFO] [path_server] 노드 업데이트 : [1175] ➜ [1176]
[2026-08-11 17:55:14.938301] [INFO] [path_server] 새로운 경로 설정 : path[1175 ➜ 208] time[0s] dist[18m] list[13] : 1175-1176-1177-1178-1081-1185-1186-1187-1188-1056-1057-1058-208
[2026-08-11 17:55:18.451021] [INFO] [path_server] 노드 업데이트 : [1176] ➜ [1177]
[2026-08-11 17:55:18.530951] [INFO] [path_server] 새로운 경로 설정 : path[1176 ➜ 208] time[0s] dist[16.5m] list[12] : 1176-1177-1178-1081-1185-1186-1187-1188-1056-1057-1058-208
[2026-08-11 17:55:19.568766] [INFO] [path_server] 노드 업데이트 : [1177] ➜ [1178]
[2026-08-11 17:55:19.648691] [INFO] [path_server] 새로운 경로 설정 : path[1177 ➜ 208] time[0s] dist[15m] list[11] : 1177-1178-1081-1185-1186-1187-1188-1056-1057-1058-208
[2026-08-11 17:55:20.387154] [INFO] [path_server] 노드 업데이트 : [1178] ➜ [1081]
[2026-08-11 17:55:20.447018] [INFO] [path_server] 새로운 경로 설정 : path[1178 ➜ 208] time[0s] dist[13.5m] list[10] : 1178-1081-1185-1186-1187-1188-1056-1057-1058-208
[2026-08-11 17:55:21.145647] [INFO] [path_server] 노드 업데이트 : [1081] ➜ [1185]
[2026-08-11 17:55:21.225514] [INFO] [path_server] 새로운 경로 설정 : path[1081 ➜ 208] time[0s] dist[12m] list[9] : 1081-1185-1186-1187-1188-1056-1057-1058-208
[2026-08-11 17:55:22.542937] [INFO] [path_server] 노드 업데이트 : [1185] ➜ [1186]
[2026-08-11 17:55:22.602843] [INFO] [path_server] 새로운 경로 설정 : path[1185 ➜ 208] time[0s] dist[10.5m] list[8] : 1185-1186-1187-1188-1056-1057-1058-208
[2026-08-11 17:55:26.016024] [INFO] [path_server] 노드 업데이트 : [1186] ➜ [1187]
[2026-08-11 17:55:26.075934] [INFO] [path_server] 새로운 경로 설정 : path[1186 ➜ 208] time[0s] dist[9m] list[7] : 1186-1187-1188-1056-1057-1058-208
[2026-08-11 17:55:27.113998] [INFO] [path_server] 노드 업데이트 : [1187] ➜ [1188]
[2026-08-11 17:55:27.193917] [INFO] [path_server] 새로운 경로 설정 : path[1187 ➜ 208] time[0s] dist[7.5m] list[6] : 1187-1188-1056-1057-1058-208
[2026-08-11 17:55:28.371880] [INFO] [path_server] 노드 업데이트 : [1188] ➜ [1056]
[2026-08-11 17:55:28.451861] [INFO] [path_server] 새로운 경로 설정 : path[1188 ➜ 208] time[0s] dist[6m] list[5] : 1188-1056-1057-1058-208
[2026-08-11 17:55:31.645486] [INFO] [path_server] 노드 업데이트 : [1056] ➜ [1057]
[2026-08-11 17:55:31.725524] [INFO] [path_server] 새로운 경로 설정 : path[1056 ➜ 208] time[0s] dist[4.5m] list[4] : 1056-1057-1058-208
[2026-08-11 17:55:32.803381] [INFO] [path_server] 노드 업데이트 : [1057] ➜ [1058]
[2026-08-11 17:55:32.883273] [INFO] [path_server] 새로운 경로 설정 : path[1057 ➜ 208] time[0s] dist[3m] list[3] : 1057-1058-208
[2026-08-11 17:55:35.538058] [INFO] [path_server] 노드 업데이트 : [1058] ➜ [208]
[2026-08-11 17:55:35.617954] [INFO] [path_server] 새로운 경로 설정 : path[1058 ➜ 208] time[0s] dist[1.5m] list[2] : 1058-208
[2026-08-11 17:55:39.710633] [INFO] [path_server] 노드 업데이트 : [208] ➜ [-1]
[2026-08-11 17:55:42.564890] [INFO] [course_tracker] 목적지에서 각도 정렬 : [29.000m 16.000m 0.000°]
[2026-08-11 17:55:43.603006] [INFO] [path_server] 노드 업데이트 : [208] ➜ [-1]
[2026-08-11 17:55:43.622905] [INFO] [task::fsm] push_done
[2026-08-11 17:55:43.662870] [INFO] [task::fsm] idle
[2026-08-11 17:55:43.662875] [INFO] [course_manager] 코스 삭제
[2026-08-11 17:55:43.662887] [INFO] [path_server] 경로 삭제
[2026-08-11 17:56:45.165826] [INFO] [path_server] 새로운 경로 설정 : path[208 ➜ 101] time[0s] dist[27m] list[19] : 208-1058-1059-1060-1061-1062-1063-1064-1065-40-1067-1068-1069-1070-1071-1072-1073-1074-101
[2026-08-11 17:56:47.321468] [INFO] [path_server] 노드 업데이트 : [1058] ➜ [1059]
[2026-08-11 17:56:47.401346] [INFO] [path_server] 새로운 경로 설정 : path[1058 ➜ 101] time[0s] dist[25.5m] list[18] : 1058-1059-1060-1061-1062-1063-1064-1065-40-1067-1068-1069-1070-1071-1072-1073-1074-101
[2026-08-11 17:56:50.675487] [INFO] [path_server] 노드 업데이트 : [1059] ➜ [1060]
[2026-08-11 17:56:50.735395] [INFO] [path_server] 새로운 경로 설정 : path[1059 ➜ 101] time[0s] dist[24m] list[17] : 1059-1060-1061-1062-1063-1064-1065-40-1067-1068-1069-1070-1071-1072-1073-1074-101
[2026-08-11 17:56:51.793368] [INFO] [path_server] 노드 업데이트 : [1060] ➜ [1061]
[2026-08-11 17:56:51.873223] [INFO] [path_server] 새로운 경로 설정 : path[1060 ➜ 101] time[0s] dist[22.5m] list[16] : 1060-1061-1062-1063-1064-1065-40-1067-1068-1069-1070-1071-1072-1073-1074-101
[2026-08-11 17:56:52.631709] [INFO] [path_server] 노드 업데이트 : [1061] ➜ [1062]
[2026-08-11 17:56:52.711582] [INFO] [path_server] 새로운 경로 설정 : path[1061 ➜ 101] time[0s] dist[21m] list[15] : 1061-1062-1063-1064-1065-40-1067-1068-1069-1070-1071-1072-1073-1074-101
[2026-08-11 17:56:53.370308] [INFO] [path_server] 노드 업데이트 : [1062] ➜ [1063]
[2026-08-11 17:56:53.430188] [INFO] [path_server] 새로운 경로 설정 : path[1062 ➜ 101] time[0s] dist[19.5m] list[14] : 1062-1063-1064-1065-40-1067-1068-1069-1070-1071-1072-1073-1074-101
[2026-08-11 17:56:54.128817] [INFO] [path_server] 노드 업데이트 : [1063] ➜ [1064]
[2026-08-11 17:56:54.208669] [INFO] [path_server] 새로운 경로 설정 : path[1063 ➜ 101] time[0s] dist[18m] list[13] : 1063-1064-1065-40-1067-1068-1069-1070-1071-1072-1073-1074-101
[2026-08-11 17:56:54.867656] [INFO] [path_server] 노드 업데이트 : [1064] ➜ [1065]
[2026-08-11 17:56:54.927563] [INFO] [path_server] 새로운 경로 설정 : path[1064 ➜ 101] time[0s] dist[16.5m] list[12] : 1064-1065-40-1067-1068-1069-1070-1071-1072-1073-1074-101
[2026-08-11 17:56:55.626174] [INFO] [path_server] 노드 업데이트 : [1065] ➜ [40]
[2026-08-11 17:56:55.706033] [INFO] [path_server] 새로운 경로 설정 : path[1065 ➜ 101] time[0s] dist[15m] list[11] : 1065-40-1067-1068-1069-1070-1071-1072-1073-1074-101
[2026-08-11 17:56:56.364706] [INFO] [path_server] 노드 업데이트 : [40] ➜ [1067]
[2026-08-11 17:56:56.424626] [INFO] [path_server] 새로운 경로 설정 : path[40 ➜ 101] time[0s] dist[13.5m] list[10] : 40-1067-1068-1069-1070-1071-1072-1073-1074-101
[2026-08-11 17:56:57.123596] [INFO] [path_server] 노드 업데이트 : [1067] ➜ [1068]
[2026-08-11 17:56:57.203467] [INFO] [path_server] 새로운 경로 설정 : path[1067 ➜ 101] time[0s] dist[12m] list[9] : 1067-1068-1069-1070-1071-1072-1073-1074-101
[2026-08-11 17:56:57.882107] [INFO] [path_server] 노드 업데이트 : [1068] ➜ [1069]
[2026-08-11 17:56:57.962054] [INFO] [path_server] 새로운 경로 설정 : path[1068 ➜ 101] time[0s] dist[10.5m] list[8] : 1068-1069-1070-1071-1072-1073-1074-101
[2026-08-11 17:56:58.620752] [INFO] [path_server] 노드 업데이트 : [1069] ➜ [1070]
[2026-08-11 17:56:58.700611] [INFO] [path_server] 새로운 경로 설정 : path[1069 ➜ 101] time[0s] dist[9m] list[7] : 1069-1070-1071-1072-1073-1074-101
[2026-08-11 17:56:59.379325] [INFO] [path_server] 노드 업데이트 : [1070] ➜ [1071]
[2026-08-11 17:56:59.459232] [INFO] [path_server] 새로운 경로 설정 : path[1070 ➜ 101] time[0s] dist[7.5m] list[6] : 1070-1071-1072-1073-1074-101
[2026-08-11 17:57:00.118021] [INFO] [path_server] 노드 업데이트 : [1071] ➜ [1072]
[2026-08-11 17:57:00.217893] [INFO] [path_server] 새로운 경로 설정 : path[1071 ➜ 101] time[0s] dist[6m] list[5] : 1071-1072-1073-1074-101
[2026-08-11 17:57:00.876539] [INFO] [path_server] 노드 업데이트 : [1072] ➜ [1073]
[2026-08-11 17:57:00.956481] [INFO] [path_server] 새로운 경로 설정 : path[1072 ➜ 101] time[0s] dist[4.5m] list[4] : 1072-1073-1074-101
[2026-08-11 17:57:01.615243] [INFO] [path_server] 노드 업데이트 : [1073] ➜ [1074]
[2026-08-11 17:57:01.675145] [INFO] [path_server] 새로운 경로 설정 : path[1073 ➜ 101] time[0s] dist[3m] list[3] : 1073-1074-101
[2026-08-11 17:57:02.952640] [INFO] [path_server] 노드 업데이트 : [1074] ➜ [101]
[2026-08-11 17:57:03.032585] [INFO] [path_server] 새로운 경로 설정 : path[1074 ➜ 101] time[0s] dist[1.5m] list[2] : 1074-101
[2026-08-11 17:57:06.925828] [INFO] [path_server] 노드 업데이트 : [101] ➜ [-1]
[2026-08-11 17:57:09.760335] [INFO] [course_tracker] 목적지에서 각도 정렬 : [5.000m 19.000m 0.000°]
[2026-08-11 17:57:10.758477] [INFO] [path_server] 노드 업데이트 : [101] ➜ [-1]
[2026-08-11 17:57:10.778437] [INFO] [task::fsm] push_done
[2026-08-11 17:57:10.838339] [INFO] [task::fsm] charging
[2026-08-11 17:57:10.838349] [INFO] [power_system] 충전 프로세스 시작
[2026-08-11 17:57:10.838366] [INFO] [health_monitor] [등록][100015, 100001] : 자동 충전 시작.
[2026-08-11 17:57:15.849132] [INFO] [health_monitor] [삭제][100015, 100001] : 자동 충전 시작.
[2026-08-11 17:57:29.086458] [INFO] [power_system] 충전 완료
[2026-08-11 17:57:29.086479] [INFO] [health_monitor] [등록][100015, 100003] : 자동 충전 해제 시작.
[2026-08-11 17:57:29.086476] [INFO] [health_monitor] [등록][100015, 100002] : 배터리 가득.
[2026-08-11 17:57:34.097418] [INFO] [health_monitor] [삭제][100015, 100002] : 배터리 가득.
[2026-08-11 17:57:34.097425] [INFO] [health_monitor] [삭제][100015, 100003] : 자동 충전 해제 시작.
[2026-08-11 17:57:34.117321] [INFO] [power_system] 충전 해제 완료
[2026-08-11 17:57:34.117331] [INFO] [health_monitor] [등록][100015, 100004] : 자동 충전 해제 완료.
[2026-08-11 17:57:34.137325] [INFO] [task::fsm] discharging
[2026-08-11 17:57:34.137332] [INFO] [power_system] 충전 해제 프로세스 시작
[2026-08-11 17:57:34.137341] [INFO] [health_monitor] [등록][100015, 100003] : 자동 충전 해제 시작.
[2026-08-11 17:57:34.157291] [INFO] [task::fsm] idle
[2026-08-11 17:57:34.157298] [INFO] [path_server] 경로 삭제
[2026-08-11 17:57:34.157296] [INFO] [course_manager] 코스 삭제
[2026-08-11 17:57:34.197224] [INFO] [task::fsm] idle
[2026-08-11 17:57:34.197234] [INFO] [path_server] 경로 삭제
[2026-08-11 17:57:34.197232] [INFO] [course_manager] 코스 삭제
[2026-08-11 17:57:39.128017] [INFO] [health_monitor] [삭제][100015, 100004] : 자동 충전 해제 완료.
[2026-08-11 17:57:39.147913] [INFO] [health_monitor] [삭제][100015, 100003] : 자동 충전 해제 시작.
