[2026-08-11 16:38:01.964496] [INFO] [framework] 프로그램 시작
[2026-08-11 16:38:01.964499] [WARNING] [framework] 프로그램 시작
[2026-08-11 16:38:01.964500] [CRITICAL] [framework] 프로그램 시작
[2026-08-11 16:38:01.964501] [INFO] [framework] 설정 파일 위치 : ../configs/robot_6
[2026-08-11 16:38:01.964604] [INFO] [framework] ID[0, 6], 이름[양식스], 제어주기[20ms], 버젼[], 장소[우리집], 환경모드[simulation]
[2026-08-11 16:38:01.964652] [INFO] [mediator] 생성
[2026-08-11 16:38:01.964690] [INFO] [graph_manager] 생성
[2026-08-11 16:38:01.989596] [INFO] [stop_server] 생성
[2026-08-11 16:38:01.989642] [INFO] [health_monitor] 생성
[2026-08-11 16:38:01.989685] [INFO] [path_server] 생성
[2026-08-11 16:38:01.989718] [INFO] [course_manager] 생성
[2026-08-11 16:38:01.989764] [INFO] [task::fsm] 생성
[2026-08-11 16:38:01.989765] [INFO] [task::fsm] idle
[2026-08-11 16:38:01.989775] [INFO] [course_manager] 코스 삭제
[2026-08-11 16:38:01.989776] [INFO] [path_server] 경로 삭제
[2026-08-11 16:38:01.989815] [INFO] [task_manager] 생성
[2026-08-11 16:38:01.989915] [INFO] [mediator] connectors 생성
[2026-08-11 16:38:01.989960] [INFO] [fms] 생성
[2026-08-11 16:38:01.989961] [INFO] [fms] 통신 드라이버 생성
[2026-08-11 16:38:01.990262] [INFO] [motions] 생성
[2026-08-11 16:38:01.990300] [INFO] [localizers] 생성
[2026-08-11 16:38:01.990398] [INFO] [localizers] 파라미터 : 

[2026-08-11 16:38:01.990438] [INFO] [safety_plc] 생성
[2026-08-11 16:38:01.990475] [INFO] [load_handler] 생성
[2026-08-11 16:38:01.990513] [INFO] [power_system] 생성
[2026-08-11 16:38:01.990623] [INFO] [power_system] 설정 정보 : remaining[40%, 10%, 5%]
[2026-08-11 16:38:01.991065] [INFO] [power_system] 알람 목록 : 
 • [100015, 100001] [INFO] 자동 충전 시작.
 • [100015, 100002] [INFO] 배터리 가득.
 • [100015, 400001] [CRIT] 배터리 남은 양 - 위험
 • [100015, 300001] [ERROR] 배터리 남은 양 - 에러
 • [100015, 200001] [WARN] 배터리 남은 양 - 주의
 • [100015, 100004] [INFO] 자동 충전 해제 완료.
 • [100015, 100003] [INFO] 자동 충전 해제 시작.
[2026-08-11 16:38:01.991069] [INFO] [mediator] connector 의존성 주입
[2026-08-11 16:38:01.991077] [INFO] [mediator] any map 등록
[2026-08-11 16:38:01.991086] [INFO] [mediator] any collector 등록
[2026-08-11 16:38:01.991090] [INFO] [mediator] any collector 목록 검사
[2026-08-11 16:38:01.991135] [INFO] [framework] after init 실행
[2026-08-11 16:38:01.991397] [INFO] [course_tracker] 생성
[2026-08-11 16:38:01.991410] [INFO] [course_tracker] 파라미터 : 
◈ node_bound[0.020m, 0.150m, 0.005m]
 • approach[0.150m, 0.050m/s, -0.005m, -0.200m, 0.100m]
 • align[(10.000°, 5.000°/s), 50.000°, 30.000°/s), 0.800°, -0.100°]
◈ motion param : 
 • reference_angle[0.000°, 45.000°]
 • threshold_angle[15.000°, 20.000°, 170.000°]
 • threshold_error[0.300°, 5.000°]
 • normal[0.150m/s, 8.000, 0.800m/s, 0.500]
 • angle[0.150m/s, 1.500, 0.800m/s, 2.100]
 • protection_overshoot[0.100m/s, 0.900, 0.500m/s, 0.900]
 • speed_rotation[15.000°/s]
[2026-08-11 16:38:01.991413] [INFO] [framework] 제어 쓰레드 시작
[2026-08-11 16:38:01.991445] [INFO] [path_server] 노드 초기화 성공 : 로봇 좌표[22.004m 18.998m -179.709°] 최단 거리 노드[108] 거리(0.004003m)
[2026-08-11 16:38:01.991474] [INFO] [health_monitor] [등록][100015, 200001] : 배터리 남은 양 - 주의
[2026-08-11 16:40:31.635753] [INFO] [framework] 프로그램 시작
[2026-08-11 16:40:31.635758] [CRITICAL] [framework] 프로그램 시작
[2026-08-11 16:40:31.635757] [WARNING] [framework] 프로그램 시작
[2026-08-11 16:40:31.635759] [INFO] [framework] 설정 파일 위치 : ../configs/robot_6
[2026-08-11 16:40:31.635849] [INFO] [framework] ID[0, 6], 이름[양식스], 제어주기[20ms], 버젼[], 장소[우리집], 환경모드[simulation]
[2026-08-11 16:40:31.635863] [INFO] [mediator] 생성
[2026-08-11 16:40:31.635875] [INFO] [graph_manager] 생성
[2026-08-11 16:40:31.658971] [INFO] [stop_server] 생성
[2026-08-11 16:40:31.658988] [INFO] [health_monitor] 생성
[2026-08-11 16:40:31.659005] [INFO] [path_server] 생성
[2026-08-11 16:40:31.659029] [INFO] [course_manager] 생성
[2026-08-11 16:40:31.659042] [INFO] [task::fsm] 생성
[2026-08-11 16:40:31.659043] [INFO] [task::fsm] idle
[2026-08-11 16:40:31.659045] [INFO] [course_manager] 코스 삭제
[2026-08-11 16:40:31.659045] [INFO] [path_server] 경로 삭제
[2026-08-11 16:40:31.659056] [INFO] [task_manager] 생성
[2026-08-11 16:40:31.659162] [INFO] [mediator] connectors 생성
[2026-08-11 16:40:31.659177] [INFO] [fms] 생성
[2026-08-11 16:40:31.659178] [INFO] [fms] 통신 드라이버 생성
[2026-08-11 16:40:31.659471] [INFO] [motions] 생성
[2026-08-11 16:40:31.659489] [INFO] [localizers] 생성
[2026-08-11 16:40:31.659569] [INFO] [localizers] 파라미터 : 

[2026-08-11 16:40:31.659583] [INFO] [safety_plc] 생성
[2026-08-11 16:40:31.659595] [INFO] [load_handler] 생성
[2026-08-11 16:40:31.659607] [INFO] [power_system] 생성
[2026-08-11 16:40:31.659702] [INFO] [power_system] 설정 정보 : remaining[40%, 10%, 5%]
[2026-08-11 16:40:31.660104] [INFO] [power_system] 알람 목록 : 
 • [100015, 100001] [INFO] 자동 충전 시작.
 • [100015, 100002] [INFO] 배터리 가득.
 • [100015, 400001] [CRIT] 배터리 남은 양 - 위험
 • [100015, 300001] [ERROR] 배터리 남은 양 - 에러
 • [100015, 200001] [WARN] 배터리 남은 양 - 주의
 • [100015, 100004] [INFO] 자동 충전 해제 완료.
 • [100015, 100003] [INFO] 자동 충전 해제 시작.
[2026-08-11 16:40:31.660107] [INFO] [mediator] connector 의존성 주입
[2026-08-11 16:40:31.660117] [INFO] [mediator] any map 등록
[2026-08-11 16:40:31.660124] [INFO] [mediator] any collector 등록
[2026-08-11 16:40:31.660127] [INFO] [mediator] any collector 목록 검사
[2026-08-11 16:40:31.660168] [INFO] [framework] after init 실행
[2026-08-11 16:40:31.660491] [INFO] [course_tracker] 생성
[2026-08-11 16:40:31.660508] [INFO] [course_tracker] 파라미터 : 
◈ node_bound[0.020m, 0.150m, 0.005m]
 • approach[0.150m, 0.050m/s, -0.005m, -0.200m, 0.100m]
 • align[(10.000°, 5.000°/s), 50.000°, 30.000°/s), 0.800°, -0.100°]
◈ motion param : 
 • reference_angle[0.000°, 45.000°]
 • threshold_angle[15.000°, 20.000°, 170.000°]
 • threshold_error[0.300°, 5.000°]
 • normal[0.150m/s, 8.000, 0.800m/s, 0.500]
 • angle[0.150m/s, 1.500, 0.800m/s, 2.100]
 • protection_overshoot[0.100m/s, 0.900, 0.500m/s, 0.900]
 • speed_rotation[15.000°/s]
[2026-08-11 16:40:31.660511] [INFO] [framework] 제어 쓰레드 시작
[2026-08-11 16:40:31.660552] [INFO] [path_server] 노드 초기화 성공 : 로봇 좌표[22.004m 18.998m -179.709°] 최단 거리 노드[108] 거리(0.004003m)
[2026-08-11 16:40:31.660600] [INFO] [health_monitor] [등록][100015, 200001] : 배터리 남은 양 - 주의
[2026-08-11 16:42:03.860731] [INFO] [task::fsm] charging
[2026-08-11 16:42:03.860737] [INFO] [power_system] 충전 프로세스 시작
[2026-08-11 16:42:03.860746] [INFO] [health_monitor] [등록][100015, 100001] : 자동 충전 시작.
[2026-08-11 16:42:08.871043] [INFO] [health_monitor] [삭제][100015, 100001] : 자동 충전 시작.
[2026-08-11 16:42:20.908937] [INFO] [health_monitor] [삭제][100015, 200001] : 배터리 남은 양 - 주의
[2026-08-11 16:42:44.907899] [INFO] [power_system] 충전 완료
[2026-08-11 16:42:44.907921] [INFO] [health_monitor] [등록][100015, 100002] : 배터리 가득.
[2026-08-11 16:42:44.907924] [INFO] [health_monitor] [등록][100015, 100003] : 자동 충전 해제 시작.
[2026-08-11 16:42:49.918993] [INFO] [health_monitor] [삭제][100015, 100002] : 배터리 가득.
[2026-08-11 16:42:49.919003] [INFO] [health_monitor] [삭제][100015, 100003] : 자동 충전 해제 시작.
[2026-08-11 16:42:49.938939] [INFO] [power_system] 충전 해제 완료
[2026-08-11 16:42:49.938950] [INFO] [health_monitor] [등록][100015, 100004] : 자동 충전 해제 완료.
[2026-08-11 16:42:49.958908] [INFO] [task::fsm] discharging
[2026-08-11 16:42:49.958920] [INFO] [power_system] 충전 해제 프로세스 시작
[2026-08-11 16:42:49.958932] [INFO] [health_monitor] [등록][100015, 100003] : 자동 충전 해제 시작.
[2026-08-11 16:42:49.978861] [INFO] [task::fsm] idle
[2026-08-11 16:42:49.978867] [INFO] [course_manager] 코스 삭제
[2026-08-11 16:42:49.978869] [INFO] [path_server] 경로 삭제
[2026-08-11 16:42:54.949881] [INFO] [health_monitor] [삭제][100015, 100004] : 자동 충전 해제 완료.
[2026-08-11 16:42:54.969852] [INFO] [health_monitor] [삭제][100015, 100003] : 자동 충전 해제 시작.
[2026-08-11 16:42:59.122880] [INFO] [task::fsm] idle
[2026-08-11 16:42:59.122888] [INFO] [course_manager] 코스 삭제
[2026-08-11 16:42:59.122890] [INFO] [path_server] 경로 삭제
[2026-08-11 16:43:11.840280] [INFO] [path_server] 새로운 경로 설정 : path[108 ➜ 103] time[0s] dist[60m] list[41] : 108-1171-1172-1091-1092-1093-1094-1095-1074-1075-1076-1018-1019-1020-1011-1012-1035-1036-1037-1038-1039-1040-1041-1042-1112-1113-1114-1115-1116-1117-1118-1119-1120-1121-1122-1123-1179-1180-1181-1182-103
[2026-08-11 16:43:11.840291] [INFO] [course_tracker] 방향 정렬 완료 
[2026-08-11 16:43:16.532213] [INFO] [path_server] 노드 업데이트 : [1171] ➜ [1172]
[2026-08-11 16:43:16.592137] [INFO] [path_server] 새로운 경로 설정 : path[1171 ➜ 103] time[0s] dist[58.5m] list[40] : 1171-1172-1091-1092-1093-1094-1095-1074-1075-1076-1018-1019-1020-1011-1012-1035-1036-1037-1038-1039-1040-1041-1042-1112-1113-1114-1115-1116-1117-1118-1119-1120-1121-1122-1123-1179-1180-1181-1182-103
[2026-08-11 16:43:20.224921] [INFO] [path_server] 노드 업데이트 : [1172] ➜ [1091]
[2026-08-11 16:43:20.304814] [INFO] [path_server] 새로운 경로 설정 : path[1172 ➜ 103] time[0s] dist[57m] list[39] : 1172-1091-1092-1093-1094-1095-1074-1075-1076-1018-1019-1020-1011-1012-1035-1036-1037-1038-1039-1040-1041-1042-1112-1113-1114-1115-1116-1117-1118-1119-1120-1121-1122-1123-1179-1180-1181-1182-103
[2026-08-11 16:43:21.302816] [INFO] [path_server] 노드 업데이트 : [1091] ➜ [1092]
[2026-08-11 16:43:21.382685] [INFO] [path_server] 새로운 경로 설정 : path[1091 ➜ 103] time[0s] dist[55.5m] list[38] : 1091-1092-1093-1094-1095-1074-1075-1076-1018-1019-1020-1011-1012-1035-1036-1037-1038-1039-1040-1041-1042-1112-1113-1114-1115-1116-1117-1118-1119-1120-1121-1122-1123-1179-1180-1181-1182-103
[2026-08-11 16:43:24.556484] [INFO] [path_server] 노드 업데이트 : [1092] ➜ [1093]
[2026-08-11 16:43:24.636453] [INFO] [path_server] 새로운 경로 설정 : path[1092 ➜ 103] time[0s] dist[54m] list[37] : 1092-1093-1094-1095-1074-1075-1076-1018-1019-1020-1011-1012-1035-1036-1037-1038-1039-1040-1041-1042-1112-1113-1114-1115-1116-1117-1118-1119-1120-1121-1122-1123-1179-1180-1181-1182-103
[2026-08-11 16:43:25.814068] [INFO] [path_server] 노드 업데이트 : [1093] ➜ [1094]
[2026-08-11 16:43:25.894010] [INFO] [path_server] 새로운 경로 설정 : path[1093 ➜ 103] time[0s] dist[52.5m] list[36] : 1093-1094-1095-1074-1075-1076-1018-1019-1020-1011-1012-1035-1036-1037-1038-1039-1040-1041-1042-1112-1113-1114-1115-1116-1117-1118-1119-1120-1121-1122-1123-1179-1180-1181-1182-103
[2026-08-11 16:43:26.672648] [INFO] [path_server] 노드 업데이트 : [1094] ➜ [1095]
[2026-08-11 16:43:26.752533] [INFO] [path_server] 새로운 경로 설정 : path[1094 ➜ 103] time[0s] dist[51m] list[35] : 1094-1095-1074-1075-1076-1018-1019-1020-1011-1012-1035-1036-1037-1038-1039-1040-1041-1042-1112-1113-1114-1115-1116-1117-1118-1119-1120-1121-1122-1123-1179-1180-1181-1182-103
[2026-08-11 16:43:27.990044] [INFO] [path_server] 노드 업데이트 : [1095] ➜ [1074]
[2026-08-11 16:43:28.070002] [INFO] [path_server] 새로운 경로 설정 : path[1095 ➜ 103] time[0s] dist[49.5m] list[34] : 1095-1074-1075-1076-1018-1019-1020-1011-1012-1035-1036-1037-1038-1039-1040-1041-1042-1112-1113-1114-1115-1116-1117-1118-1119-1120-1121-1122-1123-1179-1180-1181-1182-103
[2026-08-11 16:43:31.323969] [INFO] [path_server] 노드 업데이트 : [1074] ➜ [1075]
[2026-08-11 16:43:31.403980] [INFO] [path_server] 새로운 경로 설정 : path[1074 ➜ 103] time[0s] dist[48m] list[33] : 1074-1075-1076-1018-1019-1020-1011-1012-1035-1036-1037-1038-1039-1040-1041-1042-1112-1113-1114-1115-1116-1117-1118-1119-1120-1121-1122-1123-1179-1180-1181-1182-103
[2026-08-11 16:43:32.461765] [INFO] [path_server] 노드 업데이트 : [1075] ➜ [1076]
[2026-08-11 16:43:32.541708] [INFO] [path_server] 새로운 경로 설정 : path[1075 ➜ 103] time[0s] dist[46.5m] list[32] : 1075-1076-1018-1019-1020-1011-1012-1035-1036-1037-1038-1039-1040-1041-1042-1112-1113-1114-1115-1116-1117-1118-1119-1120-1121-1122-1123-1179-1180-1181-1182-103
[2026-08-11 16:43:33.280368] [INFO] [path_server] 노드 업데이트 : [1076] ➜ [1018]
[2026-08-11 16:43:33.340281] [INFO] [path_server] 새로운 경로 설정 : path[1076 ➜ 103] time[0s] dist[45m] list[31] : 1076-1018-1019-1020-1011-1012-1035-1036-1037-1038-1039-1040-1041-1042-1112-1113-1114-1115-1116-1117-1118-1119-1120-1121-1122-1123-1179-1180-1181-1182-103
[2026-08-11 16:43:34.039061] [INFO] [path_server] 노드 업데이트 : [1018] ➜ [1019]
[2026-08-11 16:43:34.118920] [INFO] [path_server] 새로운 경로 설정 : path[1018 ➜ 103] time[0s] dist[43.5m] list[30] : 1018-1019-1020-1011-1012-1035-1036-1037-1038-1039-1040-1041-1042-1112-1113-1114-1115-1116-1117-1118-1119-1120-1121-1122-1123-1179-1180-1181-1182-103
[2026-08-11 16:43:34.797668] [INFO] [path_server] 노드 업데이트 : [1019] ➜ [1020]
[2026-08-11 16:43:34.877597] [INFO] [path_server] 새로운 경로 설정 : path[1019 ➜ 103] time[0s] dist[42m] list[29] : 1019-1020-1011-1012-1035-1036-1037-1038-1039-1040-1041-1042-1112-1113-1114-1115-1116-1117-1118-1119-1120-1121-1122-1123-1179-1180-1181-1182-103
[2026-08-11 16:43:35.536249] [INFO] [path_server] 노드 업데이트 : [1020] ➜ [1011]
[2026-08-11 16:43:35.596190] [INFO] [path_server] 새로운 경로 설정 : path[1020 ➜ 103] time[0s] dist[40.5m] list[28] : 1020-1011-1012-1035-1036-1037-1038-1039-1040-1041-1042-1112-1113-1114-1115-1116-1117-1118-1119-1120-1121-1122-1123-1179-1180-1181-1182-103
[2026-08-11 16:43:36.854391] [INFO] [path_server] 노드 업데이트 : [1011] ➜ [1012]
[2026-08-11 16:43:36.914274] [INFO] [path_server] 새로운 경로 설정 : path[1011 ➜ 103] time[0s] dist[39m] list[27] : 1011-1012-1035-1036-1037-1038-1039-1040-1041-1042-1112-1113-1114-1115-1116-1117-1118-1119-1120-1121-1122-1123-1179-1180-1181-1182-103
[2026-08-11 16:43:40.227891] [INFO] [path_server] 노드 업데이트 : [1012] ➜ [1035]
[2026-08-11 16:43:40.307864] [INFO] [path_server] 새로운 경로 설정 : path[1012 ➜ 103] time[0s] dist[37.5m] list[26] : 1012-1035-1036-1037-1038-1039-1040-1041-1042-1112-1113-1114-1115-1116-1117-1118-1119-1120-1121-1122-1123-1179-1180-1181-1182-103
[2026-08-11 16:43:41.345775] [INFO] [path_server] 노드 업데이트 : [1035] ➜ [1036]
[2026-08-11 16:43:41.405688] [INFO] [path_server] 새로운 경로 설정 : path[1035 ➜ 103] time[0s] dist[36m] list[25] : 1035-1036-1037-1038-1039-1040-1041-1042-1112-1113-1114-1115-1116-1117-1118-1119-1120-1121-1122-1123-1179-1180-1181-1182-103
[2026-08-11 16:43:42.164189] [INFO] [path_server] 노드 업데이트 : [1036] ➜ [1037]
[2026-08-11 16:43:42.244058] [INFO] [path_server] 새로운 경로 설정 : path[1036 ➜ 103] time[0s] dist[34.5m] list[24] : 1036-1037-1038-1039-1040-1041-1042-1112-1113-1114-1115-1116-1117-1118-1119-1120-1121-1122-1123-1179-1180-1181-1182-103
[2026-08-11 16:43:42.923050] [INFO] [path_server] 노드 업데이트 : [1037] ➜ [1038]
[2026-08-11 16:43:43.003035] [INFO] [path_server] 새로운 경로 설정 : path[1037 ➜ 103] time[0s] dist[33m] list[23] : 1037-1038-1039-1040-1041-1042-1112-1113-1114-1115-1116-1117-1118-1119-1120-1121-1122-1123-1179-1180-1181-1182-103
[2026-08-11 16:43:43.681610] [INFO] [path_server] 노드 업데이트 : [1038] ➜ [1039]
[2026-08-11 16:43:43.741552] [INFO] [path_server] 새로운 경로 설정 : path[1038 ➜ 103] time[0s] dist[31.5m] list[22] : 1038-1039-1040-1041-1042-1112-1113-1114-1115-1116-1117-1118-1119-1120-1121-1122-1123-1179-1180-1181-1182-103
[2026-08-11 16:43:44.420297] [INFO] [path_server] 노드 업데이트 : [1039] ➜ [1040]
[2026-08-11 16:43:44.500295] [INFO] [path_server] 새로운 경로 설정 : path[1039 ➜ 103] time[0s] dist[30m] list[21] : 1039-1040-1041-1042-1112-1113-1114-1115-1116-1117-1118-1119-1120-1121-1122-1123-1179-1180-1181-1182-103
[2026-08-11 16:43:45.179074] [INFO] [path_server] 노드 업데이트 : [1040] ➜ [1041]
[2026-08-11 16:43:45.238971] [INFO] [path_server] 새로운 경로 설정 : path[1040 ➜ 103] time[0s] dist[28.5m] list[20] : 1040-1041-1042-1112-1113-1114-1115-1116-1117-1118-1119-1120-1121-1122-1123-1179-1180-1181-1182-103
[2026-08-11 16:43:45.917584] [INFO] [path_server] 노드 업데이트 : [1041] ➜ [1042]
[2026-08-11 16:43:45.997519] [INFO] [path_server] 새로운 경로 설정 : path[1041 ➜ 103] time[0s] dist[27m] list[19] : 1041-1042-1112-1113-1114-1115-1116-1117-1118-1119-1120-1121-1122-1123-1179-1180-1181-1182-103
[2026-08-11 16:43:46.676103] [INFO] [path_server] 노드 업데이트 : [1042] ➜ [1112]
[2026-08-11 16:43:46.736041] [INFO] [path_server] 새로운 경로 설정 : path[1042 ➜ 103] time[0s] dist[25.5m] list[18] : 1042-1112-1113-1114-1115-1116-1117-1118-1119-1120-1121-1122-1123-1179-1180-1181-1182-103
[2026-08-11 16:43:47.993379] [INFO] [path_server] 노드 업데이트 : [1112] ➜ [1113]
[2026-08-11 16:43:48.073259] [INFO] [path_server] 새로운 경로 설정 : path[1112 ➜ 103] time[0s] dist[24m] list[17] : 1112-1113-1114-1115-1116-1117-1118-1119-1120-1121-1122-1123-1179-1180-1181-1182-103
[2026-08-11 16:43:51.348803] [INFO] [path_server] 노드 업데이트 : [1113] ➜ [1114]
[2026-08-11 16:43:51.428718] [INFO] [path_server] 새로운 경로 설정 : path[1113 ➜ 103] time[0s] dist[22.5m] list[16] : 1113-1114-1115-1116-1117-1118-1119-1120-1121-1122-1123-1179-1180-1181-1182-103
[2026-08-11 16:43:52.486591] [INFO] [path_server] 노드 업데이트 : [1114] ➜ [1115]
[2026-08-11 16:43:52.566533] [INFO] [path_server] 새로운 경로 설정 : path[1114 ➜ 103] time[0s] dist[21m] list[15] : 1114-1115-1116-1117-1118-1119-1120-1121-1122-1123-1179-1180-1181-1182-103
[2026-08-11 16:43:53.304998] [INFO] [path_server] 노드 업데이트 : [1115] ➜ [1116]
[2026-08-11 16:43:53.364991] [INFO] [path_server] 새로운 경로 설정 : path[1115 ➜ 103] time[0s] dist[19.5m] list[14] : 1115-1116-1117-1118-1119-1120-1121-1122-1123-1179-1180-1181-1182-103
[2026-08-11 16:43:54.063505] [INFO] [path_server] 노드 업데이트 : [1116] ➜ [1117]
[2026-08-11 16:43:54.143405] [INFO] [path_server] 새로운 경로 설정 : path[1116 ➜ 103] time[0s] dist[18m] list[13] : 1116-1117-1118-1119-1120-1121-1122-1123-1179-1180-1181-1182-103
[2026-08-11 16:43:54.822062] [INFO] [path_server] 노드 업데이트 : [1117] ➜ [1118]
[2026-08-11 16:43:54.902084] [INFO] [path_server] 새로운 경로 설정 : path[1117 ➜ 103] time[0s] dist[16.5m] list[12] : 1117-1118-1119-1120-1121-1122-1123-1179-1180-1181-1182-103
[2026-08-11 16:43:55.560980] [INFO] [path_server] 노드 업데이트 : [1118] ➜ [1119]
[2026-08-11 16:43:55.640841] [INFO] [path_server] 새로운 경로 설정 : path[1118 ➜ 103] time[0s] dist[15m] list[11] : 1118-1119-1120-1121-1122-1123-1179-1180-1181-1182-103
[2026-08-11 16:43:56.319542] [INFO] [path_server] 노드 업데이트 : [1119] ➜ [1120]
[2026-08-11 16:43:56.399470] [INFO] [path_server] 새로운 경로 설정 : path[1119 ➜ 103] time[0s] dist[13.5m] list[10] : 1119-1120-1121-1122-1123-1179-1180-1181-1182-103
[2026-08-11 16:43:57.158093] [INFO] [path_server] 노드 업데이트 : [1120] ➜ [1121]
[2026-08-11 16:43:57.238040] [INFO] [path_server] 새로운 경로 설정 : path[1120 ➜ 103] time[0s] dist[12m] list[9] : 1120-1121-1122-1123-1179-1180-1181-1182-103
[2026-08-11 16:44:00.811474] [INFO] [path_server] 노드 업데이트 : [1121] ➜ [1122]
[2026-08-11 16:44:00.891397] [INFO] [path_server] 새로운 경로 설정 : path[1121 ➜ 103] time[0s] dist[10.5m] list[8] : 1121-1122-1123-1179-1180-1181-1182-103
[2026-08-11 16:44:02.169390] [INFO] [path_server] 노드 업데이트 : [1122] ➜ [1123]
[2026-08-11 16:44:02.249316] [INFO] [path_server] 새로운 경로 설정 : path[1122 ➜ 103] time[0s] dist[9m] list[7] : 1122-1123-1179-1180-1181-1182-103
[2026-08-11 16:44:03.227445] [INFO] [path_server] 노드 업데이트 : [1123] ➜ [1179]
[2026-08-11 16:44:03.287432] [INFO] [path_server] 새로운 경로 설정 : path[1123 ➜ 103] time[0s] dist[7.5m] list[6] : 1123-1179-1180-1181-1182-103
[2026-08-11 16:44:06.541821] [INFO] [path_server] 노드 업데이트 : [1179] ➜ [1180]
[2026-08-11 16:44:06.621862] [INFO] [path_server] 새로운 경로 설정 : path[1179 ➜ 103] time[0s] dist[6m] list[5] : 1179-1180-1181-1182-103
[2026-08-11 16:44:07.779622] [INFO] [path_server] 노드 업데이트 : [1180] ➜ [1181]
[2026-08-11 16:44:07.839515] [INFO] [path_server] 새로운 경로 설정 : path[1180 ➜ 103] time[0s] dist[4.5m] list[4] : 1180-1181-1182-103
[2026-08-11 16:44:08.657957] [INFO] [path_server] 노드 업데이트 : [1181] ➜ [1182]
[2026-08-11 16:44:08.737806] [INFO] [path_server] 새로운 경로 설정 : path[1181 ➜ 103] time[0s] dist[3m] list[3] : 1181-1182-103
[2026-08-11 16:44:09.975768] [INFO] [path_server] 노드 업데이트 : [1182] ➜ [103]
[2026-08-11 16:44:10.055609] [INFO] [path_server] 새로운 경로 설정 : path[1182 ➜ 103] time[0s] dist[1.5m] list[2] : 1182-103
[2026-08-11 16:44:15.185769] [INFO] [path_server] 노드 업데이트 : [103] ➜ [-1]
[2026-08-11 16:44:18.080207] [INFO] [course_tracker] 목적지에서 각도 정렬 : [5.500m 5.500m 0.000°]
[2026-08-11 16:44:18.120166] [INFO] [path_server] 노드 업데이트 : [103] ➜ [-1]
[2026-08-11 16:44:18.140057] [INFO] [task::fsm] push_done
[2026-08-11 16:44:18.180032] [INFO] [task::fsm] charging
[2026-08-11 16:44:18.180040] [INFO] [power_system] 충전 프로세스 시작
[2026-08-11 16:44:18.180055] [INFO] [health_monitor] [등록][100015, 100001] : 자동 충전 시작.
[2026-08-11 16:44:23.191135] [INFO] [health_monitor] [삭제][100015, 100001] : 자동 충전 시작.
[2026-08-11 16:44:34.191205] [INFO] [power_system] 충전 완료
[2026-08-11 16:44:34.191224] [INFO] [health_monitor] [등록][100015, 100002] : 배터리 가득.
[2026-08-11 16:44:34.191227] [INFO] [health_monitor] [등록][100015, 100003] : 자동 충전 해제 시작.
[2026-08-11 16:44:39.202539] [INFO] [health_monitor] [삭제][100015, 100002] : 배터리 가득.
[2026-08-11 16:44:39.202546] [INFO] [health_monitor] [삭제][100015, 100003] : 자동 충전 해제 시작.
[2026-08-11 16:44:39.222467] [INFO] [power_system] 충전 해제 완료
[2026-08-11 16:44:39.222482] [INFO] [health_monitor] [등록][100015, 100004] : 자동 충전 해제 완료.
[2026-08-11 16:44:39.242420] [INFO] [task::fsm] discharging
[2026-08-11 16:44:39.242429] [INFO] [power_system] 충전 해제 프로세스 시작
[2026-08-11 16:44:39.242443] [INFO] [health_monitor] [등록][100015, 100003] : 자동 충전 해제 시작.
[2026-08-11 16:44:39.262333] [INFO] [task::fsm] idle
[2026-08-11 16:44:39.262339] [INFO] [course_manager] 코스 삭제
[2026-08-11 16:44:39.262341] [INFO] [path_server] 경로 삭제
[2026-08-11 16:44:39.322261] [INFO] [task::fsm] idle
[2026-08-11 16:44:39.322268] [INFO] [course_manager] 코스 삭제
[2026-08-11 16:44:39.322270] [INFO] [path_server] 경로 삭제
[2026-08-11 16:44:44.233128] [INFO] [health_monitor] [삭제][100015, 100004] : 자동 충전 해제 완료.
[2026-08-11 16:44:44.253083] [INFO] [health_monitor] [삭제][100015, 100003] : 자동 충전 해제 시작.
[2026-08-11 16:45:49.983346] [INFO] [framework] 프로그램 시작
[2026-08-11 16:45:49.983349] [WARNING] [framework] 프로그램 시작
[2026-08-11 16:45:49.983351] [INFO] [framework] 설정 파일 위치 : ../configs/robot_6
[2026-08-11 16:45:49.983350] [CRITICAL] [framework] 프로그램 시작
[2026-08-11 16:45:49.983462] [INFO] [framework] ID[0, 6], 이름[양식스], 제어주기[20ms], 버젼[], 장소[우리집], 환경모드[simulation]
[2026-08-11 16:45:49.983483] [INFO] [mediator] 생성
[2026-08-11 16:45:49.983511] [INFO] [graph_manager] 생성
[2026-08-11 16:45:50.008669] [INFO] [stop_server] 생성
[2026-08-11 16:45:50.008703] [INFO] [health_monitor] 생성
[2026-08-11 16:45:50.008738] [INFO] [path_server] 생성
[2026-08-11 16:45:50.008755] [INFO] [course_manager] 생성
[2026-08-11 16:45:50.008768] [INFO] [task::fsm] 생성
[2026-08-11 16:45:50.008769] [INFO] [task::fsm] idle
[2026-08-11 16:45:50.008775] [INFO] [course_manager] 코스 삭제
[2026-08-11 16:45:50.008776] [INFO] [path_server] 경로 삭제
[2026-08-11 16:45:50.008789] [INFO] [task_manager] 생성
[2026-08-11 16:45:50.008895] [INFO] [mediator] connectors 생성
[2026-08-11 16:45:50.008917] [INFO] [fms] 생성
[2026-08-11 16:45:50.008918] [INFO] [fms] 통신 드라이버 생성
[2026-08-11 16:45:50.009202] [INFO] [motions] 생성
[2026-08-11 16:45:50.009221] [INFO] [localizers] 생성
[2026-08-11 16:45:50.009316] [INFO] [localizers] 파라미터 : 

[2026-08-11 16:45:50.009333] [INFO] [safety_plc] 생성
[2026-08-11 16:45:50.009355] [INFO] [load_handler] 생성
[2026-08-11 16:45:50.009369] [INFO] [power_system] 생성
[2026-08-11 16:45:50.009474] [INFO] [power_system] 설정 정보 : remaining[40%, 10%, 5%]
[2026-08-11 16:45:50.009915] [INFO] [power_system] 알람 목록 : 
 • [100015, 100001] [INFO] 자동 충전 시작.
 • [100015, 100002] [INFO] 배터리 가득.
 • [100015, 400001] [CRIT] 배터리 남은 양 - 위험
 • [100015, 300001] [ERROR] 배터리 남은 양 - 에러
 • [100015, 200001] [WARN] 배터리 남은 양 - 주의
 • [100015, 100004] [INFO] 자동 충전 해제 완료.
 • [100015, 100003] [INFO] 자동 충전 해제 시작.
[2026-08-11 16:45:50.009918] [INFO] [mediator] connector 의존성 주입
[2026-08-11 16:45:50.009926] [INFO] [mediator] any map 등록
[2026-08-11 16:45:50.009933] [INFO] [mediator] any collector 등록
[2026-08-11 16:45:50.009937] [INFO] [mediator] any collector 목록 검사
[2026-08-11 16:45:50.009984] [INFO] [framework] after init 실행
[2026-08-11 16:45:50.010357] [INFO] [course_tracker] 생성
[2026-08-11 16:45:50.010380] [INFO] [course_tracker] 파라미터 : 
◈ node_bound[0.020m, 0.150m, 0.005m]
 • approach[0.150m, 0.050m/s, -0.005m, -0.200m, 0.100m]
 • align[(10.000°, 5.000°/s), 50.000°, 30.000°/s), 0.800°, -0.100°]
◈ motion param : 
 • reference_angle[0.000°, 45.000°]
 • threshold_angle[15.000°, 20.000°, 170.000°]
 • threshold_error[0.300°, 5.000°]
 • normal[0.150m/s, 8.000, 0.800m/s, 0.500]
 • angle[0.150m/s, 1.500, 0.800m/s, 2.100]
 • protection_overshoot[0.100m/s, 0.900, 0.500m/s, 0.900]
 • speed_rotation[15.000°/s]
[2026-08-11 16:45:50.010384] [INFO] [framework] 제어 쓰레드 시작
[2026-08-11 16:45:50.010446] [INFO] [path_server] 노드 초기화 성공 : 로봇 좌표[5.503m 5.498m -179.419°] 최단 거리 노드[103] 거리(0.003717m)
[2026-08-11 16:45:50.010522] [INFO] [health_monitor] [등록][100015, 200001] : 배터리 남은 양 - 주의
[2026-08-11 16:45:50.030422] [INFO] [task::fsm] idle
[2026-08-11 16:45:50.030431] [INFO] [course_manager] 코스 삭제
[2026-08-11 16:45:50.030433] [INFO] [path_server] 경로 삭제
[2026-08-11 16:45:50.130268] [INFO] [task::fsm] charging
[2026-08-11 16:45:50.130278] [INFO] [power_system] 충전 프로세스 시작
[2026-08-11 16:45:50.130291] [INFO] [health_monitor] [등록][100015, 100001] : 자동 충전 시작.
[2026-08-11 16:45:55.140333] [INFO] [health_monitor] [삭제][100015, 100001] : 자동 충전 시작.
[2026-08-11 16:46:05.520248] [INFO] [health_monitor] [삭제][100015, 200001] : 배터리 남은 양 - 주의
[2026-08-11 16:46:12.207520] [INFO] [path_server] 새로운 경로 설정 : path[103 ➜ 1037] time[0s] dist[27m] list[19] : 103-1182-1183-1184-1045-1046-1047-1048-1001-1002-1003-1004-1005-1010-1011-1012-1035-1036-1037
[2026-08-11 16:46:12.207533] [INFO] [course_tracker] 방향 정렬 완료 
[2026-08-11 16:46:19.374379] [INFO] [path_server] 노드 업데이트 : [1182] ➜ [1183]
[2026-08-11 16:46:19.434300] [INFO] [path_server] 새로운 경로 설정 : path[1182 ➜ 1037] time[0s] dist[25.5m] list[18] : 1182-1183-1184-1045-1046-1047-1048-1001-1002-1003-1004-1005-1010-1011-1012-1035-1036-1037
[2026-08-11 16:46:22.987849] [INFO] [path_server] 노드 업데이트 : [1183] ➜ [1184]
[2026-08-11 16:46:23.067792] [INFO] [path_server] 새로운 경로 설정 : path[1183 ➜ 1037] time[0s] dist[24m] list[17] : 1183-1184-1045-1046-1047-1048-1001-1002-1003-1004-1005-1010-1011-1012-1035-1036-1037
[2026-08-11 16:46:24.125551] [INFO] [path_server] 노드 업데이트 : [1184] ➜ [1045]
[2026-08-11 16:46:24.205482] [INFO] [path_server] 새로운 경로 설정 : path[1184 ➜ 1037] time[0s] dist[22.5m] list[16] : 1184-1045-1046-1047-1048-1001-1002-1003-1004-1005-1010-1011-1012-1035-1036-1037
[2026-08-11 16:46:25.463251] [INFO] [path_server] 노드 업데이트 : [1045] ➜ [1046]
[2026-08-11 16:46:25.543122] [INFO] [path_server] 새로운 경로 설정 : path[1045 ➜ 1037] time[0s] dist[21m] list[15] : 1045-1046-1047-1048-1001-1002-1003-1004-1005-1010-1011-1012-1035-1036-1037
[2026-08-11 16:46:28.796844] [INFO] [path_server] 노드 업데이트 : [1046] ➜ [1047]
[2026-08-11 16:46:28.876715] [INFO] [path_server] 새로운 경로 설정 : path[1046 ➜ 1037] time[0s] dist[19.5m] list[14] : 1046-1047-1048-1001-1002-1003-1004-1005-1010-1011-1012-1035-1036-1037
[2026-08-11 16:46:29.934585] [INFO] [path_server] 노드 업데이트 : [1047] ➜ [1048]
[2026-08-11 16:46:30.014486] [INFO] [path_server] 새로운 경로 설정 : path[1047 ➜ 1037] time[0s] dist[18m] list[13] : 1047-1048-1001-1002-1003-1004-1005-1010-1011-1012-1035-1036-1037
[2026-08-11 16:46:30.752968] [INFO] [path_server] 노드 업데이트 : [1048] ➜ [1001]
[2026-08-11 16:46:30.832864] [INFO] [path_server] 새로운 경로 설정 : path[1048 ➜ 1037] time[0s] dist[16.5m] list[12] : 1048-1001-1002-1003-1004-1005-1010-1011-1012-1035-1036-1037
[2026-08-11 16:46:31.511555] [INFO] [path_server] 노드 업데이트 : [1001] ➜ [1002]
[2026-08-11 16:46:31.571496] [INFO] [path_server] 새로운 경로 설정 : path[1001 ➜ 1037] time[0s] dist[15m] list[11] : 1001-1002-1003-1004-1005-1010-1011-1012-1035-1036-1037
[2026-08-11 16:46:32.250214] [INFO] [path_server] 노드 업데이트 : [1002] ➜ [1003]
[2026-08-11 16:46:32.330199] [INFO] [path_server] 새로운 경로 설정 : path[1002 ➜ 1037] time[0s] dist[13.5m] list[10] : 1002-1003-1004-1005-1010-1011-1012-1035-1036-1037
[2026-08-11 16:46:33.008871] [INFO] [path_server] 노드 업데이트 : [1003] ➜ [1004]
[2026-08-11 16:46:33.068766] [INFO] [path_server] 새로운 경로 설정 : path[1003 ➜ 1037] time[0s] dist[12m] list[9] : 1003-1004-1005-1010-1011-1012-1035-1036-1037
[2026-08-11 16:46:33.767409] [INFO] [path_server] 노드 업데이트 : [1004] ➜ [1005]
[2026-08-11 16:46:33.847266] [INFO] [path_server] 새로운 경로 설정 : path[1004 ➜ 1037] time[0s] dist[10.5m] list[8] : 1004-1005-1010-1011-1012-1035-1036-1037
[2026-08-11 16:46:35.084938] [INFO] [path_server] 노드 업데이트 : [1005] ➜ [1010]
[2026-08-11 16:46:35.164797] [INFO] [path_server] 새로운 경로 설정 : path[1005 ➜ 1037] time[0s] dist[9m] list[7] : 1005-1010-1011-1012-1035-1036-1037
[2026-08-11 16:46:38.178719] [INFO] [path_server] 노드 업데이트 : [1010] ➜ [1011]
[2026-08-11 16:46:38.258674] [INFO] [path_server] 새로운 경로 설정 : path[1010 ➜ 1037] time[0s] dist[7.5m] list[6] : 1010-1011-1012-1035-1036-1037
[2026-08-11 16:46:41.552866] [INFO] [path_server] 노드 업데이트 : [1011] ➜ [1012]
[2026-08-11 16:46:41.632790] [INFO] [path_server] 새로운 경로 설정 : path[1011 ➜ 1037] time[0s] dist[6m] list[5] : 1011-1012-1035-1036-1037
[2026-08-11 16:46:42.670721] [INFO] [path_server] 노드 업데이트 : [1012] ➜ [1035]
[2026-08-11 16:46:42.750558] [INFO] [path_server] 새로운 경로 설정 : path[1012 ➜ 1037] time[0s] dist[4.5m] list[4] : 1012-1035-1036-1037
[2026-08-11 16:46:43.508923] [INFO] [path_server] 노드 업데이트 : [1035] ➜ [1036]
[2026-08-11 16:46:43.588828] [INFO] [path_server] 새로운 경로 설정 : path[1035 ➜ 1037] time[0s] dist[3m] list[3] : 1035-1036-1037
[2026-08-11 16:46:44.247777] [INFO] [path_server] 노드 업데이트 : [1036] ➜ [1037]
[2026-08-11 16:46:44.307682] [INFO] [path_server] 새로운 경로 설정 : path[1036 ➜ 1037] time[0s] dist[1.5m] list[2] : 1036-1037
[2026-08-11 16:46:46.483555] [INFO] [path_server] 노드 업데이트 : [1037] ➜ [-1]
[2026-08-11 16:46:49.358621] [INFO] [course_tracker] 목적지에서 각도 정렬 : [11.500m 11.500m 0.000°]
[2026-08-11 16:46:49.658037] [INFO] [path_server] 노드 업데이트 : [1037] ➜ [-1]
[2026-08-11 16:46:49.678029] [INFO] [task::fsm] push_done
[2026-08-11 16:46:49.737916] [INFO] [task::fsm] idle
[2026-08-11 16:46:49.737923] [INFO] [course_manager] 코스 삭제
[2026-08-11 16:46:49.737925] [INFO] [path_server] 경로 삭제
[2026-08-11 16:46:59.619251] [INFO] [path_server] 새로운 경로 설정 : path[1037 ➜ 110] time[0s] dist[39m] list[27] : 1037-1038-1039-1040-1041-1042-1112-1113-1043-1044-1045-1046-1047-1048-1001-1002-1003-1004-1005-1006-1021-1022-1007-1167-1168-1169-110
[2026-08-11 16:47:01.955504] [INFO] [path_server] 노드 업데이트 : [1038] ➜ [1039]
[2026-08-11 16:47:02.015426] [INFO] [path_server] 새로운 경로 설정 : path[1038 ➜ 110] time[0s] dist[37.5m] list[26] : 1038-1039-1040-1041-1042-1112-1113-1043-1044-1045-1046-1047-1048-1001-1002-1003-1004-1005-1006-1021-1022-1007-1167-1168-1169-110
[2026-08-11 16:47:03.013384] [INFO] [path_server] 노드 업데이트 : [1039] ➜ [1040]
[2026-08-11 16:47:03.093261] [INFO] [path_server] 새로운 경로 설정 : path[1039 ➜ 110] time[0s] dist[36m] list[25] : 1039-1040-1041-1042-1112-1113-1043-1044-1045-1046-1047-1048-1001-1002-1003-1004-1005-1006-1021-1022-1007-1167-1168-1169-110
[2026-08-11 16:47:03.811793] [INFO] [path_server] 노드 업데이트 : [1040] ➜ [1041]
[2026-08-11 16:47:03.871718] [INFO] [path_server] 새로운 경로 설정 : path[1040 ➜ 110] time[0s] dist[34.5m] list[24] : 1040-1041-1042-1112-1113-1043-1044-1045-1046-1047-1048-1001-1002-1003-1004-1005-1006-1021-1022-1007-1167-1168-1169-110
[2026-08-11 16:47:04.570593] [INFO] [path_server] 노드 업데이트 : [1041] ➜ [1042]
[2026-08-11 16:47:04.650524] [INFO] [path_server] 새로운 경로 설정 : path[1041 ➜ 110] time[0s] dist[33m] list[23] : 1041-1042-1112-1113-1043-1044-1045-1046-1047-1048-1001-1002-1003-1004-1005-1006-1021-1022-1007-1167-1168-1169-110
[2026-08-11 16:47:05.309527] [INFO] [path_server] 노드 업데이트 : [1042] ➜ [1112]
[2026-08-11 16:47:05.369505] [INFO] [path_server] 새로운 경로 설정 : path[1042 ➜ 110] time[0s] dist[31.5m] list[22] : 1042-1112-1113-1043-1044-1045-1046-1047-1048-1001-1002-1003-1004-1005-1006-1021-1022-1007-1167-1168-1169-110
[2026-08-11 16:47:06.627701] [INFO] [path_server] 노드 업데이트 : [1112] ➜ [1113]
[2026-08-11 16:47:06.687750] [INFO] [path_server] 새로운 경로 설정 : path[1112 ➜ 110] time[0s] dist[30m] list[21] : 1112-1113-1043-1044-1045-1046-1047-1048-1001-1002-1003-1004-1005-1006-1021-1022-1007-1167-1168-1169-110
[2026-08-11 16:47:07.526188] [INFO] [health_monitor] [등록][100015, 200001] : 배터리 남은 양 - 주의
[2026-08-11 16:47:09.701759] [INFO] [path_server] 노드 업데이트 : [1113] ➜ [1043]
[2026-08-11 16:47:09.781698] [INFO] [path_server] 새로운 경로 설정 : path[1113 ➜ 110] time[0s] dist[28.5m] list[20] : 1113-1043-1044-1045-1046-1047-1048-1001-1002-1003-1004-1005-1006-1021-1022-1007-1167-1168-1169-110
[2026-08-11 16:47:13.075070] [INFO] [path_server] 노드 업데이트 : [1043] ➜ [1044]
[2026-08-11 16:47:13.174930] [INFO] [path_server] 새로운 경로 설정 : path[1043 ➜ 110] time[0s] dist[27m] list[19] : 1043-1044-1045-1046-1047-1048-1001-1002-1003-1004-1005-1006-1021-1022-1007-1167-1168-1169-110
[2026-08-11 16:47:14.213038] [INFO] [path_server] 노드 업데이트 : [1044] ➜ [1045]
[2026-08-11 16:47:14.272958] [INFO] [path_server] 새로운 경로 설정 : path[1044 ➜ 110] time[0s] dist[25.5m] list[18] : 1044-1045-1046-1047-1048-1001-1002-1003-1004-1005-1006-1021-1022-1007-1167-1168-1169-110
[2026-08-11 16:47:15.031398] [INFO] [path_server] 노드 업데이트 : [1045] ➜ [1046]
[2026-08-11 16:47:15.111270] [INFO] [path_server] 새로운 경로 설정 : path[1045 ➜ 110] time[0s] dist[24m] list[17] : 1045-1046-1047-1048-1001-1002-1003-1004-1005-1006-1021-1022-1007-1167-1168-1169-110
[2026-08-11 16:47:15.789801] [INFO] [path_server] 노드 업데이트 : [1046] ➜ [1047]
[2026-08-11 16:47:15.869753] [INFO] [path_server] 새로운 경로 설정 : path[1046 ➜ 110] time[0s] dist[22.5m] list[16] : 1046-1047-1048-1001-1002-1003-1004-1005-1006-1021-1022-1007-1167-1168-1169-110
[2026-08-11 16:47:16.548441] [INFO] [path_server] 노드 업데이트 : [1047] ➜ [1048]
[2026-08-11 16:47:16.608335] [INFO] [path_server] 새로운 경로 설정 : path[1047 ➜ 110] time[0s] dist[21m] list[15] : 1047-1048-1001-1002-1003-1004-1005-1006-1021-1022-1007-1167-1168-1169-110
[2026-08-11 16:47:17.286846] [INFO] [path_server] 노드 업데이트 : [1048] ➜ [1001]
[2026-08-11 16:47:17.366743] [INFO] [path_server] 새로운 경로 설정 : path[1048 ➜ 110] time[0s] dist[19.5m] list[14] : 1048-1001-1002-1003-1004-1005-1006-1021-1022-1007-1167-1168-1169-110
[2026-08-11 16:47:18.045506] [INFO] [path_server] 노드 업데이트 : [1001] ➜ [1002]
[2026-08-11 16:47:18.105419] [INFO] [path_server] 새로운 경로 설정 : path[1001 ➜ 110] time[0s] dist[18m] list[13] : 1001-1002-1003-1004-1005-1006-1021-1022-1007-1167-1168-1169-110
[2026-08-11 16:47:18.784041] [INFO] [path_server] 노드 업데이트 : [1002] ➜ [1003]
[2026-08-11 16:47:18.863954] [INFO] [path_server] 새로운 경로 설정 : path[1002 ➜ 110] time[0s] dist[16.5m] list[12] : 1002-1003-1004-1005-1006-1021-1022-1007-1167-1168-1169-110
[2026-08-11 16:47:19.542479] [INFO] [path_server] 노드 업데이트 : [1003] ➜ [1004]
[2026-08-11 16:47:19.602370] [INFO] [path_server] 새로운 경로 설정 : path[1003 ➜ 110] time[0s] dist[15m] list[11] : 1003-1004-1005-1006-1021-1022-1007-1167-1168-1169-110
[2026-08-11 16:47:20.280969] [INFO] [path_server] 노드 업데이트 : [1004] ➜ [1005]
[2026-08-11 16:47:20.360899] [INFO] [path_server] 새로운 경로 설정 : path[1004 ➜ 110] time[0s] dist[13.5m] list[10] : 1004-1005-1006-1021-1022-1007-1167-1168-1169-110
[2026-08-11 16:47:21.039538] [INFO] [path_server] 노드 업데이트 : [1005] ➜ [1006]
[2026-08-11 16:47:21.099446] [INFO] [path_server] 새로운 경로 설정 : path[1005 ➜ 110] time[0s] dist[12m] list[9] : 1005-1006-1021-1022-1007-1167-1168-1169-110
[2026-08-11 16:47:21.797943] [INFO] [path_server] 노드 업데이트 : [1006] ➜ [1021]
[2026-08-11 16:47:21.877850] [INFO] [path_server] 새로운 경로 설정 : path[1006 ➜ 110] time[0s] dist[10.5m] list[8] : 1006-1021-1022-1007-1167-1168-1169-110
[2026-08-11 16:47:22.536472] [INFO] [path_server] 노드 업데이트 : [1021] ➜ [1022]
[2026-08-11 16:47:22.596381] [INFO] [path_server] 새로운 경로 설정 : path[1021 ➜ 110] time[0s] dist[9.00003m] list[7] : 1021-1022-1007-1167-1168-1169-110
[2026-08-11 16:47:23.853773] [INFO] [path_server] 노드 업데이트 : [1022] ➜ [1007]
[2026-08-11 16:47:23.913666] [INFO] [path_server] 새로운 경로 설정 : path[1022 ➜ 110] time[0s] dist[7.50003m] list[6] : 1022-1007-1167-1168-1169-110
[2026-08-11 16:47:27.207306] [INFO] [path_server] 노드 업데이트 : [1007] ➜ [1167]
[2026-08-11 16:47:27.287280] [INFO] [path_server] 새로운 경로 설정 : path[1007 ➜ 110] time[0s] dist[6.00003m] list[5] : 1007-1167-1168-1169-110
[2026-08-11 16:47:28.345105] [INFO] [path_server] 노드 업데이트 : [1167] ➜ [1168]
[2026-08-11 16:47:28.425038] [INFO] [path_server] 새로운 경로 설정 : path[1167 ➜ 110] time[0s] dist[4.50003m] list[4] : 1167-1168-1169-110
[2026-08-11 16:47:29.163448] [INFO] [path_server] 노드 업데이트 : [1168] ➜ [1169]
[2026-08-11 16:47:29.223351] [INFO] [path_server] 새로운 경로 설정 : path[1168 ➜ 110] time[0s] dist[3.00003m] list[3] : 1168-1169-110
[2026-08-11 16:47:30.580670] [INFO] [path_server] 노드 업데이트 : [1169] ➜ [110]
[2026-08-11 16:47:30.660570] [INFO] [path_server] 새로운 경로 설정 : path[1169 ➜ 110] time[0s] dist[1.50003m] list[2] : 1169-110
[2026-08-11 16:47:36.110275] [INFO] [path_server] 노드 업데이트 : [110] ➜ [-1]
[2026-08-11 16:47:39.004735] [INFO] [course_tracker] 목적지에서 각도 정렬 : [22.000m 15.990m 0.000°]
[2026-08-11 16:47:39.044591] [INFO] [path_server] 노드 업데이트 : [110] ➜ [-1]
[2026-08-11 16:47:39.064602] [INFO] [task::fsm] push_done
[2026-08-11 16:47:39.124499] [INFO] [task::fsm] charging
[2026-08-11 16:47:39.124508] [INFO] [power_system] 충전 프로세스 시작
[2026-08-11 16:47:39.124523] [INFO] [health_monitor] [등록][100015, 100001] : 자동 충전 시작.
[2026-08-11 16:47:42.766634] [INFO] [framework] 프로그램 시작
[2026-08-11 16:47:42.766639] [WARNING] [framework] 프로그램 시작
[2026-08-11 16:47:42.766640] [CRITICAL] [framework] 프로그램 시작
[2026-08-11 16:47:42.766641] [INFO] [framework] 설정 파일 위치 : ../configs/robot_6
[2026-08-11 16:49:24.396263] [INFO] [framework] 프로그램 시작
[2026-08-11 16:49:24.396267] [WARNING] [framework] 프로그램 시작
[2026-08-11 16:49:24.396269] [INFO] [framework] 설정 파일 위치 : ../configs/robot_6
[2026-08-11 16:49:24.396269] [CRITICAL] [framework] 프로그램 시작
[2026-08-11 16:49:24.396397] [INFO] [framework] ID[0, 6], 이름[양식스], 제어주기[20ms], 버젼[], 장소[우리집], 환경모드[simulation]
[2026-08-11 16:49:24.396421] [INFO] [mediator] 생성
[2026-08-11 16:49:24.396440] [INFO] [graph_manager] 생성
[2026-08-11 16:49:24.421387] [INFO] [stop_server] 생성
[2026-08-11 16:49:24.421417] [INFO] [health_monitor] 생성
[2026-08-11 16:49:24.421436] [INFO] [path_server] 생성
[2026-08-11 16:49:24.421458] [INFO] [course_manager] 생성
[2026-08-11 16:49:24.421473] [INFO] [task::fsm] 생성
[2026-08-11 16:49:24.421475] [INFO] [task::fsm] idle
[2026-08-11 16:49:24.421478] [INFO] [path_server] 경로 삭제
[2026-08-11 16:49:24.421477] [INFO] [course_manager] 코스 삭제
[2026-08-11 16:49:24.421493] [INFO] [task_manager] 생성
[2026-08-11 16:49:24.421611] [INFO] [mediator] connectors 생성
[2026-08-11 16:49:24.421630] [INFO] [fms] 생성
[2026-08-11 16:49:24.421631] [INFO] [fms] 통신 드라이버 생성
[2026-08-11 16:49:24.421966] [INFO] [motions] 생성
[2026-08-11 16:49:24.421988] [INFO] [localizers] 생성
[2026-08-11 16:49:24.422088] [INFO] [localizers] 파라미터 : 

[2026-08-11 16:49:24.422108] [INFO] [safety_plc] 생성
[2026-08-11 16:49:24.422122] [INFO] [load_handler] 생성
[2026-08-11 16:49:24.422138] [INFO] [power_system] 생성
[2026-08-11 16:49:24.422271] [INFO] [power_system] 설정 정보 : remaining[40%, 10%, 5%]
[2026-08-11 16:49:24.422771] [INFO] [power_system] 알람 목록 : 
 • [100015, 100001] [INFO] 자동 충전 시작.
 • [100015, 100002] [INFO] 배터리 가득.
 • [100015, 400001] [CRIT] 배터리 남은 양 - 위험
 • [100015, 300001] [ERROR] 배터리 남은 양 - 에러
 • [100015, 200001] [WARN] 배터리 남은 양 - 주의
 • [100015, 100004] [INFO] 자동 충전 해제 완료.
 • [100015, 100003] [INFO] 자동 충전 해제 시작.
[2026-08-11 16:49:24.422774] [INFO] [mediator] connector 의존성 주입
[2026-08-11 16:49:24.422782] [INFO] [mediator] any map 등록
[2026-08-11 16:49:24.422790] [INFO] [mediator] any collector 등록
[2026-08-11 16:49:24.422793] [INFO] [mediator] any collector 목록 검사
[2026-08-11 16:49:24.422850] [INFO] [framework] after init 실행
[2026-08-11 16:49:24.423168] [INFO] [course_tracker] 생성
[2026-08-11 16:49:24.423183] [INFO] [course_tracker] 파라미터 : 
◈ node_bound[0.020m, 0.150m, 0.005m]
 • approach[0.150m, 0.050m/s, -0.005m, -0.200m, 0.100m]
 • align[(10.000°, 5.000°/s), 50.000°, 30.000°/s), 0.800°, -0.100°]
◈ motion param : 
 • reference_angle[0.000°, 45.000°]
 • threshold_angle[15.000°, 20.000°, 170.000°]
 • threshold_error[0.300°, 5.000°]
 • normal[0.150m/s, 8.000, 0.800m/s, 0.500]
 • angle[0.150m/s, 1.500, 0.800m/s, 2.100]
 • protection_overshoot[0.100m/s, 0.900, 0.500m/s, 0.900]
 • speed_rotation[15.000°/s]
[2026-08-11 16:49:24.423186] [INFO] [framework] 제어 쓰레드 시작
[2026-08-11 16:49:24.423223] [INFO] [path_server] 노드 초기화 성공 : 로봇 좌표[22.004m 15.988m -179.520°] 최단 거리 노드[110] 거리(0.004207m)
[2026-08-11 16:49:24.423256] [INFO] [health_monitor] [등록][100015, 200001] : 배터리 남은 양 - 주의
[2026-08-11 16:49:24.523055] [INFO] [task::fsm] charging
[2026-08-11 16:49:24.523064] [INFO] [power_system] 충전 프로세스 시작
[2026-08-11 16:49:24.523078] [INFO] [health_monitor] [등록][100015, 100001] : 자동 충전 시작.
[2026-08-11 16:49:29.532701] [INFO] [health_monitor] [삭제][100015, 100001] : 자동 충전 시작.
[2026-08-11 16:49:46.488996] [INFO] [framework] 프로그램 시작
[2026-08-11 16:49:46.489002] [WARNING] [framework] 프로그램 시작
[2026-08-11 16:49:46.489004] [CRITICAL] [framework] 프로그램 시작
[2026-08-11 16:49:58.390849] [INFO] [framework] 프로그램 시작
[2026-08-11 16:49:58.390852] [WARNING] [framework] 프로그램 시작
[2026-08-11 16:49:58.390854] [INFO] [framework] 설정 파일 위치 : ../configs/robot_6
[2026-08-11 16:49:58.390853] [CRITICAL] [framework] 프로그램 시작
[2026-08-11 16:49:58.390960] [INFO] [framework] ID[0, 6], 이름[양식스], 제어주기[20ms], 버젼[], 장소[우리집], 환경모드[simulation]
[2026-08-11 16:49:58.390977] [INFO] [mediator] 생성
[2026-08-11 16:49:58.390999] [INFO] [graph_manager] 생성
[2026-08-11 16:49:58.416111] [INFO] [stop_server] 생성
[2026-08-11 16:49:58.416130] [INFO] [health_monitor] 생성
[2026-08-11 16:49:58.416147] [INFO] [path_server] 생성
[2026-08-11 16:49:58.416172] [INFO] [course_manager] 생성
[2026-08-11 16:49:58.416187] [INFO] [task::fsm] 생성
[2026-08-11 16:49:58.416188] [INFO] [task::fsm] idle
[2026-08-11 16:49:58.416198] [INFO] [course_manager] 코스 삭제
[2026-08-11 16:49:58.416198] [INFO] [path_server] 경로 삭제
[2026-08-11 16:49:58.416213] [INFO] [task_manager] 생성
[2026-08-11 16:49:58.416320] [INFO] [mediator] connectors 생성
[2026-08-11 16:49:58.416339] [INFO] [fms] 생성
[2026-08-11 16:49:58.416340] [INFO] [fms] 통신 드라이버 생성
[2026-08-11 16:49:58.416607] [INFO] [motions] 생성
[2026-08-11 16:49:58.416629] [INFO] [localizers] 생성
[2026-08-11 16:49:58.416730] [INFO] [localizers] 파라미터 : 

[2026-08-11 16:49:58.416750] [INFO] [safety_plc] 생성
[2026-08-11 16:49:58.416766] [INFO] [load_handler] 생성
[2026-08-11 16:49:58.416782] [INFO] [power_system] 생성
[2026-08-11 16:49:58.416892] [INFO] [power_system] 설정 정보 : remaining[40%, 10%, 5%]
[2026-08-11 16:49:58.417329] [INFO] [power_system] 알람 목록 : 
 • [100015, 100001] [INFO] 자동 충전 시작.
 • [100015, 100002] [INFO] 배터리 가득.
 • [100015, 400001] [CRIT] 배터리 남은 양 - 위험
 • [100015, 300001] [ERROR] 배터리 남은 양 - 에러
 • [100015, 200001] [WARN] 배터리 남은 양 - 주의
 • [100015, 100004] [INFO] 자동 충전 해제 완료.
 • [100015, 100003] [INFO] 자동 충전 해제 시작.
[2026-08-11 16:49:58.417335] [INFO] [mediator] any map 등록
[2026-08-11 16:49:58.417343] [INFO] [mediator] any collector 등록
[2026-08-11 16:49:58.417333] [INFO] [mediator] connector 의존성 주입
[2026-08-11 16:49:58.417345] [INFO] [mediator] any collector 목록 검사
[2026-08-11 16:49:58.417404] [INFO] [framework] after init 실행
[2026-08-11 16:49:58.417635] [INFO] [course_tracker] 생성
[2026-08-11 16:49:58.417649] [INFO] [course_tracker] 파라미터 : 
◈ node_bound[0.020m, 0.150m, 0.005m]
 • approach[0.150m, 0.050m/s, -0.005m, -0.200m, 0.100m]
 • align[(10.000°, 5.000°/s), 50.000°, 30.000°/s), 0.800°, -0.100°]
◈ motion param : 
 • reference_angle[0.000°, 45.000°]
 • threshold_angle[15.000°, 20.000°, 170.000°]
 • threshold_error[0.300°, 5.000°]
 • normal[0.150m/s, 8.000, 0.800m/s, 0.500]
 • angle[0.150m/s, 1.500, 0.800m/s, 2.100]
 • protection_overshoot[0.100m/s, 0.900, 0.500m/s, 0.900]
 • speed_rotation[15.000°/s]
[2026-08-11 16:49:58.417653] [INFO] [framework] 제어 쓰레드 시작
[2026-08-11 16:49:58.417683] [INFO] [path_server] 노드 초기화 성공 : 로봇 좌표[22.004m 15.988m -179.520°] 최단 거리 노드[110] 거리(0.004207m)
[2026-08-11 16:49:58.417729] [INFO] [health_monitor] [등록][100015, 200001] : 배터리 남은 양 - 주의
[2026-08-11 16:50:00.414586] [INFO] [task::fsm] charging
[2026-08-11 16:50:00.414607] [INFO] [health_monitor] [등록][100015, 100001] : 자동 충전 시작.
[2026-08-11 16:50:00.414594] [INFO] [power_system] 충전 프로세스 시작
[2026-08-11 16:50:05.425847] [INFO] [health_monitor] [삭제][100015, 100001] : 자동 충전 시작.
[2026-08-11 16:50:15.928053] [INFO] [health_monitor] [삭제][100015, 200001] : 배터리 남은 양 - 주의
[2026-08-11 16:50:27.405915] [INFO] [path_server] 새로운 경로 설정 : path[110 ➜ 1087] time[0s] dist[58.5m] list[40] : 110-1169-1170-1171-1172-1091-1092-1093-1094-1095-1074-1075-1076-1018-1019-1020-1011-1004-1005-1006-1021-1022-1023-1024-1025-1026-1027-1028-1148-1077-1078-1079-1080-1081-1082-1083-1084-1085-1086-1087
[2026-08-11 16:50:27.405930] [INFO] [course_tracker] 방향 정렬 완료 
[2026-08-11 16:50:32.097690] [INFO] [path_server] 노드 업데이트 : [1169] ➜ [1170]
[2026-08-11 16:50:32.177624] [INFO] [path_server] 새로운 경로 설정 : path[1169 ➜ 1087] time[0s] dist[57m] list[39] : 1169-1170-1171-1172-1091-1092-1093-1094-1095-1074-1075-1076-1018-1019-1020-1011-1004-1005-1006-1021-1022-1023-1024-1025-1026-1027-1028-1148-1077-1078-1079-1080-1081-1082-1083-1084-1085-1086-1087
[2026-08-11 16:50:35.790792] [INFO] [path_server] 노드 업데이트 : [1170] ➜ [1171]
[2026-08-11 16:50:35.850767] [INFO] [path_server] 새로운 경로 설정 : path[1170 ➜ 1087] time[0s] dist[55.5m] list[38] : 1170-1171-1172-1091-1092-1093-1094-1095-1074-1075-1076-1018-1019-1020-1011-1004-1005-1006-1021-1022-1023-1024-1025-1026-1027-1028-1148-1077-1078-1079-1080-1081-1082-1083-1084-1085-1086-1087
[2026-08-11 16:50:36.908753] [INFO] [path_server] 노드 업데이트 : [1171] ➜ [1172]
[2026-08-11 16:50:37.008629] [INFO] [path_server] 새로운 경로 설정 : path[1171 ➜ 1087] time[0s] dist[54m] list[37] : 1171-1172-1091-1092-1093-1094-1095-1074-1075-1076-1018-1019-1020-1011-1004-1005-1006-1021-1022-1023-1024-1025-1026-1027-1028-1148-1077-1078-1079-1080-1081-1082-1083-1084-1085-1086-1087
[2026-08-11 16:50:37.727143] [INFO] [path_server] 노드 업데이트 : [1172] ➜ [1091]
[2026-08-11 16:50:37.807069] [INFO] [path_server] 새로운 경로 설정 : path[1172 ➜ 1087] time[0s] dist[52.5m] list[36] : 1172-1091-1092-1093-1094-1095-1074-1075-1076-1018-1019-1020-1011-1004-1005-1006-1021-1022-1023-1024-1025-1026-1027-1028-1148-1077-1078-1079-1080-1081-1082-1083-1084-1085-1086-1087
[2026-08-11 16:50:38.765250] [INFO] [path_server] 노드 업데이트 : [1091] ➜ [1092]
[2026-08-11 16:50:38.825224] [INFO] [path_server] 새로운 경로 설정 : path[1091 ➜ 1087] time[0s] dist[51m] list[35] : 1091-1092-1093-1094-1095-1074-1075-1076-1018-1019-1020-1011-1004-1005-1006-1021-1022-1023-1024-1025-1026-1027-1028-1148-1077-1078-1079-1080-1081-1082-1083-1084-1085-1086-1087
[2026-08-11 16:50:42.038930] [INFO] [path_server] 노드 업데이트 : [1092] ➜ [1093]
[2026-08-11 16:50:42.118821] [INFO] [path_server] 새로운 경로 설정 : path[1092 ➜ 1087] time[0s] dist[49.5m] list[34] : 1092-1093-1094-1095-1074-1075-1076-1018-1019-1020-1011-1004-1005-1006-1021-1022-1023-1024-1025-1026-1027-1028-1148-1077-1078-1079-1080-1081-1082-1083-1084-1085-1086-1087
[2026-08-11 16:50:43.276551] [INFO] [path_server] 노드 업데이트 : [1093] ➜ [1094]
[2026-08-11 16:50:43.356521] [INFO] [path_server] 새로운 경로 설정 : path[1093 ➜ 1087] time[0s] dist[48m] list[33] : 1093-1094-1095-1074-1075-1076-1018-1019-1020-1011-1004-1005-1006-1021-1022-1023-1024-1025-1026-1027-1028-1148-1077-1078-1079-1080-1081-1082-1083-1084-1085-1086-1087
[2026-08-11 16:50:44.155182] [INFO] [path_server] 노드 업데이트 : [1094] ➜ [1095]
[2026-08-11 16:50:44.215124] [INFO] [path_server] 새로운 경로 설정 : path[1094 ➜ 1087] time[0s] dist[46.5m] list[32] : 1094-1095-1074-1075-1076-1018-1019-1020-1011-1004-1005-1006-1021-1022-1023-1024-1025-1026-1027-1028-1148-1077-1078-1079-1080-1081-1082-1083-1084-1085-1086-1087
[2026-08-11 16:50:45.473132] [INFO] [path_server] 노드 업데이트 : [1095] ➜ [1074]
[2026-08-11 16:50:45.533118] [INFO] [path_server] 새로운 경로 설정 : path[1095 ➜ 1087] time[0s] dist[45m] list[31] : 1095-1074-1075-1076-1018-1019-1020-1011-1004-1005-1006-1021-1022-1023-1024-1025-1026-1027-1028-1148-1077-1078-1079-1080-1081-1082-1083-1084-1085-1086-1087
[2026-08-11 16:50:48.806876] [INFO] [path_server] 노드 업데이트 : [1074] ➜ [1075]
[2026-08-11 16:50:48.866779] [INFO] [path_server] 새로운 경로 설정 : path[1074 ➜ 1087] time[0s] dist[43.5m] list[30] : 1074-1075-1076-1018-1019-1020-1011-1004-1005-1006-1021-1022-1023-1024-1025-1026-1027-1028-1148-1077-1078-1079-1080-1081-1082-1083-1084-1085-1086-1087
[2026-08-11 16:50:49.945178] [INFO] [path_server] 노드 업데이트 : [1075] ➜ [1076]
[2026-08-11 16:50:50.005190] [INFO] [path_server] 새로운 경로 설정 : path[1075 ➜ 1087] time[0s] dist[42m] list[29] : 1075-1076-1018-1019-1020-1011-1004-1005-1006-1021-1022-1023-1024-1025-1026-1027-1028-1148-1077-1078-1079-1080-1081-1082-1083-1084-1085-1086-1087
[2026-08-11 16:50:50.763548] [INFO] [path_server] 노드 업데이트 : [1076] ➜ [1018]
[2026-08-11 16:50:50.843406] [INFO] [path_server] 새로운 경로 설정 : path[1076 ➜ 1087] time[0s] dist[40.5m] list[28] : 1076-1018-1019-1020-1011-1004-1005-1006-1021-1022-1023-1024-1025-1026-1027-1028-1148-1077-1078-1079-1080-1081-1082-1083-1084-1085-1086-1087
[2026-08-11 16:50:51.522122] [INFO] [path_server] 노드 업데이트 : [1018] ➜ [1019]
[2026-08-11 16:50:51.602054] [INFO] [path_server] 새로운 경로 설정 : path[1018 ➜ 1087] time[0s] dist[39m] list[27] : 1018-1019-1020-1011-1004-1005-1006-1021-1022-1023-1024-1025-1026-1027-1028-1148-1077-1078-1079-1080-1081-1082-1083-1084-1085-1086-1087
[2026-08-11 16:50:52.280811] [INFO] [path_server] 노드 업데이트 : [1019] ➜ [1020]
[2026-08-11 16:50:52.340744] [INFO] [path_server] 새로운 경로 설정 : path[1019 ➜ 1087] time[0s] dist[37.5m] list[26] : 1019-1020-1011-1004-1005-1006-1021-1022-1023-1024-1025-1026-1027-1028-1148-1077-1078-1079-1080-1081-1082-1083-1084-1085-1086-1087
[2026-08-11 16:50:53.019338] [INFO] [path_server] 노드 업데이트 : [1020] ➜ [1011]
[2026-08-11 16:50:53.099286] [INFO] [path_server] 새로운 경로 설정 : path[1020 ➜ 1087] time[0s] dist[36m] list[25] : 1020-1011-1004-1005-1006-1021-1022-1023-1024-1025-1026-1027-1028-1148-1077-1078-1079-1080-1081-1082-1083-1084-1085-1086-1087
[2026-08-11 16:50:53.777886] [INFO] [path_server] 노드 업데이트 : [1011] ➜ [1004]
[2026-08-11 16:50:53.837784] [INFO] [path_server] 새로운 경로 설정 : path[1011 ➜ 1087] time[0s] dist[34.5m] list[24] : 1011-1004-1005-1006-1021-1022-1023-1024-1025-1026-1027-1028-1148-1077-1078-1079-1080-1081-1082-1083-1084-1085-1086-1087
[2026-08-11 16:50:55.095240] [INFO] [path_server] 노드 업데이트 : [1004] ➜ [1005]
[2026-08-11 16:50:55.155160] [INFO] [path_server] 새로운 경로 설정 : path[1004 ➜ 1087] time[0s] dist[33m] list[23] : 1004-1005-1006-1021-1022-1023-1024-1025-1026-1027-1028-1148-1077-1078-1079-1080-1081-1082-1083-1084-1085-1086-1087
[2026-08-11 16:50:58.449056] [INFO] [path_server] 노드 업데이트 : [1005] ➜ [1006]
[2026-08-11 16:50:58.508993] [INFO] [path_server] 새로운 경로 설정 : path[1005 ➜ 1087] time[0s] dist[31.5m] list[22] : 1005-1006-1021-1022-1023-1024-1025-1026-1027-1028-1148-1077-1078-1079-1080-1081-1082-1083-1084-1085-1086-1087
[2026-08-11 16:50:59.586808] [INFO] [path_server] 노드 업데이트 : [1006] ➜ [1021]
[2026-08-11 16:50:59.646743] [INFO] [path_server] 새로운 경로 설정 : path[1006 ➜ 1087] time[0s] dist[30m] list[21] : 1006-1021-1022-1023-1024-1025-1026-1027-1028-1148-1077-1078-1079-1080-1081-1082-1083-1084-1085-1086-1087
[2026-08-11 16:51:00.405336] [INFO] [path_server] 노드 업데이트 : [1021] ➜ [1022]
[2026-08-11 16:51:00.485366] [INFO] [path_server] 새로운 경로 설정 : path[1021 ➜ 1087] time[0s] dist[28.5m] list[20] : 1021-1022-1023-1024-1025-1026-1027-1028-1148-1077-1078-1079-1080-1081-1082-1083-1084-1085-1086-1087
[2026-08-11 16:51:01.164401] [INFO] [path_server] 노드 업데이트 : [1022] ➜ [1023]
[2026-08-11 16:51:01.244318] [INFO] [path_server] 새로운 경로 설정 : path[1022 ➜ 1087] time[0s] dist[27m] list[19] : 1022-1023-1024-1025-1026-1027-1028-1148-1077-1078-1079-1080-1081-1082-1083-1084-1085-1086-1087
[2026-08-11 16:51:01.903003] [INFO] [path_server] 노드 업데이트 : [1023] ➜ [1024]
[2026-08-11 16:51:01.982850] [INFO] [path_server] 새로운 경로 설정 : path[1023 ➜ 1087] time[0s] dist[25.5m] list[18] : 1023-1024-1025-1026-1027-1028-1148-1077-1078-1079-1080-1081-1082-1083-1084-1085-1086-1087
[2026-08-11 16:51:02.661353] [INFO] [path_server] 노드 업데이트 : [1024] ➜ [1025]
[2026-08-11 16:51:02.741305] [INFO] [path_server] 새로운 경로 설정 : path[1024 ➜ 1087] time[0s] dist[24m] list[17] : 1024-1025-1026-1027-1028-1148-1077-1078-1079-1080-1081-1082-1083-1084-1085-1086-1087
[2026-08-11 16:51:03.419882] [INFO] [path_server] 노드 업데이트 : [1025] ➜ [1026]
[2026-08-11 16:51:03.499784] [INFO] [path_server] 새로운 경로 설정 : path[1025 ➜ 1087] time[0s] dist[22.5m] list[16] : 1025-1026-1027-1028-1148-1077-1078-1079-1080-1081-1082-1083-1084-1085-1086-1087
[2026-08-11 16:51:04.158405] [INFO] [path_server] 노드 업데이트 : [1026] ➜ [1027]
[2026-08-11 16:51:04.238259] [INFO] [path_server] 새로운 경로 설정 : path[1026 ➜ 1087] time[0s] dist[21m] list[15] : 1026-1027-1028-1148-1077-1078-1079-1080-1081-1082-1083-1084-1085-1086-1087
[2026-08-11 16:51:04.916916] [INFO] [path_server] 노드 업데이트 : [1027] ➜ [1028]
[2026-08-11 16:51:04.996847] [INFO] [path_server] 새로운 경로 설정 : path[1027 ➜ 1087] time[0s] dist[19.5m] list[14] : 1027-1028-1148-1077-1078-1079-1080-1081-1082-1083-1084-1085-1086-1087
[2026-08-11 16:51:05.655487] [INFO] [path_server] 노드 업데이트 : [1028] ➜ [1148]
[2026-08-11 16:51:05.735383] [INFO] [path_server] 새로운 경로 설정 : path[1028 ➜ 1087] time[0s] dist[18m] list[13] : 1028-1148-1077-1078-1079-1080-1081-1082-1083-1084-1085-1086-1087
[2026-08-11 16:51:06.992907] [INFO] [path_server] 노드 업데이트 : [1148] ➜ [1077]
[2026-08-11 16:51:07.052810] [INFO] [path_server] 새로운 경로 설정 : path[1148 ➜ 1087] time[0s] dist[16.5m] list[12] : 1148-1077-1078-1079-1080-1081-1082-1083-1084-1085-1086-1087
[2026-08-11 16:51:10.346426] [INFO] [path_server] 노드 업데이트 : [1077] ➜ [1078]
[2026-08-11 16:51:10.406332] [INFO] [path_server] 새로운 경로 설정 : path[1077 ➜ 1087] time[0s] dist[15m] list[11] : 1077-1078-1079-1080-1081-1082-1083-1084-1085-1086-1087
[2026-08-11 16:51:11.484157] [INFO] [path_server] 노드 업데이트 : [1078] ➜ [1079]
[2026-08-11 16:51:11.544085] [INFO] [path_server] 새로운 경로 설정 : path[1078 ➜ 1087] time[0s] dist[13.5m] list[10] : 1078-1079-1080-1081-1082-1083-1084-1085-1086-1087
[2026-08-11 16:51:12.302451] [INFO] [path_server] 노드 업데이트 : [1079] ➜ [1080]
[2026-08-11 16:51:12.382328] [INFO] [path_server] 새로운 경로 설정 : path[1079 ➜ 1087] time[0s] dist[12m] list[9] : 1079-1080-1081-1082-1083-1084-1085-1086-1087
[2026-08-11 16:51:13.060884] [INFO] [path_server] 노드 업데이트 : [1080] ➜ [1081]
[2026-08-11 16:51:13.140749] [INFO] [path_server] 새로운 경로 설정 : path[1080 ➜ 1087] time[0s] dist[10.5m] list[8] : 1080-1081-1082-1083-1084-1085-1086-1087
[2026-08-11 16:51:13.819372] [INFO] [path_server] 노드 업데이트 : [1081] ➜ [1082]
[2026-08-11 16:51:13.899292] [INFO] [path_server] 새로운 경로 설정 : path[1081 ➜ 1087] time[0s] dist[9m] list[7] : 1081-1082-1083-1084-1085-1086-1087
[2026-08-11 16:51:14.558037] [INFO] [path_server] 노드 업데이트 : [1082] ➜ [1083]
[2026-08-11 16:51:14.637892] [INFO] [path_server] 새로운 경로 설정 : path[1082 ➜ 1087] time[0s] dist[7.5m] list[6] : 1082-1083-1084-1085-1086-1087
[2026-08-11 16:51:15.316573] [INFO] [path_server] 노드 업데이트 : [1083] ➜ [1084]
[2026-08-11 16:51:15.396484] [INFO] [path_server] 새로운 경로 설정 : path[1083 ➜ 1087] time[0s] dist[6m] list[5] : 1083-1084-1085-1086-1087
[2026-08-11 16:51:16.714380] [INFO] [path_server] 노드 업데이트 : [1084] ➜ [1085]
[2026-08-11 16:51:16.794242] [INFO] [path_server] 새로운 경로 설정 : path[1084 ➜ 1087] time[0s] dist[4.5m] list[4] : 1084-1085-1086-1087
[2026-08-11 16:51:20.187654] [INFO] [path_server] 노드 업데이트 : [1085] ➜ [1086]
[2026-08-11 16:51:20.267501] [INFO] [path_server] 새로운 경로 설정 : path[1085 ➜ 1087] time[0s] dist[3m] list[3] : 1085-1086-1087
[2026-08-11 16:51:21.305495] [INFO] [path_server] 노드 업데이트 : [1086] ➜ [1087]
[2026-08-11 16:51:21.385394] [INFO] [path_server] 새로운 경로 설정 : path[1086 ➜ 1087] time[0s] dist[1.5m] list[2] : 1086-1087
[2026-08-11 16:51:23.501360] [INFO] [path_server] 노드 업데이트 : [1087] ➜ [-1]
[2026-08-11 16:51:26.376482] [INFO] [course_tracker] 목적지에서 각도 정렬 : [29.500m 22.000m 0.000°]
[2026-08-11 16:51:27.015595] [INFO] [path_server] 노드 업데이트 : [1087] ➜ [-1]
[2026-08-11 16:51:27.035494] [INFO] [task::fsm] push_done
[2026-08-11 16:51:27.075460] [INFO] [task::fsm] idle
[2026-08-11 16:51:27.075466] [INFO] [course_manager] 코스 삭제
[2026-08-11 16:51:27.075468] [INFO] [path_server] 경로 삭제
[2026-08-11 16:51:32.166474] [INFO] [path_server] 새로운 경로 설정 : path[1087 ➜ 202] time[0s] dist[24m] list[17] : 1087-1088-1089-1090-1091-1092-1093-1094-1095-1074-1075-1076-1018-1158-1159-1160-202
[2026-08-11 16:51:34.502158] [INFO] [path_server] 노드 업데이트 : [1088] ➜ [1089]
[2026-08-11 16:51:34.562110] [INFO] [path_server] 새로운 경로 설정 : path[1088 ➜ 202] time[0s] dist[22.5m] list[16] : 1088-1089-1090-1091-1092-1093-1094-1095-1074-1075-1076-1018-1158-1159-1160-202
[2026-08-11 16:51:35.560188] [INFO] [path_server] 노드 업데이트 : [1089] ➜ [1090]
[2026-08-11 16:51:35.640025] [INFO] [path_server] 새로운 경로 설정 : path[1089 ➜ 202] time[0s] dist[21m] list[15] : 1089-1090-1091-1092-1093-1094-1095-1074-1075-1076-1018-1158-1159-1160-202
[2026-08-11 16:51:36.358487] [INFO] [path_server] 노드 업데이트 : [1090] ➜ [1091]
[2026-08-11 16:51:36.418411] [INFO] [path_server] 새로운 경로 설정 : path[1090 ➜ 202] time[0s] dist[19.5m] list[14] : 1090-1091-1092-1093-1094-1095-1074-1075-1076-1018-1158-1159-1160-202
[2026-08-11 16:51:37.116928] [INFO] [path_server] 노드 업데이트 : [1091] ➜ [1092]
[2026-08-11 16:51:37.196798] [INFO] [path_server] 새로운 경로 설정 : path[1091 ➜ 202] time[0s] dist[18m] list[13] : 1091-1092-1093-1094-1095-1074-1075-1076-1018-1158-1159-1160-202
[2026-08-11 16:51:37.855458] [INFO] [path_server] 노드 업데이트 : [1092] ➜ [1093]
[2026-08-11 16:51:37.915362] [INFO] [path_server] 새로운 경로 설정 : path[1092 ➜ 202] time[0s] dist[16.5m] list[12] : 1092-1093-1094-1095-1074-1075-1076-1018-1158-1159-1160-202
[2026-08-11 16:51:38.613824] [INFO] [path_server] 노드 업데이트 : [1093] ➜ [1094]
[2026-08-11 16:51:38.713643] [INFO] [path_server] 새로운 경로 설정 : path[1093 ➜ 202] time[0s] dist[15m] list[11] : 1093-1094-1095-1074-1075-1076-1018-1158-1159-1160-202
[2026-08-11 16:51:39.352306] [INFO] [path_server] 노드 업데이트 : [1094] ➜ [1095]
[2026-08-11 16:51:39.432361] [INFO] [path_server] 새로운 경로 설정 : path[1094 ➜ 202] time[0s] dist[13.5m] list[10] : 1094-1095-1074-1075-1076-1018-1158-1159-1160-202
[2026-08-11 16:51:40.689856] [INFO] [path_server] 노드 업데이트 : [1095] ➜ [1074]
[2026-08-11 16:51:40.769729] [INFO] [path_server] 새로운 경로 설정 : path[1095 ➜ 202] time[0s] dist[12m] list[9] : 1095-1074-1075-1076-1018-1158-1159-1160-202
[2026-08-11 16:51:44.043333] [INFO] [path_server] 노드 업데이트 : [1074] ➜ [1075]
[2026-08-11 16:51:44.123187] [INFO] [path_server] 새로운 경로 설정 : path[1074 ➜ 202] time[0s] dist[10.5m] list[8] : 1074-1075-1076-1018-1158-1159-1160-202
[2026-08-11 16:51:45.181015] [INFO] [path_server] 노드 업데이트 : [1075] ➜ [1076]
[2026-08-11 16:51:45.260856] [INFO] [path_server] 새로운 경로 설정 : path[1075 ➜ 202] time[0s] dist[9m] list[7] : 1075-1076-1018-1158-1159-1160-202
[2026-08-11 16:51:45.999677] [INFO] [path_server] 노드 업데이트 : [1076] ➜ [1018]
[2026-08-11 16:51:46.079594] [INFO] [path_server] 새로운 경로 설정 : path[1076 ➜ 202] time[0s] dist[7.5m] list[6] : 1076-1018-1158-1159-1160-202
[2026-08-11 16:51:47.336977] [INFO] [path_server] 노드 업데이트 : [1018] ➜ [1158]
[2026-08-11 16:51:47.416880] [INFO] [path_server] 새로운 경로 설정 : path[1018 ➜ 202] time[0s] dist[6m] list[5] : 1018-1158-1159-1160-202
[2026-08-11 16:51:50.710668] [INFO] [path_server] 노드 업데이트 : [1158] ➜ [1159]
[2026-08-11 16:51:50.790591] [INFO] [path_server] 새로운 경로 설정 : path[1158 ➜ 202] time[0s] dist[4.5m] list[4] : 1158-1159-1160-202
[2026-08-11 16:51:51.849261] [INFO] [path_server] 노드 업데이트 : [1159] ➜ [1160]
[2026-08-11 16:51:51.929181] [INFO] [path_server] 새로운 경로 설정 : path[1159 ➜ 202] time[0s] dist[3m] list[3] : 1159-1160-202
[2026-08-11 16:51:53.167215] [INFO] [path_server] 노드 업데이트 : [1160] ➜ [202]
[2026-08-11 16:51:53.247181] [INFO] [path_server] 새로운 경로 설정 : path[1160 ➜ 202] time[0s] dist[1.5m] list[2] : 1160-202
[2026-08-11 16:51:56.221733] [INFO] [health_monitor] [등록][100015, 200001] : 배터리 남은 양 - 주의
[2026-08-11 16:52:17.133671] [INFO] [framework] 프로그램 시작
[2026-08-11 16:52:17.133676] [CRITICAL] [framework] 프로그램 시작
[2026-08-11 16:52:17.133677] [INFO] [framework] 설정 파일 위치 : ../configs/robot_6
[2026-08-11 16:52:17.133674] [WARNING] [framework] 프로그램 시작
[2026-08-11 16:52:17.133802] [INFO] [framework] ID[0, 6], 이름[양식스], 제어주기[20ms], 버젼[], 장소[우리집], 환경모드[simulation]
[2026-08-11 16:52:17.133822] [INFO] [mediator] 생성
[2026-08-11 16:52:17.133847] [INFO] [graph_manager] 생성
[2026-08-11 16:52:17.161743] [INFO] [stop_server] 생성
[2026-08-11 16:52:17.161778] [INFO] [health_monitor] 생성
[2026-08-11 16:52:17.161799] [INFO] [path_server] 생성
[2026-08-11 16:52:17.161816] [INFO] [course_manager] 생성
[2026-08-11 16:52:17.161834] [INFO] [task::fsm] 생성
[2026-08-11 16:52:17.161835] [INFO] [task::fsm] idle
[2026-08-11 16:52:17.161838] [INFO] [course_manager] 코스 삭제
[2026-08-11 16:52:17.161839] [INFO] [path_server] 경로 삭제
[2026-08-11 16:52:17.161856] [INFO] [task_manager] 생성
[2026-08-11 16:52:17.161990] [INFO] [mediator] connectors 생성
[2026-08-11 16:52:17.162009] [INFO] [fms] 생성
[2026-08-11 16:52:17.162010] [INFO] [fms] 통신 드라이버 생성
[2026-08-11 16:52:17.162419] [INFO] [motions] 생성
[2026-08-11 16:52:17.162440] [INFO] [localizers] 생성
[2026-08-11 16:52:17.162563] [INFO] [localizers] 파라미터 : 

[2026-08-11 16:52:17.162582] [INFO] [safety_plc] 생성
[2026-08-11 16:52:17.162605] [INFO] [load_handler] 생성
[2026-08-11 16:52:17.162621] [INFO] [power_system] 생성
[2026-08-11 16:52:17.162769] [INFO] [power_system] 설정 정보 : remaining[40%, 10%, 5%]
[2026-08-11 16:52:17.163258] [INFO] [power_system] 알람 목록 : 
 • [100015, 100001] [INFO] 자동 충전 시작.
 • [100015, 100002] [INFO] 배터리 가득.
 • [100015, 400001] [CRIT] 배터리 남은 양 - 위험
 • [100015, 300001] [ERROR] 배터리 남은 양 - 에러
 • [100015, 200001] [WARN] 배터리 남은 양 - 주의
 • [100015, 100004] [INFO] 자동 충전 해제 완료.
 • [100015, 100003] [INFO] 자동 충전 해제 시작.
[2026-08-11 16:52:17.163263] [INFO] [mediator] connector 의존성 주입
[2026-08-11 16:52:17.163275] [INFO] [mediator] any map 등록
[2026-08-11 16:52:17.163286] [INFO] [mediator] any collector 등록
[2026-08-11 16:52:17.163290] [INFO] [mediator] any collector 목록 검사
[2026-08-11 16:52:17.163347] [INFO] [framework] after init 실행
[2026-08-11 16:52:17.163636] [INFO] [course_tracker] 생성
[2026-08-11 16:52:17.163654] [INFO] [course_tracker] 파라미터 : 
◈ node_bound[0.020m, 0.150m, 0.005m]
 • approach[0.150m, 0.050m/s, -0.005m, -0.200m, 0.100m]
 • align[(10.000°, 5.000°/s), 50.000°, 30.000°/s), 0.800°, -0.100°]
◈ motion param : 
 • reference_angle[0.000°, 45.000°]
 • threshold_angle[15.000°, 20.000°, 170.000°]
 • threshold_error[0.300°, 5.000°]
 • normal[0.150m/s, 8.000, 0.800m/s, 0.500]
 • angle[0.150m/s, 1.500, 0.800m/s, 2.100]
 • protection_overshoot[0.100m/s, 0.900, 0.500m/s, 0.900]
 • speed_rotation[15.000°/s]
[2026-08-11 16:52:17.163657] [INFO] [framework] 제어 쓰레드 시작
[2026-08-11 16:52:17.163698] [INFO] [path_server] 노드 초기화 성공 : 로봇 좌표[13.001m 14.504m -90.087°] 최단 거리 노드[202] 거리(0.004056m)
[2026-08-11 16:52:17.163744] [INFO] [health_monitor] [등록][100015, 200001] : 배터리 남은 양 - 주의
[2026-08-11 16:52:33.951086] [INFO] [path_server] 새로운 경로 설정 : path[202 ➜ 110] time[0s] dist[46.5m] list[32] : 202-1160-1161-1162-1163-1164-1165-1166-1109-1110-1111-1112-1113-1043-1044-1045-1046-1047-1048-1001-1002-1003-1004-1005-1006-1021-1022-1007-1167-1168-1169-110
[2026-08-11 16:52:33.951098] [INFO] [course_tracker] 방향 정렬 완료 
[2026-08-11 16:52:38.841011] [INFO] [path_server] 노드 업데이트 : [1160] ➜ [1161]
[2026-08-11 16:52:38.920980] [INFO] [path_server] 새로운 경로 설정 : path[1160 ➜ 110] time[0s] dist[45m] list[31] : 1160-1161-1162-1163-1164-1165-1166-1109-1110-1111-1112-1113-1043-1044-1045-1046-1047-1048-1001-1002-1003-1004-1005-1006-1021-1022-1007-1167-1168-1169-110
[2026-08-11 16:52:42.474390] [INFO] [path_server] 노드 업데이트 : [1161] ➜ [1162]
[2026-08-11 16:52:42.554361] [INFO] [path_server] 새로운 경로 설정 : path[1161 ➜ 110] time[0s] dist[43.5m] list[30] : 1161-1162-1163-1164-1165-1166-1109-1110-1111-1112-1113-1043-1044-1045-1046-1047-1048-1001-1002-1003-1004-1005-1006-1021-1022-1007-1167-1168-1169-110
[2026-08-11 16:52:43.592230] [INFO] [path_server] 노드 업데이트 : [1162] ➜ [1163]
[2026-08-11 16:52:43.652170] [INFO] [path_server] 새로운 경로 설정 : path[1162 ➜ 110] time[0s] dist[42m] list[29] : 1162-1163-1164-1165-1166-1109-1110-1111-1112-1113-1043-1044-1045-1046-1047-1048-1001-1002-1003-1004-1005-1006-1021-1022-1007-1167-1168-1169-110
[2026-08-11 16:52:44.410626] [INFO] [path_server] 노드 업데이트 : [1163] ➜ [1164]
[2026-08-11 16:52:44.490512] [INFO] [path_server] 새로운 경로 설정 : path[1163 ➜ 110] time[0s] dist[40.5m] list[28] : 1163-1164-1165-1166-1109-1110-1111-1112-1113-1043-1044-1045-1046-1047-1048-1001-1002-1003-1004-1005-1006-1021-1022-1007-1167-1168-1169-110
[2026-08-11 16:52:45.169131] [INFO] [path_server] 노드 업데이트 : [1164] ➜ [1165]
[2026-08-11 16:52:45.249070] [INFO] [path_server] 새로운 경로 설정 : path[1164 ➜ 110] time[0s] dist[39m] list[27] : 1164-1165-1166-1109-1110-1111-1112-1113-1043-1044-1045-1046-1047-1048-1001-1002-1003-1004-1005-1006-1021-1022-1007-1167-1168-1169-110
[2026-08-11 16:52:45.927657] [INFO] [path_server] 노드 업데이트 : [1165] ➜ [1166]
[2026-08-11 16:52:45.987578] [INFO] [path_server] 새로운 경로 설정 : path[1165 ➜ 110] time[0s] dist[37.5m] list[26] : 1165-1166-1109-1110-1111-1112-1113-1043-1044-1045-1046-1047-1048-1001-1002-1003-1004-1005-1006-1021-1022-1007-1167-1168-1169-110
[2026-08-11 16:52:46.666107] [INFO] [path_server] 노드 업데이트 : [1166] ➜ [1109]
[2026-08-11 16:52:46.746035] [INFO] [path_server] 새로운 경로 설정 : path[1166 ➜ 110] time[0s] dist[36m] list[25] : 1166-1109-1110-1111-1112-1113-1043-1044-1045-1046-1047-1048-1001-1002-1003-1004-1005-1006-1021-1022-1007-1167-1168-1169-110
[2026-08-11 16:52:47.524500] [INFO] [path_server] 노드 업데이트 : [1109] ➜ [1110]
[2026-08-11 16:52:47.604449] [INFO] [path_server] 새로운 경로 설정 : path[1109 ➜ 110] time[0s] dist[34.5m] list[24] : 1109-1110-1111-1112-1113-1043-1044-1045-1046-1047-1048-1001-1002-1003-1004-1005-1006-1021-1022-1007-1167-1168-1169-110
[2026-08-11 16:52:51.177595] [INFO] [path_server] 노드 업데이트 : [1110] ➜ [1111]
[2026-08-11 16:52:51.257492] [INFO] [path_server] 새로운 경로 설정 : path[1110 ➜ 110] time[0s] dist[33m] list[23] : 1110-1111-1112-1113-1043-1044-1045-1046-1047-1048-1001-1002-1003-1004-1005-1006-1021-1022-1007-1167-1168-1169-110
[2026-08-11 16:52:52.534931] [INFO] [path_server] 노드 업데이트 : [1111] ➜ [1112]
[2026-08-11 16:52:52.614865] [INFO] [path_server] 새로운 경로 설정 : path[1111 ➜ 110] time[0s] dist[31.5m] list[22] : 1111-1112-1113-1043-1044-1045-1046-1047-1048-1001-1002-1003-1004-1005-1006-1021-1022-1007-1167-1168-1169-110
[2026-08-11 16:52:53.433207] [INFO] [path_server] 노드 업데이트 : [1112] ➜ [1113]
[2026-08-11 16:52:53.513143] [INFO] [path_server] 새로운 경로 설정 : path[1112 ➜ 110] time[0s] dist[30m] list[21] : 1112-1113-1043-1044-1045-1046-1047-1048-1001-1002-1003-1004-1005-1006-1021-1022-1007-1167-1168-1169-110
[2026-08-11 16:52:54.750558] [INFO] [path_server] 노드 업데이트 : [1113] ➜ [1043]
[2026-08-11 16:52:54.830460] [INFO] [path_server] 새로운 경로 설정 : path[1113 ➜ 110] time[0s] dist[28.5m] list[20] : 1113-1043-1044-1045-1046-1047-1048-1001-1002-1003-1004-1005-1006-1021-1022-1007-1167-1168-1169-110
[2026-08-11 16:52:58.083922] [INFO] [path_server] 노드 업데이트 : [1043] ➜ [1044]
[2026-08-11 16:52:58.163849] [INFO] [path_server] 새로운 경로 설정 : path[1043 ➜ 110] time[0s] dist[27m] list[19] : 1043-1044-1045-1046-1047-1048-1001-1002-1003-1004-1005-1006-1021-1022-1007-1167-1168-1169-110
[2026-08-11 16:52:59.221593] [INFO] [path_server] 노드 업데이트 : [1044] ➜ [1045]
[2026-08-11 16:52:59.301512] [INFO] [path_server] 새로운 경로 설정 : path[1044 ➜ 110] time[0s] dist[25.5m] list[18] : 1044-1045-1046-1047-1048-1001-1002-1003-1004-1005-1006-1021-1022-1007-1167-1168-1169-110
[2026-08-11 16:53:00.040034] [INFO] [path_server] 노드 업데이트 : [1045] ➜ [1046]
[2026-08-11 16:53:00.099919] [INFO] [path_server] 새로운 경로 설정 : path[1045 ➜ 110] time[0s] dist[24m] list[17] : 1045-1046-1047-1048-1001-1002-1003-1004-1005-1006-1021-1022-1007-1167-1168-1169-110
[2026-08-11 16:53:00.798604] [INFO] [path_server] 노드 업데이트 : [1046] ➜ [1047]
[2026-08-11 16:53:00.878491] [INFO] [path_server] 새로운 경로 설정 : path[1046 ➜ 110] time[0s] dist[22.5m] list[16] : 1046-1047-1048-1001-1002-1003-1004-1005-1006-1021-1022-1007-1167-1168-1169-110
[2026-08-11 16:53:01.557152] [INFO] [path_server] 노드 업데이트 : [1047] ➜ [1048]
[2026-08-11 16:53:01.637109] [INFO] [path_server] 새로운 경로 설정 : path[1047 ➜ 110] time[0s] dist[21m] list[15] : 1047-1048-1001-1002-1003-1004-1005-1006-1021-1022-1007-1167-1168-1169-110
[2026-08-11 16:53:02.299149] [INFO] [path_server] 노드 업데이트 : [1048] ➜ [1001]
[2026-08-11 16:53:02.379532] [INFO] [path_server] 새로운 경로 설정 : path[1048 ➜ 110] time[0s] dist[19.5m] list[14] : 1048-1001-1002-1003-1004-1005-1006-1021-1022-1007-1167-1168-1169-110
[2026-08-11 16:53:03.039950] [INFO] [path_server] 노드 업데이트 : [1001] ➜ [1002]
[2026-08-11 16:53:03.099816] [INFO] [path_server] 새로운 경로 설정 : path[1001 ➜ 110] time[0s] dist[18m] list[13] : 1001-1002-1003-1004-1005-1006-1021-1022-1007-1167-1168-1169-110
[2026-08-11 16:53:03.798384] [INFO] [path_server] 노드 업데이트 : [1002] ➜ [1003]
[2026-08-11 16:53:03.878262] [INFO] [path_server] 새로운 경로 설정 : path[1002 ➜ 110] time[0s] dist[16.5m] list[12] : 1002-1003-1004-1005-1006-1021-1022-1007-1167-1168-1169-110
[2026-08-11 16:53:04.556926] [INFO] [path_server] 노드 업데이트 : [1003] ➜ [1004]
[2026-08-11 16:53:04.636862] [INFO] [path_server] 새로운 경로 설정 : path[1003 ➜ 110] time[0s] dist[15m] list[11] : 1003-1004-1005-1006-1021-1022-1007-1167-1168-1169-110
[2026-08-11 16:53:05.295641] [INFO] [path_server] 노드 업데이트 : [1004] ➜ [1005]
[2026-08-11 16:53:05.375524] [INFO] [path_server] 새로운 경로 설정 : path[1004 ➜ 110] time[0s] dist[13.5m] list[10] : 1004-1005-1006-1021-1022-1007-1167-1168-1169-110
[2026-08-11 16:53:06.054310] [INFO] [path_server] 노드 업데이트 : [1005] ➜ [1006]
[2026-08-11 16:53:06.134275] [INFO] [path_server] 새로운 경로 설정 : path[1005 ➜ 110] time[0s] dist[12m] list[9] : 1005-1006-1021-1022-1007-1167-1168-1169-110
[2026-08-11 16:53:06.793470] [INFO] [path_server] 노드 업데이트 : [1006] ➜ [1021]
[2026-08-11 16:53:06.873342] [INFO] [path_server] 새로운 경로 설정 : path[1006 ➜ 110] time[0s] dist[10.5m] list[8] : 1006-1021-1022-1007-1167-1168-1169-110
[2026-08-11 16:53:07.552233] [INFO] [path_server] 노드 업데이트 : [1021] ➜ [1022]
[2026-08-11 16:53:07.632218] [INFO] [path_server] 새로운 경로 설정 : path[1021 ➜ 110] time[0s] dist[9.00003m] list[7] : 1021-1022-1007-1167-1168-1169-110
[2026-08-11 16:53:08.869779] [INFO] [path_server] 노드 업데이트 : [1022] ➜ [1007]
[2026-08-11 16:53:08.949708] [INFO] [path_server] 새로운 경로 설정 : path[1022 ➜ 110] time[0s] dist[7.50003m] list[6] : 1022-1007-1167-1168-1169-110
[2026-08-11 16:53:12.223657] [INFO] [path_server] 노드 업데이트 : [1007] ➜ [1167]
[2026-08-11 16:53:12.303577] [INFO] [path_server] 새로운 경로 설정 : path[1007 ➜ 110] time[0s] dist[6.00003m] list[5] : 1007-1167-1168-1169-110
[2026-08-11 16:53:13.361464] [INFO] [path_server] 노드 업데이트 : [1167] ➜ [1168]
[2026-08-11 16:53:13.441384] [INFO] [path_server] 새로운 경로 설정 : path[1167 ➜ 110] time[0s] dist[4.50003m] list[4] : 1167-1168-1169-110
[2026-08-11 16:53:14.179879] [INFO] [path_server] 노드 업데이트 : [1168] ➜ [1169]
[2026-08-11 16:53:14.239769] [INFO] [path_server] 새로운 경로 설정 : path[1168 ➜ 110] time[0s] dist[3.00003m] list[3] : 1168-1169-110
[2026-08-11 16:53:15.597334] [INFO] [path_server] 노드 업데이트 : [1169] ➜ [110]
[2026-08-11 16:53:15.657256] [INFO] [path_server] 새로운 경로 설정 : path[1169 ➜ 110] time[0s] dist[1.50003m] list[2] : 1169-110
[2026-08-11 16:53:21.126057] [INFO] [path_server] 노드 업데이트 : [110] ➜ [-1]
[2026-08-11 16:53:24.020351] [INFO] [course_tracker] 목적지에서 각도 정렬 : [22.000m 15.990m 0.000°]
[2026-08-11 16:53:24.060226] [INFO] [path_server] 노드 업데이트 : [110] ➜ [-1]
[2026-08-11 16:53:24.080229] [INFO] [task::fsm] push_done
[2026-08-11 16:53:24.140095] [INFO] [task::fsm] charging
[2026-08-11 16:53:24.140103] [INFO] [power_system] 충전 프로세스 시작
[2026-08-11 16:53:24.140116] [INFO] [health_monitor] [등록][100015, 100001] : 자동 충전 시작.
[2026-08-11 16:53:29.150700] [INFO] [health_monitor] [삭제][100015, 100001] : 자동 충전 시작.
[2026-08-11 16:53:41.186262] [INFO] [health_monitor] [삭제][100015, 200001] : 배터리 남은 양 - 주의
[2026-08-11 16:53:53.022439] [INFO] [path_server] 새로운 경로 설정 : path[110 ➜ 1098] time[0s] dist[18m] list[13] : 110-1169-1170-1171-1172-1091-1092-1093-1094-1095-1096-1097-1098
[2026-08-11 16:53:57.712651] [INFO] [path_server] 노드 업데이트 : [1169] ➜ [1170]
[2026-08-11 16:53:57.792563] [INFO] [path_server] 새로운 경로 설정 : path[1169 ➜ 1098] time[0s] dist[16.5m] list[12] : 1169-1170-1171-1172-1091-1092-1093-1094-1095-1096-1097-1098
[2026-08-11 16:54:01.405304] [INFO] [path_server] 노드 업데이트 : [1170] ➜ [1171]
[2026-08-11 16:54:01.485233] [INFO] [path_server] 새로운 경로 설정 : path[1170 ➜ 1098] time[0s] dist[15m] list[11] : 1170-1171-1172-1091-1092-1093-1094-1095-1096-1097-1098
[2026-08-11 16:54:02.523184] [INFO] [path_server] 노드 업데이트 : [1171] ➜ [1172]
[2026-08-11 16:54:02.583125] [INFO] [path_server] 새로운 경로 설정 : path[1171 ➜ 1098] time[0s] dist[13.5m] list[10] : 1171-1172-1091-1092-1093-1094-1095-1096-1097-1098
[2026-08-11 16:54:03.341598] [INFO] [path_server] 노드 업데이트 : [1172] ➜ [1091]
[2026-08-11 16:54:03.421500] [INFO] [path_server] 새로운 경로 설정 : path[1172 ➜ 1098] time[0s] dist[12m] list[9] : 1172-1091-1092-1093-1094-1095-1096-1097-1098
[2026-08-11 16:54:04.379660] [INFO] [path_server] 노드 업데이트 : [1091] ➜ [1092]
[2026-08-11 16:54:04.439579] [INFO] [path_server] 새로운 경로 설정 : path[1091 ➜ 1098] time[0s] dist[10.5m] list[8] : 1091-1092-1093-1094-1095-1096-1097-1098
[2026-08-11 16:54:07.653758] [INFO] [path_server] 노드 업데이트 : [1092] ➜ [1093]
[2026-08-11 16:54:07.733612] [INFO] [path_server] 새로운 경로 설정 : path[1092 ➜ 1098] time[0s] dist[9m] list[7] : 1092-1093-1094-1095-1096-1097-1098
[2026-08-11 16:54:08.891377] [INFO] [path_server] 노드 업데이트 : [1093] ➜ [1094]
[2026-08-11 16:54:08.971290] [INFO] [path_server] 새로운 경로 설정 : path[1093 ➜ 1098] time[0s] dist[7.5m] list[6] : 1093-1094-1095-1096-1097-1098
[2026-08-11 16:54:09.769855] [INFO] [path_server] 노드 업데이트 : [1094] ➜ [1095]
[2026-08-11 16:54:09.829758] [INFO] [path_server] 새로운 경로 설정 : path[1094 ➜ 1098] time[0s] dist[6m] list[5] : 1094-1095-1096-1097-1098
[2026-08-11 16:54:10.508510] [INFO] [path_server] 노드 업데이트 : [1095] ➜ [1096]
[2026-08-11 16:54:10.588435] [INFO] [path_server] 새로운 경로 설정 : path[1095 ➜ 1098] time[0s] dist[4.5m] list[4] : 1095-1096-1097-1098
[2026-08-11 16:54:11.267286] [INFO] [path_server] 노드 업데이트 : [1096] ➜ [1097]
[2026-08-11 16:54:11.327193] [INFO] [path_server] 새로운 경로 설정 : path[1096 ➜ 1098] time[0s] dist[3m] list[3] : 1096-1097-1098
[2026-08-11 16:54:12.025737] [INFO] [path_server] 노드 업데이트 : [1097] ➜ [1098]
[2026-08-11 16:54:12.105577] [INFO] [path_server] 새로운 경로 설정 : path[1097 ➜ 1098] time[0s] dist[1.5m] list[2] : 1097-1098
[2026-08-11 16:54:14.241668] [INFO] [path_server] 노드 업데이트 : [1098] ➜ [-1]
[2026-08-11 16:54:17.136167] [INFO] [course_tracker] 목적지에서 각도 정렬 : [13.000m 22.000m 0.000°]
[2026-08-11 16:54:17.176112] [INFO] [path_server] 노드 업데이트 : [1098] ➜ [-1]
[2026-08-11 16:54:17.196022] [INFO] [task::fsm] push_done
[2026-08-11 16:54:17.235987] [INFO] [task::fsm] idle
[2026-08-11 16:54:17.235992] [INFO] [course_manager] 코스 삭제
[2026-08-11 16:54:17.236005] [INFO] [path_server] 경로 삭제
[2026-08-11 16:54:22.326210] [INFO] [path_server] 새로운 경로 설정 : path[1098 ➜ 103] time[0s] dist[45.0003m] list[31] : 1098-1099-1100-1101-1102-1103-1104-1105-1106-1107-1108-1109-1110-1111-1112-1113-1114-1115-1116-1117-1118-1119-1120-1121-1122-1123-1179-1180-1181-1182-103
[2026-08-11 16:54:24.661605] [INFO] [path_server] 노드 업데이트 : [1099] ➜ [1100]
[2026-08-11 16:54:24.721557] [INFO] [path_server] 새로운 경로 설정 : path[1099 ➜ 103] time[0s] dist[43.5003m] list[30] : 1099-1100-1101-1102-1103-1104-1105-1106-1107-1108-1109-1110-1111-1112-1113-1114-1115-1116-1117-1118-1119-1120-1121-1122-1123-1179-1180-1181-1182-103
[2026-08-11 16:54:25.719529] [INFO] [path_server] 노드 업데이트 : [1100] ➜ [1101]
[2026-08-11 16:54:25.819342] [INFO] [path_server] 새로운 경로 설정 : path[1100 ➜ 103] time[0s] dist[42.0003m] list[29] : 1100-1101-1102-1103-1104-1105-1106-1107-1108-1109-1110-1111-1112-1113-1114-1115-1116-1117-1118-1119-1120-1121-1122-1123-1179-1180-1181-1182-103
[2026-08-11 16:54:26.518107] [INFO] [path_server] 노드 업데이트 : [1101] ➜ [1102]
[2026-08-11 16:54:26.578161] [INFO] [path_server] 새로운 경로 설정 : path[1101 ➜ 103] time[0s] dist[40.5003m] list[28] : 1101-1102-1103-1104-1105-1106-1107-1108-1109-1110-1111-1112-1113-1114-1115-1116-1117-1118-1119-1120-1121-1122-1123-1179-1180-1181-1182-103
[2026-08-11 16:54:27.276903] [INFO] [path_server] 노드 업데이트 : [1102] ➜ [1103]
[2026-08-11 16:54:27.336816] [INFO] [path_server] 새로운 경로 설정 : path[1102 ➜ 103] time[0s] dist[39.0003m] list[27] : 1102-1103-1104-1105-1106-1107-1108-1109-1110-1111-1112-1113-1114-1115-1116-1117-1118-1119-1120-1121-1122-1123-1179-1180-1181-1182-103
[2026-08-11 16:54:28.015441] [INFO] [path_server] 노드 업데이트 : [1103] ➜ [1104]
[2026-08-11 16:54:28.095368] [INFO] [path_server] 새로운 경로 설정 : path[1103 ➜ 103] time[0s] dist[37.5003m] list[26] : 1103-1104-1105-1106-1107-1108-1109-1110-1111-1112-1113-1114-1115-1116-1117-1118-1119-1120-1121-1122-1123-1179-1180-1181-1182-103
[2026-08-11 16:54:28.774000] [INFO] [path_server] 노드 업데이트 : [1104] ➜ [1105]
[2026-08-11 16:54:28.833933] [INFO] [path_server] 새로운 경로 설정 : path[1104 ➜ 103] time[0s] dist[36.0003m] list[25] : 1104-1105-1106-1107-1108-1109-1110-1111-1112-1113-1114-1115-1116-1117-1118-1119-1120-1121-1122-1123-1179-1180-1181-1182-103
[2026-08-11 16:54:30.171358] [INFO] [path_server] 노드 업데이트 : [1105] ➜ [1106]
[2026-08-11 16:54:30.251332] [INFO] [path_server] 새로운 경로 설정 : path[1105 ➜ 103] time[0s] dist[34.5003m] list[24] : 1105-1106-1107-1108-1109-1110-1111-1112-1113-1114-1115-1116-1117-1118-1119-1120-1121-1122-1123-1179-1180-1181-1182-103
[2026-08-11 16:54:33.624805] [INFO] [path_server] 노드 업데이트 : [1106] ➜ [1107]
[2026-08-11 16:54:33.684665] [INFO] [path_server] 새로운 경로 설정 : path[1106 ➜ 103] time[0s] dist[33.0001m] list[23] : 1106-1107-1108-1109-1110-1111-1112-1113-1114-1115-1116-1117-1118-1119-1120-1121-1122-1123-1179-1180-1181-1182-103
[2026-08-11 16:54:34.742537] [INFO] [path_server] 노드 업데이트 : [1107] ➜ [1108]
[2026-08-11 16:54:34.822432] [INFO] [path_server] 새로운 경로 설정 : path[1107 ➜ 103] time[0s] dist[31.5m] list[22] : 1107-1108-1109-1110-1111-1112-1113-1114-1115-1116-1117-1118-1119-1120-1121-1122-1123-1179-1180-1181-1182-103
[2026-08-11 16:54:35.560973] [INFO] [path_server] 노드 업데이트 : [1108] ➜ [1109]
[2026-08-11 16:54:35.640997] [INFO] [path_server] 새로운 경로 설정 : path[1108 ➜ 103] time[0s] dist[30m] list[21] : 1108-1109-1110-1111-1112-1113-1114-1115-1116-1117-1118-1119-1120-1121-1122-1123-1179-1180-1181-1182-103
[2026-08-11 16:54:36.300082] [INFO] [path_server] 노드 업데이트 : [1109] ➜ [1110]
[2026-08-11 16:54:36.380015] [INFO] [path_server] 새로운 경로 설정 : path[1109 ➜ 103] time[0s] dist[28.5m] list[20] : 1109-1110-1111-1112-1113-1114-1115-1116-1117-1118-1119-1120-1121-1122-1123-1179-1180-1181-1182-103
[2026-08-11 16:54:37.058549] [INFO] [path_server] 노드 업데이트 : [1110] ➜ [1111]
[2026-08-11 16:54:37.138483] [INFO] [path_server] 새로운 경로 설정 : path[1110 ➜ 103] time[0s] dist[27m] list[19] : 1110-1111-1112-1113-1114-1115-1116-1117-1118-1119-1120-1121-1122-1123-1179-1180-1181-1182-103
[2026-08-11 16:54:37.797142] [INFO] [path_server] 노드 업데이트 : [1111] ➜ [1112]
[2026-08-11 16:54:37.877030] [INFO] [path_server] 새로운 경로 설정 : path[1111 ➜ 103] time[0s] dist[25.5m] list[18] : 1111-1112-1113-1114-1115-1116-1117-1118-1119-1120-1121-1122-1123-1179-1180-1181-1182-103
[2026-08-11 16:54:38.555602] [INFO] [path_server] 노드 업데이트 : [1112] ➜ [1113]
[2026-08-11 16:54:38.635506] [INFO] [path_server] 새로운 경로 설정 : path[1112 ➜ 103] time[0s] dist[24m] list[17] : 1112-1113-1114-1115-1116-1117-1118-1119-1120-1121-1122-1123-1179-1180-1181-1182-103
[2026-08-11 16:54:39.314454] [INFO] [path_server] 노드 업데이트 : [1113] ➜ [1114]
[2026-08-11 16:54:39.394319] [INFO] [path_server] 새로운 경로 설정 : path[1113 ➜ 103] time[0s] dist[22.5m] list[16] : 1113-1114-1115-1116-1117-1118-1119-1120-1121-1122-1123-1179-1180-1181-1182-103
[2026-08-11 16:54:40.052911] [INFO] [path_server] 노드 업데이트 : [1114] ➜ [1115]
[2026-08-11 16:54:40.132817] [INFO] [path_server] 새로운 경로 설정 : path[1114 ➜ 103] time[0s] dist[21m] list[15] : 1114-1115-1116-1117-1118-1119-1120-1121-1122-1123-1179-1180-1181-1182-103
[2026-08-11 16:54:40.811389] [INFO] [path_server] 노드 업데이트 : [1115] ➜ [1116]
[2026-08-11 16:54:40.891318] [INFO] [path_server] 새로운 경로 설정 : path[1115 ➜ 103] time[0s] dist[19.5m] list[14] : 1115-1116-1117-1118-1119-1120-1121-1122-1123-1179-1180-1181-1182-103
[2026-08-11 16:54:41.549826] [INFO] [path_server] 노드 업데이트 : [1116] ➜ [1117]
[2026-08-11 16:54:41.629672] [INFO] [path_server] 새로운 경로 설정 : path[1116 ➜ 103] time[0s] dist[18m] list[13] : 1116-1117-1118-1119-1120-1121-1122-1123-1179-1180-1181-1182-103
[2026-08-11 16:54:42.308222] [INFO] [path_server] 노드 업데이트 : [1117] ➜ [1118]
[2026-08-11 16:54:42.388136] [INFO] [path_server] 새로운 경로 설정 : path[1117 ➜ 103] time[0s] dist[16.5m] list[12] : 1117-1118-1119-1120-1121-1122-1123-1179-1180-1181-1182-103
[2026-08-11 16:54:43.046905] [INFO] [path_server] 노드 업데이트 : [1118] ➜ [1119]
[2026-08-11 16:54:43.126790] [INFO] [path_server] 새로운 경로 설정 : path[1118 ➜ 103] time[0s] dist[15m] list[11] : 1118-1119-1120-1121-1122-1123-1179-1180-1181-1182-103
[2026-08-11 16:54:43.805280] [INFO] [path_server] 노드 업데이트 : [1119] ➜ [1120]
[2026-08-11 16:54:43.885168] [INFO] [path_server] 새로운 경로 설정 : path[1119 ➜ 103] time[0s] dist[13.5m] list[10] : 1119-1120-1121-1122-1123-1179-1180-1181-1182-103
[2026-08-11 16:54:44.643593] [INFO] [path_server] 노드 업데이트 : [1120] ➜ [1121]
[2026-08-11 16:54:44.723512] [INFO] [path_server] 새로운 경로 설정 : path[1120 ➜ 103] time[0s] dist[12m] list[9] : 1120-1121-1122-1123-1179-1180-1181-1182-103
[2026-08-11 16:54:48.296855] [INFO] [path_server] 노드 업데이트 : [1121] ➜ [1122]
[2026-08-11 16:54:48.376766] [INFO] [path_server] 새로운 경로 설정 : path[1121 ➜ 103] time[0s] dist[10.5m] list[8] : 1121-1122-1123-1179-1180-1181-1182-103
[2026-08-11 16:54:49.654031] [INFO] [path_server] 노드 업데이트 : [1122] ➜ [1123]
[2026-08-11 16:54:49.713989] [INFO] [path_server] 새로운 경로 설정 : path[1122 ➜ 103] time[0s] dist[9m] list[7] : 1122-1123-1179-1180-1181-1182-103
[2026-08-11 16:54:50.711858] [INFO] [path_server] 노드 업데이트 : [1123] ➜ [1179]
[2026-08-11 16:54:50.771768] [INFO] [path_server] 새로운 경로 설정 : path[1123 ➜ 103] time[0s] dist[7.5m] list[6] : 1123-1179-1180-1181-1182-103
[2026-08-11 16:54:54.024932] [INFO] [path_server] 노드 업데이트 : [1179] ➜ [1180]
[2026-08-11 16:54:54.104833] [INFO] [path_server] 새로운 경로 설정 : path[1179 ➜ 103] time[0s] dist[6m] list[5] : 1179-1180-1181-1182-103
[2026-08-11 16:54:55.282376] [INFO] [path_server] 노드 업데이트 : [1180] ➜ [1181]
[2026-08-11 16:54:55.362288] [INFO] [path_server] 새로운 경로 설정 : path[1180 ➜ 103] time[0s] dist[4.5m] list[4] : 1180-1181-1182-103
[2026-08-11 16:54:56.140698] [INFO] [path_server] 노드 업데이트 : [1181] ➜ [1182]
[2026-08-11 16:54:56.220555] [INFO] [path_server] 새로운 경로 설정 : path[1181 ➜ 103] time[0s] dist[3m] list[3] : 1181-1182-103
[2026-08-11 16:54:57.458107] [INFO] [path_server] 노드 업데이트 : [1182] ➜ [103]
[2026-08-11 16:54:57.537966] [INFO] [path_server] 새로운 경로 설정 : path[1182 ➜ 103] time[0s] dist[1.5m] list[2] : 1182-103
[2026-08-11 16:55:02.667340] [INFO] [path_server] 노드 업데이트 : [103] ➜ [-1]
[2026-08-11 16:55:05.561803] [INFO] [course_tracker] 목적지에서 각도 정렬 : [5.500m 5.500m 0.000°]
[2026-08-11 16:55:05.601775] [INFO] [path_server] 노드 업데이트 : [103] ➜ [-1]
[2026-08-11 16:55:05.621664] [INFO] [task::fsm] push_done
[2026-08-11 16:55:05.661644] [INFO] [task::fsm] charging
[2026-08-11 16:55:05.661653] [INFO] [power_system] 충전 프로세스 시작
[2026-08-11 16:55:05.661666] [INFO] [health_monitor] [등록][100015, 100001] : 자동 충전 시작.
[2026-08-11 16:55:10.672371] [INFO] [health_monitor] [삭제][100015, 100001] : 자동 충전 시작.
[2026-08-11 16:55:32.509973] [INFO] [power_system] 충전 완료
[2026-08-11 16:55:32.509991] [INFO] [health_monitor] [등록][100015, 100002] : 배터리 가득.
[2026-08-11 16:55:32.509995] [INFO] [health_monitor] [등록][100015, 100003] : 자동 충전 해제 시작.
[2026-08-11 16:55:37.520238] [INFO] [health_monitor] [삭제][100015, 100003] : 자동 충전 해제 시작.
[2026-08-11 16:55:37.520231] [INFO] [health_monitor] [삭제][100015, 100002] : 배터리 가득.
[2026-08-11 16:55:37.540182] [INFO] [power_system] 충전 해제 완료
[2026-08-11 16:55:37.540194] [INFO] [health_monitor] [등록][100015, 100004] : 자동 충전 해제 완료.
[2026-08-11 16:55:37.560096] [INFO] [task::fsm] discharging
[2026-08-11 16:55:37.560104] [INFO] [power_system] 충전 해제 프로세스 시작
[2026-08-11 16:55:37.560114] [INFO] [health_monitor] [등록][100015, 100003] : 자동 충전 해제 시작.
[2026-08-11 16:55:37.580103] [INFO] [task::fsm] idle
[2026-08-11 16:55:37.580111] [INFO] [path_server] 경로 삭제
[2026-08-11 16:55:37.580109] [INFO] [course_manager] 코스 삭제
[2026-08-11 16:55:37.600052] [INFO] [task::fsm] idle
[2026-08-11 16:55:37.600058] [INFO] [course_manager] 코스 삭제
[2026-08-11 16:55:37.600060] [INFO] [path_server] 경로 삭제
[2026-08-11 16:55:40.374690] [INFO] [path_server] 새로운 경로 설정 : path[103 ➜ 206] time[0s] dist[30m] list[21] : 103-1182-1183-1184-1045-1046-1047-1048-1001-1002-1003-1004-1013-1049-1050-1014-1201-1200-1202-1203-206
[2026-08-11 16:55:42.550256] [INFO] [health_monitor] [삭제][100015, 100004] : 자동 충전 해제 완료.
[2026-08-11 16:55:42.570136] [INFO] [health_monitor] [삭제][100015, 100003] : 자동 충전 해제 시작.
[2026-08-11 16:55:47.539733] [INFO] [path_server] 노드 업데이트 : [1182] ➜ [1183]
[2026-08-11 16:55:47.619624] [INFO] [path_server] 새로운 경로 설정 : path[1182 ➜ 206] time[0s] dist[28.5m] list[20] : 1182-1183-1184-1045-1046-1047-1048-1001-1002-1003-1004-1013-1049-1050-1014-1201-1200-1202-1203-206
[2026-08-11 16:55:51.152812] [INFO] [path_server] 노드 업데이트 : [1183] ➜ [1184]
[2026-08-11 16:55:51.212769] [INFO] [path_server] 새로운 경로 설정 : path[1183 ➜ 206] time[0s] dist[27m] list[19] : 1183-1184-1045-1046-1047-1048-1001-1002-1003-1004-1013-1049-1050-1014-1201-1200-1202-1203-206
[2026-08-11 16:55:52.270797] [INFO] [path_server] 노드 업데이트 : [1184] ➜ [1045]
[2026-08-11 16:55:52.350649] [INFO] [path_server] 새로운 경로 설정 : path[1184 ➜ 206] time[0s] dist[25.5m] list[18] : 1184-1045-1046-1047-1048-1001-1002-1003-1004-1013-1049-1050-1014-1201-1200-1202-1203-206
[2026-08-11 16:55:53.608249] [INFO] [path_server] 노드 업데이트 : [1045] ➜ [1046]
[2026-08-11 16:55:53.668087] [INFO] [path_server] 새로운 경로 설정 : path[1045 ➜ 206] time[0s] dist[24m] list[17] : 1045-1046-1047-1048-1001-1002-1003-1004-1013-1049-1050-1014-1201-1200-1202-1203-206
[2026-08-11 16:55:56.941816] [INFO] [path_server] 노드 업데이트 : [1046] ➜ [1047]
[2026-08-11 16:55:57.021645] [INFO] [path_server] 새로운 경로 설정 : path[1046 ➜ 206] time[0s] dist[22.5m] list[16] : 1046-1047-1048-1001-1002-1003-1004-1013-1049-1050-1014-1201-1200-1202-1203-206
[2026-08-11 16:55:58.059571] [INFO] [path_server] 노드 업데이트 : [1047] ➜ [1048]
[2026-08-11 16:55:58.139488] [INFO] [path_server] 새로운 경로 설정 : path[1047 ➜ 206] time[0s] dist[21m] list[15] : 1047-1048-1001-1002-1003-1004-1013-1049-1050-1014-1201-1200-1202-1203-206
[2026-08-11 16:55:58.897824] [INFO] [path_server] 노드 업데이트 : [1048] ➜ [1001]
[2026-08-11 16:55:58.977733] [INFO] [path_server] 새로운 경로 설정 : path[1048 ➜ 206] time[0s] dist[19.5m] list[14] : 1048-1001-1002-1003-1004-1013-1049-1050-1014-1201-1200-1202-1203-206
[2026-08-11 16:55:59.636338] [INFO] [path_server] 노드 업데이트 : [1001] ➜ [1002]
[2026-08-11 16:55:59.716207] [INFO] [path_server] 새로운 경로 설정 : path[1001 ➜ 206] time[0s] dist[18m] list[13] : 1001-1002-1003-1004-1013-1049-1050-1014-1201-1200-1202-1203-206
[2026-08-11 16:56:00.394672] [INFO] [path_server] 노드 업데이트 : [1002] ➜ [1003]
[2026-08-11 16:56:00.474598] [INFO] [path_server] 새로운 경로 설정 : path[1002 ➜ 206] time[0s] dist[16.5m] list[12] : 1002-1003-1004-1013-1049-1050-1014-1201-1200-1202-1203-206
[2026-08-11 16:56:01.133238] [INFO] [path_server] 노드 업데이트 : [1003] ➜ [1004]
[2026-08-11 16:56:01.213102] [INFO] [path_server] 새로운 경로 설정 : path[1003 ➜ 206] time[0s] dist[15m] list[11] : 1003-1004-1013-1049-1050-1014-1201-1200-1202-1203-206
[2026-08-11 16:56:02.470460] [INFO] [path_server] 노드 업데이트 : [1004] ➜ [1013]
[2026-08-11 16:56:02.550511] [INFO] [path_server] 새로운 경로 설정 : path[1004 ➜ 206] time[0s] dist[13.5m] list[10] : 1004-1013-1049-1050-1014-1201-1200-1202-1203-206
[2026-08-11 16:56:05.823696] [INFO] [path_server] 노드 업데이트 : [1013] ➜ [1049]
[2026-08-11 16:56:05.903628] [INFO] [path_server] 새로운 경로 설정 : path[1013 ➜ 206] time[0s] dist[12m] list[9] : 1013-1049-1050-1014-1201-1200-1202-1203-206
[2026-08-11 16:56:06.961835] [INFO] [path_server] 노드 업데이트 : [1049] ➜ [1050]
[2026-08-11 16:56:07.041717] [INFO] [path_server] 새로운 경로 설정 : path[1049 ➜ 206] time[0s] dist[10.5m] list[8] : 1049-1050-1014-1201-1200-1202-1203-206
[2026-08-11 16:56:08.279164] [INFO] [path_server] 노드 업데이트 : [1050] ➜ [1014]
[2026-08-11 16:56:08.359080] [INFO] [path_server] 새로운 경로 설정 : path[1050 ➜ 206] time[0s] dist[9m] list[7] : 1050-1014-1201-1200-1202-1203-206
[2026-08-11 16:56:11.672530] [INFO] [path_server] 노드 업데이트 : [1014] ➜ [1201]
[2026-08-11 16:56:11.732444] [INFO] [path_server] 새로운 경로 설정 : path[1014 ➜ 206] time[0s] dist[7.5m] list[6] : 1014-1201-1200-1202-1203-206
[2026-08-11 16:56:12.790258] [INFO] [path_server] 노드 업데이트 : [1201] ➜ [1200]
[2026-08-11 16:56:12.870138] [INFO] [path_server] 새로운 경로 설정 : path[1201 ➜ 206] time[0s] dist[6m] list[5] : 1201-1200-1202-1203-206
[2026-08-11 16:56:13.608838] [INFO] [path_server] 노드 업데이트 : [1200] ➜ [1202]
[2026-08-11 16:56:13.688715] [INFO] [path_server] 새로운 경로 설정 : path[1200 ➜ 206] time[0s] dist[4.5m] list[4] : 1200-1202-1203-206
[2026-08-11 16:56:14.367344] [INFO] [path_server] 노드 업데이트 : [1202] ➜ [1203]
[2026-08-11 16:56:14.427237] [INFO] [path_server] 새로운 경로 설정 : path[1202 ➜ 206] time[0s] dist[3m] list[3] : 1202-1203-206
[2026-08-11 16:56:15.684909] [INFO] [path_server] 노드 업데이트 : [1203] ➜ [206]
[2026-08-11 16:56:15.764853] [INFO] [path_server] 새로운 경로 설정 : path[1203 ➜ 206] time[0s] dist[1.5m] list[2] : 1203-206
[2026-08-11 16:56:20.894905] [INFO] [path_server] 노드 업데이트 : [206] ➜ [-1]
[2026-08-11 16:56:23.789077] [INFO] [course_tracker] 목적지에서 각도 정렬 : [25.000m 7.000m 0.000°]
[2026-08-11 16:56:23.828930] [INFO] [path_server] 노드 업데이트 : [206] ➜ [-1]
[2026-08-11 16:56:23.848940] [INFO] [task::fsm] push_done
[2026-08-11 16:56:23.908794] [INFO] [task::fsm] idle
[2026-08-11 16:56:23.908803] [INFO] [path_server] 경로 삭제
[2026-08-11 16:56:23.908801] [INFO] [course_manager] 코스 삭제
[2026-08-11 16:58:45.548169] [INFO] [path_server] 새로운 경로 설정 : path[206 ➜ 102] time[0s] dist[73.5m] list[50] : 206-1203-1204-1205-1206-1207-1208-1145-1146-1147-1148-1077-1029-1030-1031-1032-1033-1034-1007-1008-1009-1010-1011-1012-1035-1036-1037-1038-1039-1040-1041-1042-1112-1113-1114-1115-1116-1117-1118-1119-1120-1121-1122-1123-1179-1180-1181-1182-1183-102
[2026-08-11 16:58:50.438474] [INFO] [path_server] 노드 업데이트 : [1203] ➜ [1204]
[2026-08-11 16:58:50.518370] [INFO] [path_server] 새로운 경로 설정 : path[1203 ➜ 102] time[0s] dist[72m] list[49] : 1203-1204-1205-1206-1207-1208-1145-1146-1147-1148-1077-1029-1030-1031-1032-1033-1034-1007-1008-1009-1010-1011-1012-1035-1036-1037-1038-1039-1040-1041-1042-1112-1113-1114-1115-1116-1117-1118-1119-1120-1121-1122-1123-1179-1180-1181-1182-1183-102
[2026-08-11 16:58:54.071285] [INFO] [path_server] 노드 업데이트 : [1204] ➜ [1205]
[2026-08-11 16:58:54.151181] [INFO] [path_server] 새로운 경로 설정 : path[1204 ➜ 102] time[0s] dist[70.5m] list[48] : 1204-1205-1206-1207-1208-1145-1146-1147-1148-1077-1029-1030-1031-1032-1033-1034-1007-1008-1009-1010-1011-1012-1035-1036-1037-1038-1039-1040-1041-1042-1112-1113-1114-1115-1116-1117-1118-1119-1120-1121-1122-1123-1179-1180-1181-1182-1183-102
[2026-08-11 16:58:55.189526] [INFO] [path_server] 노드 업데이트 : [1205] ➜ [1206]
[2026-08-11 16:58:55.269544] [INFO] [path_server] 새로운 경로 설정 : path[1205 ➜ 102] time[0s] dist[69m] list[47] : 1205-1206-1207-1208-1145-1146-1147-1148-1077-1029-1030-1031-1032-1033-1034-1007-1008-1009-1010-1011-1012-1035-1036-1037-1038-1039-1040-1041-1042-1112-1113-1114-1115-1116-1117-1118-1119-1120-1121-1122-1123-1179-1180-1181-1182-1183-102
[2026-08-11 16:58:56.008246] [INFO] [path_server] 노드 업데이트 : [1206] ➜ [1207]
[2026-08-11 16:58:56.068239] [INFO] [path_server] 새로운 경로 설정 : path[1206 ➜ 102] time[0s] dist[67.51m] list[46] : 1206-1207-1208-1145-1146-1147-1148-1077-1029-1030-1031-1032-1033-1034-1007-1008-1009-1010-1011-1012-1035-1036-1037-1038-1039-1040-1041-1042-1112-1113-1114-1115-1116-1117-1118-1119-1120-1121-1122-1123-1179-1180-1181-1182-1183-102
[2026-08-11 16:58:56.767101] [INFO] [path_server] 노드 업데이트 : [1207] ➜ [1208]
[2026-08-11 16:58:56.846923] [INFO] [path_server] 새로운 경로 설정 : path[1207 ➜ 102] time[0s] dist[66m] list[45] : 1207-1208-1145-1146-1147-1148-1077-1029-1030-1031-1032-1033-1034-1007-1008-1009-1010-1011-1012-1035-1036-1037-1038-1039-1040-1041-1042-1112-1113-1114-1115-1116-1117-1118-1119-1120-1121-1122-1123-1179-1180-1181-1182-1183-102
[2026-08-11 16:58:57.525599] [INFO] [path_server] 노드 업데이트 : [1208] ➜ [1145]
[2026-08-11 16:58:57.605576] [INFO] [path_server] 새로운 경로 설정 : path[1208 ➜ 102] time[0s] dist[64.5m] list[44] : 1208-1145-1146-1147-1148-1077-1029-1030-1031-1032-1033-1034-1007-1008-1009-1010-1011-1012-1035-1036-1037-1038-1039-1040-1041-1042-1112-1113-1114-1115-1116-1117-1118-1119-1120-1121-1122-1123-1179-1180-1181-1182-1183-102
[2026-08-11 16:58:58.823060] [INFO] [path_server] 노드 업데이트 : [1145] ➜ [1146]
[2026-08-11 16:58:58.882993] [INFO] [path_server] 새로운 경로 설정 : path[1145 ➜ 102] time[0s] dist[63m] list[43] : 1145-1146-1147-1148-1077-1029-1030-1031-1032-1033-1034-1007-1008-1009-1010-1011-1012-1035-1036-1037-1038-1039-1040-1041-1042-1112-1113-1114-1115-1116-1117-1118-1119-1120-1121-1122-1123-1179-1180-1181-1182-1183-102
[2026-08-11 16:59:02.196021] [INFO] [path_server] 노드 업데이트 : [1146] ➜ [1147]
[2026-08-11 16:59:02.275972] [INFO] [path_server] 새로운 경로 설정 : path[1146 ➜ 102] time[0s] dist[61.5m] list[42] : 1146-1147-1148-1077-1029-1030-1031-1032-1033-1034-1007-1008-1009-1010-1011-1012-1035-1036-1037-1038-1039-1040-1041-1042-1112-1113-1114-1115-1116-1117-1118-1119-1120-1121-1122-1123-1179-1180-1181-1182-1183-102
[2026-08-11 16:59:03.313722] [INFO] [path_server] 노드 업데이트 : [1147] ➜ [1148]
[2026-08-11 16:59:03.373653] [INFO] [path_server] 새로운 경로 설정 : path[1147 ➜ 102] time[0s] dist[60m] list[41] : 1147-1148-1077-1029-1030-1031-1032-1033-1034-1007-1008-1009-1010-1011-1012-1035-1036-1037-1038-1039-1040-1041-1042-1112-1113-1114-1115-1116-1117-1118-1119-1120-1121-1122-1123-1179-1180-1181-1182-1183-102
[2026-08-11 16:59:04.132082] [INFO] [path_server] 노드 업데이트 : [1148] ➜ [1077]
[2026-08-11 16:59:04.211930] [INFO] [path_server] 새로운 경로 설정 : path[1148 ➜ 102] time[0s] dist[58.5m] list[40] : 1148-1077-1029-1030-1031-1032-1033-1034-1007-1008-1009-1010-1011-1012-1035-1036-1037-1038-1039-1040-1041-1042-1112-1113-1114-1115-1116-1117-1118-1119-1120-1121-1122-1123-1179-1180-1181-1182-1183-102
[2026-08-11 16:59:05.469475] [INFO] [path_server] 노드 업데이트 : [1077] ➜ [1029]
[2026-08-11 16:59:05.549403] [INFO] [path_server] 새로운 경로 설정 : path[1077 ➜ 102] time[0s] dist[57m] list[39] : 1077-1029-1030-1031-1032-1033-1034-1007-1008-1009-1010-1011-1012-1035-1036-1037-1038-1039-1040-1041-1042-1112-1113-1114-1115-1116-1117-1118-1119-1120-1121-1122-1123-1179-1180-1181-1182-1183-102
[2026-08-11 16:59:08.805167] [INFO] [path_server] 노드 업데이트 : [1029] ➜ [1030]
[2026-08-11 16:59:08.905094] [INFO] [path_server] 새로운 경로 설정 : path[1029 ➜ 102] time[0s] dist[55.5m] list[38] : 1029-1030-1031-1032-1033-1034-1007-1008-1009-1010-1011-1012-1035-1036-1037-1038-1039-1040-1041-1042-1112-1113-1114-1115-1116-1117-1118-1119-1120-1121-1122-1123-1179-1180-1181-1182-1183-102
[2026-08-11 16:59:09.943231] [INFO] [path_server] 노드 업데이트 : [1030] ➜ [1031]
[2026-08-11 16:59:10.003163] [INFO] [path_server] 새로운 경로 설정 : path[1030 ➜ 102] time[0s] dist[54m] list[37] : 1030-1031-1032-1033-1034-1007-1008-1009-1010-1011-1012-1035-1036-1037-1038-1039-1040-1041-1042-1112-1113-1114-1115-1116-1117-1118-1119-1120-1121-1122-1123-1179-1180-1181-1182-1183-102
[2026-08-11 16:59:10.761889] [INFO] [path_server] 노드 업데이트 : [1031] ➜ [1032]
[2026-08-11 16:59:10.841744] [INFO] [path_server] 새로운 경로 설정 : path[1031 ➜ 102] time[0s] dist[52.5m] list[36] : 1031-1032-1033-1034-1007-1008-1009-1010-1011-1012-1035-1036-1037-1038-1039-1040-1041-1042-1112-1113-1114-1115-1116-1117-1118-1119-1120-1121-1122-1123-1179-1180-1181-1182-1183-102
[2026-08-11 16:59:11.520443] [INFO] [path_server] 노드 업데이트 : [1032] ➜ [1033]
[2026-08-11 16:59:11.600384] [INFO] [path_server] 새로운 경로 설정 : path[1032 ➜ 102] time[0s] dist[51m] list[35] : 1032-1033-1034-1007-1008-1009-1010-1011-1012-1035-1036-1037-1038-1039-1040-1041-1042-1112-1113-1114-1115-1116-1117-1118-1119-1120-1121-1122-1123-1179-1180-1181-1182-1183-102
[2026-08-11 16:59:12.278979] [INFO] [path_server] 노드 업데이트 : [1033] ➜ [1034]
[2026-08-11 16:59:12.338866] [INFO] [path_server] 새로운 경로 설정 : path[1033 ➜ 102] time[0s] dist[49.5m] list[34] : 1033-1034-1007-1008-1009-1010-1011-1012-1035-1036-1037-1038-1039-1040-1041-1042-1112-1113-1114-1115-1116-1117-1118-1119-1120-1121-1122-1123-1179-1180-1181-1182-1183-102
[2026-08-11 16:59:13.017445] [INFO] [path_server] 노드 업데이트 : [1034] ➜ [1007]
[2026-08-11 16:59:13.097399] [INFO] [path_server] 새로운 경로 설정 : path[1034 ➜ 102] time[0s] dist[48m] list[33] : 1034-1007-1008-1009-1010-1011-1012-1035-1036-1037-1038-1039-1040-1041-1042-1112-1113-1114-1115-1116-1117-1118-1119-1120-1121-1122-1123-1179-1180-1181-1182-1183-102
[2026-08-11 16:59:13.775926] [INFO] [path_server] 노드 업데이트 : [1007] ➜ [1008]
[2026-08-11 16:59:13.835814] [INFO] [path_server] 새로운 경로 설정 : path[1007 ➜ 102] time[0s] dist[46.5m] list[32] : 1007-1008-1009-1010-1011-1012-1035-1036-1037-1038-1039-1040-1041-1042-1112-1113-1114-1115-1116-1117-1118-1119-1120-1121-1122-1123-1179-1180-1181-1182-1183-102
[2026-08-11 16:59:14.514490] [INFO] [path_server] 노드 업데이트 : [1008] ➜ [1009]
[2026-08-11 16:59:14.594438] [INFO] [path_server] 새로운 경로 설정 : path[1008 ➜ 102] time[0s] dist[45m] list[31] : 1008-1009-1010-1011-1012-1035-1036-1037-1038-1039-1040-1041-1042-1112-1113-1114-1115-1116-1117-1118-1119-1120-1121-1122-1123-1179-1180-1181-1182-1183-102
[2026-08-11 16:59:15.273161] [INFO] [path_server] 노드 업데이트 : [1009] ➜ [1010]
[2026-08-11 16:59:15.333087] [INFO] [path_server] 새로운 경로 설정 : path[1009 ➜ 102] time[0s] dist[43.5m] list[30] : 1009-1010-1011-1012-1035-1036-1037-1038-1039-1040-1041-1042-1112-1113-1114-1115-1116-1117-1118-1119-1120-1121-1122-1123-1179-1180-1181-1182-1183-102
[2026-08-11 16:59:16.011600] [INFO] [path_server] 노드 업데이트 : [1010] ➜ [1011]
[2026-08-11 16:59:16.091541] [INFO] [path_server] 새로운 경로 설정 : path[1010 ➜ 102] time[0s] dist[42m] list[29] : 1010-1011-1012-1035-1036-1037-1038-1039-1040-1041-1042-1112-1113-1114-1115-1116-1117-1118-1119-1120-1121-1122-1123-1179-1180-1181-1182-1183-102
[2026-08-11 16:59:16.770186] [INFO] [path_server] 노드 업데이트 : [1011] ➜ [1012]
[2026-08-11 16:59:16.830110] [INFO] [path_server] 새로운 경로 설정 : path[1011 ➜ 102] time[0s] dist[40.5m] list[28] : 1011-1012-1035-1036-1037-1038-1039-1040-1041-1042-1112-1113-1114-1115-1116-1117-1118-1119-1120-1121-1122-1123-1179-1180-1181-1182-1183-102
[2026-08-11 16:59:17.528655] [INFO] [path_server] 노드 업데이트 : [1012] ➜ [1035]
[2026-08-11 16:59:17.608522] [INFO] [path_server] 새로운 경로 설정 : path[1012 ➜ 102] time[0s] dist[39m] list[27] : 1012-1035-1036-1037-1038-1039-1040-1041-1042-1112-1113-1114-1115-1116-1117-1118-1119-1120-1121-1122-1123-1179-1180-1181-1182-1183-102
[2026-08-11 16:59:18.267119] [INFO] [path_server] 노드 업데이트 : [1035] ➜ [1036]
[2026-08-11 16:59:18.327018] [INFO] [path_server] 새로운 경로 설정 : path[1035 ➜ 102] time[0s] dist[37.5m] list[26] : 1035-1036-1037-1038-1039-1040-1041-1042-1112-1113-1114-1115-1116-1117-1118-1119-1120-1121-1122-1123-1179-1180-1181-1182-1183-102
[2026-08-11 16:59:19.025513] [INFO] [path_server] 노드 업데이트 : [1036] ➜ [1037]
[2026-08-11 16:59:19.105394] [INFO] [path_server] 새로운 경로 설정 : path[1036 ➜ 102] time[0s] dist[36m] list[25] : 1036-1037-1038-1039-1040-1041-1042-1112-1113-1114-1115-1116-1117-1118-1119-1120-1121-1122-1123-1179-1180-1181-1182-1183-102
[2026-08-11 16:59:19.764108] [INFO] [path_server] 노드 업데이트 : [1037] ➜ [1038]
[2026-08-11 16:59:19.823985] [INFO] [path_server] 새로운 경로 설정 : path[1037 ➜ 102] time[0s] dist[34.5m] list[24] : 1037-1038-1039-1040-1041-1042-1112-1113-1114-1115-1116-1117-1118-1119-1120-1121-1122-1123-1179-1180-1181-1182-1183-102
[2026-08-11 16:59:20.522667] [INFO] [path_server] 노드 업데이트 : [1038] ➜ [1039]
[2026-08-11 16:59:20.602547] [INFO] [path_server] 새로운 경로 설정 : path[1038 ➜ 102] time[0s] dist[33m] list[23] : 1038-1039-1040-1041-1042-1112-1113-1114-1115-1116-1117-1118-1119-1120-1121-1122-1123-1179-1180-1181-1182-1183-102
[2026-08-11 16:59:21.261238] [INFO] [path_server] 노드 업데이트 : [1039] ➜ [1040]
[2026-08-11 16:59:21.321155] [INFO] [path_server] 새로운 경로 설정 : path[1039 ➜ 102] time[0s] dist[31.5m] list[22] : 1039-1040-1041-1042-1112-1113-1114-1115-1116-1117-1118-1119-1120-1121-1122-1123-1179-1180-1181-1182-1183-102
[2026-08-11 16:59:22.019778] [INFO] [path_server] 노드 업데이트 : [1040] ➜ [1041]
[2026-08-11 16:59:22.099658] [INFO] [path_server] 새로운 경로 설정 : path[1040 ➜ 102] time[0s] dist[30m] list[21] : 1040-1041-1042-1112-1113-1114-1115-1116-1117-1118-1119-1120-1121-1122-1123-1179-1180-1181-1182-1183-102
[2026-08-11 16:59:22.778468] [INFO] [path_server] 노드 업데이트 : [1041] ➜ [1042]
[2026-08-11 16:59:22.858408] [INFO] [path_server] 새로운 경로 설정 : path[1041 ➜ 102] time[0s] dist[28.5m] list[20] : 1041-1042-1112-1113-1114-1115-1116-1117-1118-1119-1120-1121-1122-1123-1179-1180-1181-1182-1183-102
[2026-08-11 16:59:23.517024] [INFO] [path_server] 노드 업데이트 : [1042] ➜ [1112]
[2026-08-11 16:59:23.616875] [INFO] [path_server] 새로운 경로 설정 : path[1042 ➜ 102] time[0s] dist[27m] list[19] : 1042-1112-1113-1114-1115-1116-1117-1118-1119-1120-1121-1122-1123-1179-1180-1181-1182-1183-102
[2026-08-11 16:59:24.834626] [INFO] [path_server] 노드 업데이트 : [1112] ➜ [1113]
[2026-08-11 16:59:24.934461] [INFO] [path_server] 새로운 경로 설정 : path[1112 ➜ 102] time[0s] dist[25.5m] list[18] : 1112-1113-1114-1115-1116-1117-1118-1119-1120-1121-1122-1123-1179-1180-1181-1182-1183-102
[2026-08-11 16:59:28.188421] [INFO] [path_server] 노드 업데이트 : [1113] ➜ [1114]
[2026-08-11 16:59:28.248327] [INFO] [path_server] 새로운 경로 설정 : path[1113 ➜ 102] time[0s] dist[24m] list[17] : 1113-1114-1115-1116-1117-1118-1119-1120-1121-1122-1123-1179-1180-1181-1182-1183-102
[2026-08-11 16:59:29.326337] [INFO] [path_server] 노드 업데이트 : [1114] ➜ [1115]
[2026-08-11 16:59:29.386221] [INFO] [path_server] 새로운 경로 설정 : path[1114 ➜ 102] time[0s] dist[22.5m] list[16] : 1114-1115-1116-1117-1118-1119-1120-1121-1122-1123-1179-1180-1181-1182-1183-102
[2026-08-11 16:59:30.144876] [INFO] [path_server] 노드 업데이트 : [1115] ➜ [1116]
[2026-08-11 16:59:30.224783] [INFO] [path_server] 새로운 경로 설정 : path[1115 ➜ 102] time[0s] dist[21m] list[15] : 1115-1116-1117-1118-1119-1120-1121-1122-1123-1179-1180-1181-1182-1183-102
[2026-08-11 16:59:30.903422] [INFO] [path_server] 노드 업데이트 : [1116] ➜ [1117]
[2026-08-11 16:59:30.983339] [INFO] [path_server] 새로운 경로 설정 : path[1116 ➜ 102] time[0s] dist[19.5m] list[14] : 1116-1117-1118-1119-1120-1121-1122-1123-1179-1180-1181-1182-1183-102
[2026-08-11 16:59:31.661950] [INFO] [path_server] 노드 업데이트 : [1117] ➜ [1118]
[2026-08-11 16:59:31.721854] [INFO] [path_server] 새로운 경로 설정 : path[1117 ➜ 102] time[0s] dist[18m] list[13] : 1117-1118-1119-1120-1121-1122-1123-1179-1180-1181-1182-1183-102
[2026-08-11 16:59:32.400537] [INFO] [path_server] 노드 업데이트 : [1118] ➜ [1119]
[2026-08-11 16:59:32.480469] [INFO] [path_server] 새로운 경로 설정 : path[1118 ➜ 102] time[0s] dist[16.5m] list[12] : 1118-1119-1120-1121-1122-1123-1179-1180-1181-1182-1183-102
[2026-08-11 16:59:33.159058] [INFO] [path_server] 노드 업데이트 : [1119] ➜ [1120]
[2026-08-11 16:59:33.218990] [INFO] [path_server] 새로운 경로 설정 : path[1119 ➜ 102] time[0s] dist[15m] list[11] : 1119-1120-1121-1122-1123-1179-1180-1181-1182-1183-102
[2026-08-11 16:59:33.997441] [INFO] [path_server] 노드 업데이트 : [1120] ➜ [1121]
[2026-08-11 16:59:34.057311] [INFO] [path_server] 새로운 경로 설정 : path[1120 ➜ 102] time[0s] dist[13.5m] list[10] : 1120-1121-1122-1123-1179-1180-1181-1182-1183-102
[2026-08-11 16:59:37.650354] [INFO] [path_server] 노드 업데이트 : [1121] ➜ [1122]
[2026-08-11 16:59:37.730231] [INFO] [path_server] 새로운 경로 설정 : path[1121 ➜ 102] time[0s] dist[12m] list[9] : 1121-1122-1123-1179-1180-1181-1182-1183-102
[2026-08-11 16:59:39.007797] [INFO] [path_server] 노드 업데이트 : [1122] ➜ [1123]
[2026-08-11 16:59:39.067678] [INFO] [path_server] 새로운 경로 설정 : path[1122 ➜ 102] time[0s] dist[10.5m] list[8] : 1122-1123-1179-1180-1181-1182-1183-102
[2026-08-11 16:59:40.065816] [INFO] [path_server] 노드 업데이트 : [1123] ➜ [1179]
[2026-08-11 16:59:40.145660] [INFO] [path_server] 새로운 경로 설정 : path[1123 ➜ 102] time[0s] dist[9m] list[7] : 1123-1179-1180-1181-1182-1183-102
[2026-08-11 16:59:43.379672] [INFO] [path_server] 노드 업데이트 : [1179] ➜ [1180]
[2026-08-11 16:59:43.439584] [INFO] [path_server] 새로운 경로 설정 : path[1179 ➜ 102] time[0s] dist[7.5m] list[6] : 1179-1180-1181-1182-1183-102
[2026-08-11 16:59:44.617076] [INFO] [path_server] 노드 업데이트 : [1180] ➜ [1181]
[2026-08-11 16:59:44.696951] [INFO] [path_server] 새로운 경로 설정 : path[1180 ➜ 102] time[0s] dist[6m] list[5] : 1180-1181-1182-1183-102
[2026-08-11 16:59:45.495241] [INFO] [path_server] 노드 업데이트 : [1181] ➜ [1182]
[2026-08-11 16:59:45.575164] [INFO] [path_server] 새로운 경로 설정 : path[1181 ➜ 102] time[0s] dist[4.5m] list[4] : 1181-1182-1183-102
[2026-08-11 16:59:46.253908] [INFO] [path_server] 노드 업데이트 : [1182] ➜ [1183]
[2026-08-11 16:59:46.313805] [INFO] [path_server] 새로운 경로 설정 : path[1182 ➜ 102] time[0s] dist[3m] list[3] : 1182-1183-102
[2026-08-11 16:59:47.351672] [INFO] [health_monitor] [등록][100015, 200001] : 배터리 남은 양 - 주의
[2026-08-11 16:59:47.551304] [INFO] [path_server] 노드 업데이트 : [1183] ➜ [102]
[2026-08-11 16:59:47.631169] [INFO] [path_server] 새로운 경로 설정 : path[1183 ➜ 102] time[0s] dist[1.5m] list[2] : 1183-102
[2026-08-11 16:59:52.760983] [INFO] [path_server] 노드 업데이트 : [102] ➜ [-1]
[2026-08-11 16:59:55.656013] [INFO] [course_tracker] 목적지에서 각도 정렬 : [5.500m 7.000m 0.000°]
[2026-08-11 16:59:55.695970] [INFO] [path_server] 노드 업데이트 : [102] ➜ [-1]
[2026-08-11 16:59:55.715877] [INFO] [task::fsm] push_done
[2026-08-11 16:59:55.755802] [INFO] [task::fsm] charging
[2026-08-11 16:59:55.755812] [INFO] [power_system] 충전 프로세스 시작
[2026-08-11 16:59:55.755846] [INFO] [health_monitor] [등록][100015, 100001] : 자동 충전 시작.
[2026-08-11 17:00:00.765801] [INFO] [health_monitor] [삭제][100015, 100001] : 자동 충전 시작.
[2026-08-11 17:00:02.242802] [INFO] [health_monitor] [삭제][100015, 200001] : 배터리 남은 양 - 주의
[2026-08-11 17:00:26.255602] [INFO] [power_system] 충전 완료
[2026-08-11 17:00:26.255620] [INFO] [health_monitor] [등록][100015, 100003] : 자동 충전 해제 시작.
[2026-08-11 17:00:26.255618] [INFO] [health_monitor] [등록][100015, 100002] : 배터리 가득.
[2026-08-11 17:00:31.265676] [INFO] [health_monitor] [삭제][100015, 100002] : 배터리 가득.
[2026-08-11 17:00:31.265682] [INFO] [health_monitor] [삭제][100015, 100003] : 자동 충전 해제 시작.
[2026-08-11 17:00:31.285600] [INFO] [power_system] 충전 해제 완료
[2026-08-11 17:00:31.285609] [INFO] [health_monitor] [등록][100015, 100004] : 자동 충전 해제 완료.
[2026-08-11 17:00:31.305612] [INFO] [task::fsm] discharging
[2026-08-11 17:00:31.305621] [INFO] [power_system] 충전 해제 프로세스 시작
[2026-08-11 17:00:31.305631] [INFO] [health_monitor] [등록][100015, 100003] : 자동 충전 해제 시작.
[2026-08-11 17:00:31.325541] [INFO] [task::fsm] idle
[2026-08-11 17:00:31.325545] [INFO] [course_manager] 코스 삭제
[2026-08-11 17:00:31.325546] [INFO] [path_server] 경로 삭제
[2026-08-11 17:00:31.365495] [INFO] [task::fsm] idle
[2026-08-11 17:00:31.365501] [INFO] [course_manager] 코스 삭제
[2026-08-11 17:00:31.365503] [INFO] [path_server] 경로 삭제
[2026-08-11 17:00:36.296578] [INFO] [health_monitor] [삭제][100015, 100004] : 자동 충전 해제 완료.
[2026-08-11 17:00:36.316496] [INFO] [health_monitor] [삭제][100015, 100003] : 자동 충전 해제 시작.
[2026-08-11 17:00:38.392563] [INFO] [path_server] 새로운 경로 설정 : path[102 ➜ 205] time[0s] dist[27m] list[19] : 102-1183-1184-1045-1046-1047-1048-1001-1002-1003-1004-1013-1049-1050-1014-1201-1200-1202-205
[2026-08-11 17:00:45.558613] [INFO] [path_server] 노드 업데이트 : [1183] ➜ [1184]
[2026-08-11 17:00:45.618568] [INFO] [path_server] 새로운 경로 설정 : path[1183 ➜ 205] time[0s] dist[25.5m] list[18] : 1183-1184-1045-1046-1047-1048-1001-1002-1003-1004-1013-1049-1050-1014-1201-1200-1202-205
[2026-08-11 17:00:49.171294] [INFO] [path_server] 노드 업데이트 : [1184] ➜ [1045]
[2026-08-11 17:00:49.251219] [INFO] [path_server] 새로운 경로 설정 : path[1184 ➜ 205] time[0s] dist[24m] list[17] : 1184-1045-1046-1047-1048-1001-1002-1003-1004-1013-1049-1050-1014-1201-1200-1202-205
[2026-08-11 17:00:50.528601] [INFO] [path_server] 노드 업데이트 : [1045] ➜ [1046]
[2026-08-11 17:00:50.588517] [INFO] [path_server] 새로운 경로 설정 : path[1045 ➜ 205] time[0s] dist[22.5m] list[16] : 1045-1046-1047-1048-1001-1002-1003-1004-1013-1049-1050-1014-1201-1200-1202-205
[2026-08-11 17:00:53.861853] [INFO] [path_server] 노드 업데이트 : [1046] ➜ [1047]
[2026-08-11 17:00:53.921792] [INFO] [path_server] 새로운 경로 설정 : path[1046 ➜ 205] time[0s] dist[21m] list[15] : 1046-1047-1048-1001-1002-1003-1004-1013-1049-1050-1014-1201-1200-1202-205
[2026-08-11 17:00:54.979777] [INFO] [path_server] 노드 업데이트 : [1047] ➜ [1048]
[2026-08-11 17:00:55.059650] [INFO] [path_server] 새로운 경로 설정 : path[1047 ➜ 205] time[0s] dist[19.5m] list[14] : 1047-1048-1001-1002-1003-1004-1013-1049-1050-1014-1201-1200-1202-205
[2026-08-11 17:00:55.798002] [INFO] [path_server] 노드 업데이트 : [1048] ➜ [1001]
[2026-08-11 17:00:55.877920] [INFO] [path_server] 새로운 경로 설정 : path[1048 ➜ 205] time[0s] dist[18m] list[13] : 1048-1001-1002-1003-1004-1013-1049-1050-1014-1201-1200-1202-205
[2026-08-11 17:00:56.556504] [INFO] [path_server] 노드 업데이트 : [1001] ➜ [1002]
[2026-08-11 17:00:56.616389] [INFO] [path_server] 새로운 경로 설정 : path[1001 ➜ 205] time[0s] dist[16.5m] list[12] : 1001-1002-1003-1004-1013-1049-1050-1014-1201-1200-1202-205
[2026-08-11 17:00:57.315015] [INFO] [path_server] 노드 업데이트 : [1002] ➜ [1003]
[2026-08-11 17:00:57.394828] [INFO] [path_server] 새로운 경로 설정 : path[1002 ➜ 205] time[0s] dist[15m] list[11] : 1002-1003-1004-1013-1049-1050-1014-1201-1200-1202-205
[2026-08-11 17:00:58.053465] [INFO] [path_server] 노드 업데이트 : [1003] ➜ [1004]
[2026-08-11 17:00:58.113400] [INFO] [path_server] 새로운 경로 설정 : path[1003 ➜ 205] time[0s] dist[13.5m] list[10] : 1003-1004-1013-1049-1050-1014-1201-1200-1202-205
[2026-08-11 17:00:59.390680] [INFO] [path_server] 노드 업데이트 : [1004] ➜ [1013]
[2026-08-11 17:00:59.470599] [INFO] [path_server] 새로운 경로 설정 : path[1004 ➜ 205] time[0s] dist[12m] list[9] : 1004-1013-1049-1050-1014-1201-1200-1202-205
[2026-08-11 17:01:02.743841] [INFO] [path_server] 노드 업데이트 : [1013] ➜ [1049]
[2026-08-11 17:01:02.823765] [INFO] [path_server] 새로운 경로 설정 : path[1013 ➜ 205] time[0s] dist[10.5m] list[8] : 1013-1049-1050-1014-1201-1200-1202-205
[2026-08-11 17:01:03.881795] [INFO] [path_server] 노드 업데이트 : [1049] ➜ [1050]
[2026-08-11 17:01:03.962028] [INFO] [path_server] 새로운 경로 설정 : path[1049 ➜ 205] time[0s] dist[9m] list[7] : 1049-1050-1014-1201-1200-1202-205
[2026-08-11 17:01:05.201470] [INFO] [path_server] 노드 업데이트 : [1050] ➜ [1014]
[2026-08-11 17:01:05.281384] [INFO] [path_server] 새로운 경로 설정 : path[1050 ➜ 205] time[0s] dist[7.5m] list[6] : 1050-1014-1201-1200-1202-205
[2026-08-11 17:01:08.594602] [INFO] [path_server] 노드 업데이트 : [1014] ➜ [1201]
[2026-08-11 17:01:08.674511] [INFO] [path_server] 새로운 경로 설정 : path[1014 ➜ 205] time[0s] dist[6m] list[5] : 1014-1201-1200-1202-205
[2026-08-11 17:01:09.712288] [INFO] [path_server] 노드 업데이트 : [1201] ➜ [1200]
[2026-08-11 17:01:09.772180] [INFO] [path_server] 새로운 경로 설정 : path[1201 ➜ 205] time[0s] dist[4.5m] list[4] : 1201-1200-1202-205
[2026-08-11 17:01:10.530552] [INFO] [path_server] 노드 업데이트 : [1200] ➜ [1202]
[2026-08-11 17:01:10.610403] [INFO] [path_server] 새로운 경로 설정 : path[1200 ➜ 205] time[0s] dist[3m] list[3] : 1200-1202-205
[2026-08-11 17:01:11.867778] [INFO] [path_server] 노드 업데이트 : [1202] ➜ [205]
[2026-08-11 17:01:11.927677] [INFO] [path_server] 새로운 경로 설정 : path[1202 ➜ 205] time[0s] dist[1.5m] list[2] : 1202-205
[2026-08-11 17:01:17.077343] [INFO] [path_server] 노드 업데이트 : [205] ➜ [-1]
[2026-08-11 17:01:19.972209] [INFO] [course_tracker] 목적지에서 각도 정렬 : [23.500m 7.000m 0.000°]
[2026-08-11 17:01:20.012072] [INFO] [path_server] 노드 업데이트 : [205] ➜ [-1]
[2026-08-11 17:01:20.032089] [INFO] [task::fsm] push_done
[2026-08-11 17:01:20.091959] [INFO] [task::fsm] idle
[2026-08-11 17:01:20.091965] [INFO] [course_manager] 코스 삭제
[2026-08-11 17:01:20.091982] [INFO] [path_server] 경로 삭제
[2026-08-11 17:03:34.361694] [INFO] [framework] 프로그램 시작
[2026-08-11 17:03:34.361699] [WARNING] [framework] 프로그램 시작
[2026-08-11 17:03:34.361702] [INFO] [framework] 설정 파일 위치 : ../configs/robot_6
[2026-08-11 17:03:34.361702] [CRITICAL] [framework] 프로그램 시작
[2026-08-11 17:03:34.361864] [INFO] [framework] ID[0, 6], 이름[양식스], 제어주기[20ms], 버젼[], 장소[우리집], 환경모드[simulation]
[2026-08-11 17:03:34.361898] [INFO] [mediator] 생성
[2026-08-11 17:03:34.361921] [INFO] [graph_manager] 생성
[2026-08-11 17:03:34.398675] [INFO] [stop_server] 생성
[2026-08-11 17:03:34.398693] [INFO] [health_monitor] 생성
[2026-08-11 17:03:34.398720] [INFO] [path_server] 생성
[2026-08-11 17:03:34.398745] [INFO] [course_manager] 생성
[2026-08-11 17:03:34.398757] [INFO] [task::fsm] 생성
[2026-08-11 17:03:34.398759] [INFO] [task::fsm] idle
[2026-08-11 17:03:34.398767] [INFO] [path_server] 경로 삭제
[2026-08-11 17:03:34.398767] [INFO] [course_manager] 코스 삭제
[2026-08-11 17:03:34.398778] [INFO] [task_manager] 생성
[2026-08-11 17:03:34.398890] [INFO] [mediator] connectors 생성
[2026-08-11 17:03:34.398906] [INFO] [fms] 생성
[2026-08-11 17:03:34.398908] [INFO] [fms] 통신 드라이버 생성
[2026-08-11 17:03:34.399196] [INFO] [motions] 생성
[2026-08-11 17:03:34.399216] [INFO] [localizers] 생성
[2026-08-11 17:03:34.399313] [INFO] [localizers] 파라미터 : 

[2026-08-11 17:03:34.399329] [INFO] [safety_plc] 생성
[2026-08-11 17:03:34.399342] [INFO] [load_handler] 생성
[2026-08-11 17:03:34.399364] [INFO] [power_system] 생성
[2026-08-11 17:03:34.399473] [INFO] [power_system] 설정 정보 : remaining[40%, 10%, 5%]
[2026-08-11 17:03:34.399933] [INFO] [power_system] 알람 목록 : 
 • [100015, 100001] [INFO] 자동 충전 시작.
 • [100015, 100002] [INFO] 배터리 가득.
 • [100015, 400001] [CRIT] 배터리 남은 양 - 위험
 • [100015, 300001] [ERROR] 배터리 남은 양 - 에러
 • [100015, 200001] [WARN] 배터리 남은 양 - 주의
 • [100015, 100004] [INFO] 자동 충전 해제 완료.
 • [100015, 100003] [INFO] 자동 충전 해제 시작.
[2026-08-11 17:03:34.399936] [INFO] [mediator] connector 의존성 주입
[2026-08-11 17:03:34.399944] [INFO] [mediator] any map 등록
[2026-08-11 17:03:34.399950] [INFO] [mediator] any collector 등록
[2026-08-11 17:03:34.399953] [INFO] [mediator] any collector 목록 검사
[2026-08-11 17:03:34.400004] [INFO] [framework] after init 실행
[2026-08-11 17:03:34.400400] [INFO] [course_tracker] 생성
[2026-08-11 17:03:34.400422] [INFO] [course_tracker] 파라미터 : 
◈ node_bound[0.020m, 0.150m, 0.005m]
 • approach[0.150m, 0.050m/s, -0.005m, -0.200m, 0.100m]
 • align[(10.000°, 5.000°/s), 50.000°, 30.000°/s), 0.800°, -0.100°]
◈ motion param : 
 • reference_angle[0.000°, 45.000°]
 • threshold_angle[15.000°, 20.000°, 170.000°]
 • threshold_error[0.300°, 5.000°]
 • normal[0.150m/s, 8.000, 0.800m/s, 0.500]
 • angle[0.150m/s, 1.500, 0.800m/s, 2.100]
 • protection_overshoot[0.100m/s, 0.900, 0.500m/s, 0.900]
 • speed_rotation[15.000°/s]
[2026-08-11 17:03:34.400425] [INFO] [framework] 제어 쓰레드 시작
[2026-08-11 17:03:34.400476] [INFO] [path_server] 노드 초기화 성공 : 로봇 좌표[23.498m 6.997m 90.572°] 최단 거리 노드[205] 거리(0.003615m)
[2026-08-11 17:03:34.400536] [INFO] [health_monitor] [등록][100015, 200001] : 배터리 남은 양 - 주의
[2026-08-11 17:04:47.998851] [INFO] [path_server] 새로운 경로 설정 : path[205 ➜ 103] time[0s] dist[73.5m] list[50] : 205-1202-1203-1204-1205-1206-1207-1208-1145-1146-1147-1148-1077-1029-1030-1031-1032-1033-1034-1007-1008-1009-1010-1011-1012-1035-1036-1037-1038-1039-1040-1041-1042-1112-1113-1114-1115-1116-1117-1118-1119-1120-1121-1122-1123-1179-1180-1181-1182-103
[2026-08-11 17:04:52.909224] [INFO] [path_server] 노드 업데이트 : [1202] ➜ [1203]
[2026-08-11 17:04:52.969152] [INFO] [path_server] 새로운 경로 설정 : path[1202 ➜ 103] time[0s] dist[72m] list[49] : 1202-1203-1204-1205-1206-1207-1208-1145-1146-1147-1148-1077-1029-1030-1031-1032-1033-1034-1007-1008-1009-1010-1011-1012-1035-1036-1037-1038-1039-1040-1041-1042-1112-1113-1114-1115-1116-1117-1118-1119-1120-1121-1122-1123-1179-1180-1181-1182-103
[2026-08-11 17:04:56.521730] [INFO] [path_server] 노드 업데이트 : [1203] ➜ [1204]
[2026-08-11 17:04:56.601675] [INFO] [path_server] 새로운 경로 설정 : path[1203 ➜ 103] time[0s] dist[70.5m] list[48] : 1203-1204-1205-1206-1207-1208-1145-1146-1147-1148-1077-1029-1030-1031-1032-1033-1034-1007-1008-1009-1010-1011-1012-1035-1036-1037-1038-1039-1040-1041-1042-1112-1113-1114-1115-1116-1117-1118-1119-1120-1121-1122-1123-1179-1180-1181-1182-103
[2026-08-11 17:04:57.659404] [INFO] [path_server] 노드 업데이트 : [1204] ➜ [1205]
[2026-08-11 17:04:57.739365] [INFO] [path_server] 새로운 경로 설정 : path[1204 ➜ 103] time[0s] dist[69m] list[47] : 1204-1205-1206-1207-1208-1145-1146-1147-1148-1077-1029-1030-1031-1032-1033-1034-1007-1008-1009-1010-1011-1012-1035-1036-1037-1038-1039-1040-1041-1042-1112-1113-1114-1115-1116-1117-1118-1119-1120-1121-1122-1123-1179-1180-1181-1182-103
[2026-08-11 17:04:58.477818] [INFO] [path_server] 노드 업데이트 : [1205] ➜ [1206]
[2026-08-11 17:04:58.537749] [INFO] [path_server] 새로운 경로 설정 : path[1205 ➜ 103] time[0s] dist[67.5m] list[46] : 1205-1206-1207-1208-1145-1146-1147-1148-1077-1029-1030-1031-1032-1033-1034-1007-1008-1009-1010-1011-1012-1035-1036-1037-1038-1039-1040-1041-1042-1112-1113-1114-1115-1116-1117-1118-1119-1120-1121-1122-1123-1179-1180-1181-1182-103
[2026-08-11 17:04:59.236339] [INFO] [path_server] 노드 업데이트 : [1206] ➜ [1207]
[2026-08-11 17:04:59.316265] [INFO] [path_server] 새로운 경로 설정 : path[1206 ➜ 103] time[0s] dist[66.01m] list[45] : 1206-1207-1208-1145-1146-1147-1148-1077-1029-1030-1031-1032-1033-1034-1007-1008-1009-1010-1011-1012-1035-1036-1037-1038-1039-1040-1041-1042-1112-1113-1114-1115-1116-1117-1118-1119-1120-1121-1122-1123-1179-1180-1181-1182-103
[2026-08-11 17:04:59.994764] [INFO] [path_server] 노드 업데이트 : [1207] ➜ [1208]
[2026-08-11 17:05:00.074744] [INFO] [path_server] 새로운 경로 설정 : path[1207 ➜ 103] time[0s] dist[64.5m] list[44] : 1207-1208-1145-1146-1147-1148-1077-1029-1030-1031-1032-1033-1034-1007-1008-1009-1010-1011-1012-1035-1036-1037-1038-1039-1040-1041-1042-1112-1113-1114-1115-1116-1117-1118-1119-1120-1121-1122-1123-1179-1180-1181-1182-103
[2026-08-11 17:05:00.733359] [INFO] [path_server] 노드 업데이트 : [1208] ➜ [1145]
[2026-08-11 17:05:00.813263] [INFO] [path_server] 새로운 경로 설정 : path[1208 ➜ 103] time[0s] dist[63m] list[43] : 1208-1145-1146-1147-1148-1077-1029-1030-1031-1032-1033-1034-1007-1008-1009-1010-1011-1012-1035-1036-1037-1038-1039-1040-1041-1042-1112-1113-1114-1115-1116-1117-1118-1119-1120-1121-1122-1123-1179-1180-1181-1182-103
[2026-08-11 17:05:02.050730] [INFO] [path_server] 노드 업데이트 : [1145] ➜ [1146]
[2026-08-11 17:05:02.130621] [INFO] [path_server] 새로운 경로 설정 : path[1145 ➜ 103] time[0s] dist[61.5m] list[42] : 1145-1146-1147-1148-1077-1029-1030-1031-1032-1033-1034-1007-1008-1009-1010-1011-1012-1035-1036-1037-1038-1039-1040-1041-1042-1112-1113-1114-1115-1116-1117-1118-1119-1120-1121-1122-1123-1179-1180-1181-1182-103
[2026-08-11 17:05:05.423646] [INFO] [path_server] 노드 업데이트 : [1146] ➜ [1147]
[2026-08-11 17:05:05.503584] [INFO] [path_server] 새로운 경로 설정 : path[1146 ➜ 103] time[0s] dist[60m] list[41] : 1146-1147-1148-1077-1029-1030-1031-1032-1033-1034-1007-1008-1009-1010-1011-1012-1035-1036-1037-1038-1039-1040-1041-1042-1112-1113-1114-1115-1116-1117-1118-1119-1120-1121-1122-1123-1179-1180-1181-1182-103
[2026-08-11 17:05:06.541461] [INFO] [path_server] 노드 업데이트 : [1147] ➜ [1148]
[2026-08-11 17:05:06.601405] [INFO] [path_server] 새로운 경로 설정 : path[1147 ➜ 103] time[0s] dist[58.5m] list[40] : 1147-1148-1077-1029-1030-1031-1032-1033-1034-1007-1008-1009-1010-1011-1012-1035-1036-1037-1038-1039-1040-1041-1042-1112-1113-1114-1115-1116-1117-1118-1119-1120-1121-1122-1123-1179-1180-1181-1182-103
[2026-08-11 17:05:07.359865] [INFO] [path_server] 노드 업데이트 : [1148] ➜ [1077]
[2026-08-11 17:05:07.439760] [INFO] [path_server] 새로운 경로 설정 : path[1148 ➜ 103] time[0s] dist[57m] list[39] : 1148-1077-1029-1030-1031-1032-1033-1034-1007-1008-1009-1010-1011-1012-1035-1036-1037-1038-1039-1040-1041-1042-1112-1113-1114-1115-1116-1117-1118-1119-1120-1121-1122-1123-1179-1180-1181-1182-103
[2026-08-11 17:05:08.697047] [INFO] [path_server] 노드 업데이트 : [1077] ➜ [1029]
[2026-08-11 17:05:08.756975] [INFO] [path_server] 새로운 경로 설정 : path[1077 ➜ 103] time[0s] dist[55.5m] list[38] : 1077-1029-1030-1031-1032-1033-1034-1007-1008-1009-1010-1011-1012-1035-1036-1037-1038-1039-1040-1041-1042-1112-1113-1114-1115-1116-1117-1118-1119-1120-1121-1122-1123-1179-1180-1181-1182-103
[2026-08-11 17:05:12.030109] [INFO] [path_server] 노드 업데이트 : [1029] ➜ [1030]
[2026-08-11 17:05:12.109962] [INFO] [path_server] 새로운 경로 설정 : path[1029 ➜ 103] time[0s] dist[54m] list[37] : 1029-1030-1031-1032-1033-1034-1007-1008-1009-1010-1011-1012-1035-1036-1037-1038-1039-1040-1041-1042-1112-1113-1114-1115-1116-1117-1118-1119-1120-1121-1122-1123-1179-1180-1181-1182-103
[2026-08-11 17:05:13.167858] [INFO] [path_server] 노드 업데이트 : [1030] ➜ [1031]
[2026-08-11 17:05:13.267709] [INFO] [path_server] 새로운 경로 설정 : path[1030 ➜ 103] time[0s] dist[52.5m] list[36] : 1030-1031-1032-1033-1034-1007-1008-1009-1010-1011-1012-1035-1036-1037-1038-1039-1040-1041-1042-1112-1113-1114-1115-1116-1117-1118-1119-1120-1121-1122-1123-1179-1180-1181-1182-103
[2026-08-11 17:05:13.986284] [INFO] [path_server] 노드 업데이트 : [1031] ➜ [1032]
[2026-08-11 17:05:14.066263] [INFO] [path_server] 새로운 경로 설정 : path[1031 ➜ 103] time[0s] dist[51m] list[35] : 1031-1032-1033-1034-1007-1008-1009-1010-1011-1012-1035-1036-1037-1038-1039-1040-1041-1042-1112-1113-1114-1115-1116-1117-1118-1119-1120-1121-1122-1123-1179-1180-1181-1182-103
[2026-08-11 17:05:14.744832] [INFO] [path_server] 노드 업데이트 : [1032] ➜ [1033]
[2026-08-11 17:05:14.824759] [INFO] [path_server] 새로운 경로 설정 : path[1032 ➜ 103] time[0s] dist[49.5m] list[34] : 1032-1033-1034-1007-1008-1009-1010-1011-1012-1035-1036-1037-1038-1039-1040-1041-1042-1112-1113-1114-1115-1116-1117-1118-1119-1120-1121-1122-1123-1179-1180-1181-1182-103
[2026-08-11 17:05:15.503387] [INFO] [path_server] 노드 업데이트 : [1033] ➜ [1034]
[2026-08-11 17:05:15.563330] [INFO] [path_server] 새로운 경로 설정 : path[1033 ➜ 103] time[0s] dist[48m] list[33] : 1033-1034-1007-1008-1009-1010-1011-1012-1035-1036-1037-1038-1039-1040-1041-1042-1112-1113-1114-1115-1116-1117-1118-1119-1120-1121-1122-1123-1179-1180-1181-1182-103
[2026-08-11 17:05:16.242159] [INFO] [path_server] 노드 업데이트 : [1034] ➜ [1007]
[2026-08-11 17:05:16.322102] [INFO] [path_server] 새로운 경로 설정 : path[1034 ➜ 103] time[0s] dist[46.5m] list[32] : 1034-1007-1008-1009-1010-1011-1012-1035-1036-1037-1038-1039-1040-1041-1042-1112-1113-1114-1115-1116-1117-1118-1119-1120-1121-1122-1123-1179-1180-1181-1182-103
[2026-08-11 17:05:17.000929] [INFO] [path_server] 노드 업데이트 : [1007] ➜ [1008]
[2026-08-11 17:05:17.060877] [INFO] [path_server] 새로운 경로 설정 : path[1007 ➜ 103] time[0s] dist[45m] list[31] : 1007-1008-1009-1010-1011-1012-1035-1036-1037-1038-1039-1040-1041-1042-1112-1113-1114-1115-1116-1117-1118-1119-1120-1121-1122-1123-1179-1180-1181-1182-103
[2026-08-11 17:05:17.739525] [INFO] [path_server] 노드 업데이트 : [1008] ➜ [1009]
[2026-08-11 17:05:17.819462] [INFO] [path_server] 새로운 경로 설정 : path[1008 ➜ 103] time[0s] dist[43.5m] list[30] : 1008-1009-1010-1011-1012-1035-1036-1037-1038-1039-1040-1041-1042-1112-1113-1114-1115-1116-1117-1118-1119-1120-1121-1122-1123-1179-1180-1181-1182-103
[2026-08-11 17:05:18.498063] [INFO] [path_server] 노드 업데이트 : [1009] ➜ [1010]
[2026-08-11 17:05:18.557973] [INFO] [path_server] 새로운 경로 설정 : path[1009 ➜ 103] time[0s] dist[42m] list[29] : 1009-1010-1011-1012-1035-1036-1037-1038-1039-1040-1041-1042-1112-1113-1114-1115-1116-1117-1118-1119-1120-1121-1122-1123-1179-1180-1181-1182-103
[2026-08-11 17:05:19.236577] [INFO] [path_server] 노드 업데이트 : [1010] ➜ [1011]
[2026-08-11 17:05:19.316520] [INFO] [path_server] 새로운 경로 설정 : path[1010 ➜ 103] time[0s] dist[40.5m] list[28] : 1010-1011-1012-1035-1036-1037-1038-1039-1040-1041-1042-1112-1113-1114-1115-1116-1117-1118-1119-1120-1121-1122-1123-1179-1180-1181-1182-103
[2026-08-11 17:05:19.995106] [INFO] [path_server] 노드 업데이트 : [1011] ➜ [1012]
[2026-08-11 17:05:20.055018] [INFO] [path_server] 새로운 경로 설정 : path[1011 ➜ 103] time[0s] dist[39m] list[27] : 1011-1012-1035-1036-1037-1038-1039-1040-1041-1042-1112-1113-1114-1115-1116-1117-1118-1119-1120-1121-1122-1123-1179-1180-1181-1182-103
[2026-08-11 17:05:20.753700] [INFO] [path_server] 노드 업데이트 : [1012] ➜ [1035]
[2026-08-11 17:05:20.833569] [INFO] [path_server] 새로운 경로 설정 : path[1012 ➜ 103] time[0s] dist[37.5m] list[26] : 1012-1035-1036-1037-1038-1039-1040-1041-1042-1112-1113-1114-1115-1116-1117-1118-1119-1120-1121-1122-1123-1179-1180-1181-1182-103
[2026-08-11 17:05:21.492175] [INFO] [path_server] 노드 업데이트 : [1035] ➜ [1036]
[2026-08-11 17:05:21.552094] [INFO] [path_server] 새로운 경로 설정 : path[1035 ➜ 103] time[0s] dist[36m] list[25] : 1035-1036-1037-1038-1039-1040-1041-1042-1112-1113-1114-1115-1116-1117-1118-1119-1120-1121-1122-1123-1179-1180-1181-1182-103
[2026-08-11 17:05:22.250712] [INFO] [path_server] 노드 업데이트 : [1036] ➜ [1037]
[2026-08-11 17:05:22.330593] [INFO] [path_server] 새로운 경로 설정 : path[1036 ➜ 103] time[0s] dist[34.5m] list[24] : 1036-1037-1038-1039-1040-1041-1042-1112-1113-1114-1115-1116-1117-1118-1119-1120-1121-1122-1123-1179-1180-1181-1182-103
[2026-08-11 17:05:22.989501] [INFO] [path_server] 노드 업데이트 : [1037] ➜ [1038]
[2026-08-11 17:05:23.049430] [INFO] [path_server] 새로운 경로 설정 : path[1037 ➜ 103] time[0s] dist[33m] list[23] : 1037-1038-1039-1040-1041-1042-1112-1113-1114-1115-1116-1117-1118-1119-1120-1121-1122-1123-1179-1180-1181-1182-103
[2026-08-11 17:05:23.748022] [INFO] [path_server] 노드 업데이트 : [1038] ➜ [1039]
[2026-08-11 17:05:23.827856] [INFO] [path_server] 새로운 경로 설정 : path[1038 ➜ 103] time[0s] dist[31.5m] list[22] : 1038-1039-1040-1041-1042-1112-1113-1114-1115-1116-1117-1118-1119-1120-1121-1122-1123-1179-1180-1181-1182-103
[2026-08-11 17:05:24.486439] [INFO] [path_server] 노드 업데이트 : [1039] ➜ [1040]
[2026-08-11 17:05:24.546399] [INFO] [path_server] 새로운 경로 설정 : path[1039 ➜ 103] time[0s] dist[30m] list[21] : 1039-1040-1041-1042-1112-1113-1114-1115-1116-1117-1118-1119-1120-1121-1122-1123-1179-1180-1181-1182-103
[2026-08-11 17:05:25.244942] [INFO] [path_server] 노드 업데이트 : [1040] ➜ [1041]
[2026-08-11 17:05:25.344822] [INFO] [path_server] 새로운 경로 설정 : path[1040 ➜ 103] time[0s] dist[28.5m] list[20] : 1040-1041-1042-1112-1113-1114-1115-1116-1117-1118-1119-1120-1121-1122-1123-1179-1180-1181-1182-103
[2026-08-11 17:05:26.003625] [INFO] [path_server] 노드 업데이트 : [1041] ➜ [1042]
[2026-08-11 17:05:26.083533] [INFO] [path_server] 새로운 경로 설정 : path[1041 ➜ 103] time[0s] dist[27m] list[19] : 1041-1042-1112-1113-1114-1115-1116-1117-1118-1119-1120-1121-1122-1123-1179-1180-1181-1182-103
[2026-08-11 17:05:26.742094] [INFO] [path_server] 노드 업데이트 : [1042] ➜ [1112]
[2026-08-11 17:05:26.802004] [INFO] [path_server] 새로운 경로 설정 : path[1042 ➜ 103] time[0s] dist[25.5m] list[18] : 1042-1112-1113-1114-1115-1116-1117-1118-1119-1120-1121-1122-1123-1179-1180-1181-1182-103
[2026-08-11 17:05:28.059458] [INFO] [path_server] 노드 업데이트 : [1112] ➜ [1113]
[2026-08-11 17:05:28.119382] [INFO] [path_server] 새로운 경로 설정 : path[1112 ➜ 103] time[0s] dist[24m] list[17] : 1112-1113-1114-1115-1116-1117-1118-1119-1120-1121-1122-1123-1179-1180-1181-1182-103
[2026-08-11 17:05:31.412796] [INFO] [path_server] 노드 업데이트 : [1113] ➜ [1114]
[2026-08-11 17:05:31.472709] [INFO] [path_server] 새로운 경로 설정 : path[1113 ➜ 103] time[0s] dist[22.5m] list[16] : 1113-1114-1115-1116-1117-1118-1119-1120-1121-1122-1123-1179-1180-1181-1182-103
[2026-08-11 17:05:32.550499] [INFO] [path_server] 노드 업데이트 : [1114] ➜ [1115]
[2026-08-11 17:05:32.610420] [INFO] [path_server] 새로운 경로 설정 : path[1114 ➜ 103] time[0s] dist[21m] list[15] : 1114-1115-1116-1117-1118-1119-1120-1121-1122-1123-1179-1180-1181-1182-103
[2026-08-11 17:05:33.368889] [INFO] [path_server] 노드 업데이트 : [1115] ➜ [1116]
[2026-08-11 17:05:33.448731] [INFO] [path_server] 새로운 경로 설정 : path[1115 ➜ 103] time[0s] dist[19.5m] list[14] : 1115-1116-1117-1118-1119-1120-1121-1122-1123-1179-1180-1181-1182-103
[2026-08-11 17:05:34.127266] [INFO] [path_server] 노드 업데이트 : [1116] ➜ [1117]
[2026-08-11 17:05:34.207216] [INFO] [path_server] 새로운 경로 설정 : path[1116 ➜ 103] time[0s] dist[18m] list[13] : 1116-1117-1118-1119-1120-1121-1122-1123-1179-1180-1181-1182-103
[2026-08-11 17:05:34.885744] [INFO] [path_server] 노드 업데이트 : [1117] ➜ [1118]
[2026-08-11 17:05:34.945644] [INFO] [path_server] 새로운 경로 설정 : path[1117 ➜ 103] time[0s] dist[16.5m] list[12] : 1117-1118-1119-1120-1121-1122-1123-1179-1180-1181-1182-103
[2026-08-11 17:05:35.624212] [INFO] [path_server] 노드 업데이트 : [1118] ➜ [1119]
[2026-08-11 17:05:35.704137] [INFO] [path_server] 새로운 경로 설정 : path[1118 ➜ 103] time[0s] dist[15m] list[11] : 1118-1119-1120-1121-1122-1123-1179-1180-1181-1182-103
[2026-08-11 17:05:36.382730] [INFO] [path_server] 노드 업데이트 : [1119] ➜ [1120]
[2026-08-11 17:05:36.442644] [INFO] [path_server] 새로운 경로 설정 : path[1119 ➜ 103] time[0s] dist[13.5m] list[10] : 1119-1120-1121-1122-1123-1179-1180-1181-1182-103
[2026-08-11 17:05:37.221073] [INFO] [path_server] 노드 업데이트 : [1120] ➜ [1121]
[2026-08-11 17:05:37.280986] [INFO] [path_server] 새로운 경로 설정 : path[1120 ➜ 103] time[0s] dist[12m] list[9] : 1120-1121-1122-1123-1179-1180-1181-1182-103
[2026-08-11 17:05:40.873995] [INFO] [path_server] 노드 업데이트 : [1121] ➜ [1122]
[2026-08-11 17:05:40.953899] [INFO] [path_server] 새로운 경로 설정 : path[1121 ➜ 103] time[0s] dist[10.5m] list[8] : 1121-1122-1123-1179-1180-1181-1182-103
[2026-08-11 17:05:42.231251] [INFO] [path_server] 노드 업데이트 : [1122] ➜ [1123]
[2026-08-11 17:05:42.291155] [INFO] [path_server] 새로운 경로 설정 : path[1122 ➜ 103] time[0s] dist[9m] list[7] : 1122-1123-1179-1180-1181-1182-103
[2026-08-11 17:05:43.289121] [INFO] [path_server] 노드 업데이트 : [1123] ➜ [1179]
[2026-08-11 17:05:43.368970] [INFO] [path_server] 새로운 경로 설정 : path[1123 ➜ 103] time[0s] dist[7.5m] list[6] : 1123-1179-1180-1181-1182-103
[2026-08-11 17:05:46.602607] [INFO] [path_server] 노드 업데이트 : [1179] ➜ [1180]
[2026-08-11 17:05:46.662501] [INFO] [path_server] 새로운 경로 설정 : path[1179 ➜ 103] time[0s] dist[6m] list[5] : 1179-1180-1181-1182-103
[2026-08-11 17:05:47.840184] [INFO] [path_server] 노드 업데이트 : [1180] ➜ [1181]
[2026-08-11 17:05:47.920050] [INFO] [path_server] 새로운 경로 설정 : path[1180 ➜ 103] time[0s] dist[4.5m] list[4] : 1180-1181-1182-103
[2026-08-11 17:05:48.718352] [INFO] [path_server] 노드 업데이트 : [1181] ➜ [1182]
[2026-08-11 17:05:48.798260] [INFO] [path_server] 새로운 경로 설정 : path[1181 ➜ 103] time[0s] dist[3m] list[3] : 1181-1182-103
[2026-08-11 17:05:50.035587] [INFO] [path_server] 노드 업데이트 : [1182] ➜ [103]
[2026-08-11 17:05:50.115513] [INFO] [path_server] 새로운 경로 설정 : path[1182 ➜ 103] time[0s] dist[1.5m] list[2] : 1182-103
[2026-08-11 17:05:55.245522] [INFO] [path_server] 노드 업데이트 : [103] ➜ [-1]
[2026-08-11 17:05:58.140295] [INFO] [course_tracker] 목적지에서 각도 정렬 : [5.500m 5.500m 0.000°]
[2026-08-11 17:05:58.180220] [INFO] [path_server] 노드 업데이트 : [103] ➜ [-1]
[2026-08-11 17:05:58.200148] [INFO] [task::fsm] push_done
[2026-08-11 17:05:58.260024] [INFO] [task::fsm] charging
[2026-08-11 17:05:58.260030] [INFO] [power_system] 충전 프로세스 시작
[2026-08-11 17:05:58.260039] [INFO] [health_monitor] [등록][100015, 100001] : 자동 충전 시작.
[2026-08-11 17:06:03.270597] [INFO] [health_monitor] [삭제][100015, 100001] : 자동 충전 시작.
[2026-08-11 17:06:15.306992] [INFO] [health_monitor] [삭제][100015, 200001] : 배터리 남은 양 - 주의
[2026-08-11 17:06:39.298595] [INFO] [power_system] 충전 완료
[2026-08-11 17:06:39.298610] [INFO] [health_monitor] [등록][100015, 100002] : 배터리 가득.
[2026-08-11 17:06:39.298612] [INFO] [health_monitor] [등록][100015, 100003] : 자동 충전 해제 시작.
[2026-08-11 17:06:44.309545] [INFO] [health_monitor] [삭제][100015, 100002] : 배터리 가득.
[2026-08-11 17:06:44.309552] [INFO] [health_monitor] [삭제][100015, 100003] : 자동 충전 해제 시작.
[2026-08-11 17:06:44.329536] [INFO] [power_system] 충전 해제 완료
[2026-08-11 17:06:44.329546] [INFO] [health_monitor] [등록][100015, 100004] : 자동 충전 해제 완료.
[2026-08-11 17:06:44.349496] [INFO] [task::fsm] discharging
[2026-08-11 17:06:44.349504] [INFO] [power_system] 충전 해제 프로세스 시작
[2026-08-11 17:06:44.349512] [INFO] [health_monitor] [등록][100015, 100003] : 자동 충전 해제 시작.
[2026-08-11 17:06:44.369409] [INFO] [task::fsm] idle
[2026-08-11 17:06:44.369416] [INFO] [path_server] 경로 삭제
[2026-08-11 17:06:44.369414] [INFO] [course_manager] 코스 삭제
[2026-08-11 17:06:44.409375] [INFO] [task::fsm] idle
[2026-08-11 17:06:44.409382] [INFO] [path_server] 경로 삭제
[2026-08-11 17:06:44.409380] [INFO] [course_manager] 코스 삭제
[2026-08-11 17:06:49.339635] [INFO] [health_monitor] [삭제][100015, 100004] : 자동 충전 해제 완료.
[2026-08-11 17:06:49.359638] [INFO] [health_monitor] [삭제][100015, 100003] : 자동 충전 해제 시작.
[2026-08-11 17:07:06.844478] [INFO] [path_server] 새로운 경로 설정 : path[103 ➜ 203] time[0s] dist[19.5m] list[14] : 103-1182-1183-1184-1045-1040-1041-1042-1112-1113-1114-1115-1116-203
[2026-08-11 17:07:14.009672] [INFO] [path_server] 노드 업데이트 : [1182] ➜ [1183]
[2026-08-11 17:07:14.069577] [INFO] [path_server] 새로운 경로 설정 : path[1182 ➜ 203] time[0s] dist[18m] list[13] : 1182-1183-1184-1045-1040-1041-1042-1112-1113-1114-1115-1116-203
[2026-08-11 17:07:17.622353] [INFO] [path_server] 노드 업데이트 : [1183] ➜ [1184]
[2026-08-11 17:07:17.702270] [INFO] [path_server] 새로운 경로 설정 : path[1183 ➜ 203] time[0s] dist[16.5m] list[12] : 1183-1184-1045-1040-1041-1042-1112-1113-1114-1115-1116-203
[2026-08-11 17:07:18.740116] [INFO] [path_server] 노드 업데이트 : [1184] ➜ [1045]
[2026-08-11 17:07:18.800041] [INFO] [path_server] 새로운 경로 설정 : path[1184 ➜ 203] time[0s] dist[15m] list[11] : 1184-1045-1040-1041-1042-1112-1113-1114-1115-1116-203
[2026-08-11 17:07:19.578418] [INFO] [path_server] 노드 업데이트 : [1045] ➜ [1040]
[2026-08-11 17:07:19.638325] [INFO] [path_server] 새로운 경로 설정 : path[1045 ➜ 203] time[0s] dist[13.5m] list[10] : 1045-1040-1041-1042-1112-1113-1114-1115-1116-203
[2026-08-11 17:07:20.875780] [INFO] [path_server] 노드 업데이트 : [1040] ➜ [1041]
[2026-08-11 17:07:20.935680] [INFO] [path_server] 새로운 경로 설정 : path[1040 ➜ 203] time[0s] dist[12m] list[9] : 1040-1041-1042-1112-1113-1114-1115-1116-203
[2026-08-11 17:07:24.249214] [INFO] [path_server] 노드 업데이트 : [1041] ➜ [1042]
[2026-08-11 17:07:24.329121] [INFO] [path_server] 새로운 경로 설정 : path[1041 ➜ 203] time[0s] dist[10.5m] list[8] : 1041-1042-1112-1113-1114-1115-1116-203
[2026-08-11 17:07:25.386863] [INFO] [path_server] 노드 업데이트 : [1042] ➜ [1112]
[2026-08-11 17:07:25.466769] [INFO] [path_server] 새로운 경로 설정 : path[1042 ➜ 203] time[0s] dist[9m] list[7] : 1042-1112-1113-1114-1115-1116-203
[2026-08-11 17:07:26.724199] [INFO] [path_server] 노드 업데이트 : [1112] ➜ [1113]
[2026-08-11 17:07:26.804062] [INFO] [path_server] 새로운 경로 설정 : path[1112 ➜ 203] time[0s] dist[7.5m] list[6] : 1112-1113-1114-1115-1116-203
[2026-08-11 17:07:30.057354] [INFO] [path_server] 노드 업데이트 : [1113] ➜ [1114]
[2026-08-11 17:07:30.137270] [INFO] [path_server] 새로운 경로 설정 : path[1113 ➜ 203] time[0s] dist[6m] list[5] : 1113-1114-1115-1116-203
[2026-08-11 17:07:31.194992] [INFO] [path_server] 노드 업데이트 : [1114] ➜ [1115]
[2026-08-11 17:07:31.274895] [INFO] [path_server] 새로운 경로 설정 : path[1114 ➜ 203] time[0s] dist[4.5m] list[4] : 1114-1115-1116-203
[2026-08-11 17:07:32.013298] [INFO] [path_server] 노드 업데이트 : [1115] ➜ [1116]
[2026-08-11 17:07:32.073358] [INFO] [path_server] 새로운 경로 설정 : path[1115 ➜ 203] time[0s] dist[3m] list[3] : 1115-1116-203
[2026-08-11 17:07:33.350908] [INFO] [path_server] 노드 업데이트 : [1116] ➜ [203]
[2026-08-11 17:07:33.430764] [INFO] [path_server] 새로운 경로 설정 : path[1116 ➜ 203] time[0s] dist[1.5m] list[2] : 1116-203
[2026-08-11 17:07:38.599999] [INFO] [path_server] 노드 업데이트 : [203] ➜ [-1]
[2026-08-11 17:07:41.494247] [INFO] [course_tracker] 목적지에서 각도 정렬 : [1.000m 5.500m 0.000°]
[2026-08-11 17:07:41.534115] [INFO] [path_server] 노드 업데이트 : [203] ➜ [-1]
[2026-08-11 17:07:41.554118] [INFO] [task::fsm] push_done
[2026-08-11 17:07:41.613988] [INFO] [task::fsm] idle
[2026-08-11 17:07:41.613994] [INFO] [path_server] 경로 삭제
[2026-08-11 17:07:41.613993] [INFO] [course_manager] 코스 삭제
[2026-08-11 17:08:11.695090] [INFO] [path_server] 새로운 경로 설정 : path[203 ➜ 110] time[0s] dist[46.5m] list[32] : 203-1116-1117-1118-1119-1120-1121-1122-1123-1179-1180-1181-1182-1183-1184-1045-1046-1047-1048-1001-1002-1003-1004-1005-1006-1021-1022-1007-1167-1168-1169-110
[2026-08-11 17:08:16.585197] [INFO] [path_server] 노드 업데이트 : [1116] ➜ [1117]
[2026-08-11 17:08:16.665102] [INFO] [path_server] 새로운 경로 설정 : path[1116 ➜ 110] time[0s] dist[45m] list[31] : 1116-1117-1118-1119-1120-1121-1122-1123-1179-1180-1181-1182-1183-1184-1045-1046-1047-1048-1001-1002-1003-1004-1005-1006-1021-1022-1007-1167-1168-1169-110
[2026-08-11 17:08:20.198100] [INFO] [path_server] 노드 업데이트 : [1117] ➜ [1118]
[2026-08-11 17:08:20.258039] [INFO] [path_server] 새로운 경로 설정 : path[1117 ➜ 110] time[0s] dist[43.5m] list[30] : 1117-1118-1119-1120-1121-1122-1123-1179-1180-1181-1182-1183-1184-1045-1046-1047-1048-1001-1002-1003-1004-1005-1006-1021-1022-1007-1167-1168-1169-110
[2026-08-11 17:08:21.335736] [INFO] [path_server] 노드 업데이트 : [1118] ➜ [1119]
[2026-08-11 17:08:21.395634] [INFO] [path_server] 새로운 경로 설정 : path[1118 ➜ 110] time[0s] dist[42m] list[29] : 1118-1119-1120-1121-1122-1123-1179-1180-1181-1182-1183-1184-1045-1046-1047-1048-1001-1002-1003-1004-1005-1006-1021-1022-1007-1167-1168-1169-110
[2026-08-11 17:08:22.154083] [INFO] [path_server] 노드 업데이트 : [1119] ➜ [1120]
[2026-08-11 17:08:22.233992] [INFO] [path_server] 새로운 경로 설정 : path[1119 ➜ 110] time[0s] dist[40.5m] list[28] : 1119-1120-1121-1122-1123-1179-1180-1181-1182-1183-1184-1045-1046-1047-1048-1001-1002-1003-1004-1005-1006-1021-1022-1007-1167-1168-1169-110
[2026-08-11 17:08:23.012370] [INFO] [path_server] 노드 업데이트 : [1120] ➜ [1121]
[2026-08-11 17:08:23.072253] [INFO] [path_server] 새로운 경로 설정 : path[1120 ➜ 110] time[0s] dist[39m] list[27] : 1120-1121-1122-1123-1179-1180-1181-1182-1183-1184-1045-1046-1047-1048-1001-1002-1003-1004-1005-1006-1021-1022-1007-1167-1168-1169-110
[2026-08-11 17:08:26.684947] [INFO] [path_server] 노드 업데이트 : [1121] ➜ [1122]
[2026-08-11 17:08:26.764826] [INFO] [path_server] 새로운 경로 설정 : path[1121 ➜ 110] time[0s] dist[37.5m] list[26] : 1121-1122-1123-1179-1180-1181-1182-1183-1184-1045-1046-1047-1048-1001-1002-1003-1004-1005-1006-1021-1022-1007-1167-1168-1169-110
[2026-08-11 17:08:28.042187] [INFO] [path_server] 노드 업데이트 : [1122] ➜ [1123]
[2026-08-11 17:08:28.122248] [INFO] [path_server] 새로운 경로 설정 : path[1122 ➜ 110] time[0s] dist[36m] list[25] : 1122-1123-1179-1180-1181-1182-1183-1184-1045-1046-1047-1048-1001-1002-1003-1004-1005-1006-1021-1022-1007-1167-1168-1169-110
[2026-08-11 17:08:29.100204] [INFO] [path_server] 노드 업데이트 : [1123] ➜ [1179]
[2026-08-11 17:08:29.160118] [INFO] [path_server] 새로운 경로 설정 : path[1123 ➜ 110] time[0s] dist[34.5m] list[24] : 1123-1179-1180-1181-1182-1183-1184-1045-1046-1047-1048-1001-1002-1003-1004-1005-1006-1021-1022-1007-1167-1168-1169-110
[2026-08-11 17:08:34.748869] [INFO] [path_server] 노드 업데이트 : [1179] ➜ [1180]
[2026-08-11 17:08:34.828820] [INFO] [path_server] 새로운 경로 설정 : path[1179 ➜ 110] time[0s] dist[33m] list[23] : 1179-1180-1181-1182-1183-1184-1045-1046-1047-1048-1001-1002-1003-1004-1005-1006-1021-1022-1007-1167-1168-1169-110
[2026-08-11 17:08:49.440941] [INFO] [path_server] 노드 업데이트 : [1180] ➜ [1181]
[2026-08-11 17:08:49.501080] [INFO] [path_server] 새로운 경로 설정 : path[1180 ➜ 110] time[0s] dist[31.5m] list[22] : 1180-1181-1182-1183-1184-1045-1046-1047-1048-1001-1002-1003-1004-1005-1006-1021-1022-1007-1167-1168-1169-110
[2026-08-11 17:08:51.816482] [INFO] [path_server] 노드 업데이트 : [1181] ➜ [1182]
[2026-08-11 17:08:51.876393] [INFO] [path_server] 새로운 경로 설정 : path[1181 ➜ 110] time[0s] dist[30m] list[21] : 1181-1182-1183-1184-1045-1046-1047-1048-1001-1002-1003-1004-1005-1006-1021-1022-1007-1167-1168-1169-110
[2026-08-11 17:08:54.251524] [INFO] [path_server] 노드 업데이트 : [1182] ➜ [1183]
[2026-08-11 17:08:54.331386] [INFO] [path_server] 새로운 경로 설정 : path[1182 ➜ 110] time[0s] dist[28.5m] list[20] : 1182-1183-1184-1045-1046-1047-1048-1001-1002-1003-1004-1005-1006-1021-1022-1007-1167-1168-1169-110
[2026-08-11 17:08:56.107690] [INFO] [path_server] 노드 업데이트 : [1183] ➜ [1184]
[2026-08-11 17:08:56.187563] [INFO] [path_server] 새로운 경로 설정 : path[1183 ➜ 110] time[0s] dist[27m] list[19] : 1183-1184-1045-1046-1047-1048-1001-1002-1003-1004-1005-1006-1021-1022-1007-1167-1168-1169-110
[2026-08-11 17:08:58.862244] [INFO] [path_server] 노드 업데이트 : [1184] ➜ [1045]
[2026-08-11 17:08:58.942126] [INFO] [path_server] 새로운 경로 설정 : path[1184 ➜ 110] time[0s] dist[25.5m] list[18] : 1184-1045-1046-1047-1048-1001-1002-1003-1004-1005-1006-1021-1022-1007-1167-1168-1169-110
[2026-08-11 17:09:00.359281] [INFO] [path_server] 노드 업데이트 : [1045] ➜ [1046]
[2026-08-11 17:09:00.439149] [INFO] [path_server] 새로운 경로 설정 : path[1045 ➜ 110] time[0s] dist[24m] list[17] : 1045-1046-1047-1048-1001-1002-1003-1004-1005-1006-1021-1022-1007-1167-1168-1169-110
[2026-08-11 17:09:03.712485] [INFO] [path_server] 노드 업데이트 : [1046] ➜ [1047]
[2026-08-11 17:09:03.772410] [INFO] [path_server] 새로운 경로 설정 : path[1046 ➜ 110] time[0s] dist[22.5m] list[16] : 1046-1047-1048-1001-1002-1003-1004-1005-1006-1021-1022-1007-1167-1168-1169-110
[2026-08-11 17:09:05.568918] [INFO] [path_server] 노드 업데이트 : [1047] ➜ [1048]
[2026-08-11 17:09:05.628850] [INFO] [path_server] 새로운 경로 설정 : path[1047 ➜ 110] time[0s] dist[21m] list[15] : 1047-1048-1001-1002-1003-1004-1005-1006-1021-1022-1007-1167-1168-1169-110
[2026-08-11 17:09:08.802999] [INFO] [path_server] 노드 업데이트 : [1048] ➜ [1001]
[2026-08-11 17:09:08.863227] [INFO] [path_server] 새로운 경로 설정 : path[1048 ➜ 110] time[0s] dist[19.5m] list[14] : 1048-1001-1002-1003-1004-1005-1006-1021-1022-1007-1167-1168-1169-110
[2026-08-11 17:09:13.633502] [INFO] [path_server] 노드 업데이트 : [1001] ➜ [1002]
[2026-08-11 17:09:13.713346] [INFO] [path_server] 새로운 경로 설정 : path[1001 ➜ 110] time[0s] dist[18m] list[13] : 1001-1002-1003-1004-1005-1006-1021-1022-1007-1167-1168-1169-110
[2026-08-11 17:09:47.869166] [INFO] [path_server] 노드 업데이트 : [1002] ➜ [1003]
[2026-08-11 17:09:47.949098] [INFO] [path_server] 새로운 경로 설정 : path[1002 ➜ 110] time[0s] dist[16.5m] list[12] : 1002-1003-1004-1005-1006-1021-1022-1007-1167-1168-1169-110
[2026-08-11 17:09:57.590131] [INFO] [path_server] 새로운 경로 설정 : path[1003 ➜ 207] time[0s] dist[25.5m] list[19] : 1002-1003-1004-1005-1006-1021-1022-1023-1024-1025-1026-1027-1028-1148-1077-1078-1079-1080-207
[2026-08-11 17:10:17.849083] [INFO] [path_server] 노드 업데이트 : [1003] ➜ [1004]
[2026-08-11 17:10:17.928947] [INFO] [path_server] 새로운 경로 설정 : path[1003 ➜ 207] time[0s] dist[25.5m] list[18] : 1003-1004-1005-1006-1021-1022-1023-1024-1025-1026-1027-1028-1148-1077-1078-1079-1080-207
[2026-08-11 17:10:19.186410] [INFO] [path_server] 노드 업데이트 : [1004] ➜ [1005]
[2026-08-11 17:10:19.246345] [INFO] [path_server] 새로운 경로 설정 : path[1004 ➜ 207] time[0s] dist[24m] list[17] : 1004-1005-1006-1021-1022-1023-1024-1025-1026-1027-1028-1148-1077-1078-1079-1080-207
[2026-08-11 17:10:20.064817] [INFO] [path_server] 노드 업데이트 : [1005] ➜ [1006]
[2026-08-11 17:10:20.164610] [INFO] [path_server] 새로운 경로 설정 : path[1005 ➜ 207] time[0s] dist[22.5m] list[16] : 1005-1006-1021-1022-1023-1024-1025-1026-1027-1028-1148-1077-1078-1079-1080-207
[2026-08-11 17:10:20.823310] [INFO] [path_server] 노드 업데이트 : [1006] ➜ [1021]
[2026-08-11 17:10:20.903188] [INFO] [path_server] 새로운 경로 설정 : path[1006 ➜ 207] time[0s] dist[21m] list[15] : 1006-1021-1022-1023-1024-1025-1026-1027-1028-1148-1077-1078-1079-1080-207
[2026-08-11 17:10:21.561782] [INFO] [path_server] 노드 업데이트 : [1021] ➜ [1022]
[2026-08-11 17:10:21.621691] [INFO] [path_server] 새로운 경로 설정 : path[1021 ➜ 207] time[0s] dist[19.5m] list[14] : 1021-1022-1023-1024-1025-1026-1027-1028-1148-1077-1078-1079-1080-207
[2026-08-11 17:10:22.320271] [INFO] [path_server] 노드 업데이트 : [1022] ➜ [1023]
[2026-08-11 17:10:22.400120] [INFO] [path_server] 새로운 경로 설정 : path[1022 ➜ 207] time[0s] dist[18m] list[13] : 1022-1023-1024-1025-1026-1027-1028-1148-1077-1078-1079-1080-207
[2026-08-11 17:10:23.078664] [INFO] [path_server] 노드 업데이트 : [1023] ➜ [1024]
[2026-08-11 17:10:23.158595] [INFO] [path_server] 새로운 경로 설정 : path[1023 ➜ 207] time[0s] dist[16.5m] list[12] : 1023-1024-1025-1026-1027-1028-1148-1077-1078-1079-1080-207
[2026-08-11 17:10:23.817402] [INFO] [path_server] 노드 업데이트 : [1024] ➜ [1025]
[2026-08-11 17:10:23.897343] [INFO] [path_server] 새로운 경로 설정 : path[1024 ➜ 207] time[0s] dist[15m] list[11] : 1024-1025-1026-1027-1028-1148-1077-1078-1079-1080-207
[2026-08-11 17:10:24.576000] [INFO] [path_server] 노드 업데이트 : [1025] ➜ [1026]
[2026-08-11 17:10:24.655911] [INFO] [path_server] 새로운 경로 설정 : path[1025 ➜ 207] time[0s] dist[13.5m] list[10] : 1025-1026-1027-1028-1148-1077-1078-1079-1080-207
[2026-08-11 17:10:25.314562] [INFO] [path_server] 노드 업데이트 : [1026] ➜ [1027]
[2026-08-11 17:10:25.394430] [INFO] [path_server] 새로운 경로 설정 : path[1026 ➜ 207] time[0s] dist[12m] list[9] : 1026-1027-1028-1148-1077-1078-1079-1080-207
[2026-08-11 17:10:26.073013] [INFO] [path_server] 노드 업데이트 : [1027] ➜ [1028]
[2026-08-11 17:10:26.152932] [INFO] [path_server] 새로운 경로 설정 : path[1027 ➜ 207] time[0s] dist[10.5m] list[8] : 1027-1028-1148-1077-1078-1079-1080-207
[2026-08-11 17:10:26.811683] [INFO] [path_server] 노드 업데이트 : [1028] ➜ [1148]
[2026-08-11 17:10:26.891521] [INFO] [path_server] 새로운 경로 설정 : path[1028 ➜ 207] time[0s] dist[9m] list[7] : 1028-1148-1077-1078-1079-1080-207
[2026-08-11 17:10:28.149223] [INFO] [path_server] 노드 업데이트 : [1148] ➜ [1077]
[2026-08-11 17:10:28.209117] [INFO] [path_server] 새로운 경로 설정 : path[1148 ➜ 207] time[0s] dist[7.5m] list[6] : 1148-1077-1078-1079-1080-207
[2026-08-11 17:10:31.502593] [INFO] [path_server] 노드 업데이트 : [1077] ➜ [1078]
[2026-08-11 17:10:31.562527] [INFO] [path_server] 새로운 경로 설정 : path[1077 ➜ 207] time[0s] dist[6m] list[5] : 1077-1078-1079-1080-207
[2026-08-11 17:10:32.640334] [INFO] [path_server] 노드 업데이트 : [1078] ➜ [1079]
[2026-08-11 17:10:32.720209] [INFO] [path_server] 새로운 경로 설정 : path[1078 ➜ 207] time[0s] dist[4.5m] list[4] : 1078-1079-1080-207
[2026-08-11 17:10:33.458665] [INFO] [path_server] 노드 업데이트 : [1079] ➜ [1080]
[2026-08-11 17:10:33.518569] [INFO] [path_server] 새로운 경로 설정 : path[1079 ➜ 207] time[0s] dist[3m] list[3] : 1079-1080-207
[2026-08-11 17:10:34.795913] [INFO] [path_server] 노드 업데이트 : [1080] ➜ [207]
[2026-08-11 17:10:34.875822] [INFO] [path_server] 새로운 경로 설정 : path[1080 ➜ 207] time[0s] dist[1.5m] list[2] : 1080-207
[2026-08-11 17:10:40.025655] [INFO] [path_server] 노드 업데이트 : [207] ➜ [-1]
[2026-08-11 17:10:40.943839] [INFO] [health_monitor] [등록][100015, 200001] : 배터리 남은 양 - 주의
[2026-08-11 17:10:42.920058] [INFO] [course_tracker] 목적지에서 각도 정렬 : [35.500m 16.000m 0.000°]
[2026-08-11 17:10:42.959963] [INFO] [path_server] 노드 업데이트 : [207] ➜ [-1]
[2026-08-11 17:10:42.979919] [INFO] [task::fsm] push_done
[2026-08-11 17:10:43.039771] [INFO] [task::fsm] idle
[2026-08-11 17:10:43.039777] [INFO] [course_manager] 코스 삭제
[2026-08-11 17:10:43.039790] [INFO] [path_server] 경로 삭제
[2026-08-11 17:10:52.762359] [INFO] [path_server] 새로운 경로 설정 : path[207 ➜ 110] time[0s] dist[34.5m] list[24] : 207-1080-1081-1082-1083-1084-1085-1086-1173-1174-1175-1176-1177-1178-1030-1031-1032-1033-1034-1007-1167-1168-1169-110
[2026-08-11 17:10:57.652647] [INFO] [path_server] 노드 업데이트 : [1080] ➜ [1081]
[2026-08-11 17:10:57.732588] [INFO] [path_server] 새로운 경로 설정 : path[1080 ➜ 110] time[0s] dist[33m] list[23] : 1080-1081-1082-1083-1084-1085-1086-1173-1174-1175-1176-1177-1178-1030-1031-1032-1033-1034-1007-1167-1168-1169-110
[2026-08-11 17:11:01.286019] [INFO] [path_server] 노드 업데이트 : [1081] ➜ [1082]
[2026-08-11 17:11:01.365972] [INFO] [path_server] 새로운 경로 설정 : path[1081 ➜ 110] time[0s] dist[31.5m] list[22] : 1081-1082-1083-1084-1085-1086-1173-1174-1175-1176-1177-1178-1030-1031-1032-1033-1034-1007-1167-1168-1169-110
[2026-08-11 17:11:02.403819] [INFO] [path_server] 노드 업데이트 : [1082] ➜ [1083]
[2026-08-11 17:11:02.463727] [INFO] [path_server] 새로운 경로 설정 : path[1082 ➜ 110] time[0s] dist[30m] list[21] : 1082-1083-1084-1085-1086-1173-1174-1175-1176-1177-1178-1030-1031-1032-1033-1034-1007-1167-1168-1169-110
[2026-08-11 17:11:03.222178] [INFO] [path_server] 노드 업데이트 : [1083] ➜ [1084]
[2026-08-11 17:11:03.302085] [INFO] [path_server] 새로운 경로 설정 : path[1083 ➜ 110] time[0s] dist[28.5m] list[20] : 1083-1084-1085-1086-1173-1174-1175-1176-1177-1178-1030-1031-1032-1033-1034-1007-1167-1168-1169-110
[2026-08-11 17:11:04.639258] [INFO] [path_server] 노드 업데이트 : [1084] ➜ [1085]
[2026-08-11 17:11:04.719193] [INFO] [path_server] 새로운 경로 설정 : path[1084 ➜ 110] time[0s] dist[27m] list[19] : 1084-1085-1086-1173-1174-1175-1176-1177-1178-1030-1031-1032-1033-1034-1007-1167-1168-1169-110
[2026-08-11 17:11:08.092337] [INFO] [path_server] 노드 업데이트 : [1085] ➜ [1086]
[2026-08-11 17:11:08.152266] [INFO] [path_server] 새로운 경로 설정 : path[1085 ➜ 110] time[0s] dist[25.5m] list[18] : 1085-1086-1173-1174-1175-1176-1177-1178-1030-1031-1032-1033-1034-1007-1167-1168-1169-110
[2026-08-11 17:11:09.529473] [INFO] [path_server] 노드 업데이트 : [1086] ➜ [1173]
[2026-08-11 17:11:09.589389] [INFO] [path_server] 새로운 경로 설정 : path[1086 ➜ 110] time[0s] dist[24m] list[17] : 1086-1173-1174-1175-1176-1177-1178-1030-1031-1032-1033-1034-1007-1167-1168-1169-110
[2026-08-11 17:11:12.942748] [INFO] [path_server] 노드 업데이트 : [1173] ➜ [1174]
[2026-08-11 17:11:13.022697] [INFO] [path_server] 새로운 경로 설정 : path[1173 ➜ 110] time[0s] dist[22.5m] list[16] : 1173-1174-1175-1176-1177-1178-1030-1031-1032-1033-1034-1007-1167-1168-1169-110
[2026-08-11 17:11:14.040569] [INFO] [path_server] 노드 업데이트 : [1174] ➜ [1175]
[2026-08-11 17:11:14.120507] [INFO] [path_server] 새로운 경로 설정 : path[1174 ➜ 110] time[0s] dist[21m] list[15] : 1174-1175-1176-1177-1178-1030-1031-1032-1033-1034-1007-1167-1168-1169-110
[2026-08-11 17:11:14.859095] [INFO] [path_server] 노드 업데이트 : [1175] ➜ [1176]
[2026-08-11 17:11:14.939030] [INFO] [path_server] 새로운 경로 설정 : path[1175 ➜ 110] time[0s] dist[19.5m] list[14] : 1175-1176-1177-1178-1030-1031-1032-1033-1034-1007-1167-1168-1169-110
[2026-08-11 17:11:15.617696] [INFO] [path_server] 노드 업데이트 : [1176] ➜ [1177]
[2026-08-11 17:11:15.677638] [INFO] [path_server] 새로운 경로 설정 : path[1176 ➜ 110] time[0s] dist[18m] list[13] : 1176-1177-1178-1030-1031-1032-1033-1034-1007-1167-1168-1169-110
[2026-08-11 17:11:16.356239] [INFO] [path_server] 노드 업데이트 : [1177] ➜ [1178]
[2026-08-11 17:11:16.436198] [INFO] [path_server] 새로운 경로 설정 : path[1177 ➜ 110] time[0s] dist[16.5m] list[12] : 1177-1178-1030-1031-1032-1033-1034-1007-1167-1168-1169-110
[2026-08-11 17:11:17.114897] [INFO] [path_server] 노드 업데이트 : [1178] ➜ [1030]
[2026-08-11 17:11:17.174841] [INFO] [path_server] 새로운 경로 설정 : path[1178 ➜ 110] time[0s] dist[15m] list[11] : 1178-1030-1031-1032-1033-1034-1007-1167-1168-1169-110
[2026-08-11 17:11:18.432478] [INFO] [path_server] 노드 업데이트 : [1030] ➜ [1031]
[2026-08-11 17:11:18.492415] [INFO] [path_server] 새로운 경로 설정 : path[1030 ➜ 110] time[0s] dist[13.5m] list[10] : 1030-1031-1032-1033-1034-1007-1167-1168-1169-110
[2026-08-11 17:11:21.805911] [INFO] [path_server] 노드 업데이트 : [1031] ➜ [1032]
[2026-08-11 17:11:21.885823] [INFO] [path_server] 새로운 경로 설정 : path[1031 ➜ 110] time[0s] dist[12m] list[9] : 1031-1032-1033-1034-1007-1167-1168-1169-110
[2026-08-11 17:11:23.003592] [INFO] [path_server] 노드 업데이트 : [1032] ➜ [1033]
[2026-08-11 17:11:23.083545] [INFO] [path_server] 새로운 경로 설정 : path[1032 ➜ 110] time[0s] dist[10.5m] list[8] : 1032-1033-1034-1007-1167-1168-1169-110
[2026-08-11 17:11:24.520773] [INFO] [path_server] 노드 업데이트 : [1033] ➜ [1034]
[2026-08-11 17:11:25.678521] [INFO] [path_server] 노드 업데이트 : [1034] ➜ [1007]
[2026-08-11 17:11:25.758432] [INFO] [path_server] 새로운 경로 설정 : path[-1 ➜ -1] time[0s] dist[0m] list[0] : 
[2026-08-11 17:11:38.093476] [INFO] [path_server] 새로운 경로 설정 : path[1034 ➜ 104] time[0s] dist[45m] list[31] : 1034-1007-1008-1009-1010-1011-1012-1035-1036-1037-1038-1039-1040-1041-1042-1112-1113-1114-1115-1116-1117-1118-1119-1120-1121-1122-1123-1179-1180-1181-104
[2026-08-11 17:11:40.448555] [INFO] [path_server] 노드 업데이트 : [1007] ➜ [1008]
[2026-08-11 17:11:40.528488] [INFO] [path_server] 새로운 경로 설정 : path[1007 ➜ 104] time[0s] dist[43.5m] list[30] : 1007-1008-1009-1010-1011-1012-1035-1036-1037-1038-1039-1040-1041-1042-1112-1113-1114-1115-1116-1117-1118-1119-1120-1121-1122-1123-1179-1180-1181-104
[2026-08-11 17:11:41.506592] [INFO] [path_server] 노드 업데이트 : [1008] ➜ [1009]
[2026-08-11 17:11:41.566513] [INFO] [path_server] 새로운 경로 설정 : path[1008 ➜ 104] time[0s] dist[42m] list[29] : 1008-1009-1010-1011-1012-1035-1036-1037-1038-1039-1040-1041-1042-1112-1113-1114-1115-1116-1117-1118-1119-1120-1121-1122-1123-1179-1180-1181-104
[2026-08-11 17:11:42.285076] [INFO] [path_server] 노드 업데이트 : [1009] ➜ [1010]
[2026-08-11 17:11:42.344937] [INFO] [path_server] 새로운 경로 설정 : path[1009 ➜ 104] time[0s] dist[40.5m] list[28] : 1009-1010-1011-1012-1035-1036-1037-1038-1039-1040-1041-1042-1112-1113-1114-1115-1116-1117-1118-1119-1120-1121-1122-1123-1179-1180-1181-104
[2026-08-11 17:11:43.043486] [INFO] [path_server] 노드 업데이트 : [1010] ➜ [1011]
[2026-08-11 17:11:43.123362] [INFO] [path_server] 새로운 경로 설정 : path[1010 ➜ 104] time[0s] dist[39m] list[27] : 1010-1011-1012-1035-1036-1037-1038-1039-1040-1041-1042-1112-1113-1114-1115-1116-1117-1118-1119-1120-1121-1122-1123-1179-1180-1181-104
[2026-08-11 17:11:43.801915] [INFO] [path_server] 노드 업데이트 : [1011] ➜ [1012]
[2026-08-11 17:11:43.881901] [INFO] [path_server] 새로운 경로 설정 : path[1011 ➜ 104] time[0s] dist[37.5m] list[26] : 1011-1012-1035-1036-1037-1038-1039-1040-1041-1042-1112-1113-1114-1115-1116-1117-1118-1119-1120-1121-1122-1123-1179-1180-1181-104
[2026-08-11 17:11:44.540527] [INFO] [path_server] 노드 업데이트 : [1012] ➜ [1035]
[2026-08-11 17:11:44.600426] [INFO] [path_server] 새로운 경로 설정 : path[1012 ➜ 104] time[0s] dist[36m] list[25] : 1012-1035-1036-1037-1038-1039-1040-1041-1042-1112-1113-1114-1115-1116-1117-1118-1119-1120-1121-1122-1123-1179-1180-1181-104
[2026-08-11 17:11:45.299006] [INFO] [path_server] 노드 업데이트 : [1035] ➜ [1036]
[2026-08-11 17:11:45.378847] [INFO] [path_server] 새로운 경로 설정 : path[1035 ➜ 104] time[0s] dist[34.5m] list[24] : 1035-1036-1037-1038-1039-1040-1041-1042-1112-1113-1114-1115-1116-1117-1118-1119-1120-1121-1122-1123-1179-1180-1181-104
[2026-08-11 17:11:46.037526] [INFO] [path_server] 노드 업데이트 : [1036] ➜ [1037]
[2026-08-11 17:11:46.097437] [INFO] [path_server] 새로운 경로 설정 : path[1036 ➜ 104] time[0s] dist[33m] list[23] : 1036-1037-1038-1039-1040-1041-1042-1112-1113-1114-1115-1116-1117-1118-1119-1120-1121-1122-1123-1179-1180-1181-104
[2026-08-11 17:11:46.795939] [INFO] [path_server] 노드 업데이트 : [1037] ➜ [1038]
[2026-08-11 17:11:46.875796] [INFO] [path_server] 새로운 경로 설정 : path[1037 ➜ 104] time[0s] dist[31.5m] list[22] : 1037-1038-1039-1040-1041-1042-1112-1113-1114-1115-1116-1117-1118-1119-1120-1121-1122-1123-1179-1180-1181-104
[2026-08-11 17:11:47.554363] [INFO] [path_server] 노드 업데이트 : [1038] ➜ [1039]
[2026-08-11 17:11:47.634338] [INFO] [path_server] 새로운 경로 설정 : path[1038 ➜ 104] time[0s] dist[30m] list[21] : 1038-1039-1040-1041-1042-1112-1113-1114-1115-1116-1117-1118-1119-1120-1121-1122-1123-1179-1180-1181-104
[2026-08-11 17:11:48.292958] [INFO] [path_server] 노드 업데이트 : [1039] ➜ [1040]
[2026-08-11 17:11:48.372841] [INFO] [path_server] 새로운 경로 설정 : path[1039 ➜ 104] time[0s] dist[28.5m] list[20] : 1039-1040-1041-1042-1112-1113-1114-1115-1116-1117-1118-1119-1120-1121-1122-1123-1179-1180-1181-104
[2026-08-11 17:11:49.051367] [INFO] [path_server] 노드 업데이트 : [1040] ➜ [1041]
[2026-08-11 17:11:49.131296] [INFO] [path_server] 새로운 경로 설정 : path[1040 ➜ 104] time[0s] dist[27m] list[19] : 1040-1041-1042-1112-1113-1114-1115-1116-1117-1118-1119-1120-1121-1122-1123-1179-1180-1181-104
[2026-08-11 17:11:49.789995] [INFO] [path_server] 노드 업데이트 : [1041] ➜ [1042]
[2026-08-11 17:11:49.869852] [INFO] [path_server] 새로운 경로 설정 : path[1041 ➜ 104] time[0s] dist[25.5m] list[18] : 1041-1042-1112-1113-1114-1115-1116-1117-1118-1119-1120-1121-1122-1123-1179-1180-1181-104
[2026-08-11 17:11:50.548429] [INFO] [path_server] 노드 업데이트 : [1042] ➜ [1112]
[2026-08-11 17:11:50.628390] [INFO] [path_server] 새로운 경로 설정 : path[1042 ➜ 104] time[0s] dist[24m] list[17] : 1042-1112-1113-1114-1115-1116-1117-1118-1119-1120-1121-1122-1123-1179-1180-1181-104
[2026-08-11 17:11:51.865894] [INFO] [path_server] 노드 업데이트 : [1112] ➜ [1113]
[2026-08-11 17:11:51.945772] [INFO] [path_server] 새로운 경로 설정 : path[1112 ➜ 104] time[0s] dist[22.5m] list[16] : 1112-1113-1114-1115-1116-1117-1118-1119-1120-1121-1122-1123-1179-1180-1181-104
[2026-08-11 17:11:55.219173] [INFO] [path_server] 노드 업데이트 : [1113] ➜ [1114]
[2026-08-11 17:11:55.299125] [INFO] [path_server] 새로운 경로 설정 : path[1113 ➜ 104] time[0s] dist[21m] list[15] : 1113-1114-1115-1116-1117-1118-1119-1120-1121-1122-1123-1179-1180-1181-104
[2026-08-11 17:11:56.356886] [INFO] [path_server] 노드 업데이트 : [1114] ➜ [1115]
[2026-08-11 17:11:56.436772] [INFO] [path_server] 새로운 경로 설정 : path[1114 ➜ 104] time[0s] dist[19.5m] list[14] : 1114-1115-1116-1117-1118-1119-1120-1121-1122-1123-1179-1180-1181-104
[2026-08-11 17:11:57.175331] [INFO] [path_server] 노드 업데이트 : [1115] ➜ [1116]
[2026-08-11 17:11:57.235226] [INFO] [path_server] 새로운 경로 설정 : path[1115 ➜ 104] time[0s] dist[18m] list[13] : 1115-1116-1117-1118-1119-1120-1121-1122-1123-1179-1180-1181-104
[2026-08-11 17:11:57.933779] [INFO] [path_server] 노드 업데이트 : [1116] ➜ [1117]
[2026-08-11 17:11:58.033609] [INFO] [path_server] 새로운 경로 설정 : path[1116 ➜ 104] time[0s] dist[16.5m] list[12] : 1116-1117-1118-1119-1120-1121-1122-1123-1179-1180-1181-104
[2026-08-11 17:11:58.692447] [INFO] [path_server] 노드 업데이트 : [1117] ➜ [1118]
[2026-08-11 17:11:58.772361] [INFO] [path_server] 새로운 경로 설정 : path[1117 ➜ 104] time[0s] dist[15m] list[11] : 1117-1118-1119-1120-1121-1122-1123-1179-1180-1181-104
[2026-08-11 17:11:59.431170] [INFO] [path_server] 노드 업데이트 : [1118] ➜ [1119]
[2026-08-11 17:11:59.491081] [INFO] [path_server] 새로운 경로 설정 : path[1118 ➜ 104] time[0s] dist[13.5m] list[10] : 1118-1119-1120-1121-1122-1123-1179-1180-1181-104
[2026-08-11 17:12:00.189693] [INFO] [path_server] 노드 업데이트 : [1119] ➜ [1120]
[2026-08-11 17:12:00.269553] [INFO] [path_server] 새로운 경로 설정 : path[1119 ➜ 104] time[0s] dist[12m] list[9] : 1119-1120-1121-1122-1123-1179-1180-1181-104
[2026-08-11 17:12:01.027968] [INFO] [path_server] 노드 업데이트 : [1120] ➜ [1121]
[2026-08-11 17:12:01.107846] [INFO] [path_server] 새로운 경로 설정 : path[1120 ➜ 104] time[0s] dist[10.5m] list[8] : 1120-1121-1122-1123-1179-1180-1181-104
[2026-08-11 17:12:04.680797] [INFO] [path_server] 노드 업데이트 : [1121] ➜ [1122]
[2026-08-11 17:12:04.760640] [INFO] [path_server] 새로운 경로 설정 : path[1121 ➜ 104] time[0s] dist[9m] list[7] : 1121-1122-1123-1179-1180-1181-104
[2026-08-11 17:12:06.038229] [INFO] [path_server] 노드 업데이트 : [1122] ➜ [1123]
[2026-08-11 17:12:06.118121] [INFO] [path_server] 새로운 경로 설정 : path[1122 ➜ 104] time[0s] dist[7.5m] list[6] : 1122-1123-1179-1180-1181-104
[2026-08-11 17:12:07.096154] [INFO] [path_server] 노드 업데이트 : [1123] ➜ [1179]
[2026-08-11 17:12:07.156027] [INFO] [path_server] 새로운 경로 설정 : path[1123 ➜ 104] time[0s] dist[6m] list[5] : 1123-1179-1180-1181-104
[2026-08-11 17:12:10.409605] [INFO] [path_server] 노드 업데이트 : [1179] ➜ [1180]
[2026-08-11 17:12:10.489520] [INFO] [path_server] 새로운 경로 설정 : path[1179 ➜ 104] time[0s] dist[4.5m] list[4] : 1179-1180-1181-104
[2026-08-11 17:12:11.647405] [INFO] [path_server] 노드 업데이트 : [1180] ➜ [1181]
[2026-08-11 17:12:11.727333] [INFO] [path_server] 새로운 경로 설정 : path[1180 ➜ 104] time[0s] dist[3m] list[3] : 1180-1181-104
[2026-08-11 17:12:12.984885] [INFO] [path_server] 노드 업데이트 : [1181] ➜ [104]
[2026-08-11 17:12:13.064843] [INFO] [path_server] 새로운 경로 설정 : path[1181 ➜ 104] time[0s] dist[1.5m] list[2] : 1181-104
[2026-08-11 17:12:18.174432] [INFO] [path_server] 노드 업데이트 : [104] ➜ [-1]
[2026-08-11 17:12:21.068751] [INFO] [course_tracker] 목적지에서 각도 정렬 : [5.500m 4.000m 0.000°]
[2026-08-11 17:12:21.108608] [INFO] [path_server] 노드 업데이트 : [104] ➜ [-1]
[2026-08-11 17:12:21.128619] [INFO] [task::fsm] push_done
[2026-08-11 17:12:21.188501] [INFO] [task::fsm] charging
[2026-08-11 17:12:21.188511] [INFO] [power_system] 충전 프로세스 시작
[2026-08-11 17:12:21.188527] [INFO] [health_monitor] [등록][100015, 100001] : 자동 충전 시작.
[2026-08-11 17:12:26.198975] [INFO] [health_monitor] [삭제][100015, 100001] : 자동 충전 시작.
[2026-08-11 17:12:38.234765] [INFO] [health_monitor] [삭제][100015, 200001] : 배터리 남은 양 - 주의
[2026-08-11 17:24:37.814705] [INFO] [framework] 프로그램 시작
[2026-08-11 17:24:37.814709] [WARNING] [framework] 프로그램 시작
[2026-08-11 17:24:37.814713] [INFO] [framework] 설정 파일 위치 : ../configs/robot_6
[2026-08-11 17:24:37.814712] [CRITICAL] [framework] 프로그램 시작
[2026-08-11 17:24:37.814847] [INFO] [framework] ID[0, 6], 이름[양식스], 제어주기[20ms], 버젼[], 장소[우리집], 환경모드[simulation]
[2026-08-11 17:24:37.814870] [INFO] [mediator] 생성
[2026-08-11 17:24:37.814891] [INFO] [graph_manager] 생성
[2026-08-11 17:24:37.844169] [INFO] [stop_server] 생성
[2026-08-11 17:24:37.844199] [INFO] [health_monitor] 생성
[2026-08-11 17:24:37.844217] [INFO] [path_server] 생성
[2026-08-11 17:24:37.844238] [INFO] [course_manager] 생성
[2026-08-11 17:24:37.844252] [INFO] [task::fsm] 생성
[2026-08-11 17:24:37.844253] [INFO] [task::fsm] idle
[2026-08-11 17:24:37.844255] [INFO] [course_manager] 코스 삭제
[2026-08-11 17:24:37.844256] [INFO] [path_server] 경로 삭제
[2026-08-11 17:24:37.844269] [INFO] [task_manager] 생성
[2026-08-11 17:24:37.844382] [INFO] [mediator] connectors 생성
[2026-08-11 17:24:37.844398] [INFO] [fms] 생성
[2026-08-11 17:24:37.844399] [INFO] [fms] 통신 드라이버 생성
[2026-08-11 17:24:37.844694] [INFO] [motions] 생성
[2026-08-11 17:24:37.844716] [INFO] [localizers] 생성
[2026-08-11 17:24:37.844821] [INFO] [localizers] 파라미터 : 

[2026-08-11 17:24:37.844843] [INFO] [safety_plc] 생성
[2026-08-11 17:24:37.844856] [INFO] [load_handler] 생성
[2026-08-11 17:24:37.844872] [INFO] [power_system] 생성
[2026-08-11 17:24:37.844981] [INFO] [power_system] 설정 정보 : remaining[40%, 10%, 5%]
[2026-08-11 17:24:37.845408] [INFO] [power_system] 알람 목록 : 
 • [100015, 100001] [INFO] 자동 충전 시작.
 • [100015, 100002] [INFO] 배터리 가득.
 • [100015, 400001] [CRIT] 배터리 남은 양 - 위험
 • [100015, 300001] [ERROR] 배터리 남은 양 - 에러
 • [100015, 200001] [WARN] 배터리 남은 양 - 주의
 • [100015, 100004] [INFO] 자동 충전 해제 완료.
 • [100015, 100003] [INFO] 자동 충전 해제 시작.
[2026-08-11 17:24:37.845411] [INFO] [mediator] connector 의존성 주입
[2026-08-11 17:24:37.845420] [INFO] [mediator] any map 등록
[2026-08-11 17:24:37.845428] [INFO] [mediator] any collector 등록
[2026-08-11 17:24:37.845431] [INFO] [mediator] any collector 목록 검사
[2026-08-11 17:24:37.845478] [INFO] [framework] after init 실행
[2026-08-11 17:24:37.845745] [INFO] [course_tracker] 생성
[2026-08-11 17:24:37.845761] [INFO] [course_tracker] 파라미터 : 
◈ node_bound[0.020m, 0.150m, 0.005m]
 • approach[0.150m, 0.050m/s, -0.005m, -0.200m, 0.100m]
 • align[(10.000°, 5.000°/s), 50.000°, 30.000°/s), 0.800°, -0.100°]
◈ motion param : 
 • reference_angle[0.000°, 45.000°]
 • threshold_angle[15.000°, 20.000°, 170.000°]
 • threshold_error[0.300°, 5.000°]
 • normal[0.150m/s, 8.000, 0.800m/s, 0.500]
 • angle[0.150m/s, 1.500, 0.800m/s, 2.100]
 • protection_overshoot[0.100m/s, 0.900, 0.500m/s, 0.900]
 • speed_rotation[15.000°/s]
[2026-08-11 17:24:37.845764] [INFO] [framework] 제어 쓰레드 시작
[2026-08-11 17:24:37.845805] [ERROR] [path_server] 노드 초기화 실패 : 로봇 좌표[22.004m 18.998m -179.709°] 최단 거리 노드[1063] 거리(1.580661m)
[2026-08-11 17:24:37.845853] [INFO] [health_monitor] [등록][100015, 200001] : 배터리 남은 양 - 주의
[2026-08-11 17:26:43.234811] [INFO] [framework] 프로그램 시작
[2026-08-11 17:26:43.234817] [WARNING] [framework] 프로그램 시작
[2026-08-11 17:26:43.234819] [CRITICAL] [framework] 프로그램 시작
[2026-08-11 17:26:43.234820] [INFO] [framework] 설정 파일 위치 : ../configs/robot_6
[2026-08-11 17:27:18.498293] [INFO] [framework] 프로그램 시작
[2026-08-11 17:27:18.498297] [WARNING] [framework] 프로그램 시작
[2026-08-11 17:27:18.498302] [CRITICAL] [framework] 프로그램 시작
[2026-08-11 17:27:18.498303] [INFO] [framework] 설정 파일 위치 : ../configs/robot_6
[2026-08-11 17:27:18.498506] [INFO] [framework] ID[0, 6], 이름[양식스], 제어주기[20ms], 버젼[], 장소[우리집], 환경모드[simulation]
[2026-08-11 17:27:18.498548] [INFO] [mediator] 생성
[2026-08-11 17:27:18.498582] [INFO] [graph_manager] 생성
[2026-08-11 17:27:18.528496] [INFO] [stop_server] 생성
[2026-08-11 17:27:18.528526] [INFO] [health_monitor] 생성
[2026-08-11 17:27:18.528544] [INFO] [path_server] 생성
[2026-08-11 17:27:18.528559] [INFO] [course_manager] 생성
[2026-08-11 17:27:18.528574] [INFO] [task::fsm] 생성
[2026-08-11 17:27:18.528575] [INFO] [task::fsm] idle
[2026-08-11 17:27:18.528582] [INFO] [course_manager] 코스 삭제
[2026-08-11 17:27:18.528597] [INFO] [task_manager] 생성
[2026-08-11 17:27:18.528582] [INFO] [path_server] 경로 삭제
[2026-08-11 17:27:18.528699] [INFO] [mediator] connectors 생성
[2026-08-11 17:27:18.528717] [INFO] [fms] 생성
[2026-08-11 17:27:18.528718] [INFO] [fms] 통신 드라이버 생성
[2026-08-11 17:27:18.529004] [INFO] [motions] 생성
[2026-08-11 17:27:18.529021] [INFO] [localizers] 생성
[2026-08-11 17:27:18.529110] [INFO] [localizers] 파라미터 : 

[2026-08-11 17:27:18.529126] [INFO] [safety_plc] 생성
[2026-08-11 17:27:18.529141] [INFO] [load_handler] 생성
[2026-08-11 17:27:18.529155] [INFO] [power_system] 생성
[2026-08-11 17:27:18.529257] [INFO] [power_system] 설정 정보 : remaining[40%, 10%, 5%]
[2026-08-11 17:27:18.529677] [INFO] [power_system] 알람 목록 : 
 • [100015, 100001] [INFO] 자동 충전 시작.
 • [100015, 100002] [INFO] 배터리 가득.
 • [100015, 400001] [CRIT] 배터리 남은 양 - 위험
 • [100015, 300001] [ERROR] 배터리 남은 양 - 에러
 • [100015, 200001] [WARN] 배터리 남은 양 - 주의
 • [100015, 100004] [INFO] 자동 충전 해제 완료.
 • [100015, 100003] [INFO] 자동 충전 해제 시작.
[2026-08-11 17:27:18.529680] [INFO] [mediator] connector 의존성 주입
[2026-08-11 17:27:18.529689] [INFO] [mediator] any map 등록
[2026-08-11 17:27:18.529696] [INFO] [mediator] any collector 등록
[2026-08-11 17:27:18.529699] [INFO] [mediator] any collector 목록 검사
[2026-08-11 17:27:18.529755] [INFO] [framework] after init 실행
[2026-08-11 17:27:18.529993] [INFO] [course_tracker] 생성
[2026-08-11 17:27:18.530009] [INFO] [course_tracker] 파라미터 : 
◈ node_bound[0.020m, 0.150m, 0.005m]
 • approach[0.150m, 0.050m/s, -0.005m, -0.200m, 0.100m]
 • align[(10.000°, 5.000°/s), 50.000°, 30.000°/s), 0.800°, -0.100°]
◈ motion param : 
 • reference_angle[0.000°, 45.000°]
 • threshold_angle[15.000°, 20.000°, 170.000°]
 • threshold_error[0.300°, 5.000°]
 • normal[0.150m/s, 8.000, 0.800m/s, 0.500]
 • angle[0.150m/s, 1.500, 0.800m/s, 2.100]
 • protection_overshoot[0.100m/s, 0.900, 0.500m/s, 0.900]
 • speed_rotation[15.000°/s]
[2026-08-11 17:27:18.530014] [INFO] [framework] 제어 쓰레드 시작
[2026-08-11 17:27:18.530046] [INFO] [path_server] 노드 초기화 성공 : 로봇 좌표[9.489m 18.997m 90.045°] 최단 거리 노드[104] 거리(0.011735m)
[2026-08-11 17:27:18.530092] [INFO] [health_monitor] [등록][100015, 200001] : 배터리 남은 양 - 주의
[2026-08-11 17:27:18.649874] [INFO] [task::fsm] charging
[2026-08-11 17:27:18.649883] [INFO] [power_system] 충전 프로세스 시작
[2026-08-11 17:27:18.649897] [INFO] [health_monitor] [등록][100015, 100001] : 자동 충전 시작.
[2026-08-11 17:27:23.660609] [INFO] [health_monitor] [삭제][100015, 100001] : 자동 충전 시작.
[2026-08-11 17:27:37.751866] [INFO] [framework] 프로그램 시작
[2026-08-11 17:27:37.751872] [WARNING] [framework] 프로그램 시작
[2026-08-11 17:27:37.751874] [INFO] [framework] 설정 파일 위치 : ../configs/robot_6
[2026-08-11 17:27:37.751873] [CRITICAL] [framework] 프로그램 시작
[2026-08-11 17:27:55.415398] [INFO] [framework] 프로그램 시작
[2026-08-11 17:27:55.415403] [WARNING] [framework] 프로그램 시작
[2026-08-11 17:27:55.415405] [INFO] [framework] 설정 파일 위치 : ../configs/robot_6
[2026-08-11 17:27:55.415404] [CRITICAL] [framework] 프로그램 시작
[2026-08-11 17:27:55.415582] [INFO] [framework] ID[0, 6], 이름[양식스], 제어주기[20ms], 버젼[], 장소[우리집], 환경모드[simulation]
[2026-08-11 17:27:55.415611] [INFO] [mediator] 생성
[2026-08-11 17:27:55.415638] [INFO] [graph_manager] 생성
[2026-08-11 17:27:55.469925] [INFO] [stop_server] 생성
[2026-08-11 17:27:55.469956] [INFO] [health_monitor] 생성
[2026-08-11 17:27:55.469980] [INFO] [path_server] 생성
[2026-08-11 17:27:55.470000] [INFO] [course_manager] 생성
[2026-08-11 17:27:55.470022] [INFO] [task::fsm] 생성
[2026-08-11 17:27:55.470024] [INFO] [task::fsm] idle
[2026-08-11 17:27:55.470026] [INFO] [course_manager] 코스 삭제
[2026-08-11 17:27:55.470026] [INFO] [path_server] 경로 삭제
[2026-08-11 17:27:55.470044] [INFO] [task_manager] 생성
[2026-08-11 17:27:55.470195] [INFO] [mediator] connectors 생성
[2026-08-11 17:27:55.470219] [INFO] [fms] 생성
[2026-08-11 17:27:55.470220] [INFO] [fms] 통신 드라이버 생성
[2026-08-11 17:27:55.470587] [INFO] [motions] 생성
[2026-08-11 17:27:55.470615] [INFO] [localizers] 생성
[2026-08-11 17:27:55.470769] [INFO] [localizers] 파라미터 : 

[2026-08-11 17:27:55.470797] [INFO] [safety_plc] 생성
[2026-08-11 17:27:55.470810] [INFO] [load_handler] 생성
[2026-08-11 17:27:55.470827] [INFO] [power_system] 생성
[2026-08-11 17:27:55.470932] [INFO] [power_system] 설정 정보 : remaining[40%, 10%, 5%]
[2026-08-11 17:27:55.471340] [INFO] [power_system] 알람 목록 : 
 • [100015, 100001] [INFO] 자동 충전 시작.
 • [100015, 100002] [INFO] 배터리 가득.
 • [100015, 400001] [CRIT] 배터리 남은 양 - 위험
 • [100015, 300001] [ERROR] 배터리 남은 양 - 에러
 • [100015, 200001] [WARN] 배터리 남은 양 - 주의
 • [100015, 100004] [INFO] 자동 충전 해제 완료.
 • [100015, 100003] [INFO] 자동 충전 해제 시작.
[2026-08-11 17:27:55.471343] [INFO] [mediator] connector 의존성 주입
[2026-08-11 17:27:55.471350] [INFO] [mediator] any map 등록
[2026-08-11 17:27:55.471357] [INFO] [mediator] any collector 등록
[2026-08-11 17:27:55.471359] [INFO] [mediator] any collector 목록 검사
[2026-08-11 17:27:55.471407] [INFO] [framework] after init 실행
[2026-08-11 17:27:55.471867] [INFO] [course_tracker] 생성
[2026-08-11 17:27:55.471885] [INFO] [course_tracker] 파라미터 : 
◈ node_bound[0.020m, 0.150m, 0.005m]
 • approach[0.150m, 0.050m/s, -0.005m, -0.200m, 0.100m]
 • align[(10.000°, 5.000°/s), 50.000°, 30.000°/s), 0.800°, -0.100°]
◈ motion param : 
 • reference_angle[0.000°, 45.000°]
 • threshold_angle[15.000°, 20.000°, 170.000°]
 • threshold_error[0.300°, 5.000°]
 • normal[0.150m/s, 8.000, 0.800m/s, 0.500]
 • angle[0.150m/s, 1.500, 0.800m/s, 2.100]
 • protection_overshoot[0.100m/s, 0.900, 0.500m/s, 0.900]
 • speed_rotation[15.000°/s]
[2026-08-11 17:27:55.471889] [INFO] [framework] 제어 쓰레드 시작
[2026-08-11 17:27:55.471939] [INFO] [path_server] 노드 초기화 성공 : 로봇 좌표[9.489m 18.997m 90.045°] 최단 거리 노드[104] 거리(0.011735m)
[2026-08-11 17:27:55.471993] [INFO] [health_monitor] [등록][100015, 200001] : 배터리 남은 양 - 주의
[2026-08-11 17:27:55.591764] [INFO] [task::fsm] charging
[2026-08-11 17:27:55.591782] [INFO] [health_monitor] [등록][100015, 100001] : 자동 충전 시작.
[2026-08-11 17:27:55.591771] [INFO] [power_system] 충전 프로세스 시작
[2026-08-11 17:28:00.602775] [INFO] [health_monitor] [삭제][100015, 100001] : 자동 충전 시작.
[2026-08-11 17:28:10.983083] [INFO] [health_monitor] [삭제][100015, 200001] : 배터리 남은 양 - 주의
[2026-08-11 17:28:34.977893] [INFO] [power_system] 충전 완료
[2026-08-11 17:28:34.977905] [INFO] [health_monitor] [등록][100015, 100003] : 자동 충전 해제 시작.
[2026-08-11 17:28:34.977903] [INFO] [health_monitor] [등록][100015, 100002] : 배터리 가득.
[2026-08-11 17:28:39.431915] [INFO] [path_server] 새로운 경로 설정 : path[104 ➜ 2] time[0s] dist[37.0277m] list[23] : 104-1071-1072-1073-1074-1075-1076-1077-1078-1390-1391-1001-1002-1003-1004-1005-1006-1007-1008-1010-1015-1023-2
[2026-08-11 17:28:39.990908] [INFO] [health_monitor] [삭제][100015, 100002] : 배터리 가득.
[2026-08-11 17:28:39.990915] [INFO] [health_monitor] [삭제][100015, 100003] : 자동 충전 해제 시작.
[2026-08-11 17:28:43.304715] [INFO] [path_server] 노드 업데이트 : [1071] ➜ [1072]
[2026-08-11 17:28:43.384656] [INFO] [path_server] 새로운 경로 설정 : path[1071 ➜ 2] time[0s] dist[35.5277m] list[22] : 1071-1072-1073-1074-1075-1076-1077-1078-1390-1391-1001-1002-1003-1004-1005-1006-1007-1008-1010-1015-1023-2
[2026-08-11 17:28:46.878240] [INFO] [path_server] 노드 업데이트 : [1072] ➜ [1073]
[2026-08-11 17:28:46.938163] [INFO] [path_server] 새로운 경로 설정 : path[1072 ➜ 2] time[0s] dist[34.0277m] list[21] : 1072-1073-1074-1075-1076-1077-1078-1390-1391-1001-1002-1003-1004-1005-1006-1007-1008-1010-1015-1023-2
[2026-08-11 17:28:48.016158] [INFO] [path_server] 노드 업데이트 : [1073] ➜ [1074]
[2026-08-11 17:28:48.096043] [INFO] [path_server] 새로운 경로 설정 : path[1073 ➜ 2] time[0s] dist[32.5277m] list[20] : 1073-1074-1075-1076-1077-1078-1390-1391-1001-1002-1003-1004-1005-1006-1007-1008-1010-1015-1023-2
[2026-08-11 17:28:48.834677] [INFO] [path_server] 노드 업데이트 : [1074] ➜ [1075]
[2026-08-11 17:28:48.894537] [INFO] [path_server] 새로운 경로 설정 : path[1074 ➜ 2] time[0s] dist[31.0277m] list[19] : 1074-1075-1076-1077-1078-1390-1391-1001-1002-1003-1004-1005-1006-1007-1008-1010-1015-1023-2
[2026-08-11 17:28:49.593322] [INFO] [path_server] 노드 업데이트 : [1075] ➜ [1076]
[2026-08-11 17:28:49.673213] [INFO] [path_server] 새로운 경로 설정 : path[1075 ➜ 2] time[0s] dist[29.5277m] list[18] : 1075-1076-1077-1078-1390-1391-1001-1002-1003-1004-1005-1006-1007-1008-1010-1015-1023-2
[2026-08-11 17:28:50.990506] [INFO] [path_server] 노드 업데이트 : [1076] ➜ [1077]
[2026-08-11 17:28:51.050426] [INFO] [path_server] 새로운 경로 설정 : path[1076 ➜ 2] time[0s] dist[28.0277m] list[17] : 1076-1077-1078-1390-1391-1001-1002-1003-1004-1005-1006-1007-1008-1010-1015-1023-2
[2026-08-11 17:28:54.503855] [INFO] [path_server] 노드 업데이트 : [1077] ➜ [1078]
[2026-08-11 17:28:54.583680] [INFO] [path_server] 새로운 경로 설정 : path[1077 ➜ 2] time[0s] dist[26.5277m] list[16] : 1077-1078-1390-1391-1001-1002-1003-1004-1005-1006-1007-1008-1010-1015-1023-2
[2026-08-11 17:28:55.601763] [INFO] [path_server] 노드 업데이트 : [1078] ➜ [1390]
[2026-08-11 17:28:55.661706] [INFO] [path_server] 새로운 경로 설정 : path[1078 ➜ 2] time[0s] dist[25.0277m] list[15] : 1078-1390-1391-1001-1002-1003-1004-1005-1006-1007-1008-1010-1015-1023-2
[2026-08-11 17:28:56.420528] [INFO] [path_server] 노드 업데이트 : [1390] ➜ [1391]
[2026-08-11 17:28:56.500394] [INFO] [path_server] 새로운 경로 설정 : path[1390 ➜ 2] time[0s] dist[23.5277m] list[14] : 1390-1391-1001-1002-1003-1004-1005-1006-1007-1008-1010-1015-1023-2
[2026-08-11 17:28:57.179042] [INFO] [path_server] 노드 업데이트 : [1391] ➜ [1001]
[2026-08-11 17:28:57.259019] [INFO] [path_server] 새로운 경로 설정 : path[1391 ➜ 2] time[0s] dist[22.0277m] list[13] : 1391-1001-1002-1003-1004-1005-1006-1007-1008-1010-1015-1023-2
[2026-08-11 17:28:58.576625] [INFO] [path_server] 노드 업데이트 : [1001] ➜ [1002]
[2026-08-11 17:28:58.656515] [INFO] [path_server] 새로운 경로 설정 : path[1001 ➜ 2] time[0s] dist[20.5277m] list[12] : 1001-1002-1003-1004-1005-1006-1007-1008-1010-1015-1023-2
[2026-08-11 17:29:02.050032] [INFO] [path_server] 노드 업데이트 : [1002] ➜ [1003]
[2026-08-11 17:29:02.129900] [INFO] [path_server] 새로운 경로 설정 : path[1002 ➜ 2] time[0s] dist[19.0277m] list[11] : 1002-1003-1004-1005-1006-1007-1008-1010-1015-1023-2
[2026-08-11 17:29:03.148037] [INFO] [path_server] 노드 업데이트 : [1003] ➜ [1004]
[2026-08-11 17:29:03.227942] [INFO] [path_server] 새로운 경로 설정 : path[1003 ➜ 2] time[0s] dist[17.5277m] list[10] : 1003-1004-1005-1006-1007-1008-1010-1015-1023-2
[2026-08-11 17:29:03.967558] [INFO] [path_server] 노드 업데이트 : [1004] ➜ [1005]
[2026-08-11 17:29:04.048202] [INFO] [path_server] 새로운 경로 설정 : path[1004 ➜ 2] time[0s] dist[16.0277m] list[9] : 1004-1005-1006-1007-1008-1010-1015-1023-2
[2026-08-11 17:29:04.729015] [INFO] [path_server] 노드 업데이트 : [1005] ➜ [1006]
[2026-08-11 17:29:04.808933] [INFO] [path_server] 새로운 경로 설정 : path[1005 ➜ 2] time[0s] dist[14.5277m] list[8] : 1005-1006-1007-1008-1010-1015-1023-2
[2026-08-11 17:29:05.467644] [INFO] [path_server] 노드 업데이트 : [1006] ➜ [1007]
[2026-08-11 17:29:05.547499] [INFO] [path_server] 새로운 경로 설정 : path[1006 ➜ 2] time[0s] dist[13.0277m] list[7] : 1006-1007-1008-1010-1015-1023-2
[2026-08-11 17:29:06.226253] [INFO] [path_server] 노드 업데이트 : [1007] ➜ [1008]
[2026-08-11 17:29:06.306155] [INFO] [path_server] 새로운 경로 설정 : path[1007 ➜ 2] time[0s] dist[11.5277m] list[6] : 1007-1008-1010-1015-1023-2
[2026-08-11 17:29:06.964816] [INFO] [path_server] 노드 업데이트 : [1008] ➜ [1010]
[2026-08-11 17:29:07.044700] [INFO] [path_server] 새로운 경로 설정 : path[1008 ➜ 2] time[0s] dist[10.0277m] list[5] : 1008-1010-1015-1023-2
[2026-08-11 17:29:07.823208] [INFO] [path_server] 노드 업데이트 : [1010] ➜ [1015]
[2026-08-11 17:29:07.903067] [INFO] [path_server] 새로운 경로 설정 : path[1010 ➜ 2] time[0s] dist[8.52769m] list[4] : 1010-1015-1023-2
[2026-08-11 17:29:13.692131] [INFO] [path_server] 노드 업데이트 : [1015] ➜ [1023]
[2026-08-11 17:29:13.772036] [INFO] [path_server] 새로운 경로 설정 : path[1015 ➜ 2] time[0s] dist[4m] list[3] : 1015-1023-2
[2026-08-11 17:29:18.164742] [INFO] [path_server] 노드 업데이트 : [1023] ➜ [2]
[2026-08-11 17:29:18.224657] [INFO] [path_server] 새로운 경로 설정 : path[1023 ➜ 2] time[0s] dist[1.5m] list[2] : 1023-2
[2026-08-11 17:29:20.380610] [INFO] [path_server] 노드 업데이트 : [2] ➜ [-1]
[2026-08-11 17:29:23.234899] [INFO] [course_tracker] 목적지에서 각도 정렬 : [17.500m 29.500m 0.000°]
[2026-08-11 17:29:23.933432] [INFO] [path_server] 노드 업데이트 : [2] ➜ [-1]
[2026-08-11 17:29:23.953401] [INFO] [task::fsm] go_from_done
[2026-08-11 17:29:24.013268] [INFO] [task::fsm] loading
[2026-08-11 17:29:24.013275] [INFO] [load_handler] 상차 시작
[2026-08-11 17:29:26.029377] [INFO] [load_handler] 상차 완료
[2026-08-11 17:29:26.049346] [INFO] [task::fsm] loading_done
[2026-08-11 17:29:26.109333] [INFO] [path_server] 새로운 경로 설정 : path[2 ➜ 11] time[0s] dist[84.1883m] list[50] : 2-1029-1046-1129-1049-1050-1051-1052-1198-1199-1053-1054-1055-1056-1057-1058-1059-1060-1061-1062-1063-1064-1065-40-1067-1068-1069-1070-1071-1072-1073-1074-1075-1076-1077-1078-1390-1391-1001-1002-1003-1004-1005-1006-1007-1008-1010-1018-1038-11
[2026-08-11 17:29:28.843872] [INFO] [path_server] 노드 업데이트 : [1029] ➜ [1046]
[2026-08-11 17:29:28.923794] [INFO] [path_server] 새로운 경로 설정 : path[1029 ➜ 11] time[0s] dist[82.1883m] list[49] : 1029-1046-1129-1049-1050-1051-1052-1198-1199-1053-1054-1055-1056-1057-1058-1059-1060-1061-1062-1063-1064-1065-40-1067-1068-1069-1070-1071-1072-1073-1074-1075-1076-1077-1078-1390-1391-1001-1002-1003-1004-1005-1006-1007-1008-1010-1018-1038-11
[2026-08-11 17:29:31.259015] [INFO] [path_server] 노드 업데이트 : [1046] ➜ [1129]
[2026-08-11 17:29:31.338977] [INFO] [path_server] 새로운 경로 설정 : path[1046 ➜ 11] time[0s] dist[79.6388m] list[48] : 1046-1129-1049-1050-1051-1052-1198-1199-1053-1054-1055-1056-1057-1058-1059-1060-1061-1062-1063-1064-1065-40-1067-1068-1069-1070-1071-1072-1073-1074-1075-1076-1077-1078-1390-1391-1001-1002-1003-1004-1005-1006-1007-1008-1010-1018-1038-11
[2026-08-11 17:29:36.549609] [INFO] [path_server] 노드 업데이트 : [1129] ➜ [1049]
[2026-08-11 17:29:36.629496] [INFO] [path_server] 새로운 경로 설정 : path[1129 ➜ 11] time[0s] dist[76.7234m] list[47] : 1129-1049-1050-1051-1052-1198-1199-1053-1054-1055-1056-1057-1058-1059-1060-1061-1062-1063-1064-1065-40-1067-1068-1069-1070-1071-1072-1073-1074-1075-1076-1077-1078-1390-1391-1001-1002-1003-1004-1005-1006-1007-1008-1010-1018-1038-11
[2026-08-11 17:29:38.565592] [INFO] [path_server] 노드 업데이트 : [1049] ➜ [1050]
[2026-08-11 17:29:38.645552] [INFO] [path_server] 새로운 경로 설정 : path[1049 ➜ 11] time[0s] dist[73.8079m] list[46] : 1049-1050-1051-1052-1198-1199-1053-1054-1055-1056-1057-1058-1059-1060-1061-1062-1063-1064-1065-40-1067-1068-1069-1070-1071-1072-1073-1074-1075-1076-1077-1078-1390-1391-1001-1002-1003-1004-1005-1006-1007-1008-1010-1018-1038-11
[2026-08-11 17:29:43.716325] [INFO] [path_server] 노드 업데이트 : [1050] ➜ [1051]
[2026-08-11 17:29:43.796270] [INFO] [path_server] 새로운 경로 설정 : path[1050 ➜ 11] time[0s] dist[71.3079m] list[45] : 1050-1051-1052-1198-1199-1053-1054-1055-1056-1057-1058-1059-1060-1061-1062-1063-1064-1065-40-1067-1068-1069-1070-1071-1072-1073-1074-1075-1076-1077-1078-1390-1391-1001-1002-1003-1004-1005-1006-1007-1008-1010-1018-1038-11
[2026-08-11 17:29:44.714705] [INFO] [path_server] 노드 업데이트 : [1051] ➜ [1052]
[2026-08-11 17:29:44.774764] [INFO] [path_server] 새로운 경로 설정 : path[1051 ➜ 11] time[0s] dist[69.8079m] list[44] : 1051-1052-1198-1199-1053-1054-1055-1056-1057-1058-1059-1060-1061-1062-1063-1064-1065-40-1067-1068-1069-1070-1071-1072-1073-1074-1075-1076-1077-1078-1390-1391-1001-1002-1003-1004-1005-1006-1007-1008-1010-1018-1038-11
[2026-08-11 17:29:45.493303] [INFO] [path_server] 노드 업데이트 : [1052] ➜ [1198]
[2026-08-11 17:29:45.573263] [INFO] [path_server] 새로운 경로 설정 : path[1052 ➜ 11] time[0s] dist[68.3079m] list[43] : 1052-1198-1199-1053-1054-1055-1056-1057-1058-1059-1060-1061-1062-1063-1064-1065-40-1067-1068-1069-1070-1071-1072-1073-1074-1075-1076-1077-1078-1390-1391-1001-1002-1003-1004-1005-1006-1007-1008-1010-1018-1038-11
[2026-08-11 17:29:46.890713] [INFO] [path_server] 노드 업데이트 : [1198] ➜ [1199]
[2026-08-11 17:29:46.970685] [INFO] [path_server] 새로운 경로 설정 : path[1198 ➜ 11] time[0s] dist[66.8079m] list[42] : 1198-1199-1053-1054-1055-1056-1057-1058-1059-1060-1061-1062-1063-1064-1065-40-1067-1068-1069-1070-1071-1072-1073-1074-1075-1076-1077-1078-1390-1391-1001-1002-1003-1004-1005-1006-1007-1008-1010-1018-1038-11
[2026-08-11 17:29:50.384127] [INFO] [path_server] 노드 업데이트 : [1199] ➜ [1053]
[2026-08-11 17:29:50.444053] [INFO] [path_server] 새로운 경로 설정 : path[1199 ➜ 11] time[0s] dist[65.3079m] list[41] : 1199-1053-1054-1055-1056-1057-1058-1059-1060-1061-1062-1063-1064-1065-40-1067-1068-1069-1070-1071-1072-1073-1074-1075-1076-1077-1078-1390-1391-1001-1002-1003-1004-1005-1006-1007-1008-1010-1018-1038-11
[2026-08-11 17:29:51.501884] [INFO] [path_server] 노드 업데이트 : [1053] ➜ [1054]
[2026-08-11 17:29:51.581791] [INFO] [path_server] 새로운 경로 설정 : path[1053 ➜ 11] time[0s] dist[63.8079m] list[40] : 1053-1054-1055-1056-1057-1058-1059-1060-1061-1062-1063-1064-1065-40-1067-1068-1069-1070-1071-1072-1073-1074-1075-1076-1077-1078-1390-1391-1001-1002-1003-1004-1005-1006-1007-1008-1010-1018-1038-11
[2026-08-11 17:29:52.320322] [INFO] [path_server] 노드 업데이트 : [1054] ➜ [1055]
[2026-08-11 17:29:52.400277] [INFO] [path_server] 새로운 경로 설정 : path[1054 ➜ 11] time[0s] dist[62.3079m] list[39] : 1054-1055-1056-1057-1058-1059-1060-1061-1062-1063-1064-1065-40-1067-1068-1069-1070-1071-1072-1073-1074-1075-1076-1077-1078-1390-1391-1001-1002-1003-1004-1005-1006-1007-1008-1010-1018-1038-11
[2026-08-11 17:29:53.078863] [INFO] [path_server] 노드 업데이트 : [1055] ➜ [1056]
[2026-08-11 17:29:53.138803] [INFO] [path_server] 새로운 경로 설정 : path[1055 ➜ 11] time[0s] dist[60.8079m] list[38] : 1055-1056-1057-1058-1059-1060-1061-1062-1063-1064-1065-40-1067-1068-1069-1070-1071-1072-1073-1074-1075-1076-1077-1078-1390-1391-1001-1002-1003-1004-1005-1006-1007-1008-1010-1018-1038-11
[2026-08-11 17:29:54.296414] [INFO] [path_server] 노드 업데이트 : [1056] ➜ [1057]
[2026-08-11 17:29:54.376381] [INFO] [path_server] 새로운 경로 설정 : path[1056 ➜ 11] time[0s] dist[59.3079m] list[37] : 1056-1057-1058-1059-1060-1061-1062-1063-1064-1065-40-1067-1068-1069-1070-1071-1072-1073-1074-1075-1076-1077-1078-1390-1391-1001-1002-1003-1004-1005-1006-1007-1008-1010-1018-1038-11
[2026-08-11 17:29:57.569915] [INFO] [path_server] 노드 업데이트 : [1057] ➜ [1058]
[2026-08-11 17:29:57.649958] [INFO] [path_server] 새로운 경로 설정 : path[1057 ➜ 11] time[0s] dist[57.8079m] list[36] : 1057-1058-1059-1060-1061-1062-1063-1064-1065-40-1067-1068-1069-1070-1071-1072-1073-1074-1075-1076-1077-1078-1390-1391-1001-1002-1003-1004-1005-1006-1007-1008-1010-1018-1038-11
[2026-08-11 17:29:58.747952] [INFO] [path_server] 노드 업데이트 : [1058] ➜ [1059]
[2026-08-11 17:29:58.807914] [INFO] [path_server] 새로운 경로 설정 : path[1058 ➜ 11] time[0s] dist[56.3079m] list[35] : 1058-1059-1060-1061-1062-1063-1064-1065-40-1067-1068-1069-1070-1071-1072-1073-1074-1075-1076-1077-1078-1390-1391-1001-1002-1003-1004-1005-1006-1007-1008-1010-1018-1038-11
[2026-08-11 17:29:59.586436] [INFO] [path_server] 노드 업데이트 : [1059] ➜ [1060]
[2026-08-11 17:29:59.646356] [INFO] [path_server] 새로운 경로 설정 : path[1059 ➜ 11] time[0s] dist[54.8079m] list[34] : 1059-1060-1061-1062-1063-1064-1065-40-1067-1068-1069-1070-1071-1072-1073-1074-1075-1076-1077-1078-1390-1391-1001-1002-1003-1004-1005-1006-1007-1008-1010-1018-1038-11
[2026-08-11 17:30:00.324896] [INFO] [path_server] 노드 업데이트 : [1060] ➜ [1061]
[2026-08-11 17:30:00.405206] [INFO] [path_server] 새로운 경로 설정 : path[1060 ➜ 11] time[0s] dist[53.3079m] list[33] : 1060-1061-1062-1063-1064-1065-40-1067-1068-1069-1070-1071-1072-1073-1074-1075-1076-1077-1078-1390-1391-1001-1002-1003-1004-1005-1006-1007-1008-1010-1018-1038-11
[2026-08-11 17:30:01.083792] [INFO] [path_server] 노드 업데이트 : [1061] ➜ [1062]
[2026-08-11 17:30:01.143757] [INFO] [path_server] 새로운 경로 설정 : path[1061 ➜ 11] time[0s] dist[51.8079m] list[32] : 1061-1062-1063-1064-1065-40-1067-1068-1069-1070-1071-1072-1073-1074-1075-1076-1077-1078-1390-1391-1001-1002-1003-1004-1005-1006-1007-1008-1010-1018-1038-11
[2026-08-11 17:30:01.842322] [INFO] [path_server] 노드 업데이트 : [1062] ➜ [1063]
[2026-08-11 17:30:01.922236] [INFO] [path_server] 새로운 경로 설정 : path[1062 ➜ 11] time[0s] dist[50.3079m] list[31] : 1062-1063-1064-1065-40-1067-1068-1069-1070-1071-1072-1073-1074-1075-1076-1077-1078-1390-1391-1001-1002-1003-1004-1005-1006-1007-1008-1010-1018-1038-11
[2026-08-11 17:30:02.580820] [INFO] [path_server] 노드 업데이트 : [1063] ➜ [1064]
[2026-08-11 17:30:02.640703] [INFO] [path_server] 새로운 경로 설정 : path[1063 ➜ 11] time[0s] dist[48.8079m] list[30] : 1063-1064-1065-40-1067-1068-1069-1070-1071-1072-1073-1074-1075-1076-1077-1078-1390-1391-1001-1002-1003-1004-1005-1006-1007-1008-1010-1018-1038-11
[2026-08-11 17:30:03.339401] [INFO] [path_server] 노드 업데이트 : [1064] ➜ [1065]
[2026-08-11 17:30:03.419287] [INFO] [path_server] 새로운 경로 설정 : path[1064 ➜ 11] time[0s] dist[47.3079m] list[29] : 1064-1065-40-1067-1068-1069-1070-1071-1072-1073-1074-1075-1076-1077-1078-1390-1391-1001-1002-1003-1004-1005-1006-1007-1008-1010-1018-1038-11
[2026-08-11 17:30:04.077880] [INFO] [path_server] 노드 업데이트 : [1065] ➜ [40]
[2026-08-11 17:30:04.137837] [INFO] [path_server] 새로운 경로 설정 : path[1065 ➜ 11] time[0s] dist[45.8079m] list[28] : 1065-40-1067-1068-1069-1070-1071-1072-1073-1074-1075-1076-1077-1078-1390-1391-1001-1002-1003-1004-1005-1006-1007-1008-1010-1018-1038-11
[2026-08-11 17:30:04.836372] [INFO] [path_server] 노드 업데이트 : [40] ➜ [1067]
[2026-08-11 17:30:04.916368] [INFO] [path_server] 새로운 경로 설정 : path[40 ➜ 11] time[0s] dist[44.3079m] list[27] : 40-1067-1068-1069-1070-1071-1072-1073-1074-1075-1076-1077-1078-1390-1391-1001-1002-1003-1004-1005-1006-1007-1008-1010-1018-1038-11
[2026-08-11 17:30:05.575090] [INFO] [path_server] 노드 업데이트 : [1067] ➜ [1068]
[2026-08-11 17:30:05.635115] [INFO] [path_server] 새로운 경로 설정 : path[1067 ➜ 11] time[0s] dist[42.8079m] list[26] : 1067-1068-1069-1070-1071-1072-1073-1074-1075-1076-1077-1078-1390-1391-1001-1002-1003-1004-1005-1006-1007-1008-1010-1018-1038-11
[2026-08-11 17:30:06.333891] [INFO] [path_server] 노드 업데이트 : [1068] ➜ [1069]
[2026-08-11 17:30:06.413757] [INFO] [path_server] 새로운 경로 설정 : path[1068 ➜ 11] time[0s] dist[41.3079m] list[25] : 1068-1069-1070-1071-1072-1073-1074-1075-1076-1077-1078-1390-1391-1001-1002-1003-1004-1005-1006-1007-1008-1010-1018-1038-11
[2026-08-11 17:30:07.092609] [INFO] [path_server] 노드 업데이트 : [1069] ➜ [1070]
[2026-08-11 17:30:07.172526] [INFO] [path_server] 새로운 경로 설정 : path[1069 ➜ 11] time[0s] dist[39.8079m] list[24] : 1069-1070-1071-1072-1073-1074-1075-1076-1077-1078-1390-1391-1001-1002-1003-1004-1005-1006-1007-1008-1010-1018-1038-11
[2026-08-11 17:30:07.831246] [INFO] [path_server] 노드 업데이트 : [1070] ➜ [1071]
[2026-08-11 17:30:07.911071] [INFO] [path_server] 새로운 경로 설정 : path[1070 ➜ 11] time[0s] dist[38.3079m] list[23] : 1070-1071-1072-1073-1074-1075-1076-1077-1078-1390-1391-1001-1002-1003-1004-1005-1006-1007-1008-1010-1018-1038-11
[2026-08-11 17:30:08.589682] [INFO] [path_server] 노드 업데이트 : [1071] ➜ [1072]
[2026-08-11 17:30:08.669620] [INFO] [path_server] 새로운 경로 설정 : path[1071 ➜ 11] time[0s] dist[36.8079m] list[22] : 1071-1072-1073-1074-1075-1076-1077-1078-1390-1391-1001-1002-1003-1004-1005-1006-1007-1008-1010-1018-1038-11
[2026-08-11 17:30:09.328448] [INFO] [path_server] 노드 업데이트 : [1072] ➜ [1073]
[2026-08-11 17:30:09.408308] [INFO] [path_server] 새로운 경로 설정 : path[1072 ➜ 11] time[0s] dist[35.3079m] list[21] : 1072-1073-1074-1075-1076-1077-1078-1390-1391-1001-1002-1003-1004-1005-1006-1007-1008-1010-1018-1038-11
[2026-08-11 17:30:10.086867] [INFO] [path_server] 노드 업데이트 : [1073] ➜ [1074]
[2026-08-11 17:30:10.166783] [INFO] [path_server] 새로운 경로 설정 : path[1073 ➜ 11] time[0s] dist[33.8079m] list[20] : 1073-1074-1075-1076-1077-1078-1390-1391-1001-1002-1003-1004-1005-1006-1007-1008-1010-1018-1038-11
[2026-08-11 17:30:10.825495] [INFO] [path_server] 노드 업데이트 : [1074] ➜ [1075]
[2026-08-11 17:30:10.905397] [INFO] [path_server] 새로운 경로 설정 : path[1074 ➜ 11] time[0s] dist[32.3079m] list[19] : 1074-1075-1076-1077-1078-1390-1391-1001-1002-1003-1004-1005-1006-1007-1008-1010-1018-1038-11
[2026-08-11 17:30:11.584057] [INFO] [path_server] 노드 업데이트 : [1075] ➜ [1076]
[2026-08-11 17:30:11.663999] [INFO] [path_server] 새로운 경로 설정 : path[1075 ➜ 11] time[0s] dist[30.8079m] list[18] : 1075-1076-1077-1078-1390-1391-1001-1002-1003-1004-1005-1006-1007-1008-1010-1018-1038-11
[2026-08-11 17:30:12.982448] [INFO] [path_server] 노드 업데이트 : [1076] ➜ [1077]
[2026-08-11 17:30:13.082277] [INFO] [path_server] 새로운 경로 설정 : path[1076 ➜ 11] time[0s] dist[29.3079m] list[17] : 1076-1077-1078-1390-1391-1001-1002-1003-1004-1005-1006-1007-1008-1010-1018-1038-11
[2026-08-11 17:30:16.463814] [INFO] [path_server] 노드 업데이트 : [1077] ➜ [1078]
[2026-08-11 17:30:16.543691] [INFO] [path_server] 새로운 경로 설정 : path[1077 ➜ 11] time[0s] dist[27.8079m] list[16] : 1077-1078-1390-1391-1001-1002-1003-1004-1005-1006-1007-1008-1010-1018-1038-11
[2026-08-11 17:30:17.581772] [INFO] [path_server] 노드 업데이트 : [1078] ➜ [1390]
[2026-08-11 17:30:17.661682] [INFO] [path_server] 새로운 경로 설정 : path[1078 ➜ 11] time[0s] dist[26.3079m] list[15] : 1078-1390-1391-1001-1002-1003-1004-1005-1006-1007-1008-1010-1018-1038-11
[2026-08-11 17:30:18.400261] [INFO] [path_server] 노드 업데이트 : [1390] ➜ [1391]
[2026-08-11 17:30:18.460142] [INFO] [path_server] 새로운 경로 설정 : path[1390 ➜ 11] time[0s] dist[24.8079m] list[14] : 1390-1391-1001-1002-1003-1004-1005-1006-1007-1008-1010-1018-1038-11
[2026-08-11 17:30:19.138791] [INFO] [path_server] 노드 업데이트 : [1391] ➜ [1001]
[2026-08-11 17:30:19.218705] [INFO] [path_server] 새로운 경로 설정 : path[1391 ➜ 11] time[0s] dist[23.3079m] list[13] : 1391-1001-1002-1003-1004-1005-1006-1007-1008-1010-1018-1038-11
[2026-08-11 17:30:20.556233] [INFO] [path_server] 노드 업데이트 : [1001] ➜ [1002]
[2026-08-11 17:30:20.616164] [INFO] [path_server] 새로운 경로 설정 : path[1001 ➜ 11] time[0s] dist[21.8079m] list[12] : 1001-1002-1003-1004-1005-1006-1007-1008-1010-1018-1038-11
[2026-08-11 17:30:24.029472] [INFO] [path_server] 노드 업데이트 : [1002] ➜ [1003]
[2026-08-11 17:30:24.089388] [INFO] [path_server] 새로운 경로 설정 : path[1002 ➜ 11] time[0s] dist[20.3079m] list[11] : 1002-1003-1004-1005-1006-1007-1008-1010-1018-1038-11
[2026-08-11 17:30:25.127831] [INFO] [path_server] 노드 업데이트 : [1003] ➜ [1004]
[2026-08-11 17:30:25.207835] [INFO] [path_server] 새로운 경로 설정 : path[1003 ➜ 11] time[0s] dist[18.8079m] list[10] : 1003-1004-1005-1006-1007-1008-1010-1018-1038-11
[2026-08-11 17:30:25.946235] [INFO] [path_server] 노드 업데이트 : [1004] ➜ [1005]
[2026-08-11 17:30:26.026180] [INFO] [path_server] 새로운 경로 설정 : path[1004 ➜ 11] time[0s] dist[17.3079m] list[9] : 1004-1005-1006-1007-1008-1010-1018-1038-11
[2026-08-11 17:30:26.704713] [INFO] [path_server] 노드 업데이트 : [1005] ➜ [1006]
[2026-08-11 17:30:26.764624] [INFO] [path_server] 새로운 경로 설정 : path[1005 ➜ 11] time[0s] dist[15.8079m] list[8] : 1005-1006-1007-1008-1010-1018-1038-11
[2026-08-11 17:30:27.443872] [INFO] [path_server] 노드 업데이트 : [1006] ➜ [1007]
[2026-08-11 17:30:27.523800] [INFO] [path_server] 새로운 경로 설정 : path[1006 ➜ 11] time[0s] dist[14.3079m] list[7] : 1006-1007-1008-1010-1018-1038-11
[2026-08-11 17:30:28.202313] [INFO] [path_server] 노드 업데이트 : [1007] ➜ [1008]
[2026-08-11 17:30:28.262207] [INFO] [path_server] 새로운 경로 설정 : path[1007 ➜ 11] time[0s] dist[12.8079m] list[6] : 1007-1008-1010-1018-1038-11
[2026-08-11 17:30:28.960777] [INFO] [path_server] 노드 업데이트 : [1008] ➜ [1010]
[2026-08-11 17:30:29.040665] [INFO] [path_server] 새로운 경로 설정 : path[1008 ➜ 11] time[0s] dist[11.3079m] list[5] : 1008-1010-1018-1038-11
[2026-08-11 17:30:29.799130] [INFO] [path_server] 노드 업데이트 : [1010] ➜ [1018]
[2026-08-11 17:30:29.879083] [INFO] [path_server] 새로운 경로 설정 : path[1010 ➜ 11] time[0s] dist[9.80789m] list[4] : 1010-1018-1038-11
[2026-08-11 17:30:35.588881] [INFO] [path_server] 노드 업데이트 : [1018] ➜ [1038]
[2026-08-11 17:30:35.668760] [INFO] [path_server] 새로운 경로 설정 : path[1018 ➜ 11] time[0s] dist[6m] list[3] : 1018-1038-11
[2026-08-11 17:30:41.896313] [INFO] [path_server] 노드 업데이트 : [1038] ➜ [11]
[2026-08-11 17:30:41.956212] [INFO] [path_server] 새로운 경로 설정 : path[1038 ➜ 11] time[0s] dist[1.5m] list[2] : 1038-11
[2026-08-11 17:30:44.111847] [INFO] [path_server] 노드 업데이트 : [11] ➜ [-1]
[2026-08-11 17:30:46.986169] [INFO] [course_tracker] 목적지에서 각도 정렬 : [21.500m 21.500m 0.000°]
[2026-08-11 17:30:47.365287] [INFO] [path_server] 노드 업데이트 : [11] ➜ [-1]
[2026-08-11 17:30:47.385303] [INFO] [task::fsm] go_to_done
[2026-08-11 17:30:47.445177] [INFO] [task::fsm] unloading
[2026-08-11 17:30:47.445184] [INFO] [load_handler] 하차 시작
[2026-08-11 17:30:49.460956] [INFO] [load_handler] 하차 완료
[2026-08-11 17:30:49.480985] [INFO] [task::fsm] unloading_done
[2026-08-11 17:30:49.540799] [INFO] [task::fsm] idle
[2026-08-11 17:30:49.540807] [INFO] [path_server] 경로 삭제
[2026-08-11 17:30:49.540806] [INFO] [course_manager] 코스 삭제
[2026-08-11 17:30:49.660650] [INFO] [path_server] 새로운 경로 설정 : path[11 ➜ 108] time[0s] dist[81.5495m] list[53] : 11-1044-1048-1130-1051-1052-1198-1199-1053-1054-1055-1056-1057-1058-1059-1060-1061-1062-1063-1064-1065-40-1067-1068-1069-1070-1071-1072-1073-1074-1075-1076-1159-1158-1157-1160-1161-1162-1163-1164-1165-1166-1167-1168-41-1170-1171-1172-1173-1174-1175-1176-108
[2026-08-11 17:30:52.396859] [INFO] [path_server] 노드 업데이트 : [1044] ➜ [1048]
[2026-08-11 17:30:52.476760] [INFO] [path_server] 새로운 경로 설정 : path[1044 ➜ 108] time[0s] dist[79.5495m] list[52] : 1044-1048-1130-1051-1052-1198-1199-1053-1054-1055-1056-1057-1058-1059-1060-1061-1062-1063-1064-1065-40-1067-1068-1069-1070-1071-1072-1073-1074-1075-1076-1159-1158-1157-1160-1161-1162-1163-1164-1165-1166-1167-1168-41-1170-1171-1172-1173-1174-1175-1176-108
[2026-08-11 17:30:54.812030] [INFO] [path_server] 노드 업데이트 : [1048] ➜ [1130]
[2026-08-11 17:30:54.871956] [INFO] [path_server] 새로운 경로 설정 : path[1048 ➜ 108] time[0s] dist[77m] list[51] : 1048-1130-1051-1052-1198-1199-1053-1054-1055-1056-1057-1058-1059-1060-1061-1062-1063-1064-1065-40-1067-1068-1069-1070-1071-1072-1073-1074-1075-1076-1159-1158-1157-1160-1161-1162-1163-1164-1165-1166-1167-1168-41-1170-1171-1172-1173-1174-1175-1176-108
[2026-08-11 17:30:59.862182] [INFO] [path_server] 노드 업데이트 : [1130] ➜ [1051]
[2026-08-11 17:30:59.942172] [INFO] [path_server] 새로운 경로 설정 : path[1130 ➜ 108] time[0s] dist[74.5m] list[50] : 1130-1051-1052-1198-1199-1053-1054-1055-1056-1057-1058-1059-1060-1061-1062-1063-1064-1065-40-1067-1068-1069-1070-1071-1072-1073-1074-1075-1076-1159-1158-1157-1160-1161-1162-1163-1164-1165-1166-1167-1168-41-1170-1171-1172-1173-1174-1175-1176-108
[2026-08-11 17:31:01.598899] [INFO] [path_server] 노드 업데이트 : [1051] ➜ [1052]
[2026-08-11 17:31:01.678804] [INFO] [path_server] 새로운 경로 설정 : path[1051 ➜ 108] time[0s] dist[72m] list[49] : 1051-1052-1198-1199-1053-1054-1055-1056-1057-1058-1059-1060-1061-1062-1063-1064-1065-40-1067-1068-1069-1070-1071-1072-1073-1074-1075-1076-1159-1158-1157-1160-1161-1162-1163-1164-1165-1166-1167-1168-41-1170-1171-1172-1173-1174-1175-1176-108
[2026-08-11 17:31:05.831114] [INFO] [path_server] 노드 업데이트 : [1052] ➜ [1198]
[2026-08-11 17:31:05.911060] [INFO] [path_server] 새로운 경로 설정 : path[1052 ➜ 108] time[0s] dist[70.5m] list[48] : 1052-1198-1199-1053-1054-1055-1056-1057-1058-1059-1060-1061-1062-1063-1064-1065-40-1067-1068-1069-1070-1071-1072-1073-1074-1075-1076-1159-1158-1157-1160-1161-1162-1163-1164-1165-1166-1167-1168-41-1170-1171-1172-1173-1174-1175-1176-108
[2026-08-11 17:31:07.368392] [INFO] [path_server] 노드 업데이트 : [1198] ➜ [1199]
[2026-08-11 17:31:07.428311] [INFO] [path_server] 새로운 경로 설정 : path[1198 ➜ 108] time[0s] dist[69m] list[47] : 1198-1199-1053-1054-1055-1056-1057-1058-1059-1060-1061-1062-1063-1064-1065-40-1067-1068-1069-1070-1071-1072-1073-1074-1075-1076-1159-1158-1157-1160-1161-1162-1163-1164-1165-1166-1167-1168-41-1170-1171-1172-1173-1174-1175-1176-108
[2026-08-11 17:31:10.821537] [INFO] [path_server] 노드 업데이트 : [1199] ➜ [1053]
[2026-08-11 17:31:10.901382] [INFO] [path_server] 새로운 경로 설정 : path[1199 ➜ 108] time[0s] dist[67.5m] list[46] : 1199-1053-1054-1055-1056-1057-1058-1059-1060-1061-1062-1063-1064-1065-40-1067-1068-1069-1070-1071-1072-1073-1074-1075-1076-1159-1158-1157-1160-1161-1162-1163-1164-1165-1166-1167-1168-41-1170-1171-1172-1173-1174-1175-1176-108
[2026-08-11 17:31:11.919349] [INFO] [path_server] 노드 업데이트 : [1053] ➜ [1054]
[2026-08-11 17:31:11.979268] [INFO] [path_server] 새로운 경로 설정 : path[1053 ➜ 108] time[0s] dist[66m] list[45] : 1053-1054-1055-1056-1057-1058-1059-1060-1061-1062-1063-1064-1065-40-1067-1068-1069-1070-1071-1072-1073-1074-1075-1076-1159-1158-1157-1160-1161-1162-1163-1164-1165-1166-1167-1168-41-1170-1171-1172-1173-1174-1175-1176-108
[2026-08-11 17:31:12.737960] [INFO] [path_server] 노드 업데이트 : [1054] ➜ [1055]
[2026-08-11 17:31:12.817832] [INFO] [path_server] 새로운 경로 설정 : path[1054 ➜ 108] time[0s] dist[64.5m] list[44] : 1054-1055-1056-1057-1058-1059-1060-1061-1062-1063-1064-1065-40-1067-1068-1069-1070-1071-1072-1073-1074-1075-1076-1159-1158-1157-1160-1161-1162-1163-1164-1165-1166-1167-1168-41-1170-1171-1172-1173-1174-1175-1176-108
[2026-08-11 17:31:13.476674] [INFO] [path_server] 노드 업데이트 : [1055] ➜ [1056]
[2026-08-11 17:31:13.536620] [INFO] [path_server] 새로운 경로 설정 : path[1055 ➜ 108] time[0s] dist[63m] list[43] : 1055-1056-1057-1058-1059-1060-1061-1062-1063-1064-1065-40-1067-1068-1069-1070-1071-1072-1073-1074-1075-1076-1159-1158-1157-1160-1161-1162-1163-1164-1165-1166-1167-1168-41-1170-1171-1172-1173-1174-1175-1176-108
[2026-08-11 17:31:14.734254] [INFO] [path_server] 노드 업데이트 : [1056] ➜ [1057]
[2026-08-11 17:31:14.794154] [INFO] [path_server] 새로운 경로 설정 : path[1056 ➜ 108] time[0s] dist[61.5m] list[42] : 1056-1057-1058-1059-1060-1061-1062-1063-1064-1065-40-1067-1068-1069-1070-1071-1072-1073-1074-1075-1076-1159-1158-1157-1160-1161-1162-1163-1164-1165-1166-1167-1168-41-1170-1171-1172-1173-1174-1175-1176-108
[2026-08-11 17:31:18.027701] [INFO] [path_server] 노드 업데이트 : [1057] ➜ [1058]
[2026-08-11 17:31:18.087633] [INFO] [path_server] 새로운 경로 설정 : path[1057 ➜ 108] time[0s] dist[60m] list[41] : 1057-1058-1059-1060-1061-1062-1063-1064-1065-40-1067-1068-1069-1070-1071-1072-1073-1074-1075-1076-1159-1158-1157-1160-1161-1162-1163-1164-1165-1166-1167-1168-41-1170-1171-1172-1173-1174-1175-1176-108
[2026-08-11 17:31:19.185643] [INFO] [path_server] 노드 업데이트 : [1058] ➜ [1059]
[2026-08-11 17:31:19.265529] [INFO] [path_server] 새로운 경로 설정 : path[1058 ➜ 108] time[0s] dist[58.5m] list[40] : 1058-1059-1060-1061-1062-1063-1064-1065-40-1067-1068-1069-1070-1071-1072-1073-1074-1075-1076-1159-1158-1157-1160-1161-1162-1163-1164-1165-1166-1167-1168-41-1170-1171-1172-1173-1174-1175-1176-108
[2026-08-11 17:31:20.023978] [INFO] [path_server] 노드 업데이트 : [1059] ➜ [1060]
[2026-08-11 17:31:20.103858] [INFO] [path_server] 새로운 경로 설정 : path[1059 ➜ 108] time[0s] dist[57m] list[39] : 1059-1060-1061-1062-1063-1064-1065-40-1067-1068-1069-1070-1071-1072-1073-1074-1075-1076-1159-1158-1157-1160-1161-1162-1163-1164-1165-1166-1167-1168-41-1170-1171-1172-1173-1174-1175-1176-108
[2026-08-11 17:31:20.762591] [INFO] [path_server] 노드 업데이트 : [1060] ➜ [1061]
[2026-08-11 17:31:20.822514] [INFO] [path_server] 새로운 경로 설정 : path[1060 ➜ 108] time[0s] dist[55.5m] list[38] : 1060-1061-1062-1063-1064-1065-40-1067-1068-1069-1070-1071-1072-1073-1074-1075-1076-1159-1158-1157-1160-1161-1162-1163-1164-1165-1166-1167-1168-41-1170-1171-1172-1173-1174-1175-1176-108
[2026-08-11 17:31:21.521064] [INFO] [path_server] 노드 업데이트 : [1061] ➜ [1062]
[2026-08-11 17:31:21.600974] [INFO] [path_server] 새로운 경로 설정 : path[1061 ➜ 108] time[0s] dist[54m] list[37] : 1061-1062-1063-1064-1065-40-1067-1068-1069-1070-1071-1072-1073-1074-1075-1076-1159-1158-1157-1160-1161-1162-1163-1164-1165-1166-1167-1168-41-1170-1171-1172-1173-1174-1175-1176-108
[2026-08-11 17:31:22.279458] [INFO] [path_server] 노드 업데이트 : [1062] ➜ [1063]
[2026-08-11 17:31:22.359421] [INFO] [path_server] 새로운 경로 설정 : path[1062 ➜ 108] time[0s] dist[52.5m] list[36] : 1062-1063-1064-1065-40-1067-1068-1069-1070-1071-1072-1073-1074-1075-1076-1159-1158-1157-1160-1161-1162-1163-1164-1165-1166-1167-1168-41-1170-1171-1172-1173-1174-1175-1176-108
[2026-08-11 17:31:23.018153] [INFO] [path_server] 노드 업데이트 : [1063] ➜ [1064]
[2026-08-11 17:31:23.098050] [INFO] [path_server] 새로운 경로 설정 : path[1063 ➜ 108] time[0s] dist[51m] list[35] : 1063-1064-1065-40-1067-1068-1069-1070-1071-1072-1073-1074-1075-1076-1159-1158-1157-1160-1161-1162-1163-1164-1165-1166-1167-1168-41-1170-1171-1172-1173-1174-1175-1176-108
[2026-08-11 17:31:23.776648] [INFO] [path_server] 노드 업데이트 : [1064] ➜ [1065]
[2026-08-11 17:31:23.856612] [INFO] [path_server] 새로운 경로 설정 : path[1064 ➜ 108] time[0s] dist[49.5m] list[34] : 1064-1065-40-1067-1068-1069-1070-1071-1072-1073-1074-1075-1076-1159-1158-1157-1160-1161-1162-1163-1164-1165-1166-1167-1168-41-1170-1171-1172-1173-1174-1175-1176-108
[2026-08-11 17:31:24.515285] [INFO] [path_server] 노드 업데이트 : [1065] ➜ [40]
[2026-08-11 17:31:24.595163] [INFO] [path_server] 새로운 경로 설정 : path[1065 ➜ 108] time[0s] dist[48m] list[33] : 1065-40-1067-1068-1069-1070-1071-1072-1073-1074-1075-1076-1159-1158-1157-1160-1161-1162-1163-1164-1165-1166-1167-1168-41-1170-1171-1172-1173-1174-1175-1176-108
[2026-08-11 17:31:25.273739] [INFO] [path_server] 노드 업데이트 : [40] ➜ [1067]
[2026-08-11 17:31:25.353676] [INFO] [path_server] 새로운 경로 설정 : path[40 ➜ 108] time[0s] dist[46.5m] list[32] : 40-1067-1068-1069-1070-1071-1072-1073-1074-1075-1076-1159-1158-1157-1160-1161-1162-1163-1164-1165-1166-1167-1168-41-1170-1171-1172-1173-1174-1175-1176-108
[2026-08-11 17:31:26.012314] [INFO] [path_server] 노드 업데이트 : [1067] ➜ [1068]
[2026-08-11 17:31:26.092169] [INFO] [path_server] 새로운 경로 설정 : path[1067 ➜ 108] time[0s] dist[45m] list[31] : 1067-1068-1069-1070-1071-1072-1073-1074-1075-1076-1159-1158-1157-1160-1161-1162-1163-1164-1165-1166-1167-1168-41-1170-1171-1172-1173-1174-1175-1176-108
[2026-08-11 17:31:26.770771] [INFO] [path_server] 노드 업데이트 : [1068] ➜ [1069]
[2026-08-11 17:31:26.850685] [INFO] [path_server] 새로운 경로 설정 : path[1068 ➜ 108] time[0s] dist[43.5m] list[30] : 1068-1069-1070-1071-1072-1073-1074-1075-1076-1159-1158-1157-1160-1161-1162-1163-1164-1165-1166-1167-1168-41-1170-1171-1172-1173-1174-1175-1176-108
[2026-08-11 17:31:27.529329] [INFO] [path_server] 노드 업데이트 : [1069] ➜ [1070]
[2026-08-11 17:31:27.589251] [INFO] [path_server] 새로운 경로 설정 : path[1069 ➜ 108] time[0s] dist[42m] list[29] : 1069-1070-1071-1072-1073-1074-1075-1076-1159-1158-1157-1160-1161-1162-1163-1164-1165-1166-1167-1168-41-1170-1171-1172-1173-1174-1175-1176-108
[2026-08-11 17:31:28.267797] [INFO] [path_server] 노드 업데이트 : [1070] ➜ [1071]
[2026-08-11 17:31:28.347708] [INFO] [path_server] 새로운 경로 설정 : path[1070 ➜ 108] time[0s] dist[40.5m] list[28] : 1070-1071-1072-1073-1074-1075-1076-1159-1158-1157-1160-1161-1162-1163-1164-1165-1166-1167-1168-41-1170-1171-1172-1173-1174-1175-1176-108
[2026-08-11 17:31:29.026344] [INFO] [path_server] 노드 업데이트 : [1071] ➜ [1072]
[2026-08-11 17:31:29.086265] [INFO] [path_server] 새로운 경로 설정 : path[1071 ➜ 108] time[0s] dist[39m] list[27] : 1071-1072-1073-1074-1075-1076-1159-1158-1157-1160-1161-1162-1163-1164-1165-1166-1167-1168-41-1170-1171-1172-1173-1174-1175-1176-108
[2026-08-11 17:31:29.764926] [INFO] [path_server] 노드 업데이트 : [1072] ➜ [1073]
[2026-08-11 17:31:29.844853] [INFO] [path_server] 새로운 경로 설정 : path[1072 ➜ 108] time[0s] dist[37.5m] list[26] : 1072-1073-1074-1075-1076-1159-1158-1157-1160-1161-1162-1163-1164-1165-1166-1167-1168-41-1170-1171-1172-1173-1174-1175-1176-108
[2026-08-11 17:31:30.523468] [INFO] [path_server] 노드 업데이트 : [1073] ➜ [1074]
[2026-08-11 17:31:30.583398] [INFO] [path_server] 새로운 경로 설정 : path[1073 ➜ 108] time[0s] dist[36m] list[25] : 1073-1074-1075-1076-1159-1158-1157-1160-1161-1162-1163-1164-1165-1166-1167-1168-41-1170-1171-1172-1173-1174-1175-1176-108
[2026-08-11 17:31:31.281892] [INFO] [path_server] 노드 업데이트 : [1074] ➜ [1075]
[2026-08-11 17:31:31.381690] [INFO] [path_server] 새로운 경로 설정 : path[1074 ➜ 108] time[0s] dist[34.5m] list[24] : 1074-1075-1076-1159-1158-1157-1160-1161-1162-1163-1164-1165-1166-1167-1168-41-1170-1171-1172-1173-1174-1175-1176-108
[2026-08-11 17:31:32.020477] [INFO] [path_server] 노드 업데이트 : [1075] ➜ [1076]
[2026-08-11 17:31:32.100330] [INFO] [path_server] 새로운 경로 설정 : path[1075 ➜ 108] time[0s] dist[33m] list[23] : 1075-1076-1159-1158-1157-1160-1161-1162-1163-1164-1165-1166-1167-1168-41-1170-1171-1172-1173-1174-1175-1176-108
[2026-08-11 17:31:33.417520] [INFO] [path_server] 노드 업데이트 : [1076] ➜ [1159]
[2026-08-11 17:31:33.497400] [INFO] [path_server] 새로운 경로 설정 : path[1076 ➜ 108] time[0s] dist[31.5m] list[22] : 1076-1159-1158-1157-1160-1161-1162-1163-1164-1165-1166-1167-1168-41-1170-1171-1172-1173-1174-1175-1176-108
[2026-08-11 17:31:36.890582] [INFO] [path_server] 노드 업데이트 : [1159] ➜ [1158]
[2026-08-11 17:31:36.970423] [INFO] [path_server] 새로운 경로 설정 : path[1159 ➜ 108] time[0s] dist[30m] list[21] : 1159-1158-1157-1160-1161-1162-1163-1164-1165-1166-1167-1168-41-1170-1171-1172-1173-1174-1175-1176-108
[2026-08-11 17:31:38.008392] [INFO] [path_server] 노드 업데이트 : [1158] ➜ [1157]
[2026-08-11 17:31:38.088316] [INFO] [path_server] 새로운 경로 설정 : path[1158 ➜ 108] time[0s] dist[28.5m] list[20] : 1158-1157-1160-1161-1162-1163-1164-1165-1166-1167-1168-41-1170-1171-1172-1173-1174-1175-1176-108
[2026-08-11 17:31:39.425635] [INFO] [path_server] 노드 업데이트 : [1157] ➜ [1160]
[2026-08-11 17:31:39.485550] [INFO] [path_server] 새로운 경로 설정 : path[1157 ➜ 108] time[0s] dist[27m] list[19] : 1157-1160-1161-1162-1163-1164-1165-1166-1167-1168-41-1170-1171-1172-1173-1174-1175-1176-108
[2026-08-11 17:31:39.545402] [INFO] [health_monitor] [등록][100015, 200001] : 배터리 남은 양 - 주의
[2026-08-11 17:31:42.858798] [INFO] [path_server] 노드 업데이트 : [1160] ➜ [1161]
[2026-08-11 17:31:42.938752] [INFO] [path_server] 새로운 경로 설정 : path[1160 ➜ 108] time[0s] dist[25.5m] list[18] : 1160-1161-1162-1163-1164-1165-1166-1167-1168-41-1170-1171-1172-1173-1174-1175-1176-108
[2026-08-11 17:31:43.976731] [INFO] [path_server] 노드 업데이트 : [1161] ➜ [1162]
[2026-08-11 17:31:44.056651] [INFO] [path_server] 새로운 경로 설정 : path[1161 ➜ 108] time[0s] dist[24m] list[17] : 1161-1162-1163-1164-1165-1166-1167-1168-41-1170-1171-1172-1173-1174-1175-1176-108
[2026-08-11 17:31:44.795274] [INFO] [path_server] 노드 업데이트 : [1162] ➜ [1163]
[2026-08-11 17:31:44.855222] [INFO] [path_server] 새로운 경로 설정 : path[1162 ➜ 108] time[0s] dist[22.5m] list[16] : 1162-1163-1164-1165-1166-1167-1168-41-1170-1171-1172-1173-1174-1175-1176-108
[2026-08-11 17:31:45.533730] [INFO] [path_server] 노드 업데이트 : [1163] ➜ [1164]
[2026-08-11 17:31:45.613660] [INFO] [path_server] 새로운 경로 설정 : path[1163 ➜ 108] time[0s] dist[21m] list[15] : 1163-1164-1165-1166-1167-1168-41-1170-1171-1172-1173-1174-1175-1176-108
[2026-08-11 17:31:46.292472] [INFO] [path_server] 노드 업데이트 : [1164] ➜ [1165]
[2026-08-11 17:31:46.352361] [INFO] [path_server] 새로운 경로 설정 : path[1164 ➜ 108] time[0s] dist[19.5m] list[14] : 1164-1165-1166-1167-1168-41-1170-1171-1172-1173-1174-1175-1176-108
[2026-08-11 17:31:47.031007] [INFO] [path_server] 노드 업데이트 : [1165] ➜ [1166]
[2026-08-11 17:31:47.110928] [INFO] [path_server] 새로운 경로 설정 : path[1165 ➜ 108] time[0s] dist[18m] list[13] : 1165-1166-1167-1168-41-1170-1171-1172-1173-1174-1175-1176-108
[2026-08-11 17:31:47.789451] [INFO] [path_server] 노드 업데이트 : [1166] ➜ [1167]
[2026-08-11 17:31:47.849363] [INFO] [path_server] 새로운 경로 설정 : path[1166 ➜ 108] time[0s] dist[16.5m] list[12] : 1166-1167-1168-41-1170-1171-1172-1173-1174-1175-1176-108
[2026-08-11 17:31:48.547952] [INFO] [path_server] 노드 업데이트 : [1167] ➜ [1168]
[2026-08-11 17:31:48.627816] [INFO] [path_server] 새로운 경로 설정 : path[1167 ➜ 108] time[0s] dist[15m] list[11] : 1167-1168-41-1170-1171-1172-1173-1174-1175-1176-108
[2026-08-11 17:31:49.286568] [INFO] [path_server] 노드 업데이트 : [1168] ➜ [41]
[2026-08-11 17:31:49.346478] [INFO] [path_server] 새로운 경로 설정 : path[1168 ➜ 108] time[0s] dist[13.5m] list[10] : 1168-41-1170-1171-1172-1173-1174-1175-1176-108
[2026-08-11 17:31:50.044969] [INFO] [path_server] 노드 업데이트 : [41] ➜ [1170]
[2026-08-11 17:31:50.124850] [INFO] [path_server] 새로운 경로 설정 : path[41 ➜ 108] time[0s] dist[12m] list[9] : 41-1170-1171-1172-1173-1174-1175-1176-108
[2026-08-11 17:31:50.783513] [INFO] [path_server] 노드 업데이트 : [1170] ➜ [1171]
[2026-08-11 17:31:50.843439] [INFO] [path_server] 새로운 경로 설정 : path[1170 ➜ 108] time[0s] dist[10.5m] list[8] : 1170-1171-1172-1173-1174-1175-1176-108
[2026-08-11 17:31:51.542065] [INFO] [path_server] 노드 업데이트 : [1171] ➜ [1172]
[2026-08-11 17:31:51.622013] [INFO] [path_server] 새로운 경로 설정 : path[1171 ➜ 108] time[0s] dist[9m] list[7] : 1171-1172-1173-1174-1175-1176-108
[2026-08-11 17:31:52.280637] [INFO] [path_server] 노드 업데이트 : [1172] ➜ [1173]
[2026-08-11 17:31:52.340598] [INFO] [path_server] 새로운 경로 설정 : path[1172 ➜ 108] time[0s] dist[7.5m] list[6] : 1172-1173-1174-1175-1176-108
[2026-08-11 17:31:53.039146] [INFO] [path_server] 노드 업데이트 : [1173] ➜ [1174]
[2026-08-11 17:31:53.119004] [INFO] [path_server] 새로운 경로 설정 : path[1173 ➜ 108] time[0s] dist[6m] list[5] : 1173-1174-1175-1176-108
[2026-08-11 17:31:53.797565] [INFO] [path_server] 노드 업데이트 : [1174] ➜ [1175]
[2026-08-11 17:31:53.877481] [INFO] [path_server] 새로운 경로 설정 : path[1174 ➜ 108] time[0s] dist[4.5m] list[4] : 1174-1175-1176-108
[2026-08-11 17:31:54.536098] [INFO] [path_server] 노드 업데이트 : [1175] ➜ [1176]
[2026-08-11 17:31:54.596016] [INFO] [path_server] 새로운 경로 설정 : path[1175 ➜ 108] time[0s] dist[3m] list[3] : 1175-1176-108
[2026-08-11 17:31:55.853467] [INFO] [path_server] 노드 업데이트 : [1176] ➜ [108]
[2026-08-11 17:31:55.913342] [INFO] [path_server] 새로운 경로 설정 : path[1176 ➜ 108] time[0s] dist[1.5m] list[2] : 1176-108
[2026-08-11 17:31:59.825335] [INFO] [path_server] 노드 업데이트 : [108] ➜ [-1]
[2026-08-11 17:32:02.679463] [INFO] [course_tracker] 목적지에서 각도 정렬 : [27.500m 11.500m 0.000°]
[2026-08-11 17:32:03.657741] [INFO] [path_server] 노드 업데이트 : [108] ➜ [-1]
[2026-08-11 17:32:03.677756] [INFO] [task::fsm] push_done
[2026-08-11 17:32:03.737612] [INFO] [task::fsm] charging
[2026-08-11 17:32:03.737622] [INFO] [power_system] 충전 프로세스 시작
[2026-08-11 17:32:03.737637] [INFO] [health_monitor] [등록][100015, 100001] : 자동 충전 시작.
[2026-08-11 17:32:08.748168] [INFO] [health_monitor] [삭제][100015, 100001] : 자동 충전 시작.
[2026-08-11 17:32:12.341261] [INFO] [health_monitor] [삭제][100015, 200001] : 배터리 남은 양 - 주의
[2026-08-11 17:32:36.334677] [INFO] [power_system] 충전 완료
[2026-08-11 17:32:36.334695] [INFO] [health_monitor] [등록][100015, 100002] : 배터리 가득.
[2026-08-11 17:32:36.334697] [INFO] [health_monitor] [등록][100015, 100003] : 자동 충전 해제 시작.
[2026-08-11 17:32:41.344827] [INFO] [health_monitor] [삭제][100015, 100002] : 배터리 가득.
[2026-08-11 17:32:41.344832] [INFO] [health_monitor] [삭제][100015, 100003] : 자동 충전 해제 시작.
[2026-08-11 17:32:41.364820] [INFO] [power_system] 충전 해제 완료
[2026-08-11 17:32:41.364830] [INFO] [health_monitor] [등록][100015, 100004] : 자동 충전 해제 완료.
[2026-08-11 17:32:41.384702] [INFO] [task::fsm] discharging
[2026-08-11 17:32:41.384713] [INFO] [power_system] 충전 해제 프로세스 시작
[2026-08-11 17:32:41.384738] [INFO] [health_monitor] [등록][100015, 100003] : 자동 충전 해제 시작.
[2026-08-11 17:32:41.404786] [INFO] [task::fsm] idle
[2026-08-11 17:32:41.404793] [INFO] [path_server] 경로 삭제
[2026-08-11 17:32:41.404791] [INFO] [course_manager] 코스 삭제
[2026-08-11 17:32:41.424760] [INFO] [task::fsm] idle
[2026-08-11 17:32:41.424768] [INFO] [path_server] 경로 삭제
[2026-08-11 17:32:41.424766] [INFO] [course_manager] 코스 삭제
[2026-08-11 17:32:46.374941] [INFO] [health_monitor] [삭제][100015, 100004] : 자동 충전 해제 완료.
[2026-08-11 17:32:46.394850] [INFO] [health_monitor] [삭제][100015, 100003] : 자동 충전 해제 시작.
[2026-08-11 17:34:34.363311] [INFO] [framework] 프로그램 시작
[2026-08-11 17:34:34.363314] [WARNING] [framework] 프로그램 시작
[2026-08-11 17:34:34.363317] [INFO] [framework] 설정 파일 위치 : ../configs/robot_6
[2026-08-11 17:34:34.363316] [CRITICAL] [framework] 프로그램 시작
[2026-08-11 17:34:46.269250] [INFO] [framework] 프로그램 시작
[2026-08-11 17:34:46.269253] [WARNING] [framework] 프로그램 시작
[2026-08-11 17:34:46.269257] [INFO] [framework] 설정 파일 위치 : ../configs/robot_6
[2026-08-11 17:34:46.269256] [CRITICAL] [framework] 프로그램 시작
[2026-08-11 17:34:46.269399] [INFO] [framework] ID[0, 6], 이름[양식스], 제어주기[20ms], 버젼[], 장소[우리집], 환경모드[simulation]
[2026-08-11 17:34:46.269423] [INFO] [mediator] 생성
[2026-08-11 17:34:46.269446] [INFO] [graph_manager] 생성
[2026-08-11 17:34:46.317683] [INFO] [stop_server] 생성
[2026-08-11 17:34:46.317747] [INFO] [health_monitor] 생성
[2026-08-11 17:34:46.317772] [INFO] [path_server] 생성
[2026-08-11 17:34:46.317796] [INFO] [course_manager] 생성
[2026-08-11 17:34:46.317817] [INFO] [task::fsm] 생성
[2026-08-11 17:34:46.317819] [INFO] [task::fsm] idle
[2026-08-11 17:34:46.317843] [INFO] [course_manager] 코스 삭제
[2026-08-11 17:34:46.317845] [INFO] [path_server] 경로 삭제
[2026-08-11 17:34:46.317876] [INFO] [task_manager] 생성
[2026-08-11 17:34:46.318037] [INFO] [mediator] connectors 생성
[2026-08-11 17:34:46.318063] [INFO] [fms] 생성
[2026-08-11 17:34:46.318066] [INFO] [fms] 통신 드라이버 생성
[2026-08-11 17:34:46.318500] [INFO] [motions] 생성
[2026-08-11 17:34:46.318531] [INFO] [localizers] 생성
[2026-08-11 17:34:46.318672] [INFO] [localizers] 파라미터 : 

[2026-08-11 17:34:46.318697] [INFO] [safety_plc] 생성
[2026-08-11 17:34:46.318719] [INFO] [load_handler] 생성
[2026-08-11 17:34:46.318749] [INFO] [power_system] 생성
[2026-08-11 17:34:46.318907] [INFO] [power_system] 설정 정보 : remaining[40%, 10%, 5%]
[2026-08-11 17:34:46.319556] [INFO] [power_system] 알람 목록 : 
 • [100015, 100001] [INFO] 자동 충전 시작.
 • [100015, 100002] [INFO] 배터리 가득.
 • [100015, 400001] [CRIT] 배터리 남은 양 - 위험
 • [100015, 300001] [ERROR] 배터리 남은 양 - 에러
 • [100015, 200001] [WARN] 배터리 남은 양 - 주의
 • [100015, 100004] [INFO] 자동 충전 해제 완료.
 • [100015, 100003] [INFO] 자동 충전 해제 시작.
[2026-08-11 17:34:46.319562] [INFO] [mediator] connector 의존성 주입
[2026-08-11 17:34:46.319566] [INFO] [mediator] any map 등록
[2026-08-11 17:34:46.319573] [INFO] [mediator] any collector 등록
[2026-08-11 17:34:46.319576] [INFO] [mediator] any collector 목록 검사
[2026-08-11 17:34:46.319640] [INFO] [framework] after init 실행
[2026-08-11 17:34:46.320031] [INFO] [course_tracker] 생성
[2026-08-11 17:34:46.320049] [INFO] [course_tracker] 파라미터 : 
◈ node_bound[0.020m, 0.150m, 0.005m]
 • approach[0.150m, 0.050m/s, -0.005m, -0.200m, 0.100m]
 • align[(10.000°, 5.000°/s), 50.000°, 30.000°/s), 0.800°, -0.100°]
◈ motion param : 
 • reference_angle[0.000°, 45.000°]
 • threshold_angle[15.000°, 20.000°, 170.000°]
 • threshold_error[0.300°, 5.000°]
 • normal[0.150m/s, 8.000, 0.800m/s, 0.500]
 • angle[0.150m/s, 1.500, 0.800m/s, 2.100]
 • protection_overshoot[0.100m/s, 0.900, 0.500m/s, 0.900]
 • speed_rotation[15.000°/s]
[2026-08-11 17:34:46.320289] [INFO] [framework] 제어 쓰레드 시작
[2026-08-11 17:34:46.320326] [INFO] [path_server] 노드 초기화 성공 : 로봇 좌표[27.511m 11.503m -89.923°] 최단 거리 노드[108] 거리(0.011667m)
[2026-08-11 17:34:46.320365] [INFO] [health_monitor] [등록][100015, 200001] : 배터리 남은 양 - 주의
[2026-08-11 17:34:49.874459] [INFO] [task::fsm] charging
[2026-08-11 17:34:49.874481] [INFO] [health_monitor] [등록][100015, 100001] : 자동 충전 시작.
[2026-08-11 17:34:49.874468] [INFO] [power_system] 충전 프로세스 시작
[2026-08-11 17:34:54.884451] [INFO] [health_monitor] [삭제][100015, 100001] : 자동 충전 시작.
[2026-08-11 17:35:05.483227] [INFO] [health_monitor] [삭제][100015, 200001] : 배터리 남은 양 - 주의
[2026-08-11 17:35:29.495802] [INFO] [power_system] 충전 완료
[2026-08-11 17:35:29.495817] [INFO] [health_monitor] [등록][100015, 100002] : 배터리 가득.
[2026-08-11 17:35:29.495820] [INFO] [health_monitor] [등록][100015, 100003] : 자동 충전 해제 시작.
[2026-08-11 17:35:34.505839] [INFO] [health_monitor] [삭제][100015, 100002] : 배터리 가득.
[2026-08-11 17:35:34.505844] [INFO] [health_monitor] [삭제][100015, 100003] : 자동 충전 해제 시작.
[2026-08-11 17:35:34.525808] [INFO] [power_system] 충전 해제 완료
[2026-08-11 17:35:34.525821] [INFO] [health_monitor] [등록][100015, 100004] : 자동 충전 해제 완료.
[2026-08-11 17:35:34.545766] [INFO] [task::fsm] discharging
[2026-08-11 17:35:34.545773] [INFO] [power_system] 충전 해제 프로세스 시작
[2026-08-11 17:35:34.545782] [INFO] [health_monitor] [등록][100015, 100003] : 자동 충전 해제 시작.
[2026-08-11 17:35:34.565676] [INFO] [task::fsm] idle
[2026-08-11 17:35:34.565682] [INFO] [course_manager] 코스 삭제
[2026-08-11 17:35:34.565684] [INFO] [path_server] 경로 삭제
[2026-08-11 17:35:34.605634] [INFO] [task::fsm] idle
[2026-08-11 17:35:34.605637] [INFO] [course_manager] 코스 삭제
[2026-08-11 17:35:34.605639] [INFO] [path_server] 경로 삭제
[2026-08-11 17:35:39.536323] [INFO] [health_monitor] [삭제][100015, 100004] : 자동 충전 해제 완료.
[2026-08-11 17:35:39.556272] [INFO] [health_monitor] [삭제][100015, 100003] : 자동 충전 해제 시작.
[2026-08-11 17:37:29.604432] [INFO] [task::fsm] charging
[2026-08-11 17:37:29.604446] [INFO] [power_system] 충전 프로세스 시작
[2026-08-11 17:37:29.604468] [INFO] [health_monitor] [등록][100015, 100001] : 자동 충전 시작.
[2026-08-11 17:37:34.616416] [INFO] [health_monitor] [삭제][100015, 100001] : 자동 충전 시작.
[2026-08-11 17:37:42.981005] [INFO] [power_system] 충전 완료
[2026-08-11 17:37:42.981033] [INFO] [health_monitor] [등록][100015, 100003] : 자동 충전 해제 시작.
[2026-08-11 17:37:42.981029] [INFO] [health_monitor] [등록][100015, 100002] : 배터리 가득.
[2026-08-11 17:37:47.992053] [INFO] [health_monitor] [삭제][100015, 100002] : 배터리 가득.
[2026-08-11 17:37:47.992059] [INFO] [health_monitor] [삭제][100015, 100003] : 자동 충전 해제 시작.
[2026-08-11 17:37:48.011966] [INFO] [power_system] 충전 해제 완료
[2026-08-11 17:37:48.011977] [INFO] [health_monitor] [등록][100015, 100004] : 자동 충전 해제 완료.
[2026-08-11 17:37:48.031972] [INFO] [task::fsm] discharging
[2026-08-11 17:37:48.031979] [INFO] [power_system] 충전 해제 프로세스 시작
[2026-08-11 17:37:48.031987] [INFO] [health_monitor] [등록][100015, 100003] : 자동 충전 해제 시작.
[2026-08-11 17:37:48.051907] [INFO] [task::fsm] idle
[2026-08-11 17:37:48.051913] [INFO] [path_server] 경로 삭제
[2026-08-11 17:37:48.051912] [INFO] [course_manager] 코스 삭제
[2026-08-11 17:37:48.091810] [INFO] [task::fsm] idle
[2026-08-11 17:37:48.091815] [INFO] [course_manager] 코스 삭제
[2026-08-11 17:37:48.091816] [INFO] [path_server] 경로 삭제
[2026-08-11 17:37:53.022623] [INFO] [health_monitor] [삭제][100015, 100004] : 자동 충전 해제 완료.
[2026-08-11 17:37:53.042657] [INFO] [health_monitor] [삭제][100015, 100003] : 자동 충전 해제 시작.
[2026-08-11 17:39:43.103932] [INFO] [task::fsm] charging
[2026-08-11 17:39:43.103939] [INFO] [power_system] 충전 프로세스 시작
[2026-08-11 17:39:43.103950] [INFO] [health_monitor] [등록][100015, 100001] : 자동 충전 시작.
[2026-08-11 17:39:48.114734] [INFO] [health_monitor] [삭제][100015, 100001] : 자동 충전 시작.
[2026-08-11 17:39:56.478849] [INFO] [power_system] 충전 완료
[2026-08-11 17:39:56.478869] [INFO] [health_monitor] [등록][100015, 100002] : 배터리 가득.
[2026-08-11 17:39:56.478873] [INFO] [health_monitor] [등록][100015, 100003] : 자동 충전 해제 시작.
[2026-08-11 17:40:01.490422] [INFO] [health_monitor] [삭제][100015, 100002] : 배터리 가득.
[2026-08-11 17:40:01.490430] [INFO] [health_monitor] [삭제][100015, 100003] : 자동 충전 해제 시작.
[2026-08-11 17:40:01.510415] [INFO] [power_system] 충전 해제 완료
[2026-08-11 17:40:01.510428] [INFO] [health_monitor] [등록][100015, 100004] : 자동 충전 해제 완료.
[2026-08-11 17:40:01.530371] [INFO] [task::fsm] discharging
[2026-08-11 17:40:01.530377] [INFO] [power_system] 충전 해제 프로세스 시작
[2026-08-11 17:40:01.530386] [INFO] [health_monitor] [등록][100015, 100003] : 자동 충전 해제 시작.
[2026-08-11 17:40:01.550294] [INFO] [task::fsm] idle
[2026-08-11 17:40:01.550300] [INFO] [course_manager] 코스 삭제
[2026-08-11 17:40:01.550302] [INFO] [path_server] 경로 삭제
[2026-08-11 17:40:01.590268] [INFO] [task::fsm] idle
[2026-08-11 17:40:01.590275] [INFO] [course_manager] 코스 삭제
[2026-08-11 17:40:01.590277] [INFO] [path_server] 경로 삭제
[2026-08-11 17:40:32.788837] [INFO] [framework] 프로그램 시작
[2026-08-11 17:40:32.788840] [WARNING] [framework] 프로그램 시작
[2026-08-11 17:40:32.788844] [INFO] [framework] 설정 파일 위치 : ../configs/robot_6
[2026-08-11 17:40:32.788843] [CRITICAL] [framework] 프로그램 시작
[2026-08-11 17:40:32.788948] [INFO] [framework] ID[0, 6], 이름[양식스], 제어주기[20ms], 버젼[], 장소[우리집], 환경모드[simulation]
[2026-08-11 17:40:32.788966] [INFO] [mediator] 생성
[2026-08-11 17:40:32.788987] [INFO] [graph_manager] 생성
[2026-08-11 17:40:32.818650] [INFO] [stop_server] 생성
[2026-08-11 17:40:32.818665] [INFO] [health_monitor] 생성
[2026-08-11 17:40:32.818680] [INFO] [path_server] 생성
[2026-08-11 17:40:32.818691] [INFO] [course_manager] 생성
[2026-08-11 17:40:32.818701] [INFO] [task::fsm] 생성
[2026-08-11 17:40:32.818704] [INFO] [task::fsm] idle
[2026-08-11 17:40:32.818705] [INFO] [path_server] 경로 삭제
[2026-08-11 17:40:32.818705] [INFO] [course_manager] 코스 삭제
[2026-08-11 17:40:32.818716] [INFO] [task_manager] 생성
[2026-08-11 17:40:32.818830] [INFO] [mediator] connectors 생성
[2026-08-11 17:40:32.818849] [INFO] [fms] 생성
[2026-08-11 17:40:32.818850] [INFO] [fms] 통신 드라이버 생성
[2026-08-11 17:40:32.819151] [INFO] [motions] 생성
[2026-08-11 17:40:32.819169] [INFO] [localizers] 생성
[2026-08-11 17:40:32.819261] [INFO] [localizers] 파라미터 : 

[2026-08-11 17:40:32.819279] [INFO] [safety_plc] 생성
[2026-08-11 17:40:32.819292] [INFO] [load_handler] 생성
[2026-08-11 17:40:32.819305] [INFO] [power_system] 생성
[2026-08-11 17:40:32.819412] [INFO] [power_system] 설정 정보 : remaining[40%, 10%, 5%]
[2026-08-11 17:40:32.819837] [INFO] [power_system] 알람 목록 : 
 • [100015, 100001] [INFO] 자동 충전 시작.
 • [100015, 100002] [INFO] 배터리 가득.
 • [100015, 400001] [CRIT] 배터리 남은 양 - 위험
 • [100015, 300001] [ERROR] 배터리 남은 양 - 에러
 • [100015, 200001] [WARN] 배터리 남은 양 - 주의
 • [100015, 100004] [INFO] 자동 충전 해제 완료.
 • [100015, 100003] [INFO] 자동 충전 해제 시작.
[2026-08-11 17:40:32.819844] [INFO] [mediator] any map 등록
[2026-08-11 17:40:32.819839] [INFO] [mediator] connector 의존성 주입
[2026-08-11 17:40:32.819853] [INFO] [mediator] any collector 목록 검사
[2026-08-11 17:40:32.819850] [INFO] [mediator] any collector 등록
[2026-08-11 17:40:32.819898] [INFO] [framework] after init 실행
[2026-08-11 17:40:32.820288] [INFO] [course_tracker] 생성
[2026-08-11 17:40:32.820312] [INFO] [course_tracker] 파라미터 : 
◈ node_bound[0.020m, 0.150m, 0.005m]
 • approach[0.150m, 0.050m/s, -0.005m, -0.200m, 0.100m]
 • align[(10.000°, 5.000°/s), 50.000°, 30.000°/s), 0.800°, -0.100°]
◈ motion param : 
 • reference_angle[0.000°, 45.000°]
 • threshold_angle[15.000°, 20.000°, 170.000°]
 • threshold_error[0.300°, 5.000°]
 • normal[0.150m/s, 8.000, 0.800m/s, 0.500]
 • angle[0.150m/s, 1.500, 0.800m/s, 2.100]
 • protection_overshoot[0.100m/s, 0.900, 0.500m/s, 0.900]
 • speed_rotation[15.000°/s]
[2026-08-11 17:40:32.820316] [INFO] [framework] 제어 쓰레드 시작
[2026-08-11 17:40:32.820376] [INFO] [path_server] 노드 초기화 성공 : 로봇 좌표[27.511m 11.503m -89.923°] 최단 거리 노드[108] 거리(0.011667m)
[2026-08-11 17:40:32.820440] [INFO] [health_monitor] [등록][100015, 200001] : 배터리 남은 양 - 주의
[2026-08-11 17:40:32.940262] [INFO] [task::fsm] charging
[2026-08-11 17:40:32.940288] [INFO] [health_monitor] [등록][100015, 100001] : 자동 충전 시작.
[2026-08-11 17:40:32.940274] [INFO] [power_system] 충전 프로세스 시작
[2026-08-11 17:40:37.950182] [INFO] [health_monitor] [삭제][100015, 100001] : 자동 충전 시작.
[2026-08-11 17:40:48.330435] [INFO] [health_monitor] [삭제][100015, 200001] : 배터리 남은 양 - 주의
[2026-08-11 17:41:12.324719] [INFO] [power_system] 충전 완료
[2026-08-11 17:41:12.324750] [INFO] [health_monitor] [등록][100015, 100003] : 자동 충전 해제 시작.
[2026-08-11 17:41:12.324746] [INFO] [health_monitor] [등록][100015, 100002] : 배터리 가득.
[2026-08-11 17:41:17.335459] [INFO] [health_monitor] [삭제][100015, 100002] : 배터리 가득.
[2026-08-11 17:41:17.335465] [INFO] [health_monitor] [삭제][100015, 100003] : 자동 충전 해제 시작.
[2026-08-11 17:41:17.355366] [INFO] [power_system] 충전 해제 완료
[2026-08-11 17:41:17.355372] [INFO] [health_monitor] [등록][100015, 100004] : 자동 충전 해제 완료.
[2026-08-11 17:41:17.375383] [INFO] [task::fsm] discharging
[2026-08-11 17:41:17.375391] [INFO] [power_system] 충전 해제 프로세스 시작
[2026-08-11 17:41:17.375399] [INFO] [health_monitor] [등록][100015, 100003] : 자동 충전 해제 시작.
[2026-08-11 17:41:17.395343] [INFO] [task::fsm] idle
[2026-08-11 17:41:17.395348] [INFO] [course_manager] 코스 삭제
[2026-08-11 17:41:17.395350] [INFO] [path_server] 경로 삭제
[2026-08-11 17:41:17.435264] [INFO] [task::fsm] idle
[2026-08-11 17:41:17.435270] [INFO] [course_manager] 코스 삭제
[2026-08-11 17:41:17.435272] [INFO] [path_server] 경로 삭제
[2026-08-11 17:41:22.365808] [INFO] [health_monitor] [삭제][100015, 100004] : 자동 충전 해제 완료.
[2026-08-11 17:41:22.385819] [INFO] [health_monitor] [삭제][100015, 100003] : 자동 충전 해제 시작.
[2026-08-11 17:43:43.839995] [INFO] [framework] 프로그램 시작
[2026-08-11 17:43:43.839999] [WARNING] [framework] 프로그램 시작
[2026-08-11 17:43:43.840000] [CRITICAL] [framework] 프로그램 시작
[2026-08-11 17:44:21.655702] [INFO] [framework] 프로그램 시작
[2026-08-11 17:44:21.655708] [WARNING] [framework] 프로그램 시작
[2026-08-11 17:44:21.655713] [INFO] [framework] 설정 파일 위치 : ../configs/robot_6
[2026-08-11 17:44:21.655712] [CRITICAL] [framework] 프로그램 시작
[2026-08-11 17:44:21.655877] [INFO] [framework] ID[0, 6], 이름[양식스], 제어주기[20ms], 버젼[], 장소[우리집], 환경모드[simulation]
[2026-08-11 17:44:21.655910] [INFO] [mediator] 생성
[2026-08-11 17:44:21.655936] [INFO] [graph_manager] 생성
[2026-08-11 17:44:21.706527] [INFO] [stop_server] 생성
[2026-08-11 17:44:21.706572] [INFO] [health_monitor] 생성
[2026-08-11 17:44:21.706610] [INFO] [path_server] 생성
[2026-08-11 17:44:21.706631] [INFO] [course_manager] 생성
[2026-08-11 17:44:21.706651] [INFO] [task::fsm] 생성
[2026-08-11 17:44:21.706680] [INFO] [task::fsm] idle
[2026-08-11 17:44:21.706688] [INFO] [course_manager] 코스 삭제
[2026-08-11 17:44:21.706689] [INFO] [path_server] 경로 삭제
[2026-08-11 17:44:21.706708] [INFO] [task_manager] 생성
[2026-08-11 17:44:21.706911] [INFO] [mediator] connectors 생성
[2026-08-11 17:44:21.706934] [INFO] [fms] 생성
[2026-08-11 17:44:21.706935] [INFO] [fms] 통신 드라이버 생성
[2026-08-11 17:44:21.707332] [INFO] [motions] 생성
[2026-08-11 17:44:21.707363] [INFO] [localizers] 생성
[2026-08-11 17:44:21.707514] [INFO] [localizers] 파라미터 : 

[2026-08-11 17:44:21.707542] [INFO] [safety_plc] 생성
[2026-08-11 17:44:21.707563] [INFO] [load_handler] 생성
[2026-08-11 17:44:21.707756] [INFO] [power_system] 생성
[2026-08-11 17:44:21.707923] [INFO] [power_system] 설정 정보 : remaining[40%, 10%, 5%]
[2026-08-11 17:44:21.708520] [INFO] [power_system] 알람 목록 : 
 • [100015, 100001] [INFO] 자동 충전 시작.
 • [100015, 100002] [INFO] 배터리 가득.
 • [100015, 400001] [CRIT] 배터리 남은 양 - 위험
 • [100015, 300001] [ERROR] 배터리 남은 양 - 에러
 • [100015, 200001] [WARN] 배터리 남은 양 - 주의
 • [100015, 100004] [INFO] 자동 충전 해제 완료.
 • [100015, 100003] [INFO] 자동 충전 해제 시작.
[2026-08-11 17:44:21.708527] [INFO] [mediator] any map 등록
[2026-08-11 17:44:21.708533] [INFO] [mediator] any collector 등록
[2026-08-11 17:44:21.708524] [INFO] [mediator] connector 의존성 주입
[2026-08-11 17:44:21.708536] [INFO] [mediator] any collector 목록 검사
[2026-08-11 17:44:21.708619] [INFO] [framework] after init 실행
[2026-08-11 17:44:21.708967] [INFO] [course_tracker] 생성
[2026-08-11 17:44:21.708986] [INFO] [course_tracker] 파라미터 : 
◈ node_bound[0.020m, 0.150m, 0.005m]
 • approach[0.150m, 0.050m/s, -0.005m, -0.200m, 0.100m]
 • align[(10.000°, 5.000°/s), 50.000°, 30.000°/s), 0.800°, -0.100°]
◈ motion param : 
 • reference_angle[0.000°, 45.000°]
 • threshold_angle[15.000°, 20.000°, 170.000°]
 • threshold_error[0.300°, 5.000°]
 • normal[0.150m/s, 8.000, 0.800m/s, 0.500]
 • angle[0.150m/s, 1.500, 0.800m/s, 2.100]
 • protection_overshoot[0.100m/s, 0.900, 0.500m/s, 0.900]
 • speed_rotation[15.000°/s]
[2026-08-11 17:44:21.708991] [INFO] [framework] 제어 쓰레드 시작
[2026-08-11 17:44:21.709042] [INFO] [path_server] 노드 초기화 성공 : 로봇 좌표[27.511m 11.503m -89.923°] 최단 거리 노드[108] 거리(0.011667m)
[2026-08-11 17:44:21.709096] [INFO] [health_monitor] [등록][100015, 200001] : 배터리 남은 양 - 주의
[2026-08-11 17:44:21.808931] [INFO] [task::fsm] charging
[2026-08-11 17:44:21.808940] [INFO] [power_system] 충전 프로세스 시작
[2026-08-11 17:44:21.808954] [INFO] [health_monitor] [등록][100015, 100001] : 자동 충전 시작.
[2026-08-11 17:44:26.819251] [INFO] [health_monitor] [삭제][100015, 100001] : 자동 충전 시작.
[2026-08-11 17:44:37.200097] [INFO] [health_monitor] [삭제][100015, 200001] : 배터리 남은 양 - 주의
[2026-08-11 17:45:01.196560] [INFO] [power_system] 충전 완료
[2026-08-11 17:45:01.196585] [INFO] [health_monitor] [등록][100015, 100002] : 배터리 가득.
[2026-08-11 17:45:01.196590] [INFO] [health_monitor] [등록][100015, 100003] : 자동 충전 해제 시작.
[2026-08-11 17:45:06.207998] [INFO] [health_monitor] [삭제][100015, 100002] : 배터리 가득.
[2026-08-11 17:45:06.208013] [INFO] [health_monitor] [삭제][100015, 100003] : 자동 충전 해제 시작.
[2026-08-11 17:45:06.227967] [INFO] [power_system] 충전 해제 완료
[2026-08-11 17:45:06.227994] [INFO] [health_monitor] [등록][100015, 100004] : 자동 충전 해제 완료.
[2026-08-11 17:45:06.247870] [INFO] [task::fsm] discharging
[2026-08-11 17:45:06.247877] [INFO] [power_system] 충전 해제 프로세스 시작
[2026-08-11 17:45:06.247885] [INFO] [health_monitor] [등록][100015, 100003] : 자동 충전 해제 시작.
[2026-08-11 17:45:06.267758] [INFO] [task::fsm] idle
[2026-08-11 17:45:06.267764] [INFO] [course_manager] 코스 삭제
[2026-08-11 17:45:06.267766] [INFO] [path_server] 경로 삭제
[2026-08-11 17:45:06.307747] [INFO] [task::fsm] idle
[2026-08-11 17:45:06.307753] [INFO] [course_manager] 코스 삭제
[2026-08-11 17:45:06.307754] [INFO] [path_server] 경로 삭제
[2026-08-11 17:45:11.238517] [INFO] [health_monitor] [삭제][100015, 100004] : 자동 충전 해제 완료.
[2026-08-11 17:45:11.258474] [INFO] [health_monitor] [삭제][100015, 100003] : 자동 충전 해제 시작.
[2026-08-11 17:45:27.764646] [INFO] [framework] 프로그램 시작
[2026-08-11 17:45:27.764653] [WARNING] [framework] 프로그램 시작
[2026-08-11 17:45:27.764654] [CRITICAL] [framework] 프로그램 시작
[2026-08-11 17:45:27.764655] [INFO] [framework] 설정 파일 위치 : ../configs/robot_6
[2026-08-11 17:45:51.302746] [INFO] [framework] 프로그램 시작
[2026-08-11 17:45:51.302751] [WARNING] [framework] 프로그램 시작
[2026-08-11 17:45:51.302753] [INFO] [framework] 설정 파일 위치 : ../configs/robot_6
[2026-08-11 17:45:51.302753] [CRITICAL] [framework] 프로그램 시작
[2026-08-11 17:45:51.302899] [INFO] [framework] ID[0, 6], 이름[양식스], 제어주기[20ms], 버젼[], 장소[우리집], 환경모드[simulation]
[2026-08-11 17:45:51.302932] [INFO] [mediator] 생성
[2026-08-11 17:45:51.302959] [INFO] [graph_manager] 생성
[2026-08-11 17:45:51.343609] [INFO] [stop_server] 생성
[2026-08-11 17:45:51.343636] [INFO] [health_monitor] 생성
[2026-08-11 17:45:51.343661] [INFO] [path_server] 생성
[2026-08-11 17:45:51.343675] [INFO] [course_manager] 생성
[2026-08-11 17:45:51.343692] [INFO] [task::fsm] 생성
[2026-08-11 17:45:51.343693] [INFO] [task::fsm] idle
[2026-08-11 17:45:51.343701] [INFO] [course_manager] 코스 삭제
[2026-08-11 17:45:51.343709] [INFO] [path_server] 경로 삭제
[2026-08-11 17:45:51.343722] [INFO] [task_manager] 생성
[2026-08-11 17:45:51.343833] [INFO] [mediator] connectors 생성
[2026-08-11 17:45:51.343849] [INFO] [fms] 생성
[2026-08-11 17:45:51.343850] [INFO] [fms] 통신 드라이버 생성
[2026-08-11 17:45:51.344144] [INFO] [motions] 생성
[2026-08-11 17:45:51.344166] [INFO] [localizers] 생성
[2026-08-11 17:45:51.344258] [INFO] [localizers] 파라미터 : 

[2026-08-11 17:45:51.344276] [INFO] [safety_plc] 생성
[2026-08-11 17:45:51.344288] [INFO] [load_handler] 생성
[2026-08-11 17:45:51.344304] [INFO] [power_system] 생성
[2026-08-11 17:45:51.344415] [INFO] [power_system] 설정 정보 : remaining[40%, 10%, 5%]
[2026-08-11 17:45:51.344834] [INFO] [power_system] 알람 목록 : 
 • [100015, 100001] [INFO] 자동 충전 시작.
 • [100015, 100002] [INFO] 배터리 가득.
 • [100015, 400001] [CRIT] 배터리 남은 양 - 위험
 • [100015, 300001] [ERROR] 배터리 남은 양 - 에러
 • [100015, 200001] [WARN] 배터리 남은 양 - 주의
 • [100015, 100004] [INFO] 자동 충전 해제 완료.
 • [100015, 100003] [INFO] 자동 충전 해제 시작.
[2026-08-11 17:45:51.344845] [INFO] [mediator] any map 등록
[2026-08-11 17:45:51.344837] [INFO] [mediator] connector 의존성 주입
[2026-08-11 17:45:51.344855] [INFO] [mediator] any collector 목록 검사
[2026-08-11 17:45:51.344853] [INFO] [mediator] any collector 등록
[2026-08-11 17:45:51.344901] [INFO] [framework] after init 실행
[2026-08-11 17:45:51.345294] [INFO] [course_tracker] 생성
[2026-08-11 17:45:51.345317] [INFO] [course_tracker] 파라미터 : 
◈ node_bound[0.020m, 0.150m, 0.005m]
 • approach[0.150m, 0.050m/s, -0.005m, -0.200m, 0.100m]
 • align[(10.000°, 5.000°/s), 50.000°, 30.000°/s), 0.800°, -0.100°]
◈ motion param : 
 • reference_angle[0.000°, 45.000°]
 • threshold_angle[15.000°, 20.000°, 170.000°]
 • threshold_error[0.300°, 5.000°]
 • normal[0.150m/s, 8.000, 0.800m/s, 0.500]
 • angle[0.150m/s, 1.500, 0.800m/s, 2.100]
 • protection_overshoot[0.100m/s, 0.900, 0.500m/s, 0.900]
 • speed_rotation[15.000°/s]
[2026-08-11 17:45:51.345321] [INFO] [framework] 제어 쓰레드 시작
[2026-08-11 17:45:51.345376] [INFO] [path_server] 노드 초기화 성공 : 로봇 좌표[27.511m 11.503m -89.923°] 최단 거리 노드[108] 거리(0.011667m)
[2026-08-11 17:45:51.345444] [INFO] [health_monitor] [등록][100015, 200001] : 배터리 남은 양 - 주의
[2026-08-11 17:45:51.465245] [INFO] [task::fsm] charging
[2026-08-11 17:45:51.465262] [INFO] [power_system] 충전 프로세스 시작
[2026-08-11 17:45:51.465280] [INFO] [health_monitor] [등록][100015, 100001] : 자동 충전 시작.
[2026-08-11 17:45:56.475899] [INFO] [health_monitor] [삭제][100015, 100001] : 자동 충전 시작.
[2026-08-11 17:46:06.856608] [INFO] [health_monitor] [삭제][100015, 200001] : 배터리 남은 양 - 주의
[2026-08-11 17:46:30.850587] [INFO] [power_system] 충전 완료
[2026-08-11 17:46:30.850606] [INFO] [health_monitor] [등록][100015, 100002] : 배터리 가득.
[2026-08-11 17:46:30.850609] [INFO] [health_monitor] [등록][100015, 100003] : 자동 충전 해제 시작.
[2026-08-11 17:46:35.860530] [INFO] [health_monitor] [삭제][100015, 100002] : 배터리 가득.
[2026-08-11 17:46:35.860536] [INFO] [health_monitor] [삭제][100015, 100003] : 자동 충전 해제 시작.
[2026-08-11 17:46:35.880462] [INFO] [power_system] 충전 해제 완료
[2026-08-11 17:46:35.880477] [INFO] [health_monitor] [등록][100015, 100004] : 자동 충전 해제 완료.
[2026-08-11 17:46:35.900477] [INFO] [task::fsm] discharging
[2026-08-11 17:46:35.900483] [INFO] [power_system] 충전 해제 프로세스 시작
[2026-08-11 17:46:35.900492] [INFO] [health_monitor] [등록][100015, 100003] : 자동 충전 해제 시작.
[2026-08-11 17:46:35.920434] [INFO] [task::fsm] idle
[2026-08-11 17:46:35.920438] [INFO] [path_server] 경로 삭제
[2026-08-11 17:46:35.920437] [INFO] [course_manager] 코스 삭제
[2026-08-11 17:46:35.960340] [INFO] [task::fsm] idle
[2026-08-11 17:46:35.960347] [INFO] [path_server] 경로 삭제
[2026-08-11 17:46:35.960346] [INFO] [course_manager] 코스 삭제
[2026-08-11 17:46:40.892454] [INFO] [health_monitor] [삭제][100015, 100004] : 자동 충전 해제 완료.
[2026-08-11 17:46:40.912336] [INFO] [health_monitor] [삭제][100015, 100003] : 자동 충전 해제 시작.
[2026-08-11 17:50:10.514522] [INFO] [framework] 프로그램 시작
[2026-08-11 17:50:10.514527] [WARNING] [framework] 프로그램 시작
[2026-08-11 17:50:10.514530] [INFO] [framework] 설정 파일 위치 : ../configs/robot_6
[2026-08-11 17:50:10.514529] [CRITICAL] [framework] 프로그램 시작
[2026-08-11 17:50:10.514659] [INFO] [framework] ID[0, 6], 이름[양식스], 제어주기[20ms], 버젼[], 장소[우리집], 환경모드[simulation]
[2026-08-11 17:50:10.514682] [INFO] [mediator] 생성
[2026-08-11 17:50:10.514697] [INFO] [graph_manager] 생성
[2026-08-11 17:50:10.552202] [INFO] [stop_server] 생성
[2026-08-11 17:50:10.552246] [INFO] [health_monitor] 생성
[2026-08-11 17:50:10.552273] [INFO] [path_server] 생성
[2026-08-11 17:50:10.552297] [INFO] [course_manager] 생성
[2026-08-11 17:50:10.552319] [INFO] [task::fsm] 생성
[2026-08-11 17:50:10.552322] [INFO] [task::fsm] idle
[2026-08-11 17:50:10.552323] [INFO] [course_manager] 코스 삭제
[2026-08-11 17:50:10.552323] [INFO] [path_server] 경로 삭제
[2026-08-11 17:50:10.552344] [INFO] [task_manager] 생성
[2026-08-11 17:50:10.552504] [INFO] [mediator] connectors 생성
[2026-08-11 17:50:10.552530] [INFO] [fms] 생성
[2026-08-11 17:50:10.552532] [INFO] [fms] 통신 드라이버 생성
[2026-08-11 17:50:10.552985] [INFO] [motions] 생성
[2026-08-11 17:50:10.553016] [INFO] [localizers] 생성
[2026-08-11 17:50:10.553163] [INFO] [localizers] 파라미터 : 

[2026-08-11 17:50:10.553191] [INFO] [safety_plc] 생성
[2026-08-11 17:50:10.553214] [INFO] [load_handler] 생성
[2026-08-11 17:50:10.553236] [INFO] [power_system] 생성
[2026-08-11 17:50:10.553399] [INFO] [power_system] 설정 정보 : remaining[40%, 10%, 5%]
[2026-08-11 17:50:10.554096] [INFO] [power_system] 알람 목록 : 
 • [100015, 100001] [INFO] 자동 충전 시작.
 • [100015, 100002] [INFO] 배터리 가득.
 • [100015, 400001] [CRIT] 배터리 남은 양 - 위험
 • [100015, 300001] [ERROR] 배터리 남은 양 - 에러
 • [100015, 200001] [WARN] 배터리 남은 양 - 주의
 • [100015, 100004] [INFO] 자동 충전 해제 완료.
 • [100015, 100003] [INFO] 자동 충전 해제 시작.
[2026-08-11 17:50:10.554107] [INFO] [mediator] any map 등록
[2026-08-11 17:50:10.554104] [INFO] [mediator] connector 의존성 주입
[2026-08-11 17:50:10.554115] [INFO] [mediator] any collector 등록
[2026-08-11 17:50:10.554119] [INFO] [mediator] any collector 목록 검사
[2026-08-11 17:50:10.554199] [INFO] [framework] after init 실행
[2026-08-11 17:50:10.554613] [INFO] [course_tracker] 생성
[2026-08-11 17:50:10.554637] [INFO] [course_tracker] 파라미터 : 
◈ node_bound[0.020m, 0.150m, 0.005m]
 • approach[0.150m, 0.050m/s, -0.005m, -0.200m, 0.100m]
 • align[(10.000°, 5.000°/s), 50.000°, 30.000°/s), 0.800°, -0.100°]
◈ motion param : 
 • reference_angle[0.000°, 45.000°]
 • threshold_angle[15.000°, 20.000°, 170.000°]
 • threshold_error[0.300°, 5.000°]
 • normal[0.150m/s, 8.000, 0.800m/s, 0.500]
 • angle[0.150m/s, 1.500, 0.800m/s, 2.100]
 • protection_overshoot[0.100m/s, 0.900, 0.500m/s, 0.900]
 • speed_rotation[15.000°/s]
[2026-08-11 17:50:10.554641] [INFO] [framework] 제어 쓰레드 시작
[2026-08-11 17:50:10.554762] [INFO] [path_server] 노드 초기화 성공 : 로봇 좌표[27.511m 11.503m -89.923°] 최단 거리 노드[108] 거리(0.011667m)
[2026-08-11 17:50:10.554828] [INFO] [health_monitor] [등록][100015, 200001] : 배터리 남은 양 - 주의
[2026-08-11 17:50:10.654635] [INFO] [task::fsm] charging
[2026-08-11 17:50:10.654659] [INFO] [power_system] 충전 프로세스 시작
[2026-08-11 17:50:10.654701] [INFO] [health_monitor] [등록][100015, 100001] : 자동 충전 시작.
[2026-08-11 17:50:15.665192] [INFO] [health_monitor] [삭제][100015, 100001] : 자동 충전 시작.
[2026-08-11 17:50:26.044883] [INFO] [health_monitor] [삭제][100015, 200001] : 배터리 남은 양 - 주의
[2026-08-11 17:50:50.038678] [INFO] [power_system] 충전 완료
[2026-08-11 17:50:50.038695] [INFO] [health_monitor] [등록][100015, 100002] : 배터리 가득.
[2026-08-11 17:50:50.038698] [INFO] [health_monitor] [등록][100015, 100003] : 자동 충전 해제 시작.
[2026-08-11 17:50:55.049557] [INFO] [health_monitor] [삭제][100015, 100002] : 배터리 가득.
[2026-08-11 17:50:55.049567] [INFO] [health_monitor] [삭제][100015, 100003] : 자동 충전 해제 시작.
[2026-08-11 17:50:55.069552] [INFO] [power_system] 충전 해제 완료
[2026-08-11 17:50:55.069567] [INFO] [health_monitor] [등록][100015, 100004] : 자동 충전 해제 완료.
[2026-08-11 17:50:55.089539] [INFO] [task::fsm] discharging
[2026-08-11 17:50:55.089549] [INFO] [power_system] 충전 해제 프로세스 시작
[2026-08-11 17:50:55.089562] [INFO] [health_monitor] [등록][100015, 100003] : 자동 충전 해제 시작.
[2026-08-11 17:50:55.109453] [INFO] [task::fsm] idle
[2026-08-11 17:50:55.109463] [INFO] [path_server] 경로 삭제
[2026-08-11 17:50:55.109461] [INFO] [course_manager] 코스 삭제
[2026-08-11 17:50:55.149421] [INFO] [task::fsm] idle
[2026-08-11 17:50:55.149428] [INFO] [course_manager] 코스 삭제
[2026-08-11 17:50:55.149429] [INFO] [path_server] 경로 삭제
[2026-08-11 17:51:00.079659] [INFO] [health_monitor] [삭제][100015, 100004] : 자동 충전 해제 완료.
[2026-08-11 17:51:00.099677] [INFO] [health_monitor] [삭제][100015, 100003] : 자동 충전 해제 시작.
[2026-08-11 17:52:50.161809] [INFO] [task::fsm] charging
[2026-08-11 17:52:50.161831] [INFO] [health_monitor] [등록][100015, 100001] : 자동 충전 시작.
[2026-08-11 17:52:50.161817] [INFO] [power_system] 충전 프로세스 시작
[2026-08-11 17:52:55.172206] [INFO] [health_monitor] [삭제][100015, 100001] : 자동 충전 시작.
[2026-08-11 17:53:03.536011] [INFO] [power_system] 충전 완료
[2026-08-11 17:53:03.536031] [INFO] [health_monitor] [등록][100015, 100002] : 배터리 가득.
[2026-08-11 17:53:03.536035] [INFO] [health_monitor] [등록][100015, 100003] : 자동 충전 해제 시작.
[2026-08-11 17:53:08.546504] [INFO] [health_monitor] [삭제][100015, 100002] : 배터리 가득.
[2026-08-11 17:53:08.546511] [INFO] [health_monitor] [삭제][100015, 100003] : 자동 충전 해제 시작.
[2026-08-11 17:53:08.566506] [INFO] [power_system] 충전 해제 완료
[2026-08-11 17:53:08.566521] [INFO] [health_monitor] [등록][100015, 100004] : 자동 충전 해제 완료.
[2026-08-11 17:53:08.586561] [INFO] [task::fsm] discharging
[2026-08-11 17:53:08.586568] [INFO] [power_system] 충전 해제 프로세스 시작
[2026-08-11 17:53:08.586576] [INFO] [health_monitor] [등록][100015, 100003] : 자동 충전 해제 시작.
[2026-08-11 17:53:08.606485] [INFO] [task::fsm] idle
[2026-08-11 17:53:08.606492] [INFO] [course_manager] 코스 삭제
[2026-08-11 17:53:08.606493] [INFO] [path_server] 경로 삭제
[2026-08-11 17:53:08.646455] [INFO] [task::fsm] idle
[2026-08-11 17:53:08.646460] [INFO] [course_manager] 코스 삭제
[2026-08-11 17:53:08.646462] [INFO] [path_server] 경로 삭제
[2026-08-11 17:53:10.742301] [INFO] [path_server] 새로운 경로 설정 : path[108 ➜ 207] time[0s] dist[19.5m] list[14] : 108-1176-1177-1178-1081-1185-1186-1187-1188-1056-1057-1058-1059-207
[2026-08-11 17:53:10.742315] [INFO] [course_tracker] 방향 정렬 완료 
[2026-08-11 17:53:13.576468] [INFO] [health_monitor] [삭제][100015, 100004] : 자동 충전 해제 완료.
[2026-08-11 17:53:13.596426] [INFO] [health_monitor] [삭제][100015, 100003] : 자동 충전 해제 시작.
[2026-08-11 17:53:14.595041] [INFO] [path_server] 노드 업데이트 : [1176] ➜ [1177]
[2026-08-11 17:53:14.674928] [INFO] [path_server] 새로운 경로 설정 : path[1176 ➜ 207] time[0s] dist[18m] list[13] : 1176-1177-1178-1081-1185-1186-1187-1188-1056-1057-1058-1059-207
[2026-08-11 17:53:18.188253] [INFO] [path_server] 노드 업데이트 : [1177] ➜ [1178]
[2026-08-11 17:53:18.268143] [INFO] [path_server] 새로운 경로 설정 : path[1177 ➜ 207] time[0s] dist[16.5m] list[12] : 1177-1178-1081-1185-1186-1187-1188-1056-1057-1058-1059-207
[2026-08-11 17:53:19.305923] [INFO] [path_server] 노드 업데이트 : [1178] ➜ [1081]
[2026-08-11 17:53:19.385958] [INFO] [path_server] 새로운 경로 설정 : path[1178 ➜ 207] time[0s] dist[15m] list[11] : 1178-1081-1185-1186-1187-1188-1056-1057-1058-1059-207
[2026-08-11 17:53:20.124658] [INFO] [path_server] 노드 업데이트 : [1081] ➜ [1185]
[2026-08-11 17:53:20.184563] [INFO] [path_server] 새로운 경로 설정 : path[1081 ➜ 207] time[0s] dist[13.5m] list[10] : 1081-1185-1186-1187-1188-1056-1057-1058-1059-207
[2026-08-11 17:53:21.541812] [INFO] [path_server] 노드 업데이트 : [1185] ➜ [1186]
[2026-08-11 17:53:21.621676] [INFO] [path_server] 새로운 경로 설정 : path[1185 ➜ 207] time[0s] dist[12m] list[9] : 1185-1186-1187-1188-1056-1057-1058-1059-207
[2026-08-11 17:53:24.994827] [INFO] [path_server] 노드 업데이트 : [1186] ➜ [1187]
[2026-08-11 17:53:25.074693] [INFO] [path_server] 새로운 경로 설정 : path[1186 ➜ 207] time[0s] dist[10.5m] list[8] : 1186-1187-1188-1056-1057-1058-1059-207
[2026-08-11 17:53:26.092584] [INFO] [path_server] 노드 업데이트 : [1187] ➜ [1188]
[2026-08-11 17:53:26.152490] [INFO] [path_server] 새로운 경로 설정 : path[1187 ➜ 207] time[0s] dist[9m] list[7] : 1187-1188-1056-1057-1058-1059-207
[2026-08-11 17:53:27.350162] [INFO] [path_server] 노드 업데이트 : [1188] ➜ [1056]
[2026-08-11 17:53:27.409993] [INFO] [path_server] 새로운 경로 설정 : path[1188 ➜ 207] time[0s] dist[7.5m] list[6] : 1188-1056-1057-1058-1059-207
[2026-08-11 17:53:30.623538] [INFO] [path_server] 노드 업데이트 : [1056] ➜ [1057]
[2026-08-11 17:53:30.703383] [INFO] [path_server] 새로운 경로 설정 : path[1056 ➜ 207] time[0s] dist[6m] list[5] : 1056-1057-1058-1059-207
[2026-08-11 17:53:31.781075] [INFO] [path_server] 노드 업데이트 : [1057] ➜ [1058]
[2026-08-11 17:53:31.840926] [INFO] [path_server] 새로운 경로 설정 : path[1057 ➜ 207] time[0s] dist[4.5m] list[4] : 1057-1058-1059-207
[2026-08-11 17:53:32.619323] [INFO] [path_server] 노드 업데이트 : [1058] ➜ [1059]
[2026-08-11 17:53:32.679237] [INFO] [path_server] 새로운 경로 설정 : path[1058 ➜ 207] time[0s] dist[3m] list[3] : 1058-1059-207
[2026-08-11 17:53:35.353823] [INFO] [path_server] 노드 업데이트 : [1059] ➜ [207]
[2026-08-11 17:53:35.413764] [INFO] [path_server] 새로운 경로 설정 : path[1059 ➜ 207] time[0s] dist[1.5m] list[2] : 1059-207
[2026-08-11 17:53:39.525894] [INFO] [path_server] 노드 업데이트 : [207] ➜ [-1]
[2026-08-11 17:53:42.400183] [INFO] [course_tracker] 목적지에서 각도 정렬 : [27.500m 16.000m 0.000°]
[2026-08-11 17:53:43.358370] [INFO] [path_server] 노드 업데이트 : [207] ➜ [-1]
[2026-08-11 17:53:43.378329] [INFO] [task::fsm] push_done
[2026-08-11 17:53:43.438216] [INFO] [task::fsm] idle
[2026-08-11 17:53:43.438222] [INFO] [course_manager] 코스 삭제
[2026-08-11 17:53:43.438237] [INFO] [path_server] 경로 삭제
[2026-08-11 17:55:14.958240] [INFO] [path_server] 새로운 경로 설정 : path[207 ➜ 107] time[0s] dist[57m] list[39] : 207-1059-1060-1061-1062-1063-1064-1065-40-1067-1068-1069-1070-1071-1072-1073-1074-1075-1076-1159-1158-1157-1160-1161-1162-1163-1164-1165-1166-1167-1168-41-1170-1171-1172-1173-1174-1175-107
[2026-08-11 17:55:17.114180] [INFO] [path_server] 노드 업데이트 : [1059] ➜ [1060]
[2026-08-11 17:55:17.174102] [INFO] [path_server] 새로운 경로 설정 : path[1059 ➜ 107] time[0s] dist[55.5m] list[38] : 1059-1060-1061-1062-1063-1064-1065-40-1067-1068-1069-1070-1071-1072-1073-1074-1075-1076-1159-1158-1157-1160-1161-1162-1163-1164-1165-1166-1167-1168-41-1170-1171-1172-1173-1174-1175-107
[2026-08-11 17:55:20.467351] [INFO] [path_server] 노드 업데이트 : [1060] ➜ [1061]
[2026-08-11 17:55:20.547318] [INFO] [path_server] 새로운 경로 설정 : path[1060 ➜ 107] time[0s] dist[54m] list[37] : 1060-1061-1062-1063-1064-1065-40-1067-1068-1069-1070-1071-1072-1073-1074-1075-1076-1159-1158-1157-1160-1161-1162-1163-1164-1165-1166-1167-1168-41-1170-1171-1172-1173-1174-1175-107
[2026-08-11 17:55:21.585123] [INFO] [path_server] 노드 업데이트 : [1061] ➜ [1062]
[2026-08-11 17:55:21.645031] [INFO] [path_server] 새로운 경로 설정 : path[1061 ➜ 107] time[0s] dist[52.5m] list[36] : 1061-1062-1063-1064-1065-40-1067-1068-1069-1070-1071-1072-1073-1074-1075-1076-1159-1158-1157-1160-1161-1162-1163-1164-1165-1166-1167-1168-41-1170-1171-1172-1173-1174-1175-107
[2026-08-11 17:55:22.423494] [INFO] [path_server] 노드 업데이트 : [1062] ➜ [1063]
[2026-08-11 17:55:22.483385] [INFO] [path_server] 새로운 경로 설정 : path[1062 ➜ 107] time[0s] dist[51m] list[35] : 1062-1063-1064-1065-40-1067-1068-1069-1070-1071-1072-1073-1074-1075-1076-1159-1158-1157-1160-1161-1162-1163-1164-1165-1166-1167-1168-41-1170-1171-1172-1173-1174-1175-107
[2026-08-11 17:55:23.161930] [INFO] [path_server] 노드 업데이트 : [1063] ➜ [1064]
[2026-08-11 17:55:23.241854] [INFO] [path_server] 새로운 경로 설정 : path[1063 ➜ 107] time[0s] dist[49.5m] list[34] : 1063-1064-1065-40-1067-1068-1069-1070-1071-1072-1073-1074-1075-1076-1159-1158-1157-1160-1161-1162-1163-1164-1165-1166-1167-1168-41-1170-1171-1172-1173-1174-1175-107
[2026-08-11 17:55:23.920443] [INFO] [path_server] 노드 업데이트 : [1064] ➜ [1065]
[2026-08-11 17:55:23.980395] [INFO] [path_server] 새로운 경로 설정 : path[1064 ➜ 107] time[0s] dist[48m] list[33] : 1064-1065-40-1067-1068-1069-1070-1071-1072-1073-1074-1075-1076-1159-1158-1157-1160-1161-1162-1163-1164-1165-1166-1167-1168-41-1170-1171-1172-1173-1174-1175-107
[2026-08-11 17:55:24.658949] [INFO] [path_server] 노드 업데이트 : [1065] ➜ [40]
[2026-08-11 17:55:24.738902] [INFO] [path_server] 새로운 경로 설정 : path[1065 ➜ 107] time[0s] dist[46.5m] list[32] : 1065-40-1067-1068-1069-1070-1071-1072-1073-1074-1075-1076-1159-1158-1157-1160-1161-1162-1163-1164-1165-1166-1167-1168-41-1170-1171-1172-1173-1174-1175-107
[2026-08-11 17:55:25.417480] [INFO] [path_server] 노드 업데이트 : [40] ➜ [1067]
[2026-08-11 17:55:25.477397] [INFO] [path_server] 새로운 경로 설정 : path[40 ➜ 107] time[0s] dist[45m] list[31] : 40-1067-1068-1069-1070-1071-1072-1073-1074-1075-1076-1159-1158-1157-1160-1161-1162-1163-1164-1165-1166-1167-1168-41-1170-1171-1172-1173-1174-1175-107
[2026-08-11 17:55:26.175938] [INFO] [path_server] 노드 업데이트 : [1067] ➜ [1068]
[2026-08-11 17:55:26.255824] [INFO] [path_server] 새로운 경로 설정 : path[1067 ➜ 107] time[0s] dist[43.5m] list[30] : 1067-1068-1069-1070-1071-1072-1073-1074-1075-1076-1159-1158-1157-1160-1161-1162-1163-1164-1165-1166-1167-1168-41-1170-1171-1172-1173-1174-1175-107
[2026-08-11 17:55:26.914371] [INFO] [path_server] 노드 업데이트 : [1068] ➜ [1069]
[2026-08-11 17:55:26.974275] [INFO] [path_server] 새로운 경로 설정 : path[1068 ➜ 107] time[0s] dist[42m] list[29] : 1068-1069-1070-1071-1072-1073-1074-1075-1076-1159-1158-1157-1160-1161-1162-1163-1164-1165-1166-1167-1168-41-1170-1171-1172-1173-1174-1175-107
[2026-08-11 17:55:27.673109] [INFO] [path_server] 노드 업데이트 : [1069] ➜ [1070]
[2026-08-11 17:55:27.752983] [INFO] [path_server] 새로운 경로 설정 : path[1069 ➜ 107] time[0s] dist[40.5m] list[28] : 1069-1070-1071-1072-1073-1074-1075-1076-1159-1158-1157-1160-1161-1162-1163-1164-1165-1166-1167-1168-41-1170-1171-1172-1173-1174-1175-107
[2026-08-11 17:55:28.411642] [INFO] [path_server] 노드 업데이트 : [1070] ➜ [1071]
[2026-08-11 17:55:28.471586] [INFO] [path_server] 새로운 경로 설정 : path[1070 ➜ 107] time[0s] dist[39m] list[27] : 1070-1071-1072-1073-1074-1075-1076-1159-1158-1157-1160-1161-1162-1163-1164-1165-1166-1167-1168-41-1170-1171-1172-1173-1174-1175-107
[2026-08-11 17:55:29.170039] [INFO] [path_server] 노드 업데이트 : [1071] ➜ [1072]
[2026-08-11 17:55:29.249962] [INFO] [path_server] 새로운 경로 설정 : path[1071 ➜ 107] time[0s] dist[37.5m] list[26] : 1071-1072-1073-1074-1075-1076-1159-1158-1157-1160-1161-1162-1163-1164-1165-1166-1167-1168-41-1170-1171-1172-1173-1174-1175-107
[2026-08-11 17:55:29.908541] [INFO] [path_server] 노드 업데이트 : [1072] ➜ [1073]
[2026-08-11 17:55:29.968464] [INFO] [path_server] 새로운 경로 설정 : path[1072 ➜ 107] time[0s] dist[36m] list[25] : 1072-1073-1074-1075-1076-1159-1158-1157-1160-1161-1162-1163-1164-1165-1166-1167-1168-41-1170-1171-1172-1173-1174-1175-107
[2026-08-11 17:55:30.666962] [INFO] [path_server] 노드 업데이트 : [1073] ➜ [1074]
[2026-08-11 17:55:30.766781] [INFO] [path_server] 새로운 경로 설정 : path[1073 ➜ 107] time[0s] dist[34.5m] list[24] : 1073-1074-1075-1076-1159-1158-1157-1160-1161-1162-1163-1164-1165-1166-1167-1168-41-1170-1171-1172-1173-1174-1175-107
[2026-08-11 17:55:31.425474] [INFO] [path_server] 노드 업데이트 : [1074] ➜ [1075]
[2026-08-11 17:55:31.505357] [INFO] [path_server] 새로운 경로 설정 : path[1074 ➜ 107] time[0s] dist[33m] list[23] : 1074-1075-1076-1159-1158-1157-1160-1161-1162-1163-1164-1165-1166-1167-1168-41-1170-1171-1172-1173-1174-1175-107
[2026-08-11 17:55:32.164282] [INFO] [path_server] 노드 업데이트 : [1075] ➜ [1076]
[2026-08-11 17:55:32.224206] [INFO] [path_server] 새로운 경로 설정 : path[1075 ➜ 107] time[0s] dist[31.5m] list[22] : 1075-1076-1159-1158-1157-1160-1161-1162-1163-1164-1165-1166-1167-1168-41-1170-1171-1172-1173-1174-1175-107
[2026-08-11 17:55:33.561731] [INFO] [path_server] 노드 업데이트 : [1076] ➜ [1159]
[2026-08-11 17:55:33.641673] [INFO] [path_server] 새로운 경로 설정 : path[1076 ➜ 107] time[0s] dist[30m] list[21] : 1076-1159-1158-1157-1160-1161-1162-1163-1164-1165-1166-1167-1168-41-1170-1171-1172-1173-1174-1175-107
[2026-08-11 17:55:37.035052] [INFO] [path_server] 노드 업데이트 : [1159] ➜ [1158]
[2026-08-11 17:55:37.115034] [INFO] [path_server] 새로운 경로 설정 : path[1159 ➜ 107] time[0s] dist[28.5m] list[20] : 1159-1158-1157-1160-1161-1162-1163-1164-1165-1166-1167-1168-41-1170-1171-1172-1173-1174-1175-107
[2026-08-11 17:55:38.152900] [INFO] [path_server] 노드 업데이트 : [1158] ➜ [1157]
[2026-08-11 17:55:38.212814] [INFO] [path_server] 새로운 경로 설정 : path[1158 ➜ 107] time[0s] dist[27m] list[19] : 1158-1157-1160-1161-1162-1163-1164-1165-1166-1167-1168-41-1170-1171-1172-1173-1174-1175-107
[2026-08-11 17:55:39.569964] [INFO] [path_server] 노드 업데이트 : [1157] ➜ [1160]
[2026-08-11 17:55:39.649839] [INFO] [path_server] 새로운 경로 설정 : path[1157 ➜ 107] time[0s] dist[25.5m] list[18] : 1157-1160-1161-1162-1163-1164-1165-1166-1167-1168-41-1170-1171-1172-1173-1174-1175-107
[2026-08-11 17:55:43.002822] [INFO] [path_server] 노드 업데이트 : [1160] ➜ [1161]
[2026-08-11 17:55:43.062759] [INFO] [path_server] 새로운 경로 설정 : path[1160 ➜ 107] time[0s] dist[24m] list[17] : 1160-1161-1162-1163-1164-1165-1166-1167-1168-41-1170-1171-1172-1173-1174-1175-107
[2026-08-11 17:55:44.120843] [INFO] [path_server] 노드 업데이트 : [1161] ➜ [1162]
[2026-08-11 17:55:44.180753] [INFO] [path_server] 새로운 경로 설정 : path[1161 ➜ 107] time[0s] dist[22.5m] list[16] : 1161-1162-1163-1164-1165-1166-1167-1168-41-1170-1171-1172-1173-1174-1175-107
[2026-08-11 17:55:44.939371] [INFO] [path_server] 노드 업데이트 : [1162] ➜ [1163]
[2026-08-11 17:55:45.019232] [INFO] [path_server] 새로운 경로 설정 : path[1162 ➜ 107] time[0s] dist[21m] list[15] : 1162-1163-1164-1165-1166-1167-1168-41-1170-1171-1172-1173-1174-1175-107
[2026-08-11 17:55:45.677872] [INFO] [path_server] 노드 업데이트 : [1163] ➜ [1164]
[2026-08-11 17:55:45.737778] [INFO] [path_server] 새로운 경로 설정 : path[1163 ➜ 107] time[0s] dist[19.5m] list[14] : 1163-1164-1165-1166-1167-1168-41-1170-1171-1172-1173-1174-1175-107
[2026-08-11 17:55:46.436338] [INFO] [path_server] 노드 업데이트 : [1164] ➜ [1165]
[2026-08-11 17:55:46.516192] [INFO] [path_server] 새로운 경로 설정 : path[1164 ➜ 107] time[0s] dist[18m] list[13] : 1164-1165-1166-1167-1168-41-1170-1171-1172-1173-1174-1175-107
[2026-08-11 17:55:47.174847] [INFO] [path_server] 노드 업데이트 : [1165] ➜ [1166]
[2026-08-11 17:55:47.234791] [INFO] [path_server] 새로운 경로 설정 : path[1165 ➜ 107] time[0s] dist[16.5m] list[12] : 1165-1166-1167-1168-41-1170-1171-1172-1173-1174-1175-107
[2026-08-11 17:55:47.933472] [INFO] [path_server] 노드 업데이트 : [1166] ➜ [1167]
[2026-08-11 17:55:48.013332] [INFO] [path_server] 새로운 경로 설정 : path[1166 ➜ 107] time[0s] dist[15m] list[11] : 1166-1167-1168-41-1170-1171-1172-1173-1174-1175-107
[2026-08-11 17:55:48.691823] [INFO] [path_server] 노드 업데이트 : [1167] ➜ [1168]
[2026-08-11 17:55:48.771736] [INFO] [path_server] 새로운 경로 설정 : path[1167 ➜ 107] time[0s] dist[13.5m] list[10] : 1167-1168-41-1170-1171-1172-1173-1174-1175-107
[2026-08-11 17:55:49.430379] [INFO] [path_server] 노드 업데이트 : [1168] ➜ [41]
[2026-08-11 17:55:49.510245] [INFO] [path_server] 새로운 경로 설정 : path[1168 ➜ 107] time[0s] dist[12m] list[9] : 1168-41-1170-1171-1172-1173-1174-1175-107
[2026-08-11 17:55:50.188737] [INFO] [path_server] 노드 업데이트 : [41] ➜ [1170]
[2026-08-11 17:55:50.268641] [INFO] [path_server] 새로운 경로 설정 : path[41 ➜ 107] time[0s] dist[10.5m] list[8] : 41-1170-1171-1172-1173-1174-1175-107
[2026-08-11 17:55:50.927237] [INFO] [path_server] 노드 업데이트 : [1170] ➜ [1171]
[2026-08-11 17:55:51.007088] [INFO] [path_server] 새로운 경로 설정 : path[1170 ➜ 107] time[0s] dist[9m] list[7] : 1170-1171-1172-1173-1174-1175-107
[2026-08-11 17:55:51.685686] [INFO] [path_server] 노드 업데이트 : [1171] ➜ [1172]
[2026-08-11 17:55:51.765597] [INFO] [path_server] 새로운 경로 설정 : path[1171 ➜ 107] time[0s] dist[7.5m] list[6] : 1171-1172-1173-1174-1175-107
[2026-08-11 17:55:52.424185] [INFO] [path_server] 노드 업데이트 : [1172] ➜ [1173]
[2026-08-11 17:55:52.504037] [INFO] [path_server] 새로운 경로 설정 : path[1172 ➜ 107] time[0s] dist[6m] list[5] : 1172-1173-1174-1175-107
[2026-08-11 17:55:53.182586] [INFO] [path_server] 노드 업데이트 : [1173] ➜ [1174]
[2026-08-11 17:55:53.262500] [INFO] [path_server] 새로운 경로 설정 : path[1173 ➜ 107] time[0s] dist[4.5m] list[4] : 1173-1174-1175-107
[2026-08-11 17:55:53.941111] [INFO] [path_server] 노드 업데이트 : [1174] ➜ [1175]
[2026-08-11 17:55:54.000990] [INFO] [path_server] 새로운 경로 설정 : path[1174 ➜ 107] time[0s] dist[3m] list[3] : 1174-1175-107
[2026-08-11 17:55:55.258496] [INFO] [path_server] 노드 업데이트 : [1175] ➜ [107]
[2026-08-11 17:55:55.338343] [INFO] [path_server] 새로운 경로 설정 : path[1175 ➜ 107] time[0s] dist[1.5m] list[2] : 1175-107
[2026-08-11 17:55:59.230529] [INFO] [path_server] 노드 업데이트 : [107] ➜ [-1]
[2026-08-11 17:56:02.064778] [INFO] [course_tracker] 목적지에서 각도 정렬 : [26.000m 11.500m 0.000°]
[2026-08-11 17:56:03.082606] [INFO] [path_server] 노드 업데이트 : [107] ➜ [-1]
[2026-08-11 17:56:03.102508] [INFO] [task::fsm] push_done
[2026-08-11 17:56:03.142474] [INFO] [task::fsm] charging
[2026-08-11 17:56:03.142481] [INFO] [power_system] 충전 프로세스 시작
[2026-08-11 17:56:03.142504] [INFO] [health_monitor] [등록][100015, 100001] : 자동 충전 시작.
[2026-08-11 17:56:08.152430] [INFO] [health_monitor] [삭제][100015, 100001] : 자동 충전 시작.
[2026-08-11 17:56:25.856938] [INFO] [power_system] 충전 완료
[2026-08-11 17:56:25.856955] [INFO] [health_monitor] [등록][100015, 100002] : 배터리 가득.
[2026-08-11 17:56:25.856958] [INFO] [health_monitor] [등록][100015, 100003] : 자동 충전 해제 시작.
[2026-08-11 17:56:30.867406] [INFO] [health_monitor] [삭제][100015, 100002] : 배터리 가득.
[2026-08-11 17:56:30.867413] [INFO] [health_monitor] [삭제][100015, 100003] : 자동 충전 해제 시작.
[2026-08-11 17:56:30.887307] [INFO] [power_system] 충전 해제 완료
[2026-08-11 17:56:30.887323] [INFO] [health_monitor] [등록][100015, 100004] : 자동 충전 해제 완료.
[2026-08-11 17:56:30.907295] [INFO] [task::fsm] discharging
[2026-08-11 17:56:30.907303] [INFO] [power_system] 충전 해제 프로세스 시작
[2026-08-11 17:56:30.907315] [INFO] [health_monitor] [등록][100015, 100003] : 자동 충전 해제 시작.
[2026-08-11 17:56:30.927276] [INFO] [task::fsm] idle
[2026-08-11 17:56:30.927285] [INFO] [path_server] 경로 삭제
[2026-08-11 17:56:30.927283] [INFO] [course_manager] 코스 삭제
[2026-08-11 17:56:30.967184] [INFO] [task::fsm] idle
[2026-08-11 17:56:30.967191] [INFO] [path_server] 경로 삭제
[2026-08-11 17:56:30.967189] [INFO] [course_manager] 코스 삭제
[2026-08-11 17:56:35.898979] [INFO] [health_monitor] [삭제][100015, 100004] : 자동 충전 해제 완료.
[2026-08-11 17:56:35.918911] [INFO] [health_monitor] [삭제][100015, 100003] : 자동 충전 해제 시작.
