[2026-08-11 16:38:01.959704] [INFO] [framework] 프로그램 시작
[2026-08-11 16:38:01.959710] [WARNING] [framework] 프로그램 시작
[2026-08-11 16:38:01.959711] [CRITICAL] [framework] 프로그램 시작
[2026-08-11 16:38:01.959711] [INFO] [framework] 설정 파일 위치 : ../configs/robot_1
[2026-08-11 16:38:01.959881] [INFO] [framework] ID[0, 1], 이름[김첫째], 제어주기[20ms], 버젼[], 장소[우리집], 환경모드[simulation]
[2026-08-11 16:38:01.959976] [INFO] [mediator] 생성
[2026-08-11 16:38:01.960041] [INFO] [graph_manager] 생성
[2026-08-11 16:38:02.001467] [INFO] [stop_server] 생성
[2026-08-11 16:38:02.001534] [INFO] [health_monitor] 생성
[2026-08-11 16:38:02.001596] [INFO] [path_server] 생성
[2026-08-11 16:38:02.001645] [INFO] [course_manager] 생성
[2026-08-11 16:38:02.001695] [INFO] [task::fsm] 생성
[2026-08-11 16:38:02.001696] [INFO] [task::fsm] idle
[2026-08-11 16:38:02.001714] [INFO] [course_manager] 코스 삭제
[2026-08-11 16:38:02.001716] [INFO] [path_server] 경로 삭제
[2026-08-11 16:38:02.001777] [INFO] [task_manager] 생성
[2026-08-11 16:38:02.001925] [INFO] [mediator] connectors 생성
[2026-08-11 16:38:02.001992] [INFO] [fms] 생성
[2026-08-11 16:38:02.001994] [INFO] [fms] 통신 드라이버 생성
[2026-08-11 16:38:02.002351] [INFO] [joystick] 생성
[2026-08-11 16:38:02.002700] [INFO] [motions] 생성
[2026-08-11 16:38:02.002768] [INFO] [localizers] 생성
[2026-08-11 16:38:02.002909] [INFO] [localizers] 파라미터 : 

[2026-08-11 16:38:02.002977] [INFO] [safety_plc] 생성
[2026-08-11 16:38:02.003030] [INFO] [load_handler] 생성
[2026-08-11 16:38:02.003087] [INFO] [power_system] 생성
[2026-08-11 16:38:02.003243] [INFO] [power_system] 설정 정보 : remaining[40%, 10%, 5%]
[2026-08-11 16:38:02.003871] [INFO] [power_system] 알람 목록 : 
 • [100015, 100001] [INFO] 자동 충전 시작.
 • [100015, 100002] [INFO] 배터리 가득.
 • [100015, 400001] [CRIT] 배터리 남은 양 - 위험
 • [100015, 300001] [ERROR] 배터리 남은 양 - 에러
 • [100015, 200001] [WARN] 배터리 남은 양 - 주의
 • [100015, 100004] [INFO] 자동 충전 해제 완료.
 • [100015, 100003] [INFO] 자동 충전 해제 시작.
[2026-08-11 16:38:02.003878] [INFO] [mediator] any map 등록
[2026-08-11 16:38:02.003876] [INFO] [mediator] connector 의존성 주입
[2026-08-11 16:38:02.003887] [INFO] [mediator] any collector 등록
[2026-08-11 16:38:02.003890] [INFO] [mediator] any collector 목록 검사
[2026-08-11 16:38:02.003958] [INFO] [framework] after init 실행
[2026-08-11 16:38:02.004375] [INFO] [course_tracker] 생성
[2026-08-11 16:38:02.004397] [INFO] [course_tracker] 파라미터 : 
◈ node_bound[0.030m, 0.150m, 0.005m]
 • approach[0.150m, 0.050m/s, -0.005m, -0.200m, 0.100m]
 • align[(10.000°, 5.000°/s), 50.000°, 30.000°/s), 0.800°, -0.100°]
◈ motion param : 
 • reference_angle[0.000°, 45.000°]
 • threshold_angle[15.000°, 20.000°, 170.000°]
 • threshold_error[0.300°, 5.000°]
 • normal[0.150m/s, 8.000, 0.800m/s, 0.500]
 • angle[0.150m/s, 1.500, 0.800m/s, 2.100]
 • protection_overshoot[0.100m/s, 0.900, 0.500m/s, 0.900]
 • speed_rotation[15.000°/s]
[2026-08-11 16:38:02.004401] [INFO] [framework] 제어 쓰레드 시작
[2026-08-11 16:38:02.004462] [INFO] [path_server] 노드 초기화 성공 : 로봇 좌표[22.004m 17.498m -179.646°] 최단 거리 노드[109] 거리(0.004150m)
[2026-08-11 16:40:31.632071] [INFO] [framework] 프로그램 시작
[2026-08-11 16:40:31.632077] [WARNING] [framework] 프로그램 시작
[2026-08-11 16:40:31.632079] [CRITICAL] [framework] 프로그램 시작
[2026-08-11 16:40:31.632079] [INFO] [framework] 설정 파일 위치 : ../configs/robot_1
[2026-08-11 16:40:31.632247] [INFO] [framework] ID[0, 1], 이름[김첫째], 제어주기[20ms], 버젼[], 장소[우리집], 환경모드[simulation]
[2026-08-11 16:40:31.632278] [INFO] [mediator] 생성
[2026-08-11 16:40:31.632304] [INFO] [graph_manager] 생성
[2026-08-11 16:40:31.673099] [INFO] [stop_server] 생성
[2026-08-11 16:40:31.673145] [INFO] [health_monitor] 생성
[2026-08-11 16:40:31.673169] [INFO] [path_server] 생성
[2026-08-11 16:40:31.673189] [INFO] [course_manager] 생성
[2026-08-11 16:40:31.673211] [INFO] [task::fsm] 생성
[2026-08-11 16:40:31.673219] [INFO] [task::fsm] idle
[2026-08-11 16:40:31.673221] [INFO] [course_manager] 코스 삭제
[2026-08-11 16:40:31.673222] [INFO] [path_server] 경로 삭제
[2026-08-11 16:40:31.673242] [INFO] [task_manager] 생성
[2026-08-11 16:40:31.673395] [INFO] [mediator] connectors 생성
[2026-08-11 16:40:31.673424] [INFO] [fms] 생성
[2026-08-11 16:40:31.673427] [INFO] [fms] 통신 드라이버 생성
[2026-08-11 16:40:31.673769] [INFO] [joystick] 생성
[2026-08-11 16:40:31.674067] [INFO] [motions] 생성
[2026-08-11 16:40:31.674097] [INFO] [localizers] 생성
[2026-08-11 16:40:31.674237] [INFO] [localizers] 파라미터 : 

[2026-08-11 16:40:31.674262] [INFO] [safety_plc] 생성
[2026-08-11 16:40:31.674283] [INFO] [load_handler] 생성
[2026-08-11 16:40:31.674304] [INFO] [power_system] 생성
[2026-08-11 16:40:31.674460] [INFO] [power_system] 설정 정보 : remaining[40%, 10%, 5%]
[2026-08-11 16:40:31.675079] [INFO] [power_system] 알람 목록 : 
 • [100015, 100001] [INFO] 자동 충전 시작.
 • [100015, 100002] [INFO] 배터리 가득.
 • [100015, 400001] [CRIT] 배터리 남은 양 - 위험
 • [100015, 300001] [ERROR] 배터리 남은 양 - 에러
 • [100015, 200001] [WARN] 배터리 남은 양 - 주의
 • [100015, 100004] [INFO] 자동 충전 해제 완료.
 • [100015, 100003] [INFO] 자동 충전 해제 시작.
[2026-08-11 16:40:31.675084] [INFO] [mediator] connector 의존성 주입
[2026-08-11 16:40:31.675088] [INFO] [mediator] any map 등록
[2026-08-11 16:40:31.675098] [INFO] [mediator] any collector 등록
[2026-08-11 16:40:31.675103] [INFO] [mediator] any collector 목록 검사
[2026-08-11 16:40:31.675177] [INFO] [framework] after init 실행
[2026-08-11 16:40:31.675584] [INFO] [course_tracker] 생성
[2026-08-11 16:40:31.675600] [INFO] [course_tracker] 파라미터 : 
◈ node_bound[0.030m, 0.150m, 0.005m]
 • approach[0.150m, 0.050m/s, -0.005m, -0.200m, 0.100m]
 • align[(10.000°, 5.000°/s), 50.000°, 30.000°/s), 0.800°, -0.100°]
◈ motion param : 
 • reference_angle[0.000°, 45.000°]
 • threshold_angle[15.000°, 20.000°, 170.000°]
 • threshold_error[0.300°, 5.000°]
 • normal[0.150m/s, 8.000, 0.800m/s, 0.500]
 • angle[0.150m/s, 1.500, 0.800m/s, 2.100]
 • protection_overshoot[0.100m/s, 0.900, 0.500m/s, 0.900]
 • speed_rotation[15.000°/s]
[2026-08-11 16:40:31.675602] [INFO] [framework] 제어 쓰레드 시작
[2026-08-11 16:40:31.675642] [INFO] [path_server] 노드 초기화 성공 : 로봇 좌표[22.004m 17.498m -179.646°] 최단 거리 노드[109] 거리(0.004150m)
[2026-08-11 16:42:03.856906] [INFO] [task::fsm] charging
[2026-08-11 16:42:03.856914] [INFO] [power_system] 충전 프로세스 시작
[2026-08-11 16:42:03.856928] [INFO] [health_monitor] [등록][100015, 100001] : 자동 충전 시작.
[2026-08-11 16:42:08.867124] [INFO] [health_monitor] [삭제][100015, 100001] : 자동 충전 시작.
[2026-08-11 16:42:21.384255] [INFO] [power_system] 충전 완료
[2026-08-11 16:42:21.384283] [INFO] [health_monitor] [등록][100015, 100003] : 자동 충전 해제 시작.
[2026-08-11 16:42:21.384278] [INFO] [health_monitor] [등록][100015, 100002] : 배터리 가득.
[2026-08-11 16:42:26.396405] [INFO] [health_monitor] [삭제][100015, 100002] : 배터리 가득.
[2026-08-11 16:42:26.396414] [INFO] [health_monitor] [삭제][100015, 100003] : 자동 충전 해제 시작.
[2026-08-11 16:42:26.416346] [INFO] [power_system] 충전 해제 완료
[2026-08-11 16:42:26.416354] [INFO] [health_monitor] [등록][100015, 100004] : 자동 충전 해제 완료.
[2026-08-11 16:42:26.436420] [INFO] [task::fsm] discharging
[2026-08-11 16:42:26.436438] [INFO] [health_monitor] [등록][100015, 100003] : 자동 충전 해제 시작.
[2026-08-11 16:42:26.436429] [INFO] [power_system] 충전 해제 프로세스 시작
[2026-08-11 16:42:26.456379] [INFO] [task::fsm] idle
[2026-08-11 16:42:26.456385] [INFO] [course_manager] 코스 삭제
[2026-08-11 16:42:26.456387] [INFO] [path_server] 경로 삭제
[2026-08-11 16:42:31.429022] [INFO] [health_monitor] [삭제][100015, 100004] : 자동 충전 해제 완료.
[2026-08-11 16:42:31.448971] [INFO] [health_monitor] [삭제][100015, 100003] : 자동 충전 해제 시작.
[2026-08-11 16:42:59.123098] [INFO] [task::fsm] idle
[2026-08-11 16:42:59.123104] [INFO] [course_manager] 코스 삭제
[2026-08-11 16:42:59.123106] [INFO] [path_server] 경로 삭제
[2026-08-11 16:43:09.444006] [INFO] [path_server] 새로운 경로 설정 : path[109 ➜ 102] time[0s] dist[63m] list[43] : 109-1170-1171-1172-1091-1092-1093-1094-1095-1074-1075-1076-1018-1019-1020-1011-1012-1035-1036-1037-1038-1039-1040-1041-1042-1112-1113-1114-1115-1116-1117-1118-1119-1120-1121-1122-1123-1179-1180-1181-1182-1183-102
[2026-08-11 16:43:09.444020] [INFO] [course_tracker] 방향 정렬 완료 
[2026-08-11 16:43:14.136063] [INFO] [path_server] 노드 업데이트 : [1170] ➜ [1171]
[2026-08-11 16:43:14.195957] [INFO] [path_server] 새로운 경로 설정 : path[1170 ➜ 102] time[0s] dist[61.5m] list[42] : 1170-1171-1172-1091-1092-1093-1094-1095-1074-1075-1076-1018-1019-1020-1011-1012-1035-1036-1037-1038-1039-1040-1041-1042-1112-1113-1114-1115-1116-1117-1118-1119-1120-1121-1122-1123-1179-1180-1181-1182-1183-102
[2026-08-11 16:43:17.829246] [INFO] [path_server] 노드 업데이트 : [1171] ➜ [1172]
[2026-08-11 16:43:17.909134] [INFO] [path_server] 새로운 경로 설정 : path[1171 ➜ 102] time[0s] dist[60m] list[41] : 1171-1172-1091-1092-1093-1094-1095-1074-1075-1076-1018-1019-1020-1011-1012-1035-1036-1037-1038-1039-1040-1041-1042-1112-1113-1114-1115-1116-1117-1118-1119-1120-1121-1122-1123-1179-1180-1181-1182-1183-102
[2026-08-11 16:43:18.947099] [INFO] [path_server] 노드 업데이트 : [1172] ➜ [1091]
[2026-08-11 16:43:19.027059] [INFO] [path_server] 새로운 경로 설정 : path[1172 ➜ 102] time[0s] dist[58.5m] list[40] : 1172-1091-1092-1093-1094-1095-1074-1075-1076-1018-1019-1020-1011-1012-1035-1036-1037-1038-1039-1040-1041-1042-1112-1113-1114-1115-1116-1117-1118-1119-1120-1121-1122-1123-1179-1180-1181-1182-1183-102
[2026-08-11 16:43:19.985235] [INFO] [path_server] 노드 업데이트 : [1091] ➜ [1092]
[2026-08-11 16:43:20.065164] [INFO] [path_server] 새로운 경로 설정 : path[1091 ➜ 102] time[0s] dist[57m] list[39] : 1091-1092-1093-1094-1095-1074-1075-1076-1018-1019-1020-1011-1012-1035-1036-1037-1038-1039-1040-1041-1042-1112-1113-1114-1115-1116-1117-1118-1119-1120-1121-1122-1123-1179-1180-1181-1182-1183-102
[2026-08-11 16:43:23.238760] [INFO] [path_server] 노드 업데이트 : [1092] ➜ [1093]
[2026-08-11 16:43:23.318714] [INFO] [path_server] 새로운 경로 설정 : path[1092 ➜ 102] time[0s] dist[55.5m] list[38] : 1092-1093-1094-1095-1074-1075-1076-1018-1019-1020-1011-1012-1035-1036-1037-1038-1039-1040-1041-1042-1112-1113-1114-1115-1116-1117-1118-1119-1120-1121-1122-1123-1179-1180-1181-1182-1183-102
[2026-08-11 16:43:24.496257] [INFO] [path_server] 노드 업데이트 : [1093] ➜ [1094]
[2026-08-11 16:43:24.576187] [INFO] [path_server] 새로운 경로 설정 : path[1093 ➜ 102] time[0s] dist[54m] list[37] : 1093-1094-1095-1074-1075-1076-1018-1019-1020-1011-1012-1035-1036-1037-1038-1039-1040-1041-1042-1112-1113-1114-1115-1116-1117-1118-1119-1120-1121-1122-1123-1179-1180-1181-1182-1183-102
[2026-08-11 16:43:25.354586] [INFO] [path_server] 노드 업데이트 : [1094] ➜ [1095]
[2026-08-11 16:43:25.434471] [INFO] [path_server] 새로운 경로 설정 : path[1094 ➜ 102] time[0s] dist[52.5m] list[36] : 1094-1095-1074-1075-1076-1018-1019-1020-1011-1012-1035-1036-1037-1038-1039-1040-1041-1042-1112-1113-1114-1115-1116-1117-1118-1119-1120-1121-1122-1123-1179-1180-1181-1182-1183-102
[2026-08-11 16:43:26.671983] [INFO] [path_server] 노드 업데이트 : [1095] ➜ [1074]
[2026-08-11 16:43:26.751868] [INFO] [path_server] 새로운 경로 설정 : path[1095 ➜ 102] time[0s] dist[51m] list[35] : 1095-1074-1075-1076-1018-1019-1020-1011-1012-1035-1036-1037-1038-1039-1040-1041-1042-1112-1113-1114-1115-1116-1117-1118-1119-1120-1121-1122-1123-1179-1180-1181-1182-1183-102
[2026-08-11 16:43:30.005941] [INFO] [path_server] 노드 업데이트 : [1074] ➜ [1075]
[2026-08-11 16:43:30.085879] [INFO] [path_server] 새로운 경로 설정 : path[1074 ➜ 102] time[0s] dist[49.5m] list[34] : 1074-1075-1076-1018-1019-1020-1011-1012-1035-1036-1037-1038-1039-1040-1041-1042-1112-1113-1114-1115-1116-1117-1118-1119-1120-1121-1122-1123-1179-1180-1181-1182-1183-102
[2026-08-11 16:43:31.143996] [INFO] [path_server] 노드 업데이트 : [1075] ➜ [1076]
[2026-08-11 16:43:31.223944] [INFO] [path_server] 새로운 경로 설정 : path[1075 ➜ 102] time[0s] dist[48m] list[33] : 1075-1076-1018-1019-1020-1011-1012-1035-1036-1037-1038-1039-1040-1041-1042-1112-1113-1114-1115-1116-1117-1118-1119-1120-1121-1122-1123-1179-1180-1181-1182-1183-102
[2026-08-11 16:43:31.962511] [INFO] [path_server] 노드 업데이트 : [1076] ➜ [1018]
[2026-08-11 16:43:32.022427] [INFO] [path_server] 새로운 경로 설정 : path[1076 ➜ 102] time[0s] dist[46.5m] list[32] : 1076-1018-1019-1020-1011-1012-1035-1036-1037-1038-1039-1040-1041-1042-1112-1113-1114-1115-1116-1117-1118-1119-1120-1121-1122-1123-1179-1180-1181-1182-1183-102
[2026-08-11 16:43:32.721037] [INFO] [path_server] 노드 업데이트 : [1018] ➜ [1019]
[2026-08-11 16:43:32.800871] [INFO] [path_server] 새로운 경로 설정 : path[1018 ➜ 102] time[0s] dist[45m] list[31] : 1018-1019-1020-1011-1012-1035-1036-1037-1038-1039-1040-1041-1042-1112-1113-1114-1115-1116-1117-1118-1119-1120-1121-1122-1123-1179-1180-1181-1182-1183-102
[2026-08-11 16:43:33.479646] [INFO] [path_server] 노드 업데이트 : [1019] ➜ [1020]
[2026-08-11 16:43:33.559629] [INFO] [path_server] 새로운 경로 설정 : path[1019 ➜ 102] time[0s] dist[43.5m] list[30] : 1019-1020-1011-1012-1035-1036-1037-1038-1039-1040-1041-1042-1112-1113-1114-1115-1116-1117-1118-1119-1120-1121-1122-1123-1179-1180-1181-1182-1183-102
[2026-08-11 16:43:34.218438] [INFO] [path_server] 노드 업데이트 : [1020] ➜ [1011]
[2026-08-11 16:43:34.298435] [INFO] [path_server] 새로운 경로 설정 : path[1020 ➜ 102] time[0s] dist[42m] list[29] : 1020-1011-1012-1035-1036-1037-1038-1039-1040-1041-1042-1112-1113-1114-1115-1116-1117-1118-1119-1120-1121-1122-1123-1179-1180-1181-1182-1183-102
[2026-08-11 16:43:35.536789] [INFO] [path_server] 노드 업데이트 : [1011] ➜ [1012]
[2026-08-11 16:43:35.636691] [INFO] [path_server] 새로운 경로 설정 : path[1011 ➜ 102] time[0s] dist[40.5m] list[28] : 1011-1012-1035-1036-1037-1038-1039-1040-1041-1042-1112-1113-1114-1115-1116-1117-1118-1119-1120-1121-1122-1123-1179-1180-1181-1182-1183-102
[2026-08-11 16:43:38.910682] [INFO] [path_server] 노드 업데이트 : [1012] ➜ [1035]
[2026-08-11 16:43:38.990620] [INFO] [path_server] 새로운 경로 설정 : path[1012 ➜ 102] time[0s] dist[39m] list[27] : 1012-1035-1036-1037-1038-1039-1040-1041-1042-1112-1113-1114-1115-1116-1117-1118-1119-1120-1121-1122-1123-1179-1180-1181-1182-1183-102
[2026-08-11 16:43:40.028906] [INFO] [path_server] 노드 업데이트 : [1035] ➜ [1036]
[2026-08-11 16:43:40.088839] [INFO] [path_server] 새로운 경로 설정 : path[1035 ➜ 102] time[0s] dist[37.5m] list[26] : 1035-1036-1037-1038-1039-1040-1041-1042-1112-1113-1114-1115-1116-1117-1118-1119-1120-1121-1122-1123-1179-1180-1181-1182-1183-102
[2026-08-11 16:43:40.847589] [INFO] [path_server] 노드 업데이트 : [1036] ➜ [1037]
[2026-08-11 16:43:40.927474] [INFO] [path_server] 새로운 경로 설정 : path[1036 ➜ 102] time[0s] dist[36m] list[25] : 1036-1037-1038-1039-1040-1041-1042-1112-1113-1114-1115-1116-1117-1118-1119-1120-1121-1122-1123-1179-1180-1181-1182-1183-102
[2026-08-11 16:43:41.606115] [INFO] [path_server] 노드 업데이트 : [1037] ➜ [1038]
[2026-08-11 16:43:41.686055] [INFO] [path_server] 새로운 경로 설정 : path[1037 ➜ 102] time[0s] dist[34.5m] list[24] : 1037-1038-1039-1040-1041-1042-1112-1113-1114-1115-1116-1117-1118-1119-1120-1121-1122-1123-1179-1180-1181-1182-1183-102
[2026-08-11 16:43:42.364780] [INFO] [path_server] 노드 업데이트 : [1038] ➜ [1039]
[2026-08-11 16:43:42.424685] [INFO] [path_server] 새로운 경로 설정 : path[1038 ➜ 102] time[0s] dist[33m] list[23] : 1038-1039-1040-1041-1042-1112-1113-1114-1115-1116-1117-1118-1119-1120-1121-1122-1123-1179-1180-1181-1182-1183-102
[2026-08-11 16:43:43.103311] [INFO] [path_server] 노드 업데이트 : [1039] ➜ [1040]
[2026-08-11 16:43:43.183246] [INFO] [path_server] 새로운 경로 설정 : path[1039 ➜ 102] time[0s] dist[31.5m] list[22] : 1039-1040-1041-1042-1112-1113-1114-1115-1116-1117-1118-1119-1120-1121-1122-1123-1179-1180-1181-1182-1183-102
[2026-08-11 16:43:43.861920] [INFO] [path_server] 노드 업데이트 : [1040] ➜ [1041]
[2026-08-11 16:43:43.921853] [INFO] [path_server] 새로운 경로 설정 : path[1040 ➜ 102] time[0s] dist[30m] list[21] : 1040-1041-1042-1112-1113-1114-1115-1116-1117-1118-1119-1120-1121-1122-1123-1179-1180-1181-1182-1183-102
[2026-08-11 16:43:44.600397] [INFO] [path_server] 노드 업데이트 : [1041] ➜ [1042]
[2026-08-11 16:43:44.680328] [INFO] [path_server] 새로운 경로 설정 : path[1041 ➜ 102] time[0s] dist[28.5m] list[20] : 1041-1042-1112-1113-1114-1115-1116-1117-1118-1119-1120-1121-1122-1123-1179-1180-1181-1182-1183-102
[2026-08-11 16:43:45.358940] [INFO] [path_server] 노드 업데이트 : [1042] ➜ [1112]
[2026-08-11 16:43:45.418852] [INFO] [path_server] 새로운 경로 설정 : path[1042 ➜ 102] time[0s] dist[27m] list[19] : 1042-1112-1113-1114-1115-1116-1117-1118-1119-1120-1121-1122-1123-1179-1180-1181-1182-1183-102
[2026-08-11 16:43:46.676314] [INFO] [path_server] 노드 업데이트 : [1112] ➜ [1113]
[2026-08-11 16:43:46.736253] [INFO] [path_server] 새로운 경로 설정 : path[1112 ➜ 102] time[0s] dist[25.5m] list[18] : 1112-1113-1114-1115-1116-1117-1118-1119-1120-1121-1122-1123-1179-1180-1181-1182-1183-102
[2026-08-11 16:43:50.029734] [INFO] [path_server] 노드 업데이트 : [1113] ➜ [1114]
[2026-08-11 16:43:50.109665] [INFO] [path_server] 새로운 경로 설정 : path[1113 ➜ 102] time[0s] dist[24m] list[17] : 1113-1114-1115-1116-1117-1118-1119-1120-1121-1122-1123-1179-1180-1181-1182-1183-102
[2026-08-11 16:43:51.167621] [INFO] [path_server] 노드 업데이트 : [1114] ➜ [1115]
[2026-08-11 16:43:51.247640] [INFO] [path_server] 새로운 경로 설정 : path[1114 ➜ 102] time[0s] dist[22.5m] list[16] : 1114-1115-1116-1117-1118-1119-1120-1121-1122-1123-1179-1180-1181-1182-1183-102
[2026-08-11 16:43:51.986355] [INFO] [path_server] 노드 업데이트 : [1115] ➜ [1116]
[2026-08-11 16:43:52.046249] [INFO] [path_server] 새로운 경로 설정 : path[1115 ➜ 102] time[0s] dist[21m] list[15] : 1115-1116-1117-1118-1119-1120-1121-1122-1123-1179-1180-1181-1182-1183-102
[2026-08-11 16:43:52.744864] [INFO] [path_server] 노드 업데이트 : [1116] ➜ [1117]
[2026-08-11 16:43:52.824738] [INFO] [path_server] 새로운 경로 설정 : path[1116 ➜ 102] time[0s] dist[19.5m] list[14] : 1116-1117-1118-1119-1120-1121-1122-1123-1179-1180-1181-1182-1183-102
[2026-08-11 16:43:53.503414] [INFO] [path_server] 노드 업데이트 : [1117] ➜ [1118]
[2026-08-11 16:43:53.583360] [INFO] [path_server] 새로운 경로 설정 : path[1117 ➜ 102] time[0s] dist[18m] list[13] : 1117-1118-1119-1120-1121-1122-1123-1179-1180-1181-1182-1183-102
[2026-08-11 16:43:54.242191] [INFO] [path_server] 노드 업데이트 : [1118] ➜ [1119]
[2026-08-11 16:43:54.322223] [INFO] [path_server] 새로운 경로 설정 : path[1118 ➜ 102] time[0s] dist[16.5m] list[12] : 1118-1119-1120-1121-1122-1123-1179-1180-1181-1182-1183-102
[2026-08-11 16:43:55.000967] [INFO] [path_server] 노드 업데이트 : [1119] ➜ [1120]
[2026-08-11 16:43:55.080950] [INFO] [path_server] 새로운 경로 설정 : path[1119 ➜ 102] time[0s] dist[15m] list[11] : 1119-1120-1121-1122-1123-1179-1180-1181-1182-1183-102
[2026-08-11 16:43:55.839517] [INFO] [path_server] 노드 업데이트 : [1120] ➜ [1121]
[2026-08-11 16:43:55.919451] [INFO] [path_server] 새로운 경로 설정 : path[1120 ➜ 102] time[0s] dist[13.5m] list[10] : 1120-1121-1122-1123-1179-1180-1181-1182-1183-102
[2026-08-11 16:43:59.493365] [INFO] [path_server] 노드 업데이트 : [1121] ➜ [1122]
[2026-08-11 16:43:59.573313] [INFO] [path_server] 새로운 경로 설정 : path[1121 ➜ 102] time[0s] dist[12m] list[9] : 1121-1122-1123-1179-1180-1181-1182-1183-102
[2026-08-11 16:44:00.850813] [INFO] [path_server] 노드 업데이트 : [1122] ➜ [1123]
[2026-08-11 16:44:00.910752] [INFO] [path_server] 새로운 경로 설정 : path[1122 ➜ 102] time[0s] dist[10.5m] list[8] : 1122-1123-1179-1180-1181-1182-1183-102
[2026-08-11 16:44:01.908874] [INFO] [path_server] 노드 업데이트 : [1123] ➜ [1179]
[2026-08-11 16:44:01.968859] [INFO] [path_server] 새로운 경로 설정 : path[1123 ➜ 102] time[0s] dist[9m] list[7] : 1123-1179-1180-1181-1182-1183-102
[2026-08-11 16:44:05.223010] [INFO] [path_server] 노드 업데이트 : [1179] ➜ [1180]
[2026-08-11 16:44:05.302943] [INFO] [path_server] 새로운 경로 설정 : path[1179 ➜ 102] time[0s] dist[7.5m] list[6] : 1179-1180-1181-1182-1183-102
[2026-08-11 16:44:06.460817] [INFO] [path_server] 노드 업데이트 : [1180] ➜ [1181]
[2026-08-11 16:44:06.520768] [INFO] [path_server] 새로운 경로 설정 : path[1180 ➜ 102] time[0s] dist[6m] list[5] : 1180-1181-1182-1183-102
[2026-08-11 16:44:07.339351] [INFO] [path_server] 노드 업데이트 : [1181] ➜ [1182]
[2026-08-11 16:44:07.419256] [INFO] [path_server] 새로운 경로 설정 : path[1181 ➜ 102] time[0s] dist[4.5m] list[4] : 1181-1182-1183-102
[2026-08-11 16:44:08.077977] [INFO] [path_server] 노드 업데이트 : [1182] ➜ [1183]
[2026-08-11 16:44:08.137882] [INFO] [path_server] 새로운 경로 설정 : path[1182 ➜ 102] time[0s] dist[3m] list[3] : 1182-1183-102
[2026-08-11 16:44:09.415378] [INFO] [path_server] 노드 업데이트 : [1183] ➜ [102]
[2026-08-11 16:44:09.495304] [INFO] [path_server] 새로운 경로 설정 : path[1183 ➜ 102] time[0s] dist[1.5m] list[2] : 1183-102
[2026-08-11 16:44:14.625546] [INFO] [path_server] 노드 업데이트 : [102] ➜ [-1]
[2026-08-11 16:44:17.520062] [INFO] [course_tracker] 목적지에서 각도 정렬 : [5.500m 7.000m 0.000°]
[2026-08-11 16:44:17.559978] [INFO] [path_server] 노드 업데이트 : [102] ➜ [-1]
[2026-08-11 16:44:17.579942] [INFO] [task::fsm] push_done
[2026-08-11 16:44:17.639838] [INFO] [task::fsm] charging
[2026-08-11 16:44:17.639848] [INFO] [power_system] 충전 프로세스 시작
[2026-08-11 16:44:17.639863] [INFO] [health_monitor] [등록][100015, 100001] : 자동 충전 시작.
[2026-08-11 16:44:22.651076] [INFO] [health_monitor] [삭제][100015, 100001] : 자동 충전 시작.
[2026-08-11 16:44:35.308834] [INFO] [power_system] 충전 완료
[2026-08-11 16:44:35.308855] [INFO] [health_monitor] [등록][100015, 100002] : 배터리 가득.
[2026-08-11 16:44:35.308858] [INFO] [health_monitor] [등록][100015, 100003] : 자동 충전 해제 시작.
[2026-08-11 16:44:40.319858] [INFO] [health_monitor] [삭제][100015, 100002] : 배터리 가득.
[2026-08-11 16:44:40.319864] [INFO] [health_monitor] [삭제][100015, 100003] : 자동 충전 해제 시작.
[2026-08-11 16:44:40.339854] [INFO] [power_system] 충전 해제 완료
[2026-08-11 16:44:40.339865] [INFO] [health_monitor] [등록][100015, 100004] : 자동 충전 해제 완료.
[2026-08-11 16:44:40.359822] [INFO] [task::fsm] discharging
[2026-08-11 16:44:40.359831] [INFO] [power_system] 충전 해제 프로세스 시작
[2026-08-11 16:44:40.359841] [INFO] [health_monitor] [등록][100015, 100003] : 자동 충전 해제 시작.
[2026-08-11 16:44:40.379756] [INFO] [task::fsm] idle
[2026-08-11 16:44:40.379763] [INFO] [course_manager] 코스 삭제
[2026-08-11 16:44:40.379764] [INFO] [path_server] 경로 삭제
[2026-08-11 16:44:40.419789] [INFO] [task::fsm] idle
[2026-08-11 16:44:40.419800] [INFO] [path_server] 경로 삭제
[2026-08-11 16:44:40.419796] [INFO] [course_manager] 코스 삭제
[2026-08-11 16:44:45.350887] [INFO] [health_monitor] [삭제][100015, 100004] : 자동 충전 해제 완료.
[2026-08-11 16:44:45.370891] [INFO] [health_monitor] [삭제][100015, 100003] : 자동 충전 해제 시작.
[2026-08-11 16:45:49.978929] [INFO] [framework] 프로그램 시작
[2026-08-11 16:45:49.978935] [WARNING] [framework] 프로그램 시작
[2026-08-11 16:45:49.978937] [CRITICAL] [framework] 프로그램 시작
[2026-08-11 16:45:49.978938] [INFO] [framework] 설정 파일 위치 : ../configs/robot_1
[2026-08-11 16:45:49.979119] [INFO] [framework] ID[0, 1], 이름[김첫째], 제어주기[20ms], 버젼[], 장소[우리집], 환경모드[simulation]
[2026-08-11 16:45:49.979152] [INFO] [mediator] 생성
[2026-08-11 16:45:49.979194] [INFO] [graph_manager] 생성
[2026-08-11 16:45:50.022448] [INFO] [stop_server] 생성
[2026-08-11 16:45:50.022473] [INFO] [health_monitor] 생성
[2026-08-11 16:45:50.022487] [INFO] [path_server] 생성
[2026-08-11 16:45:50.022508] [INFO] [course_manager] 생성
[2026-08-11 16:45:50.022520] [INFO] [task::fsm] 생성
[2026-08-11 16:45:50.022521] [INFO] [task::fsm] idle
[2026-08-11 16:45:50.022522] [INFO] [course_manager] 코스 삭제
[2026-08-11 16:45:50.022523] [INFO] [path_server] 경로 삭제
[2026-08-11 16:45:50.022540] [INFO] [task_manager] 생성
[2026-08-11 16:45:50.022639] [INFO] [mediator] connectors 생성
[2026-08-11 16:45:50.022653] [INFO] [fms] 생성
[2026-08-11 16:45:50.022654] [INFO] [fms] 통신 드라이버 생성
[2026-08-11 16:45:50.022837] [INFO] [joystick] 생성
[2026-08-11 16:45:50.023003] [INFO] [motions] 생성
[2026-08-11 16:45:50.023018] [INFO] [localizers] 생성
[2026-08-11 16:45:50.023091] [INFO] [localizers] 파라미터 : 

[2026-08-11 16:45:50.023104] [INFO] [safety_plc] 생성
[2026-08-11 16:45:50.023117] [INFO] [load_handler] 생성
[2026-08-11 16:45:50.023127] [INFO] [power_system] 생성
[2026-08-11 16:45:50.023212] [INFO] [power_system] 설정 정보 : remaining[40%, 10%, 5%]
[2026-08-11 16:45:50.023556] [INFO] [power_system] 알람 목록 : 
 • [100015, 100001] [INFO] 자동 충전 시작.
 • [100015, 100002] [INFO] 배터리 가득.
 • [100015, 400001] [CRIT] 배터리 남은 양 - 위험
 • [100015, 300001] [ERROR] 배터리 남은 양 - 에러
 • [100015, 200001] [WARN] 배터리 남은 양 - 주의
 • [100015, 100004] [INFO] 자동 충전 해제 완료.
 • [100015, 100003] [INFO] 자동 충전 해제 시작.
[2026-08-11 16:45:50.023559] [INFO] [mediator] connector 의존성 주입
[2026-08-11 16:45:50.023561] [INFO] [mediator] any map 등록
[2026-08-11 16:45:50.023567] [INFO] [mediator] any collector 등록
[2026-08-11 16:45:50.023570] [INFO] [mediator] any collector 목록 검사
[2026-08-11 16:45:50.023608] [INFO] [framework] after init 실행
[2026-08-11 16:45:50.023976] [INFO] [course_tracker] 생성
[2026-08-11 16:45:50.023998] [INFO] [course_tracker] 파라미터 : 
◈ node_bound[0.030m, 0.150m, 0.005m]
 • approach[0.150m, 0.050m/s, -0.005m, -0.200m, 0.100m]
 • align[(10.000°, 5.000°/s), 50.000°, 30.000°/s), 0.800°, -0.100°]
◈ motion param : 
 • reference_angle[0.000°, 45.000°]
 • threshold_angle[15.000°, 20.000°, 170.000°]
 • threshold_error[0.300°, 5.000°]
 • normal[0.150m/s, 8.000, 0.800m/s, 0.500]
 • angle[0.150m/s, 1.500, 0.800m/s, 2.100]
 • protection_overshoot[0.100m/s, 0.900, 0.500m/s, 0.900]
 • speed_rotation[15.000°/s]
[2026-08-11 16:45:50.024002] [INFO] [framework] 제어 쓰레드 시작
[2026-08-11 16:45:50.024065] [INFO] [path_server] 노드 초기화 성공 : 로봇 좌표[5.504m 6.998m -179.385°] 최단 거리 노드[102] 거리(0.004241m)
[2026-08-11 16:45:50.044074] [INFO] [task::fsm] idle
[2026-08-11 16:45:50.044082] [INFO] [course_manager] 코스 삭제
[2026-08-11 16:45:50.044084] [INFO] [path_server] 경로 삭제
[2026-08-11 16:46:16.655160] [INFO] [path_server] 새로운 경로 설정 : path[102 ➜ 1041] time[0s] dist[7.5m] list[6] : 102-1183-1184-1045-1040-1041
[2026-08-11 16:46:16.655171] [INFO] [course_tracker] 방향 정렬 완료 
[2026-08-11 16:46:23.821041] [INFO] [path_server] 노드 업데이트 : [1183] ➜ [1184]
[2026-08-11 16:46:23.900857] [INFO] [path_server] 새로운 경로 설정 : path[1183 ➜ 1041] time[0s] dist[6m] list[5] : 1183-1184-1045-1040-1041
[2026-08-11 16:46:27.434403] [INFO] [path_server] 노드 업데이트 : [1184] ➜ [1045]
[2026-08-11 16:46:27.494333] [INFO] [path_server] 새로운 경로 설정 : path[1184 ➜ 1041] time[0s] dist[4.5m] list[4] : 1184-1045-1040-1041
[2026-08-11 16:46:28.572609] [INFO] [path_server] 노드 업데이트 : [1045] ➜ [1040]
[2026-08-11 16:46:28.632510] [INFO] [path_server] 새로운 경로 설정 : path[1045 ➜ 1041] time[0s] dist[3m] list[3] : 1045-1040-1041
[2026-08-11 16:46:29.910520] [INFO] [path_server] 노드 업데이트 : [1040] ➜ [1041]
[2026-08-11 16:46:29.990415] [INFO] [path_server] 새로운 경로 설정 : path[1040 ➜ 1041] time[0s] dist[1.5m] list[2] : 1040-1041
[2026-08-11 16:46:33.902868] [INFO] [path_server] 노드 업데이트 : [1041] ➜ [-1]
[2026-08-11 16:46:36.777329] [INFO] [course_tracker] 목적지에서 각도 정렬 : [5.500m 11.500m 0.000°]
[2026-08-11 16:46:37.735753] [INFO] [path_server] 노드 업데이트 : [1041] ➜ [-1]
[2026-08-11 16:46:37.755669] [INFO] [task::fsm] push_done
[2026-08-11 16:46:37.795609] [INFO] [task::fsm] idle
[2026-08-11 16:46:37.795616] [INFO] [course_manager] 코스 삭제
[2026-08-11 16:46:37.795632] [INFO] [path_server] 경로 삭제
[2026-08-11 16:46:42.907072] [INFO] [path_server] 새로운 경로 설정 : path[1041 ➜ 102] time[0s] dist[28.5m] list[20] : 1041-1042-1112-1113-1114-1115-1116-1117-1118-1119-1120-1121-1122-1123-1179-1180-1181-1182-1183-102
[2026-08-11 16:46:45.242873] [INFO] [path_server] 노드 업데이트 : [1042] ➜ [1112]
[2026-08-11 16:46:45.322749] [INFO] [path_server] 새로운 경로 설정 : path[1042 ➜ 102] time[0s] dist[27m] list[19] : 1042-1112-1113-1114-1115-1116-1117-1118-1119-1120-1121-1122-1123-1179-1180-1181-1182-1183-102
[2026-08-11 16:46:46.600301] [INFO] [path_server] 노드 업데이트 : [1112] ➜ [1113]
[2026-08-11 16:46:46.680226] [INFO] [path_server] 새로운 경로 설정 : path[1112 ➜ 102] time[0s] dist[25.5m] list[18] : 1112-1113-1114-1115-1116-1117-1118-1119-1120-1121-1122-1123-1179-1180-1181-1182-1183-102
[2026-08-11 16:46:49.974194] [INFO] [path_server] 노드 업데이트 : [1113] ➜ [1114]
[2026-08-11 16:46:50.054101] [INFO] [path_server] 새로운 경로 설정 : path[1113 ➜ 102] time[0s] dist[24m] list[17] : 1113-1114-1115-1116-1117-1118-1119-1120-1121-1122-1123-1179-1180-1181-1182-1183-102
[2026-08-11 16:46:51.092257] [INFO] [path_server] 노드 업데이트 : [1114] ➜ [1115]
[2026-08-11 16:46:51.172239] [INFO] [path_server] 새로운 경로 설정 : path[1114 ➜ 102] time[0s] dist[22.5m] list[16] : 1114-1115-1116-1117-1118-1119-1120-1121-1122-1123-1179-1180-1181-1182-1183-102
[2026-08-11 16:46:51.910843] [INFO] [path_server] 노드 업데이트 : [1115] ➜ [1116]
[2026-08-11 16:46:51.970816] [INFO] [path_server] 새로운 경로 설정 : path[1115 ➜ 102] time[0s] dist[21m] list[15] : 1115-1116-1117-1118-1119-1120-1121-1122-1123-1179-1180-1181-1182-1183-102
[2026-08-11 16:46:52.669462] [INFO] [path_server] 노드 업데이트 : [1116] ➜ [1117]
[2026-08-11 16:46:52.749365] [INFO] [path_server] 새로운 경로 설정 : path[1116 ➜ 102] time[0s] dist[19.5m] list[14] : 1116-1117-1118-1119-1120-1121-1122-1123-1179-1180-1181-1182-1183-102
[2026-08-11 16:46:53.428006] [INFO] [path_server] 노드 업데이트 : [1117] ➜ [1118]
[2026-08-11 16:46:53.507925] [INFO] [path_server] 새로운 경로 설정 : path[1117 ➜ 102] time[0s] dist[18m] list[13] : 1117-1118-1119-1120-1121-1122-1123-1179-1180-1181-1182-1183-102
[2026-08-11 16:46:54.166508] [INFO] [path_server] 노드 업데이트 : [1118] ➜ [1119]
[2026-08-11 16:46:54.266333] [INFO] [path_server] 새로운 경로 설정 : path[1118 ➜ 102] time[0s] dist[16.5m] list[12] : 1118-1119-1120-1121-1122-1123-1179-1180-1181-1182-1183-102
[2026-08-11 16:46:54.925090] [INFO] [path_server] 노드 업데이트 : [1119] ➜ [1120]
[2026-08-11 16:46:55.004946] [INFO] [path_server] 새로운 경로 설정 : path[1119 ➜ 102] time[0s] dist[15m] list[11] : 1119-1120-1121-1122-1123-1179-1180-1181-1182-1183-102
[2026-08-11 16:46:55.763714] [INFO] [path_server] 노드 업데이트 : [1120] ➜ [1121]
[2026-08-11 16:46:55.843574] [INFO] [path_server] 새로운 경로 설정 : path[1120 ➜ 102] time[0s] dist[13.5m] list[10] : 1120-1121-1122-1123-1179-1180-1181-1182-1183-102
[2026-08-11 16:46:59.416402] [INFO] [path_server] 노드 업데이트 : [1121] ➜ [1122]
[2026-08-11 16:46:59.496256] [INFO] [path_server] 새로운 경로 설정 : path[1121 ➜ 102] time[0s] dist[12m] list[9] : 1121-1122-1123-1179-1180-1181-1182-1183-102
[2026-08-11 16:47:00.773766] [INFO] [path_server] 노드 업데이트 : [1122] ➜ [1123]
[2026-08-11 16:47:00.853692] [INFO] [path_server] 새로운 경로 설정 : path[1122 ➜ 102] time[0s] dist[10.5m] list[8] : 1122-1123-1179-1180-1181-1182-1183-102
[2026-08-11 16:47:01.831955] [INFO] [path_server] 노드 업데이트 : [1123] ➜ [1179]
[2026-08-11 16:47:01.891838] [INFO] [path_server] 새로운 경로 설정 : path[1123 ➜ 102] time[0s] dist[9m] list[7] : 1123-1179-1180-1181-1182-1183-102
[2026-08-11 16:47:05.145652] [INFO] [path_server] 노드 업데이트 : [1179] ➜ [1180]
[2026-08-11 16:47:05.225547] [INFO] [path_server] 새로운 경로 설정 : path[1179 ➜ 102] time[0s] dist[7.5m] list[6] : 1179-1180-1181-1182-1183-102
[2026-08-11 16:47:06.383502] [INFO] [path_server] 노드 업데이트 : [1180] ➜ [1181]
[2026-08-11 16:47:06.443394] [INFO] [path_server] 새로운 경로 설정 : path[1180 ➜ 102] time[0s] dist[6m] list[5] : 1180-1181-1182-1183-102
[2026-08-11 16:47:07.261895] [INFO] [path_server] 노드 업데이트 : [1181] ➜ [1182]
[2026-08-11 16:47:07.361800] [INFO] [path_server] 새로운 경로 설정 : path[1181 ➜ 102] time[0s] dist[4.5m] list[4] : 1181-1182-1183-102
[2026-08-11 16:47:08.020519] [INFO] [path_server] 노드 업데이트 : [1182] ➜ [1183]
[2026-08-11 16:47:08.100373] [INFO] [path_server] 새로운 경로 설정 : path[1182 ➜ 102] time[0s] dist[3m] list[3] : 1182-1183-102
[2026-08-11 16:47:09.317891] [INFO] [path_server] 노드 업데이트 : [1183] ➜ [102]
[2026-08-11 16:47:09.397782] [INFO] [path_server] 새로운 경로 설정 : path[1183 ➜ 102] time[0s] dist[1.5m] list[2] : 1183-102
[2026-08-11 16:47:14.527721] [INFO] [path_server] 노드 업데이트 : [102] ➜ [-1]
[2026-08-11 16:47:17.422317] [INFO] [course_tracker] 목적지에서 각도 정렬 : [5.500m 7.000m 0.000°]
[2026-08-11 16:47:17.462155] [INFO] [path_server] 노드 업데이트 : [102] ➜ [-1]
[2026-08-11 16:47:17.482160] [INFO] [task::fsm] push_done
[2026-08-11 16:47:17.542047] [INFO] [task::fsm] charging
[2026-08-11 16:47:17.542070] [INFO] [health_monitor] [등록][100015, 100001] : 자동 충전 시작.
[2026-08-11 16:47:17.542056] [INFO] [power_system] 충전 프로세스 시작
[2026-08-11 16:47:22.552410] [INFO] [health_monitor] [삭제][100015, 100001] : 자동 충전 시작.
[2026-08-11 16:47:38.461221] [INFO] [power_system] 충전 완료
[2026-08-11 16:47:38.461237] [INFO] [health_monitor] [등록][100015, 100002] : 배터리 가득.
[2026-08-11 16:47:38.461241] [INFO] [health_monitor] [등록][100015, 100003] : 자동 충전 해제 시작.
[2026-08-11 16:47:42.759995] [INFO] [framework] 프로그램 시작
[2026-08-11 16:47:42.759999] [WARNING] [framework] 프로그램 시작
[2026-08-11 16:47:42.760002] [INFO] [framework] 설정 파일 위치 : ../configs/robot_1
[2026-08-11 16:47:42.760001] [CRITICAL] [framework] 프로그램 시작
[2026-08-11 16:47:42.760142] [INFO] [framework] ID[0, 1], 이름[김첫째], 제어주기[20ms], 버젼[], 장소[우리집], 환경모드[simulation]
[2026-08-11 16:47:42.760160] [INFO] [mediator] 생성
[2026-08-11 16:47:42.760173] [INFO] [graph_manager] 생성
[2026-08-11 16:47:42.785217] [INFO] [stop_server] 생성
[2026-08-11 16:47:42.785236] [INFO] [health_monitor] 생성
[2026-08-11 16:47:42.785269] [INFO] [path_server] 생성
[2026-08-11 16:47:42.785285] [INFO] [course_manager] 생성
[2026-08-11 16:47:42.785298] [INFO] [task::fsm] 생성
[2026-08-11 16:47:42.785516] [INFO] [task::fsm] idle
[2026-08-11 16:47:42.785521] [INFO] [course_manager] 코스 삭제
[2026-08-11 16:47:42.785524] [INFO] [path_server] 경로 삭제
[2026-08-11 16:47:42.785571] [INFO] [task_manager] 생성
[2026-08-11 16:47:42.785753] [INFO] [mediator] connectors 생성
[2026-08-11 16:47:42.785797] [INFO] [fms] 생성
[2026-08-11 16:47:42.785799] [INFO] [fms] 통신 드라이버 생성
[2026-08-11 16:47:42.786201] [INFO] [joystick] 생성
[2026-08-11 16:47:42.786571] [INFO] [motions] 생성
[2026-08-11 16:47:42.786605] [INFO] [localizers] 생성
[2026-08-11 16:47:42.786785] [INFO] [localizers] 파라미터 : 

[2026-08-11 16:47:42.786815] [INFO] [safety_plc] 생성
[2026-08-11 16:47:42.786830] [INFO] [load_handler] 생성
[2026-08-11 16:47:42.786848] [INFO] [power_system] 생성
[2026-08-11 16:47:42.787006] [INFO] [power_system] 설정 정보 : remaining[40%, 10%, 5%]
[2026-08-11 16:47:42.787429] [INFO] [power_system] 알람 목록 : 
 • [100015, 100001] [INFO] 자동 충전 시작.
 • [100015, 100002] [INFO] 배터리 가득.
 • [100015, 400001] [CRIT] 배터리 남은 양 - 위험
 • [100015, 300001] [ERROR] 배터리 남은 양 - 에러
 • [100015, 200001] [WARN] 배터리 남은 양 - 주의
 • [100015, 100004] [INFO] 자동 충전 해제 완료.
 • [100015, 100003] [INFO] 자동 충전 해제 시작.
[2026-08-11 16:47:42.787436] [INFO] [mediator] any map 등록
[2026-08-11 16:47:42.787432] [INFO] [mediator] connector 의존성 주입
[2026-08-11 16:47:42.787447] [INFO] [mediator] any collector 등록
[2026-08-11 16:47:42.787451] [INFO] [mediator] any collector 목록 검사
[2026-08-11 16:47:42.787518] [INFO] [framework] after init 실행
[2026-08-11 16:47:42.787787] [INFO] [course_tracker] 생성
[2026-08-11 16:47:42.787803] [INFO] [course_tracker] 파라미터 : 
◈ node_bound[0.030m, 0.150m, 0.005m]
 • approach[0.150m, 0.050m/s, -0.005m, -0.200m, 0.100m]
 • align[(10.000°, 5.000°/s), 50.000°, 30.000°/s), 0.800°, -0.100°]
◈ motion param : 
 • reference_angle[0.000°, 45.000°]
 • threshold_angle[15.000°, 20.000°, 170.000°]
 • threshold_error[0.300°, 5.000°]
 • normal[0.150m/s, 8.000, 0.800m/s, 0.500]
 • angle[0.150m/s, 1.500, 0.800m/s, 2.100]
 • protection_overshoot[0.100m/s, 0.900, 0.500m/s, 0.900]
 • speed_rotation[15.000°/s]
[2026-08-11 16:47:42.787806] [INFO] [framework] 제어 쓰레드 시작
[2026-08-11 16:47:42.787851] [INFO] [path_server] 노드 초기화 성공 : 로봇 좌표[5.504m 6.998m -179.354°] 최단 거리 노드[102] 거리(0.004144m)
[2026-08-11 16:47:42.807819] [INFO] [task::fsm] charging
[2026-08-11 16:47:42.807834] [INFO] [power_system] 충전 프로세스 시작
[2026-08-11 16:47:42.807844] [INFO] [health_monitor] [등록][100015, 100001] : 자동 충전 시작.
[2026-08-11 16:47:47.818601] [INFO] [health_monitor] [삭제][100015, 100001] : 자동 충전 시작.
[2026-08-11 16:47:54.188630] [INFO] [power_system] 충전 완료
[2026-08-11 16:47:54.188658] [INFO] [health_monitor] [등록][100015, 100002] : 배터리 가득.
[2026-08-11 16:47:54.188661] [INFO] [health_monitor] [등록][100015, 100003] : 자동 충전 해제 시작.
[2026-08-11 16:47:59.199641] [INFO] [health_monitor] [삭제][100015, 100002] : 배터리 가득.
[2026-08-11 16:47:59.199653] [INFO] [health_monitor] [삭제][100015, 100003] : 자동 충전 해제 시작.
[2026-08-11 16:47:59.219578] [INFO] [power_system] 충전 해제 완료
[2026-08-11 16:47:59.219591] [INFO] [health_monitor] [등록][100015, 100004] : 자동 충전 해제 완료.
[2026-08-11 16:47:59.239530] [INFO] [task::fsm] discharging
[2026-08-11 16:47:59.239537] [INFO] [power_system] 충전 해제 프로세스 시작
[2026-08-11 16:47:59.239546] [INFO] [health_monitor] [등록][100015, 100003] : 자동 충전 해제 시작.
[2026-08-11 16:47:59.259525] [INFO] [task::fsm] idle
[2026-08-11 16:47:59.259536] [INFO] [course_manager] 코스 삭제
[2026-08-11 16:47:59.259538] [INFO] [path_server] 경로 삭제
[2026-08-11 16:48:04.230843] [INFO] [health_monitor] [삭제][100015, 100004] : 자동 충전 해제 완료.
[2026-08-11 16:48:04.250773] [INFO] [health_monitor] [삭제][100015, 100003] : 자동 충전 해제 시작.
[2026-08-11 16:48:11.437419] [INFO] [task::fsm] idle
[2026-08-11 16:48:11.437428] [INFO] [path_server] 경로 삭제
[2026-08-11 16:48:11.437426] [INFO] [course_manager] 코스 삭제
[2026-08-11 16:48:32.321789] [INFO] [path_server] 새로운 경로 설정 : path[102 ➜ 205] time[0s] dist[27m] list[19] : 102-1183-1184-1045-1046-1047-1048-1001-1002-1003-1004-1013-1049-1050-1014-1201-1200-1202-205
[2026-08-11 16:48:32.321800] [INFO] [course_tracker] 방향 정렬 완료 
[2026-08-11 16:48:39.488543] [INFO] [path_server] 노드 업데이트 : [1183] ➜ [1184]
[2026-08-11 16:48:39.568421] [INFO] [path_server] 새로운 경로 설정 : path[1183 ➜ 205] time[0s] dist[25.5m] list[18] : 1183-1184-1045-1046-1047-1048-1001-1002-1003-1004-1013-1049-1050-1014-1201-1200-1202-205
[2026-08-11 16:48:43.102380] [INFO] [path_server] 노드 업데이트 : [1184] ➜ [1045]
[2026-08-11 16:48:43.162325] [INFO] [path_server] 새로운 경로 설정 : path[1184 ➜ 205] time[0s] dist[24m] list[17] : 1184-1045-1046-1047-1048-1001-1002-1003-1004-1013-1049-1050-1014-1201-1200-1202-205
[2026-08-11 16:48:44.460085] [INFO] [path_server] 노드 업데이트 : [1045] ➜ [1046]
[2026-08-11 16:48:44.539947] [INFO] [path_server] 새로운 경로 설정 : path[1045 ➜ 205] time[0s] dist[22.5m] list[16] : 1045-1046-1047-1048-1001-1002-1003-1004-1013-1049-1050-1014-1201-1200-1202-205
[2026-08-11 16:48:47.781520] [INFO] [path_server] 노드 업데이트 : [1046] ➜ [1047]
[2026-08-11 16:48:47.841486] [INFO] [path_server] 새로운 경로 설정 : path[1046 ➜ 205] time[0s] dist[21m] list[15] : 1046-1047-1048-1001-1002-1003-1004-1013-1049-1050-1014-1201-1200-1202-205
[2026-08-11 16:48:48.919808] [INFO] [path_server] 노드 업데이트 : [1047] ➜ [1048]
[2026-08-11 16:48:48.979711] [INFO] [path_server] 새로운 경로 설정 : path[1047 ➜ 205] time[0s] dist[19.5m] list[14] : 1047-1048-1001-1002-1003-1004-1013-1049-1050-1014-1201-1200-1202-205
[2026-08-11 16:48:49.738254] [INFO] [path_server] 노드 업데이트 : [1048] ➜ [1001]
[2026-08-11 16:48:49.818133] [INFO] [path_server] 새로운 경로 설정 : path[1048 ➜ 205] time[0s] dist[18m] list[13] : 1048-1001-1002-1003-1004-1013-1049-1050-1014-1201-1200-1202-205
[2026-08-11 16:48:50.496747] [INFO] [path_server] 노드 업데이트 : [1001] ➜ [1002]
[2026-08-11 16:48:50.576711] [INFO] [path_server] 새로운 경로 설정 : path[1001 ➜ 205] time[0s] dist[16.5m] list[12] : 1001-1002-1003-1004-1013-1049-1050-1014-1201-1200-1202-205
[2026-08-11 16:48:51.255576] [INFO] [path_server] 노드 업데이트 : [1002] ➜ [1003]
[2026-08-11 16:48:51.315513] [INFO] [path_server] 새로운 경로 설정 : path[1002 ➜ 205] time[0s] dist[15m] list[11] : 1002-1003-1004-1013-1049-1050-1014-1201-1200-1202-205
[2026-08-11 16:48:51.994034] [INFO] [path_server] 노드 업데이트 : [1003] ➜ [1004]
[2026-08-11 16:48:52.073954] [INFO] [path_server] 새로운 경로 설정 : path[1003 ➜ 205] time[0s] dist[13.5m] list[10] : 1003-1004-1013-1049-1050-1014-1201-1200-1202-205
[2026-08-11 16:48:53.311548] [INFO] [path_server] 노드 업데이트 : [1004] ➜ [1013]
[2026-08-11 16:48:53.391484] [INFO] [path_server] 새로운 경로 설정 : path[1004 ➜ 205] time[0s] dist[12m] list[9] : 1004-1013-1049-1050-1014-1201-1200-1202-205
[2026-08-11 16:48:56.665209] [INFO] [path_server] 노드 업데이트 : [1013] ➜ [1049]
[2026-08-11 16:48:56.745077] [INFO] [path_server] 새로운 경로 설정 : path[1013 ➜ 205] time[0s] dist[10.5m] list[8] : 1013-1049-1050-1014-1201-1200-1202-205
[2026-08-11 16:48:57.783084] [INFO] [path_server] 노드 업데이트 : [1049] ➜ [1050]
[2026-08-11 16:48:57.863008] [INFO] [path_server] 새로운 경로 설정 : path[1049 ➜ 205] time[0s] dist[9m] list[7] : 1049-1050-1014-1201-1200-1202-205
[2026-08-11 16:48:59.120519] [INFO] [path_server] 노드 업데이트 : [1050] ➜ [1014]
[2026-08-11 16:48:59.200398] [INFO] [path_server] 새로운 경로 설정 : path[1050 ➜ 205] time[0s] dist[7.5m] list[6] : 1050-1014-1201-1200-1202-205
[2026-08-11 16:49:02.514619] [INFO] [path_server] 노드 업데이트 : [1014] ➜ [1201]
[2026-08-11 16:49:02.594545] [INFO] [path_server] 새로운 경로 설정 : path[1014 ➜ 205] time[0s] dist[6m] list[5] : 1014-1201-1200-1202-205
[2026-08-11 16:49:03.632790] [INFO] [path_server] 노드 업데이트 : [1201] ➜ [1200]
[2026-08-11 16:49:03.692653] [INFO] [path_server] 새로운 경로 설정 : path[1201 ➜ 205] time[0s] dist[4.5m] list[4] : 1201-1200-1202-205
[2026-08-11 16:49:04.451774] [INFO] [path_server] 노드 업데이트 : [1200] ➜ [1202]
[2026-08-11 16:49:04.531634] [INFO] [path_server] 새로운 경로 설정 : path[1200 ➜ 205] time[0s] dist[3m] list[3] : 1200-1202-205
[2026-08-11 16:49:05.789626] [INFO] [path_server] 노드 업데이트 : [1202] ➜ [205]
[2026-08-11 16:49:05.849579] [INFO] [path_server] 새로운 경로 설정 : path[1202 ➜ 205] time[0s] dist[1.5m] list[2] : 1202-205
[2026-08-11 16:49:11.000291] [INFO] [path_server] 노드 업데이트 : [205] ➜ [-1]
[2026-08-11 16:49:24.392715] [INFO] [framework] 프로그램 시작
[2026-08-11 16:49:24.392721] [WARNING] [framework] 프로그램 시작
[2026-08-11 16:49:24.392729] [CRITICAL] [framework] 프로그램 시작
[2026-08-11 16:49:24.392730] [INFO] [framework] 설정 파일 위치 : ../configs/robot_1
[2026-08-11 16:49:24.392905] [INFO] [framework] ID[0, 1], 이름[김첫째], 제어주기[20ms], 버젼[], 장소[우리집], 환경모드[simulation]
[2026-08-11 16:49:24.392942] [INFO] [mediator] 생성
[2026-08-11 16:49:24.392982] [INFO] [graph_manager] 생성
[2026-08-11 16:49:24.435624] [INFO] [stop_server] 생성
[2026-08-11 16:49:24.435668] [INFO] [health_monitor] 생성
[2026-08-11 16:49:24.435694] [INFO] [path_server] 생성
[2026-08-11 16:49:24.435716] [INFO] [course_manager] 생성
[2026-08-11 16:49:24.435744] [INFO] [task::fsm] 생성
[2026-08-11 16:49:24.435747] [INFO] [course_manager] 코스 삭제
[2026-08-11 16:49:24.435745] [INFO] [task::fsm] idle
[2026-08-11 16:49:24.435748] [INFO] [path_server] 경로 삭제
[2026-08-11 16:49:24.435766] [INFO] [task_manager] 생성
[2026-08-11 16:49:24.435912] [INFO] [mediator] connectors 생성
[2026-08-11 16:49:24.435943] [INFO] [fms] 생성
[2026-08-11 16:49:24.435945] [INFO] [fms] 통신 드라이버 생성
[2026-08-11 16:49:24.436242] [INFO] [joystick] 생성
[2026-08-11 16:49:24.436558] [INFO] [motions] 생성
[2026-08-11 16:49:24.436587] [INFO] [localizers] 생성
[2026-08-11 16:49:24.436714] [INFO] [localizers] 파라미터 : 

[2026-08-11 16:49:24.436746] [INFO] [safety_plc] 생성
[2026-08-11 16:49:24.436768] [INFO] [load_handler] 생성
[2026-08-11 16:49:24.436789] [INFO] [power_system] 생성
[2026-08-11 16:49:24.436945] [INFO] [power_system] 설정 정보 : remaining[40%, 10%, 5%]
[2026-08-11 16:49:24.437566] [INFO] [power_system] 알람 목록 : 
 • [100015, 100001] [INFO] 자동 충전 시작.
 • [100015, 100002] [INFO] 배터리 가득.
 • [100015, 400001] [CRIT] 배터리 남은 양 - 위험
 • [100015, 300001] [ERROR] 배터리 남은 양 - 에러
 • [100015, 200001] [WARN] 배터리 남은 양 - 주의
 • [100015, 100004] [INFO] 자동 충전 해제 완료.
 • [100015, 100003] [INFO] 자동 충전 해제 시작.
[2026-08-11 16:49:24.437575] [INFO] [mediator] any map 등록
[2026-08-11 16:49:24.437572] [INFO] [mediator] connector 의존성 주입
[2026-08-11 16:49:24.437583] [INFO] [mediator] any collector 등록
[2026-08-11 16:49:24.437589] [INFO] [mediator] any collector 목록 검사
[2026-08-11 16:49:24.437664] [INFO] [framework] after init 실행
[2026-08-11 16:49:24.438029] [INFO] [course_tracker] 생성
[2026-08-11 16:49:24.438052] [INFO] [course_tracker] 파라미터 : 
◈ node_bound[0.030m, 0.150m, 0.005m]
 • approach[0.150m, 0.050m/s, -0.005m, -0.200m, 0.100m]
 • align[(10.000°, 5.000°/s), 50.000°, 30.000°/s), 0.800°, -0.100°]
◈ motion param : 
 • reference_angle[0.000°, 45.000°]
 • threshold_angle[15.000°, 20.000°, 170.000°]
 • threshold_error[0.300°, 5.000°]
 • normal[0.150m/s, 8.000, 0.800m/s, 0.500]
 • angle[0.150m/s, 1.500, 0.800m/s, 2.100]
 • protection_overshoot[0.100m/s, 0.900, 0.500m/s, 0.900]
 • speed_rotation[15.000°/s]
[2026-08-11 16:49:24.438056] [INFO] [framework] 제어 쓰레드 시작
[2026-08-11 16:49:24.438111] [INFO] [path_server] 노드 초기화 성공 : 로봇 좌표[23.498m 6.996m 90.562°] 최단 거리 노드[205] 거리(0.004452m)
[2026-08-11 16:49:24.458254] [INFO] [path_server] 새로운 경로 설정 : path[205 ➜ 110] time[0s] dist[34.5m] list[24] : 205-1202-1203-1204-1205-1206-1207-1208-1145-1146-1147-1148-1077-1029-1030-1031-1032-1033-1034-1007-1167-1168-1169-110
[2026-08-11 16:49:29.368490] [INFO] [path_server] 노드 업데이트 : [1202] ➜ [1203]
[2026-08-11 16:49:29.448430] [INFO] [path_server] 새로운 경로 설정 : path[1202 ➜ 110] time[0s] dist[33m] list[23] : 1202-1203-1204-1205-1206-1207-1208-1145-1146-1147-1148-1077-1029-1030-1031-1032-1033-1034-1007-1167-1168-1169-110
[2026-08-11 16:49:33.001418] [INFO] [path_server] 노드 업데이트 : [1203] ➜ [1204]
[2026-08-11 16:49:33.061334] [INFO] [path_server] 새로운 경로 설정 : path[1203 ➜ 110] time[0s] dist[31.5m] list[22] : 1203-1204-1205-1206-1207-1208-1145-1146-1147-1148-1077-1029-1030-1031-1032-1033-1034-1007-1167-1168-1169-110
[2026-08-11 16:49:34.119799] [INFO] [path_server] 노드 업데이트 : [1204] ➜ [1205]
[2026-08-11 16:49:34.199687] [INFO] [path_server] 새로운 경로 설정 : path[1204 ➜ 110] time[0s] dist[30m] list[21] : 1204-1205-1206-1207-1208-1145-1146-1147-1148-1077-1029-1030-1031-1032-1033-1034-1007-1167-1168-1169-110
[2026-08-11 16:49:46.485253] [INFO] [framework] 프로그램 시작
[2026-08-11 16:49:46.485258] [WARNING] [framework] 프로그램 시작
[2026-08-11 16:49:46.485262] [INFO] [framework] 설정 파일 위치 : ../configs/robot_1
[2026-08-11 16:49:46.485262] [CRITICAL] [framework] 프로그램 시작
[2026-08-11 16:49:46.485428] [INFO] [framework] ID[0, 1], 이름[김첫째], 제어주기[20ms], 버젼[], 장소[우리집], 환경모드[simulation]
[2026-08-11 16:49:46.485461] [INFO] [mediator] 생성
[2026-08-11 16:49:46.485489] [INFO] [graph_manager] 생성
[2026-08-11 16:49:46.528678] [INFO] [stop_server] 생성
[2026-08-11 16:49:46.528734] [INFO] [health_monitor] 생성
[2026-08-11 16:49:46.528770] [INFO] [path_server] 생성
[2026-08-11 16:49:46.528792] [INFO] [course_manager] 생성
[2026-08-11 16:49:46.528814] [INFO] [task::fsm] 생성
[2026-08-11 16:49:46.528815] [INFO] [task::fsm] idle
[2026-08-11 16:49:46.528826] [INFO] [course_manager] 코스 삭제
[2026-08-11 16:49:46.528826] [INFO] [path_server] 경로 삭제
[2026-08-11 16:49:46.528846] [INFO] [task_manager] 생성
[2026-08-11 16:49:46.529000] [INFO] [mediator] connectors 생성
[2026-08-11 16:49:46.529030] [INFO] [fms] 생성
[2026-08-11 16:49:46.529032] [INFO] [fms] 통신 드라이버 생성
[2026-08-11 16:49:46.529340] [INFO] [joystick] 생성
[2026-08-11 16:49:46.529666] [INFO] [motions] 생성
[2026-08-11 16:49:46.529700] [INFO] [localizers] 생성
[2026-08-11 16:49:46.529856] [INFO] [localizers] 파라미터 : 

[2026-08-11 16:49:46.529884] [INFO] [safety_plc] 생성
[2026-08-11 16:49:46.529908] [INFO] [load_handler] 생성
[2026-08-11 16:49:46.529933] [INFO] [power_system] 생성
[2026-08-11 16:49:46.530092] [INFO] [power_system] 설정 정보 : remaining[40%, 10%, 5%]
[2026-08-11 16:49:46.530746] [INFO] [power_system] 알람 목록 : 
 • [100015, 100001] [INFO] 자동 충전 시작.
 • [100015, 100002] [INFO] 배터리 가득.
 • [100015, 400001] [CRIT] 배터리 남은 양 - 위험
 • [100015, 300001] [ERROR] 배터리 남은 양 - 에러
 • [100015, 200001] [WARN] 배터리 남은 양 - 주의
 • [100015, 100004] [INFO] 자동 충전 해제 완료.
 • [100015, 100003] [INFO] 자동 충전 해제 시작.
[2026-08-11 16:49:46.530758] [INFO] [mediator] any map 등록
[2026-08-11 16:49:46.530754] [INFO] [mediator] connector 의존성 주입
[2026-08-11 16:49:46.530767] [INFO] [mediator] any collector 등록
[2026-08-11 16:49:46.530771] [INFO] [mediator] any collector 목록 검사
[2026-08-11 16:49:46.530842] [INFO] [framework] after init 실행
[2026-08-11 16:49:46.531084] [INFO] [course_tracker] 생성
[2026-08-11 16:49:46.531099] [INFO] [course_tracker] 파라미터 : 
◈ node_bound[0.030m, 0.150m, 0.005m]
 • approach[0.150m, 0.050m/s, -0.005m, -0.200m, 0.100m]
 • align[(10.000°, 5.000°/s), 50.000°, 30.000°/s), 0.800°, -0.100°]
◈ motion param : 
 • reference_angle[0.000°, 45.000°]
 • threshold_angle[15.000°, 20.000°, 170.000°]
 • threshold_error[0.300°, 5.000°]
 • normal[0.150m/s, 8.000, 0.800m/s, 0.500]
 • angle[0.150m/s, 1.500, 0.800m/s, 2.100]
 • protection_overshoot[0.100m/s, 0.900, 0.500m/s, 0.900]
 • speed_rotation[15.000°/s]
[2026-08-11 16:49:46.531102] [INFO] [framework] 제어 쓰레드 시작
[2026-08-11 16:49:46.531158] [INFO] [path_server] 노드 초기화 성공 : 로봇 좌표[34.022m 9.693m 90.358°] 최단 거리 노드[1148] 거리(0.308163m)
[2026-08-11 16:49:51.642351] [INFO] [path_server] 새로운 경로 설정 : path[1148 ➜ 110] time[0s] dist[18m] list[13] : 1148-1077-1029-1030-1031-1032-1033-1034-1007-1167-1168-1169-110
[2026-08-11 16:49:51.642380] [INFO] [course_tracker] 방향 정렬 완료 
[2026-08-11 16:49:54.177523] [INFO] [path_server] 노드 업데이트 : [1077] ➜ [1029]
[2026-08-11 16:49:54.257505] [INFO] [path_server] 새로운 경로 설정 : path[1077 ➜ 110] time[0s] dist[16.5m] list[12] : 1077-1029-1030-1031-1032-1033-1034-1007-1167-1168-1169-110
[2026-08-11 16:49:58.385865] [INFO] [framework] 프로그램 시작
[2026-08-11 16:49:58.385871] [WARNING] [framework] 프로그램 시작
[2026-08-11 16:49:58.385874] [CRITICAL] [framework] 프로그램 시작
[2026-08-11 16:52:17.126411] [INFO] [framework] 프로그램 시작
[2026-08-11 16:52:17.126415] [WARNING] [framework] 프로그램 시작
[2026-08-11 16:52:17.126416] [CRITICAL] [framework] 프로그램 시작
[2026-08-11 16:52:17.126530] [INFO] [framework] ID[0, 1], 이름[김첫째], 제어주기[20ms], 버젼[], 장소[우리집], 환경모드[simulation]
[2026-08-11 16:52:17.126546] [INFO] [mediator] 생성
[2026-08-11 16:52:17.126562] [INFO] [graph_manager] 생성
[2026-08-11 16:52:17.126416] [INFO] [framework] 설정 파일 위치 : ../configs/robot_1
[2026-08-11 16:52:17.151117] [INFO] [stop_server] 생성
[2026-08-11 16:52:17.151161] [INFO] [health_monitor] 생성
[2026-08-11 16:52:17.151194] [INFO] [path_server] 생성
[2026-08-11 16:52:17.151208] [INFO] [course_manager] 생성
[2026-08-11 16:52:17.151221] [INFO] [task::fsm] 생성
[2026-08-11 16:52:17.151222] [INFO] [task::fsm] idle
[2026-08-11 16:52:17.151224] [INFO] [course_manager] 코스 삭제
[2026-08-11 16:52:17.151225] [INFO] [path_server] 경로 삭제
[2026-08-11 16:52:17.151236] [INFO] [task_manager] 생성
[2026-08-11 16:52:17.151342] [INFO] [mediator] connectors 생성
[2026-08-11 16:52:17.151358] [INFO] [fms] 생성
[2026-08-11 16:52:17.151359] [INFO] [fms] 통신 드라이버 생성
[2026-08-11 16:52:17.151611] [INFO] [joystick] 생성
[2026-08-11 16:52:17.151858] [INFO] [motions] 생성
[2026-08-11 16:52:17.151877] [INFO] [localizers] 생성
[2026-08-11 16:52:17.151969] [INFO] [localizers] 파라미터 : 

[2026-08-11 16:52:17.151985] [INFO] [safety_plc] 생성
[2026-08-11 16:52:17.151998] [INFO] [load_handler] 생성
[2026-08-11 16:52:17.152013] [INFO] [power_system] 생성
[2026-08-11 16:52:17.152129] [INFO] [power_system] 설정 정보 : remaining[40%, 10%, 5%]
[2026-08-11 16:52:17.152693] [INFO] [power_system] 알람 목록 : 
 • [100015, 100001] [INFO] 자동 충전 시작.
 • [100015, 100002] [INFO] 배터리 가득.
 • [100015, 400001] [CRIT] 배터리 남은 양 - 위험
 • [100015, 300001] [ERROR] 배터리 남은 양 - 에러
 • [100015, 200001] [WARN] 배터리 남은 양 - 주의
 • [100015, 100004] [INFO] 자동 충전 해제 완료.
 • [100015, 100003] [INFO] 자동 충전 해제 시작.
[2026-08-11 16:52:17.152700] [INFO] [mediator] any map 등록
[2026-08-11 16:52:17.152697] [INFO] [mediator] connector 의존성 주입
[2026-08-11 16:52:17.152713] [INFO] [mediator] any collector 목록 검사
[2026-08-11 16:52:17.152710] [INFO] [mediator] any collector 등록
[2026-08-11 16:52:17.152768] [INFO] [framework] after init 실행
[2026-08-11 16:52:17.153019] [INFO] [course_tracker] 생성
[2026-08-11 16:52:17.153036] [INFO] [course_tracker] 파라미터 : 
◈ node_bound[0.030m, 0.150m, 0.005m]
 • approach[0.150m, 0.050m/s, -0.005m, -0.200m, 0.100m]
 • align[(10.000°, 5.000°/s), 50.000°, 30.000°/s), 0.800°, -0.100°]
◈ motion param : 
 • reference_angle[0.000°, 45.000°]
 • threshold_angle[15.000°, 20.000°, 170.000°]
 • threshold_error[0.300°, 5.000°]
 • normal[0.150m/s, 8.000, 0.800m/s, 0.500]
 • angle[0.150m/s, 1.500, 0.800m/s, 2.100]
 • protection_overshoot[0.100m/s, 0.900, 0.500m/s, 0.900]
 • speed_rotation[15.000°/s]
[2026-08-11 16:52:17.153038] [INFO] [framework] 제어 쓰레드 시작
[2026-08-11 16:52:17.153083] [INFO] [path_server] 노드 초기화 성공 : 로봇 좌표[33.534m 11.488m 169.760°] 최단 거리 노드[1077] 거리(0.466079m)
[2026-08-11 16:52:29.150303] [INFO] [path_server] 새로운 경로 설정 : path[1077 ➜ 207] time[0s] dist[6m] list[5] : 1077-1078-1079-1080-207
[2026-08-11 16:52:29.150320] [INFO] [course_tracker] 방향 정렬 설정 State::processing[－, 90.1°]
[2026-08-11 16:52:34.500957] [INFO] [course_tracker] 방향 정렬 완료 
[2026-08-11 16:52:39.731063] [INFO] [path_server] 노드 업데이트 : [1078] ➜ [1079]
[2026-08-11 16:52:39.810931] [INFO] [path_server] 새로운 경로 설정 : path[1078 ➜ 207] time[0s] dist[4.5m] list[4] : 1078-1079-1080-207
[2026-08-11 16:52:41.587302] [INFO] [path_server] 노드 업데이트 : [1079] ➜ [1080]
[2026-08-11 16:52:41.667191] [INFO] [path_server] 새로운 경로 설정 : path[1079 ➜ 207] time[0s] dist[3m] list[3] : 1079-1080-207
[2026-08-11 16:52:42.924680] [INFO] [path_server] 노드 업데이트 : [1080] ➜ [207]
[2026-08-11 16:52:42.984590] [INFO] [path_server] 새로운 경로 설정 : path[1080 ➜ 207] time[0s] dist[1.5m] list[2] : 1080-207
[2026-08-11 16:52:48.157597] [INFO] [path_server] 노드 업데이트 : [207] ➜ [-1]
[2026-08-11 16:52:51.044039] [INFO] [course_tracker] 목적지에서 각도 정렬 : [35.500m 16.000m 0.000°]
[2026-08-11 16:52:51.084004] [INFO] [path_server] 노드 업데이트 : [207] ➜ [-1]
[2026-08-11 16:52:51.103904] [INFO] [task::fsm] push_done
[2026-08-11 16:52:51.143871] [INFO] [task::fsm] idle
[2026-08-11 16:52:51.143878] [INFO] [path_server] 경로 삭제
[2026-08-11 16:52:51.143876] [INFO] [course_manager] 코스 삭제
[2026-08-11 16:53:00.325684] [INFO] [path_server] 새로운 경로 설정 : path[207 ➜ 102] time[0s] dist[75m] list[51] : 207-1080-1081-1082-1083-1084-1085-1086-1087-1088-1089-1090-1091-1092-1093-1094-1095-1074-1075-1076-1018-1019-1020-1011-1012-1035-1036-1037-1038-1039-1040-1041-1042-1112-1113-1114-1115-1116-1117-1118-1119-1120-1121-1122-1123-1179-1180-1181-1182-1183-102
[2026-08-11 16:53:05.215943] [INFO] [path_server] 노드 업데이트 : [1080] ➜ [1081]
[2026-08-11 16:53:05.295892] [INFO] [path_server] 새로운 경로 설정 : path[1080 ➜ 102] time[0s] dist[73.5m] list[50] : 1080-1081-1082-1083-1084-1085-1086-1087-1088-1089-1090-1091-1092-1093-1094-1095-1074-1075-1076-1018-1019-1020-1011-1012-1035-1036-1037-1038-1039-1040-1041-1042-1112-1113-1114-1115-1116-1117-1118-1119-1120-1121-1122-1123-1179-1180-1181-1182-1183-102
[2026-08-11 16:53:08.848758] [INFO] [path_server] 노드 업데이트 : [1081] ➜ [1082]
[2026-08-11 16:53:08.908698] [INFO] [path_server] 새로운 경로 설정 : path[1081 ➜ 102] time[0s] dist[72m] list[49] : 1081-1082-1083-1084-1085-1086-1087-1088-1089-1090-1091-1092-1093-1094-1095-1074-1075-1076-1018-1019-1020-1011-1012-1035-1036-1037-1038-1039-1040-1041-1042-1112-1113-1114-1115-1116-1117-1118-1119-1120-1121-1122-1123-1179-1180-1181-1182-1183-102
[2026-08-11 16:53:09.966556] [INFO] [path_server] 노드 업데이트 : [1082] ➜ [1083]
[2026-08-11 16:53:10.046456] [INFO] [path_server] 새로운 경로 설정 : path[1082 ➜ 102] time[0s] dist[70.5m] list[48] : 1082-1083-1084-1085-1086-1087-1088-1089-1090-1091-1092-1093-1094-1095-1074-1075-1076-1018-1019-1020-1011-1012-1035-1036-1037-1038-1039-1040-1041-1042-1112-1113-1114-1115-1116-1117-1118-1119-1120-1121-1122-1123-1179-1180-1181-1182-1183-102
[2026-08-11 16:53:10.784873] [INFO] [path_server] 노드 업데이트 : [1083] ➜ [1084]
[2026-08-11 16:53:10.864806] [INFO] [path_server] 새로운 경로 설정 : path[1083 ➜ 102] time[0s] dist[69m] list[47] : 1083-1084-1085-1086-1087-1088-1089-1090-1091-1092-1093-1094-1095-1074-1075-1076-1018-1019-1020-1011-1012-1035-1036-1037-1038-1039-1040-1041-1042-1112-1113-1114-1115-1116-1117-1118-1119-1120-1121-1122-1123-1179-1180-1181-1182-1183-102
[2026-08-11 16:53:12.202080] [INFO] [path_server] 노드 업데이트 : [1084] ➜ [1085]
[2026-08-11 16:53:12.281973] [INFO] [path_server] 새로운 경로 설정 : path[1084 ➜ 102] time[0s] dist[67.5m] list[46] : 1084-1085-1086-1087-1088-1089-1090-1091-1092-1093-1094-1095-1074-1075-1076-1018-1019-1020-1011-1012-1035-1036-1037-1038-1039-1040-1041-1042-1112-1113-1114-1115-1116-1117-1118-1119-1120-1121-1122-1123-1179-1180-1181-1182-1183-102
[2026-08-11 16:53:15.655193] [INFO] [path_server] 노드 업데이트 : [1085] ➜ [1086]
[2026-08-11 16:53:15.715096] [INFO] [path_server] 새로운 경로 설정 : path[1085 ➜ 102] time[0s] dist[66m] list[45] : 1085-1086-1087-1088-1089-1090-1091-1092-1093-1094-1095-1074-1075-1076-1018-1019-1020-1011-1012-1035-1036-1037-1038-1039-1040-1041-1042-1112-1113-1114-1115-1116-1117-1118-1119-1120-1121-1122-1123-1179-1180-1181-1182-1183-102
[2026-08-11 16:53:16.752922] [INFO] [path_server] 노드 업데이트 : [1086] ➜ [1087]
[2026-08-11 16:53:16.832837] [INFO] [path_server] 새로운 경로 설정 : path[1086 ➜ 102] time[0s] dist[64.5m] list[44] : 1086-1087-1088-1089-1090-1091-1092-1093-1094-1095-1074-1075-1076-1018-1019-1020-1011-1012-1035-1036-1037-1038-1039-1040-1041-1042-1112-1113-1114-1115-1116-1117-1118-1119-1120-1121-1122-1123-1179-1180-1181-1182-1183-102
[2026-08-11 16:53:17.571291] [INFO] [path_server] 노드 업데이트 : [1087] ➜ [1088]
[2026-08-11 16:53:17.631230] [INFO] [path_server] 새로운 경로 설정 : path[1087 ➜ 102] time[0s] dist[63m] list[43] : 1087-1088-1089-1090-1091-1092-1093-1094-1095-1074-1075-1076-1018-1019-1020-1011-1012-1035-1036-1037-1038-1039-1040-1041-1042-1112-1113-1114-1115-1116-1117-1118-1119-1120-1121-1122-1123-1179-1180-1181-1182-1183-102
[2026-08-11 16:53:18.329750] [INFO] [path_server] 노드 업데이트 : [1088] ➜ [1089]
[2026-08-11 16:53:18.409623] [INFO] [path_server] 새로운 경로 설정 : path[1088 ➜ 102] time[0s] dist[61.5m] list[42] : 1088-1089-1090-1091-1092-1093-1094-1095-1074-1075-1076-1018-1019-1020-1011-1012-1035-1036-1037-1038-1039-1040-1041-1042-1112-1113-1114-1115-1116-1117-1118-1119-1120-1121-1122-1123-1179-1180-1181-1182-1183-102
[2026-08-11 16:53:19.068210] [INFO] [path_server] 노드 업데이트 : [1089] ➜ [1090]
[2026-08-11 16:53:19.128152] [INFO] [path_server] 새로운 경로 설정 : path[1089 ➜ 102] time[0s] dist[60m] list[41] : 1089-1090-1091-1092-1093-1094-1095-1074-1075-1076-1018-1019-1020-1011-1012-1035-1036-1037-1038-1039-1040-1041-1042-1112-1113-1114-1115-1116-1117-1118-1119-1120-1121-1122-1123-1179-1180-1181-1182-1183-102
[2026-08-11 16:53:19.826654] [INFO] [path_server] 노드 업데이트 : [1090] ➜ [1091]
[2026-08-11 16:53:19.906571] [INFO] [path_server] 새로운 경로 설정 : path[1090 ➜ 102] time[0s] dist[58.5m] list[40] : 1090-1091-1092-1093-1094-1095-1074-1075-1076-1018-1019-1020-1011-1012-1035-1036-1037-1038-1039-1040-1041-1042-1112-1113-1114-1115-1116-1117-1118-1119-1120-1121-1122-1123-1179-1180-1181-1182-1183-102
[2026-08-11 16:53:20.585131] [INFO] [path_server] 노드 업데이트 : [1091] ➜ [1092]
[2026-08-11 16:53:20.665069] [INFO] [path_server] 새로운 경로 설정 : path[1091 ➜ 102] time[0s] dist[57m] list[39] : 1091-1092-1093-1094-1095-1074-1075-1076-1018-1019-1020-1011-1012-1035-1036-1037-1038-1039-1040-1041-1042-1112-1113-1114-1115-1116-1117-1118-1119-1120-1121-1122-1123-1179-1180-1181-1182-1183-102
[2026-08-11 16:53:21.323663] [INFO] [path_server] 노드 업데이트 : [1092] ➜ [1093]
[2026-08-11 16:53:21.403582] [INFO] [path_server] 새로운 경로 설정 : path[1092 ➜ 102] time[0s] dist[55.5m] list[38] : 1092-1093-1094-1095-1074-1075-1076-1018-1019-1020-1011-1012-1035-1036-1037-1038-1039-1040-1041-1042-1112-1113-1114-1115-1116-1117-1118-1119-1120-1121-1122-1123-1179-1180-1181-1182-1183-102
[2026-08-11 16:53:22.082249] [INFO] [path_server] 노드 업데이트 : [1093] ➜ [1094]
[2026-08-11 16:53:22.162185] [INFO] [path_server] 새로운 경로 설정 : path[1093 ➜ 102] time[0s] dist[54m] list[37] : 1093-1094-1095-1074-1075-1076-1018-1019-1020-1011-1012-1035-1036-1037-1038-1039-1040-1041-1042-1112-1113-1114-1115-1116-1117-1118-1119-1120-1121-1122-1123-1179-1180-1181-1182-1183-102
[2026-08-11 16:53:22.820788] [INFO] [path_server] 노드 업데이트 : [1094] ➜ [1095]
[2026-08-11 16:53:22.900668] [INFO] [path_server] 새로운 경로 설정 : path[1094 ➜ 102] time[0s] dist[52.5m] list[36] : 1094-1095-1074-1075-1076-1018-1019-1020-1011-1012-1035-1036-1037-1038-1039-1040-1041-1042-1112-1113-1114-1115-1116-1117-1118-1119-1120-1121-1122-1123-1179-1180-1181-1182-1183-102
[2026-08-11 16:53:24.158033] [INFO] [path_server] 노드 업데이트 : [1095] ➜ [1074]
[2026-08-11 16:53:24.237908] [INFO] [path_server] 새로운 경로 설정 : path[1095 ➜ 102] time[0s] dist[51m] list[35] : 1095-1074-1075-1076-1018-1019-1020-1011-1012-1035-1036-1037-1038-1039-1040-1041-1042-1112-1113-1114-1115-1116-1117-1118-1119-1120-1121-1122-1123-1179-1180-1181-1182-1183-102
[2026-08-11 16:53:27.511183] [INFO] [path_server] 노드 업데이트 : [1074] ➜ [1075]
[2026-08-11 16:53:27.591121] [INFO] [path_server] 새로운 경로 설정 : path[1074 ➜ 102] time[0s] dist[49.5m] list[34] : 1074-1075-1076-1018-1019-1020-1011-1012-1035-1036-1037-1038-1039-1040-1041-1042-1112-1113-1114-1115-1116-1117-1118-1119-1120-1121-1122-1123-1179-1180-1181-1182-1183-102
[2026-08-11 16:53:28.648998] [INFO] [path_server] 노드 업데이트 : [1075] ➜ [1076]
[2026-08-11 16:53:28.728949] [INFO] [path_server] 새로운 경로 설정 : path[1075 ➜ 102] time[0s] dist[48m] list[33] : 1075-1076-1018-1019-1020-1011-1012-1035-1036-1037-1038-1039-1040-1041-1042-1112-1113-1114-1115-1116-1117-1118-1119-1120-1121-1122-1123-1179-1180-1181-1182-1183-102
[2026-08-11 16:53:29.467459] [INFO] [path_server] 노드 업데이트 : [1076] ➜ [1018]
[2026-08-11 16:53:29.527385] [INFO] [path_server] 새로운 경로 설정 : path[1076 ➜ 102] time[0s] dist[46.5m] list[32] : 1076-1018-1019-1020-1011-1012-1035-1036-1037-1038-1039-1040-1041-1042-1112-1113-1114-1115-1116-1117-1118-1119-1120-1121-1122-1123-1179-1180-1181-1182-1183-102
[2026-08-11 16:53:30.225893] [INFO] [path_server] 노드 업데이트 : [1018] ➜ [1019]
[2026-08-11 16:53:30.305734] [INFO] [path_server] 새로운 경로 설정 : path[1018 ➜ 102] time[0s] dist[45m] list[31] : 1018-1019-1020-1011-1012-1035-1036-1037-1038-1039-1040-1041-1042-1112-1113-1114-1115-1116-1117-1118-1119-1120-1121-1122-1123-1179-1180-1181-1182-1183-102
[2026-08-11 16:53:30.984248] [INFO] [path_server] 노드 업데이트 : [1019] ➜ [1020]
[2026-08-11 16:53:31.064191] [INFO] [path_server] 새로운 경로 설정 : path[1019 ➜ 102] time[0s] dist[43.5m] list[30] : 1019-1020-1011-1012-1035-1036-1037-1038-1039-1040-1041-1042-1112-1113-1114-1115-1116-1117-1118-1119-1120-1121-1122-1123-1179-1180-1181-1182-1183-102
[2026-08-11 16:53:31.722813] [INFO] [path_server] 노드 업데이트 : [1020] ➜ [1011]
[2026-08-11 16:53:31.802689] [INFO] [path_server] 새로운 경로 설정 : path[1020 ➜ 102] time[0s] dist[42m] list[29] : 1020-1011-1012-1035-1036-1037-1038-1039-1040-1041-1042-1112-1113-1114-1115-1116-1117-1118-1119-1120-1121-1122-1123-1179-1180-1181-1182-1183-102
[2026-08-11 16:53:33.040181] [INFO] [path_server] 노드 업데이트 : [1011] ➜ [1012]
[2026-08-11 16:53:33.120073] [INFO] [path_server] 새로운 경로 설정 : path[1011 ➜ 102] time[0s] dist[40.5m] list[28] : 1011-1012-1035-1036-1037-1038-1039-1040-1041-1042-1112-1113-1114-1115-1116-1117-1118-1119-1120-1121-1122-1123-1179-1180-1181-1182-1183-102
[2026-08-11 16:53:36.413736] [INFO] [path_server] 노드 업데이트 : [1012] ➜ [1035]
[2026-08-11 16:53:36.493618] [INFO] [path_server] 새로운 경로 설정 : path[1012 ➜ 102] time[0s] dist[39m] list[27] : 1012-1035-1036-1037-1038-1039-1040-1041-1042-1112-1113-1114-1115-1116-1117-1118-1119-1120-1121-1122-1123-1179-1180-1181-1182-1183-102
[2026-08-11 16:53:37.531420] [INFO] [path_server] 노드 업데이트 : [1035] ➜ [1036]
[2026-08-11 16:53:37.591342] [INFO] [path_server] 새로운 경로 설정 : path[1035 ➜ 102] time[0s] dist[37.5m] list[26] : 1035-1036-1037-1038-1039-1040-1041-1042-1112-1113-1114-1115-1116-1117-1118-1119-1120-1121-1122-1123-1179-1180-1181-1182-1183-102
[2026-08-11 16:53:38.349761] [INFO] [path_server] 노드 업데이트 : [1036] ➜ [1037]
[2026-08-11 16:53:38.429627] [INFO] [path_server] 새로운 경로 설정 : path[1036 ➜ 102] time[0s] dist[36m] list[25] : 1036-1037-1038-1039-1040-1041-1042-1112-1113-1114-1115-1116-1117-1118-1119-1120-1121-1122-1123-1179-1180-1181-1182-1183-102
[2026-08-11 16:53:39.108311] [INFO] [path_server] 노드 업데이트 : [1037] ➜ [1038]
[2026-08-11 16:53:39.188253] [INFO] [path_server] 새로운 경로 설정 : path[1037 ➜ 102] time[0s] dist[34.5m] list[24] : 1037-1038-1039-1040-1041-1042-1112-1113-1114-1115-1116-1117-1118-1119-1120-1121-1122-1123-1179-1180-1181-1182-1183-102
[2026-08-11 16:53:39.866863] [INFO] [path_server] 노드 업데이트 : [1038] ➜ [1039]
[2026-08-11 16:53:39.926772] [INFO] [path_server] 새로운 경로 설정 : path[1038 ➜ 102] time[0s] dist[33m] list[23] : 1038-1039-1040-1041-1042-1112-1113-1114-1115-1116-1117-1118-1119-1120-1121-1122-1123-1179-1180-1181-1182-1183-102
[2026-08-11 16:53:40.605364] [INFO] [path_server] 노드 업데이트 : [1039] ➜ [1040]
[2026-08-11 16:53:40.685291] [INFO] [path_server] 새로운 경로 설정 : path[1039 ➜ 102] time[0s] dist[31.5m] list[22] : 1039-1040-1041-1042-1112-1113-1114-1115-1116-1117-1118-1119-1120-1121-1122-1123-1179-1180-1181-1182-1183-102
[2026-08-11 16:53:41.363949] [INFO] [path_server] 노드 업데이트 : [1040] ➜ [1041]
[2026-08-11 16:53:41.423859] [INFO] [path_server] 새로운 경로 설정 : path[1040 ➜ 102] time[0s] dist[30m] list[21] : 1040-1041-1042-1112-1113-1114-1115-1116-1117-1118-1119-1120-1121-1122-1123-1179-1180-1181-1182-1183-102
[2026-08-11 16:53:42.102479] [INFO] [path_server] 노드 업데이트 : [1041] ➜ [1042]
[2026-08-11 16:53:42.182421] [INFO] [path_server] 새로운 경로 설정 : path[1041 ➜ 102] time[0s] dist[28.5m] list[20] : 1041-1042-1112-1113-1114-1115-1116-1117-1118-1119-1120-1121-1122-1123-1179-1180-1181-1182-1183-102
[2026-08-11 16:53:42.861192] [INFO] [path_server] 노드 업데이트 : [1042] ➜ [1112]
[2026-08-11 16:53:42.921071] [INFO] [path_server] 새로운 경로 설정 : path[1042 ➜ 102] time[0s] dist[27m] list[19] : 1042-1112-1113-1114-1115-1116-1117-1118-1119-1120-1121-1122-1123-1179-1180-1181-1182-1183-102
[2026-08-11 16:53:44.178590] [INFO] [path_server] 노드 업데이트 : [1112] ➜ [1113]
[2026-08-11 16:53:44.238502] [INFO] [path_server] 새로운 경로 설정 : path[1112 ➜ 102] time[0s] dist[25.5m] list[18] : 1112-1113-1114-1115-1116-1117-1118-1119-1120-1121-1122-1123-1179-1180-1181-1182-1183-102
[2026-08-11 16:53:47.531906] [INFO] [path_server] 노드 업데이트 : [1113] ➜ [1114]
[2026-08-11 16:53:47.591826] [INFO] [path_server] 새로운 경로 설정 : path[1113 ➜ 102] time[0s] dist[24m] list[17] : 1113-1114-1115-1116-1117-1118-1119-1120-1121-1122-1123-1179-1180-1181-1182-1183-102
[2026-08-11 16:53:48.670007] [INFO] [path_server] 노드 업데이트 : [1114] ➜ [1115]
[2026-08-11 16:53:48.750031] [INFO] [path_server] 새로운 경로 설정 : path[1114 ➜ 102] time[0s] dist[22.5m] list[16] : 1114-1115-1116-1117-1118-1119-1120-1121-1122-1123-1179-1180-1181-1182-1183-102
[2026-08-11 16:53:49.488912] [INFO] [path_server] 노드 업데이트 : [1115] ➜ [1116]
[2026-08-11 16:53:49.548801] [INFO] [path_server] 새로운 경로 설정 : path[1115 ➜ 102] time[0s] dist[21m] list[15] : 1115-1116-1117-1118-1119-1120-1121-1122-1123-1179-1180-1181-1182-1183-102
[2026-08-11 16:53:50.247332] [INFO] [path_server] 노드 업데이트 : [1116] ➜ [1117]
[2026-08-11 16:53:50.327179] [INFO] [path_server] 새로운 경로 설정 : path[1116 ➜ 102] time[0s] dist[19.5m] list[14] : 1116-1117-1118-1119-1120-1121-1122-1123-1179-1180-1181-1182-1183-102
[2026-08-11 16:53:51.005727] [INFO] [path_server] 노드 업데이트 : [1117] ➜ [1118]
[2026-08-11 16:53:51.085650] [INFO] [path_server] 새로운 경로 설정 : path[1117 ➜ 102] time[0s] dist[18m] list[13] : 1117-1118-1119-1120-1121-1122-1123-1179-1180-1181-1182-1183-102
[2026-08-11 16:53:51.744293] [INFO] [path_server] 노드 업데이트 : [1118] ➜ [1119]
[2026-08-11 16:53:51.824187] [INFO] [path_server] 새로운 경로 설정 : path[1118 ➜ 102] time[0s] dist[16.5m] list[12] : 1118-1119-1120-1121-1122-1123-1179-1180-1181-1182-1183-102
[2026-08-11 16:53:52.502744] [INFO] [path_server] 노드 업데이트 : [1119] ➜ [1120]
[2026-08-11 16:53:52.582655] [INFO] [path_server] 새로운 경로 설정 : path[1119 ➜ 102] time[0s] dist[15m] list[11] : 1119-1120-1121-1122-1123-1179-1180-1181-1182-1183-102
[2026-08-11 16:53:53.341004] [INFO] [path_server] 노드 업데이트 : [1120] ➜ [1121]
[2026-08-11 16:53:53.420912] [INFO] [path_server] 새로운 경로 설정 : path[1120 ➜ 102] time[0s] dist[13.5m] list[10] : 1120-1121-1122-1123-1179-1180-1181-1182-1183-102
[2026-08-11 16:53:56.993559] [INFO] [path_server] 노드 업데이트 : [1121] ➜ [1122]
[2026-08-11 16:53:57.073463] [INFO] [path_server] 새로운 경로 설정 : path[1121 ➜ 102] time[0s] dist[12m] list[9] : 1121-1122-1123-1179-1180-1181-1182-1183-102
[2026-08-11 16:53:58.350830] [INFO] [path_server] 노드 업데이트 : [1122] ➜ [1123]
[2026-08-11 16:53:58.410711] [INFO] [path_server] 새로운 경로 설정 : path[1122 ➜ 102] time[0s] dist[10.5m] list[8] : 1122-1123-1179-1180-1181-1182-1183-102
[2026-08-11 16:53:59.408986] [INFO] [path_server] 노드 업데이트 : [1123] ➜ [1179]
[2026-08-11 16:53:59.488887] [INFO] [path_server] 새로운 경로 설정 : path[1123 ➜ 102] time[0s] dist[9m] list[7] : 1123-1179-1180-1181-1182-1183-102
[2026-08-11 16:54:02.722600] [INFO] [path_server] 노드 업데이트 : [1179] ➜ [1180]
[2026-08-11 16:54:02.802526] [INFO] [path_server] 새로운 경로 설정 : path[1179 ➜ 102] time[0s] dist[7.5m] list[6] : 1179-1180-1181-1182-1183-102
[2026-08-11 16:54:03.960426] [INFO] [path_server] 노드 업데이트 : [1180] ➜ [1181]
[2026-08-11 16:54:04.020326] [INFO] [path_server] 새로운 경로 설정 : path[1180 ➜ 102] time[0s] dist[6m] list[5] : 1180-1181-1182-1183-102
[2026-08-11 16:54:04.840812] [INFO] [path_server] 노드 업데이트 : [1181] ➜ [1182]
[2026-08-11 16:54:04.920709] [INFO] [path_server] 새로운 경로 설정 : path[1181 ➜ 102] time[0s] dist[4.5m] list[4] : 1181-1182-1183-102
[2026-08-11 16:54:05.579466] [INFO] [path_server] 노드 업데이트 : [1182] ➜ [1183]
[2026-08-11 16:54:05.639353] [INFO] [path_server] 새로운 경로 설정 : path[1182 ➜ 102] time[0s] dist[3m] list[3] : 1182-1183-102
[2026-08-11 16:54:06.916779] [INFO] [path_server] 노드 업데이트 : [1183] ➜ [102]
[2026-08-11 16:54:06.996693] [INFO] [path_server] 새로운 경로 설정 : path[1183 ➜ 102] time[0s] dist[1.5m] list[2] : 1183-102
[2026-08-11 16:54:12.126300] [INFO] [path_server] 노드 업데이트 : [102] ➜ [-1]
[2026-08-11 16:54:15.020573] [INFO] [course_tracker] 목적지에서 각도 정렬 : [5.500m 7.000m 0.000°]
[2026-08-11 16:54:15.060472] [INFO] [path_server] 노드 업데이트 : [102] ➜ [-1]
[2026-08-11 16:54:15.080454] [INFO] [task::fsm] push_done
[2026-08-11 16:54:15.140335] [INFO] [task::fsm] charging
[2026-08-11 16:54:15.140346] [INFO] [power_system] 충전 프로세스 시작
[2026-08-11 16:54:15.140364] [INFO] [health_monitor] [등록][100015, 100001] : 자동 충전 시작.
[2026-08-11 16:54:20.150713] [INFO] [health_monitor] [삭제][100015, 100001] : 자동 충전 시작.
[2026-08-11 16:54:40.811108] [INFO] [power_system] 충전 완료
[2026-08-11 16:54:40.811135] [INFO] [health_monitor] [등록][100015, 100003] : 자동 충전 해제 시작.
[2026-08-11 16:54:40.811132] [INFO] [health_monitor] [등록][100015, 100002] : 배터리 가득.
[2026-08-11 16:54:45.821039] [INFO] [health_monitor] [삭제][100015, 100002] : 배터리 가득.
[2026-08-11 16:54:45.821045] [INFO] [health_monitor] [삭제][100015, 100003] : 자동 충전 해제 시작.
[2026-08-11 16:54:45.840937] [INFO] [power_system] 충전 해제 완료
[2026-08-11 16:54:45.840950] [INFO] [health_monitor] [등록][100015, 100004] : 자동 충전 해제 완료.
[2026-08-11 16:54:45.860935] [INFO] [task::fsm] discharging
[2026-08-11 16:54:45.860943] [INFO] [power_system] 충전 해제 프로세스 시작
[2026-08-11 16:54:45.860954] [INFO] [health_monitor] [등록][100015, 100003] : 자동 충전 해제 시작.
[2026-08-11 16:54:45.880921] [INFO] [task::fsm] idle
[2026-08-11 16:54:45.880928] [INFO] [path_server] 경로 삭제
[2026-08-11 16:54:45.880925] [INFO] [course_manager] 코스 삭제
[2026-08-11 16:54:45.920833] [INFO] [task::fsm] idle
[2026-08-11 16:54:45.920843] [INFO] [path_server] 경로 삭제
[2026-08-11 16:54:45.920841] [INFO] [course_manager] 코스 삭제
[2026-08-11 16:54:50.850927] [INFO] [health_monitor] [삭제][100015, 100004] : 자동 충전 해제 완료.
[2026-08-11 16:54:50.870930] [INFO] [health_monitor] [삭제][100015, 100003] : 자동 충전 해제 시작.
[2026-08-11 16:55:10.332440] [INFO] [path_server] 새로운 경로 설정 : path[102 ➜ 205] time[0s] dist[27m] list[19] : 102-1183-1184-1045-1046-1047-1048-1001-1002-1003-1004-1013-1049-1050-1014-1201-1200-1202-205
[2026-08-11 16:55:17.498194] [INFO] [path_server] 노드 업데이트 : [1183] ➜ [1184]
[2026-08-11 16:55:17.558080] [INFO] [path_server] 새로운 경로 설정 : path[1183 ➜ 205] time[0s] dist[25.5m] list[18] : 1183-1184-1045-1046-1047-1048-1001-1002-1003-1004-1013-1049-1050-1014-1201-1200-1202-205
[2026-08-11 16:55:21.111092] [INFO] [path_server] 노드 업데이트 : [1184] ➜ [1045]
[2026-08-11 16:55:21.191022] [INFO] [path_server] 새로운 경로 설정 : path[1184 ➜ 205] time[0s] dist[24m] list[17] : 1184-1045-1046-1047-1048-1001-1002-1003-1004-1013-1049-1050-1014-1201-1200-1202-205
[2026-08-11 16:55:22.468492] [INFO] [path_server] 노드 업데이트 : [1045] ➜ [1046]
[2026-08-11 16:55:22.528412] [INFO] [path_server] 새로운 경로 설정 : path[1045 ➜ 205] time[0s] dist[22.5m] list[16] : 1045-1046-1047-1048-1001-1002-1003-1004-1013-1049-1050-1014-1201-1200-1202-205
[2026-08-11 16:55:25.802149] [INFO] [path_server] 노드 업데이트 : [1046] ➜ [1047]
[2026-08-11 16:55:25.882025] [INFO] [path_server] 새로운 경로 설정 : path[1046 ➜ 205] time[0s] dist[21m] list[15] : 1046-1047-1048-1001-1002-1003-1004-1013-1049-1050-1014-1201-1200-1202-205
[2026-08-11 16:55:26.919921] [INFO] [path_server] 노드 업데이트 : [1047] ➜ [1048]
[2026-08-11 16:55:26.999825] [INFO] [path_server] 새로운 경로 설정 : path[1047 ➜ 205] time[0s] dist[19.5m] list[14] : 1047-1048-1001-1002-1003-1004-1013-1049-1050-1014-1201-1200-1202-205
[2026-08-11 16:55:27.738389] [INFO] [path_server] 노드 업데이트 : [1048] ➜ [1001]
[2026-08-11 16:55:27.818278] [INFO] [path_server] 새로운 경로 설정 : path[1048 ➜ 205] time[0s] dist[18m] list[13] : 1048-1001-1002-1003-1004-1013-1049-1050-1014-1201-1200-1202-205
[2026-08-11 16:55:28.497049] [INFO] [path_server] 노드 업데이트 : [1001] ➜ [1002]
[2026-08-11 16:55:28.557002] [INFO] [path_server] 새로운 경로 설정 : path[1001 ➜ 205] time[0s] dist[16.5m] list[12] : 1001-1002-1003-1004-1013-1049-1050-1014-1201-1200-1202-205
[2026-08-11 16:55:29.255642] [INFO] [path_server] 노드 업데이트 : [1002] ➜ [1003]
[2026-08-11 16:55:29.335530] [INFO] [path_server] 새로운 경로 설정 : path[1002 ➜ 205] time[0s] dist[15m] list[11] : 1002-1003-1004-1013-1049-1050-1014-1201-1200-1202-205
[2026-08-11 16:55:29.994278] [INFO] [path_server] 노드 업데이트 : [1003] ➜ [1004]
[2026-08-11 16:55:30.054168] [INFO] [path_server] 새로운 경로 설정 : path[1003 ➜ 205] time[0s] dist[13.5m] list[10] : 1003-1004-1013-1049-1050-1014-1201-1200-1202-205
[2026-08-11 16:55:31.311694] [INFO] [path_server] 노드 업데이트 : [1004] ➜ [1013]
[2026-08-11 16:55:31.371617] [INFO] [path_server] 새로운 경로 설정 : path[1004 ➜ 205] time[0s] dist[12m] list[9] : 1004-1013-1049-1050-1014-1201-1200-1202-205
[2026-08-11 16:55:34.665004] [INFO] [path_server] 노드 업데이트 : [1013] ➜ [1049]
[2026-08-11 16:55:34.724913] [INFO] [path_server] 새로운 경로 설정 : path[1013 ➜ 205] time[0s] dist[10.5m] list[8] : 1013-1049-1050-1014-1201-1200-1202-205
[2026-08-11 16:55:35.782703] [INFO] [path_server] 노드 업데이트 : [1049] ➜ [1050]
[2026-08-11 16:55:35.862600] [INFO] [path_server] 새로운 경로 설정 : path[1049 ➜ 205] time[0s] dist[9m] list[7] : 1049-1050-1014-1201-1200-1202-205
[2026-08-11 16:55:37.120179] [INFO] [path_server] 노드 업데이트 : [1050] ➜ [1014]
[2026-08-11 16:55:37.180086] [INFO] [path_server] 새로운 경로 설정 : path[1050 ➜ 205] time[0s] dist[7.5m] list[6] : 1050-1014-1201-1200-1202-205
[2026-08-11 16:55:40.513541] [INFO] [path_server] 노드 업데이트 : [1014] ➜ [1201]
[2026-08-11 16:55:40.573451] [INFO] [path_server] 새로운 경로 설정 : path[1014 ➜ 205] time[0s] dist[6m] list[5] : 1014-1201-1200-1202-205
[2026-08-11 16:55:41.631367] [INFO] [path_server] 노드 업데이트 : [1201] ➜ [1200]
[2026-08-11 16:55:41.711214] [INFO] [path_server] 새로운 경로 설정 : path[1201 ➜ 205] time[0s] dist[4.5m] list[4] : 1201-1200-1202-205
[2026-08-11 16:55:42.449654] [INFO] [path_server] 노드 업데이트 : [1200] ➜ [1202]
[2026-08-11 16:55:42.529591] [INFO] [path_server] 새로운 경로 설정 : path[1200 ➜ 205] time[0s] dist[3m] list[3] : 1200-1202-205
[2026-08-11 16:55:43.787114] [INFO] [path_server] 노드 업데이트 : [1202] ➜ [205]
[2026-08-11 16:55:43.866976] [INFO] [path_server] 새로운 경로 설정 : path[1202 ➜ 205] time[0s] dist[1.5m] list[2] : 1202-205
[2026-08-11 16:55:48.996663] [INFO] [path_server] 노드 업데이트 : [205] ➜ [-1]
[2026-08-11 16:55:51.891225] [INFO] [course_tracker] 목적지에서 각도 정렬 : [23.500m 7.000m 0.000°]
[2026-08-11 16:55:51.931185] [INFO] [path_server] 노드 업데이트 : [205] ➜ [-1]
[2026-08-11 16:55:51.951088] [INFO] [task::fsm] push_done
[2026-08-11 16:55:51.991061] [INFO] [task::fsm] idle
[2026-08-11 16:55:51.991070] [INFO] [path_server] 경로 삭제
[2026-08-11 16:55:51.991068] [INFO] [course_manager] 코스 삭제
[2026-08-11 16:56:15.184610] [INFO] [path_server] 새로운 경로 설정 : path[205 ➜ 111] time[0s] dist[33m] list[23] : 205-1202-1203-1204-1205-1206-1207-1208-1145-1146-1147-1148-1077-1029-1030-1031-1032-1033-1034-1007-1167-1168-111
[2026-08-11 16:56:20.074925] [INFO] [path_server] 노드 업데이트 : [1202] ➜ [1203]
[2026-08-11 16:56:20.154754] [INFO] [path_server] 새로운 경로 설정 : path[1202 ➜ 111] time[0s] dist[31.5m] list[22] : 1202-1203-1204-1205-1206-1207-1208-1145-1146-1147-1148-1077-1029-1030-1031-1032-1033-1034-1007-1167-1168-111
[2026-08-11 16:56:23.687659] [INFO] [path_server] 노드 업데이트 : [1203] ➜ [1204]
[2026-08-11 16:56:23.747587] [INFO] [path_server] 새로운 경로 설정 : path[1203 ➜ 111] time[0s] dist[30m] list[21] : 1203-1204-1205-1206-1207-1208-1145-1146-1147-1148-1077-1029-1030-1031-1032-1033-1034-1007-1167-1168-111
[2026-08-11 16:56:24.825477] [INFO] [path_server] 노드 업데이트 : [1204] ➜ [1205]
[2026-08-11 16:56:24.885405] [INFO] [path_server] 새로운 경로 설정 : path[1204 ➜ 111] time[0s] dist[28.5m] list[20] : 1204-1205-1206-1207-1208-1145-1146-1147-1148-1077-1029-1030-1031-1032-1033-1034-1007-1167-1168-111
[2026-08-11 16:56:25.643784] [INFO] [path_server] 노드 업데이트 : [1205] ➜ [1206]
[2026-08-11 16:56:25.723666] [INFO] [path_server] 새로운 경로 설정 : path[1205 ➜ 111] time[0s] dist[27m] list[19] : 1205-1206-1207-1208-1145-1146-1147-1148-1077-1029-1030-1031-1032-1033-1034-1007-1167-1168-111
[2026-08-11 16:56:26.402385] [INFO] [path_server] 노드 업데이트 : [1206] ➜ [1207]
[2026-08-11 16:56:26.482286] [INFO] [path_server] 새로운 경로 설정 : path[1206 ➜ 111] time[0s] dist[25.51m] list[18] : 1206-1207-1208-1145-1146-1147-1148-1077-1029-1030-1031-1032-1033-1034-1007-1167-1168-111
[2026-08-11 16:56:27.160874] [INFO] [path_server] 노드 업데이트 : [1207] ➜ [1208]
[2026-08-11 16:56:27.240798] [INFO] [path_server] 새로운 경로 설정 : path[1207 ➜ 111] time[0s] dist[24m] list[17] : 1207-1208-1145-1146-1147-1148-1077-1029-1030-1031-1032-1033-1034-1007-1167-1168-111
[2026-08-11 16:56:27.899470] [INFO] [path_server] 노드 업데이트 : [1208] ➜ [1145]
[2026-08-11 16:56:27.979371] [INFO] [path_server] 새로운 경로 설정 : path[1208 ➜ 111] time[0s] dist[22.5m] list[16] : 1208-1145-1146-1147-1148-1077-1029-1030-1031-1032-1033-1034-1007-1167-1168-111
[2026-08-11 16:56:29.217070] [INFO] [path_server] 노드 업데이트 : [1145] ➜ [1146]
[2026-08-11 16:56:29.296958] [INFO] [path_server] 새로운 경로 설정 : path[1145 ➜ 111] time[0s] dist[21m] list[15] : 1145-1146-1147-1148-1077-1029-1030-1031-1032-1033-1034-1007-1167-1168-111
[2026-08-11 16:56:32.590326] [INFO] [path_server] 노드 업데이트 : [1146] ➜ [1147]
[2026-08-11 16:56:32.650267] [INFO] [path_server] 새로운 경로 설정 : path[1146 ➜ 111] time[0s] dist[19.5m] list[14] : 1146-1147-1148-1077-1029-1030-1031-1032-1033-1034-1007-1167-1168-111
[2026-08-11 16:56:33.708148] [INFO] [path_server] 노드 업데이트 : [1147] ➜ [1148]
[2026-08-11 16:56:33.787995] [INFO] [path_server] 새로운 경로 설정 : path[1147 ➜ 111] time[0s] dist[18m] list[13] : 1147-1148-1077-1029-1030-1031-1032-1033-1034-1007-1167-1168-111
[2026-08-11 16:56:34.526449] [INFO] [path_server] 노드 업데이트 : [1148] ➜ [1077]
[2026-08-11 16:56:34.606384] [INFO] [path_server] 새로운 경로 설정 : path[1148 ➜ 111] time[0s] dist[16.5m] list[12] : 1148-1077-1029-1030-1031-1032-1033-1034-1007-1167-1168-111
[2026-08-11 16:56:35.863807] [INFO] [path_server] 노드 업데이트 : [1077] ➜ [1029]
[2026-08-11 16:56:35.943668] [INFO] [path_server] 새로운 경로 설정 : path[1077 ➜ 111] time[0s] dist[15m] list[11] : 1077-1029-1030-1031-1032-1033-1034-1007-1167-1168-111
[2026-08-11 16:56:39.197032] [INFO] [path_server] 노드 업데이트 : [1029] ➜ [1030]
[2026-08-11 16:56:39.276948] [INFO] [path_server] 새로운 경로 설정 : path[1029 ➜ 111] time[0s] dist[13.5m] list[10] : 1029-1030-1031-1032-1033-1034-1007-1167-1168-111
[2026-08-11 16:56:40.335233] [INFO] [path_server] 노드 업데이트 : [1030] ➜ [1031]
[2026-08-11 16:56:40.415113] [INFO] [path_server] 새로운 경로 설정 : path[1030 ➜ 111] time[0s] dist[12m] list[9] : 1030-1031-1032-1033-1034-1007-1167-1168-111
[2026-08-11 16:56:41.153526] [INFO] [path_server] 노드 업데이트 : [1031] ➜ [1032]
[2026-08-11 16:56:41.233467] [INFO] [path_server] 새로운 경로 설정 : path[1031 ➜ 111] time[0s] dist[10.5m] list[8] : 1031-1032-1033-1034-1007-1167-1168-111
[2026-08-11 16:56:41.912050] [INFO] [path_server] 노드 업데이트 : [1032] ➜ [1033]
[2026-08-11 16:56:41.971952] [INFO] [path_server] 새로운 경로 설정 : path[1032 ➜ 111] time[0s] dist[9m] list[7] : 1032-1033-1034-1007-1167-1168-111
[2026-08-11 16:56:42.670680] [INFO] [path_server] 노드 업데이트 : [1033] ➜ [1034]
[2026-08-11 16:56:42.750528] [INFO] [path_server] 새로운 경로 설정 : path[1033 ➜ 111] time[0s] dist[7.5m] list[6] : 1033-1034-1007-1167-1168-111
[2026-08-11 16:56:43.409173] [INFO] [path_server] 노드 업데이트 : [1034] ➜ [1007]
[2026-08-11 16:56:43.469081] [INFO] [path_server] 새로운 경로 설정 : path[1034 ➜ 111] time[0s] dist[6m] list[5] : 1034-1007-1167-1168-111
[2026-08-11 16:56:44.726502] [INFO] [path_server] 노드 업데이트 : [1007] ➜ [1167]
[2026-08-11 16:56:44.786417] [INFO] [path_server] 새로운 경로 설정 : path[1007 ➜ 111] time[0s] dist[4.5m] list[4] : 1007-1167-1168-111
[2026-08-11 16:56:48.099906] [INFO] [path_server] 노드 업데이트 : [1167] ➜ [1168]
[2026-08-11 16:56:48.179840] [INFO] [path_server] 새로운 경로 설정 : path[1167 ➜ 111] time[0s] dist[3m] list[3] : 1167-1168-111
[2026-08-11 16:56:49.517468] [INFO] [path_server] 노드 업데이트 : [1168] ➜ [111]
[2026-08-11 16:56:49.577370] [INFO] [path_server] 새로운 경로 설정 : path[1168 ➜ 111] time[0s] dist[1.5m] list[2] : 1168-111
[2026-08-11 16:56:55.106102] [INFO] [path_server] 노드 업데이트 : [111] ➜ [-1]
[2026-08-11 16:56:58.001165] [INFO] [course_tracker] 목적지에서 각도 정렬 : [22.000m 14.500m 0.000°]
[2026-08-11 16:56:58.041072] [INFO] [path_server] 노드 업데이트 : [111] ➜ [-1]
[2026-08-11 16:56:58.061039] [INFO] [task::fsm] push_done
[2026-08-11 16:56:58.120918] [INFO] [task::fsm] charging
[2026-08-11 16:56:58.120928] [INFO] [power_system] 충전 프로세스 시작
[2026-08-11 16:56:58.120955] [INFO] [health_monitor] [등록][100015, 100001] : 자동 충전 시작.
[2026-08-11 16:57:03.130961] [INFO] [health_monitor] [삭제][100015, 100001] : 자동 충전 시작.
[2026-08-11 16:57:18.280250] [INFO] [power_system] 충전 완료
[2026-08-11 16:57:18.280270] [INFO] [health_monitor] [등록][100015, 100002] : 배터리 가득.
[2026-08-11 16:57:18.280273] [INFO] [health_monitor] [등록][100015, 100003] : 자동 충전 해제 시작.
[2026-08-11 16:57:23.290272] [INFO] [health_monitor] [삭제][100015, 100002] : 배터리 가득.
[2026-08-11 16:57:23.290278] [INFO] [health_monitor] [삭제][100015, 100003] : 자동 충전 해제 시작.
[2026-08-11 16:57:23.310168] [INFO] [power_system] 충전 해제 완료
[2026-08-11 16:57:23.310178] [INFO] [health_monitor] [등록][100015, 100004] : 자동 충전 해제 완료.
[2026-08-11 16:57:23.330176] [INFO] [task::fsm] discharging
[2026-08-11 16:57:23.330184] [INFO] [power_system] 충전 해제 프로세스 시작
[2026-08-11 16:57:23.330194] [INFO] [health_monitor] [등록][100015, 100003] : 자동 충전 해제 시작.
[2026-08-11 16:57:23.350134] [INFO] [task::fsm] idle
[2026-08-11 16:57:23.350140] [INFO] [path_server] 경로 삭제
[2026-08-11 16:57:23.350138] [INFO] [course_manager] 코스 삭제
[2026-08-11 16:57:23.390055] [INFO] [task::fsm] idle
[2026-08-11 16:57:23.390061] [INFO] [course_manager] 코스 삭제
[2026-08-11 16:57:23.390063] [INFO] [path_server] 경로 삭제
[2026-08-11 16:57:28.320330] [INFO] [health_monitor] [삭제][100015, 100004] : 자동 충전 해제 완료.
[2026-08-11 16:57:28.340234] [INFO] [health_monitor] [삭제][100015, 100003] : 자동 충전 해제 시작.
[2026-08-11 16:59:18.393218] [INFO] [task::fsm] charging
[2026-08-11 16:59:18.393264] [INFO] [health_monitor] [등록][100015, 100001] : 자동 충전 시작.
[2026-08-11 16:59:18.393241] [INFO] [power_system] 충전 프로세스 시작
[2026-08-11 16:59:23.407549] [INFO] [health_monitor] [삭제][100015, 100001] : 자동 충전 시작.
[2026-08-11 16:59:31.773248] [INFO] [power_system] 충전 완료
[2026-08-11 16:59:31.773269] [INFO] [health_monitor] [등록][100015, 100002] : 배터리 가득.
[2026-08-11 16:59:31.773273] [INFO] [health_monitor] [등록][100015, 100003] : 자동 충전 해제 시작.
[2026-08-11 16:59:36.783471] [INFO] [health_monitor] [삭제][100015, 100002] : 배터리 가득.
[2026-08-11 16:59:36.783478] [INFO] [health_monitor] [삭제][100015, 100003] : 자동 충전 해제 시작.
[2026-08-11 16:59:36.803378] [INFO] [power_system] 충전 해제 완료
[2026-08-11 16:59:36.803394] [INFO] [health_monitor] [등록][100015, 100004] : 자동 충전 해제 완료.
[2026-08-11 16:59:36.823388] [INFO] [task::fsm] discharging
[2026-08-11 16:59:36.823398] [INFO] [power_system] 충전 해제 프로세스 시작
[2026-08-11 16:59:36.823411] [INFO] [health_monitor] [등록][100015, 100003] : 자동 충전 해제 시작.
[2026-08-11 16:59:36.843339] [INFO] [task::fsm] idle
[2026-08-11 16:59:36.843343] [INFO] [course_manager] 코스 삭제
[2026-08-11 16:59:36.843344] [INFO] [path_server] 경로 삭제
[2026-08-11 16:59:36.883289] [INFO] [task::fsm] idle
[2026-08-11 16:59:36.883295] [INFO] [course_manager] 코스 삭제
[2026-08-11 16:59:36.883296] [INFO] [path_server] 경로 삭제
[2026-08-11 16:59:38.340566] [INFO] [path_server] 새로운 경로 설정 : path[111 ➜ 206] time[0s] dist[40.5m] list[28] : 111-1168-1169-1170-1171-1172-1091-1092-1093-1094-1095-1074-1075-1076-1018-1019-1020-1011-1004-1013-1049-1050-1014-1201-1200-1202-1203-206
[2026-08-11 16:59:41.294742] [INFO] [path_server] 새로운 경로 설정 : path[1168 ➜ 203] time[0s] dist[46.5m] list[33] : 111-1168-1169-1170-1171-1172-1091-1092-1093-1094-1095-1074-1075-1076-1018-1019-1020-1011-1012-1035-1036-1037-1038-1039-1040-1041-1042-1112-1113-1114-1115-1116-203
[2026-08-11 16:59:41.813679] [INFO] [health_monitor] [삭제][100015, 100004] : 자동 충전 해제 완료.
[2026-08-11 16:59:41.833701] [INFO] [health_monitor] [삭제][100015, 100003] : 자동 충전 해제 시작.
[2026-08-11 16:59:43.031368] [INFO] [path_server] 노드 업데이트 : [1168] ➜ [1169]
[2026-08-11 16:59:43.111215] [INFO] [path_server] 새로운 경로 설정 : path[1168 ➜ 203] time[0s] dist[46.5m] list[32] : 1168-1169-1170-1171-1172-1091-1092-1093-1094-1095-1074-1075-1076-1018-1019-1020-1011-1012-1035-1036-1037-1038-1039-1040-1041-1042-1112-1113-1114-1115-1116-203
[2026-08-11 16:59:46.723876] [INFO] [path_server] 노드 업데이트 : [1169] ➜ [1170]
[2026-08-11 16:59:46.803798] [INFO] [path_server] 새로운 경로 설정 : path[1169 ➜ 203] time[0s] dist[45m] list[31] : 1169-1170-1171-1172-1091-1092-1093-1094-1095-1074-1075-1076-1018-1019-1020-1011-1012-1035-1036-1037-1038-1039-1040-1041-1042-1112-1113-1114-1115-1116-203
[2026-08-11 16:59:47.841672] [INFO] [path_server] 노드 업데이트 : [1170] ➜ [1171]
[2026-08-11 16:59:47.901626] [INFO] [path_server] 새로운 경로 설정 : path[1170 ➜ 203] time[0s] dist[43.5m] list[30] : 1170-1171-1172-1091-1092-1093-1094-1095-1074-1075-1076-1018-1019-1020-1011-1012-1035-1036-1037-1038-1039-1040-1041-1042-1112-1113-1114-1115-1116-203
[2026-08-11 16:59:48.660034] [INFO] [path_server] 노드 업데이트 : [1171] ➜ [1172]
[2026-08-11 16:59:48.739924] [INFO] [path_server] 새로운 경로 설정 : path[1171 ➜ 203] time[0s] dist[42m] list[29] : 1171-1172-1091-1092-1093-1094-1095-1074-1075-1076-1018-1019-1020-1011-1012-1035-1036-1037-1038-1039-1040-1041-1042-1112-1113-1114-1115-1116-203
[2026-08-11 16:59:49.398556] [INFO] [path_server] 노드 업데이트 : [1172] ➜ [1091]
[2026-08-11 16:59:49.458466] [INFO] [path_server] 새로운 경로 설정 : path[1172 ➜ 203] time[0s] dist[40.5m] list[28] : 1172-1091-1092-1093-1094-1095-1074-1075-1076-1018-1019-1020-1011-1012-1035-1036-1037-1038-1039-1040-1041-1042-1112-1113-1114-1115-1116-203
[2026-08-11 16:59:50.456324] [INFO] [path_server] 노드 업데이트 : [1091] ➜ [1092]
[2026-08-11 16:59:50.516270] [INFO] [path_server] 새로운 경로 설정 : path[1091 ➜ 203] time[0s] dist[39m] list[27] : 1091-1092-1093-1094-1095-1074-1075-1076-1018-1019-1020-1011-1012-1035-1036-1037-1038-1039-1040-1041-1042-1112-1113-1114-1115-1116-203
[2026-08-11 16:59:53.729745] [INFO] [path_server] 노드 업데이트 : [1092] ➜ [1093]
[2026-08-11 16:59:53.809612] [INFO] [path_server] 새로운 경로 설정 : path[1092 ➜ 203] time[0s] dist[37.5m] list[26] : 1092-1093-1094-1095-1074-1075-1076-1018-1019-1020-1011-1012-1035-1036-1037-1038-1039-1040-1041-1042-1112-1113-1114-1115-1116-203
[2026-08-11 16:59:54.987244] [INFO] [path_server] 노드 업데이트 : [1093] ➜ [1094]
[2026-08-11 16:59:55.067124] [INFO] [path_server] 새로운 경로 설정 : path[1093 ➜ 203] time[0s] dist[36m] list[25] : 1093-1094-1095-1074-1075-1076-1018-1019-1020-1011-1012-1035-1036-1037-1038-1039-1040-1041-1042-1112-1113-1114-1115-1116-203
[2026-08-11 16:59:55.845423] [INFO] [path_server] 노드 업데이트 : [1094] ➜ [1095]
[2026-08-11 16:59:55.905400] [INFO] [path_server] 새로운 경로 설정 : path[1094 ➜ 203] time[0s] dist[34.5m] list[24] : 1094-1095-1074-1075-1076-1018-1019-1020-1011-1012-1035-1036-1037-1038-1039-1040-1041-1042-1112-1113-1114-1115-1116-203
[2026-08-11 16:59:57.162731] [INFO] [path_server] 노드 업데이트 : [1095] ➜ [1074]
[2026-08-11 16:59:57.222624] [INFO] [path_server] 새로운 경로 설정 : path[1095 ➜ 203] time[0s] dist[33m] list[23] : 1095-1074-1075-1076-1018-1019-1020-1011-1012-1035-1036-1037-1038-1039-1040-1041-1042-1112-1113-1114-1115-1116-203
[2026-08-11 17:00:00.496036] [INFO] [path_server] 노드 업데이트 : [1074] ➜ [1075]
[2026-08-11 17:00:00.575856] [INFO] [path_server] 새로운 경로 설정 : path[1074 ➜ 203] time[0s] dist[31.5m] list[22] : 1074-1075-1076-1018-1019-1020-1011-1012-1035-1036-1037-1038-1039-1040-1041-1042-1112-1113-1114-1115-1116-203
[2026-08-11 17:00:01.633659] [INFO] [path_server] 노드 업데이트 : [1075] ➜ [1076]
[2026-08-11 17:00:01.733525] [INFO] [path_server] 새로운 경로 설정 : path[1075 ➜ 203] time[0s] dist[30m] list[21] : 1075-1076-1018-1019-1020-1011-1012-1035-1036-1037-1038-1039-1040-1041-1042-1112-1113-1114-1115-1116-203
[2026-08-11 17:00:02.452056] [INFO] [path_server] 노드 업데이트 : [1076] ➜ [1018]
[2026-08-11 17:00:02.531926] [INFO] [path_server] 새로운 경로 설정 : path[1076 ➜ 203] time[0s] dist[28.5m] list[20] : 1076-1018-1019-1020-1011-1012-1035-1036-1037-1038-1039-1040-1041-1042-1112-1113-1114-1115-1116-203
[2026-08-11 17:00:03.210493] [INFO] [path_server] 노드 업데이트 : [1018] ➜ [1019]
[2026-08-11 17:00:03.290471] [INFO] [path_server] 새로운 경로 설정 : path[1018 ➜ 203] time[0s] dist[27m] list[19] : 1018-1019-1020-1011-1012-1035-1036-1037-1038-1039-1040-1041-1042-1112-1113-1114-1115-1116-203
[2026-08-11 17:00:03.969074] [INFO] [path_server] 노드 업데이트 : [1019] ➜ [1020]
[2026-08-11 17:00:04.028990] [INFO] [path_server] 새로운 경로 설정 : path[1019 ➜ 203] time[0s] dist[25.5m] list[18] : 1019-1020-1011-1012-1035-1036-1037-1038-1039-1040-1041-1042-1112-1113-1114-1115-1116-203
[2026-08-11 17:00:04.707542] [INFO] [path_server] 노드 업데이트 : [1020] ➜ [1011]
[2026-08-11 17:00:04.787468] [INFO] [path_server] 새로운 경로 설정 : path[1020 ➜ 203] time[0s] dist[24m] list[17] : 1020-1011-1012-1035-1036-1037-1038-1039-1040-1041-1042-1112-1113-1114-1115-1116-203
[2026-08-11 17:00:06.024920] [INFO] [path_server] 노드 업데이트 : [1011] ➜ [1012]
[2026-08-11 17:00:06.104838] [INFO] [path_server] 새로운 경로 설정 : path[1011 ➜ 203] time[0s] dist[22.5m] list[16] : 1011-1012-1035-1036-1037-1038-1039-1040-1041-1042-1112-1113-1114-1115-1116-203
[2026-08-11 17:00:09.398287] [INFO] [path_server] 노드 업데이트 : [1012] ➜ [1035]
[2026-08-11 17:00:09.478142] [INFO] [path_server] 새로운 경로 설정 : path[1012 ➜ 203] time[0s] dist[21m] list[15] : 1012-1035-1036-1037-1038-1039-1040-1041-1042-1112-1113-1114-1115-1116-203
[2026-08-11 17:00:10.515981] [INFO] [path_server] 노드 업데이트 : [1035] ➜ [1036]
[2026-08-11 17:00:10.595913] [INFO] [path_server] 새로운 경로 설정 : path[1035 ➜ 203] time[0s] dist[19.5m] list[14] : 1035-1036-1037-1038-1039-1040-1041-1042-1112-1113-1114-1115-1116-203
[2026-08-11 17:00:11.334505] [INFO] [path_server] 노드 업데이트 : [1036] ➜ [1037]
[2026-08-11 17:00:11.394363] [INFO] [path_server] 새로운 경로 설정 : path[1036 ➜ 203] time[0s] dist[18m] list[13] : 1036-1037-1038-1039-1040-1041-1042-1112-1113-1114-1115-1116-203
[2026-08-11 17:00:12.092996] [INFO] [path_server] 노드 업데이트 : [1037] ➜ [1038]
[2026-08-11 17:00:12.172855] [INFO] [path_server] 새로운 경로 설정 : path[1037 ➜ 203] time[0s] dist[16.5m] list[12] : 1037-1038-1039-1040-1041-1042-1112-1113-1114-1115-1116-203
[2026-08-11 17:00:12.851449] [INFO] [path_server] 노드 업데이트 : [1038] ➜ [1039]
[2026-08-11 17:00:12.931393] [INFO] [path_server] 새로운 경로 설정 : path[1038 ➜ 203] time[0s] dist[15m] list[11] : 1038-1039-1040-1041-1042-1112-1113-1114-1115-1116-203
[2026-08-11 17:00:13.590045] [INFO] [path_server] 노드 업데이트 : [1039] ➜ [1040]
[2026-08-11 17:00:13.669909] [INFO] [path_server] 새로운 경로 설정 : path[1039 ➜ 203] time[0s] dist[13.5m] list[10] : 1039-1040-1041-1042-1112-1113-1114-1115-1116-203
[2026-08-11 17:00:14.348630] [INFO] [path_server] 노드 업데이트 : [1040] ➜ [1041]
[2026-08-11 17:00:14.428498] [INFO] [path_server] 새로운 경로 설정 : path[1040 ➜ 203] time[0s] dist[12m] list[9] : 1040-1041-1042-1112-1113-1114-1115-1116-203
[2026-08-11 17:00:15.087165] [INFO] [path_server] 노드 업데이트 : [1041] ➜ [1042]
[2026-08-11 17:00:15.147070] [INFO] [path_server] 새로운 경로 설정 : path[1041 ➜ 203] time[0s] dist[10.5m] list[8] : 1041-1042-1112-1113-1114-1115-1116-203
[2026-08-11 17:00:15.845658] [INFO] [path_server] 노드 업데이트 : [1042] ➜ [1112]
[2026-08-11 17:00:15.925498] [INFO] [path_server] 새로운 경로 설정 : path[1042 ➜ 203] time[0s] dist[9m] list[7] : 1042-1112-1113-1114-1115-1116-203
[2026-08-11 17:00:17.163220] [INFO] [path_server] 노드 업데이트 : [1112] ➜ [1113]
[2026-08-11 17:00:17.243064] [INFO] [path_server] 새로운 경로 설정 : path[1112 ➜ 203] time[0s] dist[7.5m] list[6] : 1112-1113-1114-1115-1116-203
[2026-08-11 17:00:20.516632] [INFO] [path_server] 노드 업데이트 : [1113] ➜ [1114]
[2026-08-11 17:00:20.596500] [INFO] [path_server] 새로운 경로 설정 : path[1113 ➜ 203] time[0s] dist[6m] list[5] : 1113-1114-1115-1116-203
[2026-08-11 17:00:21.654483] [INFO] [path_server] 노드 업데이트 : [1114] ➜ [1115]
[2026-08-11 17:00:21.734355] [INFO] [path_server] 새로운 경로 설정 : path[1114 ➜ 203] time[0s] dist[4.5m] list[4] : 1114-1115-1116-203
[2026-08-11 17:00:22.472888] [INFO] [path_server] 노드 업데이트 : [1115] ➜ [1116]
[2026-08-11 17:00:22.552792] [INFO] [path_server] 새로운 경로 설정 : path[1115 ➜ 203] time[0s] dist[3m] list[3] : 1115-1116-203
[2026-08-11 17:00:23.810559] [INFO] [path_server] 노드 업데이트 : [1116] ➜ [203]
[2026-08-11 17:00:23.890408] [INFO] [path_server] 새로운 경로 설정 : path[1116 ➜ 203] time[0s] dist[1.5m] list[2] : 1116-203
[2026-08-11 17:00:29.040127] [INFO] [path_server] 노드 업데이트 : [203] ➜ [-1]
[2026-08-11 17:00:31.954262] [INFO] [course_tracker] 목적지에서 각도 정렬 : [1.000m 5.500m 0.000°]
[2026-08-11 17:00:31.994169] [INFO] [path_server] 노드 업데이트 : [203] ➜ [-1]
[2026-08-11 17:00:32.014141] [INFO] [task::fsm] push_done
[2026-08-11 17:00:32.074029] [INFO] [task::fsm] idle
[2026-08-11 17:00:32.074037] [INFO] [course_manager] 코스 삭제
[2026-08-11 17:00:32.074040] [INFO] [path_server] 경로 삭제
[2026-08-11 17:00:45.648029] [INFO] [path_server] 새로운 경로 설정 : path[203 ➜ 102] time[0s] dist[21m] list[15] : 203-1116-1117-1118-1119-1120-1121-1122-1123-1179-1180-1181-1182-1183-102
[2026-08-11 17:00:50.538277] [INFO] [path_server] 노드 업데이트 : [1116] ➜ [1117]
[2026-08-11 17:00:50.618152] [INFO] [path_server] 새로운 경로 설정 : path[1116 ➜ 102] time[0s] dist[19.5m] list[14] : 1116-1117-1118-1119-1120-1121-1122-1123-1179-1180-1181-1182-1183-102
[2026-08-11 17:00:54.151142] [INFO] [path_server] 노드 업데이트 : [1117] ➜ [1118]
[2026-08-11 17:00:54.231066] [INFO] [path_server] 새로운 경로 설정 : path[1117 ➜ 102] time[0s] dist[18m] list[13] : 1117-1118-1119-1120-1121-1122-1123-1179-1180-1181-1182-1183-102
[2026-08-11 17:00:55.289094] [INFO] [path_server] 노드 업데이트 : [1118] ➜ [1119]
[2026-08-11 17:00:55.369009] [INFO] [path_server] 새로운 경로 설정 : path[1118 ➜ 102] time[0s] dist[16.5m] list[12] : 1118-1119-1120-1121-1122-1123-1179-1180-1181-1182-1183-102
[2026-08-11 17:00:56.107519] [INFO] [path_server] 노드 업데이트 : [1119] ➜ [1120]
[2026-08-11 17:00:56.167421] [INFO] [path_server] 새로운 경로 설정 : path[1119 ➜ 102] time[0s] dist[15m] list[11] : 1119-1120-1121-1122-1123-1179-1180-1181-1182-1183-102
[2026-08-11 17:00:56.965825] [INFO] [path_server] 노드 업데이트 : [1120] ➜ [1121]
[2026-08-11 17:00:57.045731] [INFO] [path_server] 새로운 경로 설정 : path[1120 ➜ 102] time[0s] dist[13.5m] list[10] : 1120-1121-1122-1123-1179-1180-1181-1182-1183-102
[2026-08-11 17:01:00.638526] [INFO] [path_server] 노드 업데이트 : [1121] ➜ [1122]
[2026-08-11 17:01:00.718399] [INFO] [path_server] 새로운 경로 설정 : path[1121 ➜ 102] time[0s] dist[12m] list[9] : 1121-1122-1123-1179-1180-1181-1182-1183-102
[2026-08-11 17:01:01.995777] [INFO] [path_server] 노드 업데이트 : [1122] ➜ [1123]
[2026-08-11 17:01:02.075687] [INFO] [path_server] 새로운 경로 설정 : path[1122 ➜ 102] time[0s] dist[10.5m] list[8] : 1122-1123-1179-1180-1181-1182-1183-102
[2026-08-11 17:01:03.053932] [INFO] [path_server] 노드 업데이트 : [1123] ➜ [1179]
[2026-08-11 17:01:03.113829] [INFO] [path_server] 새로운 경로 설정 : path[1123 ➜ 102] time[0s] dist[9m] list[7] : 1123-1179-1180-1181-1182-1183-102
[2026-08-11 17:01:06.367714] [INFO] [path_server] 노드 업데이트 : [1179] ➜ [1180]
[2026-08-11 17:01:06.447631] [INFO] [path_server] 새로운 경로 설정 : path[1179 ➜ 102] time[0s] dist[7.5m] list[6] : 1179-1180-1181-1182-1183-102
[2026-08-11 17:01:07.605376] [INFO] [path_server] 노드 업데이트 : [1180] ➜ [1181]
[2026-08-11 17:01:07.685299] [INFO] [path_server] 새로운 경로 설정 : path[1180 ➜ 102] time[0s] dist[6m] list[5] : 1180-1181-1182-1183-102
[2026-08-11 17:01:08.483820] [INFO] [path_server] 노드 업데이트 : [1181] ➜ [1182]
[2026-08-11 17:01:08.543682] [INFO] [path_server] 새로운 경로 설정 : path[1181 ➜ 102] time[0s] dist[4.5m] list[4] : 1181-1182-1183-102
[2026-08-11 17:01:09.242251] [INFO] [path_server] 노드 업데이트 : [1182] ➜ [1183]
[2026-08-11 17:01:09.322082] [INFO] [path_server] 새로운 경로 설정 : path[1182 ➜ 102] time[0s] dist[3m] list[3] : 1182-1183-102
[2026-08-11 17:01:10.539642] [INFO] [path_server] 노드 업데이트 : [1183] ➜ [102]
[2026-08-11 17:01:10.619547] [INFO] [path_server] 새로운 경로 설정 : path[1183 ➜ 102] time[0s] dist[1.5m] list[2] : 1183-102
[2026-08-11 17:01:15.749380] [INFO] [path_server] 노드 업데이트 : [102] ➜ [-1]
[2026-08-11 17:01:18.644477] [INFO] [course_tracker] 목적지에서 각도 정렬 : [5.500m 7.000m 0.000°]
[2026-08-11 17:01:18.684408] [INFO] [path_server] 노드 업데이트 : [102] ➜ [-1]
[2026-08-11 17:01:18.704344] [INFO] [task::fsm] push_done
[2026-08-11 17:01:18.764238] [INFO] [task::fsm] charging
[2026-08-11 17:01:18.764247] [INFO] [power_system] 충전 프로세스 시작
[2026-08-11 17:01:18.764281] [INFO] [health_monitor] [등록][100015, 100001] : 자동 충전 시작.
[2026-08-11 17:01:23.774398] [INFO] [health_monitor] [삭제][100015, 100001] : 자동 충전 시작.
[2026-08-11 17:01:37.047501] [INFO] [power_system] 충전 완료
[2026-08-11 17:01:37.047519] [INFO] [health_monitor] [등록][100015, 100002] : 배터리 가득.
[2026-08-11 17:01:37.047521] [INFO] [health_monitor] [등록][100015, 100003] : 자동 충전 해제 시작.
[2026-08-11 17:01:38.544494] [INFO] [path_server] 새로운 경로 설정 : path[102 ➜ 203] time[0s] dist[18m] list[13] : 102-1183-1184-1045-1040-1041-1042-1112-1113-1114-1115-1116-203
[2026-08-11 17:01:42.057313] [INFO] [health_monitor] [삭제][100015, 100002] : 배터리 가득.
[2026-08-11 17:01:42.057320] [INFO] [health_monitor] [삭제][100015, 100003] : 자동 충전 해제 시작.
[2026-08-11 17:01:45.710383] [INFO] [path_server] 노드 업데이트 : [1183] ➜ [1184]
[2026-08-11 17:01:45.790232] [INFO] [path_server] 새로운 경로 설정 : path[1183 ➜ 203] time[0s] dist[16.5m] list[12] : 1183-1184-1045-1040-1041-1042-1112-1113-1114-1115-1116-203
[2026-08-11 17:01:49.323171] [INFO] [path_server] 노드 업데이트 : [1184] ➜ [1045]
[2026-08-11 17:01:49.383074] [INFO] [path_server] 새로운 경로 설정 : path[1184 ➜ 203] time[0s] dist[15m] list[11] : 1184-1045-1040-1041-1042-1112-1113-1114-1115-1116-203
[2026-08-11 17:01:50.461065] [INFO] [path_server] 노드 업데이트 : [1045] ➜ [1040]
[2026-08-11 17:01:50.520981] [INFO] [path_server] 새로운 경로 설정 : path[1045 ➜ 203] time[0s] dist[13.5m] list[10] : 1045-1040-1041-1042-1112-1113-1114-1115-1116-203
[2026-08-11 17:01:51.798342] [INFO] [path_server] 노드 업데이트 : [1040] ➜ [1041]
[2026-08-11 17:01:51.878255] [INFO] [path_server] 새로운 경로 설정 : path[1040 ➜ 203] time[0s] dist[12m] list[9] : 1040-1041-1042-1112-1113-1114-1115-1116-203
[2026-08-11 17:01:55.191563] [INFO] [path_server] 노드 업데이트 : [1041] ➜ [1042]
[2026-08-11 17:01:55.271503] [INFO] [path_server] 새로운 경로 설정 : path[1041 ➜ 203] time[0s] dist[10.5m] list[8] : 1041-1042-1112-1113-1114-1115-1116-203
[2026-08-11 17:01:56.309337] [INFO] [path_server] 노드 업데이트 : [1042] ➜ [1112]
[2026-08-11 17:01:56.369239] [INFO] [path_server] 새로운 경로 설정 : path[1042 ➜ 203] time[0s] dist[9m] list[7] : 1042-1112-1113-1114-1115-1116-203
[2026-08-11 17:01:57.646710] [INFO] [path_server] 노드 업데이트 : [1112] ➜ [1113]
[2026-08-11 17:01:57.726619] [INFO] [path_server] 새로운 경로 설정 : path[1112 ➜ 203] time[0s] dist[7.5m] list[6] : 1112-1113-1114-1115-1116-203
[2026-08-11 17:02:00.979967] [INFO] [path_server] 노드 업데이트 : [1113] ➜ [1114]
[2026-08-11 17:02:01.039913] [INFO] [path_server] 새로운 경로 설정 : path[1113 ➜ 203] time[0s] dist[6m] list[5] : 1113-1114-1115-1116-203
[2026-08-11 17:02:02.098140] [INFO] [path_server] 노드 업데이트 : [1114] ➜ [1115]
[2026-08-11 17:02:02.177998] [INFO] [path_server] 새로운 경로 설정 : path[1114 ➜ 203] time[0s] dist[4.5m] list[4] : 1114-1115-1116-203
[2026-08-11 17:02:02.936581] [INFO] [path_server] 노드 업데이트 : [1115] ➜ [1116]
[2026-08-11 17:02:03.016480] [INFO] [path_server] 새로운 경로 설정 : path[1115 ➜ 203] time[0s] dist[3m] list[3] : 1115-1116-203
[2026-08-11 17:02:04.234219] [INFO] [path_server] 노드 업데이트 : [1116] ➜ [203]
[2026-08-11 17:02:04.314128] [INFO] [path_server] 새로운 경로 설정 : path[1116 ➜ 203] time[0s] dist[1.5m] list[2] : 1116-203
[2026-08-11 17:02:09.464924] [INFO] [path_server] 노드 업데이트 : [203] ➜ [-1]
[2026-08-11 17:02:12.359099] [INFO] [course_tracker] 목적지에서 각도 정렬 : [1.000m 5.500m 0.000°]
[2026-08-11 17:02:12.399062] [INFO] [path_server] 노드 업데이트 : [203] ➜ [-1]
[2026-08-11 17:02:12.418965] [INFO] [task::fsm] push_done
[2026-08-11 17:02:12.458943] [INFO] [task::fsm] idle
[2026-08-11 17:02:12.458951] [INFO] [path_server] 경로 삭제
[2026-08-11 17:02:12.458949] [INFO] [course_manager] 코스 삭제
[2026-08-11 17:03:34.355552] [INFO] [framework] 프로그램 시작
[2026-08-11 17:03:34.355559] [WARNING] [framework] 프로그램 시작
[2026-08-11 17:03:34.355561] [CRITICAL] [framework] 프로그램 시작
[2026-08-11 17:03:34.355748] [INFO] [framework] ID[0, 1], 이름[김첫째], 제어주기[20ms], 버젼[], 장소[우리집], 환경모드[simulation]
[2026-08-11 17:03:34.355792] [INFO] [mediator] 생성
[2026-08-11 17:03:34.355815] [INFO] [graph_manager] 생성
[2026-08-11 17:03:34.355562] [INFO] [framework] 설정 파일 위치 : ../configs/robot_1
[2026-08-11 17:03:34.395226] [INFO] [stop_server] 생성
[2026-08-11 17:03:34.395240] [INFO] [health_monitor] 생성
[2026-08-11 17:03:34.395276] [INFO] [path_server] 생성
[2026-08-11 17:03:34.395287] [INFO] [course_manager] 생성
[2026-08-11 17:03:34.395297] [INFO] [task::fsm] 생성
[2026-08-11 17:03:34.395298] [INFO] [task::fsm] idle
[2026-08-11 17:03:34.395299] [INFO] [course_manager] 코스 삭제
[2026-08-11 17:03:34.395299] [INFO] [path_server] 경로 삭제
[2026-08-11 17:03:34.395316] [INFO] [task_manager] 생성
[2026-08-11 17:03:34.395415] [INFO] [mediator] connectors 생성
[2026-08-11 17:03:34.395435] [INFO] [fms] 생성
[2026-08-11 17:03:34.395437] [INFO] [fms] 통신 드라이버 생성
[2026-08-11 17:03:34.396019] [INFO] [joystick] 생성
[2026-08-11 17:03:34.396208] [INFO] [motions] 생성
[2026-08-11 17:03:34.396225] [INFO] [localizers] 생성
[2026-08-11 17:03:34.396310] [INFO] [localizers] 파라미터 : 

[2026-08-11 17:03:34.396325] [INFO] [safety_plc] 생성
[2026-08-11 17:03:34.396339] [INFO] [load_handler] 생성
[2026-08-11 17:03:34.396353] [INFO] [power_system] 생성
[2026-08-11 17:03:34.396456] [INFO] [power_system] 설정 정보 : remaining[40%, 10%, 5%]
[2026-08-11 17:03:34.396854] [INFO] [power_system] 알람 목록 : 
 • [100015, 100001] [INFO] 자동 충전 시작.
 • [100015, 100002] [INFO] 배터리 가득.
 • [100015, 400001] [CRIT] 배터리 남은 양 - 위험
 • [100015, 300001] [ERROR] 배터리 남은 양 - 에러
 • [100015, 200001] [WARN] 배터리 남은 양 - 주의
 • [100015, 100004] [INFO] 자동 충전 해제 완료.
 • [100015, 100003] [INFO] 자동 충전 해제 시작.
[2026-08-11 17:03:34.396860] [INFO] [mediator] any map 등록
[2026-08-11 17:03:34.396857] [INFO] [mediator] connector 의존성 주입
[2026-08-11 17:03:34.396871] [INFO] [mediator] any collector 목록 검사
[2026-08-11 17:03:34.396868] [INFO] [mediator] any collector 등록
[2026-08-11 17:03:34.396911] [INFO] [framework] after init 실행
[2026-08-11 17:03:34.397167] [INFO] [course_tracker] 생성
[2026-08-11 17:03:34.397183] [INFO] [course_tracker] 파라미터 : 
◈ node_bound[0.030m, 0.150m, 0.005m]
 • approach[0.150m, 0.050m/s, -0.005m, -0.200m, 0.100m]
 • align[(10.000°, 5.000°/s), 50.000°, 30.000°/s), 0.800°, -0.100°]
◈ motion param : 
 • reference_angle[0.000°, 45.000°]
 • threshold_angle[15.000°, 20.000°, 170.000°]
 • threshold_error[0.300°, 5.000°]
 • normal[0.150m/s, 8.000, 0.800m/s, 0.500]
 • angle[0.150m/s, 1.500, 0.800m/s, 2.100]
 • protection_overshoot[0.100m/s, 0.900, 0.500m/s, 0.900]
 • speed_rotation[15.000°/s]
[2026-08-11 17:03:34.397186] [INFO] [framework] 제어 쓰레드 시작
[2026-08-11 17:03:34.397224] [INFO] [path_server] 노드 초기화 성공 : 로봇 좌표[1.004m 5.501m 179.227°] 최단 거리 노드[203] 거리(0.004202m)
[2026-08-11 17:04:15.479719] [INFO] [path_server] 새로운 경로 설정 : path[203 ➜ 111] time[0s] dist[45m] list[31] : 203-1116-1117-1118-1119-1120-1121-1122-1123-1179-1180-1181-1182-1183-1184-1045-1046-1047-1048-1001-1002-1003-1004-1005-1006-1021-1022-1007-1167-1168-111
[2026-08-11 17:04:20.390187] [INFO] [path_server] 노드 업데이트 : [1116] ➜ [1117]
[2026-08-11 17:04:20.450115] [INFO] [path_server] 새로운 경로 설정 : path[1116 ➜ 111] time[0s] dist[43.5m] list[30] : 1116-1117-1118-1119-1120-1121-1122-1123-1179-1180-1181-1182-1183-1184-1045-1046-1047-1048-1001-1002-1003-1004-1005-1006-1021-1022-1007-1167-1168-111
[2026-08-11 17:04:24.023285] [INFO] [path_server] 노드 업데이트 : [1117] ➜ [1118]
[2026-08-11 17:04:24.083252] [INFO] [path_server] 새로운 경로 설정 : path[1117 ➜ 111] time[0s] dist[42m] list[29] : 1117-1118-1119-1120-1121-1122-1123-1179-1180-1181-1182-1183-1184-1045-1046-1047-1048-1001-1002-1003-1004-1005-1006-1021-1022-1007-1167-1168-111
[2026-08-11 17:04:25.141203] [INFO] [path_server] 노드 업데이트 : [1118] ➜ [1119]
[2026-08-11 17:04:25.221103] [INFO] [path_server] 새로운 경로 설정 : path[1118 ➜ 111] time[0s] dist[40.5m] list[28] : 1118-1119-1120-1121-1122-1123-1179-1180-1181-1182-1183-1184-1045-1046-1047-1048-1001-1002-1003-1004-1005-1006-1021-1022-1007-1167-1168-111
[2026-08-11 17:04:25.959626] [INFO] [path_server] 노드 업데이트 : [1119] ➜ [1120]
[2026-08-11 17:04:26.039644] [INFO] [path_server] 새로운 경로 설정 : path[1119 ➜ 111] time[0s] dist[39m] list[27] : 1119-1120-1121-1122-1123-1179-1180-1181-1182-1183-1184-1045-1046-1047-1048-1001-1002-1003-1004-1005-1006-1021-1022-1007-1167-1168-111
[2026-08-11 17:04:26.818068] [INFO] [path_server] 노드 업데이트 : [1120] ➜ [1121]
[2026-08-11 17:04:26.897962] [INFO] [path_server] 새로운 경로 설정 : path[1120 ➜ 111] time[0s] dist[37.5m] list[26] : 1120-1121-1122-1123-1179-1180-1181-1182-1183-1184-1045-1046-1047-1048-1001-1002-1003-1004-1005-1006-1021-1022-1007-1167-1168-111
[2026-08-11 17:04:30.491160] [INFO] [path_server] 노드 업데이트 : [1121] ➜ [1122]
[2026-08-11 17:04:30.551087] [INFO] [path_server] 새로운 경로 설정 : path[1121 ➜ 111] time[0s] dist[36m] list[25] : 1121-1122-1123-1179-1180-1181-1182-1183-1184-1045-1046-1047-1048-1001-1002-1003-1004-1005-1006-1021-1022-1007-1167-1168-111
[2026-08-11 17:04:31.848383] [INFO] [path_server] 노드 업데이트 : [1122] ➜ [1123]
[2026-08-11 17:04:31.928269] [INFO] [path_server] 새로운 경로 설정 : path[1122 ➜ 111] time[0s] dist[34.5m] list[24] : 1122-1123-1179-1180-1181-1182-1183-1184-1045-1046-1047-1048-1001-1002-1003-1004-1005-1006-1021-1022-1007-1167-1168-111
[2026-08-11 17:04:32.906271] [INFO] [path_server] 노드 업데이트 : [1123] ➜ [1179]
[2026-08-11 17:04:32.986199] [INFO] [path_server] 새로운 경로 설정 : path[1123 ➜ 111] time[0s] dist[33m] list[23] : 1123-1179-1180-1181-1182-1183-1184-1045-1046-1047-1048-1001-1002-1003-1004-1005-1006-1021-1022-1007-1167-1168-111
[2026-08-11 17:04:36.219934] [INFO] [path_server] 노드 업데이트 : [1179] ➜ [1180]
[2026-08-11 17:04:36.279839] [INFO] [path_server] 새로운 경로 설정 : path[1179 ➜ 111] time[0s] dist[31.5m] list[22] : 1179-1180-1181-1182-1183-1184-1045-1046-1047-1048-1001-1002-1003-1004-1005-1006-1021-1022-1007-1167-1168-111
[2026-08-11 17:04:37.457385] [INFO] [path_server] 노드 업데이트 : [1180] ➜ [1181]
[2026-08-11 17:04:37.537279] [INFO] [path_server] 새로운 경로 설정 : path[1180 ➜ 111] time[0s] dist[30m] list[21] : 1180-1181-1182-1183-1184-1045-1046-1047-1048-1001-1002-1003-1004-1005-1006-1021-1022-1007-1167-1168-111
[2026-08-11 17:04:38.335538] [INFO] [path_server] 노드 업데이트 : [1181] ➜ [1182]
[2026-08-11 17:04:38.415457] [INFO] [path_server] 새로운 경로 설정 : path[1181 ➜ 111] time[0s] dist[28.5m] list[20] : 1181-1182-1183-1184-1045-1046-1047-1048-1001-1002-1003-1004-1005-1006-1021-1022-1007-1167-1168-111
[2026-08-11 17:04:39.094251] [INFO] [path_server] 노드 업데이트 : [1182] ➜ [1183]
[2026-08-11 17:04:39.154186] [INFO] [path_server] 새로운 경로 설정 : path[1182 ➜ 111] time[0s] dist[27m] list[19] : 1182-1183-1184-1045-1046-1047-1048-1001-1002-1003-1004-1005-1006-1021-1022-1007-1167-1168-111
[2026-08-11 17:04:39.832694] [INFO] [path_server] 노드 업데이트 : [1183] ➜ [1184]
[2026-08-11 17:04:39.912646] [INFO] [path_server] 새로운 경로 설정 : path[1183 ➜ 111] time[0s] dist[25.5m] list[18] : 1183-1184-1045-1046-1047-1048-1001-1002-1003-1004-1005-1006-1021-1022-1007-1167-1168-111
[2026-08-11 17:04:40.591178] [INFO] [path_server] 노드 업데이트 : [1184] ➜ [1045]
[2026-08-11 17:04:40.651077] [INFO] [path_server] 새로운 경로 설정 : path[1184 ➜ 111] time[0s] dist[24m] list[17] : 1184-1045-1046-1047-1048-1001-1002-1003-1004-1005-1006-1021-1022-1007-1167-1168-111
[2026-08-11 17:04:41.908472] [INFO] [path_server] 노드 업데이트 : [1045] ➜ [1046]
[2026-08-11 17:04:41.968372] [INFO] [path_server] 새로운 경로 설정 : path[1045 ➜ 111] time[0s] dist[22.5m] list[16] : 1045-1046-1047-1048-1001-1002-1003-1004-1005-1006-1021-1022-1007-1167-1168-111
[2026-08-11 17:04:45.281594] [INFO] [path_server] 노드 업데이트 : [1046] ➜ [1047]
[2026-08-11 17:04:45.361540] [INFO] [path_server] 새로운 경로 설정 : path[1046 ➜ 111] time[0s] dist[21m] list[15] : 1046-1047-1048-1001-1002-1003-1004-1005-1006-1021-1022-1007-1167-1168-111
[2026-08-11 17:04:46.399388] [INFO] [path_server] 노드 업데이트 : [1047] ➜ [1048]
[2026-08-11 17:04:46.459305] [INFO] [path_server] 새로운 경로 설정 : path[1047 ➜ 111] time[0s] dist[19.5m] list[14] : 1047-1048-1001-1002-1003-1004-1005-1006-1021-1022-1007-1167-1168-111
[2026-08-11 17:04:47.217755] [INFO] [path_server] 노드 업데이트 : [1048] ➜ [1001]
[2026-08-11 17:04:47.277648] [INFO] [path_server] 새로운 경로 설정 : path[1048 ➜ 111] time[0s] dist[18m] list[13] : 1048-1001-1002-1003-1004-1005-1006-1021-1022-1007-1167-1168-111
[2026-08-11 17:04:47.976382] [INFO] [path_server] 노드 업데이트 : [1001] ➜ [1002]
[2026-08-11 17:04:48.056243] [INFO] [path_server] 새로운 경로 설정 : path[1001 ➜ 111] time[0s] dist[16.5m] list[12] : 1001-1002-1003-1004-1005-1006-1021-1022-1007-1167-1168-111
[2026-08-11 17:04:48.734744] [INFO] [path_server] 노드 업데이트 : [1002] ➜ [1003]
[2026-08-11 17:04:48.814657] [INFO] [path_server] 새로운 경로 설정 : path[1002 ➜ 111] time[0s] dist[15m] list[11] : 1002-1003-1004-1005-1006-1021-1022-1007-1167-1168-111
[2026-08-11 17:04:49.473232] [INFO] [path_server] 노드 업데이트 : [1003] ➜ [1004]
[2026-08-11 17:04:49.553111] [INFO] [path_server] 새로운 경로 설정 : path[1003 ➜ 111] time[0s] dist[13.5m] list[10] : 1003-1004-1005-1006-1021-1022-1007-1167-1168-111
[2026-08-11 17:04:50.231597] [INFO] [path_server] 노드 업데이트 : [1004] ➜ [1005]
[2026-08-11 17:04:50.311507] [INFO] [path_server] 새로운 경로 설정 : path[1004 ➜ 111] time[0s] dist[12m] list[9] : 1004-1005-1006-1021-1022-1007-1167-1168-111
[2026-08-11 17:04:50.970093] [INFO] [path_server] 노드 업데이트 : [1005] ➜ [1006]
[2026-08-11 17:04:51.049946] [INFO] [path_server] 새로운 경로 설정 : path[1005 ➜ 111] time[0s] dist[10.5m] list[8] : 1005-1006-1021-1022-1007-1167-1168-111
[2026-08-11 17:04:51.728474] [INFO] [path_server] 노드 업데이트 : [1006] ➜ [1021]
[2026-08-11 17:04:51.808386] [INFO] [path_server] 새로운 경로 설정 : path[1006 ➜ 111] time[0s] dist[9m] list[7] : 1006-1021-1022-1007-1167-1168-111
[2026-08-11 17:04:52.486899] [INFO] [path_server] 노드 업데이트 : [1021] ➜ [1022]
[2026-08-11 17:04:52.546787] [INFO] [path_server] 새로운 경로 설정 : path[1021 ➜ 111] time[0s] dist[7.5m] list[6] : 1021-1022-1007-1167-1168-111
[2026-08-11 17:04:53.784033] [INFO] [path_server] 노드 업데이트 : [1022] ➜ [1007]
[2026-08-11 17:04:53.863893] [INFO] [path_server] 새로운 경로 설정 : path[1022 ➜ 111] time[0s] dist[6m] list[5] : 1022-1007-1167-1168-111
[2026-08-11 17:04:57.137341] [INFO] [path_server] 노드 업데이트 : [1007] ➜ [1167]
[2026-08-11 17:04:57.217184] [INFO] [path_server] 새로운 경로 설정 : path[1007 ➜ 111] time[0s] dist[4.5m] list[4] : 1007-1167-1168-111
[2026-08-11 17:04:58.274992] [INFO] [path_server] 노드 업데이트 : [1167] ➜ [1168]
[2026-08-11 17:04:58.354845] [INFO] [path_server] 새로운 경로 설정 : path[1167 ➜ 111] time[0s] dist[3m] list[3] : 1167-1168-111
[2026-08-11 17:04:59.692074] [INFO] [path_server] 노드 업데이트 : [1168] ➜ [111]
[2026-08-11 17:04:59.771932] [INFO] [path_server] 새로운 경로 설정 : path[1168 ➜ 111] time[0s] dist[1.5m] list[2] : 1168-111
[2026-08-11 17:05:05.201059] [INFO] [path_server] 노드 업데이트 : [111] ➜ [-1]
[2026-08-11 17:05:08.095345] [INFO] [course_tracker] 목적지에서 각도 정렬 : [22.000m 14.500m 0.000°]
[2026-08-11 17:05:08.135262] [INFO] [path_server] 노드 업데이트 : [111] ➜ [-1]
[2026-08-11 17:05:08.155223] [INFO] [task::fsm] push_done
[2026-08-11 17:05:08.215104] [INFO] [task::fsm] charging
[2026-08-11 17:05:08.215129] [INFO] [health_monitor] [등록][100015, 100001] : 자동 충전 시작.
[2026-08-11 17:05:08.215113] [INFO] [power_system] 충전 프로세스 시작
[2026-08-11 17:05:13.225033] [INFO] [health_monitor] [삭제][100015, 100001] : 자동 충전 시작.
[2026-08-11 17:05:29.357007] [INFO] [power_system] 충전 완료
[2026-08-11 17:05:29.357025] [INFO] [health_monitor] [등록][100015, 100003] : 자동 충전 해제 시작.
[2026-08-11 17:05:29.357022] [INFO] [health_monitor] [등록][100015, 100002] : 배터리 가득.
[2026-08-11 17:05:34.366562] [INFO] [health_monitor] [삭제][100015, 100002] : 배터리 가득.
[2026-08-11 17:05:34.366568] [INFO] [health_monitor] [삭제][100015, 100003] : 자동 충전 해제 시작.
[2026-08-11 17:05:34.386557] [INFO] [power_system] 충전 해제 완료
[2026-08-11 17:05:34.386569] [INFO] [health_monitor] [등록][100015, 100004] : 자동 충전 해제 완료.
[2026-08-11 17:05:34.406518] [INFO] [task::fsm] discharging
[2026-08-11 17:05:34.406525] [INFO] [power_system] 충전 해제 프로세스 시작
[2026-08-11 17:05:34.406536] [INFO] [health_monitor] [등록][100015, 100003] : 자동 충전 해제 시작.
[2026-08-11 17:05:34.426429] [INFO] [task::fsm] idle
[2026-08-11 17:05:34.426434] [INFO] [course_manager] 코스 삭제
[2026-08-11 17:05:34.426436] [INFO] [path_server] 경로 삭제
[2026-08-11 17:05:34.466414] [INFO] [task::fsm] idle
[2026-08-11 17:05:34.466426] [INFO] [path_server] 경로 삭제
[2026-08-11 17:05:34.466423] [INFO] [course_manager] 코스 삭제
[2026-08-11 17:05:39.396520] [INFO] [health_monitor] [삭제][100015, 100004] : 자동 충전 해제 완료.
[2026-08-11 17:05:39.416470] [INFO] [health_monitor] [삭제][100015, 100003] : 자동 충전 해제 시작.
[2026-08-11 17:07:29.480687] [INFO] [task::fsm] charging
[2026-08-11 17:07:29.480696] [INFO] [power_system] 충전 프로세스 시작
[2026-08-11 17:07:29.480711] [INFO] [health_monitor] [등록][100015, 100001] : 자동 충전 시작.
[2026-08-11 17:07:34.490979] [INFO] [health_monitor] [삭제][100015, 100001] : 자동 충전 시작.
[2026-08-11 17:07:42.854277] [INFO] [power_system] 충전 완료
[2026-08-11 17:07:42.854293] [INFO] [health_monitor] [등록][100015, 100002] : 배터리 가득.
[2026-08-11 17:07:42.854297] [INFO] [health_monitor] [등록][100015, 100003] : 자동 충전 해제 시작.
[2026-08-11 17:07:47.864467] [INFO] [health_monitor] [삭제][100015, 100002] : 배터리 가득.
[2026-08-11 17:07:47.864475] [INFO] [health_monitor] [삭제][100015, 100003] : 자동 충전 해제 시작.
[2026-08-11 17:07:47.884360] [INFO] [power_system] 충전 해제 완료
[2026-08-11 17:07:47.884369] [INFO] [health_monitor] [등록][100015, 100004] : 자동 충전 해제 완료.
[2026-08-11 17:07:47.904364] [INFO] [task::fsm] discharging
[2026-08-11 17:07:47.904380] [INFO] [health_monitor] [등록][100015, 100003] : 자동 충전 해제 시작.
[2026-08-11 17:07:47.904372] [INFO] [power_system] 충전 해제 프로세스 시작
[2026-08-11 17:07:47.924318] [INFO] [task::fsm] idle
[2026-08-11 17:07:47.924325] [INFO] [path_server] 경로 삭제
[2026-08-11 17:07:47.924323] [INFO] [course_manager] 코스 삭제
[2026-08-11 17:07:47.964249] [INFO] [task::fsm] idle
[2026-08-11 17:07:47.964259] [INFO] [path_server] 경로 삭제
[2026-08-11 17:07:47.964256] [INFO] [course_manager] 코스 삭제
[2026-08-11 17:07:52.894104] [INFO] [health_monitor] [삭제][100015, 100004] : 자동 충전 해제 완료.
[2026-08-11 17:07:52.914094] [INFO] [health_monitor] [삭제][100015, 100003] : 자동 충전 해제 시작.
[2026-08-11 17:09:42.960700] [INFO] [task::fsm] charging
[2026-08-11 17:09:42.960709] [INFO] [power_system] 충전 프로세스 시작
[2026-08-11 17:09:42.960735] [INFO] [health_monitor] [등록][100015, 100001] : 자동 충전 시작.
[2026-08-11 17:09:47.970827] [INFO] [health_monitor] [삭제][100015, 100001] : 자동 충전 시작.
[2026-08-11 17:09:56.334276] [INFO] [health_monitor] [등록][100015, 100002] : 배터리 가득.
[2026-08-11 17:09:56.334279] [INFO] [health_monitor] [등록][100015, 100003] : 자동 충전 해제 시작.
[2026-08-11 17:09:56.334259] [INFO] [power_system] 충전 완료
[2026-08-11 17:10:01.344789] [INFO] [health_monitor] [삭제][100015, 100002] : 배터리 가득.
[2026-08-11 17:10:01.344797] [INFO] [health_monitor] [삭제][100015, 100003] : 자동 충전 해제 시작.
[2026-08-11 17:10:01.364806] [INFO] [power_system] 충전 해제 완료
[2026-08-11 17:10:01.364824] [INFO] [health_monitor] [등록][100015, 100004] : 자동 충전 해제 완료.
[2026-08-11 17:10:01.384712] [INFO] [task::fsm] discharging
[2026-08-11 17:10:01.384719] [INFO] [power_system] 충전 해제 프로세스 시작
[2026-08-11 17:10:01.384733] [INFO] [health_monitor] [등록][100015, 100003] : 자동 충전 해제 시작.
[2026-08-11 17:10:01.404722] [INFO] [task::fsm] idle
[2026-08-11 17:10:01.404731] [INFO] [course_manager] 코스 삭제
[2026-08-11 17:10:01.404733] [INFO] [path_server] 경로 삭제
[2026-08-11 17:10:01.424708] [INFO] [task::fsm] idle
[2026-08-11 17:10:01.424713] [INFO] [course_manager] 코스 삭제
[2026-08-11 17:10:01.424715] [INFO] [path_server] 경로 삭제
[2026-08-11 17:10:06.375294] [INFO] [health_monitor] [삭제][100015, 100004] : 자동 충전 해제 완료.
[2026-08-11 17:10:06.395255] [INFO] [health_monitor] [삭제][100015, 100003] : 자동 충전 해제 시작.
[2026-08-11 17:11:25.758590] [INFO] [task::fsm] idle
[2026-08-11 17:11:25.758596] [INFO] [course_manager] 코스 삭제
[2026-08-11 17:11:25.758599] [INFO] [path_server] 경로 삭제
[2026-08-11 17:11:56.439026] [INFO] [task::fsm] charging
[2026-08-11 17:11:56.439034] [INFO] [power_system] 충전 프로세스 시작
[2026-08-11 17:11:56.439048] [INFO] [health_monitor] [등록][100015, 100001] : 자동 충전 시작.
[2026-08-11 17:12:01.448984] [INFO] [health_monitor] [삭제][100015, 100001] : 자동 충전 시작.
[2026-08-11 17:12:09.812375] [INFO] [power_system] 충전 완료
[2026-08-11 17:12:09.812392] [INFO] [health_monitor] [등록][100015, 100002] : 배터리 가득.
[2026-08-11 17:12:09.812395] [INFO] [health_monitor] [등록][100015, 100003] : 자동 충전 해제 시작.
[2026-08-11 17:12:14.822233] [INFO] [health_monitor] [삭제][100015, 100002] : 배터리 가득.
[2026-08-11 17:12:14.822238] [INFO] [health_monitor] [삭제][100015, 100003] : 자동 충전 해제 시작.
[2026-08-11 17:12:14.842224] [INFO] [power_system] 충전 해제 완료
[2026-08-11 17:12:14.842236] [INFO] [health_monitor] [등록][100015, 100004] : 자동 충전 해제 완료.
[2026-08-11 17:12:14.862156] [INFO] [task::fsm] discharging
[2026-08-11 17:12:14.862163] [INFO] [power_system] 충전 해제 프로세스 시작
[2026-08-11 17:12:14.862172] [INFO] [health_monitor] [등록][100015, 100003] : 자동 충전 해제 시작.
[2026-08-11 17:12:14.882091] [INFO] [task::fsm] idle
[2026-08-11 17:12:14.882099] [INFO] [course_manager] 코스 삭제
[2026-08-11 17:12:14.882101] [INFO] [path_server] 경로 삭제
[2026-08-11 17:12:14.922056] [INFO] [task::fsm] idle
[2026-08-11 17:12:14.922063] [INFO] [course_manager] 코스 삭제
[2026-08-11 17:12:14.922065] [INFO] [path_server] 경로 삭제
[2026-08-11 17:12:19.852102] [INFO] [health_monitor] [삭제][100015, 100004] : 자동 충전 해제 완료.
[2026-08-11 17:12:19.872110] [INFO] [health_monitor] [삭제][100015, 100003] : 자동 충전 해제 시작.
