[2026-08-11 16:38:01.963580] [INFO] [framework] 프로그램 시작
[2026-08-11 16:38:01.963582] [WARNING] [framework] 프로그램 시작
[2026-08-11 16:38:01.963584] [CRITICAL] [framework] 프로그램 시작
[2026-08-11 16:38:01.963584] [INFO] [framework] 설정 파일 위치 : ../configs/robot_5
[2026-08-11 16:38:01.963681] [INFO] [framework] ID[0, 5], 이름[한다섯], 제어주기[20ms], 버젼[], 장소[우리집], 환경모드[simulation]
[2026-08-11 16:38:01.963733] [INFO] [mediator] 생성
[2026-08-11 16:38:01.963772] [INFO] [graph_manager] 생성
[2026-08-11 16:38:02.009463] [INFO] [stop_server] 생성
[2026-08-11 16:38:02.009494] [INFO] [health_monitor] 생성
[2026-08-11 16:38:02.009523] [INFO] [path_server] 생성
[2026-08-11 16:38:02.009549] [INFO] [course_manager] 생성
[2026-08-11 16:38:02.009577] [INFO] [task::fsm] 생성
[2026-08-11 16:38:02.009578] [INFO] [task::fsm] idle
[2026-08-11 16:38:02.009579] [INFO] [course_manager] 코스 삭제
[2026-08-11 16:38:02.009580] [INFO] [path_server] 경로 삭제
[2026-08-11 16:38:02.009607] [INFO] [task_manager] 생성
[2026-08-11 16:38:02.009696] [INFO] [mediator] connectors 생성
[2026-08-11 16:38:02.009739] [INFO] [fms] 생성
[2026-08-11 16:38:02.009741] [INFO] [fms] 통신 드라이버 생성
[2026-08-11 16:38:02.009998] [INFO] [motions] 생성
[2026-08-11 16:38:02.010032] [INFO] [localizers] 생성
[2026-08-11 16:38:02.010113] [INFO] [localizers] 파라미터 : 

[2026-08-11 16:38:02.010146] [INFO] [safety_plc] 생성
[2026-08-11 16:38:02.010172] [INFO] [load_handler] 생성
[2026-08-11 16:38:02.010200] [INFO] [power_system] 생성
[2026-08-11 16:38:02.010290] [INFO] [power_system] 설정 정보 : remaining[40%, 10%, 5%]
[2026-08-11 16:38:02.010647] [INFO] [power_system] 알람 목록 : 
 • [100015, 100001] [INFO] 자동 충전 시작.
 • [100015, 100002] [INFO] 배터리 가득.
 • [100015, 400001] [CRIT] 배터리 남은 양 - 위험
 • [100015, 300001] [ERROR] 배터리 남은 양 - 에러
 • [100015, 200001] [WARN] 배터리 남은 양 - 주의
 • [100015, 100004] [INFO] 자동 충전 해제 완료.
 • [100015, 100003] [INFO] 자동 충전 해제 시작.
[2026-08-11 16:38:02.010650] [INFO] [mediator] connector 의존성 주입
[2026-08-11 16:38:02.010659] [INFO] [mediator] any map 등록
[2026-08-11 16:38:02.010664] [INFO] [mediator] any collector 등록
[2026-08-11 16:38:02.010667] [INFO] [mediator] any collector 목록 검사
[2026-08-11 16:38:02.010714] [INFO] [framework] after init 실행
[2026-08-11 16:38:02.011146] [INFO] [course_tracker] 생성
[2026-08-11 16:38:02.011168] [INFO] [course_tracker] 파라미터 : 
◈ node_bound[0.020m, 0.150m, 0.005m]
 • approach[0.150m, 0.050m/s, -0.005m, -0.200m, 0.100m]
 • align[(10.000°, 5.000°/s), 50.000°, 30.000°/s), 0.800°, -0.100°]
◈ motion param : 
 • reference_angle[0.000°, 45.000°]
 • threshold_angle[15.000°, 20.000°, 170.000°]
 • threshold_error[0.300°, 5.000°]
 • normal[0.150m/s, 8.000, 0.800m/s, 0.500]
 • angle[0.150m/s, 1.500, 0.800m/s, 2.100]
 • protection_overshoot[0.100m/s, 0.900, 0.500m/s, 0.900]
 • speed_rotation[15.000°/s]
[2026-08-11 16:38:02.011171] [INFO] [framework] 제어 쓰레드 시작
[2026-08-11 16:38:02.011220] [INFO] [path_server] 노드 초기화 성공 : 로봇 좌표[22.004m 17.498m -179.934°] 최단 거리 노드[109] 거리(0.004143m)
[2026-08-11 16:38:02.011274] [INFO] [health_monitor] [등록][100015, 200001] : 배터리 남은 양 - 주의
[2026-08-11 16:40:31.635675] [INFO] [framework] 프로그램 시작
[2026-08-11 16:40:31.635680] [WARNING] [framework] 프로그램 시작
[2026-08-11 16:40:31.635683] [CRITICAL] [framework] 프로그램 시작
[2026-08-11 16:40:31.635684] [INFO] [framework] 설정 파일 위치 : ../configs/robot_5
[2026-08-11 16:45:49.983112] [INFO] [framework] 프로그램 시작
[2026-08-11 16:45:49.983115] [WARNING] [framework] 프로그램 시작
[2026-08-11 16:45:49.983119] [INFO] [framework] 설정 파일 위치 : ../configs/robot_5
[2026-08-11 16:45:49.983118] [CRITICAL] [framework] 프로그램 시작
[2026-08-11 16:45:49.983219] [INFO] [framework] ID[0, 5], 이름[한다섯], 제어주기[20ms], 버젼[], 장소[우리집], 환경모드[simulation]
[2026-08-11 16:45:49.983237] [INFO] [mediator] 생성
[2026-08-11 16:45:49.983251] [INFO] [graph_manager] 생성
[2026-08-11 16:45:50.025649] [INFO] [stop_server] 생성
[2026-08-11 16:45:50.025676] [INFO] [health_monitor] 생성
[2026-08-11 16:45:50.025702] [INFO] [path_server] 생성
[2026-08-11 16:45:50.025728] [INFO] [course_manager] 생성
[2026-08-11 16:45:50.025749] [INFO] [task::fsm] 생성
[2026-08-11 16:45:50.025750] [INFO] [task::fsm] idle
[2026-08-11 16:45:50.025768] [INFO] [course_manager] 코스 삭제
[2026-08-11 16:45:50.025768] [INFO] [path_server] 경로 삭제
[2026-08-11 16:45:50.025788] [INFO] [task_manager] 생성
[2026-08-11 16:45:50.026001] [INFO] [mediator] connectors 생성
[2026-08-11 16:45:50.026026] [INFO] [fms] 생성
[2026-08-11 16:45:50.026028] [INFO] [fms] 통신 드라이버 생성
[2026-08-11 16:45:50.026444] [INFO] [motions] 생성
[2026-08-11 16:45:50.026471] [INFO] [localizers] 생성
[2026-08-11 16:45:50.026604] [INFO] [localizers] 파라미터 : 

[2026-08-11 16:45:50.026628] [INFO] [safety_plc] 생성
[2026-08-11 16:45:50.026649] [INFO] [load_handler] 생성
[2026-08-11 16:45:50.026668] [INFO] [power_system] 생성
[2026-08-11 16:45:50.026833] [INFO] [power_system] 설정 정보 : remaining[40%, 10%, 5%]
[2026-08-11 16:45:50.027463] [INFO] [power_system] 알람 목록 : 
 • [100015, 100001] [INFO] 자동 충전 시작.
 • [100015, 100002] [INFO] 배터리 가득.
 • [100015, 400001] [CRIT] 배터리 남은 양 - 위험
 • [100015, 300001] [ERROR] 배터리 남은 양 - 에러
 • [100015, 200001] [WARN] 배터리 남은 양 - 주의
 • [100015, 100004] [INFO] 자동 충전 해제 완료.
 • [100015, 100003] [INFO] 자동 충전 해제 시작.
[2026-08-11 16:45:50.027471] [INFO] [mediator] connector 의존성 주입
[2026-08-11 16:45:50.027485] [INFO] [mediator] any map 등록
[2026-08-11 16:45:50.027499] [INFO] [mediator] any collector 등록
[2026-08-11 16:45:50.027502] [INFO] [mediator] any collector 목록 검사
[2026-08-11 16:45:50.027577] [INFO] [framework] after init 실행
[2026-08-11 16:45:50.027935] [INFO] [course_tracker] 생성
[2026-08-11 16:45:50.027955] [INFO] [course_tracker] 파라미터 : 
◈ node_bound[0.020m, 0.150m, 0.005m]
 • approach[0.150m, 0.050m/s, -0.005m, -0.200m, 0.100m]
 • align[(10.000°, 5.000°/s), 50.000°, 30.000°/s), 0.800°, -0.100°]
◈ motion param : 
 • reference_angle[0.000°, 45.000°]
 • threshold_angle[15.000°, 20.000°, 170.000°]
 • threshold_error[0.300°, 5.000°]
 • normal[0.150m/s, 8.000, 0.800m/s, 0.500]
 • angle[0.150m/s, 1.500, 0.800m/s, 2.100]
 • protection_overshoot[0.100m/s, 0.900, 0.500m/s, 0.900]
 • speed_rotation[15.000°/s]
[2026-08-11 16:45:50.027958] [INFO] [framework] 제어 쓰레드 시작
[2026-08-11 16:45:50.028005] [INFO] [path_server] 노드 초기화 성공 : 로봇 좌표[22.004m 17.498m -179.934°] 최단 거리 노드[109] 거리(0.004143m)
[2026-08-11 16:45:50.028361] [INFO] [health_monitor] [등록][100015, 200001] : 배터리 남은 양 - 주의
[2026-08-11 16:45:50.127844] [INFO] [task::fsm] charging
[2026-08-11 16:45:50.127852] [INFO] [power_system] 충전 프로세스 시작
[2026-08-11 16:45:50.127995] [INFO] [health_monitor] [등록][100015, 100001] : 자동 충전 시작.
[2026-08-11 16:45:55.137621] [INFO] [health_monitor] [삭제][100015, 100001] : 자동 충전 시작.
[2026-08-11 16:46:05.857121] [INFO] [health_monitor] [삭제][100015, 200001] : 배터리 남은 양 - 주의
[2026-08-11 16:46:29.853039] [INFO] [power_system] 충전 완료
[2026-08-11 16:46:29.853061] [INFO] [health_monitor] [등록][100015, 100003] : 자동 충전 해제 시작.
[2026-08-11 16:46:29.853058] [INFO] [health_monitor] [등록][100015, 100002] : 배터리 가득.
[2026-08-11 16:46:34.863612] [INFO] [health_monitor] [삭제][100015, 100002] : 배터리 가득.
[2026-08-11 16:46:34.863617] [INFO] [health_monitor] [삭제][100015, 100003] : 자동 충전 해제 시작.
[2026-08-11 16:46:34.883555] [INFO] [power_system] 충전 해제 완료
[2026-08-11 16:46:34.883567] [INFO] [health_monitor] [등록][100015, 100004] : 자동 충전 해제 완료.
[2026-08-11 16:46:34.903557] [INFO] [task::fsm] discharging
[2026-08-11 16:46:34.903563] [INFO] [power_system] 충전 해제 프로세스 시작
[2026-08-11 16:46:34.903573] [INFO] [health_monitor] [등록][100015, 100003] : 자동 충전 해제 시작.
[2026-08-11 16:46:34.923506] [INFO] [task::fsm] idle
[2026-08-11 16:46:34.923512] [INFO] [path_server] 경로 삭제
[2026-08-11 16:46:34.923511] [INFO] [course_manager] 코스 삭제
[2026-08-11 16:46:34.963439] [INFO] [task::fsm] idle
[2026-08-11 16:46:34.963445] [INFO] [course_manager] 코스 삭제
[2026-08-11 16:46:34.963448] [INFO] [path_server] 경로 삭제
[2026-08-11 16:46:39.894293] [INFO] [health_monitor] [삭제][100015, 100004] : 자동 충전 해제 완료.
[2026-08-11 16:46:39.914216] [INFO] [health_monitor] [삭제][100015, 100003] : 자동 충전 해제 시작.
[2026-08-11 16:47:29.985708] [INFO] [task::fsm] charging
[2026-08-11 16:47:29.985718] [INFO] [power_system] 충전 프로세스 시작
[2026-08-11 16:47:29.985747] [INFO] [health_monitor] [등록][100015, 100001] : 자동 충전 시작.
[2026-08-11 16:47:34.996365] [INFO] [health_monitor] [삭제][100015, 100001] : 자동 충전 시작.
[2026-08-11 16:47:42.763796] [INFO] [framework] 프로그램 시작
[2026-08-11 16:47:42.763800] [WARNING] [framework] 프로그램 시작
[2026-08-11 16:47:42.763801] [CRITICAL] [framework] 프로그램 시작
[2026-08-11 16:47:42.763802] [INFO] [framework] 설정 파일 위치 : ../configs/robot_5
[2026-08-11 16:49:24.397189] [INFO] [framework] 프로그램 시작
[2026-08-11 16:49:24.397196] [WARNING] [framework] 프로그램 시작
[2026-08-11 16:49:24.397198] [CRITICAL] [framework] 프로그램 시작
[2026-08-11 16:49:24.397199] [INFO] [framework] 설정 파일 위치 : ../configs/robot_5
[2026-08-11 16:49:24.397356] [INFO] [framework] ID[0, 5], 이름[한다섯], 제어주기[20ms], 버젼[], 장소[우리집], 환경모드[simulation]
[2026-08-11 16:49:24.397385] [INFO] [mediator] 생성
[2026-08-11 16:49:24.397412] [INFO] [graph_manager] 생성
[2026-08-11 16:49:24.433274] [INFO] [stop_server] 생성
[2026-08-11 16:49:24.433302] [INFO] [health_monitor] 생성
[2026-08-11 16:49:24.433327] [INFO] [path_server] 생성
[2026-08-11 16:49:24.433343] [INFO] [course_manager] 생성
[2026-08-11 16:49:24.433358] [INFO] [task::fsm] 생성
[2026-08-11 16:49:24.433359] [INFO] [task::fsm] idle
[2026-08-11 16:49:24.433366] [INFO] [course_manager] 코스 삭제
[2026-08-11 16:49:24.433367] [INFO] [path_server] 경로 삭제
[2026-08-11 16:49:24.433382] [INFO] [task_manager] 생성
[2026-08-11 16:49:24.433494] [INFO] [mediator] connectors 생성
[2026-08-11 16:49:24.433512] [INFO] [fms] 생성
[2026-08-11 16:49:24.433514] [INFO] [fms] 통신 드라이버 생성
[2026-08-11 16:49:24.433830] [INFO] [motions] 생성
[2026-08-11 16:49:24.433854] [INFO] [localizers] 생성
[2026-08-11 16:49:24.433947] [INFO] [localizers] 파라미터 : 

[2026-08-11 16:49:24.433964] [INFO] [safety_plc] 생성
[2026-08-11 16:49:24.433986] [INFO] [load_handler] 생성
[2026-08-11 16:49:24.434000] [INFO] [power_system] 생성
[2026-08-11 16:49:24.434109] [INFO] [power_system] 설정 정보 : remaining[40%, 10%, 5%]
[2026-08-11 16:49:24.434516] [INFO] [power_system] 알람 목록 : 
 • [100015, 100001] [INFO] 자동 충전 시작.
 • [100015, 100002] [INFO] 배터리 가득.
 • [100015, 400001] [CRIT] 배터리 남은 양 - 위험
 • [100015, 300001] [ERROR] 배터리 남은 양 - 에러
 • [100015, 200001] [WARN] 배터리 남은 양 - 주의
 • [100015, 100004] [INFO] 자동 충전 해제 완료.
 • [100015, 100003] [INFO] 자동 충전 해제 시작.
[2026-08-11 16:49:24.434519] [INFO] [mediator] connector 의존성 주입
[2026-08-11 16:49:24.434528] [INFO] [mediator] any map 등록
[2026-08-11 16:49:24.434535] [INFO] [mediator] any collector 등록
[2026-08-11 16:49:24.434538] [INFO] [mediator] any collector 목록 검사
[2026-08-11 16:49:24.434580] [INFO] [framework] after init 실행
[2026-08-11 16:49:24.434891] [INFO] [course_tracker] 생성
[2026-08-11 16:49:24.434904] [INFO] [course_tracker] 파라미터 : 
◈ node_bound[0.020m, 0.150m, 0.005m]
 • approach[0.150m, 0.050m/s, -0.005m, -0.200m, 0.100m]
 • align[(10.000°, 5.000°/s), 50.000°, 30.000°/s), 0.800°, -0.100°]
◈ motion param : 
 • reference_angle[0.000°, 45.000°]
 • threshold_angle[15.000°, 20.000°, 170.000°]
 • threshold_error[0.300°, 5.000°]
 • normal[0.150m/s, 8.000, 0.800m/s, 0.500]
 • angle[0.150m/s, 1.500, 0.800m/s, 2.100]
 • protection_overshoot[0.100m/s, 0.900, 0.500m/s, 0.900]
 • speed_rotation[15.000°/s]
[2026-08-11 16:49:24.434907] [INFO] [framework] 제어 쓰레드 시작
[2026-08-11 16:49:24.434935] [INFO] [path_server] 노드 초기화 성공 : 로봇 좌표[5.504m 6.998m -179.385°] 최단 거리 노드[102] 거리(0.004241m)
[2026-08-11 16:49:24.434974] [INFO] [health_monitor] [등록][100015, 200001] : 배터리 남은 양 - 주의
[2026-08-11 16:49:24.534784] [INFO] [task::fsm] charging
[2026-08-11 16:49:24.534792] [INFO] [power_system] 충전 프로세스 시작
[2026-08-11 16:49:24.534804] [INFO] [health_monitor] [등록][100015, 100001] : 자동 충전 시작.
[2026-08-11 16:49:29.544654] [INFO] [health_monitor] [삭제][100015, 100001] : 자동 충전 시작.
[2026-08-11 16:49:46.489900] [INFO] [framework] 프로그램 시작
[2026-08-11 16:49:46.489906] [WARNING] [framework] 프로그램 시작
[2026-08-11 16:49:46.489909] [CRITICAL] [framework] 프로그램 시작
[2026-08-11 16:49:46.489911] [INFO] [framework] 설정 파일 위치 : ../configs/robot_5
[2026-08-11 16:49:58.390626] [INFO] [framework] 프로그램 시작
[2026-08-11 16:49:58.390631] [WARNING] [framework] 프로그램 시작
[2026-08-11 16:49:58.390633] [INFO] [framework] 설정 파일 위치 : ../configs/robot_5
[2026-08-11 16:49:58.390632] [CRITICAL] [framework] 프로그램 시작
[2026-08-11 16:49:58.390748] [INFO] [framework] ID[0, 5], 이름[한다섯], 제어주기[20ms], 버젼[], 장소[우리집], 환경모드[simulation]
[2026-08-11 16:49:58.390769] [INFO] [mediator] 생성
[2026-08-11 16:49:58.390783] [INFO] [graph_manager] 생성
[2026-08-11 16:49:58.415580] [INFO] [stop_server] 생성
[2026-08-11 16:49:58.415608] [INFO] [health_monitor] 생성
[2026-08-11 16:49:58.415624] [INFO] [path_server] 생성
[2026-08-11 16:49:58.415635] [INFO] [course_manager] 생성
[2026-08-11 16:49:58.415652] [INFO] [task::fsm] 생성
[2026-08-11 16:49:58.415653] [INFO] [task::fsm] idle
[2026-08-11 16:49:58.415662] [INFO] [course_manager] 코스 삭제
[2026-08-11 16:49:58.415663] [INFO] [path_server] 경로 삭제
[2026-08-11 16:49:58.415674] [INFO] [task_manager] 생성
[2026-08-11 16:49:58.415834] [INFO] [mediator] connectors 생성
[2026-08-11 16:49:58.415862] [INFO] [fms] 생성
[2026-08-11 16:49:58.415865] [INFO] [fms] 통신 드라이버 생성
[2026-08-11 16:49:58.416235] [INFO] [motions] 생성
[2026-08-11 16:49:58.416258] [INFO] [localizers] 생성
[2026-08-11 16:49:58.416357] [INFO] [localizers] 파라미터 : 

[2026-08-11 16:49:58.416374] [INFO] [safety_plc] 생성
[2026-08-11 16:49:58.416389] [INFO] [load_handler] 생성
[2026-08-11 16:49:58.416406] [INFO] [power_system] 생성
[2026-08-11 16:49:58.416507] [INFO] [power_system] 설정 정보 : remaining[40%, 10%, 5%]
[2026-08-11 16:49:58.416924] [INFO] [power_system] 알람 목록 : 
 • [100015, 100001] [INFO] 자동 충전 시작.
 • [100015, 100002] [INFO] 배터리 가득.
 • [100015, 400001] [CRIT] 배터리 남은 양 - 위험
 • [100015, 300001] [ERROR] 배터리 남은 양 - 에러
 • [100015, 200001] [WARN] 배터리 남은 양 - 주의
 • [100015, 100004] [INFO] 자동 충전 해제 완료.
 • [100015, 100003] [INFO] 자동 충전 해제 시작.
[2026-08-11 16:49:58.416930] [INFO] [mediator] any map 등록
[2026-08-11 16:49:58.416927] [INFO] [mediator] connector 의존성 주입
[2026-08-11 16:49:58.416937] [INFO] [mediator] any collector 등록
[2026-08-11 16:49:58.416940] [INFO] [mediator] any collector 목록 검사
[2026-08-11 16:49:58.416991] [INFO] [framework] after init 실행
[2026-08-11 16:49:58.417360] [INFO] [course_tracker] 생성
[2026-08-11 16:49:58.417382] [INFO] [course_tracker] 파라미터 : 
◈ node_bound[0.020m, 0.150m, 0.005m]
 • approach[0.150m, 0.050m/s, -0.005m, -0.200m, 0.100m]
 • align[(10.000°, 5.000°/s), 50.000°, 30.000°/s), 0.800°, -0.100°]
◈ motion param : 
 • reference_angle[0.000°, 45.000°]
 • threshold_angle[15.000°, 20.000°, 170.000°]
 • threshold_error[0.300°, 5.000°]
 • normal[0.150m/s, 8.000, 0.800m/s, 0.500]
 • angle[0.150m/s, 1.500, 0.800m/s, 2.100]
 • protection_overshoot[0.100m/s, 0.900, 0.500m/s, 0.900]
 • speed_rotation[15.000°/s]
[2026-08-11 16:49:58.417386] [INFO] [framework] 제어 쓰레드 시작
[2026-08-11 16:49:58.417448] [INFO] [path_server] 노드 초기화 성공 : 로봇 좌표[5.504m 6.998m -179.385°] 최단 거리 노드[102] 거리(0.004241m)
[2026-08-11 16:49:58.417504] [INFO] [health_monitor] [등록][100015, 200001] : 배터리 남은 양 - 주의
[2026-08-11 16:50:00.414078] [INFO] [task::fsm] charging
[2026-08-11 16:50:00.414099] [INFO] [health_monitor] [등록][100015, 100001] : 자동 충전 시작.
[2026-08-11 16:50:00.414086] [INFO] [power_system] 충전 프로세스 시작
[2026-08-11 16:50:05.424445] [INFO] [health_monitor] [삭제][100015, 100001] : 자동 충전 시작.
[2026-08-11 16:50:08.838252] [INFO] [path_server] 새로운 경로 설정 : path[102 ➜ 1159] time[0s] dist[27m] list[19] : 102-1183-1184-1045-1046-1047-1048-1001-1002-1003-1004-1005-1010-1017-1063-1064-1018-1158-1159
[2026-08-11 16:50:08.838268] [INFO] [course_tracker] 방향 정렬 완료 
[2026-08-11 16:50:16.004863] [INFO] [path_server] 노드 업데이트 : [1183] ➜ [1184]
[2026-08-11 16:50:16.084827] [INFO] [path_server] 새로운 경로 설정 : path[1183 ➜ 1159] time[0s] dist[25.5m] list[18] : 1183-1184-1045-1046-1047-1048-1001-1002-1003-1004-1005-1010-1017-1063-1064-1018-1158-1159
[2026-08-11 16:50:19.618030] [INFO] [path_server] 노드 업데이트 : [1184] ➜ [1045]
[2026-08-11 16:50:19.717879] [INFO] [path_server] 새로운 경로 설정 : path[1184 ➜ 1159] time[0s] dist[24m] list[17] : 1184-1045-1046-1047-1048-1001-1002-1003-1004-1005-1010-1017-1063-1064-1018-1158-1159
[2026-08-11 16:50:20.975426] [INFO] [path_server] 노드 업데이트 : [1045] ➜ [1046]
[2026-08-11 16:50:21.055311] [INFO] [path_server] 새로운 경로 설정 : path[1045 ➜ 1159] time[0s] dist[22.5m] list[16] : 1045-1046-1047-1048-1001-1002-1003-1004-1005-1010-1017-1063-1064-1018-1158-1159
[2026-08-11 16:50:24.310366] [INFO] [path_server] 노드 업데이트 : [1046] ➜ [1047]
[2026-08-11 16:50:24.390310] [INFO] [path_server] 새로운 경로 설정 : path[1046 ➜ 1159] time[0s] dist[21m] list[15] : 1046-1047-1048-1001-1002-1003-1004-1005-1010-1017-1063-1064-1018-1158-1159
[2026-08-11 16:50:25.428277] [INFO] [path_server] 노드 업데이트 : [1047] ➜ [1048]
[2026-08-11 16:50:25.488219] [INFO] [path_server] 새로운 경로 설정 : path[1047 ➜ 1159] time[0s] dist[19.5m] list[14] : 1047-1048-1001-1002-1003-1004-1005-1010-1017-1063-1064-1018-1158-1159
[2026-08-11 16:50:26.246755] [INFO] [path_server] 노드 업데이트 : [1048] ➜ [1001]
[2026-08-11 16:50:26.326645] [INFO] [path_server] 새로운 경로 설정 : path[1048 ➜ 1159] time[0s] dist[18m] list[13] : 1048-1001-1002-1003-1004-1005-1010-1017-1063-1064-1018-1158-1159
[2026-08-11 16:50:27.005246] [INFO] [path_server] 노드 업데이트 : [1001] ➜ [1002]
[2026-08-11 16:50:27.085157] [INFO] [path_server] 새로운 경로 설정 : path[1001 ➜ 1159] time[0s] dist[16.5m] list[12] : 1001-1002-1003-1004-1005-1010-1017-1063-1064-1018-1158-1159
[2026-08-11 16:50:27.763850] [INFO] [path_server] 노드 업데이트 : [1002] ➜ [1003]
[2026-08-11 16:50:27.823782] [INFO] [path_server] 새로운 경로 설정 : path[1002 ➜ 1159] time[0s] dist[15m] list[11] : 1002-1003-1004-1005-1010-1017-1063-1064-1018-1158-1159
[2026-08-11 16:50:28.502422] [INFO] [path_server] 노드 업데이트 : [1003] ➜ [1004]
[2026-08-11 16:50:28.582366] [INFO] [path_server] 새로운 경로 설정 : path[1003 ➜ 1159] time[0s] dist[13.5m] list[10] : 1003-1004-1005-1010-1017-1063-1064-1018-1158-1159
[2026-08-11 16:50:29.261029] [INFO] [path_server] 노드 업데이트 : [1004] ➜ [1005]
[2026-08-11 16:50:29.320942] [INFO] [path_server] 새로운 경로 설정 : path[1004 ➜ 1159] time[0s] dist[12m] list[9] : 1004-1005-1010-1017-1063-1064-1018-1158-1159
[2026-08-11 16:50:30.578530] [INFO] [path_server] 노드 업데이트 : [1005] ➜ [1010]
[2026-08-11 16:50:30.638444] [INFO] [path_server] 새로운 경로 설정 : path[1005 ➜ 1159] time[0s] dist[10.5m] list[8] : 1005-1010-1017-1063-1064-1018-1158-1159
[2026-08-11 16:50:33.951951] [INFO] [path_server] 노드 업데이트 : [1010] ➜ [1017]
[2026-08-11 16:50:34.031907] [INFO] [path_server] 새로운 경로 설정 : path[1010 ➜ 1159] time[0s] dist[9m] list[7] : 1010-1017-1063-1064-1018-1158-1159
[2026-08-11 16:50:35.069868] [INFO] [path_server] 노드 업데이트 : [1017] ➜ [1063]
[2026-08-11 16:50:35.149790] [INFO] [path_server] 새로운 경로 설정 : path[1017 ➜ 1159] time[0s] dist[7.5m] list[6] : 1017-1063-1064-1018-1158-1159
[2026-08-11 16:50:35.888678] [INFO] [path_server] 노드 업데이트 : [1063] ➜ [1064]
[2026-08-11 16:50:35.948576] [INFO] [path_server] 새로운 경로 설정 : path[1063 ➜ 1159] time[0s] dist[6m] list[5] : 1063-1064-1018-1158-1159
[2026-08-11 16:50:37.226025] [INFO] [path_server] 노드 업데이트 : [1064] ➜ [1018]
[2026-08-11 16:50:37.305957] [INFO] [path_server] 새로운 경로 설정 : path[1064 ➜ 1159] time[0s] dist[4.5m] list[4] : 1064-1018-1158-1159
[2026-08-11 16:50:40.559666] [INFO] [path_server] 노드 업데이트 : [1018] ➜ [1158]
[2026-08-11 16:50:40.619573] [INFO] [path_server] 새로운 경로 설정 : path[1018 ➜ 1159] time[0s] dist[3m] list[3] : 1018-1158-1159
[2026-08-11 16:50:41.697479] [INFO] [path_server] 노드 업데이트 : [1158] ➜ [1159]
[2026-08-11 16:50:41.757372] [INFO] [path_server] 새로운 경로 설정 : path[1158 ➜ 1159] time[0s] dist[1.5m] list[2] : 1158-1159
[2026-08-11 16:50:43.913512] [INFO] [path_server] 노드 업데이트 : [1159] ➜ [-1]
[2026-08-11 16:50:46.748093] [INFO] [course_tracker] 목적지에서 각도 정렬 : [14.500m 16.000m 0.000°]
[2026-08-11 16:50:47.426872] [INFO] [path_server] 노드 업데이트 : [1159] ➜ [-1]
[2026-08-11 16:50:47.446773] [INFO] [task::fsm] push_done
[2026-08-11 16:50:47.486749] [INFO] [task::fsm] idle
[2026-08-11 16:50:47.486756] [INFO] [path_server] 경로 삭제
[2026-08-11 16:50:47.486755] [INFO] [course_manager] 코스 삭제
[2026-08-11 16:50:52.577648] [INFO] [path_server] 새로운 경로 설정 : path[1159 ➜ 104] time[0s] dist[39m] list[27] : 1159-1160-1161-1162-1163-1164-1165-1166-1109-1110-1111-1112-1113-1114-1115-1116-1117-1118-1119-1120-1121-1122-1123-1179-1180-1181-104
[2026-08-11 16:50:54.913274] [INFO] [path_server] 노드 업데이트 : [1160] ➜ [1161]
[2026-08-11 16:50:54.973224] [INFO] [path_server] 새로운 경로 설정 : path[1160 ➜ 104] time[0s] dist[37.5m] list[26] : 1160-1161-1162-1163-1164-1165-1166-1109-1110-1111-1112-1113-1114-1115-1116-1117-1118-1119-1120-1121-1122-1123-1179-1180-1181-104
[2026-08-11 16:50:55.971291] [INFO] [path_server] 노드 업데이트 : [1161] ➜ [1162]
[2026-08-11 16:50:56.051170] [INFO] [path_server] 새로운 경로 설정 : path[1161 ➜ 104] time[0s] dist[36m] list[25] : 1161-1162-1163-1164-1165-1166-1109-1110-1111-1112-1113-1114-1115-1116-1117-1118-1119-1120-1121-1122-1123-1179-1180-1181-104
[2026-08-11 16:50:56.769720] [INFO] [path_server] 노드 업데이트 : [1162] ➜ [1163]
[2026-08-11 16:50:56.829614] [INFO] [path_server] 새로운 경로 설정 : path[1162 ➜ 104] time[0s] dist[34.5m] list[24] : 1162-1163-1164-1165-1166-1109-1110-1111-1112-1113-1114-1115-1116-1117-1118-1119-1120-1121-1122-1123-1179-1180-1181-104
[2026-08-11 16:50:57.528311] [INFO] [path_server] 노드 업데이트 : [1163] ➜ [1164]
[2026-08-11 16:50:57.608156] [INFO] [path_server] 새로운 경로 설정 : path[1163 ➜ 104] time[0s] dist[33m] list[23] : 1163-1164-1165-1166-1109-1110-1111-1112-1113-1114-1115-1116-1117-1118-1119-1120-1121-1122-1123-1179-1180-1181-104
[2026-08-11 16:50:58.266792] [INFO] [path_server] 노드 업데이트 : [1164] ➜ [1165]
[2026-08-11 16:50:58.346641] [INFO] [path_server] 새로운 경로 설정 : path[1164 ➜ 104] time[0s] dist[31.5m] list[22] : 1164-1165-1166-1109-1110-1111-1112-1113-1114-1115-1116-1117-1118-1119-1120-1121-1122-1123-1179-1180-1181-104
[2026-08-11 16:50:59.025417] [INFO] [path_server] 노드 업데이트 : [1165] ➜ [1166]
[2026-08-11 16:50:59.125291] [INFO] [path_server] 새로운 경로 설정 : path[1165 ➜ 104] time[0s] dist[30m] list[21] : 1165-1166-1109-1110-1111-1112-1113-1114-1115-1116-1117-1118-1119-1120-1121-1122-1123-1179-1180-1181-104
[2026-08-11 16:50:59.763926] [INFO] [path_server] 노드 업데이트 : [1166] ➜ [1109]
[2026-08-11 16:50:59.843841] [INFO] [path_server] 새로운 경로 설정 : path[1166 ➜ 104] time[0s] dist[28.5m] list[20] : 1166-1109-1110-1111-1112-1113-1114-1115-1116-1117-1118-1119-1120-1121-1122-1123-1179-1180-1181-104
[2026-08-11 16:51:00.622232] [INFO] [path_server] 노드 업데이트 : [1109] ➜ [1110]
[2026-08-11 16:51:00.702105] [INFO] [path_server] 새로운 경로 설정 : path[1109 ➜ 104] time[0s] dist[27m] list[19] : 1109-1110-1111-1112-1113-1114-1115-1116-1117-1118-1119-1120-1121-1122-1123-1179-1180-1181-104
[2026-08-11 16:51:04.275045] [INFO] [path_server] 노드 업데이트 : [1110] ➜ [1111]
[2026-08-11 16:51:04.354919] [INFO] [path_server] 새로운 경로 설정 : path[1110 ➜ 104] time[0s] dist[25.5m] list[18] : 1110-1111-1112-1113-1114-1115-1116-1117-1118-1119-1120-1121-1122-1123-1179-1180-1181-104
[2026-08-11 16:51:05.632317] [INFO] [path_server] 노드 업데이트 : [1111] ➜ [1112]
[2026-08-11 16:51:05.712232] [INFO] [path_server] 새로운 경로 설정 : path[1111 ➜ 104] time[0s] dist[24m] list[17] : 1111-1112-1113-1114-1115-1116-1117-1118-1119-1120-1121-1122-1123-1179-1180-1181-104
[2026-08-11 16:51:06.530563] [INFO] [path_server] 노드 업데이트 : [1112] ➜ [1113]
[2026-08-11 16:51:06.610502] [INFO] [path_server] 새로운 경로 설정 : path[1112 ➜ 104] time[0s] dist[22.5m] list[16] : 1112-1113-1114-1115-1116-1117-1118-1119-1120-1121-1122-1123-1179-1180-1181-104
[2026-08-11 16:51:07.289229] [INFO] [path_server] 노드 업데이트 : [1113] ➜ [1114]
[2026-08-11 16:51:07.349134] [INFO] [path_server] 새로운 경로 설정 : path[1113 ➜ 104] time[0s] dist[21m] list[15] : 1113-1114-1115-1116-1117-1118-1119-1120-1121-1122-1123-1179-1180-1181-104
[2026-08-11 16:51:08.027691] [INFO] [path_server] 노드 업데이트 : [1114] ➜ [1115]
[2026-08-11 16:51:08.107614] [INFO] [path_server] 새로운 경로 설정 : path[1114 ➜ 104] time[0s] dist[19.5m] list[14] : 1114-1115-1116-1117-1118-1119-1120-1121-1122-1123-1179-1180-1181-104
[2026-08-11 16:51:08.786248] [INFO] [path_server] 노드 업데이트 : [1115] ➜ [1116]
[2026-08-11 16:51:08.846138] [INFO] [path_server] 새로운 경로 설정 : path[1115 ➜ 104] time[0s] dist[18m] list[13] : 1115-1116-1117-1118-1119-1120-1121-1122-1123-1179-1180-1181-104
[2026-08-11 16:51:09.524922] [INFO] [path_server] 노드 업데이트 : [1116] ➜ [1117]
[2026-08-11 16:51:09.604868] [INFO] [path_server] 새로운 경로 설정 : path[1116 ➜ 104] time[0s] dist[16.5m] list[12] : 1116-1117-1118-1119-1120-1121-1122-1123-1179-1180-1181-104
[2026-08-11 16:51:10.283461] [INFO] [path_server] 노드 업데이트 : [1117] ➜ [1118]
[2026-08-11 16:51:10.363362] [INFO] [path_server] 새로운 경로 설정 : path[1117 ➜ 104] time[0s] dist[15m] list[11] : 1117-1118-1119-1120-1121-1122-1123-1179-1180-1181-104
[2026-08-11 16:51:11.022076] [INFO] [path_server] 노드 업데이트 : [1118] ➜ [1119]
[2026-08-11 16:51:11.101937] [INFO] [path_server] 새로운 경로 설정 : path[1118 ➜ 104] time[0s] dist[13.5m] list[10] : 1118-1119-1120-1121-1122-1123-1179-1180-1181-104
[2026-08-11 16:51:11.780551] [INFO] [path_server] 노드 업데이트 : [1119] ➜ [1120]
[2026-08-11 16:51:11.860480] [INFO] [path_server] 새로운 경로 설정 : path[1119 ➜ 104] time[0s] dist[12m] list[9] : 1119-1120-1121-1122-1123-1179-1180-1181-104
[2026-08-11 16:51:12.618901] [INFO] [path_server] 노드 업데이트 : [1120] ➜ [1121]
[2026-08-11 16:51:12.698841] [INFO] [path_server] 새로운 경로 설정 : path[1120 ➜ 104] time[0s] dist[10.5m] list[8] : 1120-1121-1122-1123-1179-1180-1181-104
[2026-08-11 16:51:16.271542] [INFO] [path_server] 노드 업데이트 : [1121] ➜ [1122]
[2026-08-11 16:51:16.351458] [INFO] [path_server] 새로운 경로 설정 : path[1121 ➜ 104] time[0s] dist[9m] list[7] : 1121-1122-1123-1179-1180-1181-104
[2026-08-11 16:51:17.628987] [INFO] [path_server] 노드 업데이트 : [1122] ➜ [1123]
[2026-08-11 16:51:17.688931] [INFO] [path_server] 새로운 경로 설정 : path[1122 ➜ 104] time[0s] dist[7.5m] list[6] : 1122-1123-1179-1180-1181-104
[2026-08-11 16:51:18.686818] [INFO] [path_server] 노드 업데이트 : [1123] ➜ [1179]
[2026-08-11 16:51:18.766807] [INFO] [path_server] 새로운 경로 설정 : path[1123 ➜ 104] time[0s] dist[6m] list[5] : 1123-1179-1180-1181-104
[2026-08-11 16:51:22.001020] [INFO] [path_server] 노드 업데이트 : [1179] ➜ [1180]
[2026-08-11 16:51:22.081020] [INFO] [path_server] 새로운 경로 설정 : path[1179 ➜ 104] time[0s] dist[4.5m] list[4] : 1179-1180-1181-104
[2026-08-11 16:51:23.238948] [INFO] [path_server] 노드 업데이트 : [1180] ➜ [1181]
[2026-08-11 16:51:23.298797] [INFO] [path_server] 새로운 경로 설정 : path[1180 ➜ 104] time[0s] dist[3m] list[3] : 1180-1181-104
[2026-08-11 16:51:24.577641] [INFO] [path_server] 노드 업데이트 : [1181] ➜ [104]
[2026-08-11 16:51:24.657986] [INFO] [path_server] 새로운 경로 설정 : path[1181 ➜ 104] time[0s] dist[1.5m] list[2] : 1181-104
[2026-08-11 16:51:29.775543] [INFO] [path_server] 노드 업데이트 : [104] ➜ [-1]
[2026-08-11 16:51:32.669737] [INFO] [course_tracker] 목적지에서 각도 정렬 : [5.500m 4.000m 0.000°]
[2026-08-11 16:51:32.709694] [INFO] [path_server] 노드 업데이트 : [104] ➜ [-1]
[2026-08-11 16:51:32.729599] [INFO] [task::fsm] push_done
[2026-08-11 16:51:32.809477] [INFO] [task::fsm] charging
[2026-08-11 16:51:32.809500] [INFO] [health_monitor] [등록][100015, 100001] : 자동 충전 시작.
[2026-08-11 16:51:32.809485] [INFO] [power_system] 충전 프로세스 시작
[2026-08-11 16:51:37.819577] [INFO] [health_monitor] [삭제][100015, 100001] : 자동 충전 시작.
[2026-08-11 16:51:49.057645] [INFO] [health_monitor] [삭제][100015, 200001] : 배터리 남은 양 - 주의
[2026-08-11 16:52:17.132622] [INFO] [framework] 프로그램 시작
[2026-08-11 16:52:17.132628] [WARNING] [framework] 프로그램 시작
[2026-08-11 16:52:17.132632] [INFO] [framework] 설정 파일 위치 : ../configs/robot_5
[2026-08-11 16:52:17.132631] [CRITICAL] [framework] 프로그램 시작
[2026-08-11 16:52:17.132801] [INFO] [framework] ID[0, 5], 이름[한다섯], 제어주기[20ms], 버젼[], 장소[우리집], 환경모드[simulation]
[2026-08-11 16:52:17.132829] [INFO] [mediator] 생성
[2026-08-11 16:52:17.132859] [INFO] [graph_manager] 생성
[2026-08-11 16:52:17.176916] [INFO] [stop_server] 생성
[2026-08-11 16:52:17.176943] [INFO] [health_monitor] 생성
[2026-08-11 16:52:17.176968] [INFO] [path_server] 생성
[2026-08-11 16:52:17.176988] [INFO] [course_manager] 생성
[2026-08-11 16:52:17.177025] [INFO] [task::fsm] 생성
[2026-08-11 16:52:17.177026] [INFO] [task::fsm] idle
[2026-08-11 16:52:17.177035] [INFO] [course_manager] 코스 삭제
[2026-08-11 16:52:17.177040] [INFO] [path_server] 경로 삭제
[2026-08-11 16:52:17.177063] [INFO] [task_manager] 생성
[2026-08-11 16:52:17.177199] [INFO] [mediator] connectors 생성
[2026-08-11 16:52:17.177222] [INFO] [fms] 생성
[2026-08-11 16:52:17.177223] [INFO] [fms] 통신 드라이버 생성
[2026-08-11 16:52:17.177604] [INFO] [motions] 생성
[2026-08-11 16:52:17.177634] [INFO] [localizers] 생성
[2026-08-11 16:52:17.177775] [INFO] [localizers] 파라미터 : 

[2026-08-11 16:52:17.177800] [INFO] [safety_plc] 생성
[2026-08-11 16:52:17.177820] [INFO] [load_handler] 생성
[2026-08-11 16:52:17.177840] [INFO] [power_system] 생성
[2026-08-11 16:52:17.177992] [INFO] [power_system] 설정 정보 : remaining[40%, 10%, 5%]
[2026-08-11 16:52:17.178606] [INFO] [power_system] 알람 목록 : 
 • [100015, 100001] [INFO] 자동 충전 시작.
 • [100015, 100002] [INFO] 배터리 가득.
 • [100015, 400001] [CRIT] 배터리 남은 양 - 위험
 • [100015, 300001] [ERROR] 배터리 남은 양 - 에러
 • [100015, 200001] [WARN] 배터리 남은 양 - 주의
 • [100015, 100004] [INFO] 자동 충전 해제 완료.
 • [100015, 100003] [INFO] 자동 충전 해제 시작.
[2026-08-11 16:52:17.178614] [INFO] [mediator] any map 등록
[2026-08-11 16:52:17.178620] [INFO] [mediator] any collector 등록
[2026-08-11 16:52:17.178611] [INFO] [mediator] connector 의존성 주입
[2026-08-11 16:52:17.178623] [INFO] [mediator] any collector 목록 검사
[2026-08-11 16:52:17.178691] [INFO] [framework] after init 실행
[2026-08-11 16:52:17.179020] [INFO] [course_tracker] 생성
[2026-08-11 16:52:17.179033] [INFO] [course_tracker] 파라미터 : 
◈ node_bound[0.020m, 0.150m, 0.005m]
 • approach[0.150m, 0.050m/s, -0.005m, -0.200m, 0.100m]
 • align[(10.000°, 5.000°/s), 50.000°, 30.000°/s), 0.800°, -0.100°]
◈ motion param : 
 • reference_angle[0.000°, 45.000°]
 • threshold_angle[15.000°, 20.000°, 170.000°]
 • threshold_error[0.300°, 5.000°]
 • normal[0.150m/s, 8.000, 0.800m/s, 0.500]
 • angle[0.150m/s, 1.500, 0.800m/s, 2.100]
 • protection_overshoot[0.100m/s, 0.900, 0.500m/s, 0.900]
 • speed_rotation[15.000°/s]
[2026-08-11 16:52:17.179036] [INFO] [framework] 제어 쓰레드 시작
[2026-08-11 16:52:17.179065] [INFO] [path_server] 노드 초기화 성공 : 로봇 좌표[5.504m 3.998m -179.421°] 최단 거리 노드[104] 거리(0.004267m)
[2026-08-11 16:52:17.179097] [INFO] [health_monitor] [등록][100015, 200001] : 배터리 남은 양 - 주의
[2026-08-11 16:52:24.147049] [INFO] [task::fsm] charging
[2026-08-11 16:52:24.147058] [INFO] [power_system] 충전 프로세스 시작
[2026-08-11 16:52:24.147073] [INFO] [health_monitor] [등록][100015, 100001] : 자동 충전 시작.
[2026-08-11 16:52:29.156908] [INFO] [health_monitor] [삭제][100015, 100001] : 자동 충전 시작.
[2026-08-11 16:52:40.394828] [INFO] [health_monitor] [삭제][100015, 200001] : 배터리 남은 양 - 주의
[2026-08-11 16:53:04.388524] [INFO] [power_system] 충전 완료
[2026-08-11 16:53:04.388538] [INFO] [health_monitor] [등록][100015, 100002] : 배터리 가득.
[2026-08-11 16:53:04.388541] [INFO] [health_monitor] [등록][100015, 100003] : 자동 충전 해제 시작.
[2026-08-11 16:53:09.398722] [INFO] [health_monitor] [삭제][100015, 100002] : 배터리 가득.
[2026-08-11 16:53:09.398738] [INFO] [health_monitor] [삭제][100015, 100003] : 자동 충전 해제 시작.
[2026-08-11 16:53:09.418668] [INFO] [power_system] 충전 해제 완료
[2026-08-11 16:53:09.418678] [INFO] [health_monitor] [등록][100015, 100004] : 자동 충전 해제 완료.
[2026-08-11 16:53:09.438584] [INFO] [task::fsm] discharging
[2026-08-11 16:53:09.438592] [INFO] [power_system] 충전 해제 프로세스 시작
[2026-08-11 16:53:09.438601] [INFO] [health_monitor] [등록][100015, 100003] : 자동 충전 해제 시작.
[2026-08-11 16:53:09.458588] [INFO] [task::fsm] idle
[2026-08-11 16:53:09.458593] [INFO] [course_manager] 코스 삭제
[2026-08-11 16:53:09.458595] [INFO] [path_server] 경로 삭제
[2026-08-11 16:53:09.478560] [INFO] [task::fsm] idle
[2026-08-11 16:53:09.478565] [INFO] [course_manager] 코스 삭제
[2026-08-11 16:53:09.478566] [INFO] [path_server] 경로 삭제
[2026-08-11 16:53:14.429305] [INFO] [health_monitor] [삭제][100015, 100004] : 자동 충전 해제 완료.
[2026-08-11 16:53:14.449352] [INFO] [health_monitor] [삭제][100015, 100003] : 자동 충전 해제 시작.
[2026-08-11 16:54:02.615883] [INFO] [path_server] 새로운 경로 설정 : path[104 ➜ 1003] time[0s] dist[16.5m] list[12] : 104-1181-1182-1183-1184-1045-1046-1047-1048-1001-1002-1003
[2026-08-11 16:54:02.615897] [INFO] [course_tracker] 방향 정렬 완료 
[2026-08-11 16:54:09.781758] [INFO] [path_server] 노드 업데이트 : [1181] ➜ [1182]
[2026-08-11 16:54:09.861606] [INFO] [path_server] 새로운 경로 설정 : path[1181 ➜ 1003] time[0s] dist[15m] list[11] : 1181-1182-1183-1184-1045-1046-1047-1048-1001-1002-1003
[2026-08-11 16:54:13.394895] [INFO] [path_server] 노드 업데이트 : [1182] ➜ [1183]
[2026-08-11 16:54:13.454764] [INFO] [path_server] 새로운 경로 설정 : path[1182 ➜ 1003] time[0s] dist[13.5m] list[10] : 1182-1183-1184-1045-1046-1047-1048-1001-1002-1003
[2026-08-11 16:54:14.532544] [INFO] [path_server] 노드 업데이트 : [1183] ➜ [1184]
[2026-08-11 16:54:14.612409] [INFO] [path_server] 새로운 경로 설정 : path[1183 ➜ 1003] time[0s] dist[12m] list[9] : 1183-1184-1045-1046-1047-1048-1001-1002-1003
[2026-08-11 16:54:15.350974] [INFO] [path_server] 노드 업데이트 : [1184] ➜ [1045]
[2026-08-11 16:54:15.450819] [INFO] [path_server] 새로운 경로 설정 : path[1184 ➜ 1003] time[0s] dist[10.5m] list[8] : 1184-1045-1046-1047-1048-1001-1002-1003
[2026-08-11 16:54:16.688740] [INFO] [path_server] 노드 업데이트 : [1045] ➜ [1046]
[2026-08-11 16:54:16.768661] [INFO] [path_server] 새로운 경로 설정 : path[1045 ➜ 1003] time[0s] dist[9m] list[7] : 1045-1046-1047-1048-1001-1002-1003
[2026-08-11 16:54:20.022356] [INFO] [path_server] 노드 업데이트 : [1046] ➜ [1047]
[2026-08-11 16:54:20.082271] [INFO] [path_server] 새로운 경로 설정 : path[1046 ➜ 1003] time[0s] dist[7.5m] list[6] : 1046-1047-1048-1001-1002-1003
[2026-08-11 16:54:21.160137] [INFO] [path_server] 노드 업데이트 : [1047] ➜ [1048]
[2026-08-11 16:54:21.220058] [INFO] [path_server] 새로운 경로 설정 : path[1047 ➜ 1003] time[0s] dist[6m] list[5] : 1047-1048-1001-1002-1003
[2026-08-11 16:54:21.978517] [INFO] [path_server] 노드 업데이트 : [1048] ➜ [1001]
[2026-08-11 16:54:22.058399] [INFO] [path_server] 새로운 경로 설정 : path[1048 ➜ 1003] time[0s] dist[4.5m] list[4] : 1048-1001-1002-1003
[2026-08-11 16:54:22.737005] [INFO] [path_server] 노드 업데이트 : [1001] ➜ [1002]
[2026-08-11 16:54:22.816879] [INFO] [path_server] 새로운 경로 설정 : path[1001 ➜ 1003] time[0s] dist[3m] list[3] : 1001-1002-1003
[2026-08-11 16:54:23.495487] [INFO] [path_server] 노드 업데이트 : [1002] ➜ [1003]
[2026-08-11 16:54:23.555396] [INFO] [path_server] 새로운 경로 설정 : path[1002 ➜ 1003] time[0s] dist[1.5m] list[2] : 1002-1003
[2026-08-11 16:54:25.710998] [INFO] [path_server] 노드 업데이트 : [1003] ➜ [-1]
[2026-08-11 16:54:28.605383] [INFO] [course_tracker] 목적지에서 각도 정렬 : [16.000m 10.000m 0.000°]
[2026-08-11 16:54:28.645340] [INFO] [path_server] 노드 업데이트 : [1003] ➜ [-1]
[2026-08-11 16:54:28.665243] [INFO] [task::fsm] push_done
[2026-08-11 16:54:28.725252] [INFO] [task::fsm] idle
[2026-08-11 16:54:28.725265] [INFO] [course_manager] 코스 삭제
[2026-08-11 16:54:28.725285] [INFO] [path_server] 경로 삭제
[2026-08-11 16:54:33.815645] [INFO] [path_server] 새로운 경로 설정 : path[1003 ➜ 109] time[0s] dist[16.5m] list[12] : 1003-1004-1005-1006-1021-1022-1007-1167-1168-1169-1170-109
[2026-08-11 16:54:36.151427] [INFO] [path_server] 노드 업데이트 : [1004] ➜ [1005]
[2026-08-11 16:54:36.231308] [INFO] [path_server] 새로운 경로 설정 : path[1004 ➜ 109] time[0s] dist[15m] list[11] : 1004-1005-1006-1021-1022-1007-1167-1168-1169-1170-109
[2026-08-11 16:54:37.209360] [INFO] [path_server] 노드 업데이트 : [1005] ➜ [1006]
[2026-08-11 16:54:37.289276] [INFO] [path_server] 새로운 경로 설정 : path[1005 ➜ 109] time[0s] dist[13.5m] list[10] : 1005-1006-1021-1022-1007-1167-1168-1169-1170-109
[2026-08-11 16:54:38.007983] [INFO] [path_server] 노드 업데이트 : [1006] ➜ [1021]
[2026-08-11 16:54:38.087871] [INFO] [path_server] 새로운 경로 설정 : path[1006 ➜ 109] time[0s] dist[12m] list[9] : 1006-1021-1022-1007-1167-1168-1169-1170-109
[2026-08-11 16:54:38.766453] [INFO] [path_server] 노드 업데이트 : [1021] ➜ [1022]
[2026-08-11 16:54:38.846379] [INFO] [path_server] 새로운 경로 설정 : path[1021 ➜ 109] time[0s] dist[10.5m] list[8] : 1021-1022-1007-1167-1168-1169-1170-109
[2026-08-11 16:54:40.063918] [INFO] [path_server] 노드 업데이트 : [1022] ➜ [1007]
[2026-08-11 16:54:40.123809] [INFO] [path_server] 새로운 경로 설정 : path[1022 ➜ 109] time[0s] dist[9m] list[7] : 1022-1007-1167-1168-1169-1170-109
[2026-08-11 16:54:43.417396] [INFO] [path_server] 노드 업데이트 : [1007] ➜ [1167]
[2026-08-11 16:54:43.497309] [INFO] [path_server] 새로운 경로 설정 : path[1007 ➜ 109] time[0s] dist[7.5m] list[6] : 1007-1167-1168-1169-1170-109
[2026-08-11 16:54:44.555314] [INFO] [path_server] 노드 업데이트 : [1167] ➜ [1168]
[2026-08-11 16:54:44.635243] [INFO] [path_server] 새로운 경로 설정 : path[1167 ➜ 109] time[0s] dist[6m] list[5] : 1167-1168-1169-1170-109
[2026-08-11 16:54:45.373750] [INFO] [path_server] 노드 업데이트 : [1168] ➜ [1169]
[2026-08-11 16:54:45.433683] [INFO] [path_server] 새로운 경로 설정 : path[1168 ➜ 109] time[0s] dist[4.5m] list[4] : 1168-1169-1170-109
[2026-08-11 16:54:46.132299] [INFO] [path_server] 노드 업데이트 : [1169] ➜ [1170]
[2026-08-11 16:54:46.212158] [INFO] [path_server] 새로운 경로 설정 : path[1169 ➜ 109] time[0s] dist[3m] list[3] : 1169-1170-109
[2026-08-11 16:54:47.529616] [INFO] [path_server] 노드 업데이트 : [1170] ➜ [109]
[2026-08-11 16:54:47.589513] [INFO] [path_server] 새로운 경로 설정 : path[1170 ➜ 109] time[0s] dist[1.5m] list[2] : 1170-109
[2026-08-11 16:54:53.059301] [INFO] [path_server] 노드 업데이트 : [109] ➜ [-1]
[2026-08-11 16:54:55.953637] [INFO] [course_tracker] 목적지에서 각도 정렬 : [22.000m 17.500m 0.000°]
[2026-08-11 16:54:55.993552] [INFO] [path_server] 노드 업데이트 : [109] ➜ [-1]
[2026-08-11 16:54:56.013511] [INFO] [task::fsm] push_done
[2026-08-11 16:54:56.073405] [INFO] [task::fsm] charging
[2026-08-11 16:54:56.073414] [INFO] [power_system] 충전 프로세스 시작
[2026-08-11 16:54:56.073430] [INFO] [health_monitor] [등록][100015, 100001] : 자동 충전 시작.
[2026-08-11 16:55:01.083341] [INFO] [health_monitor] [삭제][100015, 100001] : 자동 충전 시작.
[2026-08-11 16:55:20.943389] [INFO] [power_system] 충전 완료
[2026-08-11 16:55:20.943405] [INFO] [health_monitor] [등록][100015, 100002] : 배터리 가득.
[2026-08-11 16:55:20.943409] [INFO] [health_monitor] [등록][100015, 100003] : 자동 충전 해제 시작.
[2026-08-11 16:55:25.953437] [INFO] [health_monitor] [삭제][100015, 100002] : 배터리 가득.
[2026-08-11 16:55:25.953442] [INFO] [health_monitor] [삭제][100015, 100003] : 자동 충전 해제 시작.
[2026-08-11 16:55:25.973395] [INFO] [power_system] 충전 해제 완료
[2026-08-11 16:55:25.973403] [INFO] [health_monitor] [등록][100015, 100004] : 자동 충전 해제 완료.
[2026-08-11 16:55:25.993311] [INFO] [task::fsm] discharging
[2026-08-11 16:55:25.993320] [INFO] [power_system] 충전 해제 프로세스 시작
[2026-08-11 16:55:25.993332] [INFO] [health_monitor] [등록][100015, 100003] : 자동 충전 해제 시작.
[2026-08-11 16:55:26.013317] [INFO] [task::fsm] idle
[2026-08-11 16:55:26.013322] [INFO] [course_manager] 코스 삭제
[2026-08-11 16:55:26.013325] [INFO] [path_server] 경로 삭제
[2026-08-11 16:55:26.033244] [INFO] [task::fsm] idle
[2026-08-11 16:55:26.033247] [INFO] [course_manager] 코스 삭제
[2026-08-11 16:55:26.033248] [INFO] [path_server] 경로 삭제
[2026-08-11 16:55:30.983931] [INFO] [health_monitor] [삭제][100015, 100004] : 자동 충전 해제 완료.
[2026-08-11 16:55:31.003848] [INFO] [health_monitor] [삭제][100015, 100003] : 자동 충전 해제 시작.
[2026-08-11 16:56:21.049312] [INFO] [task::fsm] charging
[2026-08-11 16:56:21.049321] [INFO] [power_system] 충전 프로세스 시작
[2026-08-11 16:56:21.049338] [INFO] [health_monitor] [등록][100015, 100001] : 자동 충전 시작.
[2026-08-11 16:56:26.059387] [INFO] [health_monitor] [삭제][100015, 100001] : 자동 충전 시작.
[2026-08-11 16:56:34.761945] [INFO] [power_system] 충전 완료
[2026-08-11 16:56:34.761962] [INFO] [health_monitor] [등록][100015, 100002] : 배터리 가득.
[2026-08-11 16:56:34.761965] [INFO] [health_monitor] [등록][100015, 100003] : 자동 충전 해제 시작.
[2026-08-11 16:56:39.771814] [INFO] [health_monitor] [삭제][100015, 100002] : 배터리 가득.
[2026-08-11 16:56:39.771821] [INFO] [health_monitor] [삭제][100015, 100003] : 자동 충전 해제 시작.
[2026-08-11 16:56:39.791811] [INFO] [power_system] 충전 해제 완료
[2026-08-11 16:56:39.791826] [INFO] [health_monitor] [등록][100015, 100004] : 자동 충전 해제 완료.
[2026-08-11 16:56:39.811770] [INFO] [task::fsm] discharging
[2026-08-11 16:56:39.811777] [INFO] [power_system] 충전 해제 프로세스 시작
[2026-08-11 16:56:39.811785] [INFO] [health_monitor] [등록][100015, 100003] : 자동 충전 해제 시작.
[2026-08-11 16:56:39.831673] [INFO] [task::fsm] idle
[2026-08-11 16:56:39.831681] [INFO] [path_server] 경로 삭제
[2026-08-11 16:56:39.831679] [INFO] [course_manager] 코스 삭제
[2026-08-11 16:56:39.871634] [INFO] [task::fsm] idle
[2026-08-11 16:56:39.871640] [INFO] [course_manager] 코스 삭제
[2026-08-11 16:56:39.871642] [INFO] [path_server] 경로 삭제
[2026-08-11 16:56:44.801732] [INFO] [health_monitor] [삭제][100015, 100004] : 자동 충전 해제 완료.
[2026-08-11 16:56:44.821737] [INFO] [health_monitor] [삭제][100015, 100003] : 자동 충전 해제 시작.
[2026-08-11 16:57:34.902564] [INFO] [task::fsm] charging
[2026-08-11 16:57:34.902589] [INFO] [health_monitor] [등록][100015, 100001] : 자동 충전 시작.
[2026-08-11 16:57:34.902573] [INFO] [power_system] 충전 프로세스 시작
[2026-08-11 16:57:39.911947] [INFO] [health_monitor] [삭제][100015, 100001] : 자동 충전 시작.
[2026-08-11 16:57:48.634437] [INFO] [power_system] 충전 완료
[2026-08-11 16:57:48.634459] [INFO] [health_monitor] [등록][100015, 100003] : 자동 충전 해제 시작.
[2026-08-11 16:57:48.634455] [INFO] [health_monitor] [등록][100015, 100002] : 배터리 가득.
[2026-08-11 16:57:53.644606] [INFO] [health_monitor] [삭제][100015, 100002] : 배터리 가득.
[2026-08-11 16:57:53.644638] [INFO] [health_monitor] [삭제][100015, 100003] : 자동 충전 해제 시작.
[2026-08-11 16:57:53.664516] [INFO] [power_system] 충전 해제 완료
[2026-08-11 16:57:53.664528] [INFO] [health_monitor] [등록][100015, 100004] : 자동 충전 해제 완료.
[2026-08-11 16:57:53.684524] [INFO] [task::fsm] discharging
[2026-08-11 16:57:53.684533] [INFO] [power_system] 충전 해제 프로세스 시작
[2026-08-11 16:57:53.684542] [INFO] [health_monitor] [등록][100015, 100003] : 자동 충전 해제 시작.
[2026-08-11 16:57:53.704486] [INFO] [task::fsm] idle
[2026-08-11 16:57:53.704492] [INFO] [course_manager] 코스 삭제
[2026-08-11 16:57:53.704494] [INFO] [path_server] 경로 삭제
[2026-08-11 16:57:53.744390] [INFO] [task::fsm] idle
[2026-08-11 16:57:53.744394] [INFO] [course_manager] 코스 삭제
[2026-08-11 16:57:53.744396] [INFO] [path_server] 경로 삭제
[2026-08-11 16:57:58.674486] [INFO] [health_monitor] [삭제][100015, 100004] : 자동 충전 해제 완료.
[2026-08-11 16:57:58.694499] [INFO] [health_monitor] [삭제][100015, 100003] : 자동 충전 해제 시작.
[2026-08-11 16:58:48.758022] [INFO] [task::fsm] charging
[2026-08-11 16:58:48.758029] [INFO] [power_system] 충전 프로세스 시작
[2026-08-11 16:58:48.758040] [INFO] [health_monitor] [등록][100015, 100001] : 자동 충전 시작.
[2026-08-11 16:58:53.768122] [INFO] [health_monitor] [삭제][100015, 100001] : 자동 충전 시작.
[2026-08-11 16:59:02.491368] [INFO] [power_system] 충전 완료
[2026-08-11 16:59:02.491388] [INFO] [health_monitor] [등록][100015, 100003] : 자동 충전 해제 시작.
[2026-08-11 16:59:02.491385] [INFO] [health_monitor] [등록][100015, 100002] : 배터리 가득.
[2026-08-11 16:59:07.501752] [INFO] [health_monitor] [삭제][100015, 100002] : 배터리 가득.
[2026-08-11 16:59:07.501759] [INFO] [health_monitor] [삭제][100015, 100003] : 자동 충전 해제 시작.
[2026-08-11 16:59:07.521757] [INFO] [power_system] 충전 해제 완료
[2026-08-11 16:59:07.521773] [INFO] [health_monitor] [등록][100015, 100004] : 자동 충전 해제 완료.
[2026-08-11 16:59:07.541693] [INFO] [task::fsm] discharging
[2026-08-11 16:59:07.541702] [INFO] [power_system] 충전 해제 프로세스 시작
[2026-08-11 16:59:07.541713] [INFO] [health_monitor] [등록][100015, 100003] : 자동 충전 해제 시작.
[2026-08-11 16:59:07.561608] [INFO] [task::fsm] idle
[2026-08-11 16:59:07.561614] [INFO] [course_manager] 코스 삭제
[2026-08-11 16:59:07.561616] [INFO] [path_server] 경로 삭제
[2026-08-11 16:59:07.601596] [INFO] [task::fsm] idle
[2026-08-11 16:59:07.601605] [INFO] [path_server] 경로 삭제
[2026-08-11 16:59:07.601603] [INFO] [course_manager] 코스 삭제
[2026-08-11 16:59:12.531603] [INFO] [health_monitor] [삭제][100015, 100004] : 자동 충전 해제 완료.
[2026-08-11 16:59:12.551583] [INFO] [health_monitor] [삭제][100015, 100003] : 자동 충전 해제 시작.
[2026-08-11 17:00:02.632447] [INFO] [task::fsm] charging
[2026-08-11 17:00:02.632459] [INFO] [power_system] 충전 프로세스 시작
[2026-08-11 17:00:02.632475] [INFO] [health_monitor] [등록][100015, 100001] : 자동 충전 시작.
[2026-08-11 17:00:07.642707] [INFO] [health_monitor] [삭제][100015, 100001] : 자동 충전 시작.
[2026-08-11 17:00:16.365844] [INFO] [power_system] 충전 완료
[2026-08-11 17:00:16.365864] [INFO] [health_monitor] [등록][100015, 100002] : 배터리 가득.
[2026-08-11 17:00:16.365869] [INFO] [health_monitor] [등록][100015, 100003] : 자동 충전 해제 시작.
[2026-08-11 17:00:21.376282] [INFO] [health_monitor] [삭제][100015, 100002] : 배터리 가득.
[2026-08-11 17:00:21.376289] [INFO] [health_monitor] [삭제][100015, 100003] : 자동 충전 해제 시작.
[2026-08-11 17:00:21.396185] [INFO] [power_system] 충전 해제 완료
[2026-08-11 17:00:21.396197] [INFO] [health_monitor] [등록][100015, 100004] : 자동 충전 해제 완료.
[2026-08-11 17:00:21.416182] [INFO] [task::fsm] discharging
[2026-08-11 17:00:21.416191] [INFO] [power_system] 충전 해제 프로세스 시작
[2026-08-11 17:00:21.416201] [INFO] [health_monitor] [등록][100015, 100003] : 자동 충전 해제 시작.
[2026-08-11 17:00:21.436150] [INFO] [task::fsm] idle
[2026-08-11 17:00:21.436155] [INFO] [course_manager] 코스 삭제
[2026-08-11 17:00:21.436164] [INFO] [path_server] 경로 삭제
[2026-08-11 17:00:21.476069] [INFO] [course_manager] 코스 삭제
[2026-08-11 17:00:21.476071] [INFO] [path_server] 경로 삭제
[2026-08-11 17:00:21.476062] [INFO] [task::fsm] idle
[2026-08-11 17:00:26.406097] [INFO] [health_monitor] [삭제][100015, 100004] : 자동 충전 해제 완료.
[2026-08-11 17:00:26.426020] [INFO] [health_monitor] [삭제][100015, 100003] : 자동 충전 해제 시작.
[2026-08-11 17:01:16.488471] [INFO] [task::fsm] charging
[2026-08-11 17:01:16.488488] [INFO] [power_system] 충전 프로세스 시작
[2026-08-11 17:01:16.488512] [INFO] [health_monitor] [등록][100015, 100001] : 자동 충전 시작.
[2026-08-11 17:01:21.498745] [INFO] [health_monitor] [삭제][100015, 100001] : 자동 충전 시작.
[2026-08-11 17:01:30.221617] [INFO] [power_system] 충전 완료
[2026-08-11 17:01:30.221637] [INFO] [health_monitor] [등록][100015, 100002] : 배터리 가득.
[2026-08-11 17:01:30.221640] [INFO] [health_monitor] [등록][100015, 100003] : 자동 충전 해제 시작.
[2026-08-11 17:01:35.232011] [INFO] [health_monitor] [삭제][100015, 100002] : 배터리 가득.
[2026-08-11 17:01:35.232019] [INFO] [health_monitor] [삭제][100015, 100003] : 자동 충전 해제 시작.
[2026-08-11 17:01:35.252004] [INFO] [power_system] 충전 해제 완료
[2026-08-11 17:01:35.252016] [INFO] [health_monitor] [등록][100015, 100004] : 자동 충전 해제 완료.
[2026-08-11 17:01:35.271980] [INFO] [task::fsm] discharging
[2026-08-11 17:01:35.271990] [INFO] [power_system] 충전 해제 프로세스 시작
[2026-08-11 17:01:35.271999] [INFO] [health_monitor] [등록][100015, 100003] : 자동 충전 해제 시작.
[2026-08-11 17:01:35.291869] [INFO] [task::fsm] idle
[2026-08-11 17:01:35.291875] [INFO] [path_server] 경로 삭제
[2026-08-11 17:01:35.291874] [INFO] [course_manager] 코스 삭제
[2026-08-11 17:01:35.331796] [INFO] [task::fsm] idle
[2026-08-11 17:01:35.331803] [INFO] [path_server] 경로 삭제
[2026-08-11 17:01:35.331801] [INFO] [course_manager] 코스 삭제
[2026-08-11 17:01:40.261995] [INFO] [health_monitor] [삭제][100015, 100004] : 자동 충전 해제 완료.
[2026-08-11 17:01:40.282062] [INFO] [health_monitor] [삭제][100015, 100003] : 자동 충전 해제 시작.
[2026-08-11 17:02:30.342917] [INFO] [task::fsm] charging
[2026-08-11 17:02:30.342925] [INFO] [power_system] 충전 프로세스 시작
[2026-08-11 17:02:30.342941] [INFO] [health_monitor] [등록][100015, 100001] : 자동 충전 시작.
[2026-08-11 17:02:35.352976] [INFO] [health_monitor] [삭제][100015, 100001] : 자동 충전 시작.
[2026-08-11 17:02:44.074881] [INFO] [power_system] 충전 완료
[2026-08-11 17:02:44.074898] [INFO] [health_monitor] [등록][100015, 100002] : 배터리 가득.
[2026-08-11 17:02:44.074901] [INFO] [health_monitor] [등록][100015, 100003] : 자동 충전 해제 시작.
[2026-08-11 17:02:49.084693] [INFO] [health_monitor] [삭제][100015, 100002] : 배터리 가득.
[2026-08-11 17:02:49.084702] [INFO] [health_monitor] [삭제][100015, 100003] : 자동 충전 해제 시작.
[2026-08-11 17:02:49.104637] [INFO] [power_system] 충전 해제 완료
[2026-08-11 17:02:49.104648] [INFO] [health_monitor] [등록][100015, 100004] : 자동 충전 해제 완료.
[2026-08-11 17:02:49.124540] [INFO] [task::fsm] discharging
[2026-08-11 17:02:49.124546] [INFO] [power_system] 충전 해제 프로세스 시작
[2026-08-11 17:02:49.124553] [INFO] [health_monitor] [등록][100015, 100003] : 자동 충전 해제 시작.
[2026-08-11 17:02:49.144550] [INFO] [task::fsm] idle
[2026-08-11 17:02:49.144555] [INFO] [course_manager] 코스 삭제
[2026-08-11 17:02:49.144557] [INFO] [path_server] 경로 삭제
[2026-08-11 17:02:49.164496] [INFO] [task::fsm] idle
[2026-08-11 17:02:49.164501] [INFO] [path_server] 경로 삭제
[2026-08-11 17:02:49.164499] [INFO] [course_manager] 코스 삭제
[2026-08-11 17:02:54.114419] [INFO] [health_monitor] [삭제][100015, 100004] : 자동 충전 해제 완료.
[2026-08-11 17:02:54.134390] [INFO] [health_monitor] [삭제][100015, 100003] : 자동 충전 해제 시작.
[2026-08-11 17:03:34.360153] [INFO] [framework] 프로그램 시작
[2026-08-11 17:03:34.360158] [WARNING] [framework] 프로그램 시작
[2026-08-11 17:03:34.360163] [INFO] [framework] 설정 파일 위치 : ../configs/robot_5
[2026-08-11 17:03:34.360163] [CRITICAL] [framework] 프로그램 시작
[2026-08-11 17:03:34.360311] [INFO] [framework] ID[0, 5], 이름[한다섯], 제어주기[20ms], 버젼[], 장소[우리집], 환경모드[simulation]
[2026-08-11 17:03:34.360341] [INFO] [mediator] 생성
[2026-08-11 17:03:34.360366] [INFO] [graph_manager] 생성
[2026-08-11 17:03:34.403494] [INFO] [stop_server] 생성
[2026-08-11 17:03:34.403526] [INFO] [health_monitor] 생성
[2026-08-11 17:03:34.403547] [INFO] [path_server] 생성
[2026-08-11 17:03:34.403600] [INFO] [course_manager] 생성
[2026-08-11 17:03:34.403622] [INFO] [task::fsm] 생성
[2026-08-11 17:03:34.403624] [INFO] [task::fsm] idle
[2026-08-11 17:03:34.403626] [INFO] [course_manager] 코스 삭제
[2026-08-11 17:03:34.403626] [INFO] [path_server] 경로 삭제
[2026-08-11 17:03:34.403645] [INFO] [task_manager] 생성
[2026-08-11 17:03:34.403799] [INFO] [mediator] connectors 생성
[2026-08-11 17:03:34.403824] [INFO] [fms] 생성
[2026-08-11 17:03:34.403826] [INFO] [fms] 통신 드라이버 생성
[2026-08-11 17:03:34.404214] [INFO] [motions] 생성
[2026-08-11 17:03:34.404242] [INFO] [localizers] 생성
[2026-08-11 17:03:34.404372] [INFO] [localizers] 파라미터 : 

[2026-08-11 17:03:34.404396] [INFO] [safety_plc] 생성
[2026-08-11 17:03:34.404418] [INFO] [load_handler] 생성
[2026-08-11 17:03:34.404438] [INFO] [power_system] 생성
[2026-08-11 17:03:34.404587] [INFO] [power_system] 설정 정보 : remaining[40%, 10%, 5%]
[2026-08-11 17:03:34.405097] [INFO] [power_system] 알람 목록 : 
 • [100015, 100001] [INFO] 자동 충전 시작.
 • [100015, 100002] [INFO] 배터리 가득.
 • [100015, 400001] [CRIT] 배터리 남은 양 - 위험
 • [100015, 300001] [ERROR] 배터리 남은 양 - 에러
 • [100015, 200001] [WARN] 배터리 남은 양 - 주의
 • [100015, 100004] [INFO] 자동 충전 해제 완료.
 • [100015, 100003] [INFO] 자동 충전 해제 시작.
[2026-08-11 17:03:34.405103] [INFO] [mediator] connector 의존성 주입
[2026-08-11 17:03:34.405106] [INFO] [mediator] any map 등록
[2026-08-11 17:03:34.405112] [INFO] [mediator] any collector 등록
[2026-08-11 17:03:34.405116] [INFO] [mediator] any collector 목록 검사
[2026-08-11 17:03:34.405159] [INFO] [framework] after init 실행
[2026-08-11 17:03:34.405514] [INFO] [course_tracker] 생성
[2026-08-11 17:03:34.405535] [INFO] [course_tracker] 파라미터 : 
◈ node_bound[0.020m, 0.150m, 0.005m]
 • approach[0.150m, 0.050m/s, -0.005m, -0.200m, 0.100m]
 • align[(10.000°, 5.000°/s), 50.000°, 30.000°/s), 0.800°, -0.100°]
◈ motion param : 
 • reference_angle[0.000°, 45.000°]
 • threshold_angle[15.000°, 20.000°, 170.000°]
 • threshold_error[0.300°, 5.000°]
 • normal[0.150m/s, 8.000, 0.800m/s, 0.500]
 • angle[0.150m/s, 1.500, 0.800m/s, 2.100]
 • protection_overshoot[0.100m/s, 0.900, 0.500m/s, 0.900]
 • speed_rotation[15.000°/s]
[2026-08-11 17:03:34.405538] [INFO] [framework] 제어 쓰레드 시작
[2026-08-11 17:03:34.405593] [INFO] [path_server] 노드 초기화 성공 : 로봇 좌표[22.004m 17.498m -179.835°] 최단 거리 노드[109] 거리(0.003972m)
[2026-08-11 17:03:34.405650] [INFO] [health_monitor] [등록][100015, 200001] : 배터리 남은 양 - 주의
[2026-08-11 17:03:35.663422] [INFO] [task::fsm] charging
[2026-08-11 17:03:35.663443] [INFO] [health_monitor] [등록][100015, 100001] : 자동 충전 시작.
[2026-08-11 17:03:35.663430] [INFO] [power_system] 충전 프로세스 시작
[2026-08-11 17:03:40.673583] [INFO] [health_monitor] [삭제][100015, 100001] : 자동 충전 시작.
[2026-08-11 17:03:51.532384] [INFO] [health_monitor] [삭제][100015, 200001] : 배터리 남은 양 - 주의
[2026-08-11 17:04:15.546440] [INFO] [power_system] 충전 완료
[2026-08-11 17:04:15.546458] [INFO] [health_monitor] [등록][100015, 100003] : 자동 충전 해제 시작.
[2026-08-11 17:04:15.546456] [INFO] [health_monitor] [등록][100015, 100002] : 배터리 가득.
[2026-08-11 17:04:20.557379] [INFO] [health_monitor] [삭제][100015, 100002] : 배터리 가득.
[2026-08-11 17:04:20.557386] [INFO] [health_monitor] [삭제][100015, 100003] : 자동 충전 해제 시작.
[2026-08-11 17:04:20.577335] [INFO] [power_system] 충전 해제 완료
[2026-08-11 17:04:20.577346] [INFO] [health_monitor] [등록][100015, 100004] : 자동 충전 해제 완료.
[2026-08-11 17:04:20.597254] [INFO] [task::fsm] discharging
[2026-08-11 17:04:20.597263] [INFO] [power_system] 충전 해제 프로세스 시작
[2026-08-11 17:04:20.597274] [INFO] [health_monitor] [등록][100015, 100003] : 자동 충전 해제 시작.
[2026-08-11 17:04:20.617264] [INFO] [task::fsm] idle
[2026-08-11 17:04:20.617271] [INFO] [path_server] 경로 삭제
[2026-08-11 17:04:20.617269] [INFO] [course_manager] 코스 삭제
[2026-08-11 17:04:20.637239] [INFO] [task::fsm] idle
[2026-08-11 17:04:20.637247] [INFO] [path_server] 경로 삭제
[2026-08-11 17:04:20.637245] [INFO] [course_manager] 코스 삭제
[2026-08-11 17:04:25.587223] [INFO] [health_monitor] [삭제][100015, 100004] : 자동 충전 해제 완료.
[2026-08-11 17:04:25.607179] [INFO] [health_monitor] [삭제][100015, 100003] : 자동 충전 해제 시작.
[2026-08-11 17:05:15.648786] [INFO] [task::fsm] charging
[2026-08-11 17:05:15.648792] [INFO] [power_system] 충전 프로세스 시작
[2026-08-11 17:05:15.648807] [INFO] [health_monitor] [등록][100015, 100001] : 자동 충전 시작.
[2026-08-11 17:05:20.659568] [INFO] [health_monitor] [삭제][100015, 100001] : 자동 충전 시작.
[2026-08-11 17:05:29.364410] [INFO] [power_system] 충전 완료
[2026-08-11 17:05:29.364427] [INFO] [health_monitor] [등록][100015, 100003] : 자동 충전 해제 시작.
[2026-08-11 17:05:29.364425] [INFO] [health_monitor] [등록][100015, 100002] : 배터리 가득.
[2026-08-11 17:05:34.374450] [INFO] [health_monitor] [삭제][100015, 100002] : 배터리 가득.
[2026-08-11 17:05:34.374455] [INFO] [health_monitor] [삭제][100015, 100003] : 자동 충전 해제 시작.
[2026-08-11 17:05:34.394354] [INFO] [power_system] 충전 해제 완료
[2026-08-11 17:05:34.394368] [INFO] [health_monitor] [등록][100015, 100004] : 자동 충전 해제 완료.
[2026-08-11 17:05:34.414342] [INFO] [task::fsm] discharging
[2026-08-11 17:05:34.414348] [INFO] [power_system] 충전 해제 프로세스 시작
[2026-08-11 17:05:34.414357] [INFO] [health_monitor] [등록][100015, 100003] : 자동 충전 해제 시작.
[2026-08-11 17:05:34.434313] [INFO] [task::fsm] idle
[2026-08-11 17:05:34.434320] [INFO] [path_server] 경로 삭제
[2026-08-11 17:05:34.434319] [INFO] [course_manager] 코스 삭제
[2026-08-11 17:05:34.474237] [INFO] [task::fsm] idle
[2026-08-11 17:05:34.474244] [INFO] [path_server] 경로 삭제
[2026-08-11 17:05:34.474242] [INFO] [course_manager] 코스 삭제
[2026-08-11 17:05:39.404869] [INFO] [health_monitor] [삭제][100015, 100004] : 자동 충전 해제 완료.
[2026-08-11 17:05:39.424878] [INFO] [health_monitor] [삭제][100015, 100003] : 자동 충전 해제 시작.
[2026-08-11 17:06:29.466212] [INFO] [task::fsm] charging
[2026-08-11 17:06:29.466218] [INFO] [power_system] 충전 프로세스 시작
[2026-08-11 17:06:29.466230] [INFO] [health_monitor] [등록][100015, 100001] : 자동 충전 시작.
[2026-08-11 17:06:34.475918] [INFO] [health_monitor] [삭제][100015, 100001] : 자동 충전 시작.
[2026-08-11 17:06:43.178569] [INFO] [power_system] 충전 완료
[2026-08-11 17:06:43.178589] [INFO] [health_monitor] [등록][100015, 100002] : 배터리 가득.
[2026-08-11 17:06:43.178593] [INFO] [health_monitor] [등록][100015, 100003] : 자동 충전 해제 시작.
[2026-08-11 17:06:48.188263] [INFO] [health_monitor] [삭제][100015, 100002] : 배터리 가득.
[2026-08-11 17:06:48.188269] [INFO] [health_monitor] [삭제][100015, 100003] : 자동 충전 해제 시작.
[2026-08-11 17:06:48.208216] [INFO] [power_system] 충전 해제 완료
[2026-08-11 17:06:48.208228] [INFO] [health_monitor] [등록][100015, 100004] : 자동 충전 해제 완료.
[2026-08-11 17:06:48.228141] [INFO] [task::fsm] discharging
[2026-08-11 17:06:48.228150] [INFO] [power_system] 충전 해제 프로세스 시작
[2026-08-11 17:06:48.228159] [INFO] [health_monitor] [등록][100015, 100003] : 자동 충전 해제 시작.
[2026-08-11 17:06:48.248161] [INFO] [task::fsm] idle
[2026-08-11 17:06:48.248171] [INFO] [path_server] 경로 삭제
[2026-08-11 17:06:48.248169] [INFO] [course_manager] 코스 삭제
[2026-08-11 17:06:48.268104] [INFO] [task::fsm] idle
[2026-08-11 17:06:48.268108] [INFO] [course_manager] 코스 삭제
[2026-08-11 17:06:48.268109] [INFO] [path_server] 경로 삭제
[2026-08-11 17:06:53.218661] [INFO] [health_monitor] [삭제][100015, 100004] : 자동 충전 해제 완료.
[2026-08-11 17:06:53.238575] [INFO] [health_monitor] [삭제][100015, 100003] : 자동 충전 해제 시작.
[2026-08-11 17:07:43.280339] [INFO] [power_system] 충전 프로세스 시작
[2026-08-11 17:07:43.280355] [INFO] [health_monitor] [등록][100015, 100001] : 자동 충전 시작.
[2026-08-11 17:07:43.280327] [INFO] [task::fsm] charging
[2026-08-11 17:07:48.290201] [INFO] [health_monitor] [삭제][100015, 100001] : 자동 충전 시작.
[2026-08-11 17:07:56.993427] [INFO] [power_system] 충전 완료
[2026-08-11 17:07:56.993444] [INFO] [health_monitor] [등록][100015, 100002] : 배터리 가득.
[2026-08-11 17:07:56.993447] [INFO] [health_monitor] [등록][100015, 100003] : 자동 충전 해제 시작.
[2026-08-11 17:08:02.004000] [INFO] [health_monitor] [삭제][100015, 100002] : 배터리 가득.
[2026-08-11 17:08:02.004008] [INFO] [health_monitor] [삭제][100015, 100003] : 자동 충전 해제 시작.
[2026-08-11 17:08:02.023990] [INFO] [power_system] 충전 해제 완료
[2026-08-11 17:08:02.024002] [INFO] [health_monitor] [등록][100015, 100004] : 자동 충전 해제 완료.
[2026-08-11 17:08:02.043946] [INFO] [task::fsm] discharging
[2026-08-11 17:08:02.043955] [INFO] [power_system] 충전 해제 프로세스 시작
[2026-08-11 17:08:02.043962] [INFO] [health_monitor] [등록][100015, 100003] : 자동 충전 해제 시작.
[2026-08-11 17:08:02.063867] [INFO] [task::fsm] idle
[2026-08-11 17:08:02.063874] [INFO] [course_manager] 코스 삭제
[2026-08-11 17:08:02.063876] [INFO] [path_server] 경로 삭제
[2026-08-11 17:08:02.103803] [INFO] [task::fsm] idle
[2026-08-11 17:08:02.103810] [INFO] [course_manager] 코스 삭제
[2026-08-11 17:08:02.103812] [INFO] [path_server] 경로 삭제
[2026-08-11 17:08:07.033958] [INFO] [health_monitor] [삭제][100015, 100004] : 자동 충전 해제 완료.
[2026-08-11 17:08:07.053948] [INFO] [health_monitor] [삭제][100015, 100003] : 자동 충전 해제 시작.
[2026-08-11 17:08:57.097620] [INFO] [task::fsm] charging
[2026-08-11 17:08:57.097626] [INFO] [power_system] 충전 프로세스 시작
[2026-08-11 17:08:57.097639] [INFO] [health_monitor] [등록][100015, 100001] : 자동 충전 시작.
[2026-08-11 17:09:02.107511] [INFO] [health_monitor] [삭제][100015, 100001] : 자동 충전 시작.
[2026-08-11 17:09:10.810996] [INFO] [power_system] 충전 완료
[2026-08-11 17:09:10.811008] [INFO] [health_monitor] [등록][100015, 100002] : 배터리 가득.
[2026-08-11 17:09:10.811011] [INFO] [health_monitor] [등록][100015, 100003] : 자동 충전 해제 시작.
[2026-08-11 17:09:15.821481] [INFO] [health_monitor] [삭제][100015, 100002] : 배터리 가득.
[2026-08-11 17:09:15.821488] [INFO] [health_monitor] [삭제][100015, 100003] : 자동 충전 해제 시작.
[2026-08-11 17:09:15.841404] [INFO] [power_system] 충전 해제 완료
[2026-08-11 17:09:15.841418] [INFO] [health_monitor] [등록][100015, 100004] : 자동 충전 해제 완료.
[2026-08-11 17:09:15.861311] [INFO] [task::fsm] discharging
[2026-08-11 17:09:15.861318] [INFO] [power_system] 충전 해제 프로세스 시작
[2026-08-11 17:09:15.861328] [INFO] [health_monitor] [등록][100015, 100003] : 자동 충전 해제 시작.
[2026-08-11 17:09:15.881345] [INFO] [task::fsm] idle
[2026-08-11 17:09:15.881352] [INFO] [course_manager] 코스 삭제
[2026-08-11 17:09:15.881354] [INFO] [path_server] 경로 삭제
[2026-08-11 17:09:15.901313] [INFO] [course_manager] 코스 삭제
[2026-08-11 17:09:15.901316] [INFO] [path_server] 경로 삭제
[2026-08-11 17:09:15.901305] [INFO] [task::fsm] idle
[2026-08-11 17:09:20.851597] [INFO] [health_monitor] [삭제][100015, 100004] : 자동 충전 해제 완료.
[2026-08-11 17:09:20.871523] [INFO] [health_monitor] [삭제][100015, 100003] : 자동 충전 해제 시작.
[2026-08-11 17:10:10.933020] [INFO] [task::fsm] charging
[2026-08-11 17:10:10.933030] [INFO] [power_system] 충전 프로세스 시작
[2026-08-11 17:10:10.933050] [INFO] [health_monitor] [등록][100015, 100001] : 자동 충전 시작.
[2026-08-11 17:10:15.942734] [INFO] [health_monitor] [삭제][100015, 100001] : 자동 충전 시작.
[2026-08-11 17:10:24.665568] [INFO] [power_system] 충전 완료
[2026-08-11 17:10:24.665588] [INFO] [health_monitor] [등록][100015, 100003] : 자동 충전 해제 시작.
[2026-08-11 17:10:24.665585] [INFO] [health_monitor] [등록][100015, 100002] : 배터리 가득.
[2026-08-11 17:10:29.675338] [INFO] [health_monitor] [삭제][100015, 100002] : 배터리 가득.
[2026-08-11 17:10:29.675344] [INFO] [health_monitor] [삭제][100015, 100003] : 자동 충전 해제 시작.
[2026-08-11 17:10:29.695242] [INFO] [power_system] 충전 해제 완료
[2026-08-11 17:10:29.695253] [INFO] [health_monitor] [등록][100015, 100004] : 자동 충전 해제 완료.
[2026-08-11 17:10:29.715248] [INFO] [task::fsm] discharging
[2026-08-11 17:10:29.715256] [INFO] [power_system] 충전 해제 프로세스 시작
[2026-08-11 17:10:29.715266] [INFO] [health_monitor] [등록][100015, 100003] : 자동 충전 해제 시작.
[2026-08-11 17:10:29.735212] [INFO] [task::fsm] idle
[2026-08-11 17:10:29.735218] [INFO] [course_manager] 코스 삭제
[2026-08-11 17:10:29.735220] [INFO] [path_server] 경로 삭제
[2026-08-11 17:10:29.775147] [INFO] [task::fsm] idle
[2026-08-11 17:10:29.775154] [INFO] [course_manager] 코스 삭제
[2026-08-11 17:10:29.775156] [INFO] [path_server] 경로 삭제
[2026-08-11 17:10:34.706497] [INFO] [health_monitor] [삭제][100015, 100004] : 자동 충전 해제 완료.
[2026-08-11 17:10:34.726501] [INFO] [health_monitor] [삭제][100015, 100003] : 자동 충전 해제 시작.
[2026-08-11 17:11:25.747047] [INFO] [task::fsm] idle
[2026-08-11 17:11:25.747054] [INFO] [course_manager] 코스 삭제
[2026-08-11 17:11:25.747056] [INFO] [path_server] 경로 삭제
[2026-08-11 17:11:25.806898] [INFO] [task::fsm] charging
[2026-08-11 17:11:25.806904] [INFO] [power_system] 충전 프로세스 시작
[2026-08-11 17:11:25.806915] [INFO] [health_monitor] [등록][100015, 100001] : 자동 충전 시작.
[2026-08-11 17:11:30.817704] [INFO] [health_monitor] [삭제][100015, 100001] : 자동 충전 시작.
[2026-08-11 17:11:39.660815] [INFO] [power_system] 충전 완료
[2026-08-11 17:11:39.660835] [INFO] [health_monitor] [등록][100015, 100003] : 자동 충전 해제 시작.
[2026-08-11 17:11:39.660832] [INFO] [health_monitor] [등록][100015, 100002] : 배터리 가득.
[2026-08-11 17:11:44.670512] [INFO] [health_monitor] [삭제][100015, 100002] : 배터리 가득.
[2026-08-11 17:11:44.670518] [INFO] [health_monitor] [삭제][100015, 100003] : 자동 충전 해제 시작.
[2026-08-11 17:11:44.690506] [INFO] [power_system] 충전 해제 완료
[2026-08-11 17:11:44.690519] [INFO] [health_monitor] [등록][100015, 100004] : 자동 충전 해제 완료.
[2026-08-11 17:11:44.710415] [INFO] [task::fsm] discharging
[2026-08-11 17:11:44.710422] [INFO] [power_system] 충전 해제 프로세스 시작
[2026-08-11 17:11:44.710434] [INFO] [health_monitor] [등록][100015, 100003] : 자동 충전 해제 시작.
[2026-08-11 17:11:44.730430] [INFO] [task::fsm] idle
[2026-08-11 17:11:44.730436] [INFO] [course_manager] 코스 삭제
[2026-08-11 17:11:44.730441] [INFO] [path_server] 경로 삭제
[2026-08-11 17:11:44.750415] [INFO] [task::fsm] idle
[2026-08-11 17:11:44.750421] [INFO] [course_manager] 코스 삭제
[2026-08-11 17:11:44.750423] [INFO] [path_server] 경로 삭제
[2026-08-11 17:11:49.700793] [INFO] [health_monitor] [삭제][100015, 100004] : 자동 충전 해제 완료.
[2026-08-11 17:11:49.720743] [INFO] [health_monitor] [삭제][100015, 100003] : 자동 충전 해제 시작.
[2026-08-11 17:12:00.839482] [INFO] [path_server] 새로운 경로 설정 : path[109 ➜ 202] time[0s] dist[24m] list[17] : 109-1170-1171-1172-1091-1092-1093-1094-1095-1074-1075-1076-1018-1158-1159-1160-202
[2026-08-11 17:12:00.839493] [INFO] [course_tracker] 방향 정렬 완료 
[2026-08-11 17:12:05.530167] [INFO] [path_server] 노드 업데이트 : [1170] ➜ [1171]
[2026-08-11 17:12:05.610100] [INFO] [path_server] 새로운 경로 설정 : path[1170 ➜ 202] time[0s] dist[22.5m] list[16] : 1170-1171-1172-1091-1092-1093-1094-1095-1074-1075-1076-1018-1158-1159-1160-202
[2026-08-11 17:12:09.223397] [INFO] [path_server] 노드 업데이트 : [1171] ➜ [1172]
[2026-08-11 17:12:09.283319] [INFO] [path_server] 새로운 경로 설정 : path[1171 ➜ 202] time[0s] dist[21m] list[15] : 1171-1172-1091-1092-1093-1094-1095-1074-1075-1076-1018-1158-1159-1160-202
[2026-08-11 17:12:10.341205] [INFO] [path_server] 노드 업데이트 : [1172] ➜ [1091]
[2026-08-11 17:12:10.421034] [INFO] [path_server] 새로운 경로 설정 : path[1172 ➜ 202] time[0s] dist[19.5m] list[14] : 1172-1091-1092-1093-1094-1095-1074-1075-1076-1018-1158-1159-1160-202
[2026-08-11 17:12:11.379185] [INFO] [path_server] 노드 업데이트 : [1091] ➜ [1092]
[2026-08-11 17:12:11.439057] [INFO] [path_server] 새로운 경로 설정 : path[1091 ➜ 202] time[0s] dist[18m] list[13] : 1091-1092-1093-1094-1095-1074-1075-1076-1018-1158-1159-1160-202
[2026-08-11 17:12:14.632867] [INFO] [path_server] 노드 업데이트 : [1092] ➜ [1093]
[2026-08-11 17:12:14.712755] [INFO] [path_server] 새로운 경로 설정 : path[1092 ➜ 202] time[0s] dist[16.5m] list[12] : 1092-1093-1094-1095-1074-1075-1076-1018-1158-1159-1160-202
[2026-08-11 17:12:15.890504] [INFO] [path_server] 노드 업데이트 : [1093] ➜ [1094]
[2026-08-11 17:12:15.970374] [INFO] [path_server] 새로운 경로 설정 : path[1093 ➜ 202] time[0s] dist[15m] list[11] : 1093-1094-1095-1074-1075-1076-1018-1158-1159-1160-202
[2026-08-11 17:12:16.748745] [INFO] [path_server] 노드 업데이트 : [1094] ➜ [1095]
[2026-08-11 17:12:16.808651] [INFO] [path_server] 새로운 경로 설정 : path[1094 ➜ 202] time[0s] dist[13.5m] list[10] : 1094-1095-1074-1075-1076-1018-1158-1159-1160-202
[2026-08-11 17:12:18.066236] [INFO] [path_server] 노드 업데이트 : [1095] ➜ [1074]
[2026-08-11 17:12:18.126139] [INFO] [path_server] 새로운 경로 설정 : path[1095 ➜ 202] time[0s] dist[12m] list[9] : 1095-1074-1075-1076-1018-1158-1159-1160-202
[2026-08-11 17:12:21.399440] [INFO] [path_server] 노드 업데이트 : [1074] ➜ [1075]
[2026-08-11 17:12:21.479295] [INFO] [path_server] 새로운 경로 설정 : path[1074 ➜ 202] time[0s] dist[10.5m] list[8] : 1074-1075-1076-1018-1158-1159-1160-202
[2026-08-11 17:12:22.537120] [INFO] [path_server] 노드 업데이트 : [1075] ➜ [1076]
[2026-08-11 17:12:22.616989] [INFO] [path_server] 새로운 경로 설정 : path[1075 ➜ 202] time[0s] dist[9m] list[7] : 1075-1076-1018-1158-1159-1160-202
[2026-08-11 17:12:23.355419] [INFO] [path_server] 노드 업데이트 : [1076] ➜ [1018]
[2026-08-11 17:12:23.435333] [INFO] [path_server] 새로운 경로 설정 : path[1076 ➜ 202] time[0s] dist[7.5m] list[6] : 1076-1018-1158-1159-1160-202
[2026-08-11 17:12:24.692863] [INFO] [path_server] 노드 업데이트 : [1018] ➜ [1158]
[2026-08-11 17:12:24.772711] [INFO] [path_server] 새로운 경로 설정 : path[1018 ➜ 202] time[0s] dist[6m] list[5] : 1018-1158-1159-1160-202
[2026-08-11 17:12:28.066157] [INFO] [path_server] 노드 업데이트 : [1158] ➜ [1159]
[2026-08-11 17:12:28.146075] [INFO] [path_server] 새로운 경로 설정 : path[1158 ➜ 202] time[0s] dist[4.5m] list[4] : 1158-1159-1160-202
[2026-08-11 17:12:29.204115] [INFO] [path_server] 노드 업데이트 : [1159] ➜ [1160]
[2026-08-11 17:12:29.284039] [INFO] [path_server] 새로운 경로 설정 : path[1159 ➜ 202] time[0s] dist[3m] list[3] : 1159-1160-202
[2026-08-11 17:12:30.541408] [INFO] [path_server] 노드 업데이트 : [1160] ➜ [202]
[2026-08-11 17:12:30.621269] [INFO] [path_server] 새로운 경로 설정 : path[1160 ➜ 202] time[0s] dist[1.5m] list[2] : 1160-202
[2026-08-11 17:12:35.790649] [INFO] [path_server] 노드 업데이트 : [202] ➜ [-1]
[2026-08-11 17:12:38.684614] [INFO] [course_tracker] 목적지에서 각도 정렬 : [13.000m 14.500m 0.000°]
[2026-08-11 17:12:38.724475] [INFO] [path_server] 노드 업데이트 : [202] ➜ [-1]
[2026-08-11 17:12:38.744479] [INFO] [task::fsm] push_done
[2026-08-11 17:12:38.804360] [INFO] [task::fsm] idle
[2026-08-11 17:12:38.804369] [INFO] [path_server] 경로 삭제
[2026-08-11 17:12:38.804367] [INFO] [course_manager] 코스 삭제
[2026-08-11 17:24:37.816076] [INFO] [framework] 프로그램 시작
[2026-08-11 17:24:37.816083] [WARNING] [framework] 프로그램 시작
[2026-08-11 17:24:37.816087] [INFO] [framework] 설정 파일 위치 : ../configs/robot_5
[2026-08-11 17:24:37.816085] [CRITICAL] [framework] 프로그램 시작
[2026-08-11 17:24:37.816322] [INFO] [framework] ID[0, 5], 이름[한다섯], 제어주기[20ms], 버젼[], 장소[우리집], 환경모드[simulation]
[2026-08-11 17:24:37.816364] [INFO] [mediator] 생성
[2026-08-11 17:24:37.816393] [INFO] [graph_manager] 생성
[2026-08-11 17:24:37.849798] [INFO] [stop_server] 생성
[2026-08-11 17:24:37.849836] [INFO] [health_monitor] 생성
[2026-08-11 17:24:37.849862] [INFO] [path_server] 생성
[2026-08-11 17:24:37.849884] [INFO] [course_manager] 생성
[2026-08-11 17:24:37.849905] [INFO] [task::fsm] 생성
[2026-08-11 17:24:37.849906] [INFO] [task::fsm] idle
[2026-08-11 17:24:37.849908] [INFO] [course_manager] 코스 삭제
[2026-08-11 17:24:37.849908] [INFO] [path_server] 경로 삭제
[2026-08-11 17:24:37.849928] [INFO] [task_manager] 생성
[2026-08-11 17:24:37.850092] [INFO] [mediator] connectors 생성
[2026-08-11 17:24:37.850118] [INFO] [fms] 생성
[2026-08-11 17:24:37.850119] [INFO] [fms] 통신 드라이버 생성
[2026-08-11 17:24:37.850527] [INFO] [motions] 생성
[2026-08-11 17:24:37.850557] [INFO] [localizers] 생성
[2026-08-11 17:24:37.850692] [INFO] [localizers] 파라미터 : 

[2026-08-11 17:24:37.850717] [INFO] [safety_plc] 생성
[2026-08-11 17:24:37.850744] [INFO] [load_handler] 생성
[2026-08-11 17:24:37.850766] [INFO] [power_system] 생성
[2026-08-11 17:24:37.850932] [INFO] [power_system] 설정 정보 : remaining[40%, 10%, 5%]
[2026-08-11 17:24:37.851547] [INFO] [power_system] 알람 목록 : 
 • [100015, 100001] [INFO] 자동 충전 시작.
 • [100015, 100002] [INFO] 배터리 가득.
 • [100015, 400001] [CRIT] 배터리 남은 양 - 위험
 • [100015, 300001] [ERROR] 배터리 남은 양 - 에러
 • [100015, 200001] [WARN] 배터리 남은 양 - 주의
 • [100015, 100004] [INFO] 자동 충전 해제 완료.
 • [100015, 100003] [INFO] 자동 충전 해제 시작.
[2026-08-11 17:24:37.851555] [INFO] [mediator] any map 등록
[2026-08-11 17:24:37.851552] [INFO] [mediator] connector 의존성 주입
[2026-08-11 17:24:37.851561] [INFO] [mediator] any collector 등록
[2026-08-11 17:24:37.851564] [INFO] [mediator] any collector 목록 검사
[2026-08-11 17:24:37.851630] [INFO] [framework] after init 실행
[2026-08-11 17:24:37.852006] [INFO] [course_tracker] 생성
[2026-08-11 17:24:37.852028] [INFO] [course_tracker] 파라미터 : 
◈ node_bound[0.020m, 0.150m, 0.005m]
 • approach[0.150m, 0.050m/s, -0.005m, -0.200m, 0.100m]
 • align[(10.000°, 5.000°/s), 50.000°, 30.000°/s), 0.800°, -0.100°]
◈ motion param : 
 • reference_angle[0.000°, 45.000°]
 • threshold_angle[15.000°, 20.000°, 170.000°]
 • threshold_error[0.300°, 5.000°]
 • normal[0.150m/s, 8.000, 0.800m/s, 0.500]
 • angle[0.150m/s, 1.500, 0.800m/s, 2.100]
 • protection_overshoot[0.100m/s, 0.900, 0.500m/s, 0.900]
 • speed_rotation[15.000°/s]
[2026-08-11 17:24:37.852031] [INFO] [framework] 제어 쓰레드 시작
[2026-08-11 17:24:37.852083] [INFO] [path_server] 노드 초기화 성공 : 로봇 좌표[22.004m 17.498m -179.934°] 최단 거리 노드[1063] 거리(0.503610m)
[2026-08-11 17:24:37.852141] [INFO] [health_monitor] [등록][100015, 200001] : 배터리 남은 양 - 주의
[2026-08-11 17:24:42.941826] [INFO] [path_server] 새로운 경로 설정 : path[1063 ➜ 104] time[0s] dist[13.5m] list[10] : 1063-1064-1065-40-1067-1068-1069-1070-1071-104
[2026-08-11 17:24:45.696588] [INFO] [path_server] 노드 업데이트 : [1064] ➜ [1065]
[2026-08-11 17:24:45.776516] [INFO] [path_server] 새로운 경로 설정 : path[1064 ➜ 104] time[0s] dist[12m] list[9] : 1064-1065-40-1067-1068-1069-1070-1071-104
[2026-08-11 17:24:46.634751] [INFO] [path_server] 노드 업데이트 : [1065] ➜ [40]
[2026-08-11 17:24:46.694742] [INFO] [path_server] 새로운 경로 설정 : path[1065 ➜ 104] time[0s] dist[10.5m] list[8] : 1065-40-1067-1068-1069-1070-1071-104
[2026-08-11 17:24:47.413366] [INFO] [path_server] 노드 업데이트 : [40] ➜ [1067]
[2026-08-11 17:24:47.473270] [INFO] [path_server] 새로운 경로 설정 : path[40 ➜ 104] time[0s] dist[9m] list[7] : 40-1067-1068-1069-1070-1071-104
[2026-08-11 17:24:48.151902] [INFO] [path_server] 노드 업데이트 : [1067] ➜ [1068]
[2026-08-11 17:24:48.231799] [INFO] [path_server] 새로운 경로 설정 : path[1067 ➜ 104] time[0s] dist[7.5m] list[6] : 1067-1068-1069-1070-1071-104
[2026-08-11 17:24:48.910428] [INFO] [path_server] 노드 업데이트 : [1068] ➜ [1069]
[2026-08-11 17:24:48.970330] [INFO] [path_server] 새로운 경로 설정 : path[1068 ➜ 104] time[0s] dist[6m] list[5] : 1068-1069-1070-1071-104
[2026-08-11 17:24:49.648880] [INFO] [path_server] 노드 업데이트 : [1069] ➜ [1070]
[2026-08-11 17:24:49.728766] [INFO] [path_server] 새로운 경로 설정 : path[1069 ➜ 104] time[0s] dist[4.5m] list[4] : 1069-1070-1071-104
[2026-08-11 17:24:50.407496] [INFO] [path_server] 노드 업데이트 : [1070] ➜ [1071]
[2026-08-11 17:24:50.467402] [INFO] [path_server] 새로운 경로 설정 : path[1070 ➜ 104] time[0s] dist[3m] list[3] : 1070-1071-104
[2026-08-11 17:24:51.725050] [INFO] [path_server] 노드 업데이트 : [1071] ➜ [104]
[2026-08-11 17:24:51.784945] [INFO] [path_server] 새로운 경로 설정 : path[1071 ➜ 104] time[0s] dist[1.5m] list[2] : 1071-104
[2026-08-11 17:24:55.696879] [INFO] [path_server] 노드 업데이트 : [104] ➜ [-1]
[2026-08-11 17:24:58.551086] [INFO] [course_tracker] 목적지에서 각도 정렬 : [9.500m 19.000m 0.000°]
[2026-08-11 17:24:59.549070] [INFO] [path_server] 노드 업데이트 : [104] ➜ [-1]
[2026-08-11 17:24:59.568973] [INFO] [task::fsm] push_done
[2026-08-11 17:24:59.608942] [INFO] [task::fsm] charging
[2026-08-11 17:24:59.608949] [INFO] [power_system] 충전 프로세스 시작
[2026-08-11 17:24:59.608969] [INFO] [health_monitor] [등록][100015, 100001] : 자동 충전 시작.
[2026-08-11 17:25:04.619791] [INFO] [health_monitor] [삭제][100015, 100001] : 자동 충전 시작.
[2026-08-11 17:25:15.857905] [INFO] [health_monitor] [삭제][100015, 200001] : 배터리 남은 양 - 주의
[2026-08-11 17:25:39.853230] [INFO] [power_system] 충전 완료
[2026-08-11 17:25:39.853253] [INFO] [health_monitor] [등록][100015, 100002] : 배터리 가득.
[2026-08-11 17:25:39.853256] [INFO] [health_monitor] [등록][100015, 100003] : 자동 충전 해제 시작.
[2026-08-11 17:25:44.863778] [INFO] [health_monitor] [삭제][100015, 100002] : 배터리 가득.
[2026-08-11 17:25:44.863784] [INFO] [health_monitor] [삭제][100015, 100003] : 자동 충전 해제 시작.
[2026-08-11 17:25:44.883749] [INFO] [power_system] 충전 해제 완료
[2026-08-11 17:25:44.883762] [INFO] [health_monitor] [등록][100015, 100004] : 자동 충전 해제 완료.
[2026-08-11 17:25:44.903637] [INFO] [task::fsm] discharging
[2026-08-11 17:25:44.903646] [INFO] [power_system] 충전 해제 프로세스 시작
[2026-08-11 17:25:44.903657] [INFO] [health_monitor] [등록][100015, 100003] : 자동 충전 해제 시작.
[2026-08-11 17:25:44.923639] [INFO] [task::fsm] idle
[2026-08-11 17:25:44.923646] [INFO] [path_server] 경로 삭제
[2026-08-11 17:25:44.923644] [INFO] [course_manager] 코스 삭제
[2026-08-11 17:25:44.943617] [INFO] [task::fsm] idle
[2026-08-11 17:25:44.943628] [INFO] [path_server] 경로 삭제
[2026-08-11 17:25:44.943625] [INFO] [course_manager] 코스 삭제
[2026-08-11 17:25:49.894539] [INFO] [health_monitor] [삭제][100015, 100004] : 자동 충전 해제 완료.
[2026-08-11 17:25:49.914458] [INFO] [health_monitor] [삭제][100015, 100003] : 자동 충전 해제 시작.
[2026-08-11 17:26:43.232590] [INFO] [framework] 프로그램 시작
[2026-08-11 17:26:43.232593] [WARNING] [framework] 프로그램 시작
[2026-08-11 17:26:43.232595] [CRITICAL] [framework] 프로그램 시작
[2026-08-11 17:27:18.496873] [INFO] [framework] 프로그램 시작
[2026-08-11 17:27:18.496881] [WARNING] [framework] 프로그램 시작
[2026-08-11 17:27:18.496883] [INFO] [framework] 설정 파일 위치 : ../configs/robot_5
[2026-08-11 17:27:18.496883] [CRITICAL] [framework] 프로그램 시작
[2026-08-11 17:27:18.497036] [INFO] [framework] ID[0, 5], 이름[한다섯], 제어주기[20ms], 버젼[], 장소[우리집], 환경모드[simulation]
[2026-08-11 17:27:18.497067] [INFO] [mediator] 생성
[2026-08-11 17:27:18.497095] [INFO] [graph_manager] 생성
[2026-08-11 17:27:18.536222] [INFO] [stop_server] 생성
[2026-08-11 17:27:18.536244] [INFO] [health_monitor] 생성
[2026-08-11 17:27:18.536267] [INFO] [path_server] 생성
[2026-08-11 17:27:18.536279] [INFO] [course_manager] 생성
[2026-08-11 17:27:18.536292] [INFO] [task::fsm] 생성
[2026-08-11 17:27:18.536294] [INFO] [task::fsm] idle
[2026-08-11 17:27:18.536295] [INFO] [course_manager] 코스 삭제
[2026-08-11 17:27:18.536295] [INFO] [path_server] 경로 삭제
[2026-08-11 17:27:18.536308] [INFO] [task_manager] 생성
[2026-08-11 17:27:18.536421] [INFO] [mediator] connectors 생성
[2026-08-11 17:27:18.536436] [INFO] [fms] 생성
[2026-08-11 17:27:18.536437] [INFO] [fms] 통신 드라이버 생성
[2026-08-11 17:27:18.536700] [INFO] [motions] 생성
[2026-08-11 17:27:18.536718] [INFO] [localizers] 생성
[2026-08-11 17:27:18.536817] [INFO] [localizers] 파라미터 : 

[2026-08-11 17:27:18.536833] [INFO] [safety_plc] 생성
[2026-08-11 17:27:18.536846] [INFO] [load_handler] 생성
[2026-08-11 17:27:18.536858] [INFO] [power_system] 생성
[2026-08-11 17:27:18.536954] [INFO] [power_system] 설정 정보 : remaining[40%, 10%, 5%]
[2026-08-11 17:27:18.537357] [INFO] [power_system] 알람 목록 : 
 • [100015, 100001] [INFO] 자동 충전 시작.
 • [100015, 100002] [INFO] 배터리 가득.
 • [100015, 400001] [CRIT] 배터리 남은 양 - 위험
 • [100015, 300001] [ERROR] 배터리 남은 양 - 에러
 • [100015, 200001] [WARN] 배터리 남은 양 - 주의
 • [100015, 100004] [INFO] 자동 충전 해제 완료.
 • [100015, 100003] [INFO] 자동 충전 해제 시작.
[2026-08-11 17:27:18.537360] [INFO] [mediator] connector 의존성 주입
[2026-08-11 17:27:18.537366] [INFO] [mediator] any map 등록
[2026-08-11 17:27:18.537372] [INFO] [mediator] any collector 등록
[2026-08-11 17:27:18.537374] [INFO] [mediator] any collector 목록 검사
[2026-08-11 17:27:18.537413] [INFO] [framework] after init 실행
[2026-08-11 17:27:18.537626] [INFO] [course_tracker] 생성
[2026-08-11 17:27:18.537639] [INFO] [course_tracker] 파라미터 : 
◈ node_bound[0.020m, 0.150m, 0.005m]
 • approach[0.150m, 0.050m/s, -0.005m, -0.200m, 0.100m]
 • align[(10.000°, 5.000°/s), 50.000°, 30.000°/s), 0.800°, -0.100°]
◈ motion param : 
 • reference_angle[0.000°, 45.000°]
 • threshold_angle[15.000°, 20.000°, 170.000°]
 • threshold_error[0.300°, 5.000°]
 • normal[0.150m/s, 8.000, 0.800m/s, 0.500]
 • angle[0.150m/s, 1.500, 0.800m/s, 2.100]
 • protection_overshoot[0.100m/s, 0.900, 0.500m/s, 0.900]
 • speed_rotation[15.000°/s]
[2026-08-11 17:27:18.537642] [INFO] [framework] 제어 쓰레드 시작
[2026-08-11 17:27:18.537675] [INFO] [path_server] 노드 초기화 성공 : 로봇 좌표[9.489m 18.997m 90.045°] 최단 거리 노드[104] 거리(0.011735m)
[2026-08-11 17:27:18.537712] [INFO] [health_monitor] [등록][100015, 200001] : 배터리 남은 양 - 주의
[2026-08-11 17:27:18.637538] [INFO] [task::fsm] charging
[2026-08-11 17:27:18.637562] [INFO] [health_monitor] [등록][100015, 100001] : 자동 충전 시작.
[2026-08-11 17:27:18.637548] [INFO] [power_system] 충전 프로세스 시작
[2026-08-11 17:27:23.648231] [INFO] [health_monitor] [삭제][100015, 100001] : 자동 충전 시작.
[2026-08-11 17:27:37.751088] [INFO] [framework] 프로그램 시작
[2026-08-11 17:27:37.751097] [WARNING] [framework] 프로그램 시작
[2026-08-11 17:27:37.751101] [CRITICAL] [framework] 프로그램 시작
[2026-08-11 17:27:37.751102] [INFO] [framework] 설정 파일 위치 : ../configs/robot_5
[2026-08-11 17:27:55.415184] [INFO] [framework] 프로그램 시작
[2026-08-11 17:27:55.415190] [WARNING] [framework] 프로그램 시작
[2026-08-11 17:27:55.415192] [INFO] [framework] 설정 파일 위치 : ../configs/robot_5
[2026-08-11 17:27:55.415191] [CRITICAL] [framework] 프로그램 시작
[2026-08-11 17:27:55.415353] [INFO] [framework] ID[0, 5], 이름[한다섯], 제어주기[20ms], 버젼[], 장소[우리집], 환경모드[simulation]
[2026-08-11 17:27:55.415386] [INFO] [mediator] 생성
[2026-08-11 17:27:55.415410] [INFO] [graph_manager] 생성
[2026-08-11 17:27:55.455888] [INFO] [stop_server] 생성
[2026-08-11 17:27:55.455917] [INFO] [health_monitor] 생성
[2026-08-11 17:27:55.455932] [INFO] [path_server] 생성
[2026-08-11 17:27:55.455954] [INFO] [course_manager] 생성
[2026-08-11 17:27:55.455966] [INFO] [task::fsm] 생성
[2026-08-11 17:27:55.455967] [INFO] [task::fsm] idle
[2026-08-11 17:27:55.455968] [INFO] [course_manager] 코스 삭제
[2026-08-11 17:27:55.455968] [INFO] [path_server] 경로 삭제
[2026-08-11 17:27:55.455980] [INFO] [task_manager] 생성
[2026-08-11 17:27:55.456075] [INFO] [mediator] connectors 생성
[2026-08-11 17:27:55.456089] [INFO] [fms] 생성
[2026-08-11 17:27:55.456090] [INFO] [fms] 통신 드라이버 생성
[2026-08-11 17:27:55.456361] [INFO] [motions] 생성
[2026-08-11 17:27:55.456378] [INFO] [localizers] 생성
[2026-08-11 17:27:55.456463] [INFO] [localizers] 파라미터 : 

[2026-08-11 17:27:55.456478] [INFO] [safety_plc] 생성
[2026-08-11 17:27:55.456490] [INFO] [load_handler] 생성
[2026-08-11 17:27:55.456503] [INFO] [power_system] 생성
[2026-08-11 17:27:55.456599] [INFO] [power_system] 설정 정보 : remaining[40%, 10%, 5%]
[2026-08-11 17:27:55.457014] [INFO] [power_system] 알람 목록 : 
 • [100015, 100001] [INFO] 자동 충전 시작.
 • [100015, 100002] [INFO] 배터리 가득.
 • [100015, 400001] [CRIT] 배터리 남은 양 - 위험
 • [100015, 300001] [ERROR] 배터리 남은 양 - 에러
 • [100015, 200001] [WARN] 배터리 남은 양 - 주의
 • [100015, 100004] [INFO] 자동 충전 해제 완료.
 • [100015, 100003] [INFO] 자동 충전 해제 시작.
[2026-08-11 17:27:55.457017] [INFO] [mediator] connector 의존성 주입
[2026-08-11 17:27:55.457026] [INFO] [mediator] any map 등록
[2026-08-11 17:27:55.457033] [INFO] [mediator] any collector 등록
[2026-08-11 17:27:55.457035] [INFO] [mediator] any collector 목록 검사
[2026-08-11 17:27:55.457077] [INFO] [framework] after init 실행
[2026-08-11 17:27:55.457450] [INFO] [course_tracker] 생성
[2026-08-11 17:27:55.457473] [INFO] [course_tracker] 파라미터 : 
◈ node_bound[0.020m, 0.150m, 0.005m]
 • approach[0.150m, 0.050m/s, -0.005m, -0.200m, 0.100m]
 • align[(10.000°, 5.000°/s), 50.000°, 30.000°/s), 0.800°, -0.100°]
◈ motion param : 
 • reference_angle[0.000°, 45.000°]
 • threshold_angle[15.000°, 20.000°, 170.000°]
 • threshold_error[0.300°, 5.000°]
 • normal[0.150m/s, 8.000, 0.800m/s, 0.500]
 • angle[0.150m/s, 1.500, 0.800m/s, 2.100]
 • protection_overshoot[0.100m/s, 0.900, 0.500m/s, 0.900]
 • speed_rotation[15.000°/s]
[2026-08-11 17:27:55.457476] [INFO] [framework] 제어 쓰레드 시작
[2026-08-11 17:27:55.457531] [INFO] [path_server] 노드 초기화 성공 : 로봇 좌표[9.489m 18.997m 90.045°] 최단 거리 노드[104] 거리(0.011735m)
[2026-08-11 17:27:55.457596] [INFO] [health_monitor] [등록][100015, 200001] : 배터리 남은 양 - 주의
[2026-08-11 17:27:55.557452] [INFO] [task::fsm] charging
[2026-08-11 17:27:55.557465] [INFO] [power_system] 충전 프로세스 시작
[2026-08-11 17:27:55.557485] [INFO] [health_monitor] [등록][100015, 100001] : 자동 충전 시작.
[2026-08-11 17:28:00.568139] [INFO] [health_monitor] [삭제][100015, 100001] : 자동 충전 시작.
[2026-08-11 17:28:11.287060] [INFO] [health_monitor] [삭제][100015, 200001] : 배터리 남은 양 - 주의
[2026-08-11 17:28:35.280806] [INFO] [power_system] 충전 완료
[2026-08-11 17:28:35.280823] [INFO] [health_monitor] [등록][100015, 100002] : 배터리 가득.
[2026-08-11 17:28:35.280826] [INFO] [health_monitor] [등록][100015, 100003] : 자동 충전 해제 시작.
[2026-08-11 17:28:36.638185] [INFO] [path_server] 새로운 경로 설정 : path[104 ➜ 1] time[0s] dist[37m] list[23] : 104-1071-1072-1073-1074-1075-1076-1077-1078-1390-1391-1001-1002-1003-1004-1005-1006-1007-1008-1010-1016-1022-1
[2026-08-11 17:28:40.291363] [INFO] [health_monitor] [삭제][100015, 100002] : 배터리 가득.
[2026-08-11 17:28:40.291371] [INFO] [health_monitor] [삭제][100015, 100003] : 자동 충전 해제 시작.
[2026-08-11 17:28:40.510933] [INFO] [path_server] 노드 업데이트 : [1071] ➜ [1072]
[2026-08-11 17:28:40.590799] [INFO] [path_server] 새로운 경로 설정 : path[1071 ➜ 1] time[0s] dist[35.5m] list[22] : 1071-1072-1073-1074-1075-1076-1077-1078-1390-1391-1001-1002-1003-1004-1005-1006-1007-1008-1010-1016-1022-1
[2026-08-11 17:28:44.084224] [INFO] [path_server] 노드 업데이트 : [1072] ➜ [1073]
[2026-08-11 17:28:44.164184] [INFO] [path_server] 새로운 경로 설정 : path[1072 ➜ 1] time[0s] dist[34m] list[21] : 1072-1073-1074-1075-1076-1077-1078-1390-1391-1001-1002-1003-1004-1005-1006-1007-1008-1010-1016-1022-1
[2026-08-11 17:28:45.222031] [INFO] [path_server] 노드 업데이트 : [1073] ➜ [1074]
[2026-08-11 17:28:45.301998] [INFO] [path_server] 새로운 경로 설정 : path[1073 ➜ 1] time[0s] dist[32.5m] list[20] : 1073-1074-1075-1076-1077-1078-1390-1391-1001-1002-1003-1004-1005-1006-1007-1008-1010-1016-1022-1
[2026-08-11 17:28:46.040484] [INFO] [path_server] 노드 업데이트 : [1074] ➜ [1075]
[2026-08-11 17:28:46.100399] [INFO] [path_server] 새로운 경로 설정 : path[1074 ➜ 1] time[0s] dist[31m] list[19] : 1074-1075-1076-1077-1078-1390-1391-1001-1002-1003-1004-1005-1006-1007-1008-1010-1016-1022-1
[2026-08-11 17:28:46.799011] [INFO] [path_server] 노드 업데이트 : [1075] ➜ [1076]
[2026-08-11 17:28:46.878795] [INFO] [path_server] 새로운 경로 설정 : path[1075 ➜ 1] time[0s] dist[29.5m] list[18] : 1075-1076-1077-1078-1390-1391-1001-1002-1003-1004-1005-1006-1007-1008-1010-1016-1022-1
[2026-08-11 17:28:48.196036] [INFO] [path_server] 노드 업데이트 : [1076] ➜ [1077]
[2026-08-11 17:28:48.276019] [INFO] [path_server] 새로운 경로 설정 : path[1076 ➜ 1] time[0s] dist[28m] list[17] : 1076-1077-1078-1390-1391-1001-1002-1003-1004-1005-1006-1007-1008-1010-1016-1022-1
[2026-08-11 17:28:51.709815] [INFO] [path_server] 노드 업데이트 : [1077] ➜ [1078]
[2026-08-11 17:28:51.769800] [INFO] [path_server] 새로운 경로 설정 : path[1077 ➜ 1] time[0s] dist[26.5m] list[16] : 1077-1078-1390-1391-1001-1002-1003-1004-1005-1006-1007-1008-1010-1016-1022-1
[2026-08-11 17:28:52.807944] [INFO] [path_server] 노드 업데이트 : [1078] ➜ [1390]
[2026-08-11 17:28:52.887921] [INFO] [path_server] 새로운 경로 설정 : path[1078 ➜ 1] time[0s] dist[25m] list[15] : 1078-1390-1391-1001-1002-1003-1004-1005-1006-1007-1008-1010-1016-1022-1
[2026-08-11 17:28:53.626562] [INFO] [path_server] 노드 업데이트 : [1390] ➜ [1391]
[2026-08-11 17:28:53.686508] [INFO] [path_server] 새로운 경로 설정 : path[1390 ➜ 1] time[0s] dist[23.5m] list[14] : 1390-1391-1001-1002-1003-1004-1005-1006-1007-1008-1010-1016-1022-1
[2026-08-11 17:28:54.385213] [INFO] [path_server] 노드 업데이트 : [1391] ➜ [1001]
[2026-08-11 17:28:54.465064] [INFO] [path_server] 새로운 경로 설정 : path[1391 ➜ 1] time[0s] dist[22m] list[13] : 1391-1001-1002-1003-1004-1005-1006-1007-1008-1010-1016-1022-1
[2026-08-11 17:28:55.782748] [INFO] [path_server] 노드 업데이트 : [1001] ➜ [1002]
[2026-08-11 17:28:55.842686] [INFO] [path_server] 새로운 경로 설정 : path[1001 ➜ 1] time[0s] dist[20.5m] list[12] : 1001-1002-1003-1004-1005-1006-1007-1008-1010-1016-1022-1
[2026-08-11 17:28:59.256905] [INFO] [path_server] 노드 업데이트 : [1002] ➜ [1003]
[2026-08-11 17:28:59.316772] [INFO] [path_server] 새로운 경로 설정 : path[1002 ➜ 1] time[0s] dist[19m] list[11] : 1002-1003-1004-1005-1006-1007-1008-1010-1016-1022-1
[2026-08-11 17:29:00.354858] [INFO] [path_server] 노드 업데이트 : [1003] ➜ [1004]
[2026-08-11 17:29:00.434833] [INFO] [path_server] 새로운 경로 설정 : path[1003 ➜ 1] time[0s] dist[17.5m] list[10] : 1003-1004-1005-1006-1007-1008-1010-1016-1022-1
[2026-08-11 17:29:01.173603] [INFO] [path_server] 노드 업데이트 : [1004] ➜ [1005]
[2026-08-11 17:29:01.233515] [INFO] [path_server] 새로운 경로 설정 : path[1004 ➜ 1] time[0s] dist[16m] list[9] : 1004-1005-1006-1007-1008-1010-1016-1022-1
[2026-08-11 17:29:01.932278] [INFO] [path_server] 노드 업데이트 : [1005] ➜ [1006]
[2026-08-11 17:29:02.012124] [INFO] [path_server] 새로운 경로 설정 : path[1005 ➜ 1] time[0s] dist[14.5m] list[8] : 1005-1006-1007-1008-1010-1016-1022-1
[2026-08-11 17:29:02.671107] [INFO] [path_server] 노드 업데이트 : [1006] ➜ [1007]
[2026-08-11 17:29:02.731007] [INFO] [path_server] 새로운 경로 설정 : path[1006 ➜ 1] time[0s] dist[13m] list[7] : 1006-1007-1008-1010-1016-1022-1
[2026-08-11 17:29:03.429885] [INFO] [path_server] 노드 업데이트 : [1007] ➜ [1008]
[2026-08-11 17:29:03.509772] [INFO] [path_server] 새로운 경로 설정 : path[1007 ➜ 1] time[0s] dist[11.5m] list[6] : 1007-1008-1010-1016-1022-1
[2026-08-11 17:29:04.188616] [INFO] [path_server] 노드 업데이트 : [1008] ➜ [1010]
[2026-08-11 17:29:04.268547] [INFO] [path_server] 새로운 경로 설정 : path[1008 ➜ 1] time[0s] dist[10m] list[5] : 1008-1010-1016-1022-1
[2026-08-11 17:29:05.007292] [INFO] [path_server] 노드 업데이트 : [1010] ➜ [1016]
[2026-08-11 17:29:05.067269] [INFO] [path_server] 새로운 경로 설정 : path[1010 ➜ 1] time[0s] dist[8.5m] list[4] : 1010-1016-1022-1
[2026-08-11 17:29:11.395967] [INFO] [path_server] 노드 업데이트 : [1016] ➜ [1022]
[2026-08-11 17:29:11.455847] [INFO] [path_server] 새로운 경로 설정 : path[1016 ➜ 1] time[0s] dist[3.5m] list[3] : 1016-1022-1
[2026-08-11 17:29:15.588050] [INFO] [path_server] 노드 업데이트 : [1022] ➜ [1]
[2026-08-11 17:29:15.647924] [INFO] [path_server] 새로운 경로 설정 : path[1022 ➜ 1] time[0s] dist[1.5m] list[2] : 1022-1
[2026-08-11 17:29:17.803790] [INFO] [path_server] 노드 업데이트 : [1] ➜ [-1]
[2026-08-11 17:29:20.658450] [INFO] [course_tracker] 목적지에서 각도 정렬 : [17.500m 30.000m 0.000°]
[2026-08-11 17:29:21.417302] [INFO] [path_server] 노드 업데이트 : [1] ➜ [-1]
[2026-08-11 17:29:21.437261] [INFO] [task::fsm] go_from_done
[2026-08-11 17:29:21.497143] [INFO] [task::fsm] loading
[2026-08-11 17:29:21.497157] [INFO] [load_handler] 상차 시작
[2026-08-11 17:29:23.514269] [INFO] [load_handler] 상차 완료
[2026-08-11 17:29:23.534239] [INFO] [task::fsm] loading_done
[2026-08-11 17:29:23.594180] [INFO] [path_server] 새로운 경로 설정 : path[1 ➜ 12] time[0s] dist[84.9541m] list[50] : 1-1028-1046-1129-1049-1050-1051-1052-1198-1199-1053-1054-1055-1056-1057-1058-1059-1060-1061-1062-1063-1064-1065-40-1067-1068-1069-1070-1071-1072-1073-1074-1075-1076-1077-1078-1390-1391-1001-1002-1003-1004-1005-1006-1007-1008-1010-1017-1039-12
[2026-08-11 17:29:26.330185] [INFO] [path_server] 노드 업데이트 : [1028] ➜ [1046]
[2026-08-11 17:29:26.410122] [INFO] [path_server] 새로운 경로 설정 : path[1028 ➜ 12] time[0s] dist[82.9541m] list[49] : 1028-1046-1129-1049-1050-1051-1052-1198-1199-1053-1054-1055-1056-1057-1058-1059-1060-1061-1062-1063-1064-1065-40-1067-1068-1069-1070-1071-1072-1073-1074-1075-1076-1077-1078-1390-1391-1001-1002-1003-1004-1005-1006-1007-1008-1010-1017-1039-12
[2026-08-11 17:29:28.066763] [INFO] [path_server] 노드 업데이트 : [1046] ➜ [1129]
[2026-08-11 17:29:28.146656] [INFO] [path_server] 새로운 경로 설정 : path[1046 ➜ 12] time[0s] dist[80.4541m] list[48] : 1046-1129-1049-1050-1051-1052-1198-1199-1053-1054-1055-1056-1057-1058-1059-1060-1061-1062-1063-1064-1065-40-1067-1068-1069-1070-1071-1072-1073-1074-1075-1076-1077-1078-1390-1391-1001-1002-1003-1004-1005-1006-1007-1008-1010-1017-1039-12
[2026-08-11 17:29:33.536346] [INFO] [path_server] 노드 업데이트 : [1129] ➜ [1049]
[2026-08-11 17:29:33.616315] [INFO] [path_server] 새로운 경로 설정 : path[1129 ➜ 12] time[0s] dist[77.5386m] list[47] : 1129-1049-1050-1051-1052-1198-1199-1053-1054-1055-1056-1057-1058-1059-1060-1061-1062-1063-1064-1065-40-1067-1068-1069-1070-1071-1072-1073-1074-1075-1076-1077-1078-1390-1391-1001-1002-1003-1004-1005-1006-1007-1008-1010-1017-1039-12
[2026-08-11 17:29:35.552416] [INFO] [path_server] 노드 업데이트 : [1049] ➜ [1050]
[2026-08-11 17:29:35.612338] [INFO] [path_server] 새로운 경로 설정 : path[1049 ➜ 12] time[0s] dist[74.6231m] list[46] : 1049-1050-1051-1052-1198-1199-1053-1054-1055-1056-1057-1058-1059-1060-1061-1062-1063-1064-1065-40-1067-1068-1069-1070-1071-1072-1073-1074-1075-1076-1077-1078-1390-1391-1001-1002-1003-1004-1005-1006-1007-1008-1010-1017-1039-12
[2026-08-11 17:29:40.702499] [INFO] [path_server] 노드 업데이트 : [1050] ➜ [1051]
[2026-08-11 17:29:40.762402] [INFO] [path_server] 새로운 경로 설정 : path[1050 ➜ 12] time[0s] dist[72.1231m] list[45] : 1050-1051-1052-1198-1199-1053-1054-1055-1056-1057-1058-1059-1060-1061-1062-1063-1064-1065-40-1067-1068-1069-1070-1071-1072-1073-1074-1075-1076-1077-1078-1390-1391-1001-1002-1003-1004-1005-1006-1007-1008-1010-1017-1039-12
[2026-08-11 17:29:41.700483] [INFO] [path_server] 노드 업데이트 : [1051] ➜ [1052]
[2026-08-11 17:29:41.780343] [INFO] [path_server] 새로운 경로 설정 : path[1051 ➜ 12] time[0s] dist[70.6231m] list[44] : 1051-1052-1198-1199-1053-1054-1055-1056-1057-1058-1059-1060-1061-1062-1063-1064-1065-40-1067-1068-1069-1070-1071-1072-1073-1074-1075-1076-1077-1078-1390-1391-1001-1002-1003-1004-1005-1006-1007-1008-1010-1017-1039-12
[2026-08-11 17:29:42.478879] [INFO] [path_server] 노드 업데이트 : [1052] ➜ [1198]
[2026-08-11 17:29:42.558793] [INFO] [path_server] 새로운 경로 설정 : path[1052 ➜ 12] time[0s] dist[69.1231m] list[43] : 1052-1198-1199-1053-1054-1055-1056-1057-1058-1059-1060-1061-1062-1063-1064-1065-40-1067-1068-1069-1070-1071-1072-1073-1074-1075-1076-1077-1078-1390-1391-1001-1002-1003-1004-1005-1006-1007-1008-1010-1017-1039-12
[2026-08-11 17:29:43.876290] [INFO] [path_server] 노드 업데이트 : [1198] ➜ [1199]
[2026-08-11 17:29:43.956334] [INFO] [path_server] 새로운 경로 설정 : path[1198 ➜ 12] time[0s] dist[67.6231m] list[42] : 1198-1199-1053-1054-1055-1056-1057-1058-1059-1060-1061-1062-1063-1064-1065-40-1067-1068-1069-1070-1071-1072-1073-1074-1075-1076-1077-1078-1390-1391-1001-1002-1003-1004-1005-1006-1007-1008-1010-1017-1039-12
[2026-08-11 17:29:47.369803] [INFO] [path_server] 노드 업데이트 : [1199] ➜ [1053]
[2026-08-11 17:29:47.449706] [INFO] [path_server] 새로운 경로 설정 : path[1199 ➜ 12] time[0s] dist[66.1231m] list[41] : 1199-1053-1054-1055-1056-1057-1058-1059-1060-1061-1062-1063-1064-1065-40-1067-1068-1069-1070-1071-1072-1073-1074-1075-1076-1077-1078-1390-1391-1001-1002-1003-1004-1005-1006-1007-1008-1010-1017-1039-12
[2026-08-11 17:29:48.487517] [INFO] [path_server] 노드 업데이트 : [1053] ➜ [1054]
[2026-08-11 17:29:48.567492] [INFO] [path_server] 새로운 경로 설정 : path[1053 ➜ 12] time[0s] dist[64.6231m] list[40] : 1053-1054-1055-1056-1057-1058-1059-1060-1061-1062-1063-1064-1065-40-1067-1068-1069-1070-1071-1072-1073-1074-1075-1076-1077-1078-1390-1391-1001-1002-1003-1004-1005-1006-1007-1008-1010-1017-1039-12
[2026-08-11 17:29:49.306111] [INFO] [path_server] 노드 업데이트 : [1054] ➜ [1055]
[2026-08-11 17:29:49.366060] [INFO] [path_server] 새로운 경로 설정 : path[1054 ➜ 12] time[0s] dist[63.1231m] list[39] : 1054-1055-1056-1057-1058-1059-1060-1061-1062-1063-1064-1065-40-1067-1068-1069-1070-1071-1072-1073-1074-1075-1076-1077-1078-1390-1391-1001-1002-1003-1004-1005-1006-1007-1008-1010-1017-1039-12
[2026-08-11 17:29:50.064830] [INFO] [path_server] 노드 업데이트 : [1055] ➜ [1056]
[2026-08-11 17:29:50.144690] [INFO] [path_server] 새로운 경로 설정 : path[1055 ➜ 12] time[0s] dist[61.6231m] list[38] : 1055-1056-1057-1058-1059-1060-1061-1062-1063-1064-1065-40-1067-1068-1069-1070-1071-1072-1073-1074-1075-1076-1077-1078-1390-1391-1001-1002-1003-1004-1005-1006-1007-1008-1010-1017-1039-12
[2026-08-11 17:29:51.282546] [INFO] [path_server] 노드 업데이트 : [1056] ➜ [1057]
[2026-08-11 17:29:51.342439] [INFO] [path_server] 새로운 경로 설정 : path[1056 ➜ 12] time[0s] dist[60.1231m] list[37] : 1056-1057-1058-1059-1060-1061-1062-1063-1064-1065-40-1067-1068-1069-1070-1071-1072-1073-1074-1075-1076-1077-1078-1390-1391-1001-1002-1003-1004-1005-1006-1007-1008-1010-1017-1039-12
[2026-08-11 17:29:54.556443] [INFO] [path_server] 노드 업데이트 : [1057] ➜ [1058]
[2026-08-11 17:29:54.636313] [INFO] [path_server] 새로운 경로 설정 : path[1057 ➜ 12] time[0s] dist[58.6231m] list[36] : 1057-1058-1059-1060-1061-1062-1063-1064-1065-40-1067-1068-1069-1070-1071-1072-1073-1074-1075-1076-1077-1078-1390-1391-1001-1002-1003-1004-1005-1006-1007-1008-1010-1017-1039-12
[2026-08-11 17:29:55.734161] [INFO] [path_server] 노드 업데이트 : [1058] ➜ [1059]
[2026-08-11 17:29:55.814080] [INFO] [path_server] 새로운 경로 설정 : path[1058 ➜ 12] time[0s] dist[57.1231m] list[35] : 1058-1059-1060-1061-1062-1063-1064-1065-40-1067-1068-1069-1070-1071-1072-1073-1074-1075-1076-1077-1078-1390-1391-1001-1002-1003-1004-1005-1006-1007-1008-1010-1017-1039-12
[2026-08-11 17:29:56.572605] [INFO] [path_server] 노드 업데이트 : [1059] ➜ [1060]
[2026-08-11 17:29:56.652570] [INFO] [path_server] 새로운 경로 설정 : path[1059 ➜ 12] time[0s] dist[55.6231m] list[34] : 1059-1060-1061-1062-1063-1064-1065-40-1067-1068-1069-1070-1071-1072-1073-1074-1075-1076-1077-1078-1390-1391-1001-1002-1003-1004-1005-1006-1007-1008-1010-1017-1039-12
[2026-08-11 17:29:57.311436] [INFO] [path_server] 노드 업데이트 : [1060] ➜ [1061]
[2026-08-11 17:29:57.391307] [INFO] [path_server] 새로운 경로 설정 : path[1060 ➜ 12] time[0s] dist[54.1231m] list[33] : 1060-1061-1062-1063-1064-1065-40-1067-1068-1069-1070-1071-1072-1073-1074-1075-1076-1077-1078-1390-1391-1001-1002-1003-1004-1005-1006-1007-1008-1010-1017-1039-12
[2026-08-11 17:29:58.069959] [INFO] [path_server] 노드 업데이트 : [1061] ➜ [1062]
[2026-08-11 17:29:58.149887] [INFO] [path_server] 새로운 경로 설정 : path[1061 ➜ 12] time[0s] dist[52.6231m] list[32] : 1061-1062-1063-1064-1065-40-1067-1068-1069-1070-1071-1072-1073-1074-1075-1076-1077-1078-1390-1391-1001-1002-1003-1004-1005-1006-1007-1008-1010-1017-1039-12
[2026-08-11 17:29:58.828568] [INFO] [path_server] 노드 업데이트 : [1062] ➜ [1063]
[2026-08-11 17:29:58.908527] [INFO] [path_server] 새로운 경로 설정 : path[1062 ➜ 12] time[0s] dist[51.1231m] list[31] : 1062-1063-1064-1065-40-1067-1068-1069-1070-1071-1072-1073-1074-1075-1076-1077-1078-1390-1391-1001-1002-1003-1004-1005-1006-1007-1008-1010-1017-1039-12
[2026-08-11 17:29:59.567283] [INFO] [path_server] 노드 업데이트 : [1063] ➜ [1064]
[2026-08-11 17:29:59.647128] [INFO] [path_server] 새로운 경로 설정 : path[1063 ➜ 12] time[0s] dist[49.6231m] list[30] : 1063-1064-1065-40-1067-1068-1069-1070-1071-1072-1073-1074-1075-1076-1077-1078-1390-1391-1001-1002-1003-1004-1005-1006-1007-1008-1010-1017-1039-12
[2026-08-11 17:30:00.325865] [INFO] [path_server] 노드 업데이트 : [1064] ➜ [1065]
[2026-08-11 17:30:00.405795] [INFO] [path_server] 새로운 경로 설정 : path[1064 ➜ 12] time[0s] dist[48.1231m] list[29] : 1064-1065-40-1067-1068-1069-1070-1071-1072-1073-1074-1075-1076-1077-1078-1390-1391-1001-1002-1003-1004-1005-1006-1007-1008-1010-1017-1039-12
[2026-08-11 17:30:01.064539] [INFO] [path_server] 노드 업데이트 : [1065] ➜ [40]
[2026-08-11 17:30:01.144417] [INFO] [path_server] 새로운 경로 설정 : path[1065 ➜ 12] time[0s] dist[46.6231m] list[28] : 1065-40-1067-1068-1069-1070-1071-1072-1073-1074-1075-1076-1077-1078-1390-1391-1001-1002-1003-1004-1005-1006-1007-1008-1010-1017-1039-12
[2026-08-11 17:30:01.823096] [INFO] [path_server] 노드 업데이트 : [40] ➜ [1067]
[2026-08-11 17:30:01.903037] [INFO] [path_server] 새로운 경로 설정 : path[40 ➜ 12] time[0s] dist[45.1231m] list[27] : 40-1067-1068-1069-1070-1071-1072-1073-1074-1075-1076-1077-1078-1390-1391-1001-1002-1003-1004-1005-1006-1007-1008-1010-1017-1039-12
[2026-08-11 17:30:02.561693] [INFO] [path_server] 노드 업데이트 : [1067] ➜ [1068]
[2026-08-11 17:30:02.641587] [INFO] [path_server] 새로운 경로 설정 : path[1067 ➜ 12] time[0s] dist[43.6231m] list[26] : 1067-1068-1069-1070-1071-1072-1073-1074-1075-1076-1077-1078-1390-1391-1001-1002-1003-1004-1005-1006-1007-1008-1010-1017-1039-12
[2026-08-11 17:30:03.320196] [INFO] [path_server] 노드 업데이트 : [1068] ➜ [1069]
[2026-08-11 17:30:03.400127] [INFO] [path_server] 새로운 경로 설정 : path[1068 ➜ 12] time[0s] dist[42.1231m] list[25] : 1068-1069-1070-1071-1072-1073-1074-1075-1076-1077-1078-1390-1391-1001-1002-1003-1004-1005-1006-1007-1008-1010-1017-1039-12
[2026-08-11 17:30:04.078805] [INFO] [path_server] 노드 업데이트 : [1069] ➜ [1070]
[2026-08-11 17:30:04.138730] [INFO] [path_server] 새로운 경로 설정 : path[1069 ➜ 12] time[0s] dist[40.6231m] list[24] : 1069-1070-1071-1072-1073-1074-1075-1076-1077-1078-1390-1391-1001-1002-1003-1004-1005-1006-1007-1008-1010-1017-1039-12
[2026-08-11 17:30:04.817397] [INFO] [path_server] 노드 업데이트 : [1070] ➜ [1071]
[2026-08-11 17:30:04.897356] [INFO] [path_server] 새로운 경로 설정 : path[1070 ➜ 12] time[0s] dist[39.1231m] list[23] : 1070-1071-1072-1073-1074-1075-1076-1077-1078-1390-1391-1001-1002-1003-1004-1005-1006-1007-1008-1010-1017-1039-12
[2026-08-11 17:30:05.576054] [INFO] [path_server] 노드 업데이트 : [1071] ➜ [1072]
[2026-08-11 17:30:05.635966] [INFO] [path_server] 새로운 경로 설정 : path[1071 ➜ 12] time[0s] dist[37.6231m] list[22] : 1071-1072-1073-1074-1075-1076-1077-1078-1390-1391-1001-1002-1003-1004-1005-1006-1007-1008-1010-1017-1039-12
[2026-08-11 17:30:06.314627] [INFO] [path_server] 노드 업데이트 : [1072] ➜ [1073]
[2026-08-11 17:30:06.394533] [INFO] [path_server] 새로운 경로 설정 : path[1072 ➜ 12] time[0s] dist[36.1231m] list[21] : 1072-1073-1074-1075-1076-1077-1078-1390-1391-1001-1002-1003-1004-1005-1006-1007-1008-1010-1017-1039-12
[2026-08-11 17:30:07.073266] [INFO] [path_server] 노드 업데이트 : [1073] ➜ [1074]
[2026-08-11 17:30:07.133177] [INFO] [path_server] 새로운 경로 설정 : path[1073 ➜ 12] time[0s] dist[34.6231m] list[20] : 1073-1074-1075-1076-1077-1078-1390-1391-1001-1002-1003-1004-1005-1006-1007-1008-1010-1017-1039-12
[2026-08-11 17:30:07.811769] [INFO] [path_server] 노드 업데이트 : [1074] ➜ [1075]
[2026-08-11 17:30:07.891714] [INFO] [path_server] 새로운 경로 설정 : path[1074 ➜ 12] time[0s] dist[33.1231m] list[19] : 1074-1075-1076-1077-1078-1390-1391-1001-1002-1003-1004-1005-1006-1007-1008-1010-1017-1039-12
[2026-08-11 17:30:08.570346] [INFO] [path_server] 노드 업데이트 : [1075] ➜ [1076]
[2026-08-11 17:30:08.630275] [INFO] [path_server] 새로운 경로 설정 : path[1075 ➜ 12] time[0s] dist[31.6231m] list[18] : 1075-1076-1077-1078-1390-1391-1001-1002-1003-1004-1005-1006-1007-1008-1010-1017-1039-12
[2026-08-11 17:30:09.967472] [INFO] [path_server] 노드 업데이트 : [1076] ➜ [1077]
[2026-08-11 17:30:10.047428] [INFO] [path_server] 새로운 경로 설정 : path[1076 ➜ 12] time[0s] dist[30.1231m] list[17] : 1076-1077-1078-1390-1391-1001-1002-1003-1004-1005-1006-1007-1008-1010-1017-1039-12
[2026-08-11 17:30:13.441509] [INFO] [path_server] 노드 업데이트 : [1077] ➜ [1078]
[2026-08-11 17:30:13.521437] [INFO] [path_server] 새로운 경로 설정 : path[1077 ➜ 12] time[0s] dist[28.6231m] list[16] : 1077-1078-1390-1391-1001-1002-1003-1004-1005-1006-1007-1008-1010-1017-1039-12
[2026-08-11 17:30:14.559254] [INFO] [path_server] 노드 업데이트 : [1078] ➜ [1390]
[2026-08-11 17:30:14.639186] [INFO] [path_server] 새로운 경로 설정 : path[1078 ➜ 12] time[0s] dist[27.1231m] list[15] : 1078-1390-1391-1001-1002-1003-1004-1005-1006-1007-1008-1010-1017-1039-12
[2026-08-11 17:30:15.377709] [INFO] [path_server] 노드 업데이트 : [1390] ➜ [1391]
[2026-08-11 17:30:15.437639] [INFO] [path_server] 새로운 경로 설정 : path[1390 ➜ 12] time[0s] dist[25.6231m] list[14] : 1390-1391-1001-1002-1003-1004-1005-1006-1007-1008-1010-1017-1039-12
[2026-08-11 17:30:16.136239] [INFO] [path_server] 노드 업데이트 : [1391] ➜ [1001]
[2026-08-11 17:30:16.216122] [INFO] [path_server] 새로운 경로 설정 : path[1391 ➜ 12] time[0s] dist[24.1231m] list[13] : 1391-1001-1002-1003-1004-1005-1006-1007-1008-1010-1017-1039-12
[2026-08-11 17:30:17.513563] [INFO] [path_server] 노드 업데이트 : [1001] ➜ [1002]
[2026-08-11 17:30:17.593446] [INFO] [path_server] 새로운 경로 설정 : path[1001 ➜ 12] time[0s] dist[22.6231m] list[12] : 1001-1002-1003-1004-1005-1006-1007-1008-1010-1017-1039-12
[2026-08-11 17:30:20.986899] [INFO] [path_server] 노드 업데이트 : [1002] ➜ [1003]
[2026-08-11 17:30:21.066711] [INFO] [path_server] 새로운 경로 설정 : path[1002 ➜ 12] time[0s] dist[21.1231m] list[11] : 1002-1003-1004-1005-1006-1007-1008-1010-1017-1039-12
[2026-08-11 17:30:22.084978] [INFO] [path_server] 노드 업데이트 : [1003] ➜ [1004]
[2026-08-11 17:30:22.145209] [INFO] [path_server] 새로운 경로 설정 : path[1003 ➜ 12] time[0s] dist[19.6231m] list[10] : 1003-1004-1005-1006-1007-1008-1010-1017-1039-12
[2026-08-11 17:30:22.904502] [INFO] [path_server] 노드 업데이트 : [1004] ➜ [1005]
[2026-08-11 17:30:22.984374] [INFO] [path_server] 새로운 경로 설정 : path[1004 ➜ 12] time[0s] dist[18.1231m] list[9] : 1004-1005-1006-1007-1008-1010-1017-1039-12
[2026-08-11 17:30:23.662974] [INFO] [path_server] 노드 업데이트 : [1005] ➜ [1006]
[2026-08-11 17:30:23.742906] [INFO] [path_server] 새로운 경로 설정 : path[1005 ➜ 12] time[0s] dist[16.6231m] list[8] : 1005-1006-1007-1008-1010-1017-1039-12
[2026-08-11 17:30:24.401529] [INFO] [path_server] 노드 업데이트 : [1006] ➜ [1007]
[2026-08-11 17:30:24.481395] [INFO] [path_server] 새로운 경로 설정 : path[1006 ➜ 12] time[0s] dist[15.1231m] list[7] : 1006-1007-1008-1010-1017-1039-12
[2026-08-11 17:30:24.760801] [INFO] [health_monitor] [등록][100015, 200001] : 배터리 남은 양 - 주의
[2026-08-11 17:30:25.159934] [INFO] [path_server] 노드 업데이트 : [1007] ➜ [1008]
[2026-08-11 17:30:25.239843] [INFO] [path_server] 새로운 경로 설정 : path[1007 ➜ 12] time[0s] dist[13.6231m] list[6] : 1007-1008-1010-1017-1039-12
[2026-08-11 17:30:25.918471] [INFO] [path_server] 노드 업데이트 : [1008] ➜ [1010]
[2026-08-11 17:30:25.978386] [INFO] [path_server] 새로운 경로 설정 : path[1008 ➜ 12] time[0s] dist[12.1231m] list[5] : 1008-1010-1017-1039-12
[2026-08-11 17:30:26.736816] [INFO] [path_server] 노드 업데이트 : [1010] ➜ [1017]
[2026-08-11 17:30:26.836641] [INFO] [path_server] 새로운 경로 설정 : path[1010 ➜ 12] time[0s] dist[10.6231m] list[4] : 1010-1017-1039-12
[2026-08-11 17:30:32.665548] [INFO] [path_server] 노드 업데이트 : [1017] ➜ [1039]
[2026-08-11 17:30:32.725485] [INFO] [path_server] 새로운 경로 설정 : path[1017 ➜ 12] time[0s] dist[6.5m] list[3] : 1017-1039-12
[2026-08-11 17:30:39.072859] [INFO] [path_server] 노드 업데이트 : [1039] ➜ [12]
[2026-08-11 17:30:39.132783] [INFO] [path_server] 새로운 경로 설정 : path[1039 ➜ 12] time[0s] dist[1.5m] list[2] : 1039-12
[2026-08-11 17:30:41.289172] [INFO] [path_server] 노드 업데이트 : [12] ➜ [-1]
[2026-08-11 17:30:44.143433] [INFO] [course_tracker] 목적지에서 각도 정렬 : [21.500m 21.000m 0.000°]
[2026-08-11 17:30:44.522540] [INFO] [path_server] 노드 업데이트 : [12] ➜ [-1]
[2026-08-11 17:30:44.542540] [INFO] [task::fsm] go_to_done
[2026-08-11 17:30:44.602417] [INFO] [task::fsm] unloading
[2026-08-11 17:30:44.602427] [INFO] [load_handler] 하차 시작
[2026-08-11 17:30:46.618217] [INFO] [load_handler] 하차 완료
[2026-08-11 17:30:46.638223] [INFO] [task::fsm] unloading_done
[2026-08-11 17:30:46.698099] [INFO] [task::fsm] idle
[2026-08-11 17:30:46.698108] [INFO] [course_manager] 코스 삭제
[2026-08-11 17:30:46.698110] [INFO] [path_server] 경로 삭제
[2026-08-11 17:30:46.817926] [INFO] [path_server] 새로운 경로 설정 : path[12 ➜ 107] time[0s] dist[80m] list[52] : 12-1045-1048-1130-1051-1052-1198-1199-1053-1054-1055-1056-1057-1058-1059-1060-1061-1062-1063-1064-1065-40-1067-1068-1069-1070-1071-1072-1073-1074-1075-1076-1159-1158-1157-1160-1161-1162-1163-1164-1165-1166-1167-1168-41-1170-1171-1172-1173-1174-1175-107
[2026-08-11 17:30:49.552266] [INFO] [path_server] 노드 업데이트 : [1045] ➜ [1048]
[2026-08-11 17:30:49.632328] [INFO] [path_server] 새로운 경로 설정 : path[1045 ➜ 107] time[0s] dist[78m] list[51] : 1045-1048-1130-1051-1052-1198-1199-1053-1054-1055-1056-1057-1058-1059-1060-1061-1062-1063-1064-1065-40-1067-1068-1069-1070-1071-1072-1073-1074-1075-1076-1159-1158-1157-1160-1161-1162-1163-1164-1165-1166-1167-1168-41-1170-1171-1172-1173-1174-1175-107
[2026-08-11 17:30:51.289252] [INFO] [path_server] 노드 업데이트 : [1048] ➜ [1130]
[2026-08-11 17:30:51.369365] [INFO] [path_server] 새로운 경로 설정 : path[1048 ➜ 107] time[0s] dist[75.5m] list[50] : 1048-1130-1051-1052-1198-1199-1053-1054-1055-1056-1057-1058-1059-1060-1061-1062-1063-1064-1065-40-1067-1068-1069-1070-1071-1072-1073-1074-1075-1076-1159-1158-1157-1160-1161-1162-1163-1164-1165-1166-1167-1168-41-1170-1171-1172-1173-1174-1175-107
[2026-08-11 17:30:56.499391] [INFO] [path_server] 노드 업데이트 : [1130] ➜ [1051]
[2026-08-11 17:30:56.579258] [INFO] [path_server] 새로운 경로 설정 : path[1130 ➜ 107] time[0s] dist[73m] list[49] : 1130-1051-1052-1198-1199-1053-1054-1055-1056-1057-1058-1059-1060-1061-1062-1063-1064-1065-40-1067-1068-1069-1070-1071-1072-1073-1074-1075-1076-1159-1158-1157-1160-1161-1162-1163-1164-1165-1166-1167-1168-41-1170-1171-1172-1173-1174-1175-107
[2026-08-11 17:30:58.235827] [INFO] [path_server] 노드 업데이트 : [1051] ➜ [1052]
[2026-08-11 17:30:58.315715] [INFO] [path_server] 새로운 경로 설정 : path[1051 ➜ 107] time[0s] dist[70.5m] list[48] : 1051-1052-1198-1199-1053-1054-1055-1056-1057-1058-1059-1060-1061-1062-1063-1064-1065-40-1067-1068-1069-1070-1071-1072-1073-1074-1075-1076-1159-1158-1157-1160-1161-1162-1163-1164-1165-1166-1167-1168-41-1170-1171-1172-1173-1174-1175-107
[2026-08-11 17:31:02.467446] [INFO] [path_server] 노드 업데이트 : [1052] ➜ [1198]
[2026-08-11 17:31:02.547421] [INFO] [path_server] 새로운 경로 설정 : path[1052 ➜ 107] time[0s] dist[69m] list[47] : 1052-1198-1199-1053-1054-1055-1056-1057-1058-1059-1060-1061-1062-1063-1064-1065-40-1067-1068-1069-1070-1071-1072-1073-1074-1075-1076-1159-1158-1157-1160-1161-1162-1163-1164-1165-1166-1167-1168-41-1170-1171-1172-1173-1174-1175-107
[2026-08-11 17:31:03.984770] [INFO] [path_server] 노드 업데이트 : [1198] ➜ [1199]
[2026-08-11 17:31:04.064637] [INFO] [path_server] 새로운 경로 설정 : path[1198 ➜ 107] time[0s] dist[67.5m] list[46] : 1198-1199-1053-1054-1055-1056-1057-1058-1059-1060-1061-1062-1063-1064-1065-40-1067-1068-1069-1070-1071-1072-1073-1074-1075-1076-1159-1158-1157-1160-1161-1162-1163-1164-1165-1166-1167-1168-41-1170-1171-1172-1173-1174-1175-107
[2026-08-11 17:31:07.438916] [INFO] [path_server] 노드 업데이트 : [1199] ➜ [1053]
[2026-08-11 17:31:07.518781] [INFO] [path_server] 새로운 경로 설정 : path[1199 ➜ 107] time[0s] dist[66m] list[45] : 1199-1053-1054-1055-1056-1057-1058-1059-1060-1061-1062-1063-1064-1065-40-1067-1068-1069-1070-1071-1072-1073-1074-1075-1076-1159-1158-1157-1160-1161-1162-1163-1164-1165-1166-1167-1168-41-1170-1171-1172-1173-1174-1175-107
[2026-08-11 17:31:08.536663] [INFO] [path_server] 노드 업데이트 : [1053] ➜ [1054]
[2026-08-11 17:31:08.596646] [INFO] [path_server] 새로운 경로 설정 : path[1053 ➜ 107] time[0s] dist[64.5m] list[44] : 1053-1054-1055-1056-1057-1058-1059-1060-1061-1062-1063-1064-1065-40-1067-1068-1069-1070-1071-1072-1073-1074-1075-1076-1159-1158-1157-1160-1161-1162-1163-1164-1165-1166-1167-1168-41-1170-1171-1172-1173-1174-1175-107
[2026-08-11 17:31:09.355411] [INFO] [path_server] 노드 업데이트 : [1054] ➜ [1055]
[2026-08-11 17:31:09.435334] [INFO] [path_server] 새로운 경로 설정 : path[1054 ➜ 107] time[0s] dist[63m] list[43] : 1054-1055-1056-1057-1058-1059-1060-1061-1062-1063-1064-1065-40-1067-1068-1069-1070-1071-1072-1073-1074-1075-1076-1159-1158-1157-1160-1161-1162-1163-1164-1165-1166-1167-1168-41-1170-1171-1172-1173-1174-1175-107
[2026-08-11 17:31:10.093922] [INFO] [path_server] 노드 업데이트 : [1055] ➜ [1056]
[2026-08-11 17:31:10.153817] [INFO] [path_server] 새로운 경로 설정 : path[1055 ➜ 107] time[0s] dist[61.5m] list[42] : 1055-1056-1057-1058-1059-1060-1061-1062-1063-1064-1065-40-1067-1068-1069-1070-1071-1072-1073-1074-1075-1076-1159-1158-1157-1160-1161-1162-1163-1164-1165-1166-1167-1168-41-1170-1171-1172-1173-1174-1175-107
[2026-08-11 17:31:11.351309] [INFO] [path_server] 노드 업데이트 : [1056] ➜ [1057]
[2026-08-11 17:31:11.411215] [INFO] [path_server] 새로운 경로 설정 : path[1056 ➜ 107] time[0s] dist[60m] list[41] : 1056-1057-1058-1059-1060-1061-1062-1063-1064-1065-40-1067-1068-1069-1070-1071-1072-1073-1074-1075-1076-1159-1158-1157-1160-1161-1162-1163-1164-1165-1166-1167-1168-41-1170-1171-1172-1173-1174-1175-107
[2026-08-11 17:31:14.645019] [INFO] [path_server] 노드 업데이트 : [1057] ➜ [1058]
[2026-08-11 17:31:14.704963] [INFO] [path_server] 새로운 경로 설정 : path[1057 ➜ 107] time[0s] dist[58.5m] list[40] : 1057-1058-1059-1060-1061-1062-1063-1064-1065-40-1067-1068-1069-1070-1071-1072-1073-1074-1075-1076-1159-1158-1157-1160-1161-1162-1163-1164-1165-1166-1167-1168-41-1170-1171-1172-1173-1174-1175-107
[2026-08-11 17:31:15.802563] [INFO] [path_server] 노드 업데이트 : [1058] ➜ [1059]
[2026-08-11 17:31:15.882504] [INFO] [path_server] 새로운 경로 설정 : path[1058 ➜ 107] time[0s] dist[57m] list[39] : 1058-1059-1060-1061-1062-1063-1064-1065-40-1067-1068-1069-1070-1071-1072-1073-1074-1075-1076-1159-1158-1157-1160-1161-1162-1163-1164-1165-1166-1167-1168-41-1170-1171-1172-1173-1174-1175-107
[2026-08-11 17:31:16.640957] [INFO] [path_server] 노드 업데이트 : [1059] ➜ [1060]
[2026-08-11 17:31:16.720902] [INFO] [path_server] 새로운 경로 설정 : path[1059 ➜ 107] time[0s] dist[55.5m] list[38] : 1059-1060-1061-1062-1063-1064-1065-40-1067-1068-1069-1070-1071-1072-1073-1074-1075-1076-1159-1158-1157-1160-1161-1162-1163-1164-1165-1166-1167-1168-41-1170-1171-1172-1173-1174-1175-107
[2026-08-11 17:31:17.379622] [INFO] [path_server] 노드 업데이트 : [1060] ➜ [1061]
[2026-08-11 17:31:17.459508] [INFO] [path_server] 새로운 경로 설정 : path[1060 ➜ 107] time[0s] dist[54m] list[37] : 1060-1061-1062-1063-1064-1065-40-1067-1068-1069-1070-1071-1072-1073-1074-1075-1076-1159-1158-1157-1160-1161-1162-1163-1164-1165-1166-1167-1168-41-1170-1171-1172-1173-1174-1175-107
[2026-08-11 17:31:18.138175] [INFO] [path_server] 노드 업데이트 : [1061] ➜ [1062]
[2026-08-11 17:31:18.218128] [INFO] [path_server] 새로운 경로 설정 : path[1061 ➜ 107] time[0s] dist[52.5m] list[36] : 1061-1062-1063-1064-1065-40-1067-1068-1069-1070-1071-1072-1073-1074-1075-1076-1159-1158-1157-1160-1161-1162-1163-1164-1165-1166-1167-1168-41-1170-1171-1172-1173-1174-1175-107
[2026-08-11 17:31:18.896755] [INFO] [path_server] 노드 업데이트 : [1062] ➜ [1063]
[2026-08-11 17:31:18.956672] [INFO] [path_server] 새로운 경로 설정 : path[1062 ➜ 107] time[0s] dist[51m] list[35] : 1062-1063-1064-1065-40-1067-1068-1069-1070-1071-1072-1073-1074-1075-1076-1159-1158-1157-1160-1161-1162-1163-1164-1165-1166-1167-1168-41-1170-1171-1172-1173-1174-1175-107
[2026-08-11 17:31:19.635369] [INFO] [path_server] 노드 업데이트 : [1063] ➜ [1064]
[2026-08-11 17:31:19.715278] [INFO] [path_server] 새로운 경로 설정 : path[1063 ➜ 107] time[0s] dist[49.5m] list[34] : 1063-1064-1065-40-1067-1068-1069-1070-1071-1072-1073-1074-1075-1076-1159-1158-1157-1160-1161-1162-1163-1164-1165-1166-1167-1168-41-1170-1171-1172-1173-1174-1175-107
[2026-08-11 17:31:20.393815] [INFO] [path_server] 노드 업데이트 : [1064] ➜ [1065]
[2026-08-11 17:31:20.473739] [INFO] [path_server] 새로운 경로 설정 : path[1064 ➜ 107] time[0s] dist[48m] list[33] : 1064-1065-40-1067-1068-1069-1070-1071-1072-1073-1074-1075-1076-1159-1158-1157-1160-1161-1162-1163-1164-1165-1166-1167-1168-41-1170-1171-1172-1173-1174-1175-107
[2026-08-11 17:31:21.132462] [INFO] [path_server] 노드 업데이트 : [1065] ➜ [40]
[2026-08-11 17:31:21.212464] [INFO] [path_server] 새로운 경로 설정 : path[1065 ➜ 107] time[0s] dist[46.5m] list[32] : 1065-40-1067-1068-1069-1070-1071-1072-1073-1074-1075-1076-1159-1158-1157-1160-1161-1162-1163-1164-1165-1166-1167-1168-41-1170-1171-1172-1173-1174-1175-107
[2026-08-11 17:31:21.890935] [INFO] [path_server] 노드 업데이트 : [40] ➜ [1067]
[2026-08-11 17:31:21.970847] [INFO] [path_server] 새로운 경로 설정 : path[40 ➜ 107] time[0s] dist[45m] list[31] : 40-1067-1068-1069-1070-1071-1072-1073-1074-1075-1076-1159-1158-1157-1160-1161-1162-1163-1164-1165-1166-1167-1168-41-1170-1171-1172-1173-1174-1175-107
[2026-08-11 17:31:22.630658] [INFO] [path_server] 노드 업데이트 : [1067] ➜ [1068]
[2026-08-11 17:31:22.710529] [INFO] [path_server] 새로운 경로 설정 : path[1067 ➜ 107] time[0s] dist[43.5m] list[30] : 1067-1068-1069-1070-1071-1072-1073-1074-1075-1076-1159-1158-1157-1160-1161-1162-1163-1164-1165-1166-1167-1168-41-1170-1171-1172-1173-1174-1175-107
[2026-08-11 17:31:23.389049] [INFO] [path_server] 노드 업데이트 : [1068] ➜ [1069]
[2026-08-11 17:31:23.468993] [INFO] [path_server] 새로운 경로 설정 : path[1068 ➜ 107] time[0s] dist[42m] list[29] : 1068-1069-1070-1071-1072-1073-1074-1075-1076-1159-1158-1157-1160-1161-1162-1163-1164-1165-1166-1167-1168-41-1170-1171-1172-1173-1174-1175-107
[2026-08-11 17:31:24.147541] [INFO] [path_server] 노드 업데이트 : [1069] ➜ [1070]
[2026-08-11 17:31:24.207460] [INFO] [path_server] 새로운 경로 설정 : path[1069 ➜ 107] time[0s] dist[40.5m] list[28] : 1069-1070-1071-1072-1073-1074-1075-1076-1159-1158-1157-1160-1161-1162-1163-1164-1165-1166-1167-1168-41-1170-1171-1172-1173-1174-1175-107
[2026-08-11 17:31:24.886117] [INFO] [path_server] 노드 업데이트 : [1070] ➜ [1071]
[2026-08-11 17:31:24.966029] [INFO] [path_server] 새로운 경로 설정 : path[1070 ➜ 107] time[0s] dist[39m] list[27] : 1070-1071-1072-1073-1074-1075-1076-1159-1158-1157-1160-1161-1162-1163-1164-1165-1166-1167-1168-41-1170-1171-1172-1173-1174-1175-107
[2026-08-11 17:31:25.644673] [INFO] [path_server] 노드 업데이트 : [1071] ➜ [1072]
[2026-08-11 17:31:25.704604] [INFO] [path_server] 새로운 경로 설정 : path[1071 ➜ 107] time[0s] dist[37.5m] list[26] : 1071-1072-1073-1074-1075-1076-1159-1158-1157-1160-1161-1162-1163-1164-1165-1166-1167-1168-41-1170-1171-1172-1173-1174-1175-107
[2026-08-11 17:31:26.383088] [INFO] [path_server] 노드 업데이트 : [1072] ➜ [1073]
[2026-08-11 17:31:26.463008] [INFO] [path_server] 새로운 경로 설정 : path[1072 ➜ 107] time[0s] dist[36m] list[25] : 1072-1073-1074-1075-1076-1159-1158-1157-1160-1161-1162-1163-1164-1165-1166-1167-1168-41-1170-1171-1172-1173-1174-1175-107
[2026-08-11 17:31:27.141592] [INFO] [path_server] 노드 업데이트 : [1073] ➜ [1074]
[2026-08-11 17:31:27.201544] [INFO] [path_server] 새로운 경로 설정 : path[1073 ➜ 107] time[0s] dist[34.5m] list[24] : 1073-1074-1075-1076-1159-1158-1157-1160-1161-1162-1163-1164-1165-1166-1167-1168-41-1170-1171-1172-1173-1174-1175-107
[2026-08-11 17:31:27.880061] [INFO] [path_server] 노드 업데이트 : [1074] ➜ [1075]
[2026-08-11 17:31:27.960010] [INFO] [path_server] 새로운 경로 설정 : path[1074 ➜ 107] time[0s] dist[33m] list[23] : 1074-1075-1076-1159-1158-1157-1160-1161-1162-1163-1164-1165-1166-1167-1168-41-1170-1171-1172-1173-1174-1175-107
[2026-08-11 17:31:28.638600] [INFO] [path_server] 노드 업데이트 : [1075] ➜ [1076]
[2026-08-11 17:31:28.698531] [INFO] [path_server] 새로운 경로 설정 : path[1075 ➜ 107] time[0s] dist[31.5m] list[22] : 1075-1076-1159-1158-1157-1160-1161-1162-1163-1164-1165-1166-1167-1168-41-1170-1171-1172-1173-1174-1175-107
[2026-08-11 17:31:30.035990] [INFO] [path_server] 노드 업데이트 : [1076] ➜ [1159]
[2026-08-11 17:31:30.115948] [INFO] [path_server] 새로운 경로 설정 : path[1076 ➜ 107] time[0s] dist[30m] list[21] : 1076-1159-1158-1157-1160-1161-1162-1163-1164-1165-1166-1167-1168-41-1170-1171-1172-1173-1174-1175-107
[2026-08-11 17:31:33.509182] [INFO] [path_server] 노드 업데이트 : [1159] ➜ [1158]
[2026-08-11 17:31:33.589046] [INFO] [path_server] 새로운 경로 설정 : path[1159 ➜ 107] time[0s] dist[28.5m] list[20] : 1159-1158-1157-1160-1161-1162-1163-1164-1165-1166-1167-1168-41-1170-1171-1172-1173-1174-1175-107
[2026-08-11 17:31:34.626761] [INFO] [path_server] 노드 업데이트 : [1158] ➜ [1157]
[2026-08-11 17:31:34.706670] [INFO] [path_server] 새로운 경로 설정 : path[1158 ➜ 107] time[0s] dist[27m] list[19] : 1158-1157-1160-1161-1162-1163-1164-1165-1166-1167-1168-41-1170-1171-1172-1173-1174-1175-107
[2026-08-11 17:31:36.044060] [INFO] [path_server] 노드 업데이트 : [1157] ➜ [1160]
[2026-08-11 17:31:36.103975] [INFO] [path_server] 새로운 경로 설정 : path[1157 ➜ 107] time[0s] dist[25.5m] list[18] : 1157-1160-1161-1162-1163-1164-1165-1166-1167-1168-41-1170-1171-1172-1173-1174-1175-107
[2026-08-11 17:31:39.477441] [INFO] [path_server] 노드 업데이트 : [1160] ➜ [1161]
[2026-08-11 17:31:39.557360] [INFO] [path_server] 새로운 경로 설정 : path[1160 ➜ 107] time[0s] dist[24m] list[17] : 1160-1161-1162-1163-1164-1165-1166-1167-1168-41-1170-1171-1172-1173-1174-1175-107
[2026-08-11 17:31:40.595212] [INFO] [path_server] 노드 업데이트 : [1161] ➜ [1162]
[2026-08-11 17:31:40.655127] [INFO] [path_server] 새로운 경로 설정 : path[1161 ➜ 107] time[0s] dist[22.5m] list[16] : 1161-1162-1163-1164-1165-1166-1167-1168-41-1170-1171-1172-1173-1174-1175-107
[2026-08-11 17:31:41.413558] [INFO] [path_server] 노드 업데이트 : [1162] ➜ [1163]
[2026-08-11 17:31:41.493419] [INFO] [path_server] 새로운 경로 설정 : path[1162 ➜ 107] time[0s] dist[21m] list[15] : 1162-1163-1164-1165-1166-1167-1168-41-1170-1171-1172-1173-1174-1175-107
[2026-08-11 17:31:42.152189] [INFO] [path_server] 노드 업데이트 : [1163] ➜ [1164]
[2026-08-11 17:31:42.212095] [INFO] [path_server] 새로운 경로 설정 : path[1163 ➜ 107] time[0s] dist[19.5m] list[14] : 1163-1164-1165-1166-1167-1168-41-1170-1171-1172-1173-1174-1175-107
[2026-08-11 17:31:42.910631] [INFO] [path_server] 노드 업데이트 : [1164] ➜ [1165]
[2026-08-11 17:31:42.990521] [INFO] [path_server] 새로운 경로 설정 : path[1164 ➜ 107] time[0s] dist[18m] list[13] : 1164-1165-1166-1167-1168-41-1170-1171-1172-1173-1174-1175-107
[2026-08-11 17:31:43.649069] [INFO] [path_server] 노드 업데이트 : [1165] ➜ [1166]
[2026-08-11 17:31:43.709015] [INFO] [path_server] 새로운 경로 설정 : path[1165 ➜ 107] time[0s] dist[16.5m] list[12] : 1165-1166-1167-1168-41-1170-1171-1172-1173-1174-1175-107
[2026-08-11 17:31:44.407529] [INFO] [path_server] 노드 업데이트 : [1166] ➜ [1167]
[2026-08-11 17:31:44.507347] [INFO] [path_server] 새로운 경로 설정 : path[1166 ➜ 107] time[0s] dist[15m] list[11] : 1166-1167-1168-41-1170-1171-1172-1173-1174-1175-107
[2026-08-11 17:31:45.166105] [INFO] [path_server] 노드 업데이트 : [1167] ➜ [1168]
[2026-08-11 17:31:45.245946] [INFO] [path_server] 새로운 경로 설정 : path[1167 ➜ 107] time[0s] dist[13.5m] list[10] : 1167-1168-41-1170-1171-1172-1173-1174-1175-107
[2026-08-11 17:31:45.904574] [INFO] [path_server] 노드 업데이트 : [1168] ➜ [41]
[2026-08-11 17:31:45.964463] [INFO] [path_server] 새로운 경로 설정 : path[1168 ➜ 107] time[0s] dist[12m] list[9] : 1168-41-1170-1171-1172-1173-1174-1175-107
[2026-08-11 17:31:46.662950] [INFO] [path_server] 노드 업데이트 : [41] ➜ [1170]
[2026-08-11 17:31:46.742800] [INFO] [path_server] 새로운 경로 설정 : path[41 ➜ 107] time[0s] dist[10.5m] list[8] : 41-1170-1171-1172-1173-1174-1175-107
[2026-08-11 17:31:47.401387] [INFO] [path_server] 노드 업데이트 : [1170] ➜ [1171]
[2026-08-11 17:31:47.461279] [INFO] [path_server] 새로운 경로 설정 : path[1170 ➜ 107] time[0s] dist[9m] list[7] : 1170-1171-1172-1173-1174-1175-107
[2026-08-11 17:31:48.159935] [INFO] [path_server] 노드 업데이트 : [1171] ➜ [1172]
[2026-08-11 17:31:48.239749] [INFO] [path_server] 새로운 경로 설정 : path[1171 ➜ 107] time[0s] dist[7.5m] list[6] : 1171-1172-1173-1174-1175-107
[2026-08-11 17:31:48.898408] [INFO] [path_server] 노드 업데이트 : [1172] ➜ [1173]
[2026-08-11 17:31:48.958279] [INFO] [path_server] 새로운 경로 설정 : path[1172 ➜ 107] time[0s] dist[6m] list[5] : 1172-1173-1174-1175-107
[2026-08-11 17:31:49.656814] [INFO] [path_server] 노드 업데이트 : [1173] ➜ [1174]
[2026-08-11 17:31:49.736695] [INFO] [path_server] 새로운 경로 설정 : path[1173 ➜ 107] time[0s] dist[4.5m] list[4] : 1173-1174-1175-107
[2026-08-11 17:31:50.415205] [INFO] [path_server] 노드 업데이트 : [1174] ➜ [1175]
[2026-08-11 17:31:50.495120] [INFO] [path_server] 새로운 경로 설정 : path[1174 ➜ 107] time[0s] dist[3m] list[3] : 1174-1175-107
[2026-08-11 17:31:51.732380] [INFO] [path_server] 노드 업데이트 : [1175] ➜ [107]
[2026-08-11 17:31:51.812275] [INFO] [path_server] 새로운 경로 설정 : path[1175 ➜ 107] time[0s] dist[1.5m] list[2] : 1175-107
[2026-08-11 17:31:55.704421] [INFO] [path_server] 노드 업데이트 : [107] ➜ [-1]
[2026-08-11 17:31:58.539157] [INFO] [course_tracker] 목적지에서 각도 정렬 : [26.000m 11.500m 0.000°]
[2026-08-11 17:31:59.557108] [INFO] [path_server] 노드 업데이트 : [107] ➜ [-1]
[2026-08-11 17:31:59.577104] [INFO] [task::fsm] push_done
[2026-08-11 17:31:59.636972] [INFO] [task::fsm] charging
[2026-08-11 17:31:59.636979] [INFO] [power_system] 충전 프로세스 시작
[2026-08-11 17:31:59.636993] [INFO] [health_monitor] [등록][100015, 100001] : 자동 충전 시작.
[2026-08-11 17:32:04.646692] [INFO] [health_monitor] [삭제][100015, 100001] : 자동 충전 시작.
[2026-08-11 17:32:15.884666] [INFO] [health_monitor] [삭제][100015, 200001] : 배터리 남은 양 - 주의
[2026-08-11 17:32:39.877179] [INFO] [power_system] 충전 완료
[2026-08-11 17:32:39.877197] [INFO] [health_monitor] [등록][100015, 100002] : 배터리 가득.
[2026-08-11 17:32:39.877200] [INFO] [health_monitor] [등록][100015, 100003] : 자동 충전 해제 시작.
[2026-08-11 17:32:44.887429] [INFO] [health_monitor] [삭제][100015, 100002] : 배터리 가득.
[2026-08-11 17:32:44.887436] [INFO] [health_monitor] [삭제][100015, 100003] : 자동 충전 해제 시작.
[2026-08-11 17:32:44.907367] [INFO] [power_system] 충전 해제 완료
[2026-08-11 17:32:44.907379] [INFO] [health_monitor] [등록][100015, 100004] : 자동 충전 해제 완료.
[2026-08-11 17:32:44.927298] [INFO] [task::fsm] discharging
[2026-08-11 17:32:44.927305] [INFO] [power_system] 충전 해제 프로세스 시작
[2026-08-11 17:32:44.927314] [INFO] [health_monitor] [등록][100015, 100003] : 자동 충전 해제 시작.
[2026-08-11 17:32:44.947291] [INFO] [task::fsm] idle
[2026-08-11 17:32:44.947295] [INFO] [course_manager] 코스 삭제
[2026-08-11 17:32:44.947297] [INFO] [path_server] 경로 삭제
[2026-08-11 17:32:44.967268] [INFO] [task::fsm] idle
[2026-08-11 17:32:44.967274] [INFO] [path_server] 경로 삭제
[2026-08-11 17:32:44.967273] [INFO] [course_manager] 코스 삭제
[2026-08-11 17:32:49.917373] [INFO] [health_monitor] [삭제][100015, 100004] : 자동 충전 해제 완료.
[2026-08-11 17:32:49.937312] [INFO] [health_monitor] [삭제][100015, 100003] : 자동 충전 해제 시작.
[2026-08-11 17:33:39.982743] [INFO] [task::fsm] charging
[2026-08-11 17:33:39.982765] [INFO] [health_monitor] [등록][100015, 100001] : 자동 충전 시작.
[2026-08-11 17:33:39.982751] [INFO] [power_system] 충전 프로세스 시작
[2026-08-11 17:33:44.995372] [INFO] [health_monitor] [삭제][100015, 100001] : 자동 충전 시작.
[2026-08-11 17:33:53.697768] [INFO] [power_system] 충전 완료
[2026-08-11 17:33:53.697787] [INFO] [health_monitor] [등록][100015, 100002] : 배터리 가득.
[2026-08-11 17:33:53.697790] [INFO] [health_monitor] [등록][100015, 100003] : 자동 충전 해제 시작.
[2026-08-11 17:33:58.707985] [INFO] [health_monitor] [삭제][100015, 100002] : 배터리 가득.
[2026-08-11 17:33:58.707992] [INFO] [health_monitor] [삭제][100015, 100003] : 자동 충전 해제 시작.
[2026-08-11 17:33:58.727893] [INFO] [power_system] 충전 해제 완료
[2026-08-11 17:33:58.727907] [INFO] [health_monitor] [등록][100015, 100004] : 자동 충전 해제 완료.
[2026-08-11 17:33:58.747899] [INFO] [task::fsm] discharging
[2026-08-11 17:33:58.747907] [INFO] [power_system] 충전 해제 프로세스 시작
[2026-08-11 17:33:58.747916] [INFO] [health_monitor] [등록][100015, 100003] : 자동 충전 해제 시작.
[2026-08-11 17:33:58.767870] [INFO] [task::fsm] idle
[2026-08-11 17:33:58.767882] [INFO] [path_server] 경로 삭제
[2026-08-11 17:33:58.767878] [INFO] [course_manager] 코스 삭제
[2026-08-11 17:33:58.807786] [INFO] [task::fsm] idle
[2026-08-11 17:33:58.807793] [INFO] [course_manager] 코스 삭제
[2026-08-11 17:33:58.807795] [INFO] [path_server] 경로 삭제
[2026-08-11 17:34:03.741387] [INFO] [health_monitor] [삭제][100015, 100004] : 자동 충전 해제 완료.
[2026-08-11 17:34:03.761290] [INFO] [health_monitor] [삭제][100015, 100003] : 자동 충전 해제 시작.
[2026-08-11 17:34:07.094603] [INFO] [path_server] 새로운 경로 설정 : path[107 ➜ 208] time[0s] dist[19.5m] list[14] : 107-1175-1176-1177-1178-1081-1185-1186-1187-1188-1056-1057-1058-208
[2026-08-11 17:34:10.946806] [INFO] [path_server] 노드 업데이트 : [1175] ➜ [1176]
[2026-08-11 17:34:11.026681] [INFO] [path_server] 새로운 경로 설정 : path[1175 ➜ 208] time[0s] dist[18m] list[13] : 1175-1176-1177-1178-1081-1185-1186-1187-1188-1056-1057-1058-208
[2026-08-11 17:34:14.539625] [INFO] [path_server] 노드 업데이트 : [1176] ➜ [1177]
[2026-08-11 17:34:14.619448] [INFO] [path_server] 새로운 경로 설정 : path[1176 ➜ 208] time[0s] dist[16.5m] list[12] : 1176-1177-1178-1081-1185-1186-1187-1188-1056-1057-1058-208
[2026-08-11 17:34:15.657358] [INFO] [path_server] 노드 업데이트 : [1177] ➜ [1178]
[2026-08-11 17:34:15.737276] [INFO] [path_server] 새로운 경로 설정 : path[1177 ➜ 208] time[0s] dist[15m] list[11] : 1177-1178-1081-1185-1186-1187-1188-1056-1057-1058-208
[2026-08-11 17:34:16.475691] [INFO] [path_server] 노드 업데이트 : [1178] ➜ [1081]
[2026-08-11 17:34:16.535603] [INFO] [path_server] 새로운 경로 설정 : path[1178 ➜ 208] time[0s] dist[13.5m] list[10] : 1178-1081-1185-1186-1187-1188-1056-1057-1058-208
[2026-08-11 17:34:17.234143] [INFO] [path_server] 노드 업데이트 : [1081] ➜ [1185]
[2026-08-11 17:34:17.313998] [INFO] [path_server] 새로운 경로 설정 : path[1081 ➜ 208] time[0s] dist[12m] list[9] : 1081-1185-1186-1187-1188-1056-1057-1058-208
[2026-08-11 17:34:18.631305] [INFO] [path_server] 노드 업데이트 : [1185] ➜ [1186]
[2026-08-11 17:34:18.691204] [INFO] [path_server] 새로운 경로 설정 : path[1185 ➜ 208] time[0s] dist[10.5m] list[8] : 1185-1186-1187-1188-1056-1057-1058-208
[2026-08-11 17:34:22.106138] [INFO] [path_server] 노드 업데이트 : [1186] ➜ [1187]
[2026-08-11 17:34:22.186127] [INFO] [path_server] 새로운 경로 설정 : path[1186 ➜ 208] time[0s] dist[9m] list[7] : 1186-1187-1188-1056-1057-1058-208
[2026-08-11 17:34:23.204370] [INFO] [path_server] 노드 업데이트 : [1187] ➜ [1188]
[2026-08-11 17:34:23.284220] [INFO] [path_server] 새로운 경로 설정 : path[1187 ➜ 208] time[0s] dist[7.5m] list[6] : 1187-1188-1056-1057-1058-208
[2026-08-11 17:34:24.461954] [INFO] [path_server] 노드 업데이트 : [1188] ➜ [1056]
[2026-08-11 17:34:24.541842] [INFO] [path_server] 새로운 경로 설정 : path[1188 ➜ 208] time[0s] dist[6m] list[5] : 1188-1056-1057-1058-208
[2026-08-11 17:34:34.361932] [INFO] [framework] 프로그램 시작
[2026-08-11 17:34:34.361935] [WARNING] [framework] 프로그램 시작
[2026-08-11 17:34:34.361936] [CRITICAL] [framework] 프로그램 시작
[2026-08-11 17:34:34.361936] [INFO] [framework] 설정 파일 위치 : ../configs/robot_5
[2026-08-11 17:34:46.268255] [INFO] [framework] 프로그램 시작
[2026-08-11 17:34:46.268259] [WARNING] [framework] 프로그램 시작
[2026-08-11 17:34:46.268260] [CRITICAL] [framework] 프로그램 시작
[2026-08-11 17:34:46.268260] [INFO] [framework] 설정 파일 위치 : ../configs/robot_5
[2026-08-11 17:34:46.268373] [INFO] [framework] ID[0, 5], 이름[한다섯], 제어주기[20ms], 버젼[], 장소[우리집], 환경모드[simulation]
[2026-08-11 17:34:46.268395] [INFO] [mediator] 생성
[2026-08-11 17:34:46.268412] [INFO] [graph_manager] 생성
[2026-08-11 17:34:46.298279] [INFO] [stop_server] 생성
[2026-08-11 17:34:46.298297] [INFO] [health_monitor] 생성
[2026-08-11 17:34:46.298316] [INFO] [path_server] 생성
[2026-08-11 17:34:46.298334] [INFO] [course_manager] 생성
[2026-08-11 17:34:46.298347] [INFO] [task::fsm] 생성
[2026-08-11 17:34:46.298348] [INFO] [task::fsm] idle
[2026-08-11 17:34:46.298361] [INFO] [course_manager] 코스 삭제
[2026-08-11 17:34:46.298361] [INFO] [path_server] 경로 삭제
[2026-08-11 17:34:46.298374] [INFO] [task_manager] 생성
[2026-08-11 17:34:46.298481] [INFO] [mediator] connectors 생성
[2026-08-11 17:34:46.298496] [INFO] [fms] 생성
[2026-08-11 17:34:46.298497] [INFO] [fms] 통신 드라이버 생성
[2026-08-11 17:34:46.298791] [INFO] [motions] 생성
[2026-08-11 17:34:46.298809] [INFO] [localizers] 생성
[2026-08-11 17:34:46.298906] [INFO] [localizers] 파라미터 : 

[2026-08-11 17:34:46.298922] [INFO] [safety_plc] 생성
[2026-08-11 17:34:46.298938] [INFO] [load_handler] 생성
[2026-08-11 17:34:46.298956] [INFO] [power_system] 생성
[2026-08-11 17:34:46.299061] [INFO] [power_system] 설정 정보 : remaining[40%, 10%, 5%]
[2026-08-11 17:34:46.299473] [INFO] [power_system] 알람 목록 : 
 • [100015, 100001] [INFO] 자동 충전 시작.
 • [100015, 100002] [INFO] 배터리 가득.
 • [100015, 400001] [CRIT] 배터리 남은 양 - 위험
 • [100015, 300001] [ERROR] 배터리 남은 양 - 에러
 • [100015, 200001] [WARN] 배터리 남은 양 - 주의
 • [100015, 100004] [INFO] 자동 충전 해제 완료.
 • [100015, 100003] [INFO] 자동 충전 해제 시작.
[2026-08-11 17:34:46.299476] [INFO] [mediator] connector 의존성 주입
[2026-08-11 17:34:46.299485] [INFO] [mediator] any map 등록
[2026-08-11 17:34:46.299492] [INFO] [mediator] any collector 등록
[2026-08-11 17:34:46.299496] [INFO] [mediator] any collector 목록 검사
[2026-08-11 17:34:46.299542] [INFO] [framework] after init 실행
[2026-08-11 17:34:46.299927] [INFO] [course_tracker] 생성
[2026-08-11 17:34:46.299951] [INFO] [course_tracker] 파라미터 : 
◈ node_bound[0.020m, 0.150m, 0.005m]
 • approach[0.150m, 0.050m/s, -0.005m, -0.200m, 0.100m]
 • align[(10.000°, 5.000°/s), 50.000°, 30.000°/s), 0.800°, -0.100°]
◈ motion param : 
 • reference_angle[0.000°, 45.000°]
 • threshold_angle[15.000°, 20.000°, 170.000°]
 • threshold_error[0.300°, 5.000°]
 • normal[0.150m/s, 8.000, 0.800m/s, 0.500]
 • angle[0.150m/s, 1.500, 0.800m/s, 2.100]
 • protection_overshoot[0.100m/s, 0.900, 0.500m/s, 0.900]
 • speed_rotation[15.000°/s]
[2026-08-11 17:34:46.299956] [INFO] [framework] 제어 쓰레드 시작
[2026-08-11 17:34:46.300014] [INFO] [path_server] 노드 초기화 성공 : 로봇 좌표[28.671m 17.515m -178.722°] 최단 거리 노드[1058] 거리(0.329662m)
[2026-08-11 17:34:46.300083] [INFO] [health_monitor] [등록][100015, 200001] : 배터리 남은 양 - 주의
[2026-08-11 17:34:54.884380] [INFO] [path_server] 새로운 경로 설정 : path[1058 ➜ 105] time[0s] dist[54m] list[37] : 1058-1059-1060-1061-1062-1063-1064-1065-40-1067-1068-1069-1070-1071-1072-1073-1074-1075-1076-1159-1158-1157-1160-1161-1162-1163-1164-1165-1166-1167-1168-41-1170-1171-1172-1173-105
[2026-08-11 17:34:54.884397] [INFO] [course_tracker] 방향 정렬 설정 State::processing[－, -179.9°]
[2026-08-11 17:34:54.984070] [INFO] [course_tracker] 방향 정렬 완료 
[2026-08-11 17:34:57.019939] [INFO] [path_server] 노드 업데이트 : [1059] ➜ [1060]
[2026-08-11 17:34:57.099863] [INFO] [path_server] 새로운 경로 설정 : path[1059 ➜ 105] time[0s] dist[52.5m] list[36] : 1059-1060-1061-1062-1063-1064-1065-40-1067-1068-1069-1070-1071-1072-1073-1074-1075-1076-1159-1158-1157-1160-1161-1162-1163-1164-1165-1166-1167-1168-41-1170-1171-1172-1173-105
[2026-08-11 17:34:58.177621] [INFO] [path_server] 노드 업데이트 : [1060] ➜ [1061]
[2026-08-11 17:34:58.257517] [INFO] [path_server] 새로운 경로 설정 : path[1060 ➜ 105] time[0s] dist[51m] list[35] : 1060-1061-1062-1063-1064-1065-40-1067-1068-1069-1070-1071-1072-1073-1074-1075-1076-1159-1158-1157-1160-1161-1162-1163-1164-1165-1166-1167-1168-41-1170-1171-1172-1173-105
[2026-08-11 17:34:59.015989] [INFO] [path_server] 노드 업데이트 : [1061] ➜ [1062]
[2026-08-11 17:34:59.095894] [INFO] [path_server] 새로운 경로 설정 : path[1061 ➜ 105] time[0s] dist[49.5m] list[34] : 1061-1062-1063-1064-1065-40-1067-1068-1069-1070-1071-1072-1073-1074-1075-1076-1159-1158-1157-1160-1161-1162-1163-1164-1165-1166-1167-1168-41-1170-1171-1172-1173-105
[2026-08-11 17:34:59.754503] [INFO] [path_server] 노드 업데이트 : [1062] ➜ [1063]
[2026-08-11 17:34:59.814427] [INFO] [path_server] 새로운 경로 설정 : path[1062 ➜ 105] time[0s] dist[48m] list[33] : 1062-1063-1064-1065-40-1067-1068-1069-1070-1071-1072-1073-1074-1075-1076-1159-1158-1157-1160-1161-1162-1163-1164-1165-1166-1167-1168-41-1170-1171-1172-1173-105
[2026-08-11 17:35:00.513076] [INFO] [path_server] 노드 업데이트 : [1063] ➜ [1064]
[2026-08-11 17:35:00.592950] [INFO] [path_server] 새로운 경로 설정 : path[1063 ➜ 105] time[0s] dist[46.5m] list[32] : 1063-1064-1065-40-1067-1068-1069-1070-1071-1072-1073-1074-1075-1076-1159-1158-1157-1160-1161-1162-1163-1164-1165-1166-1167-1168-41-1170-1171-1172-1173-105
[2026-08-11 17:35:01.251603] [INFO] [path_server] 노드 업데이트 : [1064] ➜ [1065]
[2026-08-11 17:35:01.331577] [INFO] [path_server] 새로운 경로 설정 : path[1064 ➜ 105] time[0s] dist[45m] list[31] : 1064-1065-40-1067-1068-1069-1070-1071-1072-1073-1074-1075-1076-1159-1158-1157-1160-1161-1162-1163-1164-1165-1166-1167-1168-41-1170-1171-1172-1173-105
[2026-08-11 17:35:02.010437] [INFO] [path_server] 노드 업데이트 : [1065] ➜ [40]
[2026-08-11 17:35:02.070349] [INFO] [path_server] 새로운 경로 설정 : path[1065 ➜ 105] time[0s] dist[43.5m] list[30] : 1065-40-1067-1068-1069-1070-1071-1072-1073-1074-1075-1076-1159-1158-1157-1160-1161-1162-1163-1164-1165-1166-1167-1168-41-1170-1171-1172-1173-105
[2026-08-11 17:35:02.769227] [INFO] [path_server] 노드 업데이트 : [40] ➜ [1067]
[2026-08-11 17:35:02.849132] [INFO] [path_server] 새로운 경로 설정 : path[40 ➜ 105] time[0s] dist[42m] list[29] : 40-1067-1068-1069-1070-1071-1072-1073-1074-1075-1076-1159-1158-1157-1160-1161-1162-1163-1164-1165-1166-1167-1168-41-1170-1171-1172-1173-105
[2026-08-11 17:35:03.507789] [INFO] [path_server] 노드 업데이트 : [1067] ➜ [1068]
[2026-08-11 17:35:03.567708] [INFO] [path_server] 새로운 경로 설정 : path[1067 ➜ 105] time[0s] dist[40.5m] list[28] : 1067-1068-1069-1070-1071-1072-1073-1074-1075-1076-1159-1158-1157-1160-1161-1162-1163-1164-1165-1166-1167-1168-41-1170-1171-1172-1173-105
[2026-08-11 17:35:04.266380] [INFO] [path_server] 노드 업데이트 : [1068] ➜ [1069]
[2026-08-11 17:35:04.346286] [INFO] [path_server] 새로운 경로 설정 : path[1068 ➜ 105] time[0s] dist[39m] list[27] : 1068-1069-1070-1071-1072-1073-1074-1075-1076-1159-1158-1157-1160-1161-1162-1163-1164-1165-1166-1167-1168-41-1170-1171-1172-1173-105
[2026-08-11 17:35:05.004887] [INFO] [path_server] 노드 업데이트 : [1069] ➜ [1070]
[2026-08-11 17:35:05.064809] [INFO] [path_server] 새로운 경로 설정 : path[1069 ➜ 105] time[0s] dist[37.5m] list[26] : 1069-1070-1071-1072-1073-1074-1075-1076-1159-1158-1157-1160-1161-1162-1163-1164-1165-1166-1167-1168-41-1170-1171-1172-1173-105
[2026-08-11 17:35:05.763377] [INFO] [path_server] 노드 업데이트 : [1070] ➜ [1071]
[2026-08-11 17:35:05.843225] [INFO] [path_server] 새로운 경로 설정 : path[1070 ➜ 105] time[0s] dist[36m] list[25] : 1070-1071-1072-1073-1074-1075-1076-1159-1158-1157-1160-1161-1162-1163-1164-1165-1166-1167-1168-41-1170-1171-1172-1173-105
[2026-08-11 17:35:06.501802] [INFO] [path_server] 노드 업데이트 : [1071] ➜ [1072]
[2026-08-11 17:35:06.561736] [INFO] [path_server] 새로운 경로 설정 : path[1071 ➜ 105] time[0s] dist[34.5m] list[24] : 1071-1072-1073-1074-1075-1076-1159-1158-1157-1160-1161-1162-1163-1164-1165-1166-1167-1168-41-1170-1171-1172-1173-105
[2026-08-11 17:35:07.260501] [INFO] [path_server] 노드 업데이트 : [1072] ➜ [1073]
[2026-08-11 17:35:07.340361] [INFO] [path_server] 새로운 경로 설정 : path[1072 ➜ 105] time[0s] dist[33m] list[23] : 1072-1073-1074-1075-1076-1159-1158-1157-1160-1161-1162-1163-1164-1165-1166-1167-1168-41-1170-1171-1172-1173-105
[2026-08-11 17:35:08.018928] [INFO] [path_server] 노드 업데이트 : [1073] ➜ [1074]
[2026-08-11 17:35:08.098875] [INFO] [path_server] 새로운 경로 설정 : path[1073 ➜ 105] time[0s] dist[31.5m] list[22] : 1073-1074-1075-1076-1159-1158-1157-1160-1161-1162-1163-1164-1165-1166-1167-1168-41-1170-1171-1172-1173-105
[2026-08-11 17:35:08.757541] [INFO] [path_server] 노드 업데이트 : [1074] ➜ [1075]
[2026-08-11 17:35:08.837477] [INFO] [path_server] 새로운 경로 설정 : path[1074 ➜ 105] time[0s] dist[30m] list[21] : 1074-1075-1076-1159-1158-1157-1160-1161-1162-1163-1164-1165-1166-1167-1168-41-1170-1171-1172-1173-105
[2026-08-11 17:35:09.516061] [INFO] [path_server] 노드 업데이트 : [1075] ➜ [1076]
[2026-08-11 17:35:09.595981] [INFO] [path_server] 새로운 경로 설정 : path[1075 ➜ 105] time[0s] dist[28.5m] list[20] : 1075-1076-1159-1158-1157-1160-1161-1162-1163-1164-1165-1166-1167-1168-41-1170-1171-1172-1173-105
[2026-08-11 17:35:10.913485] [INFO] [path_server] 노드 업데이트 : [1076] ➜ [1159]
[2026-08-11 17:35:10.993337] [INFO] [path_server] 새로운 경로 설정 : path[1076 ➜ 105] time[0s] dist[27m] list[19] : 1076-1159-1158-1157-1160-1161-1162-1163-1164-1165-1166-1167-1168-41-1170-1171-1172-1173-105
[2026-08-11 17:35:14.386438] [INFO] [path_server] 노드 업데이트 : [1159] ➜ [1158]
[2026-08-11 17:35:14.446352] [INFO] [path_server] 새로운 경로 설정 : path[1159 ➜ 105] time[0s] dist[25.5m] list[18] : 1159-1158-1157-1160-1161-1162-1163-1164-1165-1166-1167-1168-41-1170-1171-1172-1173-105
[2026-08-11 17:35:15.504222] [INFO] [path_server] 노드 업데이트 : [1158] ➜ [1157]
[2026-08-11 17:35:15.584104] [INFO] [path_server] 새로운 경로 설정 : path[1158 ➜ 105] time[0s] dist[24m] list[17] : 1158-1157-1160-1161-1162-1163-1164-1165-1166-1167-1168-41-1170-1171-1172-1173-105
[2026-08-11 17:35:16.921342] [INFO] [path_server] 노드 업데이트 : [1157] ➜ [1160]
[2026-08-11 17:35:17.001267] [INFO] [path_server] 새로운 경로 설정 : path[1157 ➜ 105] time[0s] dist[22.5m] list[16] : 1157-1160-1161-1162-1163-1164-1165-1166-1167-1168-41-1170-1171-1172-1173-105
[2026-08-11 17:35:20.374377] [INFO] [path_server] 노드 업데이트 : [1160] ➜ [1161]
[2026-08-11 17:35:20.434304] [INFO] [path_server] 새로운 경로 설정 : path[1160 ➜ 105] time[0s] dist[21m] list[15] : 1160-1161-1162-1163-1164-1165-1166-1167-1168-41-1170-1171-1172-1173-105
[2026-08-11 17:35:21.472033] [INFO] [path_server] 노드 업데이트 : [1161] ➜ [1162]
[2026-08-11 17:35:21.551944] [INFO] [path_server] 새로운 경로 설정 : path[1161 ➜ 105] time[0s] dist[19.5m] list[14] : 1161-1162-1163-1164-1165-1166-1167-1168-41-1170-1171-1172-1173-105
[2026-08-11 17:35:22.290418] [INFO] [path_server] 노드 업데이트 : [1162] ➜ [1163]
[2026-08-11 17:35:22.350328] [INFO] [path_server] 새로운 경로 설정 : path[1162 ➜ 105] time[0s] dist[18m] list[13] : 1162-1163-1164-1165-1166-1167-1168-41-1170-1171-1172-1173-105
[2026-08-11 17:35:23.028893] [INFO] [path_server] 노드 업데이트 : [1163] ➜ [1164]
[2026-08-11 17:35:23.108827] [INFO] [path_server] 새로운 경로 설정 : path[1163 ➜ 105] time[0s] dist[16.5m] list[12] : 1163-1164-1165-1166-1167-1168-41-1170-1171-1172-1173-105
[2026-08-11 17:35:23.787493] [INFO] [path_server] 노드 업데이트 : [1164] ➜ [1165]
[2026-08-11 17:35:23.847407] [INFO] [path_server] 새로운 경로 설정 : path[1164 ➜ 105] time[0s] dist[15m] list[11] : 1164-1165-1166-1167-1168-41-1170-1171-1172-1173-105
[2026-08-11 17:35:24.525951] [INFO] [path_server] 노드 업데이트 : [1165] ➜ [1166]
[2026-08-11 17:35:24.605897] [INFO] [path_server] 새로운 경로 설정 : path[1165 ➜ 105] time[0s] dist[13.5m] list[10] : 1165-1166-1167-1168-41-1170-1171-1172-1173-105
[2026-08-11 17:35:25.284441] [INFO] [path_server] 노드 업데이트 : [1166] ➜ [1167]
[2026-08-11 17:35:25.364369] [INFO] [path_server] 새로운 경로 설정 : path[1166 ➜ 105] time[0s] dist[12m] list[9] : 1166-1167-1168-41-1170-1171-1172-1173-105
[2026-08-11 17:35:26.043052] [INFO] [path_server] 노드 업데이트 : [1167] ➜ [1168]
[2026-08-11 17:35:26.142969] [INFO] [path_server] 새로운 경로 설정 : path[1167 ➜ 105] time[0s] dist[10.5m] list[8] : 1167-1168-41-1170-1171-1172-1173-105
[2026-08-11 17:35:26.781644] [INFO] [path_server] 노드 업데이트 : [1168] ➜ [41]
[2026-08-11 17:35:26.861543] [INFO] [path_server] 새로운 경로 설정 : path[1168 ➜ 105] time[0s] dist[9m] list[7] : 1168-41-1170-1171-1172-1173-105
[2026-08-11 17:35:27.540161] [INFO] [path_server] 노드 업데이트 : [41] ➜ [1170]
[2026-08-11 17:35:27.600034] [INFO] [path_server] 새로운 경로 설정 : path[41 ➜ 105] time[0s] dist[7.5m] list[6] : 41-1170-1171-1172-1173-105
[2026-08-11 17:35:28.278718] [INFO] [path_server] 노드 업데이트 : [1170] ➜ [1171]
[2026-08-11 17:35:28.358621] [INFO] [path_server] 새로운 경로 설정 : path[1170 ➜ 105] time[0s] dist[6m] list[5] : 1170-1171-1172-1173-105
[2026-08-11 17:35:29.037301] [INFO] [path_server] 노드 업데이트 : [1171] ➜ [1172]
[2026-08-11 17:35:29.097204] [INFO] [path_server] 새로운 경로 설정 : path[1171 ➜ 105] time[0s] dist[4.5m] list[4] : 1171-1172-1173-105
[2026-08-11 17:35:29.775761] [INFO] [path_server] 노드 업데이트 : [1172] ➜ [1173]
[2026-08-11 17:35:29.855700] [INFO] [path_server] 새로운 경로 설정 : path[1172 ➜ 105] time[0s] dist[3m] list[3] : 1172-1173-105
[2026-08-11 17:35:31.113089] [INFO] [path_server] 노드 업데이트 : [1173] ➜ [105]
[2026-08-11 17:35:31.192947] [INFO] [path_server] 새로운 경로 설정 : path[1173 ➜ 105] time[0s] dist[1.5m] list[2] : 1173-105
[2026-08-11 17:35:35.085356] [INFO] [path_server] 노드 업데이트 : [105] ➜ [-1]
[2026-08-11 17:35:37.939562] [INFO] [course_tracker] 목적지에서 각도 정렬 : [23.000m 11.500m 0.000°]
[2026-08-11 17:35:38.937518] [INFO] [path_server] 노드 업데이트 : [105] ➜ [-1]
[2026-08-11 17:35:38.957469] [INFO] [task::fsm] push_done
[2026-08-11 17:35:39.017350] [INFO] [task::fsm] charging
[2026-08-11 17:35:39.017358] [INFO] [power_system] 충전 프로세스 시작
[2026-08-11 17:35:39.017384] [INFO] [health_monitor] [등록][100015, 100001] : 자동 충전 시작.
[2026-08-11 17:35:44.028369] [INFO] [health_monitor] [삭제][100015, 100001] : 자동 충전 시작.
[2026-08-11 17:35:55.267535] [INFO] [health_monitor] [삭제][100015, 200001] : 배터리 남은 양 - 주의
[2026-08-11 17:36:19.262289] [INFO] [power_system] 충전 완료
[2026-08-11 17:36:19.262308] [INFO] [health_monitor] [등록][100015, 100002] : 배터리 가득.
[2026-08-11 17:36:19.262312] [INFO] [health_monitor] [등록][100015, 100003] : 자동 충전 해제 시작.
[2026-08-11 17:36:24.273306] [INFO] [health_monitor] [삭제][100015, 100002] : 배터리 가득.
[2026-08-11 17:36:24.273314] [INFO] [health_monitor] [삭제][100015, 100003] : 자동 충전 해제 시작.
[2026-08-11 17:36:24.293255] [INFO] [power_system] 충전 해제 완료
[2026-08-11 17:36:24.293267] [INFO] [health_monitor] [등록][100015, 100004] : 자동 충전 해제 완료.
[2026-08-11 17:36:24.313157] [INFO] [task::fsm] discharging
[2026-08-11 17:36:24.313163] [INFO] [power_system] 충전 해제 프로세스 시작
[2026-08-11 17:36:24.313173] [INFO] [health_monitor] [등록][100015, 100003] : 자동 충전 해제 시작.
[2026-08-11 17:36:24.333175] [INFO] [task::fsm] idle
[2026-08-11 17:36:24.333181] [INFO] [path_server] 경로 삭제
[2026-08-11 17:36:24.333179] [INFO] [course_manager] 코스 삭제
[2026-08-11 17:36:24.353111] [INFO] [task::fsm] idle
[2026-08-11 17:36:24.353118] [INFO] [path_server] 경로 삭제
[2026-08-11 17:36:24.353116] [INFO] [course_manager] 코스 삭제
[2026-08-11 17:36:29.304653] [INFO] [health_monitor] [삭제][100015, 100004] : 자동 충전 해제 완료.
[2026-08-11 17:36:29.324604] [INFO] [health_monitor] [삭제][100015, 100003] : 자동 충전 해제 시작.
[2026-08-11 17:37:19.388609] [INFO] [task::fsm] charging
[2026-08-11 17:37:19.388620] [INFO] [power_system] 충전 프로세스 시작
[2026-08-11 17:37:19.388634] [INFO] [health_monitor] [등록][100015, 100001] : 자동 충전 시작.
[2026-08-11 17:37:24.398595] [INFO] [health_monitor] [삭제][100015, 100001] : 자동 충전 시작.
[2026-08-11 17:37:33.122204] [INFO] [power_system] 충전 완료
[2026-08-11 17:37:33.122224] [INFO] [health_monitor] [등록][100015, 100002] : 배터리 가득.
[2026-08-11 17:37:33.122226] [INFO] [health_monitor] [등록][100015, 100003] : 자동 충전 해제 시작.
[2026-08-11 17:37:38.132976] [INFO] [health_monitor] [삭제][100015, 100002] : 배터리 가득.
[2026-08-11 17:37:38.132982] [INFO] [health_monitor] [삭제][100015, 100003] : 자동 충전 해제 시작.
[2026-08-11 17:37:38.152885] [INFO] [power_system] 충전 해제 완료
[2026-08-11 17:37:38.152901] [INFO] [health_monitor] [등록][100015, 100004] : 자동 충전 해제 완료.
[2026-08-11 17:37:38.172884] [INFO] [task::fsm] discharging
[2026-08-11 17:37:38.172893] [INFO] [power_system] 충전 해제 프로세스 시작
[2026-08-11 17:37:38.172907] [INFO] [health_monitor] [등록][100015, 100003] : 자동 충전 해제 시작.
[2026-08-11 17:37:38.192849] [INFO] [task::fsm] idle
[2026-08-11 17:37:38.192853] [INFO] [course_manager] 코스 삭제
[2026-08-11 17:37:38.192855] [INFO] [path_server] 경로 삭제
[2026-08-11 17:37:38.232779] [INFO] [task::fsm] idle
[2026-08-11 17:37:38.232790] [INFO] [path_server] 경로 삭제
[2026-08-11 17:37:38.232785] [INFO] [course_manager] 코스 삭제
[2026-08-11 17:37:43.163443] [INFO] [health_monitor] [삭제][100015, 100004] : 자동 충전 해제 완료.
[2026-08-11 17:37:43.183532] [INFO] [health_monitor] [삭제][100015, 100003] : 자동 충전 해제 시작.
[2026-08-11 17:38:33.253458] [INFO] [task::fsm] charging
[2026-08-11 17:38:33.253470] [INFO] [power_system] 충전 프로세스 시작
[2026-08-11 17:38:33.253488] [INFO] [health_monitor] [등록][100015, 100001] : 자동 충전 시작.
[2026-08-11 17:38:38.263949] [INFO] [health_monitor] [삭제][100015, 100001] : 자동 충전 시작.
[2026-08-11 17:38:46.987354] [INFO] [power_system] 충전 완료
[2026-08-11 17:38:46.987372] [INFO] [health_monitor] [등록][100015, 100002] : 배터리 가득.
[2026-08-11 17:38:46.987376] [INFO] [health_monitor] [등록][100015, 100003] : 자동 충전 해제 시작.
[2026-08-11 17:38:51.998327] [INFO] [health_monitor] [삭제][100015, 100002] : 배터리 가득.
[2026-08-11 17:38:51.998334] [INFO] [health_monitor] [삭제][100015, 100003] : 자동 충전 해제 시작.
[2026-08-11 17:38:52.018216] [INFO] [power_system] 충전 해제 완료
[2026-08-11 17:38:52.018232] [INFO] [health_monitor] [등록][100015, 100004] : 자동 충전 해제 완료.
[2026-08-11 17:38:52.038238] [INFO] [task::fsm] discharging
[2026-08-11 17:38:52.038248] [INFO] [power_system] 충전 해제 프로세스 시작
[2026-08-11 17:38:52.038257] [INFO] [health_monitor] [등록][100015, 100003] : 자동 충전 해제 시작.
[2026-08-11 17:38:52.058236] [INFO] [task::fsm] idle
[2026-08-11 17:38:52.058243] [INFO] [course_manager] 코스 삭제
[2026-08-11 17:38:52.058248] [INFO] [path_server] 경로 삭제
[2026-08-11 17:38:52.098156] [INFO] [task::fsm] idle
[2026-08-11 17:38:52.098165] [INFO] [path_server] 경로 삭제
[2026-08-11 17:38:52.098163] [INFO] [course_manager] 코스 삭제
[2026-08-11 17:38:57.030972] [INFO] [health_monitor] [삭제][100015, 100004] : 자동 충전 해제 완료.
[2026-08-11 17:38:57.051076] [INFO] [health_monitor] [삭제][100015, 100003] : 자동 충전 해제 시작.
[2026-08-11 17:39:47.127013] [INFO] [task::fsm] charging
[2026-08-11 17:39:47.127022] [INFO] [power_system] 충전 프로세스 시작
[2026-08-11 17:39:47.127038] [INFO] [health_monitor] [등록][100015, 100001] : 자동 충전 시작.
[2026-08-11 17:39:52.137747] [INFO] [health_monitor] [삭제][100015, 100001] : 자동 충전 시작.
[2026-08-11 17:40:00.861048] [INFO] [power_system] 충전 완료
[2026-08-11 17:40:00.861071] [INFO] [health_monitor] [등록][100015, 100003] : 자동 충전 해제 시작.
[2026-08-11 17:40:00.861068] [INFO] [health_monitor] [등록][100015, 100002] : 배터리 가득.
[2026-08-11 17:40:05.871659] [INFO] [health_monitor] [삭제][100015, 100002] : 배터리 가득.
[2026-08-11 17:40:05.871665] [INFO] [health_monitor] [삭제][100015, 100003] : 자동 충전 해제 시작.
[2026-08-11 17:40:05.891561] [INFO] [power_system] 충전 해제 완료
[2026-08-11 17:40:05.891576] [INFO] [health_monitor] [등록][100015, 100004] : 자동 충전 해제 완료.
[2026-08-11 17:40:05.911578] [INFO] [task::fsm] discharging
[2026-08-11 17:40:05.911590] [INFO] [power_system] 충전 해제 프로세스 시작
[2026-08-11 17:40:05.911607] [INFO] [health_monitor] [등록][100015, 100003] : 자동 충전 해제 시작.
[2026-08-11 17:40:05.931539] [INFO] [task::fsm] idle
[2026-08-11 17:40:05.931544] [INFO] [course_manager] 코스 삭제
[2026-08-11 17:40:05.931547] [INFO] [path_server] 경로 삭제
[2026-08-11 17:40:05.971432] [INFO] [task::fsm] idle
[2026-08-11 17:40:05.971440] [INFO] [path_server] 경로 삭제
[2026-08-11 17:40:05.971438] [INFO] [course_manager] 코스 삭제
[2026-08-11 17:40:32.789063] [INFO] [framework] 프로그램 시작
[2026-08-11 17:40:32.789067] [WARNING] [framework] 프로그램 시작
[2026-08-11 17:40:32.789070] [INFO] [framework] 설정 파일 위치 : ../configs/robot_5
[2026-08-11 17:40:32.789070] [CRITICAL] [framework] 프로그램 시작
[2026-08-11 17:40:32.789218] [INFO] [framework] ID[0, 5], 이름[한다섯], 제어주기[20ms], 버젼[], 장소[우리집], 환경모드[simulation]
[2026-08-11 17:40:32.789244] [INFO] [mediator] 생성
[2026-08-11 17:40:32.789265] [INFO] [graph_manager] 생성
[2026-08-11 17:40:32.837346] [INFO] [stop_server] 생성
[2026-08-11 17:40:32.837371] [INFO] [health_monitor] 생성
[2026-08-11 17:40:32.837386] [INFO] [path_server] 생성
[2026-08-11 17:40:32.837405] [INFO] [course_manager] 생성
[2026-08-11 17:40:32.837419] [INFO] [task::fsm] 생성
[2026-08-11 17:40:32.837420] [INFO] [task::fsm] idle
[2026-08-11 17:40:32.837421] [INFO] [course_manager] 코스 삭제
[2026-08-11 17:40:32.837422] [INFO] [path_server] 경로 삭제
[2026-08-11 17:40:32.837435] [INFO] [task_manager] 생성
[2026-08-11 17:40:32.837534] [INFO] [mediator] connectors 생성
[2026-08-11 17:40:32.837551] [INFO] [fms] 생성
[2026-08-11 17:40:32.837552] [INFO] [fms] 통신 드라이버 생성
[2026-08-11 17:40:32.837813] [INFO] [motions] 생성
[2026-08-11 17:40:32.837834] [INFO] [localizers] 생성
[2026-08-11 17:40:32.837925] [INFO] [localizers] 파라미터 : 

[2026-08-11 17:40:32.837944] [INFO] [safety_plc] 생성
[2026-08-11 17:40:32.837957] [INFO] [load_handler] 생성
[2026-08-11 17:40:32.837973] [INFO] [power_system] 생성
[2026-08-11 17:40:32.838073] [INFO] [power_system] 설정 정보 : remaining[40%, 10%, 5%]
[2026-08-11 17:40:32.838495] [INFO] [power_system] 알람 목록 : 
 • [100015, 100001] [INFO] 자동 충전 시작.
 • [100015, 100002] [INFO] 배터리 가득.
 • [100015, 400001] [CRIT] 배터리 남은 양 - 위험
 • [100015, 300001] [ERROR] 배터리 남은 양 - 에러
 • [100015, 200001] [WARN] 배터리 남은 양 - 주의
 • [100015, 100004] [INFO] 자동 충전 해제 완료.
 • [100015, 100003] [INFO] 자동 충전 해제 시작.
[2026-08-11 17:40:32.838497] [INFO] [mediator] connector 의존성 주입
[2026-08-11 17:40:32.838504] [INFO] [mediator] any map 등록
[2026-08-11 17:40:32.838511] [INFO] [mediator] any collector 등록
[2026-08-11 17:40:32.838514] [INFO] [mediator] any collector 목록 검사
[2026-08-11 17:40:32.838567] [INFO] [framework] after init 실행
[2026-08-11 17:40:32.838938] [INFO] [course_tracker] 생성
[2026-08-11 17:40:32.838959] [INFO] [course_tracker] 파라미터 : 
◈ node_bound[0.020m, 0.150m, 0.005m]
 • approach[0.150m, 0.050m/s, -0.005m, -0.200m, 0.100m]
 • align[(10.000°, 5.000°/s), 50.000°, 30.000°/s), 0.800°, -0.100°]
◈ motion param : 
 • reference_angle[0.000°, 45.000°]
 • threshold_angle[15.000°, 20.000°, 170.000°]
 • threshold_error[0.300°, 5.000°]
 • normal[0.150m/s, 8.000, 0.800m/s, 0.500]
 • angle[0.150m/s, 1.500, 0.800m/s, 2.100]
 • protection_overshoot[0.100m/s, 0.900, 0.500m/s, 0.900]
 • speed_rotation[15.000°/s]
[2026-08-11 17:40:32.838963] [INFO] [framework] 제어 쓰레드 시작
[2026-08-11 17:40:32.839013] [INFO] [path_server] 노드 초기화 성공 : 로봇 좌표[23.011m 11.503m -89.940°] 최단 거리 노드[105] 거리(0.011708m)
[2026-08-11 17:40:32.839072] [INFO] [health_monitor] [등록][100015, 200001] : 배터리 남은 양 - 주의
[2026-08-11 17:40:32.938828] [INFO] [task::fsm] charging
[2026-08-11 17:40:32.938856] [INFO] [health_monitor] [등록][100015, 100001] : 자동 충전 시작.
[2026-08-11 17:40:32.938840] [INFO] [power_system] 충전 프로세스 시작
[2026-08-11 17:40:37.949138] [INFO] [health_monitor] [삭제][100015, 100001] : 자동 충전 시작.
[2026-08-11 17:40:48.669167] [INFO] [health_monitor] [삭제][100015, 200001] : 배터리 남은 양 - 주의
[2026-08-11 17:41:12.661979] [INFO] [power_system] 충전 완료
[2026-08-11 17:41:12.661994] [INFO] [health_monitor] [등록][100015, 100002] : 배터리 가득.
[2026-08-11 17:41:12.661997] [INFO] [health_monitor] [등록][100015, 100003] : 자동 충전 해제 시작.
[2026-08-11 17:41:17.671871] [INFO] [health_monitor] [삭제][100015, 100002] : 배터리 가득.
[2026-08-11 17:41:17.671877] [INFO] [health_monitor] [삭제][100015, 100003] : 자동 충전 해제 시작.
[2026-08-11 17:41:17.691797] [INFO] [power_system] 충전 해제 완료
[2026-08-11 17:41:17.691806] [INFO] [health_monitor] [등록][100015, 100004] : 자동 충전 해제 완료.
[2026-08-11 17:41:17.711715] [INFO] [task::fsm] discharging
[2026-08-11 17:41:17.711722] [INFO] [power_system] 충전 해제 프로세스 시작
[2026-08-11 17:41:17.711736] [INFO] [health_monitor] [등록][100015, 100003] : 자동 충전 해제 시작.
[2026-08-11 17:41:17.731719] [INFO] [task::fsm] idle
[2026-08-11 17:41:17.731734] [INFO] [course_manager] 코스 삭제
[2026-08-11 17:41:17.731737] [INFO] [path_server] 경로 삭제
[2026-08-11 17:41:17.751679] [INFO] [task::fsm] idle
[2026-08-11 17:41:17.751683] [INFO] [course_manager] 코스 삭제
[2026-08-11 17:41:17.751686] [INFO] [path_server] 경로 삭제
[2026-08-11 17:41:22.701791] [INFO] [health_monitor] [삭제][100015, 100004] : 자동 충전 해제 완료.
[2026-08-11 17:41:22.721695] [INFO] [health_monitor] [삭제][100015, 100003] : 자동 충전 해제 시작.
[2026-08-11 17:42:12.784099] [INFO] [task::fsm] charging
[2026-08-11 17:42:12.784108] [INFO] [power_system] 충전 프로세스 시작
[2026-08-11 17:42:12.784123] [INFO] [health_monitor] [등록][100015, 100001] : 자동 충전 시작.
[2026-08-11 17:42:17.793855] [INFO] [health_monitor] [삭제][100015, 100001] : 자동 충전 시작.
[2026-08-11 17:42:26.517257] [INFO] [power_system] 충전 완료
[2026-08-11 17:42:26.517277] [INFO] [health_monitor] [등록][100015, 100002] : 배터리 가득.
[2026-08-11 17:42:26.517279] [INFO] [health_monitor] [등록][100015, 100003] : 자동 충전 해제 시작.
[2026-08-11 17:42:31.528049] [INFO] [health_monitor] [삭제][100015, 100002] : 배터리 가득.
[2026-08-11 17:42:31.528058] [INFO] [health_monitor] [삭제][100015, 100003] : 자동 충전 해제 시작.
[2026-08-11 17:42:31.548005] [INFO] [power_system] 충전 해제 완료
[2026-08-11 17:42:31.548018] [INFO] [health_monitor] [등록][100015, 100004] : 자동 충전 해제 완료.
[2026-08-11 17:42:31.567958] [INFO] [task::fsm] discharging
[2026-08-11 17:42:31.567965] [INFO] [power_system] 충전 해제 프로세스 시작
[2026-08-11 17:42:31.567975] [INFO] [health_monitor] [등록][100015, 100003] : 자동 충전 해제 시작.
[2026-08-11 17:42:31.587919] [INFO] [task::fsm] idle
[2026-08-11 17:42:31.587925] [INFO] [course_manager] 코스 삭제
[2026-08-11 17:42:31.587927] [INFO] [path_server] 경로 삭제
[2026-08-11 17:42:36.558896] [INFO] [health_monitor] [삭제][100015, 100004] : 자동 충전 해제 완료.
[2026-08-11 17:42:36.578847] [INFO] [health_monitor] [삭제][100015, 100003] : 자동 충전 해제 시작.
[2026-08-11 17:43:43.838010] [INFO] [framework] 프로그램 시작
[2026-08-11 17:43:43.838014] [WARNING] [framework] 프로그램 시작
[2026-08-11 17:43:43.838018] [INFO] [framework] 설정 파일 위치 : ../configs/robot_5
[2026-08-11 17:43:43.838017] [CRITICAL] [framework] 프로그램 시작
[2026-08-11 17:44:21.651999] [INFO] [framework] 프로그램 시작
[2026-08-11 17:44:21.652002] [WARNING] [framework] 프로그램 시작
[2026-08-11 17:44:21.652006] [INFO] [framework] 설정 파일 위치 : ../configs/robot_5
[2026-08-11 17:44:21.652005] [CRITICAL] [framework] 프로그램 시작
[2026-08-11 17:44:21.652132] [INFO] [framework] ID[0, 5], 이름[한다섯], 제어주기[20ms], 버젼[], 장소[우리집], 환경모드[simulation]
[2026-08-11 17:44:21.652153] [INFO] [mediator] 생성
[2026-08-11 17:44:21.652172] [INFO] [graph_manager] 생성
[2026-08-11 17:44:21.681055] [INFO] [stop_server] 생성
[2026-08-11 17:44:21.681086] [INFO] [health_monitor] 생성
[2026-08-11 17:44:21.681103] [INFO] [path_server] 생성
[2026-08-11 17:44:21.681118] [INFO] [course_manager] 생성
[2026-08-11 17:44:21.681136] [INFO] [task::fsm] 생성
[2026-08-11 17:44:21.681137] [INFO] [task::fsm] idle
[2026-08-11 17:44:21.681140] [INFO] [course_manager] 코스 삭제
[2026-08-11 17:44:21.681140] [INFO] [path_server] 경로 삭제
[2026-08-11 17:44:21.681153] [INFO] [task_manager] 생성
[2026-08-11 17:44:21.681260] [INFO] [mediator] connectors 생성
[2026-08-11 17:44:21.681276] [INFO] [fms] 생성
[2026-08-11 17:44:21.681277] [INFO] [fms] 통신 드라이버 생성
[2026-08-11 17:44:21.681619] [INFO] [motions] 생성
[2026-08-11 17:44:21.681640] [INFO] [localizers] 생성
[2026-08-11 17:44:21.681746] [INFO] [localizers] 파라미터 : 

[2026-08-11 17:44:21.681765] [INFO] [safety_plc] 생성
[2026-08-11 17:44:21.681779] [INFO] [load_handler] 생성
[2026-08-11 17:44:21.681794] [INFO] [power_system] 생성
[2026-08-11 17:44:21.681907] [INFO] [power_system] 설정 정보 : remaining[40%, 10%, 5%]
[2026-08-11 17:44:21.682323] [INFO] [power_system] 알람 목록 : 
 • [100015, 100001] [INFO] 자동 충전 시작.
 • [100015, 100002] [INFO] 배터리 가득.
 • [100015, 400001] [CRIT] 배터리 남은 양 - 위험
 • [100015, 300001] [ERROR] 배터리 남은 양 - 에러
 • [100015, 200001] [WARN] 배터리 남은 양 - 주의
 • [100015, 100004] [INFO] 자동 충전 해제 완료.
 • [100015, 100003] [INFO] 자동 충전 해제 시작.
[2026-08-11 17:44:21.682327] [INFO] [mediator] connector 의존성 주입
[2026-08-11 17:44:21.682331] [INFO] [mediator] any map 등록
[2026-08-11 17:44:21.682340] [INFO] [mediator] any collector 등록
[2026-08-11 17:44:21.682344] [INFO] [mediator] any collector 목록 검사
[2026-08-11 17:44:21.682392] [INFO] [framework] after init 실행
[2026-08-11 17:44:21.682628] [INFO] [course_tracker] 생성
[2026-08-11 17:44:21.682645] [INFO] [course_tracker] 파라미터 : 
◈ node_bound[0.020m, 0.150m, 0.005m]
 • approach[0.150m, 0.050m/s, -0.005m, -0.200m, 0.100m]
 • align[(10.000°, 5.000°/s), 50.000°, 30.000°/s), 0.800°, -0.100°]
◈ motion param : 
 • reference_angle[0.000°, 45.000°]
 • threshold_angle[15.000°, 20.000°, 170.000°]
 • threshold_error[0.300°, 5.000°]
 • normal[0.150m/s, 8.000, 0.800m/s, 0.500]
 • angle[0.150m/s, 1.500, 0.800m/s, 2.100]
 • protection_overshoot[0.100m/s, 0.900, 0.500m/s, 0.900]
 • speed_rotation[15.000°/s]
[2026-08-11 17:44:21.682648] [INFO] [framework] 제어 쓰레드 시작
[2026-08-11 17:44:21.682702] [INFO] [path_server] 노드 초기화 성공 : 로봇 좌표[23.011m 11.503m -89.940°] 최단 거리 노드[105] 거리(0.011708m)
[2026-08-11 17:44:21.682756] [INFO] [health_monitor] [등록][100015, 200001] : 배터리 남은 양 - 주의
[2026-08-11 17:44:21.782553] [INFO] [task::fsm] charging
[2026-08-11 17:44:21.782573] [INFO] [health_monitor] [등록][100015, 100001] : 자동 충전 시작.
[2026-08-11 17:44:21.782562] [INFO] [power_system] 충전 프로세스 시작
[2026-08-11 17:44:26.793406] [INFO] [health_monitor] [삭제][100015, 100001] : 자동 충전 시작.
[2026-08-11 17:44:37.514064] [INFO] [health_monitor] [삭제][100015, 200001] : 배터리 남은 양 - 주의
[2026-08-11 17:45:01.511091] [INFO] [power_system] 충전 완료
[2026-08-11 17:45:01.511114] [INFO] [health_monitor] [등록][100015, 100002] : 배터리 가득.
[2026-08-11 17:45:01.511117] [INFO] [health_monitor] [등록][100015, 100003] : 자동 충전 해제 시작.
[2026-08-11 17:45:06.522946] [INFO] [health_monitor] [삭제][100015, 100002] : 배터리 가득.
[2026-08-11 17:45:06.522953] [INFO] [health_monitor] [삭제][100015, 100003] : 자동 충전 해제 시작.
[2026-08-11 17:45:06.542865] [INFO] [power_system] 충전 해제 완료
[2026-08-11 17:45:06.542879] [INFO] [health_monitor] [등록][100015, 100004] : 자동 충전 해제 완료.
[2026-08-11 17:45:06.562864] [INFO] [task::fsm] discharging
[2026-08-11 17:45:06.562871] [INFO] [power_system] 충전 해제 프로세스 시작
[2026-08-11 17:45:06.562880] [INFO] [health_monitor] [등록][100015, 100003] : 자동 충전 해제 시작.
[2026-08-11 17:45:06.582814] [INFO] [task::fsm] idle
[2026-08-11 17:45:06.582820] [INFO] [course_manager] 코스 삭제
[2026-08-11 17:45:06.582822] [INFO] [path_server] 경로 삭제
[2026-08-11 17:45:06.622765] [INFO] [task::fsm] idle
[2026-08-11 17:45:06.622771] [INFO] [course_manager] 코스 삭제
[2026-08-11 17:45:06.622773] [INFO] [path_server] 경로 삭제
[2026-08-11 17:45:11.553789] [INFO] [health_monitor] [삭제][100015, 100004] : 자동 충전 해제 완료.
[2026-08-11 17:45:11.573691] [INFO] [health_monitor] [삭제][100015, 100003] : 자동 충전 해제 시작.
[2026-08-11 17:45:27.763707] [INFO] [framework] 프로그램 시작
[2026-08-11 17:45:27.763711] [WARNING] [framework] 프로그램 시작
[2026-08-11 17:45:27.763712] [CRITICAL] [framework] 프로그램 시작
[2026-08-11 17:45:27.763712] [INFO] [framework] 설정 파일 위치 : ../configs/robot_5
[2026-08-11 17:45:27.763850] [INFO] [framework] ID[0, 5], 이름[한다섯], 제어주기[20ms], 버젼[], 장소[우리집], 환경모드[simulation]
[2026-08-11 17:45:27.763876] [INFO] [mediator] 생성
[2026-08-11 17:45:27.763907] [INFO] [graph_manager] 생성
[2026-08-11 17:45:27.793447] [INFO] [stop_server] 생성
[2026-08-11 17:45:27.793464] [INFO] [health_monitor] 생성
[2026-08-11 17:45:27.793480] [INFO] [path_server] 생성
[2026-08-11 17:45:27.793494] [INFO] [course_manager] 생성
[2026-08-11 17:45:27.793507] [INFO] [task::fsm] 생성
[2026-08-11 17:45:27.793508] [INFO] [task::fsm] idle
[2026-08-11 17:45:27.793519] [INFO] [course_manager] 코스 삭제
[2026-08-11 17:45:27.793520] [INFO] [path_server] 경로 삭제
[2026-08-11 17:45:27.793533] [INFO] [task_manager] 생성
[2026-08-11 17:45:27.793642] [INFO] [mediator] connectors 생성
[2026-08-11 17:45:27.793664] [INFO] [fms] 생성
[2026-08-11 17:45:27.793665] [INFO] [fms] 통신 드라이버 생성
[2026-08-11 17:45:27.793982] [INFO] [motions] 생성
[2026-08-11 17:45:27.794008] [INFO] [localizers] 생성
[2026-08-11 17:45:27.794107] [INFO] [localizers] 파라미터 : 

[2026-08-11 17:45:27.794123] [INFO] [safety_plc] 생성
[2026-08-11 17:45:27.794140] [INFO] [load_handler] 생성
[2026-08-11 17:45:27.794154] [INFO] [power_system] 생성
[2026-08-11 17:45:27.794261] [INFO] [power_system] 설정 정보 : remaining[40%, 10%, 5%]
[2026-08-11 17:45:27.794730] [INFO] [power_system] 알람 목록 : 
 • [100015, 100001] [INFO] 자동 충전 시작.
 • [100015, 100002] [INFO] 배터리 가득.
 • [100015, 400001] [CRIT] 배터리 남은 양 - 위험
 • [100015, 300001] [ERROR] 배터리 남은 양 - 에러
 • [100015, 200001] [WARN] 배터리 남은 양 - 주의
 • [100015, 100004] [INFO] 자동 충전 해제 완료.
 • [100015, 100003] [INFO] 자동 충전 해제 시작.
[2026-08-11 17:45:27.794736] [INFO] [mediator] connector 의존성 주입
[2026-08-11 17:45:27.794753] [INFO] [mediator] any map 등록
[2026-08-11 17:45:27.794762] [INFO] [mediator] any collector 등록
[2026-08-11 17:45:27.794765] [INFO] [mediator] any collector 목록 검사
[2026-08-11 17:45:27.794812] [INFO] [framework] after init 실행
[2026-08-11 17:45:27.795042] [INFO] [course_tracker] 생성
[2026-08-11 17:45:27.795061] [INFO] [course_tracker] 파라미터 : 
◈ node_bound[0.020m, 0.150m, 0.005m]
 • approach[0.150m, 0.050m/s, -0.005m, -0.200m, 0.100m]
 • align[(10.000°, 5.000°/s), 50.000°, 30.000°/s), 0.800°, -0.100°]
◈ motion param : 
 • reference_angle[0.000°, 45.000°]
 • threshold_angle[15.000°, 20.000°, 170.000°]
 • threshold_error[0.300°, 5.000°]
 • normal[0.150m/s, 8.000, 0.800m/s, 0.500]
 • angle[0.150m/s, 1.500, 0.800m/s, 2.100]
 • protection_overshoot[0.100m/s, 0.900, 0.500m/s, 0.900]
 • speed_rotation[15.000°/s]
[2026-08-11 17:45:27.795066] [INFO] [framework] 제어 쓰레드 시작
[2026-08-11 17:45:27.795138] [INFO] [task::fsm] idle
[2026-08-11 17:45:27.795140] [INFO] [course_manager] 코스 삭제
[2026-08-11 17:45:27.795141] [INFO] [path_server] 경로 삭제
[2026-08-11 17:45:27.795159] [INFO] [path_server] 노드 초기화 성공 : 로봇 좌표[23.011m 11.503m -89.940°] 최단 거리 노드[105] 거리(0.011708m)
[2026-08-11 17:45:27.795211] [INFO] [health_monitor] [등록][100015, 200001] : 배터리 남은 양 - 주의
[2026-08-11 17:45:51.301534] [INFO] [framework] 프로그램 시작
[2026-08-11 17:45:51.301540] [WARNING] [framework] 프로그램 시작
[2026-08-11 17:45:51.301542] [INFO] [framework] 설정 파일 위치 : ../configs/robot_5
[2026-08-11 17:45:51.301541] [CRITICAL] [framework] 프로그램 시작
[2026-08-11 17:45:51.301699] [INFO] [framework] ID[0, 5], 이름[한다섯], 제어주기[20ms], 버젼[], 장소[우리집], 환경모드[simulation]
[2026-08-11 17:45:51.301733] [INFO] [mediator] 생성
[2026-08-11 17:45:51.301760] [INFO] [graph_manager] 생성
[2026-08-11 17:45:51.352126] [INFO] [stop_server] 생성
[2026-08-11 17:45:51.352172] [INFO] [health_monitor] 생성
[2026-08-11 17:45:51.352194] [INFO] [path_server] 생성
[2026-08-11 17:45:51.352212] [INFO] [course_manager] 생성
[2026-08-11 17:45:51.352230] [INFO] [task::fsm] 생성
[2026-08-11 17:45:51.352231] [INFO] [task::fsm] idle
[2026-08-11 17:45:51.352239] [INFO] [course_manager] 코스 삭제
[2026-08-11 17:45:51.352240] [INFO] [path_server] 경로 삭제
[2026-08-11 17:45:51.352258] [INFO] [task_manager] 생성
[2026-08-11 17:45:51.352397] [INFO] [mediator] connectors 생성
[2026-08-11 17:45:51.352419] [INFO] [fms] 생성
[2026-08-11 17:45:51.352420] [INFO] [fms] 통신 드라이버 생성
[2026-08-11 17:45:51.352823] [INFO] [motions] 생성
[2026-08-11 17:45:51.352852] [INFO] [localizers] 생성
[2026-08-11 17:45:51.352978] [INFO] [localizers] 파라미터 : 

[2026-08-11 17:45:51.353001] [INFO] [safety_plc] 생성
[2026-08-11 17:45:51.353020] [INFO] [load_handler] 생성
[2026-08-11 17:45:51.353040] [INFO] [power_system] 생성
[2026-08-11 17:45:51.353178] [INFO] [power_system] 설정 정보 : remaining[40%, 10%, 5%]
[2026-08-11 17:45:51.353868] [INFO] [power_system] 알람 목록 : 
 • [100015, 100001] [INFO] 자동 충전 시작.
 • [100015, 100002] [INFO] 배터리 가득.
 • [100015, 400001] [CRIT] 배터리 남은 양 - 위험
 • [100015, 300001] [ERROR] 배터리 남은 양 - 에러
 • [100015, 200001] [WARN] 배터리 남은 양 - 주의
 • [100015, 100004] [INFO] 자동 충전 해제 완료.
 • [100015, 100003] [INFO] 자동 충전 해제 시작.
[2026-08-11 17:45:51.353873] [INFO] [mediator] connector 의존성 주입
[2026-08-11 17:45:51.353885] [INFO] [mediator] any map 등록
[2026-08-11 17:45:51.354286] [INFO] [mediator] any collector 등록
[2026-08-11 17:45:51.354289] [INFO] [mediator] any collector 목록 검사
[2026-08-11 17:45:51.354381] [INFO] [framework] after init 실행
[2026-08-11 17:45:51.354833] [INFO] [course_tracker] 생성
[2026-08-11 17:45:51.354861] [INFO] [course_tracker] 파라미터 : 
◈ node_bound[0.020m, 0.150m, 0.005m]
 • approach[0.150m, 0.050m/s, -0.005m, -0.200m, 0.100m]
 • align[(10.000°, 5.000°/s), 50.000°, 30.000°/s), 0.800°, -0.100°]
◈ motion param : 
 • reference_angle[0.000°, 45.000°]
 • threshold_angle[15.000°, 20.000°, 170.000°]
 • threshold_error[0.300°, 5.000°]
 • normal[0.150m/s, 8.000, 0.800m/s, 0.500]
 • angle[0.150m/s, 1.500, 0.800m/s, 2.100]
 • protection_overshoot[0.100m/s, 0.900, 0.500m/s, 0.900]
 • speed_rotation[15.000°/s]
[2026-08-11 17:45:51.354866] [INFO] [framework] 제어 쓰레드 시작
[2026-08-11 17:45:51.354921] [INFO] [path_server] 노드 초기화 성공 : 로봇 좌표[23.011m 11.503m -89.940°] 최단 거리 노드[105] 거리(0.011708m)
[2026-08-11 17:45:51.355249] [INFO] [health_monitor] [등록][100015, 200001] : 배터리 남은 양 - 주의
[2026-08-11 17:45:51.454722] [INFO] [task::fsm] charging
[2026-08-11 17:45:51.454735] [INFO] [power_system] 충전 프로세스 시작
[2026-08-11 17:45:51.454872] [INFO] [health_monitor] [등록][100015, 100001] : 자동 충전 시작.
[2026-08-11 17:45:56.464609] [INFO] [health_monitor] [삭제][100015, 100001] : 자동 충전 시작.
[2026-08-11 17:46:07.183625] [INFO] [health_monitor] [삭제][100015, 200001] : 배터리 남은 양 - 주의
[2026-08-11 17:46:31.176266] [INFO] [power_system] 충전 완료
[2026-08-11 17:46:31.176286] [INFO] [health_monitor] [등록][100015, 100002] : 배터리 가득.
[2026-08-11 17:46:31.176292] [INFO] [health_monitor] [등록][100015, 100003] : 자동 충전 해제 시작.
[2026-08-11 17:46:36.186331] [INFO] [health_monitor] [삭제][100015, 100002] : 배터리 가득.
[2026-08-11 17:46:36.186337] [INFO] [health_monitor] [삭제][100015, 100003] : 자동 충전 해제 시작.
[2026-08-11 17:46:36.206331] [INFO] [power_system] 충전 해제 완료
[2026-08-11 17:46:36.206344] [INFO] [health_monitor] [등록][100015, 100004] : 자동 충전 해제 완료.
[2026-08-11 17:46:36.226286] [INFO] [task::fsm] discharging
[2026-08-11 17:46:36.226293] [INFO] [power_system] 충전 해제 프로세스 시작
[2026-08-11 17:46:36.226303] [INFO] [health_monitor] [등록][100015, 100003] : 자동 충전 해제 시작.
[2026-08-11 17:46:36.246199] [INFO] [task::fsm] idle
[2026-08-11 17:46:36.246204] [INFO] [course_manager] 코스 삭제
[2026-08-11 17:46:36.246216] [INFO] [path_server] 경로 삭제
[2026-08-11 17:46:36.286168] [INFO] [task::fsm] idle
[2026-08-11 17:46:36.286174] [INFO] [course_manager] 코스 삭제
[2026-08-11 17:46:36.286176] [INFO] [path_server] 경로 삭제
[2026-08-11 17:46:41.217104] [INFO] [health_monitor] [삭제][100015, 100004] : 자동 충전 해제 완료.
[2026-08-11 17:46:41.237096] [INFO] [health_monitor] [삭제][100015, 100003] : 자동 충전 해제 시작.
[2026-08-11 17:50:10.515593] [INFO] [framework] 프로그램 시작
[2026-08-11 17:50:10.515609] [WARNING] [framework] 프로그램 시작
[2026-08-11 17:50:10.515627] [CRITICAL] [framework] 프로그램 시작
[2026-08-11 17:50:10.515630] [INFO] [framework] 설정 파일 위치 : ../configs/robot_5
[2026-08-11 17:50:10.515986] [INFO] [framework] ID[0, 5], 이름[한다섯], 제어주기[20ms], 버젼[], 장소[우리집], 환경모드[simulation]
[2026-08-11 17:50:10.516078] [INFO] [mediator] 생성
[2026-08-11 17:50:10.516240] [INFO] [graph_manager] 생성
[2026-08-11 17:50:10.557879] [INFO] [stop_server] 생성
[2026-08-11 17:50:10.557901] [INFO] [health_monitor] 생성
[2026-08-11 17:50:10.558080] [INFO] [path_server] 생성
[2026-08-11 17:50:10.558100] [INFO] [course_manager] 생성
[2026-08-11 17:50:10.558112] [INFO] [task::fsm] 생성
[2026-08-11 17:50:10.558113] [INFO] [task::fsm] idle
[2026-08-11 17:50:10.558115] [INFO] [course_manager] 코스 삭제
[2026-08-11 17:50:10.558115] [INFO] [path_server] 경로 삭제
[2026-08-11 17:50:10.558126] [INFO] [task_manager] 생성
[2026-08-11 17:50:10.558404] [INFO] [mediator] connectors 생성
[2026-08-11 17:50:10.558421] [INFO] [fms] 생성
[2026-08-11 17:50:10.558423] [INFO] [fms] 통신 드라이버 생성
[2026-08-11 17:50:10.558736] [INFO] [motions] 생성
[2026-08-11 17:50:10.558755] [INFO] [localizers] 생성
[2026-08-11 17:50:10.558841] [INFO] [localizers] 파라미터 : 

[2026-08-11 17:50:10.559001] [INFO] [safety_plc] 생성
[2026-08-11 17:50:10.559024] [INFO] [load_handler] 생성
[2026-08-11 17:50:10.559044] [INFO] [power_system] 생성
[2026-08-11 17:50:10.559144] [INFO] [power_system] 설정 정보 : remaining[40%, 10%, 5%]
[2026-08-11 17:50:10.559505] [INFO] [power_system] 알람 목록 : 
 • [100015, 100001] [INFO] 자동 충전 시작.
 • [100015, 100002] [INFO] 배터리 가득.
 • [100015, 400001] [CRIT] 배터리 남은 양 - 위험
 • [100015, 300001] [ERROR] 배터리 남은 양 - 에러
 • [100015, 200001] [WARN] 배터리 남은 양 - 주의
 • [100015, 100004] [INFO] 자동 충전 해제 완료.
 • [100015, 100003] [INFO] 자동 충전 해제 시작.
[2026-08-11 17:50:10.559508] [INFO] [mediator] connector 의존성 주입
[2026-08-11 17:50:10.559516] [INFO] [mediator] any collector 등록
[2026-08-11 17:50:10.559518] [INFO] [mediator] any collector 목록 검사
[2026-08-11 17:50:10.559511] [INFO] [mediator] any map 등록
[2026-08-11 17:50:10.559570] [INFO] [framework] after init 실행
[2026-08-11 17:50:10.560036] [INFO] [course_tracker] 생성
[2026-08-11 17:50:10.560063] [INFO] [framework] 제어 쓰레드 시작
[2026-08-11 17:50:10.560060] [INFO] [course_tracker] 파라미터 : 
◈ node_bound[0.020m, 0.150m, 0.005m]
 • approach[0.150m, 0.050m/s, -0.005m, -0.200m, 0.100m]
 • align[(10.000°, 5.000°/s), 50.000°, 30.000°/s), 0.800°, -0.100°]
◈ motion param : 
 • reference_angle[0.000°, 45.000°]
 • threshold_angle[15.000°, 20.000°, 170.000°]
 • threshold_error[0.300°, 5.000°]
 • normal[0.150m/s, 8.000, 0.800m/s, 0.500]
 • angle[0.150m/s, 1.500, 0.800m/s, 2.100]
 • protection_overshoot[0.100m/s, 0.900, 0.500m/s, 0.900]
 • speed_rotation[15.000°/s]
[2026-08-11 17:50:10.560117] [INFO] [path_server] 노드 초기화 성공 : 로봇 좌표[23.011m 11.503m -89.940°] 최단 거리 노드[105] 거리(0.011708m)
[2026-08-11 17:50:10.560174] [INFO] [health_monitor] [등록][100015, 200001] : 배터리 남은 양 - 주의
[2026-08-11 17:50:10.660071] [INFO] [task::fsm] charging
[2026-08-11 17:50:10.660087] [INFO] [power_system] 충전 프로세스 시작
[2026-08-11 17:50:10.660109] [INFO] [health_monitor] [등록][100015, 100001] : 자동 충전 시작.
[2026-08-11 17:50:15.670735] [INFO] [health_monitor] [삭제][100015, 100001] : 자동 충전 시작.
[2026-08-11 17:50:26.390138] [INFO] [health_monitor] [삭제][100015, 200001] : 배터리 남은 양 - 주의
[2026-08-11 17:50:50.385778] [INFO] [power_system] 충전 완료
[2026-08-11 17:50:50.385795] [INFO] [health_monitor] [등록][100015, 100003] : 자동 충전 해제 시작.
[2026-08-11 17:50:50.385793] [INFO] [health_monitor] [등록][100015, 100002] : 배터리 가득.
[2026-08-11 17:50:55.396250] [INFO] [health_monitor] [삭제][100015, 100002] : 배터리 가득.
[2026-08-11 17:50:55.396259] [INFO] [health_monitor] [삭제][100015, 100003] : 자동 충전 해제 시작.
[2026-08-11 17:50:55.416204] [INFO] [power_system] 충전 해제 완료
[2026-08-11 17:50:55.416216] [INFO] [health_monitor] [등록][100015, 100004] : 자동 충전 해제 완료.
[2026-08-11 17:50:55.436102] [INFO] [task::fsm] discharging
[2026-08-11 17:50:55.436111] [INFO] [power_system] 충전 해제 프로세스 시작
[2026-08-11 17:50:55.436121] [INFO] [health_monitor] [등록][100015, 100003] : 자동 충전 해제 시작.
[2026-08-11 17:50:55.456125] [INFO] [task::fsm] idle
[2026-08-11 17:50:55.456131] [INFO] [course_manager] 코스 삭제
[2026-08-11 17:50:55.456134] [INFO] [path_server] 경로 삭제
[2026-08-11 17:50:55.476097] [INFO] [task::fsm] idle
[2026-08-11 17:50:55.476102] [INFO] [course_manager] 코스 삭제
[2026-08-11 17:50:55.476104] [INFO] [path_server] 경로 삭제
[2026-08-11 17:51:00.426108] [INFO] [health_monitor] [삭제][100015, 100004] : 자동 충전 해제 완료.
[2026-08-11 17:51:00.446004] [INFO] [health_monitor] [삭제][100015, 100003] : 자동 충전 해제 시작.
[2026-08-11 17:51:50.510626] [INFO] [task::fsm] charging
[2026-08-11 17:51:50.510635] [INFO] [power_system] 충전 프로세스 시작
[2026-08-11 17:51:50.510650] [INFO] [health_monitor] [등록][100015, 100001] : 자동 충전 시작.
[2026-08-11 17:51:55.520480] [INFO] [health_monitor] [삭제][100015, 100001] : 자동 충전 시작.
[2026-08-11 17:52:04.242876] [INFO] [power_system] 충전 완료
[2026-08-11 17:52:04.242894] [INFO] [health_monitor] [등록][100015, 100003] : 자동 충전 해제 시작.
[2026-08-11 17:52:04.242891] [INFO] [health_monitor] [등록][100015, 100002] : 배터리 가득.
[2026-08-11 17:52:09.252864] [INFO] [health_monitor] [삭제][100015, 100002] : 배터리 가득.
[2026-08-11 17:52:09.252869] [INFO] [health_monitor] [삭제][100015, 100003] : 자동 충전 해제 시작.
[2026-08-11 17:52:09.272881] [INFO] [power_system] 충전 해제 완료
[2026-08-11 17:52:09.272896] [INFO] [health_monitor] [등록][100015, 100004] : 자동 충전 해제 완료.
[2026-08-11 17:52:09.292889] [INFO] [task::fsm] discharging
[2026-08-11 17:52:09.292897] [INFO] [power_system] 충전 해제 프로세스 시작
[2026-08-11 17:52:09.292908] [INFO] [health_monitor] [등록][100015, 100003] : 자동 충전 해제 시작.
[2026-08-11 17:52:09.312809] [INFO] [task::fsm] idle
[2026-08-11 17:52:09.312812] [INFO] [course_manager] 코스 삭제
[2026-08-11 17:52:09.312814] [INFO] [path_server] 경로 삭제
[2026-08-11 17:52:09.352744] [INFO] [task::fsm] idle
[2026-08-11 17:52:09.352750] [INFO] [course_manager] 코스 삭제
[2026-08-11 17:52:09.352752] [INFO] [path_server] 경로 삭제
[2026-08-11 17:52:10.690248] [INFO] [path_server] 새로운 경로 설정 : path[105 ➜ 208] time[0s] dist[22.5m] list[16] : 105-1173-1174-1175-1176-1177-1178-1081-1185-1186-1187-1188-1056-1057-1058-208
[2026-08-11 17:52:10.690262] [INFO] [course_tracker] 방향 정렬 완료 
[2026-08-11 17:52:14.283372] [INFO] [health_monitor] [삭제][100015, 100004] : 자동 충전 해제 완료.
[2026-08-11 17:52:14.303375] [INFO] [health_monitor] [삭제][100015, 100003] : 자동 충전 해제 시작.
[2026-08-11 17:52:14.542897] [INFO] [path_server] 노드 업데이트 : [1173] ➜ [1174]
[2026-08-11 17:52:14.622779] [INFO] [path_server] 새로운 경로 설정 : path[1173 ➜ 208] time[0s] dist[21m] list[15] : 1173-1174-1175-1176-1177-1178-1081-1185-1186-1187-1188-1056-1057-1058-208
[2026-08-11 17:52:18.116974] [INFO] [path_server] 노드 업데이트 : [1174] ➜ [1175]
[2026-08-11 17:52:18.196904] [INFO] [path_server] 새로운 경로 설정 : path[1174 ➜ 208] time[0s] dist[19.5m] list[14] : 1174-1175-1176-1177-1178-1081-1185-1186-1187-1188-1056-1057-1058-208
[2026-08-11 17:52:19.254641] [INFO] [path_server] 노드 업데이트 : [1175] ➜ [1176]
[2026-08-11 17:52:19.334576] [INFO] [path_server] 새로운 경로 설정 : path[1175 ➜ 208] time[0s] dist[18m] list[13] : 1175-1176-1177-1178-1081-1185-1186-1187-1188-1056-1057-1058-208
[2026-08-11 17:52:20.073101] [INFO] [path_server] 노드 업데이트 : [1176] ➜ [1177]
[2026-08-11 17:52:20.133017] [INFO] [path_server] 새로운 경로 설정 : path[1176 ➜ 208] time[0s] dist[16.5m] list[12] : 1176-1177-1178-1081-1185-1186-1187-1188-1056-1057-1058-208
[2026-08-11 17:52:20.831641] [INFO] [path_server] 노드 업데이트 : [1177] ➜ [1178]
[2026-08-11 17:52:20.911537] [INFO] [path_server] 새로운 경로 설정 : path[1177 ➜ 208] time[0s] dist[15m] list[11] : 1177-1178-1081-1185-1186-1187-1188-1056-1057-1058-208
[2026-08-11 17:52:21.590220] [INFO] [path_server] 노드 업데이트 : [1178] ➜ [1081]
[2026-08-11 17:52:21.670142] [INFO] [path_server] 새로운 경로 설정 : path[1178 ➜ 208] time[0s] dist[13.5m] list[10] : 1178-1081-1185-1186-1187-1188-1056-1057-1058-208
[2026-08-11 17:52:22.328794] [INFO] [path_server] 노드 업데이트 : [1081] ➜ [1185]
[2026-08-11 17:52:22.408647] [INFO] [path_server] 새로운 경로 설정 : path[1081 ➜ 208] time[0s] dist[12m] list[9] : 1081-1185-1186-1187-1188-1056-1057-1058-208
[2026-08-11 17:52:23.745896] [INFO] [path_server] 노드 업데이트 : [1185] ➜ [1186]
[2026-08-11 17:52:23.825817] [INFO] [path_server] 새로운 경로 설정 : path[1185 ➜ 208] time[0s] dist[10.5m] list[8] : 1185-1186-1187-1188-1056-1057-1058-208
[2026-08-11 17:52:27.219184] [INFO] [path_server] 노드 업데이트 : [1186] ➜ [1187]
[2026-08-11 17:52:27.299072] [INFO] [path_server] 새로운 경로 설정 : path[1186 ➜ 208] time[0s] dist[9m] list[7] : 1186-1187-1188-1056-1057-1058-208
[2026-08-11 17:52:28.337353] [INFO] [path_server] 노드 업데이트 : [1187] ➜ [1188]
[2026-08-11 17:52:28.417267] [INFO] [path_server] 새로운 경로 설정 : path[1187 ➜ 208] time[0s] dist[7.5m] list[6] : 1187-1188-1056-1057-1058-208
[2026-08-11 17:52:29.574804] [INFO] [path_server] 노드 업데이트 : [1188] ➜ [1056]
[2026-08-11 17:52:29.634712] [INFO] [path_server] 새로운 경로 설정 : path[1188 ➜ 208] time[0s] dist[6m] list[5] : 1188-1056-1057-1058-208
[2026-08-11 17:52:32.847986] [INFO] [path_server] 노드 업데이트 : [1056] ➜ [1057]
[2026-08-11 17:52:32.927792] [INFO] [path_server] 새로운 경로 설정 : path[1056 ➜ 208] time[0s] dist[4.5m] list[4] : 1056-1057-1058-208
[2026-08-11 17:52:34.005629] [INFO] [path_server] 노드 업데이트 : [1057] ➜ [1058]
[2026-08-11 17:52:34.065524] [INFO] [path_server] 새로운 경로 설정 : path[1057 ➜ 208] time[0s] dist[3m] list[3] : 1057-1058-208
[2026-08-11 17:52:36.740149] [INFO] [path_server] 노드 업데이트 : [1058] ➜ [208]
[2026-08-11 17:52:36.820017] [INFO] [path_server] 새로운 경로 설정 : path[1058 ➜ 208] time[0s] dist[1.5m] list[2] : 1058-208
[2026-08-11 17:52:40.912123] [INFO] [path_server] 노드 업데이트 : [208] ➜ [-1]
[2026-08-11 17:52:43.766305] [INFO] [course_tracker] 목적지에서 각도 정렬 : [29.000m 16.000m 0.000°]
[2026-08-11 17:52:44.804373] [INFO] [path_server] 노드 업데이트 : [208] ➜ [-1]
[2026-08-11 17:52:44.824319] [INFO] [task::fsm] push_done
[2026-08-11 17:52:44.884212] [INFO] [task::fsm] idle
[2026-08-11 17:52:44.884222] [INFO] [path_server] 경로 삭제
[2026-08-11 17:52:44.884220] [INFO] [course_manager] 코스 삭제
[2026-08-11 17:53:14.706179] [INFO] [path_server] 새로운 경로 설정 : path[208 ➜ 108] time[0s] dist[60m] list[41] : 208-1058-1059-1060-1061-1062-1063-1064-1065-40-1067-1068-1069-1070-1071-1072-1073-1074-1075-1076-1159-1158-1157-1160-1161-1162-1163-1164-1165-1166-1167-1168-41-1170-1171-1172-1173-1174-1175-1176-108
[2026-08-11 17:53:16.862090] [INFO] [path_server] 노드 업데이트 : [1058] ➜ [1059]
[2026-08-11 17:53:16.922006] [INFO] [path_server] 새로운 경로 설정 : path[1058 ➜ 108] time[0s] dist[58.5m] list[40] : 1058-1059-1060-1061-1062-1063-1064-1065-40-1067-1068-1069-1070-1071-1072-1073-1074-1075-1076-1159-1158-1157-1160-1161-1162-1163-1164-1165-1166-1167-1168-41-1170-1171-1172-1173-1174-1175-1176-108
[2026-08-11 17:53:20.215551] [INFO] [path_server] 노드 업데이트 : [1059] ➜ [1060]
[2026-08-11 17:53:20.275448] [INFO] [path_server] 새로운 경로 설정 : path[1059 ➜ 108] time[0s] dist[57m] list[39] : 1059-1060-1061-1062-1063-1064-1065-40-1067-1068-1069-1070-1071-1072-1073-1074-1075-1076-1159-1158-1157-1160-1161-1162-1163-1164-1165-1166-1167-1168-41-1170-1171-1172-1173-1174-1175-1176-108
[2026-08-11 17:53:21.333348] [INFO] [path_server] 노드 업데이트 : [1060] ➜ [1061]
[2026-08-11 17:53:21.413254] [INFO] [path_server] 새로운 경로 설정 : path[1060 ➜ 108] time[0s] dist[55.5m] list[38] : 1060-1061-1062-1063-1064-1065-40-1067-1068-1069-1070-1071-1072-1073-1074-1075-1076-1159-1158-1157-1160-1161-1162-1163-1164-1165-1166-1167-1168-41-1170-1171-1172-1173-1174-1175-1176-108
[2026-08-11 17:53:22.171751] [INFO] [path_server] 노드 업데이트 : [1061] ➜ [1062]
[2026-08-11 17:53:22.251612] [INFO] [path_server] 새로운 경로 설정 : path[1061 ➜ 108] time[0s] dist[54m] list[37] : 1061-1062-1063-1064-1065-40-1067-1068-1069-1070-1071-1072-1073-1074-1075-1076-1159-1158-1157-1160-1161-1162-1163-1164-1165-1166-1167-1168-41-1170-1171-1172-1173-1174-1175-1176-108
[2026-08-11 17:53:22.910322] [INFO] [path_server] 노드 업데이트 : [1062] ➜ [1063]
[2026-08-11 17:53:22.970240] [INFO] [path_server] 새로운 경로 설정 : path[1062 ➜ 108] time[0s] dist[52.5m] list[36] : 1062-1063-1064-1065-40-1067-1068-1069-1070-1071-1072-1073-1074-1075-1076-1159-1158-1157-1160-1161-1162-1163-1164-1165-1166-1167-1168-41-1170-1171-1172-1173-1174-1175-1176-108
[2026-08-11 17:53:23.668826] [INFO] [path_server] 노드 업데이트 : [1063] ➜ [1064]
[2026-08-11 17:53:23.768676] [INFO] [path_server] 새로운 경로 설정 : path[1063 ➜ 108] time[0s] dist[51m] list[35] : 1063-1064-1065-40-1067-1068-1069-1070-1071-1072-1073-1074-1075-1076-1159-1158-1157-1160-1161-1162-1163-1164-1165-1166-1167-1168-41-1170-1171-1172-1173-1174-1175-1176-108
[2026-08-11 17:53:24.407296] [INFO] [path_server] 노드 업데이트 : [1064] ➜ [1065]
[2026-08-11 17:53:24.487250] [INFO] [path_server] 새로운 경로 설정 : path[1064 ➜ 108] time[0s] dist[49.5m] list[34] : 1064-1065-40-1067-1068-1069-1070-1071-1072-1073-1074-1075-1076-1159-1158-1157-1160-1161-1162-1163-1164-1165-1166-1167-1168-41-1170-1171-1172-1173-1174-1175-1176-108
[2026-08-11 17:53:25.165846] [INFO] [path_server] 노드 업데이트 : [1065] ➜ [40]
[2026-08-11 17:53:25.225741] [INFO] [path_server] 새로운 경로 설정 : path[1065 ➜ 108] time[0s] dist[48m] list[33] : 1065-40-1067-1068-1069-1070-1071-1072-1073-1074-1075-1076-1159-1158-1157-1160-1161-1162-1163-1164-1165-1166-1167-1168-41-1170-1171-1172-1173-1174-1175-1176-108
[2026-08-11 17:53:25.904335] [INFO] [path_server] 노드 업데이트 : [40] ➜ [1067]
[2026-08-11 17:53:25.984285] [INFO] [path_server] 새로운 경로 설정 : path[40 ➜ 108] time[0s] dist[46.5m] list[32] : 40-1067-1068-1069-1070-1071-1072-1073-1074-1075-1076-1159-1158-1157-1160-1161-1162-1163-1164-1165-1166-1167-1168-41-1170-1171-1172-1173-1174-1175-1176-108
[2026-08-11 17:53:26.663119] [INFO] [path_server] 노드 업데이트 : [1067] ➜ [1068]
[2026-08-11 17:53:26.723044] [INFO] [path_server] 새로운 경로 설정 : path[1067 ➜ 108] time[0s] dist[45m] list[31] : 1067-1068-1069-1070-1071-1072-1073-1074-1075-1076-1159-1158-1157-1160-1161-1162-1163-1164-1165-1166-1167-1168-41-1170-1171-1172-1173-1174-1175-1176-108
[2026-08-11 17:53:27.421706] [INFO] [path_server] 노드 업데이트 : [1068] ➜ [1069]
[2026-08-11 17:53:27.501601] [INFO] [path_server] 새로운 경로 설정 : path[1068 ➜ 108] time[0s] dist[43.5m] list[30] : 1068-1069-1070-1071-1072-1073-1074-1075-1076-1159-1158-1157-1160-1161-1162-1163-1164-1165-1166-1167-1168-41-1170-1171-1172-1173-1174-1175-1176-108
[2026-08-11 17:53:28.160281] [INFO] [path_server] 노드 업데이트 : [1069] ➜ [1070]
[2026-08-11 17:53:28.220196] [INFO] [path_server] 새로운 경로 설정 : path[1069 ➜ 108] time[0s] dist[42m] list[29] : 1069-1070-1071-1072-1073-1074-1075-1076-1159-1158-1157-1160-1161-1162-1163-1164-1165-1166-1167-1168-41-1170-1171-1172-1173-1174-1175-1176-108
[2026-08-11 17:53:28.918757] [INFO] [path_server] 노드 업데이트 : [1070] ➜ [1071]
[2026-08-11 17:53:28.998696] [INFO] [path_server] 새로운 경로 설정 : path[1070 ➜ 108] time[0s] dist[40.5m] list[28] : 1070-1071-1072-1073-1074-1075-1076-1159-1158-1157-1160-1161-1162-1163-1164-1165-1166-1167-1168-41-1170-1171-1172-1173-1174-1175-1176-108
[2026-08-11 17:53:29.657269] [INFO] [path_server] 노드 업데이트 : [1071] ➜ [1072]
[2026-08-11 17:53:29.717215] [INFO] [path_server] 새로운 경로 설정 : path[1071 ➜ 108] time[0s] dist[39m] list[27] : 1071-1072-1073-1074-1075-1076-1159-1158-1157-1160-1161-1162-1163-1164-1165-1166-1167-1168-41-1170-1171-1172-1173-1174-1175-1176-108
[2026-08-11 17:53:30.415782] [INFO] [path_server] 노드 업데이트 : [1072] ➜ [1073]
[2026-08-11 17:53:30.495668] [INFO] [path_server] 새로운 경로 설정 : path[1072 ➜ 108] time[0s] dist[37.5m] list[26] : 1072-1073-1074-1075-1076-1159-1158-1157-1160-1161-1162-1163-1164-1165-1166-1167-1168-41-1170-1171-1172-1173-1174-1175-1176-108
[2026-08-11 17:53:31.154322] [INFO] [path_server] 노드 업데이트 : [1073] ➜ [1074]
[2026-08-11 17:53:31.214244] [INFO] [path_server] 새로운 경로 설정 : path[1073 ➜ 108] time[0s] dist[36m] list[25] : 1073-1074-1075-1076-1159-1158-1157-1160-1161-1162-1163-1164-1165-1166-1167-1168-41-1170-1171-1172-1173-1174-1175-1176-108
[2026-08-11 17:53:31.912741] [INFO] [path_server] 노드 업데이트 : [1074] ➜ [1075]
[2026-08-11 17:53:31.992613] [INFO] [path_server] 새로운 경로 설정 : path[1074 ➜ 108] time[0s] dist[34.5m] list[24] : 1074-1075-1076-1159-1158-1157-1160-1161-1162-1163-1164-1165-1166-1167-1168-41-1170-1171-1172-1173-1174-1175-1176-108
[2026-08-11 17:53:32.671071] [INFO] [path_server] 노드 업데이트 : [1075] ➜ [1076]
[2026-08-11 17:53:32.750966] [INFO] [path_server] 새로운 경로 설정 : path[1075 ➜ 108] time[0s] dist[33m] list[23] : 1075-1076-1159-1158-1157-1160-1161-1162-1163-1164-1165-1166-1167-1168-41-1170-1171-1172-1173-1174-1175-1176-108
[2026-08-11 17:53:34.068255] [INFO] [path_server] 노드 업데이트 : [1076] ➜ [1159]
[2026-08-11 17:53:34.148094] [INFO] [path_server] 새로운 경로 설정 : path[1076 ➜ 108] time[0s] dist[31.5m] list[22] : 1076-1159-1158-1157-1160-1161-1162-1163-1164-1165-1166-1167-1168-41-1170-1171-1172-1173-1174-1175-1176-108
[2026-08-11 17:53:37.541426] [INFO] [path_server] 노드 업데이트 : [1159] ➜ [1158]
[2026-08-11 17:53:37.601308] [INFO] [path_server] 새로운 경로 설정 : path[1159 ➜ 108] time[0s] dist[30m] list[21] : 1159-1158-1157-1160-1161-1162-1163-1164-1165-1166-1167-1168-41-1170-1171-1172-1173-1174-1175-1176-108
[2026-08-11 17:53:38.659132] [INFO] [path_server] 노드 업데이트 : [1158] ➜ [1157]
[2026-08-11 17:53:38.739008] [INFO] [path_server] 새로운 경로 설정 : path[1158 ➜ 108] time[0s] dist[28.5m] list[20] : 1158-1157-1160-1161-1162-1163-1164-1165-1166-1167-1168-41-1170-1171-1172-1173-1174-1175-1176-108
[2026-08-11 17:53:40.076221] [INFO] [path_server] 노드 업데이트 : [1157] ➜ [1160]
[2026-08-11 17:53:40.156160] [INFO] [path_server] 새로운 경로 설정 : path[1157 ➜ 108] time[0s] dist[27m] list[19] : 1157-1160-1161-1162-1163-1164-1165-1166-1167-1168-41-1170-1171-1172-1173-1174-1175-1176-108
[2026-08-11 17:53:43.529296] [INFO] [path_server] 노드 업데이트 : [1160] ➜ [1161]
[2026-08-11 17:53:43.589225] [INFO] [path_server] 새로운 경로 설정 : path[1160 ➜ 108] time[0s] dist[25.5m] list[18] : 1160-1161-1162-1163-1164-1165-1166-1167-1168-41-1170-1171-1172-1173-1174-1175-1176-108
[2026-08-11 17:53:44.627110] [INFO] [path_server] 노드 업데이트 : [1161] ➜ [1162]
[2026-08-11 17:53:44.707046] [INFO] [path_server] 새로운 경로 설정 : path[1161 ➜ 108] time[0s] dist[24m] list[17] : 1161-1162-1163-1164-1165-1166-1167-1168-41-1170-1171-1172-1173-1174-1175-1176-108
[2026-08-11 17:53:45.445422] [INFO] [path_server] 노드 업데이트 : [1162] ➜ [1163]
[2026-08-11 17:53:45.505327] [INFO] [path_server] 새로운 경로 설정 : path[1162 ➜ 108] time[0s] dist[22.5m] list[16] : 1162-1163-1164-1165-1166-1167-1168-41-1170-1171-1172-1173-1174-1175-1176-108
[2026-08-11 17:53:46.183887] [INFO] [path_server] 노드 업데이트 : [1163] ➜ [1164]
[2026-08-11 17:53:46.263769] [INFO] [path_server] 새로운 경로 설정 : path[1163 ➜ 108] time[0s] dist[21m] list[15] : 1163-1164-1165-1166-1167-1168-41-1170-1171-1172-1173-1174-1175-1176-108
[2026-08-11 17:53:46.942393] [INFO] [path_server] 노드 업데이트 : [1164] ➜ [1165]
[2026-08-11 17:53:47.002285] [INFO] [path_server] 새로운 경로 설정 : path[1164 ➜ 108] time[0s] dist[19.5m] list[14] : 1164-1165-1166-1167-1168-41-1170-1171-1172-1173-1174-1175-1176-108
[2026-08-11 17:53:47.680894] [INFO] [path_server] 노드 업데이트 : [1165] ➜ [1166]
[2026-08-11 17:53:47.760824] [INFO] [path_server] 새로운 경로 설정 : path[1165 ➜ 108] time[0s] dist[18m] list[13] : 1165-1166-1167-1168-41-1170-1171-1172-1173-1174-1175-1176-108
[2026-08-11 17:53:48.439510] [INFO] [path_server] 노드 업데이트 : [1166] ➜ [1167]
[2026-08-11 17:53:48.519468] [INFO] [path_server] 새로운 경로 설정 : path[1166 ➜ 108] time[0s] dist[16.5m] list[12] : 1166-1167-1168-41-1170-1171-1172-1173-1174-1175-1176-108
[2026-08-11 17:53:49.198094] [INFO] [path_server] 노드 업데이트 : [1167] ➜ [1168]
[2026-08-11 17:53:49.257992] [INFO] [path_server] 새로운 경로 설정 : path[1167 ➜ 108] time[0s] dist[15m] list[11] : 1167-1168-41-1170-1171-1172-1173-1174-1175-1176-108
[2026-08-11 17:53:49.936523] [INFO] [path_server] 노드 업데이트 : [1168] ➜ [41]
[2026-08-11 17:53:50.016450] [INFO] [path_server] 새로운 경로 설정 : path[1168 ➜ 108] time[0s] dist[13.5m] list[10] : 1168-41-1170-1171-1172-1173-1174-1175-1176-108
[2026-08-11 17:53:50.695077] [INFO] [path_server] 노드 업데이트 : [41] ➜ [1170]
[2026-08-11 17:53:50.754988] [INFO] [path_server] 새로운 경로 설정 : path[41 ➜ 108] time[0s] dist[12m] list[9] : 41-1170-1171-1172-1173-1174-1175-1176-108
[2026-08-11 17:53:51.433538] [INFO] [path_server] 노드 업데이트 : [1170] ➜ [1171]
[2026-08-11 17:53:51.513464] [INFO] [path_server] 새로운 경로 설정 : path[1170 ➜ 108] time[0s] dist[10.5m] list[8] : 1170-1171-1172-1173-1174-1175-1176-108
[2026-08-11 17:53:52.192121] [INFO] [path_server] 노드 업데이트 : [1171] ➜ [1172]
[2026-08-11 17:53:52.252013] [INFO] [path_server] 새로운 경로 설정 : path[1171 ➜ 108] time[0s] dist[9m] list[7] : 1171-1172-1173-1174-1175-1176-108
[2026-08-11 17:53:52.930620] [INFO] [path_server] 노드 업데이트 : [1172] ➜ [1173]
[2026-08-11 17:53:53.010529] [INFO] [path_server] 새로운 경로 설정 : path[1172 ➜ 108] time[0s] dist[7.5m] list[6] : 1172-1173-1174-1175-1176-108
[2026-08-11 17:53:53.689203] [INFO] [path_server] 노드 업데이트 : [1173] ➜ [1174]
[2026-08-11 17:53:53.749112] [INFO] [path_server] 새로운 경로 설정 : path[1173 ➜ 108] time[0s] dist[6m] list[5] : 1173-1174-1175-1176-108
[2026-08-11 17:53:54.447654] [INFO] [path_server] 노드 업데이트 : [1174] ➜ [1175]
[2026-08-11 17:53:54.527515] [INFO] [path_server] 새로운 경로 설정 : path[1174 ➜ 108] time[0s] dist[4.5m] list[4] : 1174-1175-1176-108
[2026-08-11 17:53:55.186141] [INFO] [path_server] 노드 업데이트 : [1175] ➜ [1176]
[2026-08-11 17:53:55.246036] [INFO] [path_server] 새로운 경로 설정 : path[1175 ➜ 108] time[0s] dist[3m] list[3] : 1175-1176-108
[2026-08-11 17:53:56.523414] [INFO] [path_server] 노드 업데이트 : [1176] ➜ [108]
[2026-08-11 17:53:56.603349] [INFO] [path_server] 새로운 경로 설정 : path[1176 ➜ 108] time[0s] dist[1.5m] list[2] : 1176-108
[2026-08-11 17:54:00.495609] [INFO] [path_server] 노드 업데이트 : [108] ➜ [-1]
[2026-08-11 17:54:03.330019] [INFO] [course_tracker] 목적지에서 각도 정렬 : [27.500m 11.500m 0.000°]
[2026-08-11 17:54:04.348064] [INFO] [path_server] 노드 업데이트 : [108] ➜ [-1]
[2026-08-11 17:54:04.368052] [INFO] [task::fsm] push_done
[2026-08-11 17:54:04.427949] [INFO] [task::fsm] charging
[2026-08-11 17:54:04.427959] [INFO] [power_system] 충전 프로세스 시작
[2026-08-11 17:54:04.427987] [INFO] [health_monitor] [등록][100015, 100001] : 자동 충전 시작.
[2026-08-11 17:54:08.520185] [INFO] [health_monitor] [등록][100015, 200001] : 배터리 남은 양 - 주의
[2026-08-11 17:54:09.438657] [INFO] [health_monitor] [삭제][100015, 100001] : 자동 충전 시작.
[2026-08-11 17:54:09.598299] [INFO] [health_monitor] [삭제][100015, 200001] : 배터리 남은 양 - 주의
[2026-08-11 17:54:33.592019] [INFO] [power_system] 충전 완료
[2026-08-11 17:54:33.592035] [INFO] [health_monitor] [등록][100015, 100002] : 배터리 가득.
[2026-08-11 17:54:33.592038] [INFO] [health_monitor] [등록][100015, 100003] : 자동 충전 해제 시작.
[2026-08-11 17:54:38.602632] [INFO] [health_monitor] [삭제][100015, 100002] : 배터리 가득.
[2026-08-11 17:54:38.602640] [INFO] [health_monitor] [삭제][100015, 100003] : 자동 충전 해제 시작.
[2026-08-11 17:54:38.622627] [INFO] [power_system] 충전 해제 완료
[2026-08-11 17:54:38.622642] [INFO] [health_monitor] [등록][100015, 100004] : 자동 충전 해제 완료.
[2026-08-11 17:54:38.642580] [INFO] [task::fsm] discharging
[2026-08-11 17:54:38.642588] [INFO] [power_system] 충전 해제 프로세스 시작
[2026-08-11 17:54:38.642598] [INFO] [health_monitor] [등록][100015, 100003] : 자동 충전 해제 시작.
[2026-08-11 17:54:38.662495] [INFO] [task::fsm] idle
[2026-08-11 17:54:38.662502] [INFO] [path_server] 경로 삭제
[2026-08-11 17:54:38.662501] [INFO] [course_manager] 코스 삭제
[2026-08-11 17:54:38.702463] [INFO] [task::fsm] idle
[2026-08-11 17:54:38.702470] [INFO] [path_server] 경로 삭제
[2026-08-11 17:54:38.702468] [INFO] [course_manager] 코스 삭제
[2026-08-11 17:54:40.977998] [INFO] [path_server] 새로운 경로 설정 : path[108 ➜ 205] time[0s] dist[22.5m] list[16] : 108-1176-1177-1178-1081-1185-1186-1187-1188-1056-1057-1058-1059-1060-1061-205
[2026-08-11 17:54:43.632588] [INFO] [health_monitor] [삭제][100015, 100004] : 자동 충전 해제 완료.
[2026-08-11 17:54:43.652600] [INFO] [health_monitor] [삭제][100015, 100003] : 자동 충전 해제 시작.
[2026-08-11 17:54:44.830376] [INFO] [path_server] 노드 업데이트 : [1176] ➜ [1177]
[2026-08-11 17:54:44.910222] [INFO] [path_server] 새로운 경로 설정 : path[1176 ➜ 205] time[0s] dist[21m] list[15] : 1176-1177-1178-1081-1185-1186-1187-1188-1056-1057-1058-1059-1060-1061-205
[2026-08-11 17:54:48.423078] [INFO] [path_server] 노드 업데이트 : [1177] ➜ [1178]
[2026-08-11 17:54:48.502945] [INFO] [path_server] 새로운 경로 설정 : path[1177 ➜ 205] time[0s] dist[19.5m] list[14] : 1177-1178-1081-1185-1186-1187-1188-1056-1057-1058-1059-1060-1061-205
[2026-08-11 17:54:49.540816] [INFO] [path_server] 노드 업데이트 : [1178] ➜ [1081]
[2026-08-11 17:54:49.620854] [INFO] [path_server] 새로운 경로 설정 : path[1178 ➜ 205] time[0s] dist[18m] list[13] : 1178-1081-1185-1186-1187-1188-1056-1057-1058-1059-1060-1061-205
[2026-08-11 17:54:50.359199] [INFO] [path_server] 노드 업데이트 : [1081] ➜ [1185]
[2026-08-11 17:54:50.419100] [INFO] [path_server] 새로운 경로 설정 : path[1081 ➜ 205] time[0s] dist[16.5m] list[12] : 1081-1185-1186-1187-1188-1056-1057-1058-1059-1060-1061-205
[2026-08-11 17:54:51.776272] [INFO] [path_server] 노드 업데이트 : [1185] ➜ [1186]
[2026-08-11 17:54:51.856131] [INFO] [path_server] 새로운 경로 설정 : path[1185 ➜ 205] time[0s] dist[15m] list[11] : 1185-1186-1187-1188-1056-1057-1058-1059-1060-1061-205
[2026-08-11 17:54:55.229522] [INFO] [path_server] 노드 업데이트 : [1186] ➜ [1187]
[2026-08-11 17:54:55.309451] [INFO] [path_server] 새로운 경로 설정 : path[1186 ➜ 205] time[0s] dist[13.5m] list[10] : 1186-1187-1188-1056-1057-1058-1059-1060-1061-205
[2026-08-11 17:54:56.327374] [INFO] [path_server] 노드 업데이트 : [1187] ➜ [1188]
[2026-08-11 17:54:56.407247] [INFO] [path_server] 새로운 경로 설정 : path[1187 ➜ 205] time[0s] dist[12m] list[9] : 1187-1188-1056-1057-1058-1059-1060-1061-205
[2026-08-11 17:54:57.584774] [INFO] [path_server] 노드 업데이트 : [1188] ➜ [1056]
[2026-08-11 17:54:57.644686] [INFO] [path_server] 새로운 경로 설정 : path[1188 ➜ 205] time[0s] dist[10.5m] list[8] : 1188-1056-1057-1058-1059-1060-1061-205
[2026-08-11 17:55:00.858259] [INFO] [path_server] 노드 업데이트 : [1056] ➜ [1057]
[2026-08-11 17:55:00.938141] [INFO] [path_server] 새로운 경로 설정 : path[1056 ➜ 205] time[0s] dist[9m] list[7] : 1056-1057-1058-1059-1060-1061-205
[2026-08-11 17:55:02.015970] [INFO] [path_server] 노드 업데이트 : [1057] ➜ [1058]
[2026-08-11 17:55:02.075846] [INFO] [path_server] 새로운 경로 설정 : path[1057 ➜ 205] time[0s] dist[7.5m] list[6] : 1057-1058-1059-1060-1061-205
[2026-08-11 17:55:02.854256] [INFO] [path_server] 노드 업데이트 : [1058] ➜ [1059]
[2026-08-11 17:55:02.914153] [INFO] [path_server] 새로운 경로 설정 : path[1058 ➜ 205] time[0s] dist[6m] list[5] : 1058-1059-1060-1061-205
[2026-08-11 17:55:03.612689] [INFO] [path_server] 노드 업데이트 : [1059] ➜ [1060]
[2026-08-11 17:55:03.692567] [INFO] [path_server] 새로운 경로 설정 : path[1059 ➜ 205] time[0s] dist[4.5m] list[4] : 1059-1060-1061-205
[2026-08-11 17:55:04.351216] [INFO] [path_server] 노드 업데이트 : [1060] ➜ [1061]
[2026-08-11 17:55:04.411076] [INFO] [path_server] 새로운 경로 설정 : path[1060 ➜ 205] time[0s] dist[3m] list[3] : 1060-1061-205
[2026-08-11 17:55:07.105553] [INFO] [path_server] 노드 업데이트 : [1061] ➜ [205]
[2026-08-11 17:55:07.165437] [INFO] [path_server] 새로운 경로 설정 : path[1061 ➜ 205] time[0s] dist[1.5m] list[2] : 1061-205
[2026-08-11 17:55:11.317685] [INFO] [path_server] 노드 업데이트 : [205] ➜ [-1]
[2026-08-11 17:55:14.132191] [INFO] [course_tracker] 목적지에서 각도 정렬 : [24.500m 16.000m 0.000°]
[2026-08-11 17:55:15.070215] [INFO] [path_server] 노드 업데이트 : [205] ➜ [-1]
[2026-08-11 17:55:15.090225] [INFO] [task::fsm] push_done
[2026-08-11 17:55:15.150092] [INFO] [task::fsm] idle
[2026-08-11 17:55:15.150105] [INFO] [path_server] 경로 삭제
[2026-08-11 17:55:15.150100] [INFO] [course_manager] 코스 삭제
[2026-08-11 17:55:44.991590] [INFO] [path_server] 새로운 경로 설정 : path[205 ➜ 104] time[0s] dist[18m] list[13] : 205-1061-1062-1063-1064-1065-40-1067-1068-1069-1070-1071-104
[2026-08-11 17:55:47.147116] [INFO] [path_server] 노드 업데이트 : [1061] ➜ [1062]
[2026-08-11 17:55:47.207037] [INFO] [path_server] 새로운 경로 설정 : path[1061 ➜ 104] time[0s] dist[16.5m] list[12] : 1061-1062-1063-1064-1065-40-1067-1068-1069-1070-1071-104
[2026-08-11 17:55:50.500248] [INFO] [path_server] 노드 업데이트 : [1062] ➜ [1063]
[2026-08-11 17:55:50.560144] [INFO] [path_server] 새로운 경로 설정 : path[1062 ➜ 104] time[0s] dist[15m] list[11] : 1062-1063-1064-1065-40-1067-1068-1069-1070-1071-104
[2026-08-11 17:55:51.618239] [INFO] [path_server] 노드 업데이트 : [1063] ➜ [1064]
[2026-08-11 17:55:51.698101] [INFO] [path_server] 새로운 경로 설정 : path[1063 ➜ 104] time[0s] dist[13.5m] list[10] : 1063-1064-1065-40-1067-1068-1069-1070-1071-104
[2026-08-11 17:55:52.456697] [INFO] [path_server] 노드 업데이트 : [1064] ➜ [1065]
[2026-08-11 17:55:52.536618] [INFO] [path_server] 새로운 경로 설정 : path[1064 ➜ 104] time[0s] dist[12m] list[9] : 1064-1065-40-1067-1068-1069-1070-1071-104
[2026-08-11 17:55:53.195221] [INFO] [path_server] 노드 업데이트 : [1065] ➜ [40]
[2026-08-11 17:55:53.255122] [INFO] [path_server] 새로운 경로 설정 : path[1065 ➜ 104] time[0s] dist[10.5m] list[8] : 1065-40-1067-1068-1069-1070-1071-104
[2026-08-11 17:55:53.953874] [INFO] [path_server] 노드 업데이트 : [40] ➜ [1067]
[2026-08-11 17:55:54.033717] [INFO] [path_server] 새로운 경로 설정 : path[40 ➜ 104] time[0s] dist[9m] list[7] : 40-1067-1068-1069-1070-1071-104
[2026-08-11 17:55:54.692316] [INFO] [path_server] 노드 업데이트 : [1067] ➜ [1068]
[2026-08-11 17:55:54.752231] [INFO] [path_server] 새로운 경로 설정 : path[1067 ➜ 104] time[0s] dist[7.5m] list[6] : 1067-1068-1069-1070-1071-104
[2026-08-11 17:55:55.450748] [INFO] [path_server] 노드 업데이트 : [1068] ➜ [1069]
[2026-08-11 17:55:55.530586] [INFO] [path_server] 새로운 경로 설정 : path[1068 ➜ 104] time[0s] dist[6m] list[5] : 1068-1069-1070-1071-104
[2026-08-11 17:55:56.189255] [INFO] [path_server] 노드 업데이트 : [1069] ➜ [1070]
[2026-08-11 17:55:56.249176] [INFO] [path_server] 새로운 경로 설정 : path[1069 ➜ 104] time[0s] dist[4.5m] list[4] : 1069-1070-1071-104
[2026-08-11 17:55:56.947778] [INFO] [path_server] 노드 업데이트 : [1070] ➜ [1071]
[2026-08-11 17:55:57.047583] [INFO] [path_server] 새로운 경로 설정 : path[1070 ➜ 104] time[0s] dist[3m] list[3] : 1070-1071-104
[2026-08-11 17:55:58.265518] [INFO] [path_server] 노드 업데이트 : [1071] ➜ [104]
[2026-08-11 17:55:58.345655] [INFO] [path_server] 새로운 경로 설정 : path[1071 ➜ 104] time[0s] dist[1.5m] list[2] : 1071-104
[2026-08-11 17:56:02.238844] [INFO] [path_server] 노드 업데이트 : [104] ➜ [-1]
[2026-08-11 17:56:05.093192] [INFO] [course_tracker] 목적지에서 각도 정렬 : [9.500m 19.000m 0.000°]
[2026-08-11 17:56:06.071146] [INFO] [path_server] 노드 업데이트 : [104] ➜ [-1]
[2026-08-11 17:56:06.091144] [INFO] [task::fsm] push_done
[2026-08-11 17:56:06.151094] [INFO] [task::fsm] charging
[2026-08-11 17:56:06.151111] [INFO] [power_system] 충전 프로세스 시작
[2026-08-11 17:56:06.151137] [INFO] [health_monitor] [등록][100015, 100001] : 자동 충전 시작.
[2026-08-11 17:56:11.161126] [INFO] [health_monitor] [삭제][100015, 100001] : 자동 충전 시작.
[2026-08-11 17:56:29.085786] [INFO] [power_system] 충전 완료
[2026-08-11 17:56:29.085811] [INFO] [health_monitor] [등록][100015, 100002] : 배터리 가득.
[2026-08-11 17:56:29.085816] [INFO] [health_monitor] [등록][100015, 100003] : 자동 충전 해제 시작.
[2026-08-11 17:56:34.096814] [INFO] [health_monitor] [삭제][100015, 100002] : 배터리 가득.
[2026-08-11 17:56:34.096821] [INFO] [health_monitor] [삭제][100015, 100003] : 자동 충전 해제 시작.
[2026-08-11 17:56:34.116758] [INFO] [power_system] 충전 해제 완료
[2026-08-11 17:56:34.116777] [INFO] [health_monitor] [등록][100015, 100004] : 자동 충전 해제 완료.
[2026-08-11 17:56:34.136746] [INFO] [task::fsm] discharging
[2026-08-11 17:56:34.136753] [INFO] [power_system] 충전 해제 프로세스 시작
[2026-08-11 17:56:34.136762] [INFO] [health_monitor] [등록][100015, 100003] : 자동 충전 해제 시작.
[2026-08-11 17:56:34.156696] [INFO] [task::fsm] idle
[2026-08-11 17:56:34.156701] [INFO] [course_manager] 코스 삭제
[2026-08-11 17:56:34.156703] [INFO] [path_server] 경로 삭제
[2026-08-11 17:56:34.196653] [INFO] [task::fsm] idle
[2026-08-11 17:56:34.196660] [INFO] [path_server] 경로 삭제
[2026-08-11 17:56:34.196659] [INFO] [course_manager] 코스 삭제
[2026-08-11 17:56:39.128782] [INFO] [health_monitor] [삭제][100015, 100004] : 자동 충전 해제 완료.
[2026-08-11 17:56:39.148789] [INFO] [health_monitor] [삭제][100015, 100003] : 자동 충전 해제 시작.
[2026-08-11 17:57:29.194662] [INFO] [task::fsm] charging
[2026-08-11 17:57:29.194697] [INFO] [health_monitor] [등록][100015, 100001] : 자동 충전 시작.
[2026-08-11 17:57:29.194675] [INFO] [power_system] 충전 프로세스 시작
[2026-08-11 17:57:34.204968] [INFO] [health_monitor] [삭제][100015, 100001] : 자동 충전 시작.
