[2026-08-11 16:38:01.994035] [INFO] [path_server] 생성
[2026-08-11 16:38:01.994101] [INFO] [path_server] 경로 삭제
[2026-08-11 16:38:01.996039] [INFO] [path_server] 노드 초기화 성공 : 로봇 좌표[1.003m 4.002m 179.329°] 최단 거리 노드[204] 거리(0.003553m)
[2026-08-11 16:45:50.013762] [INFO] [path_server] 생성
[2026-08-11 16:45:50.013797] [INFO] [path_server] 경로 삭제
[2026-08-11 16:45:50.015298] [INFO] [path_server] 노드 초기화 성공 : 로봇 좌표[5.504m 6.998m -179.385°] 최단 거리 노드[102] 거리(0.004241m)
[2026-08-11 16:46:09.118374] [INFO] [path_server] 새로운 경로 설정 : path[102 ➜ 1024] time[0s] dist[24m] list[17] : 102-1183-1184-1045-1046-1047-1048-1001-1002-1003-1004-1005-1006-1021-1022-1023-1024
[2026-08-11 16:46:16.286332] [INFO] [path_server] 노드 업데이트 : [1183] ➜ [1184]
[2026-08-11 16:46:16.346246] [INFO] [path_server] 새로운 경로 설정 : path[1183 ➜ 1024] time[0s] dist[22.5m] list[16] : 1183-1184-1045-1046-1047-1048-1001-1002-1003-1004-1005-1006-1021-1022-1023-1024
[2026-08-11 16:46:19.919293] [INFO] [path_server] 노드 업데이트 : [1184] ➜ [1045]
[2026-08-11 16:46:19.999173] [INFO] [path_server] 새로운 경로 설정 : path[1184 ➜ 1024] time[0s] dist[21m] list[15] : 1184-1045-1046-1047-1048-1001-1002-1003-1004-1005-1006-1021-1022-1023-1024
[2026-08-11 16:46:21.256644] [INFO] [path_server] 노드 업데이트 : [1045] ➜ [1046]
[2026-08-11 16:46:21.316538] [INFO] [path_server] 새로운 경로 설정 : path[1045 ➜ 1024] time[0s] dist[19.5m] list[14] : 1045-1046-1047-1048-1001-1002-1003-1004-1005-1006-1021-1022-1023-1024
[2026-08-11 16:46:24.591407] [INFO] [path_server] 노드 업데이트 : [1046] ➜ [1047]
[2026-08-11 16:46:24.671285] [INFO] [path_server] 새로운 경로 설정 : path[1046 ➜ 1024] time[0s] dist[18m] list[13] : 1046-1047-1048-1001-1002-1003-1004-1005-1006-1021-1022-1023-1024
[2026-08-11 16:46:25.709355] [INFO] [path_server] 노드 업데이트 : [1047] ➜ [1048]
[2026-08-11 16:46:25.789270] [INFO] [path_server] 새로운 경로 설정 : path[1047 ➜ 1024] time[0s] dist[16.5m] list[12] : 1047-1048-1001-1002-1003-1004-1005-1006-1021-1022-1023-1024
[2026-08-11 16:46:26.527920] [INFO] [path_server] 노드 업데이트 : [1048] ➜ [1001]
[2026-08-11 16:46:26.607833] [INFO] [path_server] 새로운 경로 설정 : path[1048 ➜ 1024] time[0s] dist[15m] list[11] : 1048-1001-1002-1003-1004-1005-1006-1021-1022-1023-1024
[2026-08-11 16:46:27.286524] [INFO] [path_server] 노드 업데이트 : [1001] ➜ [1002]
[2026-08-11 16:46:27.346428] [INFO] [path_server] 새로운 경로 설정 : path[1001 ➜ 1024] time[0s] dist[13.5m] list[10] : 1001-1002-1003-1004-1005-1006-1021-1022-1023-1024
[2026-08-11 16:46:28.045248] [INFO] [path_server] 노드 업데이트 : [1002] ➜ [1003]
[2026-08-11 16:46:28.125143] [INFO] [path_server] 새로운 경로 설정 : path[1002 ➜ 1024] time[0s] dist[12m] list[9] : 1002-1003-1004-1005-1006-1021-1022-1023-1024
[2026-08-11 16:46:28.783888] [INFO] [path_server] 노드 업데이트 : [1003] ➜ [1004]
[2026-08-11 16:46:28.843798] [INFO] [path_server] 새로운 경로 설정 : path[1003 ➜ 1024] time[0s] dist[10.5m] list[8] : 1003-1004-1005-1006-1021-1022-1023-1024
[2026-08-11 16:46:29.542572] [INFO] [path_server] 노드 업데이트 : [1004] ➜ [1005]
[2026-08-11 16:46:29.622395] [INFO] [path_server] 새로운 경로 설정 : path[1004 ➜ 1024] time[0s] dist[9m] list[7] : 1004-1005-1006-1021-1022-1023-1024
[2026-08-11 16:46:30.281243] [INFO] [path_server] 노드 업데이트 : [1005] ➜ [1006]
[2026-08-11 16:46:30.341127] [INFO] [path_server] 새로운 경로 설정 : path[1005 ➜ 1024] time[0s] dist[7.5m] list[6] : 1005-1006-1021-1022-1023-1024
[2026-08-11 16:46:31.039864] [INFO] [path_server] 노드 업데이트 : [1006] ➜ [1021]
[2026-08-11 16:46:31.119721] [INFO] [path_server] 새로운 경로 설정 : path[1006 ➜ 1024] time[0s] dist[6m] list[5] : 1006-1021-1022-1023-1024
[2026-08-11 16:46:31.778551] [INFO] [path_server] 노드 업데이트 : [1021] ➜ [1022]
[2026-08-11 16:46:31.838478] [INFO] [path_server] 새로운 경로 설정 : path[1021 ➜ 1024] time[0s] dist[4.5m] list[4] : 1021-1022-1023-1024
[2026-08-11 16:46:32.537140] [INFO] [path_server] 노드 업데이트 : [1022] ➜ [1023]
[2026-08-11 16:46:32.617069] [INFO] [path_server] 새로운 경로 설정 : path[1022 ➜ 1024] time[0s] dist[3m] list[3] : 1022-1023-1024
[2026-08-11 16:46:33.295627] [INFO] [path_server] 노드 업데이트 : [1023] ➜ [1024]
[2026-08-11 16:46:33.375526] [INFO] [path_server] 새로운 경로 설정 : path[1023 ➜ 1024] time[0s] dist[1.5m] list[2] : 1023-1024
[2026-08-11 16:46:35.511617] [INFO] [path_server] 노드 업데이트 : [1024] ➜ [-1]
[2026-08-11 16:46:38.446112] [INFO] [path_server] 노드 업데이트 : [1024] ➜ [-1]
[2026-08-11 16:46:38.525992] [INFO] [path_server] 경로 삭제
[2026-08-11 16:46:43.617686] [INFO] [path_server] 새로운 경로 설정 : path[1024 ➜ 207] time[0s] dist[15m] list[11] : 1024-1025-1026-1027-1028-1148-1077-1078-1079-1080-207
[2026-08-11 16:46:45.953595] [INFO] [path_server] 노드 업데이트 : [1025] ➜ [1026]
[2026-08-11 16:46:46.013515] [INFO] [path_server] 새로운 경로 설정 : path[1025 ➜ 207] time[0s] dist[13.5m] list[10] : 1025-1026-1027-1028-1148-1077-1078-1079-1080-207
[2026-08-11 16:46:47.011855] [INFO] [path_server] 노드 업데이트 : [1026] ➜ [1027]
[2026-08-11 16:46:47.091796] [INFO] [path_server] 새로운 경로 설정 : path[1026 ➜ 207] time[0s] dist[12m] list[9] : 1026-1027-1028-1148-1077-1078-1079-1080-207
[2026-08-11 16:46:47.810354] [INFO] [path_server] 노드 업데이트 : [1027] ➜ [1028]
[2026-08-11 16:46:47.870262] [INFO] [path_server] 새로운 경로 설정 : path[1027 ➜ 207] time[0s] dist[10.5m] list[8] : 1027-1028-1148-1077-1078-1079-1080-207
[2026-08-11 16:46:48.568913] [INFO] [path_server] 노드 업데이트 : [1028] ➜ [1148]
[2026-08-11 16:46:48.648807] [INFO] [path_server] 새로운 경로 설정 : path[1028 ➜ 207] time[0s] dist[9m] list[7] : 1028-1148-1077-1078-1079-1080-207
[2026-08-11 16:46:49.866449] [INFO] [path_server] 노드 업데이트 : [1148] ➜ [1077]
[2026-08-11 16:46:49.946408] [INFO] [path_server] 새로운 경로 설정 : path[1148 ➜ 207] time[0s] dist[7.5m] list[6] : 1148-1077-1078-1079-1080-207
[2026-08-11 16:46:53.220568] [INFO] [path_server] 노드 업데이트 : [1077] ➜ [1078]
[2026-08-11 16:46:53.300475] [INFO] [path_server] 새로운 경로 설정 : path[1077 ➜ 207] time[0s] dist[6m] list[5] : 1077-1078-1079-1080-207
[2026-08-11 16:46:54.358521] [INFO] [path_server] 노드 업데이트 : [1078] ➜ [1079]
[2026-08-11 16:46:54.438464] [INFO] [path_server] 새로운 경로 설정 : path[1078 ➜ 207] time[0s] dist[4.5m] list[4] : 1078-1079-1080-207
[2026-08-11 16:46:55.177149] [INFO] [path_server] 노드 업데이트 : [1079] ➜ [1080]
[2026-08-11 16:46:55.237049] [INFO] [path_server] 새로운 경로 설정 : path[1079 ➜ 207] time[0s] dist[3m] list[3] : 1079-1080-207
[2026-08-11 16:46:56.514422] [INFO] [path_server] 노드 업데이트 : [1080] ➜ [207]
[2026-08-11 16:46:56.594356] [INFO] [path_server] 새로운 경로 설정 : path[1080 ➜ 207] time[0s] dist[1.5m] list[2] : 1080-207
[2026-08-11 16:47:01.744377] [INFO] [path_server] 노드 업데이트 : [207] ➜ [-1]
[2026-08-11 16:47:04.679145] [INFO] [path_server] 노드 업데이트 : [207] ➜ [-1]
[2026-08-11 16:47:04.739023] [INFO] [path_server] 경로 삭제
[2026-08-11 16:49:24.425154] [INFO] [path_server] 생성
[2026-08-11 16:49:24.425185] [INFO] [path_server] 경로 삭제
[2026-08-11 16:49:24.426769] [INFO] [path_server] 노드 초기화 성공 : 로봇 좌표[35.496m 15.999m -0.700°] 최단 거리 노드[207] 거리(0.004228m)
[2026-08-11 16:49:29.537127] [INFO] [path_server] 새로운 경로 설정 : path[207 ➜ 108] time[0s] dist[37.5m] list[26] : 207-1080-1081-1082-1083-1084-1085-1086-1173-1174-1175-1176-1177-1178-1030-1031-1032-1033-1034-1007-1167-1168-1169-1170-1171-108
[2026-08-11 16:49:58.427878] [INFO] [path_server] 생성
[2026-08-11 16:49:58.427907] [INFO] [path_server] 경로 삭제
[2026-08-11 16:49:58.429429] [INFO] [path_server] 노드 초기화 성공 : 로봇 좌표[33.656m 21.994m 168.947°] 최단 거리 노드[1084] 거리(0.344046m)
[2026-08-11 16:50:05.417745] [INFO] [path_server] 새로운 경로 설정 : path[1084 ➜ 108] time[0s] dist[30m] list[21] : 1084-1085-1086-1173-1174-1175-1176-1177-1178-1030-1031-1032-1033-1034-1007-1167-1168-1169-1170-1171-108
[2026-08-11 16:50:08.192971] [INFO] [path_server] 노드 업데이트 : [1085] ➜ [1086]
[2026-08-11 16:50:08.252854] [INFO] [path_server] 새로운 경로 설정 : path[1085 ➜ 108] time[0s] dist[28.5m] list[20] : 1085-1086-1173-1174-1175-1176-1177-1178-1030-1031-1032-1033-1034-1007-1167-1168-1169-1170-1171-108
[2026-08-11 16:50:09.650564] [INFO] [path_server] 노드 업데이트 : [1086] ➜ [1173]
[2026-08-11 16:50:09.730500] [INFO] [path_server] 새로운 경로 설정 : path[1086 ➜ 108] time[0s] dist[27m] list[19] : 1086-1173-1174-1175-1176-1177-1178-1030-1031-1032-1033-1034-1007-1167-1168-1169-1170-1171-108
[2026-08-11 16:50:13.124024] [INFO] [path_server] 노드 업데이트 : [1173] ➜ [1174]
[2026-08-11 16:50:13.203937] [INFO] [path_server] 새로운 경로 설정 : path[1173 ➜ 108] time[0s] dist[25.5m] list[18] : 1173-1174-1175-1176-1177-1178-1030-1031-1032-1033-1034-1007-1167-1168-1169-1170-1171-108
[2026-08-11 16:50:14.241867] [INFO] [path_server] 노드 업데이트 : [1174] ➜ [1175]
[2026-08-11 16:50:14.321800] [INFO] [path_server] 새로운 경로 설정 : path[1174 ➜ 108] time[0s] dist[24m] list[17] : 1174-1175-1176-1177-1178-1030-1031-1032-1033-1034-1007-1167-1168-1169-1170-1171-108
[2026-08-11 16:50:15.060354] [INFO] [path_server] 노드 업데이트 : [1175] ➜ [1176]
[2026-08-11 16:50:15.120265] [INFO] [path_server] 새로운 경로 설정 : path[1175 ➜ 108] time[0s] dist[22.5m] list[16] : 1175-1176-1177-1178-1030-1031-1032-1033-1034-1007-1167-1168-1169-1170-1171-108
[2026-08-11 16:50:15.798916] [INFO] [path_server] 노드 업데이트 : [1176] ➜ [1177]
[2026-08-11 16:50:15.878851] [INFO] [path_server] 새로운 경로 설정 : path[1176 ➜ 108] time[0s] dist[21m] list[15] : 1176-1177-1178-1030-1031-1032-1033-1034-1007-1167-1168-1169-1170-1171-108
[2026-08-11 16:50:16.557501] [INFO] [path_server] 노드 업데이트 : [1177] ➜ [1178]
[2026-08-11 16:50:16.617419] [INFO] [path_server] 새로운 경로 설정 : path[1177 ➜ 108] time[0s] dist[19.5m] list[14] : 1177-1178-1030-1031-1032-1033-1034-1007-1167-1168-1169-1170-1171-108
[2026-08-11 16:50:17.316087] [INFO] [path_server] 노드 업데이트 : [1178] ➜ [1030]
[2026-08-11 16:50:17.395985] [INFO] [path_server] 새로운 경로 설정 : path[1178 ➜ 108] time[0s] dist[18m] list[13] : 1178-1030-1031-1032-1033-1034-1007-1167-1168-1169-1170-1171-108
[2026-08-11 16:50:18.613505] [INFO] [path_server] 노드 업데이트 : [1030] ➜ [1031]
[2026-08-11 16:50:18.693456] [INFO] [path_server] 새로운 경로 설정 : path[1030 ➜ 108] time[0s] dist[16.5m] list[12] : 1030-1031-1032-1033-1034-1007-1167-1168-1169-1170-1171-108
[2026-08-11 16:50:21.986989] [INFO] [path_server] 노드 업데이트 : [1031] ➜ [1032]
[2026-08-11 16:50:22.066858] [INFO] [path_server] 새로운 경로 설정 : path[1031 ➜ 108] time[0s] dist[15m] list[11] : 1031-1032-1033-1034-1007-1167-1168-1169-1170-1171-108
[2026-08-11 16:50:23.104693] [INFO] [path_server] 노드 업데이트 : [1032] ➜ [1033]
[2026-08-11 16:50:23.184627] [INFO] [path_server] 새로운 경로 설정 : path[1032 ➜ 108] time[0s] dist[13.5m] list[10] : 1032-1033-1034-1007-1167-1168-1169-1170-1171-108
[2026-08-11 16:50:23.923176] [INFO] [path_server] 노드 업데이트 : [1033] ➜ [1034]
[2026-08-11 16:50:23.983118] [INFO] [path_server] 새로운 경로 설정 : path[1033 ➜ 108] time[0s] dist[12m] list[9] : 1033-1034-1007-1167-1168-1169-1170-1171-108
[2026-08-11 16:50:24.681880] [INFO] [path_server] 노드 업데이트 : [1034] ➜ [1007]
[2026-08-11 16:50:24.741918] [INFO] [path_server] 새로운 경로 설정 : path[1034 ➜ 108] time[0s] dist[10.5m] list[8] : 1034-1007-1167-1168-1169-1170-1171-108
[2026-08-11 16:50:25.999364] [INFO] [path_server] 노드 업데이트 : [1007] ➜ [1167]
[2026-08-11 16:50:26.059303] [INFO] [path_server] 새로운 경로 설정 : path[1007 ➜ 108] time[0s] dist[9m] list[7] : 1007-1167-1168-1169-1170-1171-108
[2026-08-11 16:50:29.353183] [INFO] [path_server] 노드 업데이트 : [1167] ➜ [1168]
[2026-08-11 16:50:29.413079] [INFO] [path_server] 새로운 경로 설정 : path[1167 ➜ 108] time[0s] dist[7.5m] list[6] : 1167-1168-1169-1170-1171-108
[2026-08-11 16:50:30.471006] [INFO] [path_server] 노드 업데이트 : [1168] ➜ [1169]
[2026-08-11 16:50:30.550854] [INFO] [path_server] 새로운 경로 설정 : path[1168 ➜ 108] time[0s] dist[6m] list[5] : 1168-1169-1170-1171-108
[2026-08-11 16:50:31.309374] [INFO] [path_server] 노드 업데이트 : [1169] ➜ [1170]
[2026-08-11 16:50:31.389224] [INFO] [path_server] 새로운 경로 설정 : path[1169 ➜ 108] time[0s] dist[4.5m] list[4] : 1169-1170-1171-108
[2026-08-11 16:50:32.047936] [INFO] [path_server] 노드 업데이트 : [1170] ➜ [1171]
[2026-08-11 16:50:32.107824] [INFO] [path_server] 새로운 경로 설정 : path[1170 ➜ 108] time[0s] dist[3m] list[3] : 1170-1171-108
[2026-08-11 16:50:33.445190] [INFO] [path_server] 노드 업데이트 : [1171] ➜ [108]
[2026-08-11 16:50:33.525108] [INFO] [path_server] 새로운 경로 설정 : path[1171 ➜ 108] time[0s] dist[1.5m] list[2] : 1171-108
[2026-08-11 16:50:39.014605] [INFO] [path_server] 노드 업데이트 : [108] ➜ [-1]
[2026-08-11 16:50:41.928994] [INFO] [path_server] 노드 업데이트 : [108] ➜ [-1]
[2026-08-11 16:51:13.849571] [INFO] [path_server] 경로 삭제
[2026-08-11 16:51:13.889552] [INFO] [path_server] 경로 삭제
[2026-08-11 16:52:17.169278] [INFO] [path_server] 생성
[2026-08-11 16:52:17.169303] [INFO] [path_server] 경로 삭제
[2026-08-11 16:52:17.170627] [INFO] [path_server] 노드 초기화 성공 : 로봇 좌표[22.004m 18.998m -179.704°] 최단 거리 노드[108] 거리(0.004286m)
[2026-08-11 16:52:47.869649] [INFO] [path_server] 경로 삭제
[2026-08-11 16:52:47.909570] [INFO] [path_server] 경로 삭제
[2026-08-11 16:53:46.993696] [INFO] [path_server] 새로운 경로 설정 : path[108 ➜ 1100] time[0s] dist[18m] list[13] : 108-1171-1172-1091-1092-1093-1094-1095-1096-1097-1098-1099-1100
[2026-08-11 16:53:51.684229] [INFO] [path_server] 노드 업데이트 : [1171] ➜ [1172]
[2026-08-11 16:53:51.764095] [INFO] [path_server] 새로운 경로 설정 : path[1171 ➜ 1100] time[0s] dist[16.5m] list[12] : 1171-1172-1091-1092-1093-1094-1095-1096-1097-1098-1099-1100
[2026-08-11 16:53:55.376716] [INFO] [path_server] 노드 업데이트 : [1172] ➜ [1091]
[2026-08-11 16:53:55.456662] [INFO] [path_server] 새로운 경로 설정 : path[1172 ➜ 1100] time[0s] dist[15m] list[11] : 1172-1091-1092-1093-1094-1095-1096-1097-1098-1099-1100
[2026-08-11 16:53:56.454592] [INFO] [path_server] 노드 업데이트 : [1091] ➜ [1092]
[2026-08-11 16:53:56.534540] [INFO] [path_server] 새로운 경로 설정 : path[1091 ➜ 1100] time[0s] dist[13.5m] list[10] : 1091-1092-1093-1094-1095-1096-1097-1098-1099-1100
[2026-08-11 16:53:59.708308] [INFO] [path_server] 노드 업데이트 : [1092] ➜ [1093]
[2026-08-11 16:53:59.768232] [INFO] [path_server] 새로운 경로 설정 : path[1092 ➜ 1100] time[0s] dist[12m] list[9] : 1092-1093-1094-1095-1096-1097-1098-1099-1100
[2026-08-11 16:54:00.965815] [INFO] [path_server] 노드 업데이트 : [1093] ➜ [1094]
[2026-08-11 16:54:01.025737] [INFO] [path_server] 새로운 경로 설정 : path[1093 ➜ 1100] time[0s] dist[10.5m] list[8] : 1093-1094-1095-1096-1097-1098-1099-1100
[2026-08-11 16:54:01.824051] [INFO] [path_server] 노드 업데이트 : [1094] ➜ [1095]
[2026-08-11 16:54:01.903970] [INFO] [path_server] 새로운 경로 설정 : path[1094 ➜ 1100] time[0s] dist[9m] list[7] : 1094-1095-1096-1097-1098-1099-1100
[2026-08-11 16:54:02.582668] [INFO] [path_server] 노드 업데이트 : [1095] ➜ [1096]
[2026-08-11 16:54:02.642583] [INFO] [path_server] 새로운 경로 설정 : path[1095 ➜ 1100] time[0s] dist[7.5m] list[6] : 1095-1096-1097-1098-1099-1100
[2026-08-11 16:54:03.321186] [INFO] [path_server] 노드 업데이트 : [1096] ➜ [1097]
[2026-08-11 16:54:03.401127] [INFO] [path_server] 새로운 경로 설정 : path[1096 ➜ 1100] time[0s] dist[6m] list[5] : 1096-1097-1098-1099-1100
[2026-08-11 16:54:04.079752] [INFO] [path_server] 노드 업데이트 : [1097] ➜ [1098]
[2026-08-11 16:54:04.139653] [INFO] [path_server] 새로운 경로 설정 : path[1097 ➜ 1100] time[0s] dist[4.5m] list[4] : 1097-1098-1099-1100
[2026-08-11 16:54:04.818784] [INFO] [path_server] 노드 업데이트 : [1098] ➜ [1099]
[2026-08-11 16:54:04.898708] [INFO] [path_server] 새로운 경로 설정 : path[1098 ➜ 1100] time[0s] dist[3m] list[3] : 1098-1099-1100
[2026-08-11 16:54:05.577328] [INFO] [path_server] 노드 업데이트 : [1099] ➜ [1100]
[2026-08-11 16:54:05.637270] [INFO] [path_server] 새로운 경로 설정 : path[1099 ➜ 1100] time[0s] dist[1.5m] list[2] : 1099-1100
[2026-08-11 16:54:07.812953] [INFO] [path_server] 노드 업데이트 : [1100] ➜ [-1]
[2026-08-11 16:54:10.747011] [INFO] [path_server] 노드 업데이트 : [1100] ➜ [-1]
[2026-08-11 16:54:10.826914] [INFO] [path_server] 경로 삭제
[2026-08-11 16:54:15.924121] [INFO] [path_server] 새로운 경로 설정 : path[1100 ➜ 104] time[0s] dist[40.5003m] list[28] : 1100-1101-1102-1103-1104-1105-1106-1107-1108-1109-1110-1111-1112-1113-1114-1115-1116-1117-1118-1119-1120-1121-1122-1123-1179-1180-1181-104
[2026-08-11 16:54:18.259831] [INFO] [path_server] 노드 업데이트 : [1101] ➜ [1102]
[2026-08-11 16:54:18.339665] [INFO] [path_server] 새로운 경로 설정 : path[1101 ➜ 104] time[0s] dist[39.0003m] list[27] : 1101-1102-1103-1104-1105-1106-1107-1108-1109-1110-1111-1112-1113-1114-1115-1116-1117-1118-1119-1120-1121-1122-1123-1179-1180-1181-104
[2026-08-11 16:54:19.317845] [INFO] [path_server] 노드 업데이트 : [1102] ➜ [1103]
[2026-08-11 16:54:19.397756] [INFO] [path_server] 새로운 경로 설정 : path[1102 ➜ 104] time[0s] dist[37.5003m] list[26] : 1102-1103-1104-1105-1106-1107-1108-1109-1110-1111-1112-1113-1114-1115-1116-1117-1118-1119-1120-1121-1122-1123-1179-1180-1181-104
[2026-08-11 16:54:20.116379] [INFO] [path_server] 노드 업데이트 : [1103] ➜ [1104]
[2026-08-11 16:54:20.196254] [INFO] [path_server] 새로운 경로 설정 : path[1103 ➜ 104] time[0s] dist[36.0003m] list[25] : 1103-1104-1105-1106-1107-1108-1109-1110-1111-1112-1113-1114-1115-1116-1117-1118-1119-1120-1121-1122-1123-1179-1180-1181-104
[2026-08-11 16:54:20.874842] [INFO] [path_server] 노드 업데이트 : [1104] ➜ [1105]
[2026-08-11 16:54:20.954737] [INFO] [path_server] 새로운 경로 설정 : path[1104 ➜ 104] time[0s] dist[34.5003m] list[24] : 1104-1105-1106-1107-1108-1109-1110-1111-1112-1113-1114-1115-1116-1117-1118-1119-1120-1121-1122-1123-1179-1180-1181-104
[2026-08-11 16:54:22.272312] [INFO] [path_server] 노드 업데이트 : [1105] ➜ [1106]
[2026-08-11 16:54:22.332230] [INFO] [path_server] 새로운 경로 설정 : path[1105 ➜ 104] time[0s] dist[33.0003m] list[23] : 1105-1106-1107-1108-1109-1110-1111-1112-1113-1114-1115-1116-1117-1118-1119-1120-1121-1122-1123-1179-1180-1181-104
[2026-08-11 16:54:25.725976] [INFO] [path_server] 노드 업데이트 : [1106] ➜ [1107]
[2026-08-11 16:54:25.805835] [INFO] [path_server] 새로운 경로 설정 : path[1106 ➜ 104] time[0s] dist[31.5001m] list[22] : 1106-1107-1108-1109-1110-1111-1112-1113-1114-1115-1116-1117-1118-1119-1120-1121-1122-1123-1179-1180-1181-104
[2026-08-11 16:54:26.843644] [INFO] [path_server] 노드 업데이트 : [1107] ➜ [1108]
[2026-08-11 16:54:26.923575] [INFO] [path_server] 새로운 경로 설정 : path[1107 ➜ 104] time[0s] dist[30m] list[21] : 1107-1108-1109-1110-1111-1112-1113-1114-1115-1116-1117-1118-1119-1120-1121-1122-1123-1179-1180-1181-104
[2026-08-11 16:54:27.662069] [INFO] [path_server] 노드 업데이트 : [1108] ➜ [1109]
[2026-08-11 16:54:27.721976] [INFO] [path_server] 새로운 경로 설정 : path[1108 ➜ 104] time[0s] dist[28.5m] list[20] : 1108-1109-1110-1111-1112-1113-1114-1115-1116-1117-1118-1119-1120-1121-1122-1123-1179-1180-1181-104
[2026-08-11 16:54:28.400467] [INFO] [path_server] 노드 업데이트 : [1109] ➜ [1110]
[2026-08-11 16:54:28.480418] [INFO] [path_server] 새로운 경로 설정 : path[1109 ➜ 104] time[0s] dist[27m] list[19] : 1109-1110-1111-1112-1113-1114-1115-1116-1117-1118-1119-1120-1121-1122-1123-1179-1180-1181-104
[2026-08-11 16:54:29.159085] [INFO] [path_server] 노드 업데이트 : [1110] ➜ [1111]
[2026-08-11 16:54:29.218998] [INFO] [path_server] 새로운 경로 설정 : path[1110 ➜ 104] time[0s] dist[25.5m] list[18] : 1110-1111-1112-1113-1114-1115-1116-1117-1118-1119-1120-1121-1122-1123-1179-1180-1181-104
[2026-08-11 16:54:29.897574] [INFO] [path_server] 노드 업데이트 : [1111] ➜ [1112]
[2026-08-11 16:54:29.977498] [INFO] [path_server] 새로운 경로 설정 : path[1111 ➜ 104] time[0s] dist[24m] list[17] : 1111-1112-1113-1114-1115-1116-1117-1118-1119-1120-1121-1122-1123-1179-1180-1181-104
[2026-08-11 16:54:30.656108] [INFO] [path_server] 노드 업데이트 : [1112] ➜ [1113]
[2026-08-11 16:54:30.716015] [INFO] [path_server] 새로운 경로 설정 : path[1112 ➜ 104] time[0s] dist[22.5m] list[16] : 1112-1113-1114-1115-1116-1117-1118-1119-1120-1121-1122-1123-1179-1180-1181-104
[2026-08-11 16:54:31.414615] [INFO] [path_server] 노드 업데이트 : [1113] ➜ [1114]
[2026-08-11 16:54:31.494489] [INFO] [path_server] 새로운 경로 설정 : path[1113 ➜ 104] time[0s] dist[21m] list[15] : 1113-1114-1115-1116-1117-1118-1119-1120-1121-1122-1123-1179-1180-1181-104
[2026-08-11 16:54:32.153130] [INFO] [path_server] 노드 업데이트 : [1114] ➜ [1115]
[2026-08-11 16:54:32.213052] [INFO] [path_server] 새로운 경로 설정 : path[1114 ➜ 104] time[0s] dist[19.5m] list[14] : 1114-1115-1116-1117-1118-1119-1120-1121-1122-1123-1179-1180-1181-104
[2026-08-11 16:54:32.911652] [INFO] [path_server] 노드 업데이트 : [1115] ➜ [1116]
[2026-08-11 16:54:32.991528] [INFO] [path_server] 새로운 경로 설정 : path[1115 ➜ 104] time[0s] dist[18m] list[13] : 1115-1116-1117-1118-1119-1120-1121-1122-1123-1179-1180-1181-104
[2026-08-11 16:54:33.650292] [INFO] [path_server] 노드 업데이트 : [1116] ➜ [1117]
[2026-08-11 16:54:33.730271] [INFO] [path_server] 새로운 경로 설정 : path[1116 ➜ 104] time[0s] dist[16.5m] list[12] : 1116-1117-1118-1119-1120-1121-1122-1123-1179-1180-1181-104
[2026-08-11 16:54:34.408811] [INFO] [path_server] 노드 업데이트 : [1117] ➜ [1118]
[2026-08-11 16:54:34.468769] [INFO] [path_server] 새로운 경로 설정 : path[1117 ➜ 104] time[0s] dist[15m] list[11] : 1117-1118-1119-1120-1121-1122-1123-1179-1180-1181-104
[2026-08-11 16:54:35.147952] [INFO] [path_server] 노드 업데이트 : [1118] ➜ [1119]
[2026-08-11 16:54:35.227982] [INFO] [path_server] 새로운 경로 설정 : path[1118 ➜ 104] time[0s] dist[13.5m] list[10] : 1118-1119-1120-1121-1122-1123-1179-1180-1181-104
[2026-08-11 16:54:35.906847] [INFO] [path_server] 노드 업데이트 : [1119] ➜ [1120]
[2026-08-11 16:54:35.966766] [INFO] [path_server] 새로운 경로 설정 : path[1119 ➜ 104] time[0s] dist[12m] list[9] : 1119-1120-1121-1122-1123-1179-1180-1181-104
[2026-08-11 16:54:36.745228] [INFO] [path_server] 노드 업데이트 : [1120] ➜ [1121]
[2026-08-11 16:54:36.805132] [INFO] [path_server] 새로운 경로 설정 : path[1120 ➜ 104] time[0s] dist[10.5m] list[8] : 1120-1121-1122-1123-1179-1180-1181-104
[2026-08-11 16:54:40.398997] [INFO] [path_server] 노드 업데이트 : [1121] ➜ [1122]
[2026-08-11 16:54:40.458923] [INFO] [path_server] 새로운 경로 설정 : path[1121 ➜ 104] time[0s] dist[9m] list[7] : 1121-1122-1123-1179-1180-1181-104
[2026-08-11 16:54:41.756482] [INFO] [path_server] 노드 업데이트 : [1122] ➜ [1123]
[2026-08-11 16:54:41.836350] [INFO] [path_server] 새로운 경로 설정 : path[1122 ➜ 104] time[0s] dist[7.5m] list[6] : 1122-1123-1179-1180-1181-104
[2026-08-11 16:54:42.814478] [INFO] [path_server] 노드 업데이트 : [1123] ➜ [1179]
[2026-08-11 16:54:42.894393] [INFO] [path_server] 새로운 경로 설정 : path[1123 ➜ 104] time[0s] dist[6m] list[5] : 1123-1179-1180-1181-104
[2026-08-11 16:54:46.128046] [INFO] [path_server] 노드 업데이트 : [1179] ➜ [1180]
[2026-08-11 16:54:46.207893] [INFO] [path_server] 새로운 경로 설정 : path[1179 ➜ 104] time[0s] dist[4.5m] list[4] : 1179-1180-1181-104
[2026-08-11 16:54:47.365822] [INFO] [path_server] 노드 업데이트 : [1180] ➜ [1181]
[2026-08-11 16:54:47.445673] [INFO] [path_server] 새로운 경로 설정 : path[1180 ➜ 104] time[0s] dist[3m] list[3] : 1180-1181-104
[2026-08-11 16:54:48.703126] [INFO] [path_server] 노드 업데이트 : [1181] ➜ [104]
[2026-08-11 16:54:48.762980] [INFO] [path_server] 새로운 경로 설정 : path[1181 ➜ 104] time[0s] dist[1.5m] list[2] : 1181-104
[2026-08-11 16:54:53.893031] [INFO] [path_server] 노드 업데이트 : [104] ➜ [-1]
[2026-08-11 16:54:56.827066] [INFO] [path_server] 노드 업데이트 : [104] ➜ [-1]
[2026-08-11 16:55:31.298759] [INFO] [path_server] 경로 삭제
[2026-08-11 16:55:31.338736] [INFO] [path_server] 경로 삭제
[2026-08-11 16:56:40.502006] [INFO] [path_server] 새로운 경로 설정 : path[104 ➜ 205] time[0s] dist[30m] list[21] : 104-1181-1182-1183-1184-1045-1046-1047-1048-1001-1002-1003-1004-1013-1049-1050-1014-1201-1200-1202-205
[2026-08-11 16:56:47.667573] [INFO] [path_server] 노드 업데이트 : [1181] ➜ [1182]
[2026-08-11 16:56:47.747542] [INFO] [path_server] 새로운 경로 설정 : path[1181 ➜ 205] time[0s] dist[28.5m] list[20] : 1181-1182-1183-1184-1045-1046-1047-1048-1001-1002-1003-1004-1013-1049-1050-1014-1201-1200-1202-205
[2026-08-11 16:56:51.280436] [INFO] [path_server] 노드 업데이트 : [1182] ➜ [1183]
[2026-08-11 16:56:51.360358] [INFO] [path_server] 새로운 경로 설정 : path[1182 ➜ 205] time[0s] dist[27m] list[19] : 1182-1183-1184-1045-1046-1047-1048-1001-1002-1003-1004-1013-1049-1050-1014-1201-1200-1202-205
[2026-08-11 16:56:52.418144] [INFO] [path_server] 노드 업데이트 : [1183] ➜ [1184]
[2026-08-11 16:56:52.498088] [INFO] [path_server] 새로운 경로 설정 : path[1183 ➜ 205] time[0s] dist[25.5m] list[18] : 1183-1184-1045-1046-1047-1048-1001-1002-1003-1004-1013-1049-1050-1014-1201-1200-1202-205
[2026-08-11 16:56:53.236537] [INFO] [path_server] 노드 업데이트 : [1184] ➜ [1045]
[2026-08-11 16:56:53.296433] [INFO] [path_server] 새로운 경로 설정 : path[1184 ➜ 205] time[0s] dist[24m] list[17] : 1184-1045-1046-1047-1048-1001-1002-1003-1004-1013-1049-1050-1014-1201-1200-1202-205
[2026-08-11 16:56:54.573947] [INFO] [path_server] 노드 업데이트 : [1045] ➜ [1046]
[2026-08-11 16:56:54.653839] [INFO] [path_server] 새로운 경로 설정 : path[1045 ➜ 205] time[0s] dist[22.5m] list[16] : 1045-1046-1047-1048-1001-1002-1003-1004-1013-1049-1050-1014-1201-1200-1202-205
[2026-08-11 16:56:57.907556] [INFO] [path_server] 노드 업데이트 : [1046] ➜ [1047]
[2026-08-11 16:56:57.967476] [INFO] [path_server] 새로운 경로 설정 : path[1046 ➜ 205] time[0s] dist[21m] list[15] : 1046-1047-1048-1001-1002-1003-1004-1013-1049-1050-1014-1201-1200-1202-205
[2026-08-11 16:56:59.045388] [INFO] [path_server] 노드 업데이트 : [1047] ➜ [1048]
[2026-08-11 16:56:59.105280] [INFO] [path_server] 새로운 경로 설정 : path[1047 ➜ 205] time[0s] dist[19.5m] list[14] : 1047-1048-1001-1002-1003-1004-1013-1049-1050-1014-1201-1200-1202-205
[2026-08-11 16:56:59.863810] [INFO] [path_server] 노드 업데이트 : [1048] ➜ [1001]
[2026-08-11 16:56:59.943700] [INFO] [path_server] 새로운 경로 설정 : path[1048 ➜ 205] time[0s] dist[18m] list[13] : 1048-1001-1002-1003-1004-1013-1049-1050-1014-1201-1200-1202-205
[2026-08-11 16:57:00.622252] [INFO] [path_server] 노드 업데이트 : [1001] ➜ [1002]
[2026-08-11 16:57:00.702198] [INFO] [path_server] 새로운 경로 설정 : path[1001 ➜ 205] time[0s] dist[16.5m] list[12] : 1001-1002-1003-1004-1013-1049-1050-1014-1201-1200-1202-205
[2026-08-11 16:57:01.380818] [INFO] [path_server] 노드 업데이트 : [1002] ➜ [1003]
[2026-08-11 16:57:01.460748] [INFO] [path_server] 새로운 경로 설정 : path[1002 ➜ 205] time[0s] dist[15m] list[11] : 1002-1003-1004-1013-1049-1050-1014-1201-1200-1202-205
[2026-08-11 16:57:02.119427] [INFO] [path_server] 노드 업데이트 : [1003] ➜ [1004]
[2026-08-11 16:57:02.199309] [INFO] [path_server] 새로운 경로 설정 : path[1003 ➜ 205] time[0s] dist[13.5m] list[10] : 1003-1004-1013-1049-1050-1014-1201-1200-1202-205
[2026-08-11 16:57:03.436838] [INFO] [path_server] 노드 업데이트 : [1004] ➜ [1013]
[2026-08-11 16:57:03.516716] [INFO] [path_server] 새로운 경로 설정 : path[1004 ➜ 205] time[0s] dist[12m] list[9] : 1004-1013-1049-1050-1014-1201-1200-1202-205
[2026-08-11 16:57:06.790101] [INFO] [path_server] 노드 업데이트 : [1013] ➜ [1049]
[2026-08-11 16:57:06.869960] [INFO] [path_server] 새로운 경로 설정 : path[1013 ➜ 205] time[0s] dist[10.5m] list[8] : 1013-1049-1050-1014-1201-1200-1202-205
[2026-08-11 16:57:07.907855] [INFO] [path_server] 노드 업데이트 : [1049] ➜ [1050]
[2026-08-11 16:57:07.987765] [INFO] [path_server] 새로운 경로 설정 : path[1049 ➜ 205] time[0s] dist[9m] list[7] : 1049-1050-1014-1201-1200-1202-205
[2026-08-11 16:57:09.245226] [INFO] [path_server] 노드 업데이트 : [1050] ➜ [1014]
[2026-08-11 16:57:09.325144] [INFO] [path_server] 새로운 경로 설정 : path[1050 ➜ 205] time[0s] dist[7.5m] list[6] : 1050-1014-1201-1200-1202-205
[2026-08-11 16:57:12.639029] [INFO] [path_server] 노드 업데이트 : [1014] ➜ [1201]
[2026-08-11 16:57:12.718917] [INFO] [path_server] 새로운 경로 설정 : path[1014 ➜ 205] time[0s] dist[6m] list[5] : 1014-1201-1200-1202-205
[2026-08-11 16:57:13.756758] [INFO] [path_server] 노드 업데이트 : [1201] ➜ [1200]
[2026-08-11 16:57:13.836674] [INFO] [path_server] 새로운 경로 설정 : path[1201 ➜ 205] time[0s] dist[4.5m] list[4] : 1201-1200-1202-205
[2026-08-11 16:57:14.575176] [INFO] [path_server] 노드 업데이트 : [1200] ➜ [1202]
[2026-08-11 16:57:14.635084] [INFO] [path_server] 새로운 경로 설정 : path[1200 ➜ 205] time[0s] dist[3m] list[3] : 1200-1202-205
[2026-08-11 16:57:15.914367] [INFO] [path_server] 노드 업데이트 : [1202] ➜ [205]
[2026-08-11 16:57:15.994279] [INFO] [path_server] 새로운 경로 설정 : path[1202 ➜ 205] time[0s] dist[1.5m] list[2] : 1202-205
[2026-08-11 16:57:21.124447] [INFO] [path_server] 노드 업데이트 : [205] ➜ [-1]
[2026-08-11 16:57:24.058563] [INFO] [path_server] 노드 업데이트 : [205] ➜ [-1]
[2026-08-11 16:57:24.138475] [INFO] [path_server] 경로 삭제
[2026-08-11 17:00:15.648336] [INFO] [path_server] 새로운 경로 설정 : path[205 ➜ 105] time[0s] dist[70.5m] list[48] : 205-1202-1203-1204-1205-1206-1207-1208-1145-1146-1147-1148-1077-1029-1030-1031-1032-1033-1034-1007-1008-1009-1010-1011-1012-1035-1036-1037-1038-1039-1040-1041-1042-1112-1113-1114-1115-1116-1117-1118-1119-1120-1121-1122-1123-1179-1180-105
[2026-08-11 17:00:20.538203] [INFO] [path_server] 노드 업데이트 : [1202] ➜ [1203]
[2026-08-11 17:00:20.598143] [INFO] [path_server] 새로운 경로 설정 : path[1202 ➜ 105] time[0s] dist[69m] list[47] : 1202-1203-1204-1205-1206-1207-1208-1145-1146-1147-1148-1077-1029-1030-1031-1032-1033-1034-1007-1008-1009-1010-1011-1012-1035-1036-1037-1038-1039-1040-1041-1042-1112-1113-1114-1115-1116-1117-1118-1119-1120-1121-1122-1123-1179-1180-105
[2026-08-11 17:00:24.150914] [INFO] [path_server] 노드 업데이트 : [1203] ➜ [1204]
[2026-08-11 17:00:24.230813] [INFO] [path_server] 새로운 경로 설정 : path[1203 ➜ 105] time[0s] dist[67.5m] list[46] : 1203-1204-1205-1206-1207-1208-1145-1146-1147-1148-1077-1029-1030-1031-1032-1033-1034-1007-1008-1009-1010-1011-1012-1035-1036-1037-1038-1039-1040-1041-1042-1112-1113-1114-1115-1116-1117-1118-1119-1120-1121-1122-1123-1179-1180-105
[2026-08-11 17:00:25.288479] [INFO] [path_server] 노드 업데이트 : [1204] ➜ [1205]
[2026-08-11 17:00:25.368432] [INFO] [path_server] 새로운 경로 설정 : path[1204 ➜ 105] time[0s] dist[66m] list[45] : 1204-1205-1206-1207-1208-1145-1146-1147-1148-1077-1029-1030-1031-1032-1033-1034-1007-1008-1009-1010-1011-1012-1035-1036-1037-1038-1039-1040-1041-1042-1112-1113-1114-1115-1116-1117-1118-1119-1120-1121-1122-1123-1179-1180-105
[2026-08-11 17:00:26.107075] [INFO] [path_server] 노드 업데이트 : [1205] ➜ [1206]
[2026-08-11 17:00:26.167012] [INFO] [path_server] 새로운 경로 설정 : path[1205 ➜ 105] time[0s] dist[64.5m] list[44] : 1205-1206-1207-1208-1145-1146-1147-1148-1077-1029-1030-1031-1032-1033-1034-1007-1008-1009-1010-1011-1012-1035-1036-1037-1038-1039-1040-1041-1042-1112-1113-1114-1115-1116-1117-1118-1119-1120-1121-1122-1123-1179-1180-105
[2026-08-11 17:00:26.865596] [INFO] [path_server] 노드 업데이트 : [1206] ➜ [1207]
[2026-08-11 17:00:26.965424] [INFO] [path_server] 새로운 경로 설정 : path[1206 ➜ 105] time[0s] dist[63.01m] list[43] : 1206-1207-1208-1145-1146-1147-1148-1077-1029-1030-1031-1032-1033-1034-1007-1008-1009-1010-1011-1012-1035-1036-1037-1038-1039-1040-1041-1042-1112-1113-1114-1115-1116-1117-1118-1119-1120-1121-1122-1123-1179-1180-105
[2026-08-11 17:00:27.624041] [INFO] [path_server] 노드 업데이트 : [1207] ➜ [1208]
[2026-08-11 17:00:27.704001] [INFO] [path_server] 새로운 경로 설정 : path[1207 ➜ 105] time[0s] dist[61.5m] list[42] : 1207-1208-1145-1146-1147-1148-1077-1029-1030-1031-1032-1033-1034-1007-1008-1009-1010-1011-1012-1035-1036-1037-1038-1039-1040-1041-1042-1112-1113-1114-1115-1116-1117-1118-1119-1120-1121-1122-1123-1179-1180-105
[2026-08-11 17:00:28.362815] [INFO] [path_server] 노드 업데이트 : [1208] ➜ [1145]
[2026-08-11 17:00:28.422832] [INFO] [path_server] 새로운 경로 설정 : path[1208 ➜ 105] time[0s] dist[60m] list[41] : 1208-1145-1146-1147-1148-1077-1029-1030-1031-1032-1033-1034-1007-1008-1009-1010-1011-1012-1035-1036-1037-1038-1039-1040-1041-1042-1112-1113-1114-1115-1116-1117-1118-1119-1120-1121-1122-1123-1179-1180-105
[2026-08-11 17:00:29.680220] [INFO] [path_server] 노드 업데이트 : [1145] ➜ [1146]
[2026-08-11 17:00:29.740139] [INFO] [path_server] 새로운 경로 설정 : path[1145 ➜ 105] time[0s] dist[58.5m] list[40] : 1145-1146-1147-1148-1077-1029-1030-1031-1032-1033-1034-1007-1008-1009-1010-1011-1012-1035-1036-1037-1038-1039-1040-1041-1042-1112-1113-1114-1115-1116-1117-1118-1119-1120-1121-1122-1123-1179-1180-105
[2026-08-11 17:00:33.053284] [INFO] [path_server] 노드 업데이트 : [1146] ➜ [1147]
[2026-08-11 17:00:33.133240] [INFO] [path_server] 새로운 경로 설정 : path[1146 ➜ 105] time[0s] dist[57m] list[39] : 1146-1147-1148-1077-1029-1030-1031-1032-1033-1034-1007-1008-1009-1010-1011-1012-1035-1036-1037-1038-1039-1040-1041-1042-1112-1113-1114-1115-1116-1117-1118-1119-1120-1121-1122-1123-1179-1180-105
[2026-08-11 17:00:34.171083] [INFO] [path_server] 노드 업데이트 : [1147] ➜ [1148]
[2026-08-11 17:00:34.231002] [INFO] [path_server] 새로운 경로 설정 : path[1147 ➜ 105] time[0s] dist[55.5m] list[38] : 1147-1148-1077-1029-1030-1031-1032-1033-1034-1007-1008-1009-1010-1011-1012-1035-1036-1037-1038-1039-1040-1041-1042-1112-1113-1114-1115-1116-1117-1118-1119-1120-1121-1122-1123-1179-1180-105
[2026-08-11 17:00:34.989407] [INFO] [path_server] 노드 업데이트 : [1148] ➜ [1077]
[2026-08-11 17:00:35.069309] [INFO] [path_server] 새로운 경로 설정 : path[1148 ➜ 105] time[0s] dist[54m] list[37] : 1148-1077-1029-1030-1031-1032-1033-1034-1007-1008-1009-1010-1011-1012-1035-1036-1037-1038-1039-1040-1041-1042-1112-1113-1114-1115-1116-1117-1118-1119-1120-1121-1122-1123-1179-1180-105
[2026-08-11 17:00:36.326699] [INFO] [path_server] 노드 업데이트 : [1077] ➜ [1029]
[2026-08-11 17:00:36.386598] [INFO] [path_server] 새로운 경로 설정 : path[1077 ➜ 105] time[0s] dist[52.5m] list[36] : 1077-1029-1030-1031-1032-1033-1034-1007-1008-1009-1010-1011-1012-1035-1036-1037-1038-1039-1040-1041-1042-1112-1113-1114-1115-1116-1117-1118-1119-1120-1121-1122-1123-1179-1180-105
[2026-08-11 17:00:39.660096] [INFO] [path_server] 노드 업데이트 : [1029] ➜ [1030]
[2026-08-11 17:00:39.740007] [INFO] [path_server] 새로운 경로 설정 : path[1029 ➜ 105] time[0s] dist[51m] list[35] : 1029-1030-1031-1032-1033-1034-1007-1008-1009-1010-1011-1012-1035-1036-1037-1038-1039-1040-1041-1042-1112-1113-1114-1115-1116-1117-1118-1119-1120-1121-1122-1123-1179-1180-105
[2026-08-11 17:00:40.798011] [INFO] [path_server] 노드 업데이트 : [1030] ➜ [1031]
[2026-08-11 17:00:40.857939] [INFO] [path_server] 새로운 경로 설정 : path[1030 ➜ 105] time[0s] dist[49.5m] list[34] : 1030-1031-1032-1033-1034-1007-1008-1009-1010-1011-1012-1035-1036-1037-1038-1039-1040-1041-1042-1112-1113-1114-1115-1116-1117-1118-1119-1120-1121-1122-1123-1179-1180-105
[2026-08-11 17:00:41.616532] [INFO] [path_server] 노드 업데이트 : [1031] ➜ [1032]
[2026-08-11 17:00:41.696501] [INFO] [path_server] 새로운 경로 설정 : path[1031 ➜ 105] time[0s] dist[48m] list[33] : 1031-1032-1033-1034-1007-1008-1009-1010-1011-1012-1035-1036-1037-1038-1039-1040-1041-1042-1112-1113-1114-1115-1116-1117-1118-1119-1120-1121-1122-1123-1179-1180-105
[2026-08-11 17:00:42.375001] [INFO] [path_server] 노드 업데이트 : [1032] ➜ [1033]
[2026-08-11 17:00:42.454959] [INFO] [path_server] 새로운 경로 설정 : path[1032 ➜ 105] time[0s] dist[46.5m] list[32] : 1032-1033-1034-1007-1008-1009-1010-1011-1012-1035-1036-1037-1038-1039-1040-1041-1042-1112-1113-1114-1115-1116-1117-1118-1119-1120-1121-1122-1123-1179-1180-105
[2026-08-11 17:00:43.133641] [INFO] [path_server] 노드 업데이트 : [1033] ➜ [1034]
[2026-08-11 17:00:43.193556] [INFO] [path_server] 새로운 경로 설정 : path[1033 ➜ 105] time[0s] dist[45m] list[31] : 1033-1034-1007-1008-1009-1010-1011-1012-1035-1036-1037-1038-1039-1040-1041-1042-1112-1113-1114-1115-1116-1117-1118-1119-1120-1121-1122-1123-1179-1180-105
[2026-08-11 17:00:43.872152] [INFO] [path_server] 노드 업데이트 : [1034] ➜ [1007]
[2026-08-11 17:00:43.952046] [INFO] [path_server] 새로운 경로 설정 : path[1034 ➜ 105] time[0s] dist[43.5m] list[30] : 1034-1007-1008-1009-1010-1011-1012-1035-1036-1037-1038-1039-1040-1041-1042-1112-1113-1114-1115-1116-1117-1118-1119-1120-1121-1122-1123-1179-1180-105
[2026-08-11 17:00:44.630758] [INFO] [path_server] 노드 업데이트 : [1007] ➜ [1008]
[2026-08-11 17:00:44.690681] [INFO] [path_server] 새로운 경로 설정 : path[1007 ➜ 105] time[0s] dist[42m] list[29] : 1007-1008-1009-1010-1011-1012-1035-1036-1037-1038-1039-1040-1041-1042-1112-1113-1114-1115-1116-1117-1118-1119-1120-1121-1122-1123-1179-1180-105
[2026-08-11 17:00:45.369470] [INFO] [path_server] 노드 업데이트 : [1008] ➜ [1009]
[2026-08-11 17:00:45.449442] [INFO] [path_server] 새로운 경로 설정 : path[1008 ➜ 105] time[0s] dist[40.5m] list[28] : 1008-1009-1010-1011-1012-1035-1036-1037-1038-1039-1040-1041-1042-1112-1113-1114-1115-1116-1117-1118-1119-1120-1121-1122-1123-1179-1180-105
[2026-08-11 17:00:46.128117] [INFO] [path_server] 노드 업데이트 : [1009] ➜ [1010]
[2026-08-11 17:00:46.188075] [INFO] [path_server] 새로운 경로 설정 : path[1009 ➜ 105] time[0s] dist[39m] list[27] : 1009-1010-1011-1012-1035-1036-1037-1038-1039-1040-1041-1042-1112-1113-1114-1115-1116-1117-1118-1119-1120-1121-1122-1123-1179-1180-105
[2026-08-11 17:00:46.866710] [INFO] [path_server] 노드 업데이트 : [1010] ➜ [1011]
[2026-08-11 17:00:46.946663] [INFO] [path_server] 새로운 경로 설정 : path[1010 ➜ 105] time[0s] dist[37.5m] list[26] : 1010-1011-1012-1035-1036-1037-1038-1039-1040-1041-1042-1112-1113-1114-1115-1116-1117-1118-1119-1120-1121-1122-1123-1179-1180-105
[2026-08-11 17:00:47.625329] [INFO] [path_server] 노드 업데이트 : [1011] ➜ [1012]
[2026-08-11 17:00:47.685215] [INFO] [path_server] 새로운 경로 설정 : path[1011 ➜ 105] time[0s] dist[36m] list[25] : 1011-1012-1035-1036-1037-1038-1039-1040-1041-1042-1112-1113-1114-1115-1116-1117-1118-1119-1120-1121-1122-1123-1179-1180-105
[2026-08-11 17:00:48.383862] [INFO] [path_server] 노드 업데이트 : [1012] ➜ [1035]
[2026-08-11 17:00:48.463789] [INFO] [path_server] 새로운 경로 설정 : path[1012 ➜ 105] time[0s] dist[34.5m] list[24] : 1012-1035-1036-1037-1038-1039-1040-1041-1042-1112-1113-1114-1115-1116-1117-1118-1119-1120-1121-1122-1123-1179-1180-105
[2026-08-11 17:00:49.122455] [INFO] [path_server] 노드 업데이트 : [1035] ➜ [1036]
[2026-08-11 17:00:49.182360] [INFO] [path_server] 새로운 경로 설정 : path[1035 ➜ 105] time[0s] dist[33m] list[23] : 1035-1036-1037-1038-1039-1040-1041-1042-1112-1113-1114-1115-1116-1117-1118-1119-1120-1121-1122-1123-1179-1180-105
[2026-08-11 17:00:49.881071] [INFO] [path_server] 노드 업데이트 : [1036] ➜ [1037]
[2026-08-11 17:00:49.960915] [INFO] [path_server] 새로운 경로 설정 : path[1036 ➜ 105] time[0s] dist[31.5m] list[22] : 1036-1037-1038-1039-1040-1041-1042-1112-1113-1114-1115-1116-1117-1118-1119-1120-1121-1122-1123-1179-1180-105
[2026-08-11 17:00:50.619662] [INFO] [path_server] 노드 업데이트 : [1037] ➜ [1038]
[2026-08-11 17:00:50.679581] [INFO] [path_server] 새로운 경로 설정 : path[1037 ➜ 105] time[0s] dist[30m] list[21] : 1037-1038-1039-1040-1041-1042-1112-1113-1114-1115-1116-1117-1118-1119-1120-1121-1122-1123-1179-1180-105
[2026-08-11 17:00:51.378158] [INFO] [path_server] 노드 업데이트 : [1038] ➜ [1039]
[2026-08-11 17:00:51.457999] [INFO] [path_server] 새로운 경로 설정 : path[1038 ➜ 105] time[0s] dist[28.5m] list[20] : 1038-1039-1040-1041-1042-1112-1113-1114-1115-1116-1117-1118-1119-1120-1121-1122-1123-1179-1180-105
[2026-08-11 17:00:52.116656] [INFO] [path_server] 노드 업데이트 : [1039] ➜ [1040]
[2026-08-11 17:00:52.176568] [INFO] [path_server] 새로운 경로 설정 : path[1039 ➜ 105] time[0s] dist[27m] list[19] : 1039-1040-1041-1042-1112-1113-1114-1115-1116-1117-1118-1119-1120-1121-1122-1123-1179-1180-105
[2026-08-11 17:00:52.875210] [INFO] [path_server] 노드 업데이트 : [1040] ➜ [1041]
[2026-08-11 17:00:52.955122] [INFO] [path_server] 새로운 경로 설정 : path[1040 ➜ 105] time[0s] dist[25.5m] list[18] : 1040-1041-1042-1112-1113-1114-1115-1116-1117-1118-1119-1120-1121-1122-1123-1179-1180-105
[2026-08-11 17:00:53.633897] [INFO] [path_server] 노드 업데이트 : [1041] ➜ [1042]
[2026-08-11 17:00:53.713845] [INFO] [path_server] 새로운 경로 설정 : path[1041 ➜ 105] time[0s] dist[24m] list[17] : 1041-1042-1112-1113-1114-1115-1116-1117-1118-1119-1120-1121-1122-1123-1179-1180-105
[2026-08-11 17:00:54.372584] [INFO] [path_server] 노드 업데이트 : [1042] ➜ [1112]
[2026-08-11 17:00:54.432519] [INFO] [path_server] 새로운 경로 설정 : path[1042 ➜ 105] time[0s] dist[22.5m] list[16] : 1042-1112-1113-1114-1115-1116-1117-1118-1119-1120-1121-1122-1123-1179-1180-105
[2026-08-11 17:00:55.689952] [INFO] [path_server] 노드 업데이트 : [1112] ➜ [1113]
[2026-08-11 17:00:55.749852] [INFO] [path_server] 새로운 경로 설정 : path[1112 ➜ 105] time[0s] dist[21m] list[15] : 1112-1113-1114-1115-1116-1117-1118-1119-1120-1121-1122-1123-1179-1180-105
[2026-08-11 17:00:59.043207] [INFO] [path_server] 노드 업데이트 : [1113] ➜ [1114]
[2026-08-11 17:00:59.103123] [INFO] [path_server] 새로운 경로 설정 : path[1113 ➜ 105] time[0s] dist[19.5m] list[14] : 1113-1114-1115-1116-1117-1118-1119-1120-1121-1122-1123-1179-1180-105
[2026-08-11 17:01:00.181011] [INFO] [path_server] 노드 업데이트 : [1114] ➜ [1115]
[2026-08-11 17:01:00.240922] [INFO] [path_server] 새로운 경로 설정 : path[1114 ➜ 105] time[0s] dist[18m] list[13] : 1114-1115-1116-1117-1118-1119-1120-1121-1122-1123-1179-1180-105
[2026-08-11 17:01:00.999405] [INFO] [path_server] 노드 업데이트 : [1115] ➜ [1116]
[2026-08-11 17:01:01.079277] [INFO] [path_server] 새로운 경로 설정 : path[1115 ➜ 105] time[0s] dist[16.5m] list[12] : 1115-1116-1117-1118-1119-1120-1121-1122-1123-1179-1180-105
[2026-08-11 17:01:01.757760] [INFO] [path_server] 노드 업데이트 : [1116] ➜ [1117]
[2026-08-11 17:01:01.837735] [INFO] [path_server] 새로운 경로 설정 : path[1116 ➜ 105] time[0s] dist[15m] list[11] : 1116-1117-1118-1119-1120-1121-1122-1123-1179-1180-105
[2026-08-11 17:01:02.516352] [INFO] [path_server] 노드 업데이트 : [1117] ➜ [1118]
[2026-08-11 17:01:02.576232] [INFO] [path_server] 새로운 경로 설정 : path[1117 ➜ 105] time[0s] dist[13.5m] list[10] : 1117-1118-1119-1120-1121-1122-1123-1179-1180-105
[2026-08-11 17:01:03.254775] [INFO] [path_server] 노드 업데이트 : [1118] ➜ [1119]
[2026-08-11 17:01:03.334680] [INFO] [path_server] 새로운 경로 설정 : path[1118 ➜ 105] time[0s] dist[12m] list[9] : 1118-1119-1120-1121-1122-1123-1179-1180-105
[2026-08-11 17:01:04.013515] [INFO] [path_server] 노드 업데이트 : [1119] ➜ [1120]
[2026-08-11 17:01:04.073403] [INFO] [path_server] 새로운 경로 설정 : path[1119 ➜ 105] time[0s] dist[10.5m] list[8] : 1119-1120-1121-1122-1123-1179-1180-105
[2026-08-11 17:01:04.851979] [INFO] [path_server] 노드 업데이트 : [1120] ➜ [1121]
[2026-08-11 17:01:04.931829] [INFO] [path_server] 새로운 경로 설정 : path[1120 ➜ 105] time[0s] dist[9m] list[7] : 1120-1121-1122-1123-1179-1180-105
[2026-08-11 17:01:08.505207] [INFO] [path_server] 노드 업데이트 : [1121] ➜ [1122]
[2026-08-11 17:01:08.585125] [INFO] [path_server] 새로운 경로 설정 : path[1121 ➜ 105] time[0s] dist[7.5m] list[6] : 1121-1122-1123-1179-1180-105
[2026-08-11 17:01:09.862552] [INFO] [path_server] 노드 업데이트 : [1122] ➜ [1123]
[2026-08-11 17:01:09.922468] [INFO] [path_server] 새로운 경로 설정 : path[1122 ➜ 105] time[0s] dist[6m] list[5] : 1122-1123-1179-1180-105
[2026-08-11 17:01:10.920563] [INFO] [path_server] 노드 업데이트 : [1123] ➜ [1179]
[2026-08-11 17:01:11.000435] [INFO] [path_server] 새로운 경로 설정 : path[1123 ➜ 105] time[0s] dist[4.5m] list[4] : 1123-1179-1180-105
[2026-08-11 17:01:14.233873] [INFO] [path_server] 노드 업데이트 : [1179] ➜ [1180]
[2026-08-11 17:01:14.293755] [INFO] [path_server] 새로운 경로 설정 : path[1179 ➜ 105] time[0s] dist[3m] list[3] : 1179-1180-105
[2026-08-11 17:01:15.610982] [INFO] [path_server] 노드 업데이트 : [1180] ➜ [105]
[2026-08-11 17:01:15.670884] [INFO] [path_server] 새로운 경로 설정 : path[1180 ➜ 105] time[0s] dist[1.5m] list[2] : 1180-105
[2026-08-11 17:01:20.821689] [INFO] [path_server] 노드 업데이트 : [105] ➜ [-1]
[2026-08-11 17:01:23.735820] [INFO] [path_server] 노드 업데이트 : [105] ➜ [-1]
[2026-08-11 17:02:09.902236] [INFO] [path_server] 경로 삭제
[2026-08-11 17:02:09.942192] [INFO] [path_server] 경로 삭제
[2026-08-11 17:03:34.391625] [INFO] [path_server] 생성
[2026-08-11 17:03:34.391663] [INFO] [path_server] 경로 삭제
[2026-08-11 17:03:34.393167] [INFO] [path_server] 노드 초기화 성공 : 로봇 좌표[5.504m 2.498m -179.479°] 최단 거리 노드[105] 거리(0.004408m)
[2026-08-11 17:03:58.608329] [INFO] [path_server] 경로 삭제
[2026-08-11 17:03:58.648261] [INFO] [path_server] 경로 삭제
[2026-08-11 17:05:12.464844] [INFO] [path_server] 경로 삭제
[2026-08-11 17:05:12.504804] [INFO] [path_server] 경로 삭제
[2026-08-11 17:06:26.282430] [INFO] [path_server] 경로 삭제
[2026-08-11 17:06:26.302398] [INFO] [path_server] 경로 삭제
[2026-08-11 17:07:40.136788] [INFO] [path_server] 경로 삭제
[2026-08-11 17:07:40.176700] [INFO] [path_server] 경로 삭제
[2026-08-11 17:08:29.619508] [INFO] [path_server] 새로운 경로 설정 : path[105 ➜ 1004] time[0s] dist[19.5m] list[14] : 105-1180-1181-1182-1183-1184-1045-1046-1047-1048-1001-1002-1003-1004
[2026-08-11 17:08:36.785407] [INFO] [path_server] 노드 업데이트 : [1180] ➜ [1181]
[2026-08-11 17:08:36.865299] [INFO] [path_server] 새로운 경로 설정 : path[1180 ➜ 1004] time[0s] dist[18m] list[13] : 1180-1181-1182-1183-1184-1045-1046-1047-1048-1001-1002-1003-1004
[2026-08-11 17:08:45.787509] [INFO] [path_server] 노드 업데이트 : [1181] ➜ [1182]
[2026-08-11 17:08:45.847412] [INFO] [path_server] 새로운 경로 설정 : path[1181 ➜ 1004] time[0s] dist[16.5m] list[12] : 1181-1182-1183-1184-1045-1046-1047-1048-1001-1002-1003-1004
[2026-08-11 17:08:47.883355] [INFO] [path_server] 노드 업데이트 : [1182] ➜ [1183]
[2026-08-11 17:08:47.943253] [INFO] [path_server] 새로운 경로 설정 : path[1182 ➜ 1004] time[0s] dist[15m] list[11] : 1182-1183-1184-1045-1046-1047-1048-1001-1002-1003-1004
[2026-08-11 17:08:49.739610] [INFO] [path_server] 노드 업데이트 : [1183] ➜ [1184]
[2026-08-11 17:08:49.819621] [INFO] [path_server] 새로운 경로 설정 : path[1183 ➜ 1004] time[0s] dist[13.5m] list[10] : 1183-1184-1045-1046-1047-1048-1001-1002-1003-1004
[2026-08-11 17:08:52.314650] [INFO] [path_server] 노드 업데이트 : [1184] ➜ [1045]
[2026-08-11 17:08:52.394588] [INFO] [path_server] 새로운 경로 설정 : path[1184 ➜ 1004] time[0s] dist[12m] list[9] : 1184-1045-1046-1047-1048-1001-1002-1003-1004
[2026-08-11 17:08:53.751859] [INFO] [path_server] 노드 업데이트 : [1045] ➜ [1046]
[2026-08-11 17:08:53.831823] [INFO] [path_server] 새로운 경로 설정 : path[1045 ➜ 1004] time[0s] dist[10.5m] list[8] : 1045-1046-1047-1048-1001-1002-1003-1004
[2026-08-11 17:08:57.105239] [INFO] [path_server] 노드 업데이트 : [1046] ➜ [1047]
[2026-08-11 17:08:57.185164] [INFO] [path_server] 새로운 경로 설정 : path[1046 ➜ 1004] time[0s] dist[9m] list[7] : 1046-1047-1048-1001-1002-1003-1004
[2026-08-11 17:08:58.324151] [INFO] [path_server] 노드 업데이트 : [1047] ➜ [1048]
[2026-08-11 17:08:58.404374] [INFO] [path_server] 새로운 경로 설정 : path[1047 ➜ 1004] time[0s] dist[7.5m] list[6] : 1047-1048-1001-1002-1003-1004
[2026-08-11 17:09:00.122592] [INFO] [path_server] 노드 업데이트 : [1048] ➜ [1001]
[2026-08-11 17:09:00.202460] [INFO] [path_server] 새로운 경로 설정 : path[1048 ➜ 1004] time[0s] dist[6m] list[5] : 1048-1001-1002-1003-1004
[2026-08-11 17:09:02.358011] [INFO] [path_server] 노드 업데이트 : [1001] ➜ [1002]
[2026-08-11 17:09:02.417921] [INFO] [path_server] 새로운 경로 설정 : path[1001 ➜ 1004] time[0s] dist[4.5m] list[4] : 1001-1002-1003-1004
[2026-08-11 17:09:07.228346] [INFO] [path_server] 노드 업데이트 : [1002] ➜ [1003]
[2026-08-11 17:09:07.308196] [INFO] [path_server] 새로운 경로 설정 : path[1002 ➜ 1004] time[0s] dist[3m] list[3] : 1002-1003-1004
[2026-08-11 17:09:42.599135] [INFO] [path_server] 노드 업데이트 : [1003] ➜ [1004]
[2026-08-11 17:09:42.659046] [INFO] [path_server] 새로운 경로 설정 : path[1003 ➜ 1004] time[0s] dist[1.5m] list[2] : 1003-1004
[2026-08-11 17:09:59.806252] [INFO] [path_server] 새로운 경로 설정 : path[1004 ➜ 205] time[0s] dist[12m] list[10] : 1003-1004-1013-1049-1050-1014-1201-1200-1202-205
[2026-08-11 17:10:13.400350] [INFO] [path_server] 노드 업데이트 : [1004] ➜ [1013]
[2026-08-11 17:10:13.480270] [INFO] [path_server] 새로운 경로 설정 : path[1004 ➜ 205] time[0s] dist[12m] list[9] : 1004-1013-1049-1050-1014-1201-1200-1202-205
[2026-08-11 17:10:16.753686] [INFO] [path_server] 노드 업데이트 : [1013] ➜ [1049]
[2026-08-11 17:10:16.833618] [INFO] [path_server] 새로운 경로 설정 : path[1013 ➜ 205] time[0s] dist[10.5m] list[8] : 1013-1049-1050-1014-1201-1200-1202-205
[2026-08-11 17:10:17.891321] [INFO] [path_server] 노드 업데이트 : [1049] ➜ [1050]
[2026-08-11 17:10:17.971230] [INFO] [path_server] 새로운 경로 설정 : path[1049 ➜ 205] time[0s] dist[9m] list[7] : 1049-1050-1014-1201-1200-1202-205
[2026-08-11 17:10:19.228657] [INFO] [path_server] 노드 업데이트 : [1050] ➜ [1014]
[2026-08-11 17:10:19.308507] [INFO] [path_server] 새로운 경로 설정 : path[1050 ➜ 205] time[0s] dist[7.5m] list[6] : 1050-1014-1201-1200-1202-205
[2026-08-11 17:10:22.622052] [INFO] [path_server] 노드 업데이트 : [1014] ➜ [1201]
[2026-08-11 17:10:22.701937] [INFO] [path_server] 새로운 경로 설정 : path[1014 ➜ 205] time[0s] dist[6m] list[5] : 1014-1201-1200-1202-205
[2026-08-11 17:10:23.740324] [INFO] [path_server] 노드 업데이트 : [1201] ➜ [1200]
[2026-08-11 17:10:23.820234] [INFO] [path_server] 새로운 경로 설정 : path[1201 ➜ 205] time[0s] dist[4.5m] list[4] : 1201-1200-1202-205
[2026-08-11 17:10:24.558730] [INFO] [path_server] 노드 업데이트 : [1200] ➜ [1202]
[2026-08-11 17:10:24.618615] [INFO] [path_server] 새로운 경로 설정 : path[1200 ➜ 205] time[0s] dist[3m] list[3] : 1200-1202-205
[2026-08-11 17:10:25.896024] [INFO] [path_server] 노드 업데이트 : [1202] ➜ [205]
[2026-08-11 17:10:25.975933] [INFO] [path_server] 새로운 경로 설정 : path[1202 ➜ 205] time[0s] dist[1.5m] list[2] : 1202-205
[2026-08-11 17:10:31.105414] [INFO] [path_server] 노드 업데이트 : [205] ➜ [-1]
[2026-08-11 17:10:34.039492] [INFO] [path_server] 노드 업데이트 : [205] ➜ [-1]
[2026-08-11 17:10:34.119395] [INFO] [path_server] 경로 삭제
[2026-08-11 17:10:55.517570] [INFO] [path_server] 새로운 경로 설정 : path[205 ➜ 102] time[0s] dist[75m] list[51] : 205-1202-1203-1204-1205-1206-1207-1208-1145-1146-1147-1148-1077-1029-1030-1031-1032-1033-1034-1007-1008-1009-1010-1011-1012-1035-1036-1037-1038-1039-1040-1041-1042-1112-1113-1114-1115-1116-1117-1118-1119-1120-1121-1122-1123-1179-1180-1181-1182-1183-102
[2026-08-11 17:11:00.408448] [INFO] [path_server] 노드 업데이트 : [1202] ➜ [1203]
[2026-08-11 17:11:00.488371] [INFO] [path_server] 새로운 경로 설정 : path[1202 ➜ 102] time[0s] dist[73.5m] list[50] : 1202-1203-1204-1205-1206-1207-1208-1145-1146-1147-1148-1077-1029-1030-1031-1032-1033-1034-1007-1008-1009-1010-1011-1012-1035-1036-1037-1038-1039-1040-1041-1042-1112-1113-1114-1115-1116-1117-1118-1119-1120-1121-1122-1123-1179-1180-1181-1182-1183-102
[2026-08-11 17:11:04.021566] [INFO] [path_server] 노드 업데이트 : [1203] ➜ [1204]
[2026-08-11 17:11:04.081484] [INFO] [path_server] 새로운 경로 설정 : path[1203 ➜ 102] time[0s] dist[72m] list[49] : 1203-1204-1205-1206-1207-1208-1145-1146-1147-1148-1077-1029-1030-1031-1032-1033-1034-1007-1008-1009-1010-1011-1012-1035-1036-1037-1038-1039-1040-1041-1042-1112-1113-1114-1115-1116-1117-1118-1119-1120-1121-1122-1123-1179-1180-1181-1182-1183-102
[2026-08-11 17:11:05.159431] [INFO] [path_server] 노드 업데이트 : [1204] ➜ [1205]
[2026-08-11 17:11:05.219358] [INFO] [path_server] 새로운 경로 설정 : path[1204 ➜ 102] time[0s] dist[70.5m] list[48] : 1204-1205-1206-1207-1208-1145-1146-1147-1148-1077-1029-1030-1031-1032-1033-1034-1007-1008-1009-1010-1011-1012-1035-1036-1037-1038-1039-1040-1041-1042-1112-1113-1114-1115-1116-1117-1118-1119-1120-1121-1122-1123-1179-1180-1181-1182-1183-102
[2026-08-11 17:11:05.977851] [INFO] [path_server] 노드 업데이트 : [1205] ➜ [1206]
[2026-08-11 17:11:06.057757] [INFO] [path_server] 새로운 경로 설정 : path[1205 ➜ 102] time[0s] dist[69m] list[47] : 1205-1206-1207-1208-1145-1146-1147-1148-1077-1029-1030-1031-1032-1033-1034-1007-1008-1009-1010-1011-1012-1035-1036-1037-1038-1039-1040-1041-1042-1112-1113-1114-1115-1116-1117-1118-1119-1120-1121-1122-1123-1179-1180-1181-1182-1183-102
[2026-08-11 17:11:06.736346] [INFO] [path_server] 노드 업데이트 : [1206] ➜ [1207]
[2026-08-11 17:11:06.816382] [INFO] [path_server] 새로운 경로 설정 : path[1206 ➜ 102] time[0s] dist[67.51m] list[46] : 1206-1207-1208-1145-1146-1147-1148-1077-1029-1030-1031-1032-1033-1034-1007-1008-1009-1010-1011-1012-1035-1036-1037-1038-1039-1040-1041-1042-1112-1113-1114-1115-1116-1117-1118-1119-1120-1121-1122-1123-1179-1180-1181-1182-1183-102
[2026-08-11 17:11:07.494940] [INFO] [path_server] 노드 업데이트 : [1207] ➜ [1208]
[2026-08-11 17:11:07.554874] [INFO] [path_server] 새로운 경로 설정 : path[1207 ➜ 102] time[0s] dist[66m] list[45] : 1207-1208-1145-1146-1147-1148-1077-1029-1030-1031-1032-1033-1034-1007-1008-1009-1010-1011-1012-1035-1036-1037-1038-1039-1040-1041-1042-1112-1113-1114-1115-1116-1117-1118-1119-1120-1121-1122-1123-1179-1180-1181-1182-1183-102
[2026-08-11 17:11:08.233480] [INFO] [path_server] 노드 업데이트 : [1208] ➜ [1145]
[2026-08-11 17:11:08.313439] [INFO] [path_server] 새로운 경로 설정 : path[1208 ➜ 102] time[0s] dist[64.5m] list[44] : 1208-1145-1146-1147-1148-1077-1029-1030-1031-1032-1033-1034-1007-1008-1009-1010-1011-1012-1035-1036-1037-1038-1039-1040-1041-1042-1112-1113-1114-1115-1116-1117-1118-1119-1120-1121-1122-1123-1179-1180-1181-1182-1183-102
[2026-08-11 17:11:09.550918] [INFO] [path_server] 노드 업데이트 : [1145] ➜ [1146]
[2026-08-11 17:11:09.630868] [INFO] [path_server] 새로운 경로 설정 : path[1145 ➜ 102] time[0s] dist[63m] list[43] : 1145-1146-1147-1148-1077-1029-1030-1031-1032-1033-1034-1007-1008-1009-1010-1011-1012-1035-1036-1037-1038-1039-1040-1041-1042-1112-1113-1114-1115-1116-1117-1118-1119-1120-1121-1122-1123-1179-1180-1181-1182-1183-102
[2026-08-11 17:11:12.924597] [INFO] [path_server] 노드 업데이트 : [1146] ➜ [1147]
[2026-08-11 17:11:13.004477] [INFO] [path_server] 새로운 경로 설정 : path[1146 ➜ 102] time[0s] dist[61.5m] list[42] : 1146-1147-1148-1077-1029-1030-1031-1032-1033-1034-1007-1008-1009-1010-1011-1012-1035-1036-1037-1038-1039-1040-1041-1042-1112-1113-1114-1115-1116-1117-1118-1119-1120-1121-1122-1123-1179-1180-1181-1182-1183-102
[2026-08-11 17:11:14.042475] [INFO] [path_server] 노드 업데이트 : [1147] ➜ [1148]
[2026-08-11 17:11:14.122546] [INFO] [path_server] 새로운 경로 설정 : path[1147 ➜ 102] time[0s] dist[60m] list[41] : 1147-1148-1077-1029-1030-1031-1032-1033-1034-1007-1008-1009-1010-1011-1012-1035-1036-1037-1038-1039-1040-1041-1042-1112-1113-1114-1115-1116-1117-1118-1119-1120-1121-1122-1123-1179-1180-1181-1182-1183-102
[2026-08-11 17:11:14.861063] [INFO] [path_server] 노드 업데이트 : [1148] ➜ [1077]
[2026-08-11 17:11:14.940975] [INFO] [path_server] 새로운 경로 설정 : path[1148 ➜ 102] time[0s] dist[58.5m] list[40] : 1148-1077-1029-1030-1031-1032-1033-1034-1007-1008-1009-1010-1011-1012-1035-1036-1037-1038-1039-1040-1041-1042-1112-1113-1114-1115-1116-1117-1118-1119-1120-1121-1122-1123-1179-1180-1181-1182-1183-102
[2026-08-11 17:11:16.338457] [INFO] [path_server] 노드 업데이트 : [1077] ➜ [1029]
[2026-08-11 17:11:16.398414] [INFO] [path_server] 새로운 경로 설정 : path[1077 ➜ 102] time[0s] dist[57m] list[39] : 1077-1029-1030-1031-1032-1033-1034-1007-1008-1009-1010-1011-1012-1035-1036-1037-1038-1039-1040-1041-1042-1112-1113-1114-1115-1116-1117-1118-1119-1120-1121-1122-1123-1179-1180-1181-1182-1183-102
[2026-08-11 17:11:21.788079] [INFO] [path_server] 노드 업데이트 : [1029] ➜ [1030]
[2026-08-11 17:11:21.848026] [INFO] [path_server] 새로운 경로 설정 : path[1029 ➜ 102] time[0s] dist[55.5m] list[38] : 1029-1030-1031-1032-1033-1034-1007-1008-1009-1010-1011-1012-1035-1036-1037-1038-1039-1040-1041-1042-1112-1113-1114-1115-1116-1117-1118-1119-1120-1121-1122-1123-1179-1180-1181-1182-1183-102
[2026-08-11 17:11:24.922861] [INFO] [path_server] 노드 업데이트 : [1030] ➜ [1031]
[2026-08-11 17:11:25.741508] [INFO] [path_server] 새로운 경로 설정 : path[-1 ➜ -1] time[0s] dist[0m] list[0] : 
[2026-08-11 17:12:05.624929] [INFO] [path_server] 새로운 경로 설정 : path[1030 ➜ 109] time[0s] dist[15m] list[11] : 1030-1031-1032-1033-1034-1007-1167-1168-1169-1170-109
[2026-08-11 17:12:07.461245] [INFO] [path_server] 노드 업데이트 : [1031] ➜ [1032]
[2026-08-11 17:12:07.521153] [INFO] [path_server] 새로운 경로 설정 : path[1031 ➜ 109] time[0s] dist[13.5m] list[10] : 1031-1032-1033-1034-1007-1167-1168-1169-1170-109
[2026-08-11 17:12:08.698703] [INFO] [path_server] 노드 업데이트 : [1032] ➜ [1033]
[2026-08-11 17:12:08.778568] [INFO] [path_server] 새로운 경로 설정 : path[1032 ➜ 109] time[0s] dist[12m] list[9] : 1032-1033-1034-1007-1167-1168-1169-1170-109
[2026-08-11 17:12:09.557001] [INFO] [path_server] 노드 업데이트 : [1033] ➜ [1034]
[2026-08-11 17:12:09.616927] [INFO] [path_server] 새로운 경로 설정 : path[1033 ➜ 109] time[0s] dist[10.5m] list[8] : 1033-1034-1007-1167-1168-1169-1170-109
[2026-08-11 17:12:10.295493] [INFO] [path_server] 노드 업데이트 : [1034] ➜ [1007]
[2026-08-11 17:12:10.375412] [INFO] [path_server] 새로운 경로 설정 : path[1034 ➜ 109] time[0s] dist[9m] list[7] : 1034-1007-1167-1168-1169-1170-109
[2026-08-11 17:12:11.632861] [INFO] [path_server] 노드 업데이트 : [1007] ➜ [1167]
[2026-08-11 17:12:11.712739] [INFO] [path_server] 새로운 경로 설정 : path[1007 ➜ 109] time[0s] dist[7.5m] list[6] : 1007-1167-1168-1169-1170-109
[2026-08-11 17:12:14.986182] [INFO] [path_server] 노드 업데이트 : [1167] ➜ [1168]
[2026-08-11 17:12:15.066035] [INFO] [path_server] 새로운 경로 설정 : path[1167 ➜ 109] time[0s] dist[6m] list[5] : 1167-1168-1169-1170-109
[2026-08-11 17:12:16.123874] [INFO] [path_server] 노드 업데이트 : [1168] ➜ [1169]
[2026-08-11 17:12:16.203721] [INFO] [path_server] 새로운 경로 설정 : path[1168 ➜ 109] time[0s] dist[4.5m] list[4] : 1168-1169-1170-109
[2026-08-11 17:12:16.942158] [INFO] [path_server] 노드 업데이트 : [1169] ➜ [1170]
[2026-08-11 17:12:17.022073] [INFO] [path_server] 새로운 경로 설정 : path[1169 ➜ 109] time[0s] dist[3m] list[3] : 1169-1170-109
[2026-08-11 17:12:18.359367] [INFO] [path_server] 노드 업데이트 : [1170] ➜ [109]
[2026-08-11 17:12:18.419261] [INFO] [path_server] 새로운 경로 설정 : path[1170 ➜ 109] time[0s] dist[1.5m] list[2] : 1170-109
[2026-08-11 17:12:23.928161] [INFO] [path_server] 노드 업데이트 : [109] ➜ [-1]
[2026-08-11 17:12:26.842613] [INFO] [path_server] 노드 업데이트 : [109] ➜ [-1]
[2026-08-11 17:24:37.859619] [INFO] [path_server] 생성
[2026-08-11 17:24:37.859648] [INFO] [path_server] 경로 삭제
[2026-08-11 17:24:37.861147] [ERROR] [path_server] 노드 초기화 실패 : 로봇 좌표[1.003m 4.002m 179.329°] 최단 거리 노드[1153] 거리(3.159782m)
[2026-08-11 17:27:18.551789] [INFO] [path_server] 생성
[2026-08-11 17:27:18.551832] [INFO] [path_server] 경로 삭제
[2026-08-11 17:27:18.553905] [INFO] [path_server] 노드 초기화 성공 : 로봇 좌표[9.489m 18.997m 90.045°] 최단 거리 노드[104] 거리(0.011735m)
[2026-08-11 17:27:55.449898] [INFO] [path_server] 생성
[2026-08-11 17:27:55.449933] [INFO] [path_server] 경로 삭제
[2026-08-11 17:27:55.451323] [INFO] [path_server] 노드 초기화 성공 : 로봇 좌표[9.489m 18.997m 90.045°] 최단 거리 노드[104] 거리(0.011735m)
[2026-08-11 17:28:18.346586] [INFO] [path_server] 경로 삭제
[2026-08-11 17:28:18.386521] [INFO] [path_server] 경로 삭제
[2026-08-11 17:28:51.823229] [INFO] [path_server] 새로운 경로 설정 : path[104 ➜ 6] time[0s] dist[40.1231m] list[23] : 104-1071-1072-1073-1074-1075-1076-1077-1078-1390-1391-1001-1002-1003-1004-1005-1006-1007-1008-1010-1011-1027-6
[2026-08-11 17:28:55.696076] [INFO] [path_server] 노드 업데이트 : [1071] ➜ [1072]
[2026-08-11 17:28:55.756010] [INFO] [path_server] 새로운 경로 설정 : path[1071 ➜ 6] time[0s] dist[38.6231m] list[22] : 1071-1072-1073-1074-1075-1076-1077-1078-1390-1391-1001-1002-1003-1004-1005-1006-1007-1008-1010-1011-1027-6
[2026-08-11 17:28:59.288899] [INFO] [path_server] 노드 업데이트 : [1072] ➜ [1073]
[2026-08-11 17:28:59.348844] [INFO] [path_server] 새로운 경로 설정 : path[1072 ➜ 6] time[0s] dist[37.1231m] list[21] : 1072-1073-1074-1075-1076-1077-1078-1390-1391-1001-1002-1003-1004-1005-1006-1007-1008-1010-1011-1027-6
[2026-08-11 17:29:00.406802] [INFO] [path_server] 노드 업데이트 : [1073] ➜ [1074]
[2026-08-11 17:29:00.486672] [INFO] [path_server] 새로운 경로 설정 : path[1073 ➜ 6] time[0s] dist[35.6231m] list[20] : 1073-1074-1075-1076-1077-1078-1390-1391-1001-1002-1003-1004-1005-1006-1007-1008-1010-1011-1027-6
[2026-08-11 17:29:01.225154] [INFO] [path_server] 노드 업데이트 : [1074] ➜ [1075]
[2026-08-11 17:29:01.305106] [INFO] [path_server] 새로운 경로 설정 : path[1074 ➜ 6] time[0s] dist[34.1231m] list[19] : 1074-1075-1076-1077-1078-1390-1391-1001-1002-1003-1004-1005-1006-1007-1008-1010-1011-1027-6
[2026-08-11 17:29:01.983976] [INFO] [path_server] 노드 업데이트 : [1075] ➜ [1076]
[2026-08-11 17:29:02.043967] [INFO] [path_server] 새로운 경로 설정 : path[1075 ➜ 6] time[0s] dist[32.6231m] list[18] : 1075-1076-1077-1078-1390-1391-1001-1002-1003-1004-1005-1006-1007-1008-1010-1011-1027-6
[2026-08-11 17:29:03.381437] [INFO] [path_server] 노드 업데이트 : [1076] ➜ [1077]
[2026-08-11 17:29:03.461419] [INFO] [path_server] 새로운 경로 설정 : path[1076 ➜ 6] time[0s] dist[31.1231m] list[17] : 1076-1077-1078-1390-1391-1001-1002-1003-1004-1005-1006-1007-1008-1010-1011-1027-6
[2026-08-11 17:29:06.895001] [INFO] [path_server] 노드 업데이트 : [1077] ➜ [1078]
[2026-08-11 17:29:06.954960] [INFO] [path_server] 새로운 경로 설정 : path[1077 ➜ 6] time[0s] dist[29.6231m] list[16] : 1077-1078-1390-1391-1001-1002-1003-1004-1005-1006-1007-1008-1010-1011-1027-6
[2026-08-11 17:29:07.992996] [INFO] [path_server] 노드 업데이트 : [1078] ➜ [1390]
[2026-08-11 17:29:08.072851] [INFO] [path_server] 새로운 경로 설정 : path[1078 ➜ 6] time[0s] dist[28.1231m] list[15] : 1078-1390-1391-1001-1002-1003-1004-1005-1006-1007-1008-1010-1011-1027-6
[2026-08-11 17:29:08.811495] [INFO] [path_server] 노드 업데이트 : [1390] ➜ [1391]
[2026-08-11 17:29:08.891414] [INFO] [path_server] 새로운 경로 설정 : path[1390 ➜ 6] time[0s] dist[26.6231m] list[14] : 1390-1391-1001-1002-1003-1004-1005-1006-1007-1008-1010-1011-1027-6
[2026-08-11 17:29:09.570051] [INFO] [path_server] 노드 업데이트 : [1391] ➜ [1001]
[2026-08-11 17:29:09.630019] [INFO] [path_server] 새로운 경로 설정 : path[1391 ➜ 6] time[0s] dist[25.1231m] list[13] : 1391-1001-1002-1003-1004-1005-1006-1007-1008-1010-1011-1027-6
[2026-08-11 17:29:10.967190] [INFO] [path_server] 노드 업데이트 : [1001] ➜ [1002]
[2026-08-11 17:29:11.047131] [INFO] [path_server] 새로운 경로 설정 : path[1001 ➜ 6] time[0s] dist[23.6231m] list[12] : 1001-1002-1003-1004-1005-1006-1007-1008-1010-1011-1027-6
[2026-08-11 17:29:14.440007] [INFO] [path_server] 노드 업데이트 : [1002] ➜ [1003]
[2026-08-11 17:29:14.519928] [INFO] [path_server] 새로운 경로 설정 : path[1002 ➜ 6] time[0s] dist[22.1231m] list[11] : 1002-1003-1004-1005-1006-1007-1008-1010-1011-1027-6
[2026-08-11 17:29:15.537813] [INFO] [path_server] 노드 업데이트 : [1003] ➜ [1004]
[2026-08-11 17:29:15.617666] [INFO] [path_server] 새로운 경로 설정 : path[1003 ➜ 6] time[0s] dist[20.6231m] list[10] : 1003-1004-1005-1006-1007-1008-1010-1011-1027-6
[2026-08-11 17:29:16.356219] [INFO] [path_server] 노드 업데이트 : [1004] ➜ [1005]
[2026-08-11 17:29:16.436208] [INFO] [path_server] 새로운 경로 설정 : path[1004 ➜ 6] time[0s] dist[19.1231m] list[9] : 1004-1005-1006-1007-1008-1010-1011-1027-6
[2026-08-11 17:29:17.114932] [INFO] [path_server] 노드 업데이트 : [1005] ➜ [1006]
[2026-08-11 17:29:17.174824] [INFO] [path_server] 새로운 경로 설정 : path[1005 ➜ 6] time[0s] dist[17.6231m] list[8] : 1005-1006-1007-1008-1010-1011-1027-6
[2026-08-11 17:29:17.873382] [INFO] [path_server] 노드 업데이트 : [1006] ➜ [1007]
[2026-08-11 17:29:17.953246] [INFO] [path_server] 새로운 경로 설정 : path[1006 ➜ 6] time[0s] dist[16.1231m] list[7] : 1006-1007-1008-1010-1011-1027-6
[2026-08-11 17:29:18.611898] [INFO] [path_server] 노드 업데이트 : [1007] ➜ [1008]
[2026-08-11 17:29:18.691831] [INFO] [path_server] 새로운 경로 설정 : path[1007 ➜ 6] time[0s] dist[14.6231m] list[6] : 1007-1008-1010-1011-1027-6
[2026-08-11 17:29:19.370681] [INFO] [path_server] 노드 업데이트 : [1008] ➜ [1010]
[2026-08-11 17:29:19.430582] [INFO] [path_server] 새로운 경로 설정 : path[1008 ➜ 6] time[0s] dist[13.1231m] list[5] : 1008-1010-1011-1027-6
[2026-08-11 17:29:21.766467] [INFO] [path_server] 노드 업데이트 : [1010] ➜ [1011]
[2026-08-11 17:29:21.826344] [INFO] [path_server] 새로운 경로 설정 : path[1010 ➜ 6] time[0s] dist[11.6231m] list[4] : 1010-1011-1027-6
[2026-08-11 17:29:40.529938] [INFO] [path_server] 노드 업데이트 : [1011] ➜ [1027]
[2026-08-11 17:29:40.629796] [INFO] [path_server] 새로운 경로 설정 : path[1011 ➜ 6] time[0s] dist[7.5m] list[3] : 1011-1027-6
[2026-08-11 17:29:58.713649] [INFO] [path_server] 노드 업데이트 : [1027] ➜ [6]
[2026-08-11 17:29:58.773556] [INFO] [path_server] 새로운 경로 설정 : path[1027 ➜ 6] time[0s] dist[1.5m] list[2] : 1027-6
[2026-08-11 17:30:00.929339] [INFO] [path_server] 노드 업데이트 : [6] ➜ [-1]
[2026-08-11 17:30:03.863541] [INFO] [path_server] 노드 업데이트 : [6] ➜ [-1]
[2026-08-11 17:30:05.999361] [INFO] [path_server] 새로운 경로 설정 : path[6 ➜ 8] time[0s] dist[84.0756m] list[50] : 6-1033-1046-1129-1049-1050-1051-1052-1198-1199-1053-1054-1055-1056-1057-1058-1059-1060-1061-1062-1063-1064-1065-40-1067-1068-1069-1070-1071-1072-1073-1074-1075-1076-1077-1078-1390-1391-1001-1002-1003-1004-1005-1006-1007-1008-1010-1020-1035-8
[2026-08-11 17:30:08.175479] [INFO] [path_server] 노드 업데이트 : [1033] ➜ [1046]
[2026-08-11 17:30:08.255458] [INFO] [path_server] 새로운 경로 설정 : path[1033 ➜ 8] time[0s] dist[82.0756m] list[49] : 1033-1046-1129-1049-1050-1051-1052-1198-1199-1053-1054-1055-1056-1057-1058-1059-1060-1061-1062-1063-1064-1065-40-1067-1068-1069-1070-1071-1072-1073-1074-1075-1076-1077-1078-1390-1391-1001-1002-1003-1004-1005-1006-1007-1008-1010-1020-1035-8
[2026-08-11 17:30:14.862662] [INFO] [path_server] 노드 업데이트 : [1046] ➜ [1129]
[2026-08-11 17:30:14.922607] [INFO] [path_server] 새로운 경로 설정 : path[1046 ➜ 8] time[0s] dist[77.3586m] list[48] : 1046-1129-1049-1050-1051-1052-1198-1199-1053-1054-1055-1056-1057-1058-1059-1060-1061-1062-1063-1064-1065-40-1067-1068-1069-1070-1071-1072-1073-1074-1075-1076-1077-1078-1390-1391-1001-1002-1003-1004-1005-1006-1007-1008-1010-1020-1035-8
[2026-08-11 17:30:19.693639] [INFO] [path_server] 노드 업데이트 : [1129] ➜ [1049]
[2026-08-11 17:30:19.753613] [INFO] [path_server] 새로운 경로 설정 : path[1129 ➜ 8] time[0s] dist[74.4432m] list[47] : 1129-1049-1050-1051-1052-1198-1199-1053-1054-1055-1056-1057-1058-1059-1060-1061-1062-1063-1064-1065-40-1067-1068-1069-1070-1071-1072-1073-1074-1075-1076-1077-1078-1390-1391-1001-1002-1003-1004-1005-1006-1007-1008-1010-1020-1035-8
[2026-08-11 17:30:21.709832] [INFO] [path_server] 노드 업데이트 : [1049] ➜ [1050]
[2026-08-11 17:30:21.789691] [INFO] [path_server] 새로운 경로 설정 : path[1049 ➜ 8] time[0s] dist[71.5277m] list[46] : 1049-1050-1051-1052-1198-1199-1053-1054-1055-1056-1057-1058-1059-1060-1061-1062-1063-1064-1065-40-1067-1068-1069-1070-1071-1072-1073-1074-1075-1076-1077-1078-1390-1391-1001-1002-1003-1004-1005-1006-1007-1008-1010-1020-1035-8
[2026-08-11 17:30:26.839754] [INFO] [path_server] 노드 업데이트 : [1050] ➜ [1051]
[2026-08-11 17:30:26.919652] [INFO] [path_server] 새로운 경로 설정 : path[1050 ➜ 8] time[0s] dist[69.0277m] list[45] : 1050-1051-1052-1198-1199-1053-1054-1055-1056-1057-1058-1059-1060-1061-1062-1063-1064-1065-40-1067-1068-1069-1070-1071-1072-1073-1074-1075-1076-1077-1078-1390-1391-1001-1002-1003-1004-1005-1006-1007-1008-1010-1020-1035-8
[2026-08-11 17:30:27.837796] [INFO] [path_server] 노드 업데이트 : [1051] ➜ [1052]
[2026-08-11 17:30:27.897717] [INFO] [path_server] 새로운 경로 설정 : path[1051 ➜ 8] time[0s] dist[67.5277m] list[44] : 1051-1052-1198-1199-1053-1054-1055-1056-1057-1058-1059-1060-1061-1062-1063-1064-1065-40-1067-1068-1069-1070-1071-1072-1073-1074-1075-1076-1077-1078-1390-1391-1001-1002-1003-1004-1005-1006-1007-1008-1010-1020-1035-8
[2026-08-11 17:30:28.616158] [INFO] [path_server] 노드 업데이트 : [1052] ➜ [1198]
[2026-08-11 17:30:28.676089] [INFO] [path_server] 새로운 경로 설정 : path[1052 ➜ 8] time[0s] dist[66.0277m] list[43] : 1052-1198-1199-1053-1054-1055-1056-1057-1058-1059-1060-1061-1062-1063-1064-1065-40-1067-1068-1069-1070-1071-1072-1073-1074-1075-1076-1077-1078-1390-1391-1001-1002-1003-1004-1005-1006-1007-1008-1010-1020-1035-8
[2026-08-11 17:30:30.013310] [INFO] [path_server] 노드 업데이트 : [1198] ➜ [1199]
[2026-08-11 17:30:30.093258] [INFO] [path_server] 새로운 경로 설정 : path[1198 ➜ 8] time[0s] dist[64.5277m] list[42] : 1198-1199-1053-1054-1055-1056-1057-1058-1059-1060-1061-1062-1063-1064-1065-40-1067-1068-1069-1070-1071-1072-1073-1074-1075-1076-1077-1078-1390-1391-1001-1002-1003-1004-1005-1006-1007-1008-1010-1020-1035-8
[2026-08-11 17:30:33.507081] [INFO] [path_server] 노드 업데이트 : [1199] ➜ [1053]
[2026-08-11 17:30:33.567013] [INFO] [path_server] 새로운 경로 설정 : path[1199 ➜ 8] time[0s] dist[63.0277m] list[41] : 1199-1053-1054-1055-1056-1057-1058-1059-1060-1061-1062-1063-1064-1065-40-1067-1068-1069-1070-1071-1072-1073-1074-1075-1076-1077-1078-1390-1391-1001-1002-1003-1004-1005-1006-1007-1008-1010-1020-1035-8
[2026-08-11 17:30:34.625036] [INFO] [path_server] 노드 업데이트 : [1053] ➜ [1054]
[2026-08-11 17:30:34.704980] [INFO] [path_server] 새로운 경로 설정 : path[1053 ➜ 8] time[0s] dist[61.5277m] list[40] : 1053-1054-1055-1056-1057-1058-1059-1060-1061-1062-1063-1064-1065-40-1067-1068-1069-1070-1071-1072-1073-1074-1075-1076-1077-1078-1390-1391-1001-1002-1003-1004-1005-1006-1007-1008-1010-1020-1035-8
[2026-08-11 17:30:35.443415] [INFO] [path_server] 노드 업데이트 : [1054] ➜ [1055]
[2026-08-11 17:30:35.523374] [INFO] [path_server] 새로운 경로 설정 : path[1054 ➜ 8] time[0s] dist[60.0277m] list[39] : 1054-1055-1056-1057-1058-1059-1060-1061-1062-1063-1064-1065-40-1067-1068-1069-1070-1071-1072-1073-1074-1075-1076-1077-1078-1390-1391-1001-1002-1003-1004-1005-1006-1007-1008-1010-1020-1035-8
[2026-08-11 17:30:36.202035] [INFO] [path_server] 노드 업데이트 : [1055] ➜ [1056]
[2026-08-11 17:30:36.261957] [INFO] [path_server] 새로운 경로 설정 : path[1055 ➜ 8] time[0s] dist[58.5277m] list[38] : 1055-1056-1057-1058-1059-1060-1061-1062-1063-1064-1065-40-1067-1068-1069-1070-1071-1072-1073-1074-1075-1076-1077-1078-1390-1391-1001-1002-1003-1004-1005-1006-1007-1008-1010-1020-1035-8
[2026-08-11 17:30:37.419641] [INFO] [path_server] 노드 업데이트 : [1056] ➜ [1057]
[2026-08-11 17:30:37.499587] [INFO] [path_server] 새로운 경로 설정 : path[1056 ➜ 8] time[0s] dist[57.0277m] list[37] : 1056-1057-1058-1059-1060-1061-1062-1063-1064-1065-40-1067-1068-1069-1070-1071-1072-1073-1074-1075-1076-1077-1078-1390-1391-1001-1002-1003-1004-1005-1006-1007-1008-1010-1020-1035-8
[2026-08-11 17:30:40.693062] [INFO] [path_server] 노드 업데이트 : [1057] ➜ [1058]
[2026-08-11 17:30:40.752989] [INFO] [path_server] 새로운 경로 설정 : path[1057 ➜ 8] time[0s] dist[55.5277m] list[36] : 1057-1058-1059-1060-1061-1062-1063-1064-1065-40-1067-1068-1069-1070-1071-1072-1073-1074-1075-1076-1077-1078-1390-1391-1001-1002-1003-1004-1005-1006-1007-1008-1010-1020-1035-8
[2026-08-11 17:30:41.870744] [INFO] [path_server] 노드 업데이트 : [1058] ➜ [1059]
[2026-08-11 17:30:41.950629] [INFO] [path_server] 새로운 경로 설정 : path[1058 ➜ 8] time[0s] dist[54.0277m] list[35] : 1058-1059-1060-1061-1062-1063-1064-1065-40-1067-1068-1069-1070-1071-1072-1073-1074-1075-1076-1077-1078-1390-1391-1001-1002-1003-1004-1005-1006-1007-1008-1010-1020-1035-8
[2026-08-11 17:30:42.709128] [INFO] [path_server] 노드 업데이트 : [1059] ➜ [1060]
[2026-08-11 17:30:42.789006] [INFO] [path_server] 새로운 경로 설정 : path[1059 ➜ 8] time[0s] dist[52.5277m] list[34] : 1059-1060-1061-1062-1063-1064-1065-40-1067-1068-1069-1070-1071-1072-1073-1074-1075-1076-1077-1078-1390-1391-1001-1002-1003-1004-1005-1006-1007-1008-1010-1020-1035-8
[2026-08-11 17:30:43.447637] [INFO] [path_server] 노드 업데이트 : [1060] ➜ [1061]
[2026-08-11 17:30:43.507609] [INFO] [path_server] 새로운 경로 설정 : path[1060 ➜ 8] time[0s] dist[51.0277m] list[33] : 1060-1061-1062-1063-1064-1065-40-1067-1068-1069-1070-1071-1072-1073-1074-1075-1076-1077-1078-1390-1391-1001-1002-1003-1004-1005-1006-1007-1008-1010-1020-1035-8
[2026-08-11 17:30:44.206183] [INFO] [path_server] 노드 업데이트 : [1061] ➜ [1062]
[2026-08-11 17:30:44.266096] [INFO] [path_server] 새로운 경로 설정 : path[1061 ➜ 8] time[0s] dist[49.5277m] list[32] : 1061-1062-1063-1064-1065-40-1067-1068-1069-1070-1071-1072-1073-1074-1075-1076-1077-1078-1390-1391-1001-1002-1003-1004-1005-1006-1007-1008-1010-1020-1035-8
[2026-08-11 17:30:44.964722] [INFO] [path_server] 노드 업데이트 : [1062] ➜ [1063]
[2026-08-11 17:30:45.044600] [INFO] [path_server] 새로운 경로 설정 : path[1062 ➜ 8] time[0s] dist[48.0277m] list[31] : 1062-1063-1064-1065-40-1067-1068-1069-1070-1071-1072-1073-1074-1075-1076-1077-1078-1390-1391-1001-1002-1003-1004-1005-1006-1007-1008-1010-1020-1035-8
[2026-08-11 17:30:45.703298] [INFO] [path_server] 노드 업데이트 : [1063] ➜ [1064]
[2026-08-11 17:30:45.763217] [INFO] [path_server] 새로운 경로 설정 : path[1063 ➜ 8] time[0s] dist[46.5277m] list[30] : 1063-1064-1065-40-1067-1068-1069-1070-1071-1072-1073-1074-1075-1076-1077-1078-1390-1391-1001-1002-1003-1004-1005-1006-1007-1008-1010-1020-1035-8
[2026-08-11 17:30:46.461856] [INFO] [path_server] 노드 업데이트 : [1064] ➜ [1065]
[2026-08-11 17:30:46.541771] [INFO] [path_server] 새로운 경로 설정 : path[1064 ➜ 8] time[0s] dist[45.0277m] list[29] : 1064-1065-40-1067-1068-1069-1070-1071-1072-1073-1074-1075-1076-1077-1078-1390-1391-1001-1002-1003-1004-1005-1006-1007-1008-1010-1020-1035-8
[2026-08-11 17:30:47.200582] [INFO] [path_server] 노드 업데이트 : [1065] ➜ [40]
[2026-08-11 17:30:47.260558] [INFO] [path_server] 새로운 경로 설정 : path[1065 ➜ 8] time[0s] dist[43.5277m] list[28] : 1065-40-1067-1068-1069-1070-1071-1072-1073-1074-1075-1076-1077-1078-1390-1391-1001-1002-1003-1004-1005-1006-1007-1008-1010-1020-1035-8
[2026-08-11 17:30:47.959449] [INFO] [path_server] 노드 업데이트 : [40] ➜ [1067]
[2026-08-11 17:30:48.039328] [INFO] [path_server] 새로운 경로 설정 : path[40 ➜ 8] time[0s] dist[42.0277m] list[27] : 40-1067-1068-1069-1070-1071-1072-1073-1074-1075-1076-1077-1078-1390-1391-1001-1002-1003-1004-1005-1006-1007-1008-1010-1020-1035-8
[2026-08-11 17:30:48.697933] [INFO] [path_server] 노드 업데이트 : [1067] ➜ [1068]
[2026-08-11 17:30:48.757825] [INFO] [path_server] 새로운 경로 설정 : path[1067 ➜ 8] time[0s] dist[40.5277m] list[26] : 1067-1068-1069-1070-1071-1072-1073-1074-1075-1076-1077-1078-1390-1391-1001-1002-1003-1004-1005-1006-1007-1008-1010-1020-1035-8
[2026-08-11 17:30:49.456372] [INFO] [path_server] 노드 업데이트 : [1068] ➜ [1069]
[2026-08-11 17:30:49.536241] [INFO] [path_server] 새로운 경로 설정 : path[1068 ➜ 8] time[0s] dist[39.0277m] list[25] : 1068-1069-1070-1071-1072-1073-1074-1075-1076-1077-1078-1390-1391-1001-1002-1003-1004-1005-1006-1007-1008-1010-1020-1035-8
[2026-08-11 17:30:50.214768] [INFO] [path_server] 노드 업데이트 : [1069] ➜ [1070]
[2026-08-11 17:30:50.294716] [INFO] [path_server] 새로운 경로 설정 : path[1069 ➜ 8] time[0s] dist[37.5277m] list[24] : 1069-1070-1071-1072-1073-1074-1075-1076-1077-1078-1390-1391-1001-1002-1003-1004-1005-1006-1007-1008-1010-1020-1035-8
[2026-08-11 17:30:50.953612] [INFO] [path_server] 노드 업데이트 : [1070] ➜ [1071]
[2026-08-11 17:30:51.033488] [INFO] [path_server] 새로운 경로 설정 : path[1070 ➜ 8] time[0s] dist[36.0277m] list[23] : 1070-1071-1072-1073-1074-1075-1076-1077-1078-1390-1391-1001-1002-1003-1004-1005-1006-1007-1008-1010-1020-1035-8
[2026-08-11 17:30:51.712112] [INFO] [path_server] 노드 업데이트 : [1071] ➜ [1072]
[2026-08-11 17:30:51.792061] [INFO] [path_server] 새로운 경로 설정 : path[1071 ➜ 8] time[0s] dist[34.5277m] list[22] : 1071-1072-1073-1074-1075-1076-1077-1078-1390-1391-1001-1002-1003-1004-1005-1006-1007-1008-1010-1020-1035-8
[2026-08-11 17:30:52.450754] [INFO] [path_server] 노드 업데이트 : [1072] ➜ [1073]
[2026-08-11 17:30:52.530629] [INFO] [path_server] 새로운 경로 설정 : path[1072 ➜ 8] time[0s] dist[33.0277m] list[21] : 1072-1073-1074-1075-1076-1077-1078-1390-1391-1001-1002-1003-1004-1005-1006-1007-1008-1010-1020-1035-8
[2026-08-11 17:30:53.209301] [INFO] [path_server] 노드 업데이트 : [1073] ➜ [1074]
[2026-08-11 17:30:53.289254] [INFO] [path_server] 새로운 경로 설정 : path[1073 ➜ 8] time[0s] dist[31.5277m] list[20] : 1073-1074-1075-1076-1077-1078-1390-1391-1001-1002-1003-1004-1005-1006-1007-1008-1010-1020-1035-8
[2026-08-11 17:30:53.948089] [INFO] [path_server] 노드 업데이트 : [1074] ➜ [1075]
[2026-08-11 17:30:54.027963] [INFO] [path_server] 새로운 경로 설정 : path[1074 ➜ 8] time[0s] dist[30.0277m] list[19] : 1074-1075-1076-1077-1078-1390-1391-1001-1002-1003-1004-1005-1006-1007-1008-1010-1020-1035-8
[2026-08-11 17:30:54.706640] [INFO] [path_server] 노드 업데이트 : [1075] ➜ [1076]
[2026-08-11 17:30:54.786594] [INFO] [path_server] 새로운 경로 설정 : path[1075 ➜ 8] time[0s] dist[28.5277m] list[18] : 1075-1076-1077-1078-1390-1391-1001-1002-1003-1004-1005-1006-1007-1008-1010-1020-1035-8
[2026-08-11 17:30:56.104072] [INFO] [path_server] 노드 업데이트 : [1076] ➜ [1077]
[2026-08-11 17:30:56.183968] [INFO] [path_server] 새로운 경로 설정 : path[1076 ➜ 8] time[0s] dist[27.0277m] list[17] : 1076-1077-1078-1390-1391-1001-1002-1003-1004-1005-1006-1007-1008-1010-1020-1035-8
[2026-08-11 17:30:59.577402] [INFO] [path_server] 노드 업데이트 : [1077] ➜ [1078]
[2026-08-11 17:30:59.637330] [INFO] [path_server] 새로운 경로 설정 : path[1077 ➜ 8] time[0s] dist[25.5277m] list[16] : 1077-1078-1390-1391-1001-1002-1003-1004-1005-1006-1007-1008-1010-1020-1035-8
[2026-08-11 17:31:00.695382] [INFO] [path_server] 노드 업데이트 : [1078] ➜ [1390]
[2026-08-11 17:31:00.775260] [INFO] [path_server] 새로운 경로 설정 : path[1078 ➜ 8] time[0s] dist[24.0277m] list[15] : 1078-1390-1391-1001-1002-1003-1004-1005-1006-1007-1008-1010-1020-1035-8
[2026-08-11 17:31:01.513833] [INFO] [path_server] 노드 업데이트 : [1390] ➜ [1391]
[2026-08-11 17:31:01.593786] [INFO] [path_server] 새로운 경로 설정 : path[1390 ➜ 8] time[0s] dist[22.5277m] list[14] : 1390-1391-1001-1002-1003-1004-1005-1006-1007-1008-1010-1020-1035-8
[2026-08-11 17:31:02.272504] [INFO] [path_server] 노드 업데이트 : [1391] ➜ [1001]
[2026-08-11 17:31:02.332456] [INFO] [path_server] 새로운 경로 설정 : path[1391 ➜ 8] time[0s] dist[21.0277m] list[13] : 1391-1001-1002-1003-1004-1005-1006-1007-1008-1010-1020-1035-8
[2026-08-11 17:31:03.649898] [INFO] [path_server] 노드 업데이트 : [1001] ➜ [1002]
[2026-08-11 17:31:03.709841] [INFO] [path_server] 새로운 경로 설정 : path[1001 ➜ 8] time[0s] dist[19.5277m] list[12] : 1001-1002-1003-1004-1005-1006-1007-1008-1010-1020-1035-8
[2026-08-11 17:31:07.123478] [INFO] [path_server] 노드 업데이트 : [1002] ➜ [1003]
[2026-08-11 17:31:07.183378] [INFO] [path_server] 새로운 경로 설정 : path[1002 ➜ 8] time[0s] dist[18.0277m] list[11] : 1002-1003-1004-1005-1006-1007-1008-1010-1020-1035-8
[2026-08-11 17:31:08.221651] [INFO] [path_server] 노드 업데이트 : [1003] ➜ [1004]
[2026-08-11 17:31:08.301540] [INFO] [path_server] 새로운 경로 설정 : path[1003 ➜ 8] time[0s] dist[16.5277m] list[10] : 1003-1004-1005-1006-1007-1008-1010-1020-1035-8
[2026-08-11 17:31:09.040120] [INFO] [path_server] 노드 업데이트 : [1004] ➜ [1005]
[2026-08-11 17:31:09.100089] [INFO] [path_server] 새로운 경로 설정 : path[1004 ➜ 8] time[0s] dist[15.0277m] list[9] : 1004-1005-1006-1007-1008-1010-1020-1035-8
[2026-08-11 17:31:09.798651] [INFO] [path_server] 노드 업데이트 : [1005] ➜ [1006]
[2026-08-11 17:31:09.878521] [INFO] [path_server] 새로운 경로 설정 : path[1005 ➜ 8] time[0s] dist[13.5277m] list[8] : 1005-1006-1007-1008-1010-1020-1035-8
[2026-08-11 17:31:10.537246] [INFO] [path_server] 노드 업데이트 : [1006] ➜ [1007]
[2026-08-11 17:31:10.597117] [INFO] [path_server] 새로운 경로 설정 : path[1006 ➜ 8] time[0s] dist[12.0277m] list[7] : 1006-1007-1008-1010-1020-1035-8
[2026-08-11 17:31:11.295642] [INFO] [path_server] 노드 업데이트 : [1007] ➜ [1008]
[2026-08-11 17:31:11.375565] [INFO] [path_server] 새로운 경로 설정 : path[1007 ➜ 8] time[0s] dist[10.5277m] list[6] : 1007-1008-1010-1020-1035-8
[2026-08-11 17:31:12.054234] [INFO] [path_server] 노드 업데이트 : [1008] ➜ [1010]
[2026-08-11 17:31:12.134158] [INFO] [path_server] 새로운 경로 설정 : path[1008 ➜ 8] time[0s] dist[9.02769m] list[5] : 1008-1010-1020-1035-8
[2026-08-11 17:31:12.792917] [INFO] [path_server] 노드 업데이트 : [1010] ➜ [1020]
[2026-08-11 17:31:12.852827] [INFO] [path_server] 새로운 경로 설정 : path[1010 ➜ 8] time[0s] dist[7.52769m] list[4] : 1010-1020-1035-8
[2026-08-11 17:31:16.305970] [INFO] [path_server] 노드 업데이트 : [1020] ➜ [1035]
[2026-08-11 17:31:16.385843] [INFO] [path_server] 새로운 경로 설정 : path[1020 ➜ 8] time[0s] dist[3m] list[3] : 1020-1035-8
[2026-08-11 17:31:18.042697] [INFO] [path_server] 노드 업데이트 : [1035] ➜ [8]
[2026-08-11 17:31:18.122569] [INFO] [path_server] 새로운 경로 설정 : path[1035 ➜ 8] time[0s] dist[1.5m] list[2] : 1035-8
[2026-08-11 17:31:20.278559] [INFO] [path_server] 노드 업데이트 : [8] ➜ [-1]
[2026-08-11 17:31:23.611745] [INFO] [path_server] 노드 업데이트 : [8] ➜ [-1]
[2026-08-11 17:31:25.767491] [INFO] [path_server] 경로 삭제
[2026-08-11 17:31:30.898462] [INFO] [path_server] 새로운 경로 설정 : path[8 ➜ 206] time[0s] dist[29.3012m] list[17] : 8-1041-1048-1130-1051-1052-1198-1199-1053-1054-1055-1056-1057-1058-1059-1060-206
[2026-08-11 17:31:33.074184] [INFO] [path_server] 노드 업데이트 : [1041] ➜ [1048]
[2026-08-11 17:31:33.134099] [INFO] [path_server] 새로운 경로 설정 : path[1041 ➜ 206] time[0s] dist[27.3012m] list[16] : 1041-1048-1130-1051-1052-1198-1199-1053-1054-1055-1056-1057-1058-1059-1060-206
[2026-08-11 17:31:39.462165] [INFO] [path_server] 노드 업데이트 : [1048] ➜ [1130]
[2026-08-11 17:31:39.522081] [INFO] [path_server] 새로운 경로 설정 : path[1048 ➜ 206] time[0s] dist[23m] list[15] : 1048-1130-1051-1052-1198-1199-1053-1054-1055-1056-1057-1058-1059-1060-206
[2026-08-11 17:31:43.814301] [INFO] [path_server] 노드 업데이트 : [1130] ➜ [1051]
[2026-08-11 17:31:43.894165] [INFO] [path_server] 새로운 경로 설정 : path[1130 ➜ 206] time[0s] dist[20.5m] list[14] : 1130-1051-1052-1198-1199-1053-1054-1055-1056-1057-1058-1059-1060-206
[2026-08-11 17:31:45.550948] [INFO] [path_server] 노드 업데이트 : [1051] ➜ [1052]
[2026-08-11 17:31:45.630827] [INFO] [path_server] 새로운 경로 설정 : path[1051 ➜ 206] time[0s] dist[18m] list[13] : 1051-1052-1198-1199-1053-1054-1055-1056-1057-1058-1059-1060-206
[2026-08-11 17:31:49.782550] [INFO] [path_server] 노드 업데이트 : [1052] ➜ [1198]
[2026-08-11 17:31:49.862480] [INFO] [path_server] 새로운 경로 설정 : path[1052 ➜ 206] time[0s] dist[16.5m] list[12] : 1052-1198-1199-1053-1054-1055-1056-1057-1058-1059-1060-206
[2026-08-11 17:31:51.299560] [INFO] [path_server] 노드 업데이트 : [1198] ➜ [1199]
[2026-08-11 17:31:51.359469] [INFO] [path_server] 새로운 경로 설정 : path[1198 ➜ 206] time[0s] dist[15m] list[11] : 1198-1199-1053-1054-1055-1056-1057-1058-1059-1060-206
[2026-08-11 17:31:54.752819] [INFO] [path_server] 노드 업데이트 : [1199] ➜ [1053]
[2026-08-11 17:31:54.832647] [INFO] [path_server] 새로운 경로 설정 : path[1199 ➜ 206] time[0s] dist[13.5m] list[10] : 1199-1053-1054-1055-1056-1057-1058-1059-1060-206
[2026-08-11 17:31:55.850530] [INFO] [path_server] 노드 업데이트 : [1053] ➜ [1054]
[2026-08-11 17:31:55.910422] [INFO] [path_server] 새로운 경로 설정 : path[1053 ➜ 206] time[0s] dist[12m] list[9] : 1053-1054-1055-1056-1057-1058-1059-1060-206
[2026-08-11 17:31:56.668880] [INFO] [path_server] 노드 업데이트 : [1054] ➜ [1055]
[2026-08-11 17:31:56.748729] [INFO] [path_server] 새로운 경로 설정 : path[1054 ➜ 206] time[0s] dist[10.5m] list[8] : 1054-1055-1056-1057-1058-1059-1060-206
[2026-08-11 17:31:57.407364] [INFO] [path_server] 노드 업데이트 : [1055] ➜ [1056]
[2026-08-11 17:31:57.467269] [INFO] [path_server] 새로운 경로 설정 : path[1055 ➜ 206] time[0s] dist[9m] list[7] : 1055-1056-1057-1058-1059-1060-206
[2026-08-11 17:31:58.664741] [INFO] [path_server] 노드 업데이트 : [1056] ➜ [1057]
[2026-08-11 17:31:58.724615] [INFO] [path_server] 새로운 경로 설정 : path[1056 ➜ 206] time[0s] dist[7.5m] list[6] : 1056-1057-1058-1059-1060-206
[2026-08-11 17:32:01.957823] [INFO] [path_server] 노드 업데이트 : [1057] ➜ [1058]
[2026-08-11 17:32:02.017711] [INFO] [path_server] 새로운 경로 설정 : path[1057 ➜ 206] time[0s] dist[6m] list[5] : 1057-1058-1059-1060-206
[2026-08-11 17:32:03.115452] [INFO] [path_server] 노드 업데이트 : [1058] ➜ [1059]
[2026-08-11 17:32:03.195297] [INFO] [path_server] 새로운 경로 설정 : path[1058 ➜ 206] time[0s] dist[4.5m] list[4] : 1058-1059-1060-206
[2026-08-11 17:32:03.953773] [INFO] [path_server] 노드 업데이트 : [1059] ➜ [1060]
[2026-08-11 17:32:04.033599] [INFO] [path_server] 새로운 경로 설정 : path[1059 ➜ 206] time[0s] dist[3m] list[3] : 1059-1060-206
[2026-08-11 17:32:06.688149] [INFO] [path_server] 노드 업데이트 : [1060] ➜ [206]
[2026-08-11 17:32:06.768067] [INFO] [path_server] 새로운 경로 설정 : path[1060 ➜ 206] time[0s] dist[1.5m] list[2] : 1060-206
[2026-08-11 17:32:10.779991] [INFO] [path_server] 노드 업데이트 : [206] ➜ [-1]
[2026-08-11 17:32:14.432732] [INFO] [path_server] 노드 업데이트 : [206] ➜ [-1]
[2026-08-11 17:32:14.532494] [INFO] [path_server] 경로 삭제
[2026-08-11 17:32:50.845717] [INFO] [path_server] 새로운 경로 설정 : path[206 ➜ 203] time[0s] dist[37.5m] list[26] : 206-1060-1061-1062-1063-1064-1065-40-1067-1068-1069-1070-1071-1072-1073-1074-1075-1076-1159-1158-1157-1160-1161-1162-1163-203
[2026-08-11 17:34:46.304463] [INFO] [path_server] 생성
[2026-08-11 17:34:46.304508] [INFO] [path_server] 경로 삭제
[2026-08-11 17:34:46.306152] [INFO] [path_server] 노드 초기화 성공 : 로봇 좌표[9.489m 18.997m 90.045°] 최단 거리 노드[104] 거리(0.011735m)
[2026-08-11 17:35:13.135074] [INFO] [path_server] 경로 삭제
[2026-08-11 17:35:13.155025] [INFO] [path_server] 경로 삭제
[2026-08-11 17:36:26.959428] [INFO] [path_server] 경로 삭제
[2026-08-11 17:36:26.999309] [INFO] [path_server] 경로 삭제
[2026-08-11 17:37:40.827668] [INFO] [path_server] 경로 삭제
[2026-08-11 17:37:40.867595] [INFO] [path_server] 경로 삭제
[2026-08-11 17:38:54.690299] [INFO] [path_server] 경로 삭제
[2026-08-11 17:38:54.730284] [INFO] [path_server] 경로 삭제
[2026-08-11 17:40:32.827035] [INFO] [path_server] 생성
[2026-08-11 17:40:32.827070] [INFO] [path_server] 경로 삭제
[2026-08-11 17:40:32.829468] [INFO] [path_server] 노드 초기화 성공 : 로봇 좌표[9.489m 18.997m 90.045°] 최단 거리 노드[104] 거리(0.011735m)
[2026-08-11 17:40:55.725227] [INFO] [path_server] 경로 삭제
[2026-08-11 17:40:55.765162] [INFO] [path_server] 경로 삭제
[2026-08-11 17:41:13.151214] [INFO] [path_server] 새로운 경로 설정 : path[104 ➜ 205] time[0s] dist[60m] list[41] : 104-1071-1072-1073-1074-1075-1076-1159-1158-1157-1160-1161-1162-1163-1164-1165-1166-1167-1168-41-1170-1171-1172-1173-1174-1175-1176-1177-1178-1081-1185-1186-1187-1188-1056-1057-1058-1059-1060-1061-205
[2026-08-11 17:41:17.023366] [INFO] [path_server] 노드 업데이트 : [1071] ➜ [1072]
[2026-08-11 17:41:17.103309] [INFO] [path_server] 새로운 경로 설정 : path[1071 ➜ 205] time[0s] dist[58.5m] list[40] : 1071-1072-1073-1074-1075-1076-1159-1158-1157-1160-1161-1162-1163-1164-1165-1166-1167-1168-41-1170-1171-1172-1173-1174-1175-1176-1177-1178-1081-1185-1186-1187-1188-1056-1057-1058-1059-1060-1061-205
[2026-08-11 17:41:20.597675] [INFO] [path_server] 노드 업데이트 : [1072] ➜ [1073]
[2026-08-11 17:41:20.677688] [INFO] [path_server] 새로운 경로 설정 : path[1072 ➜ 205] time[0s] dist[57m] list[39] : 1072-1073-1074-1075-1076-1159-1158-1157-1160-1161-1162-1163-1164-1165-1166-1167-1168-41-1170-1171-1172-1173-1174-1175-1176-1177-1178-1081-1185-1186-1187-1188-1056-1057-1058-1059-1060-1061-205
[2026-08-11 17:41:21.735374] [INFO] [path_server] 노드 업데이트 : [1073] ➜ [1074]
[2026-08-11 17:41:21.815355] [INFO] [path_server] 새로운 경로 설정 : path[1073 ➜ 205] time[0s] dist[55.5m] list[38] : 1073-1074-1075-1076-1159-1158-1157-1160-1161-1162-1163-1164-1165-1166-1167-1168-41-1170-1171-1172-1173-1174-1175-1176-1177-1178-1081-1185-1186-1187-1188-1056-1057-1058-1059-1060-1061-205
[2026-08-11 17:41:22.553810] [INFO] [path_server] 노드 업데이트 : [1074] ➜ [1075]
[2026-08-11 17:41:22.613760] [INFO] [path_server] 새로운 경로 설정 : path[1074 ➜ 205] time[0s] dist[54m] list[37] : 1074-1075-1076-1159-1158-1157-1160-1161-1162-1163-1164-1165-1166-1167-1168-41-1170-1171-1172-1173-1174-1175-1176-1177-1178-1081-1185-1186-1187-1188-1056-1057-1058-1059-1060-1061-205
[2026-08-11 17:41:23.312293] [INFO] [path_server] 노드 업데이트 : [1075] ➜ [1076]
[2026-08-11 17:41:23.392194] [INFO] [path_server] 새로운 경로 설정 : path[1075 ➜ 205] time[0s] dist[52.5m] list[36] : 1075-1076-1159-1158-1157-1160-1161-1162-1163-1164-1165-1166-1167-1168-41-1170-1171-1172-1173-1174-1175-1176-1177-1178-1081-1185-1186-1187-1188-1056-1057-1058-1059-1060-1061-205
[2026-08-11 17:41:24.709751] [INFO] [path_server] 노드 업데이트 : [1076] ➜ [1159]
[2026-08-11 17:41:24.769662] [INFO] [path_server] 새로운 경로 설정 : path[1076 ➜ 205] time[0s] dist[51m] list[35] : 1076-1159-1158-1157-1160-1161-1162-1163-1164-1165-1166-1167-1168-41-1170-1171-1172-1173-1174-1175-1176-1177-1178-1081-1185-1186-1187-1188-1056-1057-1058-1059-1060-1061-205
[2026-08-11 17:41:28.183345] [INFO] [path_server] 노드 업데이트 : [1159] ➜ [1158]
[2026-08-11 17:41:28.243254] [INFO] [path_server] 새로운 경로 설정 : path[1159 ➜ 205] time[0s] dist[49.5m] list[34] : 1159-1158-1157-1160-1161-1162-1163-1164-1165-1166-1167-1168-41-1170-1171-1172-1173-1174-1175-1176-1177-1178-1081-1185-1186-1187-1188-1056-1057-1058-1059-1060-1061-205
[2026-08-11 17:41:29.281081] [INFO] [path_server] 노드 업데이트 : [1158] ➜ [1157]
[2026-08-11 17:41:29.361009] [INFO] [path_server] 새로운 경로 설정 : path[1158 ➜ 205] time[0s] dist[48m] list[33] : 1158-1157-1160-1161-1162-1163-1164-1165-1166-1167-1168-41-1170-1171-1172-1173-1174-1175-1176-1177-1178-1081-1185-1186-1187-1188-1056-1057-1058-1059-1060-1061-205
[2026-08-11 17:41:30.698316] [INFO] [path_server] 노드 업데이트 : [1157] ➜ [1160]
[2026-08-11 17:41:30.758233] [INFO] [path_server] 새로운 경로 설정 : path[1157 ➜ 205] time[0s] dist[46.5m] list[32] : 1157-1160-1161-1162-1163-1164-1165-1166-1167-1168-41-1170-1171-1172-1173-1174-1175-1176-1177-1178-1081-1185-1186-1187-1188-1056-1057-1058-1059-1060-1061-205
[2026-08-11 17:41:34.151590] [INFO] [path_server] 노드 업데이트 : [1160] ➜ [1161]
[2026-08-11 17:41:34.211519] [INFO] [path_server] 새로운 경로 설정 : path[1160 ➜ 205] time[0s] dist[45m] list[31] : 1160-1161-1162-1163-1164-1165-1166-1167-1168-41-1170-1171-1172-1173-1174-1175-1176-1177-1178-1081-1185-1186-1187-1188-1056-1057-1058-1059-1060-1061-205
[2026-08-11 17:41:35.249274] [INFO] [path_server] 노드 업데이트 : [1161] ➜ [1162]
[2026-08-11 17:41:35.329229] [INFO] [path_server] 새로운 경로 설정 : path[1161 ➜ 205] time[0s] dist[43.5m] list[30] : 1161-1162-1163-1164-1165-1166-1167-1168-41-1170-1171-1172-1173-1174-1175-1176-1177-1178-1081-1185-1186-1187-1188-1056-1057-1058-1059-1060-1061-205
[2026-08-11 17:41:36.067675] [INFO] [path_server] 노드 업데이트 : [1162] ➜ [1163]
[2026-08-11 17:41:36.127597] [INFO] [path_server] 새로운 경로 설정 : path[1162 ➜ 205] time[0s] dist[42m] list[29] : 1162-1163-1164-1165-1166-1167-1168-41-1170-1171-1172-1173-1174-1175-1176-1177-1178-1081-1185-1186-1187-1188-1056-1057-1058-1059-1060-1061-205
[2026-08-11 17:41:36.806141] [INFO] [path_server] 노드 업데이트 : [1163] ➜ [1164]
[2026-08-11 17:41:36.886063] [INFO] [path_server] 새로운 경로 설정 : path[1163 ➜ 205] time[0s] dist[40.5m] list[28] : 1163-1164-1165-1166-1167-1168-41-1170-1171-1172-1173-1174-1175-1176-1177-1178-1081-1185-1186-1187-1188-1056-1057-1058-1059-1060-1061-205
[2026-08-11 17:41:37.564618] [INFO] [path_server] 노드 업데이트 : [1164] ➜ [1165]
[2026-08-11 17:41:37.624548] [INFO] [path_server] 새로운 경로 설정 : path[1164 ➜ 205] time[0s] dist[39m] list[27] : 1164-1165-1166-1167-1168-41-1170-1171-1172-1173-1174-1175-1176-1177-1178-1081-1185-1186-1187-1188-1056-1057-1058-1059-1060-1061-205
[2026-08-11 17:41:38.323046] [INFO] [path_server] 노드 업데이트 : [1165] ➜ [1166]
[2026-08-11 17:41:38.402933] [INFO] [path_server] 새로운 경로 설정 : path[1165 ➜ 205] time[0s] dist[37.5m] list[26] : 1165-1166-1167-1168-41-1170-1171-1172-1173-1174-1175-1176-1177-1178-1081-1185-1186-1187-1188-1056-1057-1058-1059-1060-1061-205
[2026-08-11 17:41:39.061595] [INFO] [path_server] 노드 업데이트 : [1166] ➜ [1167]
[2026-08-11 17:41:39.121523] [INFO] [path_server] 새로운 경로 설정 : path[1166 ➜ 205] time[0s] dist[36m] list[25] : 1166-1167-1168-41-1170-1171-1172-1173-1174-1175-1176-1177-1178-1081-1185-1186-1187-1188-1056-1057-1058-1059-1060-1061-205
[2026-08-11 17:41:39.820095] [INFO] [path_server] 노드 업데이트 : [1167] ➜ [1168]
[2026-08-11 17:41:39.900006] [INFO] [path_server] 새로운 경로 설정 : path[1167 ➜ 205] time[0s] dist[34.5m] list[24] : 1167-1168-41-1170-1171-1172-1173-1174-1175-1176-1177-1178-1081-1185-1186-1187-1188-1056-1057-1058-1059-1060-1061-205
[2026-08-11 17:41:40.558582] [INFO] [path_server] 노드 업데이트 : [1168] ➜ [41]
[2026-08-11 17:41:40.618529] [INFO] [path_server] 새로운 경로 설정 : path[1168 ➜ 205] time[0s] dist[33m] list[23] : 1168-41-1170-1171-1172-1173-1174-1175-1176-1177-1178-1081-1185-1186-1187-1188-1056-1057-1058-1059-1060-1061-205
[2026-08-11 17:41:41.317027] [INFO] [path_server] 노드 업데이트 : [41] ➜ [1170]
[2026-08-11 17:41:41.396939] [INFO] [path_server] 새로운 경로 설정 : path[41 ➜ 205] time[0s] dist[31.5m] list[22] : 41-1170-1171-1172-1173-1174-1175-1176-1177-1178-1081-1185-1186-1187-1188-1056-1057-1058-1059-1060-1061-205
[2026-08-11 17:41:42.055495] [INFO] [path_server] 노드 업데이트 : [1170] ➜ [1171]
[2026-08-11 17:41:42.115435] [INFO] [path_server] 새로운 경로 설정 : path[1170 ➜ 205] time[0s] dist[30m] list[21] : 1170-1171-1172-1173-1174-1175-1176-1177-1178-1081-1185-1186-1187-1188-1056-1057-1058-1059-1060-1061-205
[2026-08-11 17:41:42.814001] [INFO] [path_server] 노드 업데이트 : [1171] ➜ [1172]
[2026-08-11 17:41:42.913854] [INFO] [path_server] 새로운 경로 설정 : path[1171 ➜ 205] time[0s] dist[28.5m] list[20] : 1171-1172-1173-1174-1175-1176-1177-1178-1081-1185-1186-1187-1188-1056-1057-1058-1059-1060-1061-205
[2026-08-11 17:41:43.572787] [INFO] [path_server] 노드 업데이트 : [1172] ➜ [1173]
[2026-08-11 17:41:43.652654] [INFO] [path_server] 새로운 경로 설정 : path[1172 ➜ 205] time[0s] dist[27m] list[19] : 1172-1173-1174-1175-1176-1177-1178-1081-1185-1186-1187-1188-1056-1057-1058-1059-1060-1061-205
[2026-08-11 17:41:44.311708] [INFO] [path_server] 노드 업데이트 : [1173] ➜ [1174]
[2026-08-11 17:41:44.371665] [INFO] [path_server] 새로운 경로 설정 : path[1173 ➜ 205] time[0s] dist[25.5m] list[18] : 1173-1174-1175-1176-1177-1178-1081-1185-1186-1187-1188-1056-1057-1058-1059-1060-1061-205
[2026-08-11 17:41:45.071529] [INFO] [path_server] 노드 업데이트 : [1174] ➜ [1175]
[2026-08-11 17:41:45.151609] [INFO] [path_server] 새로운 경로 설정 : path[1174 ➜ 205] time[0s] dist[24m] list[17] : 1174-1175-1176-1177-1178-1081-1185-1186-1187-1188-1056-1057-1058-1059-1060-1061-205
[2026-08-11 17:41:45.810257] [INFO] [path_server] 노드 업데이트 : [1175] ➜ [1176]
[2026-08-11 17:41:45.870214] [INFO] [path_server] 새로운 경로 설정 : path[1175 ➜ 205] time[0s] dist[22.5m] list[16] : 1175-1176-1177-1178-1081-1185-1186-1187-1188-1056-1057-1058-1059-1060-1061-205
[2026-08-11 17:41:46.568886] [INFO] [path_server] 노드 업데이트 : [1176] ➜ [1177]
[2026-08-11 17:41:46.648741] [INFO] [path_server] 새로운 경로 설정 : path[1176 ➜ 205] time[0s] dist[21m] list[15] : 1176-1177-1178-1081-1185-1186-1187-1188-1056-1057-1058-1059-1060-1061-205
[2026-08-11 17:41:47.307414] [INFO] [path_server] 노드 업데이트 : [1177] ➜ [1178]
[2026-08-11 17:41:47.367320] [INFO] [path_server] 새로운 경로 설정 : path[1177 ➜ 205] time[0s] dist[19.5m] list[14] : 1177-1178-1081-1185-1186-1187-1188-1056-1057-1058-1059-1060-1061-205
[2026-08-11 17:41:48.066084] [INFO] [path_server] 노드 업데이트 : [1178] ➜ [1081]
[2026-08-11 17:41:48.145950] [INFO] [path_server] 새로운 경로 설정 : path[1178 ➜ 205] time[0s] dist[18m] list[13] : 1178-1081-1185-1186-1187-1188-1056-1057-1058-1059-1060-1061-205
[2026-08-11 17:41:48.804580] [INFO] [path_server] 노드 업데이트 : [1081] ➜ [1185]
[2026-08-11 17:41:48.864494] [INFO] [path_server] 새로운 경로 설정 : path[1081 ➜ 205] time[0s] dist[16.5m] list[12] : 1081-1185-1186-1187-1188-1056-1057-1058-1059-1060-1061-205
[2026-08-11 17:41:50.222041] [INFO] [path_server] 노드 업데이트 : [1185] ➜ [1186]
[2026-08-11 17:41:50.301832] [INFO] [path_server] 새로운 경로 설정 : path[1185 ➜ 205] time[0s] dist[15m] list[11] : 1185-1186-1187-1188-1056-1057-1058-1059-1060-1061-205
[2026-08-11 17:41:53.695404] [INFO] [path_server] 노드 업데이트 : [1186] ➜ [1187]
[2026-08-11 17:41:53.775265] [INFO] [path_server] 새로운 경로 설정 : path[1186 ➜ 205] time[0s] dist[13.5m] list[10] : 1186-1187-1188-1056-1057-1058-1059-1060-1061-205
[2026-08-11 17:41:54.813196] [INFO] [path_server] 노드 업데이트 : [1187] ➜ [1188]
[2026-08-11 17:41:54.893120] [INFO] [path_server] 새로운 경로 설정 : path[1187 ➜ 205] time[0s] dist[12m] list[9] : 1187-1188-1056-1057-1058-1059-1060-1061-205
[2026-08-11 17:41:56.050888] [INFO] [path_server] 노드 업데이트 : [1188] ➜ [1056]
[2026-08-11 17:41:56.110833] [INFO] [path_server] 새로운 경로 설정 : path[1188 ➜ 205] time[0s] dist[10.5m] list[8] : 1188-1056-1057-1058-1059-1060-1061-205
[2026-08-11 17:41:59.325065] [INFO] [path_server] 노드 업데이트 : [1056] ➜ [1057]
[2026-08-11 17:41:59.384979] [INFO] [path_server] 새로운 경로 설정 : path[1056 ➜ 205] time[0s] dist[9m] list[7] : 1056-1057-1058-1059-1060-1061-205
[2026-08-11 17:42:00.482691] [INFO] [path_server] 노드 업데이트 : [1057] ➜ [1058]
[2026-08-11 17:42:00.562621] [INFO] [path_server] 새로운 경로 설정 : path[1057 ➜ 205] time[0s] dist[7.5m] list[6] : 1057-1058-1059-1060-1061-205
[2026-08-11 17:42:01.321159] [INFO] [path_server] 노드 업데이트 : [1058] ➜ [1059]
[2026-08-11 17:42:01.401091] [INFO] [path_server] 새로운 경로 설정 : path[1058 ➜ 205] time[0s] dist[6m] list[5] : 1058-1059-1060-1061-205
[2026-08-11 17:42:02.079924] [INFO] [path_server] 노드 업데이트 : [1059] ➜ [1060]
[2026-08-11 17:42:02.139864] [INFO] [path_server] 새로운 경로 설정 : path[1059 ➜ 205] time[0s] dist[4.5m] list[4] : 1059-1060-1061-205
[2026-08-11 17:42:02.818499] [INFO] [path_server] 노드 업데이트 : [1060] ➜ [1061]
[2026-08-11 17:42:02.898417] [INFO] [path_server] 새로운 경로 설정 : path[1060 ➜ 205] time[0s] dist[3m] list[3] : 1060-1061-205
[2026-08-11 17:42:05.573239] [INFO] [path_server] 노드 업데이트 : [1061] ➜ [205]
[2026-08-11 17:42:05.653148] [INFO] [path_server] 새로운 경로 설정 : path[1061 ➜ 205] time[0s] dist[1.5m] list[2] : 1061-205
[2026-08-11 17:42:09.784893] [INFO] [path_server] 노드 업데이트 : [205] ➜ [-1]
[2026-08-11 17:42:13.537142] [INFO] [path_server] 노드 업데이트 : [205] ➜ [-1]
[2026-08-11 17:42:13.616978] [INFO] [path_server] 경로 삭제
[2026-08-11 17:43:43.873073] [INFO] [path_server] 생성
[2026-08-11 17:43:43.873103] [INFO] [path_server] 경로 삭제
[2026-08-11 17:43:43.874825] [INFO] [path_server] 노드 초기화 성공 : 로봇 좌표[24.511m 16.004m 90.079°] 최단 거리 노드[205] 거리(0.011397m)
[2026-08-11 17:43:51.264625] [INFO] [path_server] 새로운 경로 설정 : path[205 ➜ 102] time[0s] dist[21m] list[15] : 205-1061-1062-1063-1064-1065-40-1067-1068-1069-1070-1071-1072-1073-102
[2026-08-11 17:44:21.689056] [INFO] [path_server] 생성
[2026-08-11 17:44:21.689091] [INFO] [path_server] 경로 삭제
[2026-08-11 17:44:21.690691] [INFO] [path_server] 노드 초기화 성공 : 로봇 좌표[24.500m 24.577m 89.997°] 최단 거리 노드[1049] 거리(0.654703m)
[2026-08-11 17:44:21.730756] [INFO] [path_server] 새로운 경로 설정 : path[205 ➜ 102] time[0s] dist[21m] list[14] : 1061-1062-1063-1064-1065-40-1067-1068-1069-1070-1071-1072-1073-102
[2026-08-11 17:44:21.750697] [INFO] [path_server] 새로운 경로 설정 : path[1049 ➜ 102] time[0s] dist[41.5m] list[28] : 1049-1050-1051-1052-1198-1199-1053-1054-1055-1056-1057-1058-1059-1060-1061-1062-1063-1064-1065-40-1067-1068-1069-1070-1071-1072-1073-102
[2026-08-11 17:45:27.802919] [INFO] [path_server] 생성
[2026-08-11 17:45:27.802956] [INFO] [path_server] 경로 삭제
[2026-08-11 17:45:27.804705] [INFO] [path_server] 노드 초기화 성공 : 로봇 좌표[9.489m 18.997m 90.045°] 최단 거리 노드[104] 거리(0.011735m)
[2026-08-11 17:45:51.335843] [INFO] [path_server] 생성
[2026-08-11 17:45:51.335891] [INFO] [path_server] 경로 삭제
[2026-08-11 17:45:51.337522] [INFO] [path_server] 노드 초기화 성공 : 로봇 좌표[9.489m 18.997m 90.045°] 최단 거리 노드[104] 거리(0.011735m)
[2026-08-11 17:46:06.328114] [INFO] [path_server] 새로운 경로 설정 : path[104 ➜ 204] time[0s] dist[22.5m] list[16] : 104-1071-1072-1073-1074-1075-1076-1159-1158-1157-1160-1161-1162-1163-1164-204
[2026-08-11 17:46:10.200294] [INFO] [path_server] 노드 업데이트 : [1071] ➜ [1072]
[2026-08-11 17:46:10.280204] [INFO] [path_server] 새로운 경로 설정 : path[1071 ➜ 204] time[0s] dist[21m] list[15] : 1071-1072-1073-1074-1075-1076-1159-1158-1157-1160-1161-1162-1163-1164-204
[2026-08-11 17:46:13.773044] [INFO] [path_server] 노드 업데이트 : [1072] ➜ [1073]
[2026-08-11 17:46:13.832937] [INFO] [path_server] 새로운 경로 설정 : path[1072 ➜ 204] time[0s] dist[19.5m] list[14] : 1072-1073-1074-1075-1076-1159-1158-1157-1160-1161-1162-1163-1164-204
[2026-08-11 17:46:14.910688] [INFO] [path_server] 노드 업데이트 : [1073] ➜ [1074]
[2026-08-11 17:46:14.990612] [INFO] [path_server] 새로운 경로 설정 : path[1073 ➜ 204] time[0s] dist[18m] list[13] : 1073-1074-1075-1076-1159-1158-1157-1160-1161-1162-1163-1164-204
[2026-08-11 17:46:15.729254] [INFO] [path_server] 노드 업데이트 : [1074] ➜ [1075]
[2026-08-11 17:46:15.789157] [INFO] [path_server] 새로운 경로 설정 : path[1074 ➜ 204] time[0s] dist[16.5m] list[12] : 1074-1075-1076-1159-1158-1157-1160-1161-1162-1163-1164-204
[2026-08-11 17:46:16.487826] [INFO] [path_server] 노드 업데이트 : [1075] ➜ [1076]
[2026-08-11 17:46:16.567692] [INFO] [path_server] 새로운 경로 설정 : path[1075 ➜ 204] time[0s] dist[15m] list[11] : 1075-1076-1159-1158-1157-1160-1161-1162-1163-1164-204
[2026-08-11 17:46:17.885038] [INFO] [path_server] 노드 업데이트 : [1076] ➜ [1159]
[2026-08-11 17:46:17.945164] [INFO] [path_server] 새로운 경로 설정 : path[1076 ➜ 204] time[0s] dist[13.5m] list[10] : 1076-1159-1158-1157-1160-1161-1162-1163-1164-204
[2026-08-11 17:46:21.358193] [INFO] [path_server] 노드 업데이트 : [1159] ➜ [1158]
[2026-08-11 17:46:21.418096] [INFO] [path_server] 새로운 경로 설정 : path[1159 ➜ 204] time[0s] dist[12m] list[9] : 1159-1158-1157-1160-1161-1162-1163-1164-204
[2026-08-11 17:46:22.455931] [INFO] [path_server] 노드 업데이트 : [1158] ➜ [1157]
[2026-08-11 17:46:22.535833] [INFO] [path_server] 새로운 경로 설정 : path[1158 ➜ 204] time[0s] dist[10.5m] list[8] : 1158-1157-1160-1161-1162-1163-1164-204
[2026-08-11 17:46:23.873114] [INFO] [path_server] 노드 업데이트 : [1157] ➜ [1160]
[2026-08-11 17:46:23.933019] [INFO] [path_server] 새로운 경로 설정 : path[1157 ➜ 204] time[0s] dist[9m] list[7] : 1157-1160-1161-1162-1163-1164-204
[2026-08-11 17:46:27.326990] [INFO] [path_server] 노드 업데이트 : [1160] ➜ [1161]
[2026-08-11 17:46:27.386894] [INFO] [path_server] 새로운 경로 설정 : path[1160 ➜ 204] time[0s] dist[7.5m] list[6] : 1160-1161-1162-1163-1164-204
[2026-08-11 17:46:28.424742] [INFO] [path_server] 노드 업데이트 : [1161] ➜ [1162]
[2026-08-11 17:46:28.504652] [INFO] [path_server] 새로운 경로 설정 : path[1161 ➜ 204] time[0s] dist[6m] list[5] : 1161-1162-1163-1164-204
[2026-08-11 17:46:29.243174] [INFO] [path_server] 노드 업데이트 : [1162] ➜ [1163]
[2026-08-11 17:46:29.303075] [INFO] [path_server] 새로운 경로 설정 : path[1162 ➜ 204] time[0s] dist[4.5m] list[4] : 1162-1163-1164-204
[2026-08-11 17:46:29.981836] [INFO] [path_server] 노드 업데이트 : [1163] ➜ [1164]
[2026-08-11 17:46:30.061714] [INFO] [path_server] 새로운 경로 설정 : path[1163 ➜ 204] time[0s] dist[3m] list[3] : 1163-1164-204
[2026-08-11 17:46:32.736447] [INFO] [path_server] 노드 업데이트 : [1164] ➜ [204]
[2026-08-11 17:46:32.816366] [INFO] [path_server] 새로운 경로 설정 : path[1164 ➜ 204] time[0s] dist[1.5m] list[2] : 1164-204
[2026-08-11 17:46:36.928877] [INFO] [path_server] 노드 업데이트 : [204] ➜ [-1]
[2026-08-11 17:46:40.722020] [INFO] [path_server] 노드 업데이트 : [204] ➜ [-1]
[2026-08-11 17:46:40.781906] [INFO] [path_server] 경로 삭제
[2026-08-11 17:50:10.545754] [INFO] [path_server] 생성
[2026-08-11 17:50:10.545781] [INFO] [path_server] 경로 삭제
[2026-08-11 17:50:10.547234] [INFO] [path_server] 노드 초기화 성공 : 로봇 좌표[9.489m 14.496m -89.918°] 최단 거리 노드[204] 거리(0.011857m)
[2026-08-11 17:53:44.741136] [INFO] [path_server] 새로운 경로 설정 : path[204 ➜ 105] time[0s] dist[16.5m] list[12] : 204-1164-1165-1166-1167-1168-41-1170-1171-1172-1173-105
[2026-08-11 17:53:46.916712] [INFO] [path_server] 노드 업데이트 : [1164] ➜ [1165]
[2026-08-11 17:53:46.976596] [INFO] [path_server] 새로운 경로 설정 : path[1164 ➜ 105] time[0s] dist[15m] list[11] : 1164-1165-1166-1167-1168-41-1170-1171-1172-1173-105
[2026-08-11 17:53:50.269996] [INFO] [path_server] 노드 업데이트 : [1165] ➜ [1166]
[2026-08-11 17:53:50.329930] [INFO] [path_server] 새로운 경로 설정 : path[1165 ➜ 105] time[0s] dist[13.5m] list[10] : 1165-1166-1167-1168-41-1170-1171-1172-1173-105
[2026-08-11 17:53:51.407664] [INFO] [path_server] 노드 업데이트 : [1166] ➜ [1167]
[2026-08-11 17:53:51.467581] [INFO] [path_server] 새로운 경로 설정 : path[1166 ➜ 105] time[0s] dist[12m] list[9] : 1166-1167-1168-41-1170-1171-1172-1173-105
[2026-08-11 17:53:52.226117] [INFO] [path_server] 노드 업데이트 : [1167] ➜ [1168]
[2026-08-11 17:53:52.286097] [INFO] [path_server] 새로운 경로 설정 : path[1167 ➜ 105] time[0s] dist[10.5m] list[8] : 1167-1168-41-1170-1171-1172-1173-105
[2026-08-11 17:53:52.984850] [INFO] [path_server] 노드 업데이트 : [1168] ➜ [41]
[2026-08-11 17:53:53.064748] [INFO] [path_server] 새로운 경로 설정 : path[1168 ➜ 105] time[0s] dist[9m] list[7] : 1168-41-1170-1171-1172-1173-105
[2026-08-11 17:53:53.743584] [INFO] [path_server] 노드 업데이트 : [41] ➜ [1170]
[2026-08-11 17:53:53.823533] [INFO] [path_server] 새로운 경로 설정 : path[41 ➜ 105] time[0s] dist[7.5m] list[6] : 41-1170-1171-1172-1173-105
[2026-08-11 17:53:54.482212] [INFO] [path_server] 노드 업데이트 : [1170] ➜ [1171]
[2026-08-11 17:53:54.562080] [INFO] [path_server] 새로운 경로 설정 : path[1170 ➜ 105] time[0s] dist[6m] list[5] : 1170-1171-1172-1173-105
[2026-08-11 17:53:55.240659] [INFO] [path_server] 노드 업데이트 : [1171] ➜ [1172]
[2026-08-11 17:53:55.320571] [INFO] [path_server] 새로운 경로 설정 : path[1171 ➜ 105] time[0s] dist[4.5m] list[4] : 1171-1172-1173-105
[2026-08-11 17:53:55.979273] [INFO] [path_server] 노드 업데이트 : [1172] ➜ [1173]
[2026-08-11 17:53:56.059140] [INFO] [path_server] 새로운 경로 설정 : path[1172 ➜ 105] time[0s] dist[3m] list[3] : 1172-1173-105
[2026-08-11 17:53:57.316580] [INFO] [path_server] 노드 업데이트 : [1173] ➜ [105]
[2026-08-11 17:53:57.376481] [INFO] [path_server] 새로운 경로 설정 : path[1173 ➜ 105] time[0s] dist[1.5m] list[2] : 1173-105
[2026-08-11 17:54:01.288731] [INFO] [path_server] 노드 업데이트 : [105] ➜ [-1]
[2026-08-11 17:54:05.121495] [INFO] [path_server] 노드 업데이트 : [105] ➜ [-1]
[2026-08-11 17:54:51.312059] [INFO] [path_server] 경로 삭제
[2026-08-11 17:54:51.352105] [INFO] [path_server] 경로 삭제
[2026-08-11 17:56:05.172066] [INFO] [path_server] 경로 삭제
[2026-08-11 17:56:05.212027] [INFO] [path_server] 경로 삭제
[2026-08-11 17:57:19.003043] [INFO] [path_server] 경로 삭제
[2026-08-11 17:57:19.022992] [INFO] [path_server] 경로 삭제
