[2026-08-11 16:38:01.968880] [INFO] [framework] 프로그램 시작
[2026-08-11 16:38:01.968885] [WARNING] [framework] 프로그램 시작
[2026-08-11 16:38:01.968887] [CRITICAL] [framework] 프로그램 시작
[2026-08-11 16:38:01.968888] [INFO] [framework] 설정 파일 위치 : ../configs/robot_10
[2026-08-11 16:38:01.968989] [INFO] [framework] ID[0, 10], 이름[전시입], 제어주기[20ms], 버젼[], 장소[우리집], 환경모드[simulation]
[2026-08-11 16:38:01.969038] [INFO] [mediator] 생성
[2026-08-11 16:38:01.969068] [INFO] [graph_manager] 생성
[2026-08-11 16:38:01.993948] [INFO] [stop_server] 생성
[2026-08-11 16:38:01.993993] [INFO] [health_monitor] 생성
[2026-08-11 16:38:01.994035] [INFO] [path_server] 생성
[2026-08-11 16:38:01.994063] [INFO] [course_manager] 생성
[2026-08-11 16:38:01.994097] [INFO] [task::fsm] 생성
[2026-08-11 16:38:01.994100] [INFO] [course_manager] 코스 삭제
[2026-08-11 16:38:01.994098] [INFO] [task::fsm] idle
[2026-08-11 16:38:01.994101] [INFO] [path_server] 경로 삭제
[2026-08-11 16:38:01.994132] [INFO] [task_manager] 생성
[2026-08-11 16:38:01.994229] [INFO] [mediator] connectors 생성
[2026-08-11 16:38:01.994272] [INFO] [fms] 생성
[2026-08-11 16:38:01.994273] [INFO] [fms] 통신 드라이버 생성
[2026-08-11 16:38:01.994556] [INFO] [motions] 생성
[2026-08-11 16:38:01.994592] [INFO] [localizers] 생성
[2026-08-11 16:38:01.994676] [INFO] [localizers] 파라미터 : 

[2026-08-11 16:38:01.994709] [INFO] [safety_plc] 생성
[2026-08-11 16:38:01.994755] [INFO] [load_handler] 생성
[2026-08-11 16:38:01.994784] [INFO] [power_system] 생성
[2026-08-11 16:38:01.994886] [INFO] [power_system] 설정 정보 : remaining[40%, 10%, 5%]
[2026-08-11 16:38:01.995266] [INFO] [power_system] 알람 목록 : 
 • [100015, 100001] [INFO] 자동 충전 시작.
 • [100015, 100002] [INFO] 배터리 가득.
 • [100015, 400001] [CRIT] 배터리 남은 양 - 위험
 • [100015, 300001] [ERROR] 배터리 남은 양 - 에러
 • [100015, 200001] [WARN] 배터리 남은 양 - 주의
 • [100015, 100004] [INFO] 자동 충전 해제 완료.
 • [100015, 100003] [INFO] 자동 충전 해제 시작.
[2026-08-11 16:38:01.995269] [INFO] [mediator] connector 의존성 주입
[2026-08-11 16:38:01.995278] [INFO] [mediator] any map 등록
[2026-08-11 16:38:01.995287] [INFO] [mediator] any collector 등록
[2026-08-11 16:38:01.995290] [INFO] [mediator] any collector 목록 검사
[2026-08-11 16:38:01.995341] [INFO] [framework] after init 실행
[2026-08-11 16:38:01.995776] [INFO] [course_tracker] 생성
[2026-08-11 16:38:01.995799] [INFO] [course_tracker] 파라미터 : 
◈ node_bound[0.020m, 0.150m, 0.005m]
 • approach[0.150m, 0.050m/s, -0.005m, -0.200m, 0.100m]
 • align[(10.000°, 5.000°/s), 50.000°, 30.000°/s), 0.800°, -0.100°]
◈ motion param : 
 • reference_angle[0.000°, 45.000°]
 • threshold_angle[15.000°, 20.000°, 170.000°]
 • threshold_error[0.300°, 5.000°]
 • normal[0.150m/s, 8.000, 0.800m/s, 0.500]
 • angle[0.150m/s, 1.500, 0.800m/s, 2.100]
 • protection_overshoot[0.100m/s, 0.900, 0.500m/s, 0.900]
 • speed_rotation[15.000°/s]
[2026-08-11 16:38:01.995987] [INFO] [framework] 제어 쓰레드 시작
[2026-08-11 16:38:01.996039] [INFO] [path_server] 노드 초기화 성공 : 로봇 좌표[1.003m 4.002m 179.329°] 최단 거리 노드[204] 거리(0.003553m)
[2026-08-11 16:39:32.035660] [INFO] [health_monitor] [등록][100015, 200001] : 배터리 남은 양 - 주의
[2026-08-11 16:40:31.639385] [INFO] [framework] 프로그램 시작
[2026-08-11 16:40:31.639389] [WARNING] [framework] 프로그램 시작
[2026-08-11 16:40:31.639392] [INFO] [framework] 설정 파일 위치 : ../configs/robot_10
[2026-08-11 16:40:31.639392] [CRITICAL] [framework] 프로그램 시작
[2026-08-11 16:45:49.987991] [INFO] [framework] 프로그램 시작
[2026-08-11 16:45:49.987994] [WARNING] [framework] 프로그램 시작
[2026-08-11 16:45:49.987998] [INFO] [framework] 설정 파일 위치 : ../configs/robot_10
[2026-08-11 16:45:49.987997] [CRITICAL] [framework] 프로그램 시작
[2026-08-11 16:45:49.988119] [INFO] [framework] ID[0, 10], 이름[전시입], 제어주기[20ms], 버젼[], 장소[우리집], 환경모드[simulation]
[2026-08-11 16:45:49.988142] [INFO] [mediator] 생성
[2026-08-11 16:45:49.988159] [INFO] [graph_manager] 생성
[2026-08-11 16:45:50.013711] [INFO] [stop_server] 생성
[2026-08-11 16:45:50.013742] [INFO] [health_monitor] 생성
[2026-08-11 16:45:50.013762] [INFO] [path_server] 생성
[2026-08-11 16:45:50.013779] [INFO] [course_manager] 생성
[2026-08-11 16:45:50.013794] [INFO] [task::fsm] 생성
[2026-08-11 16:45:50.013795] [INFO] [task::fsm] idle
[2026-08-11 16:45:50.013797] [INFO] [course_manager] 코스 삭제
[2026-08-11 16:45:50.013797] [INFO] [path_server] 경로 삭제
[2026-08-11 16:45:50.013811] [INFO] [task_manager] 생성
[2026-08-11 16:45:50.013918] [INFO] [mediator] connectors 생성
[2026-08-11 16:45:50.013934] [INFO] [fms] 생성
[2026-08-11 16:45:50.013935] [INFO] [fms] 통신 드라이버 생성
[2026-08-11 16:45:50.014211] [INFO] [motions] 생성
[2026-08-11 16:45:50.014234] [INFO] [localizers] 생성
[2026-08-11 16:45:50.014327] [INFO] [localizers] 파라미터 : 

[2026-08-11 16:45:50.014345] [INFO] [safety_plc] 생성
[2026-08-11 16:45:50.014361] [INFO] [load_handler] 생성
[2026-08-11 16:45:50.014376] [INFO] [power_system] 생성
[2026-08-11 16:45:50.014480] [INFO] [power_system] 설정 정보 : remaining[40%, 10%, 5%]
[2026-08-11 16:45:50.014950] [INFO] [power_system] 알람 목록 : 
 • [100015, 100001] [INFO] 자동 충전 시작.
 • [100015, 100002] [INFO] 배터리 가득.
 • [100015, 400001] [CRIT] 배터리 남은 양 - 위험
 • [100015, 300001] [ERROR] 배터리 남은 양 - 에러
 • [100015, 200001] [WARN] 배터리 남은 양 - 주의
 • [100015, 100004] [INFO] 자동 충전 해제 완료.
 • [100015, 100003] [INFO] 자동 충전 해제 시작.
[2026-08-11 16:45:50.014954] [INFO] [mediator] connector 의존성 주입
[2026-08-11 16:45:50.014962] [INFO] [mediator] any map 등록
[2026-08-11 16:45:50.014970] [INFO] [mediator] any collector 등록
[2026-08-11 16:45:50.014974] [INFO] [mediator] any collector 목록 검사
[2026-08-11 16:45:50.015014] [INFO] [framework] after init 실행
[2026-08-11 16:45:50.015250] [INFO] [course_tracker] 생성
[2026-08-11 16:45:50.015264] [INFO] [course_tracker] 파라미터 : 
◈ node_bound[0.020m, 0.150m, 0.005m]
 • approach[0.150m, 0.050m/s, -0.005m, -0.200m, 0.100m]
 • align[(10.000°, 5.000°/s), 50.000°, 30.000°/s), 0.800°, -0.100°]
◈ motion param : 
 • reference_angle[0.000°, 45.000°]
 • threshold_angle[15.000°, 20.000°, 170.000°]
 • threshold_error[0.300°, 5.000°]
 • normal[0.150m/s, 8.000, 0.800m/s, 0.500]
 • angle[0.150m/s, 1.500, 0.800m/s, 2.100]
 • protection_overshoot[0.100m/s, 0.900, 0.500m/s, 0.900]
 • speed_rotation[15.000°/s]
[2026-08-11 16:45:50.015267] [INFO] [framework] 제어 쓰레드 시작
[2026-08-11 16:45:50.015298] [INFO] [path_server] 노드 초기화 성공 : 로봇 좌표[5.504m 6.998m -179.385°] 최단 거리 노드[102] 거리(0.004241m)
[2026-08-11 16:45:50.135108] [INFO] [task::fsm] charging
[2026-08-11 16:45:50.135117] [INFO] [power_system] 충전 프로세스 시작
[2026-08-11 16:45:50.135148] [INFO] [health_monitor] [등록][100015, 100001] : 자동 충전 시작.
[2026-08-11 16:45:55.145098] [INFO] [health_monitor] [삭제][100015, 100001] : 자동 충전 시작.
[2026-08-11 16:46:07.860743] [INFO] [power_system] 충전 완료
[2026-08-11 16:46:07.860763] [INFO] [health_monitor] [등록][100015, 100003] : 자동 충전 해제 시작.
[2026-08-11 16:46:07.860759] [INFO] [health_monitor] [등록][100015, 100002] : 배터리 가득.
[2026-08-11 16:46:09.118374] [INFO] [path_server] 새로운 경로 설정 : path[102 ➜ 1024] time[0s] dist[24m] list[17] : 102-1183-1184-1045-1046-1047-1048-1001-1002-1003-1004-1005-1006-1021-1022-1023-1024
[2026-08-11 16:46:09.118386] [INFO] [course_tracker] 방향 정렬 완료 
[2026-08-11 16:46:12.871419] [INFO] [health_monitor] [삭제][100015, 100002] : 배터리 가득.
[2026-08-11 16:46:12.871423] [INFO] [health_monitor] [삭제][100015, 100003] : 자동 충전 해제 시작.
[2026-08-11 16:46:16.286332] [INFO] [path_server] 노드 업데이트 : [1183] ➜ [1184]
[2026-08-11 16:46:16.346246] [INFO] [path_server] 새로운 경로 설정 : path[1183 ➜ 1024] time[0s] dist[22.5m] list[16] : 1183-1184-1045-1046-1047-1048-1001-1002-1003-1004-1005-1006-1021-1022-1023-1024
[2026-08-11 16:46:19.919293] [INFO] [path_server] 노드 업데이트 : [1184] ➜ [1045]
[2026-08-11 16:46:19.999173] [INFO] [path_server] 새로운 경로 설정 : path[1184 ➜ 1024] time[0s] dist[21m] list[15] : 1184-1045-1046-1047-1048-1001-1002-1003-1004-1005-1006-1021-1022-1023-1024
[2026-08-11 16:46:21.256644] [INFO] [path_server] 노드 업데이트 : [1045] ➜ [1046]
[2026-08-11 16:46:21.316538] [INFO] [path_server] 새로운 경로 설정 : path[1045 ➜ 1024] time[0s] dist[19.5m] list[14] : 1045-1046-1047-1048-1001-1002-1003-1004-1005-1006-1021-1022-1023-1024
[2026-08-11 16:46:24.591407] [INFO] [path_server] 노드 업데이트 : [1046] ➜ [1047]
[2026-08-11 16:46:24.671285] [INFO] [path_server] 새로운 경로 설정 : path[1046 ➜ 1024] time[0s] dist[18m] list[13] : 1046-1047-1048-1001-1002-1003-1004-1005-1006-1021-1022-1023-1024
[2026-08-11 16:46:25.709355] [INFO] [path_server] 노드 업데이트 : [1047] ➜ [1048]
[2026-08-11 16:46:25.789270] [INFO] [path_server] 새로운 경로 설정 : path[1047 ➜ 1024] time[0s] dist[16.5m] list[12] : 1047-1048-1001-1002-1003-1004-1005-1006-1021-1022-1023-1024
[2026-08-11 16:46:26.527920] [INFO] [path_server] 노드 업데이트 : [1048] ➜ [1001]
[2026-08-11 16:46:26.607833] [INFO] [path_server] 새로운 경로 설정 : path[1048 ➜ 1024] time[0s] dist[15m] list[11] : 1048-1001-1002-1003-1004-1005-1006-1021-1022-1023-1024
[2026-08-11 16:46:27.286524] [INFO] [path_server] 노드 업데이트 : [1001] ➜ [1002]
[2026-08-11 16:46:27.346428] [INFO] [path_server] 새로운 경로 설정 : path[1001 ➜ 1024] time[0s] dist[13.5m] list[10] : 1001-1002-1003-1004-1005-1006-1021-1022-1023-1024
[2026-08-11 16:46:28.045248] [INFO] [path_server] 노드 업데이트 : [1002] ➜ [1003]
[2026-08-11 16:46:28.125143] [INFO] [path_server] 새로운 경로 설정 : path[1002 ➜ 1024] time[0s] dist[12m] list[9] : 1002-1003-1004-1005-1006-1021-1022-1023-1024
[2026-08-11 16:46:28.783888] [INFO] [path_server] 노드 업데이트 : [1003] ➜ [1004]
[2026-08-11 16:46:28.843798] [INFO] [path_server] 새로운 경로 설정 : path[1003 ➜ 1024] time[0s] dist[10.5m] list[8] : 1003-1004-1005-1006-1021-1022-1023-1024
[2026-08-11 16:46:29.542572] [INFO] [path_server] 노드 업데이트 : [1004] ➜ [1005]
[2026-08-11 16:46:29.622395] [INFO] [path_server] 새로운 경로 설정 : path[1004 ➜ 1024] time[0s] dist[9m] list[7] : 1004-1005-1006-1021-1022-1023-1024
[2026-08-11 16:46:30.281243] [INFO] [path_server] 노드 업데이트 : [1005] ➜ [1006]
[2026-08-11 16:46:30.341127] [INFO] [path_server] 새로운 경로 설정 : path[1005 ➜ 1024] time[0s] dist[7.5m] list[6] : 1005-1006-1021-1022-1023-1024
[2026-08-11 16:46:31.039864] [INFO] [path_server] 노드 업데이트 : [1006] ➜ [1021]
[2026-08-11 16:46:31.119721] [INFO] [path_server] 새로운 경로 설정 : path[1006 ➜ 1024] time[0s] dist[6m] list[5] : 1006-1021-1022-1023-1024
[2026-08-11 16:46:31.778551] [INFO] [path_server] 노드 업데이트 : [1021] ➜ [1022]
[2026-08-11 16:46:31.838478] [INFO] [path_server] 새로운 경로 설정 : path[1021 ➜ 1024] time[0s] dist[4.5m] list[4] : 1021-1022-1023-1024
[2026-08-11 16:46:32.537140] [INFO] [path_server] 노드 업데이트 : [1022] ➜ [1023]
[2026-08-11 16:46:32.617069] [INFO] [path_server] 새로운 경로 설정 : path[1022 ➜ 1024] time[0s] dist[3m] list[3] : 1022-1023-1024
[2026-08-11 16:46:33.295627] [INFO] [path_server] 노드 업데이트 : [1023] ➜ [1024]
[2026-08-11 16:46:33.375526] [INFO] [path_server] 새로운 경로 설정 : path[1023 ➜ 1024] time[0s] dist[1.5m] list[2] : 1023-1024
[2026-08-11 16:46:35.511617] [INFO] [path_server] 노드 업데이트 : [1024] ➜ [-1]
[2026-08-11 16:46:38.406285] [INFO] [course_tracker] 목적지에서 각도 정렬 : [26.500m 10.000m 0.000°]
[2026-08-11 16:46:38.446112] [INFO] [path_server] 노드 업데이트 : [1024] ➜ [-1]
[2026-08-11 16:46:38.466105] [INFO] [task::fsm] push_done
[2026-08-11 16:46:38.525990] [INFO] [course_manager] 코스 삭제
[2026-08-11 16:46:38.525984] [INFO] [task::fsm] idle
[2026-08-11 16:46:38.525992] [INFO] [path_server] 경로 삭제
[2026-08-11 16:46:43.617686] [INFO] [path_server] 새로운 경로 설정 : path[1024 ➜ 207] time[0s] dist[15m] list[11] : 1024-1025-1026-1027-1028-1148-1077-1078-1079-1080-207
[2026-08-11 16:46:45.953595] [INFO] [path_server] 노드 업데이트 : [1025] ➜ [1026]
[2026-08-11 16:46:46.013515] [INFO] [path_server] 새로운 경로 설정 : path[1025 ➜ 207] time[0s] dist[13.5m] list[10] : 1025-1026-1027-1028-1148-1077-1078-1079-1080-207
[2026-08-11 16:46:47.011855] [INFO] [path_server] 노드 업데이트 : [1026] ➜ [1027]
[2026-08-11 16:46:47.091796] [INFO] [path_server] 새로운 경로 설정 : path[1026 ➜ 207] time[0s] dist[12m] list[9] : 1026-1027-1028-1148-1077-1078-1079-1080-207
[2026-08-11 16:46:47.810354] [INFO] [path_server] 노드 업데이트 : [1027] ➜ [1028]
[2026-08-11 16:46:47.870262] [INFO] [path_server] 새로운 경로 설정 : path[1027 ➜ 207] time[0s] dist[10.5m] list[8] : 1027-1028-1148-1077-1078-1079-1080-207
[2026-08-11 16:46:48.568913] [INFO] [path_server] 노드 업데이트 : [1028] ➜ [1148]
[2026-08-11 16:46:48.648807] [INFO] [path_server] 새로운 경로 설정 : path[1028 ➜ 207] time[0s] dist[9m] list[7] : 1028-1148-1077-1078-1079-1080-207
[2026-08-11 16:46:49.866449] [INFO] [path_server] 노드 업데이트 : [1148] ➜ [1077]
[2026-08-11 16:46:49.946408] [INFO] [path_server] 새로운 경로 설정 : path[1148 ➜ 207] time[0s] dist[7.5m] list[6] : 1148-1077-1078-1079-1080-207
[2026-08-11 16:46:53.220568] [INFO] [path_server] 노드 업데이트 : [1077] ➜ [1078]
[2026-08-11 16:46:53.300475] [INFO] [path_server] 새로운 경로 설정 : path[1077 ➜ 207] time[0s] dist[6m] list[5] : 1077-1078-1079-1080-207
[2026-08-11 16:46:54.358521] [INFO] [path_server] 노드 업데이트 : [1078] ➜ [1079]
[2026-08-11 16:46:54.438464] [INFO] [path_server] 새로운 경로 설정 : path[1078 ➜ 207] time[0s] dist[4.5m] list[4] : 1078-1079-1080-207
[2026-08-11 16:46:55.177149] [INFO] [path_server] 노드 업데이트 : [1079] ➜ [1080]
[2026-08-11 16:46:55.237049] [INFO] [path_server] 새로운 경로 설정 : path[1079 ➜ 207] time[0s] dist[3m] list[3] : 1079-1080-207
[2026-08-11 16:46:56.514422] [INFO] [path_server] 노드 업데이트 : [1080] ➜ [207]
[2026-08-11 16:46:56.594356] [INFO] [path_server] 새로운 경로 설정 : path[1080 ➜ 207] time[0s] dist[1.5m] list[2] : 1080-207
[2026-08-11 16:47:01.744377] [INFO] [path_server] 노드 업데이트 : [207] ➜ [-1]
[2026-08-11 16:47:04.639183] [INFO] [course_tracker] 목적지에서 각도 정렬 : [35.500m 16.000m 0.000°]
[2026-08-11 16:47:04.679145] [INFO] [path_server] 노드 업데이트 : [207] ➜ [-1]
[2026-08-11 16:47:04.699051] [INFO] [task::fsm] push_done
[2026-08-11 16:47:04.739015] [INFO] [task::fsm] idle
[2026-08-11 16:47:04.739023] [INFO] [path_server] 경로 삭제
[2026-08-11 16:47:04.739021] [INFO] [course_manager] 코스 삭제
[2026-08-11 16:47:42.771791] [INFO] [framework] 프로그램 시작
[2026-08-11 16:47:42.771796] [WARNING] [framework] 프로그램 시작
[2026-08-11 16:47:42.771801] [INFO] [framework] 설정 파일 위치 : ../configs/robot_10
[2026-08-11 16:47:42.771800] [CRITICAL] [framework] 프로그램 시작
[2026-08-11 16:49:24.400075] [INFO] [framework] 프로그램 시작
[2026-08-11 16:49:24.400078] [WARNING] [framework] 프로그램 시작
[2026-08-11 16:49:24.400082] [INFO] [framework] 설정 파일 위치 : ../configs/robot_10
[2026-08-11 16:49:24.400081] [CRITICAL] [framework] 프로그램 시작
[2026-08-11 16:49:24.400199] [INFO] [framework] ID[0, 10], 이름[전시입], 제어주기[20ms], 버젼[], 장소[우리집], 환경모드[simulation]
[2026-08-11 16:49:24.400219] [INFO] [mediator] 생성
[2026-08-11 16:49:24.400238] [INFO] [graph_manager] 생성
[2026-08-11 16:49:24.425106] [INFO] [stop_server] 생성
[2026-08-11 16:49:24.425137] [INFO] [health_monitor] 생성
[2026-08-11 16:49:24.425154] [INFO] [path_server] 생성
[2026-08-11 16:49:24.425170] [INFO] [course_manager] 생성
[2026-08-11 16:49:24.425182] [INFO] [task::fsm] 생성
[2026-08-11 16:49:24.425183] [INFO] [task::fsm] idle
[2026-08-11 16:49:24.425185] [INFO] [path_server] 경로 삭제
[2026-08-11 16:49:24.425185] [INFO] [course_manager] 코스 삭제
[2026-08-11 16:49:24.425199] [INFO] [task_manager] 생성
[2026-08-11 16:49:24.425304] [INFO] [mediator] connectors 생성
[2026-08-11 16:49:24.425321] [INFO] [fms] 생성
[2026-08-11 16:49:24.425322] [INFO] [fms] 통신 드라이버 생성
[2026-08-11 16:49:24.425593] [INFO] [motions] 생성
[2026-08-11 16:49:24.425613] [INFO] [localizers] 생성
[2026-08-11 16:49:24.425696] [INFO] [localizers] 파라미터 : 

[2026-08-11 16:49:24.425715] [INFO] [safety_plc] 생성
[2026-08-11 16:49:24.425735] [INFO] [load_handler] 생성
[2026-08-11 16:49:24.425753] [INFO] [power_system] 생성
[2026-08-11 16:49:24.425854] [INFO] [power_system] 설정 정보 : remaining[40%, 10%, 5%]
[2026-08-11 16:49:24.426242] [INFO] [power_system] 알람 목록 : 
 • [100015, 100001] [INFO] 자동 충전 시작.
 • [100015, 100002] [INFO] 배터리 가득.
 • [100015, 400001] [CRIT] 배터리 남은 양 - 위험
 • [100015, 300001] [ERROR] 배터리 남은 양 - 에러
 • [100015, 200001] [WARN] 배터리 남은 양 - 주의
 • [100015, 100004] [INFO] 자동 충전 해제 완료.
 • [100015, 100003] [INFO] 자동 충전 해제 시작.
[2026-08-11 16:49:24.426245] [INFO] [mediator] connector 의존성 주입
[2026-08-11 16:49:24.426252] [INFO] [mediator] any map 등록
[2026-08-11 16:49:24.426259] [INFO] [mediator] any collector 등록
[2026-08-11 16:49:24.426263] [INFO] [mediator] any collector 목록 검사
[2026-08-11 16:49:24.426306] [INFO] [framework] after init 실행
[2026-08-11 16:49:24.426677] [INFO] [course_tracker] 생성
[2026-08-11 16:49:24.426701] [INFO] [course_tracker] 파라미터 : 
◈ node_bound[0.020m, 0.150m, 0.005m]
 • approach[0.150m, 0.050m/s, -0.005m, -0.200m, 0.100m]
 • align[(10.000°, 5.000°/s), 50.000°, 30.000°/s), 0.800°, -0.100°]
◈ motion param : 
 • reference_angle[0.000°, 45.000°]
 • threshold_angle[15.000°, 20.000°, 170.000°]
 • threshold_error[0.300°, 5.000°]
 • normal[0.150m/s, 8.000, 0.800m/s, 0.500]
 • angle[0.150m/s, 1.500, 0.800m/s, 2.100]
 • protection_overshoot[0.100m/s, 0.900, 0.500m/s, 0.900]
 • speed_rotation[15.000°/s]
[2026-08-11 16:49:24.426705] [INFO] [framework] 제어 쓰레드 시작
[2026-08-11 16:49:24.426769] [INFO] [path_server] 노드 초기화 성공 : 로봇 좌표[35.496m 15.999m -0.700°] 최단 거리 노드[207] 거리(0.004228m)
[2026-08-11 16:49:29.537127] [INFO] [path_server] 새로운 경로 설정 : path[207 ➜ 108] time[0s] dist[37.5m] list[26] : 207-1080-1081-1082-1083-1084-1085-1086-1173-1174-1175-1176-1177-1178-1030-1031-1032-1033-1034-1007-1167-1168-1169-1170-1171-108
[2026-08-11 16:49:29.537150] [INFO] [course_tracker] 방향 정렬 완료 
[2026-08-11 16:49:46.496561] [INFO] [framework] 프로그램 시작
[2026-08-11 16:49:46.496564] [WARNING] [framework] 프로그램 시작
[2026-08-11 16:49:46.496565] [CRITICAL] [framework] 프로그램 시작
[2026-08-11 16:49:46.496566] [INFO] [framework] 설정 파일 위치 : ../configs/robot_10
[2026-08-11 16:49:58.397378] [INFO] [framework] 프로그램 시작
[2026-08-11 16:49:58.397384] [WARNING] [framework] 프로그램 시작
[2026-08-11 16:49:58.397385] [INFO] [framework] 설정 파일 위치 : ../configs/robot_10
[2026-08-11 16:49:58.397385] [CRITICAL] [framework] 프로그램 시작
[2026-08-11 16:49:58.397534] [INFO] [framework] ID[0, 10], 이름[전시입], 제어주기[20ms], 버젼[], 장소[우리집], 환경모드[simulation]
[2026-08-11 16:49:58.397564] [INFO] [mediator] 생성
[2026-08-11 16:49:58.397608] [INFO] [graph_manager] 생성
[2026-08-11 16:49:58.427834] [INFO] [stop_server] 생성
[2026-08-11 16:49:58.427862] [INFO] [health_monitor] 생성
[2026-08-11 16:49:58.427878] [INFO] [path_server] 생성
[2026-08-11 16:49:58.427890] [INFO] [course_manager] 생성
[2026-08-11 16:49:58.427904] [INFO] [task::fsm] 생성
[2026-08-11 16:49:58.427905] [INFO] [task::fsm] idle
[2026-08-11 16:49:58.427907] [INFO] [path_server] 경로 삭제
[2026-08-11 16:49:58.427906] [INFO] [course_manager] 코스 삭제
[2026-08-11 16:49:58.427920] [INFO] [task_manager] 생성
[2026-08-11 16:49:58.428013] [INFO] [mediator] connectors 생성
[2026-08-11 16:49:58.428029] [INFO] [fms] 생성
[2026-08-11 16:49:58.428030] [INFO] [fms] 통신 드라이버 생성
[2026-08-11 16:49:58.428285] [INFO] [motions] 생성
[2026-08-11 16:49:58.428303] [INFO] [localizers] 생성
[2026-08-11 16:49:58.428385] [INFO] [localizers] 파라미터 : 

[2026-08-11 16:49:58.428402] [INFO] [safety_plc] 생성
[2026-08-11 16:49:58.428415] [INFO] [load_handler] 생성
[2026-08-11 16:49:58.428428] [INFO] [power_system] 생성
[2026-08-11 16:49:58.428531] [INFO] [power_system] 설정 정보 : remaining[40%, 10%, 5%]
[2026-08-11 16:49:58.428928] [INFO] [power_system] 알람 목록 : 
 • [100015, 100001] [INFO] 자동 충전 시작.
 • [100015, 100002] [INFO] 배터리 가득.
 • [100015, 400001] [CRIT] 배터리 남은 양 - 위험
 • [100015, 300001] [ERROR] 배터리 남은 양 - 에러
 • [100015, 200001] [WARN] 배터리 남은 양 - 주의
 • [100015, 100004] [INFO] 자동 충전 해제 완료.
 • [100015, 100003] [INFO] 자동 충전 해제 시작.
[2026-08-11 16:49:58.428932] [INFO] [mediator] connector 의존성 주입
[2026-08-11 16:49:58.428935] [INFO] [mediator] any map 등록
[2026-08-11 16:49:58.428943] [INFO] [mediator] any collector 등록
[2026-08-11 16:49:58.428947] [INFO] [mediator] any collector 목록 검사
[2026-08-11 16:49:58.429007] [INFO] [framework] after init 실행
[2026-08-11 16:49:58.429370] [INFO] [course_tracker] 생성
[2026-08-11 16:49:58.429386] [INFO] [course_tracker] 파라미터 : 
◈ node_bound[0.020m, 0.150m, 0.005m]
 • approach[0.150m, 0.050m/s, -0.005m, -0.200m, 0.100m]
 • align[(10.000°, 5.000°/s), 50.000°, 30.000°/s), 0.800°, -0.100°]
◈ motion param : 
 • reference_angle[0.000°, 45.000°]
 • threshold_angle[15.000°, 20.000°, 170.000°]
 • threshold_error[0.300°, 5.000°]
 • normal[0.150m/s, 8.000, 0.800m/s, 0.500]
 • angle[0.150m/s, 1.500, 0.800m/s, 2.100]
 • protection_overshoot[0.100m/s, 0.900, 0.500m/s, 0.900]
 • speed_rotation[15.000°/s]
[2026-08-11 16:49:58.429389] [INFO] [framework] 제어 쓰레드 시작
[2026-08-11 16:49:58.429429] [INFO] [path_server] 노드 초기화 성공 : 로봇 좌표[33.656m 21.994m 168.947°] 최단 거리 노드[1084] 거리(0.344046m)
[2026-08-11 16:50:05.417745] [INFO] [path_server] 새로운 경로 설정 : path[1084 ➜ 108] time[0s] dist[30m] list[21] : 1084-1085-1086-1173-1174-1175-1176-1177-1178-1030-1031-1032-1033-1034-1007-1167-1168-1169-1170-1171-108
[2026-08-11 16:50:05.417770] [INFO] [course_tracker] 방향 정렬 설정 State::processing[＋, 179.9°]
[2026-08-11 16:50:06.176248] [INFO] [course_tracker] 방향 정렬 완료 
[2026-08-11 16:50:08.192971] [INFO] [path_server] 노드 업데이트 : [1085] ➜ [1086]
[2026-08-11 16:50:08.252854] [INFO] [path_server] 새로운 경로 설정 : path[1085 ➜ 108] time[0s] dist[28.5m] list[20] : 1085-1086-1173-1174-1175-1176-1177-1178-1030-1031-1032-1033-1034-1007-1167-1168-1169-1170-1171-108
[2026-08-11 16:50:09.650564] [INFO] [path_server] 노드 업데이트 : [1086] ➜ [1173]
[2026-08-11 16:50:09.730500] [INFO] [path_server] 새로운 경로 설정 : path[1086 ➜ 108] time[0s] dist[27m] list[19] : 1086-1173-1174-1175-1176-1177-1178-1030-1031-1032-1033-1034-1007-1167-1168-1169-1170-1171-108
[2026-08-11 16:50:13.124024] [INFO] [path_server] 노드 업데이트 : [1173] ➜ [1174]
[2026-08-11 16:50:13.203937] [INFO] [path_server] 새로운 경로 설정 : path[1173 ➜ 108] time[0s] dist[25.5m] list[18] : 1173-1174-1175-1176-1177-1178-1030-1031-1032-1033-1034-1007-1167-1168-1169-1170-1171-108
[2026-08-11 16:50:14.241867] [INFO] [path_server] 노드 업데이트 : [1174] ➜ [1175]
[2026-08-11 16:50:14.321800] [INFO] [path_server] 새로운 경로 설정 : path[1174 ➜ 108] time[0s] dist[24m] list[17] : 1174-1175-1176-1177-1178-1030-1031-1032-1033-1034-1007-1167-1168-1169-1170-1171-108
[2026-08-11 16:50:15.060354] [INFO] [path_server] 노드 업데이트 : [1175] ➜ [1176]
[2026-08-11 16:50:15.120265] [INFO] [path_server] 새로운 경로 설정 : path[1175 ➜ 108] time[0s] dist[22.5m] list[16] : 1175-1176-1177-1178-1030-1031-1032-1033-1034-1007-1167-1168-1169-1170-1171-108
[2026-08-11 16:50:15.798916] [INFO] [path_server] 노드 업데이트 : [1176] ➜ [1177]
[2026-08-11 16:50:15.878851] [INFO] [path_server] 새로운 경로 설정 : path[1176 ➜ 108] time[0s] dist[21m] list[15] : 1176-1177-1178-1030-1031-1032-1033-1034-1007-1167-1168-1169-1170-1171-108
[2026-08-11 16:50:16.557501] [INFO] [path_server] 노드 업데이트 : [1177] ➜ [1178]
[2026-08-11 16:50:16.617419] [INFO] [path_server] 새로운 경로 설정 : path[1177 ➜ 108] time[0s] dist[19.5m] list[14] : 1177-1178-1030-1031-1032-1033-1034-1007-1167-1168-1169-1170-1171-108
[2026-08-11 16:50:17.316087] [INFO] [path_server] 노드 업데이트 : [1178] ➜ [1030]
[2026-08-11 16:50:17.395985] [INFO] [path_server] 새로운 경로 설정 : path[1178 ➜ 108] time[0s] dist[18m] list[13] : 1178-1030-1031-1032-1033-1034-1007-1167-1168-1169-1170-1171-108
[2026-08-11 16:50:18.613505] [INFO] [path_server] 노드 업데이트 : [1030] ➜ [1031]
[2026-08-11 16:50:18.693456] [INFO] [path_server] 새로운 경로 설정 : path[1030 ➜ 108] time[0s] dist[16.5m] list[12] : 1030-1031-1032-1033-1034-1007-1167-1168-1169-1170-1171-108
[2026-08-11 16:50:21.986989] [INFO] [path_server] 노드 업데이트 : [1031] ➜ [1032]
[2026-08-11 16:50:22.066858] [INFO] [path_server] 새로운 경로 설정 : path[1031 ➜ 108] time[0s] dist[15m] list[11] : 1031-1032-1033-1034-1007-1167-1168-1169-1170-1171-108
[2026-08-11 16:50:23.104693] [INFO] [path_server] 노드 업데이트 : [1032] ➜ [1033]
[2026-08-11 16:50:23.184627] [INFO] [path_server] 새로운 경로 설정 : path[1032 ➜ 108] time[0s] dist[13.5m] list[10] : 1032-1033-1034-1007-1167-1168-1169-1170-1171-108
[2026-08-11 16:50:23.923176] [INFO] [path_server] 노드 업데이트 : [1033] ➜ [1034]
[2026-08-11 16:50:23.983118] [INFO] [path_server] 새로운 경로 설정 : path[1033 ➜ 108] time[0s] dist[12m] list[9] : 1033-1034-1007-1167-1168-1169-1170-1171-108
[2026-08-11 16:50:24.681880] [INFO] [path_server] 노드 업데이트 : [1034] ➜ [1007]
[2026-08-11 16:50:24.741918] [INFO] [path_server] 새로운 경로 설정 : path[1034 ➜ 108] time[0s] dist[10.5m] list[8] : 1034-1007-1167-1168-1169-1170-1171-108
[2026-08-11 16:50:25.999364] [INFO] [path_server] 노드 업데이트 : [1007] ➜ [1167]
[2026-08-11 16:50:26.059303] [INFO] [path_server] 새로운 경로 설정 : path[1007 ➜ 108] time[0s] dist[9m] list[7] : 1007-1167-1168-1169-1170-1171-108
[2026-08-11 16:50:29.353183] [INFO] [path_server] 노드 업데이트 : [1167] ➜ [1168]
[2026-08-11 16:50:29.413079] [INFO] [path_server] 새로운 경로 설정 : path[1167 ➜ 108] time[0s] dist[7.5m] list[6] : 1167-1168-1169-1170-1171-108
[2026-08-11 16:50:30.471006] [INFO] [path_server] 노드 업데이트 : [1168] ➜ [1169]
[2026-08-11 16:50:30.550854] [INFO] [path_server] 새로운 경로 설정 : path[1168 ➜ 108] time[0s] dist[6m] list[5] : 1168-1169-1170-1171-108
[2026-08-11 16:50:31.309374] [INFO] [path_server] 노드 업데이트 : [1169] ➜ [1170]
[2026-08-11 16:50:31.389224] [INFO] [path_server] 새로운 경로 설정 : path[1169 ➜ 108] time[0s] dist[4.5m] list[4] : 1169-1170-1171-108
[2026-08-11 16:50:32.047936] [INFO] [path_server] 노드 업데이트 : [1170] ➜ [1171]
[2026-08-11 16:50:32.107824] [INFO] [path_server] 새로운 경로 설정 : path[1170 ➜ 108] time[0s] dist[3m] list[3] : 1170-1171-108
[2026-08-11 16:50:33.445190] [INFO] [path_server] 노드 업데이트 : [1171] ➜ [108]
[2026-08-11 16:50:33.525108] [INFO] [path_server] 새로운 경로 설정 : path[1171 ➜ 108] time[0s] dist[1.5m] list[2] : 1171-108
[2026-08-11 16:50:39.014605] [INFO] [path_server] 노드 업데이트 : [108] ➜ [-1]
[2026-08-11 16:50:41.889129] [INFO] [course_tracker] 목적지에서 각도 정렬 : [22.000m 19.000m 0.000°]
[2026-08-11 16:50:41.928994] [INFO] [path_server] 노드 업데이트 : [108] ➜ [-1]
[2026-08-11 16:50:41.948996] [INFO] [task::fsm] push_done
[2026-08-11 16:50:42.008906] [INFO] [task::fsm] charging
[2026-08-11 16:50:42.008934] [INFO] [health_monitor] [등록][100015, 100001] : 자동 충전 시작.
[2026-08-11 16:50:42.008916] [INFO] [power_system] 충전 프로세스 시작
[2026-08-11 16:50:47.019619] [INFO] [health_monitor] [삭제][100015, 100001] : 자동 충전 시작.
[2026-08-11 16:51:08.778753] [INFO] [power_system] 충전 완료
[2026-08-11 16:51:08.778770] [INFO] [health_monitor] [등록][100015, 100002] : 배터리 가득.
[2026-08-11 16:51:08.778773] [INFO] [health_monitor] [등록][100015, 100003] : 자동 충전 해제 시작.
[2026-08-11 16:51:13.789697] [INFO] [health_monitor] [삭제][100015, 100002] : 배터리 가득.
[2026-08-11 16:51:13.789711] [INFO] [health_monitor] [삭제][100015, 100003] : 자동 충전 해제 시작.
[2026-08-11 16:51:13.809791] [INFO] [power_system] 충전 해제 완료
[2026-08-11 16:51:13.809803] [INFO] [health_monitor] [등록][100015, 100004] : 자동 충전 해제 완료.
[2026-08-11 16:51:13.829650] [INFO] [task::fsm] discharging
[2026-08-11 16:51:13.829660] [INFO] [power_system] 충전 해제 프로세스 시작
[2026-08-11 16:51:13.829670] [INFO] [health_monitor] [등록][100015, 100003] : 자동 충전 해제 시작.
[2026-08-11 16:51:13.849563] [INFO] [task::fsm] idle
[2026-08-11 16:51:13.849571] [INFO] [path_server] 경로 삭제
[2026-08-11 16:51:13.849569] [INFO] [course_manager] 코스 삭제
[2026-08-11 16:51:13.889541] [INFO] [task::fsm] idle
[2026-08-11 16:51:13.889549] [INFO] [course_manager] 코스 삭제
[2026-08-11 16:51:13.889552] [INFO] [path_server] 경로 삭제
[2026-08-11 16:51:18.819980] [INFO] [health_monitor] [삭제][100015, 100004] : 자동 충전 해제 완료.
[2026-08-11 16:51:18.839991] [INFO] [health_monitor] [삭제][100015, 100003] : 자동 충전 해제 시작.
[2026-08-11 16:52:17.139356] [INFO] [framework] 프로그램 시작
[2026-08-11 16:52:17.139360] [WARNING] [framework] 프로그램 시작
[2026-08-11 16:52:17.139364] [CRITICAL] [framework] 프로그램 시작
[2026-08-11 16:52:17.139366] [INFO] [framework] 설정 파일 위치 : ../configs/robot_10
[2026-08-11 16:52:17.139522] [INFO] [framework] ID[0, 10], 이름[전시입], 제어주기[20ms], 버젼[], 장소[우리집], 환경모드[simulation]
[2026-08-11 16:52:17.139546] [INFO] [mediator] 생성
[2026-08-11 16:52:17.139570] [INFO] [graph_manager] 생성
[2026-08-11 16:52:17.169226] [INFO] [stop_server] 생성
[2026-08-11 16:52:17.169242] [INFO] [health_monitor] 생성
[2026-08-11 16:52:17.169278] [INFO] [path_server] 생성
[2026-08-11 16:52:17.169290] [INFO] [course_manager] 생성
[2026-08-11 16:52:17.169301] [INFO] [task::fsm] 생성
[2026-08-11 16:52:17.169302] [INFO] [task::fsm] idle
[2026-08-11 16:52:17.169303] [INFO] [course_manager] 코스 삭제
[2026-08-11 16:52:17.169303] [INFO] [path_server] 경로 삭제
[2026-08-11 16:52:17.169313] [INFO] [task_manager] 생성
[2026-08-11 16:52:17.169409] [INFO] [mediator] connectors 생성
[2026-08-11 16:52:17.169423] [INFO] [fms] 생성
[2026-08-11 16:52:17.169424] [INFO] [fms] 통신 드라이버 생성
[2026-08-11 16:52:17.169669] [INFO] [motions] 생성
[2026-08-11 16:52:17.169685] [INFO] [localizers] 생성
[2026-08-11 16:52:17.169772] [INFO] [localizers] 파라미터 : 

[2026-08-11 16:52:17.169789] [INFO] [safety_plc] 생성
[2026-08-11 16:52:17.169801] [INFO] [load_handler] 생성
[2026-08-11 16:52:17.169813] [INFO] [power_system] 생성
[2026-08-11 16:52:17.169907] [INFO] [power_system] 설정 정보 : remaining[40%, 10%, 5%]
[2026-08-11 16:52:17.170289] [INFO] [power_system] 알람 목록 : 
 • [100015, 100001] [INFO] 자동 충전 시작.
 • [100015, 100002] [INFO] 배터리 가득.
 • [100015, 400001] [CRIT] 배터리 남은 양 - 위험
 • [100015, 300001] [ERROR] 배터리 남은 양 - 에러
 • [100015, 200001] [WARN] 배터리 남은 양 - 주의
 • [100015, 100004] [INFO] 자동 충전 해제 완료.
 • [100015, 100003] [INFO] 자동 충전 해제 시작.
[2026-08-11 16:52:17.170291] [INFO] [mediator] connector 의존성 주입
[2026-08-11 16:52:17.170300] [INFO] [mediator] any map 등록
[2026-08-11 16:52:17.170306] [INFO] [mediator] any collector 등록
[2026-08-11 16:52:17.170309] [INFO] [mediator] any collector 목록 검사
[2026-08-11 16:52:17.170357] [INFO] [framework] after init 실행
[2026-08-11 16:52:17.170580] [INFO] [course_tracker] 생성
[2026-08-11 16:52:17.170594] [INFO] [course_tracker] 파라미터 : 
◈ node_bound[0.020m, 0.150m, 0.005m]
 • approach[0.150m, 0.050m/s, -0.005m, -0.200m, 0.100m]
 • align[(10.000°, 5.000°/s), 50.000°, 30.000°/s), 0.800°, -0.100°]
◈ motion param : 
 • reference_angle[0.000°, 45.000°]
 • threshold_angle[15.000°, 20.000°, 170.000°]
 • threshold_error[0.300°, 5.000°]
 • normal[0.150m/s, 8.000, 0.800m/s, 0.500]
 • angle[0.150m/s, 1.500, 0.800m/s, 2.100]
 • protection_overshoot[0.100m/s, 0.900, 0.500m/s, 0.900]
 • speed_rotation[15.000°/s]
[2026-08-11 16:52:17.170596] [INFO] [framework] 제어 쓰레드 시작
[2026-08-11 16:52:17.170627] [INFO] [path_server] 노드 초기화 성공 : 로봇 좌표[22.004m 18.998m -179.704°] 최단 거리 노드[108] 거리(0.004286m)
[2026-08-11 16:52:24.156874] [INFO] [task::fsm] charging
[2026-08-11 16:52:24.156886] [INFO] [power_system] 충전 프로세스 시작
[2026-08-11 16:52:24.156907] [INFO] [health_monitor] [등록][100015, 100001] : 자동 충전 시작.
[2026-08-11 16:52:29.166896] [INFO] [health_monitor] [삭제][100015, 100001] : 자동 충전 시작.
[2026-08-11 16:52:42.799681] [INFO] [power_system] 충전 완료
[2026-08-11 16:52:42.799698] [INFO] [health_monitor] [등록][100015, 100002] : 배터리 가득.
[2026-08-11 16:52:42.799701] [INFO] [health_monitor] [등록][100015, 100003] : 자동 충전 해제 시작.
[2026-08-11 16:52:47.809763] [INFO] [health_monitor] [삭제][100015, 100002] : 배터리 가득.
[2026-08-11 16:52:47.809769] [INFO] [health_monitor] [삭제][100015, 100003] : 자동 충전 해제 시작.
[2026-08-11 16:52:47.829654] [INFO] [power_system] 충전 해제 완료
[2026-08-11 16:52:47.829672] [INFO] [health_monitor] [등록][100015, 100004] : 자동 충전 해제 완료.
[2026-08-11 16:52:47.849636] [INFO] [task::fsm] discharging
[2026-08-11 16:52:47.849653] [INFO] [health_monitor] [등록][100015, 100003] : 자동 충전 해제 시작.
[2026-08-11 16:52:47.849642] [INFO] [power_system] 충전 해제 프로세스 시작
[2026-08-11 16:52:47.869641] [INFO] [task::fsm] idle
[2026-08-11 16:52:47.869647] [INFO] [course_manager] 코스 삭제
[2026-08-11 16:52:47.869649] [INFO] [path_server] 경로 삭제
[2026-08-11 16:52:47.909563] [INFO] [task::fsm] idle
[2026-08-11 16:52:47.909570] [INFO] [path_server] 경로 삭제
[2026-08-11 16:52:47.909568] [INFO] [course_manager] 코스 삭제
[2026-08-11 16:52:52.840424] [INFO] [health_monitor] [삭제][100015, 100004] : 자동 충전 해제 완료.
[2026-08-11 16:52:52.860423] [INFO] [health_monitor] [삭제][100015, 100003] : 자동 충전 해제 시작.
[2026-08-11 16:53:42.901947] [INFO] [task::fsm] charging
[2026-08-11 16:53:42.901955] [INFO] [power_system] 충전 프로세스 시작
[2026-08-11 16:53:42.901970] [INFO] [health_monitor] [등록][100015, 100001] : 자동 충전 시작.
[2026-08-11 16:53:46.993711] [INFO] [course_tracker] 방향 정렬 완료 
[2026-08-11 16:53:46.993696] [INFO] [path_server] 새로운 경로 설정 : path[108 ➜ 1100] time[0s] dist[18m] list[13] : 108-1171-1172-1091-1092-1093-1094-1095-1096-1097-1098-1099-1100
[2026-08-11 16:53:47.911740] [INFO] [health_monitor] [삭제][100015, 100001] : 자동 충전 시작.
[2026-08-11 16:53:51.684229] [INFO] [path_server] 노드 업데이트 : [1171] ➜ [1172]
[2026-08-11 16:53:51.764095] [INFO] [path_server] 새로운 경로 설정 : path[1171 ➜ 1100] time[0s] dist[16.5m] list[12] : 1171-1172-1091-1092-1093-1094-1095-1096-1097-1098-1099-1100
[2026-08-11 16:53:55.376716] [INFO] [path_server] 노드 업데이트 : [1172] ➜ [1091]
[2026-08-11 16:53:55.456662] [INFO] [path_server] 새로운 경로 설정 : path[1172 ➜ 1100] time[0s] dist[15m] list[11] : 1172-1091-1092-1093-1094-1095-1096-1097-1098-1099-1100
[2026-08-11 16:53:56.454592] [INFO] [path_server] 노드 업데이트 : [1091] ➜ [1092]
[2026-08-11 16:53:56.534540] [INFO] [path_server] 새로운 경로 설정 : path[1091 ➜ 1100] time[0s] dist[13.5m] list[10] : 1091-1092-1093-1094-1095-1096-1097-1098-1099-1100
[2026-08-11 16:53:59.708308] [INFO] [path_server] 노드 업데이트 : [1092] ➜ [1093]
[2026-08-11 16:53:59.768232] [INFO] [path_server] 새로운 경로 설정 : path[1092 ➜ 1100] time[0s] dist[12m] list[9] : 1092-1093-1094-1095-1096-1097-1098-1099-1100
[2026-08-11 16:54:00.965815] [INFO] [path_server] 노드 업데이트 : [1093] ➜ [1094]
[2026-08-11 16:54:01.025737] [INFO] [path_server] 새로운 경로 설정 : path[1093 ➜ 1100] time[0s] dist[10.5m] list[8] : 1093-1094-1095-1096-1097-1098-1099-1100
[2026-08-11 16:54:01.824051] [INFO] [path_server] 노드 업데이트 : [1094] ➜ [1095]
[2026-08-11 16:54:01.903970] [INFO] [path_server] 새로운 경로 설정 : path[1094 ➜ 1100] time[0s] dist[9m] list[7] : 1094-1095-1096-1097-1098-1099-1100
[2026-08-11 16:54:02.582668] [INFO] [path_server] 노드 업데이트 : [1095] ➜ [1096]
[2026-08-11 16:54:02.642583] [INFO] [path_server] 새로운 경로 설정 : path[1095 ➜ 1100] time[0s] dist[7.5m] list[6] : 1095-1096-1097-1098-1099-1100
[2026-08-11 16:54:03.321186] [INFO] [path_server] 노드 업데이트 : [1096] ➜ [1097]
[2026-08-11 16:54:03.401127] [INFO] [path_server] 새로운 경로 설정 : path[1096 ➜ 1100] time[0s] dist[6m] list[5] : 1096-1097-1098-1099-1100
[2026-08-11 16:54:04.079752] [INFO] [path_server] 노드 업데이트 : [1097] ➜ [1098]
[2026-08-11 16:54:04.139653] [INFO] [path_server] 새로운 경로 설정 : path[1097 ➜ 1100] time[0s] dist[4.5m] list[4] : 1097-1098-1099-1100
[2026-08-11 16:54:04.818784] [INFO] [path_server] 노드 업데이트 : [1098] ➜ [1099]
[2026-08-11 16:54:04.898708] [INFO] [path_server] 새로운 경로 설정 : path[1098 ➜ 1100] time[0s] dist[3m] list[3] : 1098-1099-1100
[2026-08-11 16:54:05.577328] [INFO] [path_server] 노드 업데이트 : [1099] ➜ [1100]
[2026-08-11 16:54:05.637270] [INFO] [path_server] 새로운 경로 설정 : path[1099 ➜ 1100] time[0s] dist[1.5m] list[2] : 1099-1100
[2026-08-11 16:54:07.812953] [INFO] [path_server] 노드 업데이트 : [1100] ➜ [-1]
[2026-08-11 16:54:10.707154] [INFO] [course_tracker] 목적지에서 각도 정렬 : [10.000m 22.000m 0.000°]
[2026-08-11 16:54:10.747011] [INFO] [path_server] 노드 업데이트 : [1100] ➜ [-1]
[2026-08-11 16:54:10.767031] [INFO] [task::fsm] push_done
[2026-08-11 16:54:10.826905] [INFO] [task::fsm] idle
[2026-08-11 16:54:10.826912] [INFO] [course_manager] 코스 삭제
[2026-08-11 16:54:10.826914] [INFO] [path_server] 경로 삭제
[2026-08-11 16:54:15.924121] [INFO] [path_server] 새로운 경로 설정 : path[1100 ➜ 104] time[0s] dist[40.5003m] list[28] : 1100-1101-1102-1103-1104-1105-1106-1107-1108-1109-1110-1111-1112-1113-1114-1115-1116-1117-1118-1119-1120-1121-1122-1123-1179-1180-1181-104
[2026-08-11 16:54:18.259831] [INFO] [path_server] 노드 업데이트 : [1101] ➜ [1102]
[2026-08-11 16:54:18.339665] [INFO] [path_server] 새로운 경로 설정 : path[1101 ➜ 104] time[0s] dist[39.0003m] list[27] : 1101-1102-1103-1104-1105-1106-1107-1108-1109-1110-1111-1112-1113-1114-1115-1116-1117-1118-1119-1120-1121-1122-1123-1179-1180-1181-104
[2026-08-11 16:54:19.317845] [INFO] [path_server] 노드 업데이트 : [1102] ➜ [1103]
[2026-08-11 16:54:19.397756] [INFO] [path_server] 새로운 경로 설정 : path[1102 ➜ 104] time[0s] dist[37.5003m] list[26] : 1102-1103-1104-1105-1106-1107-1108-1109-1110-1111-1112-1113-1114-1115-1116-1117-1118-1119-1120-1121-1122-1123-1179-1180-1181-104
[2026-08-11 16:54:20.116379] [INFO] [path_server] 노드 업데이트 : [1103] ➜ [1104]
[2026-08-11 16:54:20.196254] [INFO] [path_server] 새로운 경로 설정 : path[1103 ➜ 104] time[0s] dist[36.0003m] list[25] : 1103-1104-1105-1106-1107-1108-1109-1110-1111-1112-1113-1114-1115-1116-1117-1118-1119-1120-1121-1122-1123-1179-1180-1181-104
[2026-08-11 16:54:20.874842] [INFO] [path_server] 노드 업데이트 : [1104] ➜ [1105]
[2026-08-11 16:54:20.954737] [INFO] [path_server] 새로운 경로 설정 : path[1104 ➜ 104] time[0s] dist[34.5003m] list[24] : 1104-1105-1106-1107-1108-1109-1110-1111-1112-1113-1114-1115-1116-1117-1118-1119-1120-1121-1122-1123-1179-1180-1181-104
[2026-08-11 16:54:22.272312] [INFO] [path_server] 노드 업데이트 : [1105] ➜ [1106]
[2026-08-11 16:54:22.332230] [INFO] [path_server] 새로운 경로 설정 : path[1105 ➜ 104] time[0s] dist[33.0003m] list[23] : 1105-1106-1107-1108-1109-1110-1111-1112-1113-1114-1115-1116-1117-1118-1119-1120-1121-1122-1123-1179-1180-1181-104
[2026-08-11 16:54:25.725976] [INFO] [path_server] 노드 업데이트 : [1106] ➜ [1107]
[2026-08-11 16:54:25.805835] [INFO] [path_server] 새로운 경로 설정 : path[1106 ➜ 104] time[0s] dist[31.5001m] list[22] : 1106-1107-1108-1109-1110-1111-1112-1113-1114-1115-1116-1117-1118-1119-1120-1121-1122-1123-1179-1180-1181-104
[2026-08-11 16:54:26.843644] [INFO] [path_server] 노드 업데이트 : [1107] ➜ [1108]
[2026-08-11 16:54:26.923575] [INFO] [path_server] 새로운 경로 설정 : path[1107 ➜ 104] time[0s] dist[30m] list[21] : 1107-1108-1109-1110-1111-1112-1113-1114-1115-1116-1117-1118-1119-1120-1121-1122-1123-1179-1180-1181-104
[2026-08-11 16:54:27.662069] [INFO] [path_server] 노드 업데이트 : [1108] ➜ [1109]
[2026-08-11 16:54:27.721976] [INFO] [path_server] 새로운 경로 설정 : path[1108 ➜ 104] time[0s] dist[28.5m] list[20] : 1108-1109-1110-1111-1112-1113-1114-1115-1116-1117-1118-1119-1120-1121-1122-1123-1179-1180-1181-104
[2026-08-11 16:54:28.400467] [INFO] [path_server] 노드 업데이트 : [1109] ➜ [1110]
[2026-08-11 16:54:28.480418] [INFO] [path_server] 새로운 경로 설정 : path[1109 ➜ 104] time[0s] dist[27m] list[19] : 1109-1110-1111-1112-1113-1114-1115-1116-1117-1118-1119-1120-1121-1122-1123-1179-1180-1181-104
[2026-08-11 16:54:29.159085] [INFO] [path_server] 노드 업데이트 : [1110] ➜ [1111]
[2026-08-11 16:54:29.218998] [INFO] [path_server] 새로운 경로 설정 : path[1110 ➜ 104] time[0s] dist[25.5m] list[18] : 1110-1111-1112-1113-1114-1115-1116-1117-1118-1119-1120-1121-1122-1123-1179-1180-1181-104
[2026-08-11 16:54:29.897574] [INFO] [path_server] 노드 업데이트 : [1111] ➜ [1112]
[2026-08-11 16:54:29.977498] [INFO] [path_server] 새로운 경로 설정 : path[1111 ➜ 104] time[0s] dist[24m] list[17] : 1111-1112-1113-1114-1115-1116-1117-1118-1119-1120-1121-1122-1123-1179-1180-1181-104
[2026-08-11 16:54:30.656108] [INFO] [path_server] 노드 업데이트 : [1112] ➜ [1113]
[2026-08-11 16:54:30.716015] [INFO] [path_server] 새로운 경로 설정 : path[1112 ➜ 104] time[0s] dist[22.5m] list[16] : 1112-1113-1114-1115-1116-1117-1118-1119-1120-1121-1122-1123-1179-1180-1181-104
[2026-08-11 16:54:31.414615] [INFO] [path_server] 노드 업데이트 : [1113] ➜ [1114]
[2026-08-11 16:54:31.494489] [INFO] [path_server] 새로운 경로 설정 : path[1113 ➜ 104] time[0s] dist[21m] list[15] : 1113-1114-1115-1116-1117-1118-1119-1120-1121-1122-1123-1179-1180-1181-104
[2026-08-11 16:54:32.153130] [INFO] [path_server] 노드 업데이트 : [1114] ➜ [1115]
[2026-08-11 16:54:32.213052] [INFO] [path_server] 새로운 경로 설정 : path[1114 ➜ 104] time[0s] dist[19.5m] list[14] : 1114-1115-1116-1117-1118-1119-1120-1121-1122-1123-1179-1180-1181-104
[2026-08-11 16:54:32.911652] [INFO] [path_server] 노드 업데이트 : [1115] ➜ [1116]
[2026-08-11 16:54:32.991528] [INFO] [path_server] 새로운 경로 설정 : path[1115 ➜ 104] time[0s] dist[18m] list[13] : 1115-1116-1117-1118-1119-1120-1121-1122-1123-1179-1180-1181-104
[2026-08-11 16:54:33.650292] [INFO] [path_server] 노드 업데이트 : [1116] ➜ [1117]
[2026-08-11 16:54:33.730271] [INFO] [path_server] 새로운 경로 설정 : path[1116 ➜ 104] time[0s] dist[16.5m] list[12] : 1116-1117-1118-1119-1120-1121-1122-1123-1179-1180-1181-104
[2026-08-11 16:54:34.408811] [INFO] [path_server] 노드 업데이트 : [1117] ➜ [1118]
[2026-08-11 16:54:34.468769] [INFO] [path_server] 새로운 경로 설정 : path[1117 ➜ 104] time[0s] dist[15m] list[11] : 1117-1118-1119-1120-1121-1122-1123-1179-1180-1181-104
[2026-08-11 16:54:35.147952] [INFO] [path_server] 노드 업데이트 : [1118] ➜ [1119]
[2026-08-11 16:54:35.227982] [INFO] [path_server] 새로운 경로 설정 : path[1118 ➜ 104] time[0s] dist[13.5m] list[10] : 1118-1119-1120-1121-1122-1123-1179-1180-1181-104
[2026-08-11 16:54:35.906847] [INFO] [path_server] 노드 업데이트 : [1119] ➜ [1120]
[2026-08-11 16:54:35.966766] [INFO] [path_server] 새로운 경로 설정 : path[1119 ➜ 104] time[0s] dist[12m] list[9] : 1119-1120-1121-1122-1123-1179-1180-1181-104
[2026-08-11 16:54:36.745228] [INFO] [path_server] 노드 업데이트 : [1120] ➜ [1121]
[2026-08-11 16:54:36.805132] [INFO] [path_server] 새로운 경로 설정 : path[1120 ➜ 104] time[0s] dist[10.5m] list[8] : 1120-1121-1122-1123-1179-1180-1181-104
[2026-08-11 16:54:40.398997] [INFO] [path_server] 노드 업데이트 : [1121] ➜ [1122]
[2026-08-11 16:54:40.458923] [INFO] [path_server] 새로운 경로 설정 : path[1121 ➜ 104] time[0s] dist[9m] list[7] : 1121-1122-1123-1179-1180-1181-104
[2026-08-11 16:54:41.756482] [INFO] [path_server] 노드 업데이트 : [1122] ➜ [1123]
[2026-08-11 16:54:41.836350] [INFO] [path_server] 새로운 경로 설정 : path[1122 ➜ 104] time[0s] dist[7.5m] list[6] : 1122-1123-1179-1180-1181-104
[2026-08-11 16:54:42.814478] [INFO] [path_server] 노드 업데이트 : [1123] ➜ [1179]
[2026-08-11 16:54:42.894393] [INFO] [path_server] 새로운 경로 설정 : path[1123 ➜ 104] time[0s] dist[6m] list[5] : 1123-1179-1180-1181-104
[2026-08-11 16:54:46.128046] [INFO] [path_server] 노드 업데이트 : [1179] ➜ [1180]
[2026-08-11 16:54:46.207893] [INFO] [path_server] 새로운 경로 설정 : path[1179 ➜ 104] time[0s] dist[4.5m] list[4] : 1179-1180-1181-104
[2026-08-11 16:54:47.365822] [INFO] [path_server] 노드 업데이트 : [1180] ➜ [1181]
[2026-08-11 16:54:47.445673] [INFO] [path_server] 새로운 경로 설정 : path[1180 ➜ 104] time[0s] dist[3m] list[3] : 1180-1181-104
[2026-08-11 16:54:48.703126] [INFO] [path_server] 노드 업데이트 : [1181] ➜ [104]
[2026-08-11 16:54:48.762980] [INFO] [path_server] 새로운 경로 설정 : path[1181 ➜ 104] time[0s] dist[1.5m] list[2] : 1181-104
[2026-08-11 16:54:53.893031] [INFO] [path_server] 노드 업데이트 : [104] ➜ [-1]
[2026-08-11 16:54:56.787150] [INFO] [course_tracker] 목적지에서 각도 정렬 : [5.500m 4.000m 0.000°]
[2026-08-11 16:54:56.827066] [INFO] [path_server] 노드 업데이트 : [104] ➜ [-1]
[2026-08-11 16:54:56.847007] [INFO] [task::fsm] push_done
[2026-08-11 16:54:56.906890] [INFO] [task::fsm] charging
[2026-08-11 16:54:56.906899] [INFO] [power_system] 충전 프로세스 시작
[2026-08-11 16:54:56.906912] [INFO] [health_monitor] [등록][100015, 100001] : 자동 충전 시작.
[2026-08-11 16:54:59.781112] [INFO] [health_monitor] [등록][100015, 200001] : 배터리 남은 양 - 주의
[2026-08-11 16:55:01.917182] [INFO] [health_monitor] [삭제][100015, 100001] : 자동 충전 시작.
[2026-08-11 16:55:02.236437] [INFO] [health_monitor] [삭제][100015, 200001] : 배터리 남은 양 - 주의
[2026-08-11 16:55:26.228844] [INFO] [power_system] 충전 완료
[2026-08-11 16:55:26.228859] [INFO] [health_monitor] [등록][100015, 100002] : 배터리 가득.
[2026-08-11 16:55:26.228861] [INFO] [health_monitor] [등록][100015, 100003] : 자동 충전 해제 시작.
[2026-08-11 16:55:31.238918] [INFO] [health_monitor] [삭제][100015, 100002] : 배터리 가득.
[2026-08-11 16:55:31.238924] [INFO] [health_monitor] [삭제][100015, 100003] : 자동 충전 해제 시작.
[2026-08-11 16:55:31.258919] [INFO] [power_system] 충전 해제 완료
[2026-08-11 16:55:31.258931] [INFO] [health_monitor] [등록][100015, 100004] : 자동 충전 해제 완료.
[2026-08-11 16:55:31.278874] [INFO] [task::fsm] discharging
[2026-08-11 16:55:31.278879] [INFO] [power_system] 충전 해제 프로세스 시작
[2026-08-11 16:55:31.278887] [INFO] [health_monitor] [등록][100015, 100003] : 자동 충전 해제 시작.
[2026-08-11 16:55:31.298753] [INFO] [task::fsm] idle
[2026-08-11 16:55:31.298758] [INFO] [course_manager] 코스 삭제
[2026-08-11 16:55:31.298759] [INFO] [path_server] 경로 삭제
[2026-08-11 16:55:31.338721] [INFO] [task::fsm] idle
[2026-08-11 16:55:31.338734] [INFO] [course_manager] 코스 삭제
[2026-08-11 16:55:31.338736] [INFO] [path_server] 경로 삭제
[2026-08-11 16:55:36.269174] [INFO] [health_monitor] [삭제][100015, 100004] : 자동 충전 해제 완료.
[2026-08-11 16:55:36.289154] [INFO] [health_monitor] [삭제][100015, 100003] : 자동 충전 해제 시작.
[2026-08-11 16:56:26.330695] [INFO] [task::fsm] charging
[2026-08-11 16:56:26.330717] [INFO] [health_monitor] [등록][100015, 100001] : 자동 충전 시작.
[2026-08-11 16:56:26.330703] [INFO] [power_system] 충전 프로세스 시작
[2026-08-11 16:56:31.340792] [INFO] [health_monitor] [삭제][100015, 100001] : 자동 충전 시작.
[2026-08-11 16:56:40.042843] [INFO] [power_system] 충전 완료
[2026-08-11 16:56:40.042859] [INFO] [health_monitor] [등록][100015, 100002] : 배터리 가득.
[2026-08-11 16:56:40.042862] [INFO] [health_monitor] [등록][100015, 100003] : 자동 충전 해제 시작.
[2026-08-11 16:56:40.502006] [INFO] [path_server] 새로운 경로 설정 : path[104 ➜ 205] time[0s] dist[30m] list[21] : 104-1181-1182-1183-1184-1045-1046-1047-1048-1001-1002-1003-1004-1013-1049-1050-1014-1201-1200-1202-205
[2026-08-11 16:56:45.052893] [INFO] [health_monitor] [삭제][100015, 100002] : 배터리 가득.
[2026-08-11 16:56:45.052898] [INFO] [health_monitor] [삭제][100015, 100003] : 자동 충전 해제 시작.
[2026-08-11 16:56:47.667573] [INFO] [path_server] 노드 업데이트 : [1181] ➜ [1182]
[2026-08-11 16:56:47.747542] [INFO] [path_server] 새로운 경로 설정 : path[1181 ➜ 205] time[0s] dist[28.5m] list[20] : 1181-1182-1183-1184-1045-1046-1047-1048-1001-1002-1003-1004-1013-1049-1050-1014-1201-1200-1202-205
[2026-08-11 16:56:51.280436] [INFO] [path_server] 노드 업데이트 : [1182] ➜ [1183]
[2026-08-11 16:56:51.360358] [INFO] [path_server] 새로운 경로 설정 : path[1182 ➜ 205] time[0s] dist[27m] list[19] : 1182-1183-1184-1045-1046-1047-1048-1001-1002-1003-1004-1013-1049-1050-1014-1201-1200-1202-205
[2026-08-11 16:56:52.418144] [INFO] [path_server] 노드 업데이트 : [1183] ➜ [1184]
[2026-08-11 16:56:52.498088] [INFO] [path_server] 새로운 경로 설정 : path[1183 ➜ 205] time[0s] dist[25.5m] list[18] : 1183-1184-1045-1046-1047-1048-1001-1002-1003-1004-1013-1049-1050-1014-1201-1200-1202-205
[2026-08-11 16:56:53.236537] [INFO] [path_server] 노드 업데이트 : [1184] ➜ [1045]
[2026-08-11 16:56:53.296433] [INFO] [path_server] 새로운 경로 설정 : path[1184 ➜ 205] time[0s] dist[24m] list[17] : 1184-1045-1046-1047-1048-1001-1002-1003-1004-1013-1049-1050-1014-1201-1200-1202-205
[2026-08-11 16:56:54.573947] [INFO] [path_server] 노드 업데이트 : [1045] ➜ [1046]
[2026-08-11 16:56:54.653839] [INFO] [path_server] 새로운 경로 설정 : path[1045 ➜ 205] time[0s] dist[22.5m] list[16] : 1045-1046-1047-1048-1001-1002-1003-1004-1013-1049-1050-1014-1201-1200-1202-205
[2026-08-11 16:56:57.907556] [INFO] [path_server] 노드 업데이트 : [1046] ➜ [1047]
[2026-08-11 16:56:57.967476] [INFO] [path_server] 새로운 경로 설정 : path[1046 ➜ 205] time[0s] dist[21m] list[15] : 1046-1047-1048-1001-1002-1003-1004-1013-1049-1050-1014-1201-1200-1202-205
[2026-08-11 16:56:59.045388] [INFO] [path_server] 노드 업데이트 : [1047] ➜ [1048]
[2026-08-11 16:56:59.105280] [INFO] [path_server] 새로운 경로 설정 : path[1047 ➜ 205] time[0s] dist[19.5m] list[14] : 1047-1048-1001-1002-1003-1004-1013-1049-1050-1014-1201-1200-1202-205
[2026-08-11 16:56:59.863810] [INFO] [path_server] 노드 업데이트 : [1048] ➜ [1001]
[2026-08-11 16:56:59.943700] [INFO] [path_server] 새로운 경로 설정 : path[1048 ➜ 205] time[0s] dist[18m] list[13] : 1048-1001-1002-1003-1004-1013-1049-1050-1014-1201-1200-1202-205
[2026-08-11 16:57:00.622252] [INFO] [path_server] 노드 업데이트 : [1001] ➜ [1002]
[2026-08-11 16:57:00.702198] [INFO] [path_server] 새로운 경로 설정 : path[1001 ➜ 205] time[0s] dist[16.5m] list[12] : 1001-1002-1003-1004-1013-1049-1050-1014-1201-1200-1202-205
[2026-08-11 16:57:01.380818] [INFO] [path_server] 노드 업데이트 : [1002] ➜ [1003]
[2026-08-11 16:57:01.460748] [INFO] [path_server] 새로운 경로 설정 : path[1002 ➜ 205] time[0s] dist[15m] list[11] : 1002-1003-1004-1013-1049-1050-1014-1201-1200-1202-205
[2026-08-11 16:57:02.119427] [INFO] [path_server] 노드 업데이트 : [1003] ➜ [1004]
[2026-08-11 16:57:02.199309] [INFO] [path_server] 새로운 경로 설정 : path[1003 ➜ 205] time[0s] dist[13.5m] list[10] : 1003-1004-1013-1049-1050-1014-1201-1200-1202-205
[2026-08-11 16:57:03.436838] [INFO] [path_server] 노드 업데이트 : [1004] ➜ [1013]
[2026-08-11 16:57:03.516716] [INFO] [path_server] 새로운 경로 설정 : path[1004 ➜ 205] time[0s] dist[12m] list[9] : 1004-1013-1049-1050-1014-1201-1200-1202-205
[2026-08-11 16:57:06.790101] [INFO] [path_server] 노드 업데이트 : [1013] ➜ [1049]
[2026-08-11 16:57:06.869960] [INFO] [path_server] 새로운 경로 설정 : path[1013 ➜ 205] time[0s] dist[10.5m] list[8] : 1013-1049-1050-1014-1201-1200-1202-205
[2026-08-11 16:57:07.907855] [INFO] [path_server] 노드 업데이트 : [1049] ➜ [1050]
[2026-08-11 16:57:07.987765] [INFO] [path_server] 새로운 경로 설정 : path[1049 ➜ 205] time[0s] dist[9m] list[7] : 1049-1050-1014-1201-1200-1202-205
[2026-08-11 16:57:09.245226] [INFO] [path_server] 노드 업데이트 : [1050] ➜ [1014]
[2026-08-11 16:57:09.325144] [INFO] [path_server] 새로운 경로 설정 : path[1050 ➜ 205] time[0s] dist[7.5m] list[6] : 1050-1014-1201-1200-1202-205
[2026-08-11 16:57:12.639029] [INFO] [path_server] 노드 업데이트 : [1014] ➜ [1201]
[2026-08-11 16:57:12.718917] [INFO] [path_server] 새로운 경로 설정 : path[1014 ➜ 205] time[0s] dist[6m] list[5] : 1014-1201-1200-1202-205
[2026-08-11 16:57:13.756758] [INFO] [path_server] 노드 업데이트 : [1201] ➜ [1200]
[2026-08-11 16:57:13.836674] [INFO] [path_server] 새로운 경로 설정 : path[1201 ➜ 205] time[0s] dist[4.5m] list[4] : 1201-1200-1202-205
[2026-08-11 16:57:14.575176] [INFO] [path_server] 노드 업데이트 : [1200] ➜ [1202]
[2026-08-11 16:57:14.635084] [INFO] [path_server] 새로운 경로 설정 : path[1200 ➜ 205] time[0s] dist[3m] list[3] : 1200-1202-205
[2026-08-11 16:57:15.914367] [INFO] [path_server] 노드 업데이트 : [1202] ➜ [205]
[2026-08-11 16:57:15.994279] [INFO] [path_server] 새로운 경로 설정 : path[1202 ➜ 205] time[0s] dist[1.5m] list[2] : 1202-205
[2026-08-11 16:57:21.124447] [INFO] [path_server] 노드 업데이트 : [205] ➜ [-1]
[2026-08-11 16:57:24.018700] [INFO] [course_tracker] 목적지에서 각도 정렬 : [23.500m 7.000m 0.000°]
[2026-08-11 16:57:24.058563] [INFO] [path_server] 노드 업데이트 : [205] ➜ [-1]
[2026-08-11 16:57:24.078572] [INFO] [task::fsm] push_done
[2026-08-11 16:57:24.138465] [INFO] [task::fsm] idle
[2026-08-11 16:57:24.138475] [INFO] [path_server] 경로 삭제
[2026-08-11 16:57:24.138473] [INFO] [course_manager] 코스 삭제
[2026-08-11 16:59:11.074572] [INFO] [health_monitor] [등록][100015, 200001] : 배터리 남은 양 - 주의
[2026-08-11 17:00:15.648336] [INFO] [path_server] 새로운 경로 설정 : path[205 ➜ 105] time[0s] dist[70.5m] list[48] : 205-1202-1203-1204-1205-1206-1207-1208-1145-1146-1147-1148-1077-1029-1030-1031-1032-1033-1034-1007-1008-1009-1010-1011-1012-1035-1036-1037-1038-1039-1040-1041-1042-1112-1113-1114-1115-1116-1117-1118-1119-1120-1121-1122-1123-1179-1180-105
[2026-08-11 17:00:20.538203] [INFO] [path_server] 노드 업데이트 : [1202] ➜ [1203]
[2026-08-11 17:00:20.598143] [INFO] [path_server] 새로운 경로 설정 : path[1202 ➜ 105] time[0s] dist[69m] list[47] : 1202-1203-1204-1205-1206-1207-1208-1145-1146-1147-1148-1077-1029-1030-1031-1032-1033-1034-1007-1008-1009-1010-1011-1012-1035-1036-1037-1038-1039-1040-1041-1042-1112-1113-1114-1115-1116-1117-1118-1119-1120-1121-1122-1123-1179-1180-105
[2026-08-11 17:00:24.150914] [INFO] [path_server] 노드 업데이트 : [1203] ➜ [1204]
[2026-08-11 17:00:24.230813] [INFO] [path_server] 새로운 경로 설정 : path[1203 ➜ 105] time[0s] dist[67.5m] list[46] : 1203-1204-1205-1206-1207-1208-1145-1146-1147-1148-1077-1029-1030-1031-1032-1033-1034-1007-1008-1009-1010-1011-1012-1035-1036-1037-1038-1039-1040-1041-1042-1112-1113-1114-1115-1116-1117-1118-1119-1120-1121-1122-1123-1179-1180-105
[2026-08-11 17:00:25.288479] [INFO] [path_server] 노드 업데이트 : [1204] ➜ [1205]
[2026-08-11 17:00:25.368432] [INFO] [path_server] 새로운 경로 설정 : path[1204 ➜ 105] time[0s] dist[66m] list[45] : 1204-1205-1206-1207-1208-1145-1146-1147-1148-1077-1029-1030-1031-1032-1033-1034-1007-1008-1009-1010-1011-1012-1035-1036-1037-1038-1039-1040-1041-1042-1112-1113-1114-1115-1116-1117-1118-1119-1120-1121-1122-1123-1179-1180-105
[2026-08-11 17:00:26.107075] [INFO] [path_server] 노드 업데이트 : [1205] ➜ [1206]
[2026-08-11 17:00:26.167012] [INFO] [path_server] 새로운 경로 설정 : path[1205 ➜ 105] time[0s] dist[64.5m] list[44] : 1205-1206-1207-1208-1145-1146-1147-1148-1077-1029-1030-1031-1032-1033-1034-1007-1008-1009-1010-1011-1012-1035-1036-1037-1038-1039-1040-1041-1042-1112-1113-1114-1115-1116-1117-1118-1119-1120-1121-1122-1123-1179-1180-105
[2026-08-11 17:00:26.865596] [INFO] [path_server] 노드 업데이트 : [1206] ➜ [1207]
[2026-08-11 17:00:26.965424] [INFO] [path_server] 새로운 경로 설정 : path[1206 ➜ 105] time[0s] dist[63.01m] list[43] : 1206-1207-1208-1145-1146-1147-1148-1077-1029-1030-1031-1032-1033-1034-1007-1008-1009-1010-1011-1012-1035-1036-1037-1038-1039-1040-1041-1042-1112-1113-1114-1115-1116-1117-1118-1119-1120-1121-1122-1123-1179-1180-105
[2026-08-11 17:00:27.624041] [INFO] [path_server] 노드 업데이트 : [1207] ➜ [1208]
[2026-08-11 17:00:27.704001] [INFO] [path_server] 새로운 경로 설정 : path[1207 ➜ 105] time[0s] dist[61.5m] list[42] : 1207-1208-1145-1146-1147-1148-1077-1029-1030-1031-1032-1033-1034-1007-1008-1009-1010-1011-1012-1035-1036-1037-1038-1039-1040-1041-1042-1112-1113-1114-1115-1116-1117-1118-1119-1120-1121-1122-1123-1179-1180-105
[2026-08-11 17:00:28.362815] [INFO] [path_server] 노드 업데이트 : [1208] ➜ [1145]
[2026-08-11 17:00:28.422832] [INFO] [path_server] 새로운 경로 설정 : path[1208 ➜ 105] time[0s] dist[60m] list[41] : 1208-1145-1146-1147-1148-1077-1029-1030-1031-1032-1033-1034-1007-1008-1009-1010-1011-1012-1035-1036-1037-1038-1039-1040-1041-1042-1112-1113-1114-1115-1116-1117-1118-1119-1120-1121-1122-1123-1179-1180-105
[2026-08-11 17:00:29.680220] [INFO] [path_server] 노드 업데이트 : [1145] ➜ [1146]
[2026-08-11 17:00:29.740139] [INFO] [path_server] 새로운 경로 설정 : path[1145 ➜ 105] time[0s] dist[58.5m] list[40] : 1145-1146-1147-1148-1077-1029-1030-1031-1032-1033-1034-1007-1008-1009-1010-1011-1012-1035-1036-1037-1038-1039-1040-1041-1042-1112-1113-1114-1115-1116-1117-1118-1119-1120-1121-1122-1123-1179-1180-105
[2026-08-11 17:00:33.053284] [INFO] [path_server] 노드 업데이트 : [1146] ➜ [1147]
[2026-08-11 17:00:33.133240] [INFO] [path_server] 새로운 경로 설정 : path[1146 ➜ 105] time[0s] dist[57m] list[39] : 1146-1147-1148-1077-1029-1030-1031-1032-1033-1034-1007-1008-1009-1010-1011-1012-1035-1036-1037-1038-1039-1040-1041-1042-1112-1113-1114-1115-1116-1117-1118-1119-1120-1121-1122-1123-1179-1180-105
[2026-08-11 17:00:34.171083] [INFO] [path_server] 노드 업데이트 : [1147] ➜ [1148]
[2026-08-11 17:00:34.231002] [INFO] [path_server] 새로운 경로 설정 : path[1147 ➜ 105] time[0s] dist[55.5m] list[38] : 1147-1148-1077-1029-1030-1031-1032-1033-1034-1007-1008-1009-1010-1011-1012-1035-1036-1037-1038-1039-1040-1041-1042-1112-1113-1114-1115-1116-1117-1118-1119-1120-1121-1122-1123-1179-1180-105
[2026-08-11 17:00:34.989407] [INFO] [path_server] 노드 업데이트 : [1148] ➜ [1077]
[2026-08-11 17:00:35.069309] [INFO] [path_server] 새로운 경로 설정 : path[1148 ➜ 105] time[0s] dist[54m] list[37] : 1148-1077-1029-1030-1031-1032-1033-1034-1007-1008-1009-1010-1011-1012-1035-1036-1037-1038-1039-1040-1041-1042-1112-1113-1114-1115-1116-1117-1118-1119-1120-1121-1122-1123-1179-1180-105
[2026-08-11 17:00:36.326699] [INFO] [path_server] 노드 업데이트 : [1077] ➜ [1029]
[2026-08-11 17:00:36.386598] [INFO] [path_server] 새로운 경로 설정 : path[1077 ➜ 105] time[0s] dist[52.5m] list[36] : 1077-1029-1030-1031-1032-1033-1034-1007-1008-1009-1010-1011-1012-1035-1036-1037-1038-1039-1040-1041-1042-1112-1113-1114-1115-1116-1117-1118-1119-1120-1121-1122-1123-1179-1180-105
[2026-08-11 17:00:39.660096] [INFO] [path_server] 노드 업데이트 : [1029] ➜ [1030]
[2026-08-11 17:00:39.740007] [INFO] [path_server] 새로운 경로 설정 : path[1029 ➜ 105] time[0s] dist[51m] list[35] : 1029-1030-1031-1032-1033-1034-1007-1008-1009-1010-1011-1012-1035-1036-1037-1038-1039-1040-1041-1042-1112-1113-1114-1115-1116-1117-1118-1119-1120-1121-1122-1123-1179-1180-105
[2026-08-11 17:00:40.798011] [INFO] [path_server] 노드 업데이트 : [1030] ➜ [1031]
[2026-08-11 17:00:40.857939] [INFO] [path_server] 새로운 경로 설정 : path[1030 ➜ 105] time[0s] dist[49.5m] list[34] : 1030-1031-1032-1033-1034-1007-1008-1009-1010-1011-1012-1035-1036-1037-1038-1039-1040-1041-1042-1112-1113-1114-1115-1116-1117-1118-1119-1120-1121-1122-1123-1179-1180-105
[2026-08-11 17:00:41.616532] [INFO] [path_server] 노드 업데이트 : [1031] ➜ [1032]
[2026-08-11 17:00:41.696501] [INFO] [path_server] 새로운 경로 설정 : path[1031 ➜ 105] time[0s] dist[48m] list[33] : 1031-1032-1033-1034-1007-1008-1009-1010-1011-1012-1035-1036-1037-1038-1039-1040-1041-1042-1112-1113-1114-1115-1116-1117-1118-1119-1120-1121-1122-1123-1179-1180-105
[2026-08-11 17:00:42.375001] [INFO] [path_server] 노드 업데이트 : [1032] ➜ [1033]
[2026-08-11 17:00:42.454959] [INFO] [path_server] 새로운 경로 설정 : path[1032 ➜ 105] time[0s] dist[46.5m] list[32] : 1032-1033-1034-1007-1008-1009-1010-1011-1012-1035-1036-1037-1038-1039-1040-1041-1042-1112-1113-1114-1115-1116-1117-1118-1119-1120-1121-1122-1123-1179-1180-105
[2026-08-11 17:00:43.133641] [INFO] [path_server] 노드 업데이트 : [1033] ➜ [1034]
[2026-08-11 17:00:43.193556] [INFO] [path_server] 새로운 경로 설정 : path[1033 ➜ 105] time[0s] dist[45m] list[31] : 1033-1034-1007-1008-1009-1010-1011-1012-1035-1036-1037-1038-1039-1040-1041-1042-1112-1113-1114-1115-1116-1117-1118-1119-1120-1121-1122-1123-1179-1180-105
[2026-08-11 17:00:43.872152] [INFO] [path_server] 노드 업데이트 : [1034] ➜ [1007]
[2026-08-11 17:00:43.952046] [INFO] [path_server] 새로운 경로 설정 : path[1034 ➜ 105] time[0s] dist[43.5m] list[30] : 1034-1007-1008-1009-1010-1011-1012-1035-1036-1037-1038-1039-1040-1041-1042-1112-1113-1114-1115-1116-1117-1118-1119-1120-1121-1122-1123-1179-1180-105
[2026-08-11 17:00:44.630758] [INFO] [path_server] 노드 업데이트 : [1007] ➜ [1008]
[2026-08-11 17:00:44.690681] [INFO] [path_server] 새로운 경로 설정 : path[1007 ➜ 105] time[0s] dist[42m] list[29] : 1007-1008-1009-1010-1011-1012-1035-1036-1037-1038-1039-1040-1041-1042-1112-1113-1114-1115-1116-1117-1118-1119-1120-1121-1122-1123-1179-1180-105
[2026-08-11 17:00:45.369470] [INFO] [path_server] 노드 업데이트 : [1008] ➜ [1009]
[2026-08-11 17:00:45.449442] [INFO] [path_server] 새로운 경로 설정 : path[1008 ➜ 105] time[0s] dist[40.5m] list[28] : 1008-1009-1010-1011-1012-1035-1036-1037-1038-1039-1040-1041-1042-1112-1113-1114-1115-1116-1117-1118-1119-1120-1121-1122-1123-1179-1180-105
[2026-08-11 17:00:46.128117] [INFO] [path_server] 노드 업데이트 : [1009] ➜ [1010]
[2026-08-11 17:00:46.188075] [INFO] [path_server] 새로운 경로 설정 : path[1009 ➜ 105] time[0s] dist[39m] list[27] : 1009-1010-1011-1012-1035-1036-1037-1038-1039-1040-1041-1042-1112-1113-1114-1115-1116-1117-1118-1119-1120-1121-1122-1123-1179-1180-105
[2026-08-11 17:00:46.866710] [INFO] [path_server] 노드 업데이트 : [1010] ➜ [1011]
[2026-08-11 17:00:46.946663] [INFO] [path_server] 새로운 경로 설정 : path[1010 ➜ 105] time[0s] dist[37.5m] list[26] : 1010-1011-1012-1035-1036-1037-1038-1039-1040-1041-1042-1112-1113-1114-1115-1116-1117-1118-1119-1120-1121-1122-1123-1179-1180-105
[2026-08-11 17:00:47.625329] [INFO] [path_server] 노드 업데이트 : [1011] ➜ [1012]
[2026-08-11 17:00:47.685215] [INFO] [path_server] 새로운 경로 설정 : path[1011 ➜ 105] time[0s] dist[36m] list[25] : 1011-1012-1035-1036-1037-1038-1039-1040-1041-1042-1112-1113-1114-1115-1116-1117-1118-1119-1120-1121-1122-1123-1179-1180-105
[2026-08-11 17:00:48.383862] [INFO] [path_server] 노드 업데이트 : [1012] ➜ [1035]
[2026-08-11 17:00:48.463789] [INFO] [path_server] 새로운 경로 설정 : path[1012 ➜ 105] time[0s] dist[34.5m] list[24] : 1012-1035-1036-1037-1038-1039-1040-1041-1042-1112-1113-1114-1115-1116-1117-1118-1119-1120-1121-1122-1123-1179-1180-105
[2026-08-11 17:00:49.122455] [INFO] [path_server] 노드 업데이트 : [1035] ➜ [1036]
[2026-08-11 17:00:49.182360] [INFO] [path_server] 새로운 경로 설정 : path[1035 ➜ 105] time[0s] dist[33m] list[23] : 1035-1036-1037-1038-1039-1040-1041-1042-1112-1113-1114-1115-1116-1117-1118-1119-1120-1121-1122-1123-1179-1180-105
[2026-08-11 17:00:49.881071] [INFO] [path_server] 노드 업데이트 : [1036] ➜ [1037]
[2026-08-11 17:00:49.960915] [INFO] [path_server] 새로운 경로 설정 : path[1036 ➜ 105] time[0s] dist[31.5m] list[22] : 1036-1037-1038-1039-1040-1041-1042-1112-1113-1114-1115-1116-1117-1118-1119-1120-1121-1122-1123-1179-1180-105
[2026-08-11 17:00:50.619662] [INFO] [path_server] 노드 업데이트 : [1037] ➜ [1038]
[2026-08-11 17:00:50.679581] [INFO] [path_server] 새로운 경로 설정 : path[1037 ➜ 105] time[0s] dist[30m] list[21] : 1037-1038-1039-1040-1041-1042-1112-1113-1114-1115-1116-1117-1118-1119-1120-1121-1122-1123-1179-1180-105
[2026-08-11 17:00:51.378158] [INFO] [path_server] 노드 업데이트 : [1038] ➜ [1039]
[2026-08-11 17:00:51.457999] [INFO] [path_server] 새로운 경로 설정 : path[1038 ➜ 105] time[0s] dist[28.5m] list[20] : 1038-1039-1040-1041-1042-1112-1113-1114-1115-1116-1117-1118-1119-1120-1121-1122-1123-1179-1180-105
[2026-08-11 17:00:52.116656] [INFO] [path_server] 노드 업데이트 : [1039] ➜ [1040]
[2026-08-11 17:00:52.176568] [INFO] [path_server] 새로운 경로 설정 : path[1039 ➜ 105] time[0s] dist[27m] list[19] : 1039-1040-1041-1042-1112-1113-1114-1115-1116-1117-1118-1119-1120-1121-1122-1123-1179-1180-105
[2026-08-11 17:00:52.875210] [INFO] [path_server] 노드 업데이트 : [1040] ➜ [1041]
[2026-08-11 17:00:52.955122] [INFO] [path_server] 새로운 경로 설정 : path[1040 ➜ 105] time[0s] dist[25.5m] list[18] : 1040-1041-1042-1112-1113-1114-1115-1116-1117-1118-1119-1120-1121-1122-1123-1179-1180-105
[2026-08-11 17:00:53.633897] [INFO] [path_server] 노드 업데이트 : [1041] ➜ [1042]
[2026-08-11 17:00:53.713845] [INFO] [path_server] 새로운 경로 설정 : path[1041 ➜ 105] time[0s] dist[24m] list[17] : 1041-1042-1112-1113-1114-1115-1116-1117-1118-1119-1120-1121-1122-1123-1179-1180-105
[2026-08-11 17:00:54.372584] [INFO] [path_server] 노드 업데이트 : [1042] ➜ [1112]
[2026-08-11 17:00:54.432519] [INFO] [path_server] 새로운 경로 설정 : path[1042 ➜ 105] time[0s] dist[22.5m] list[16] : 1042-1112-1113-1114-1115-1116-1117-1118-1119-1120-1121-1122-1123-1179-1180-105
[2026-08-11 17:00:55.689952] [INFO] [path_server] 노드 업데이트 : [1112] ➜ [1113]
[2026-08-11 17:00:55.749852] [INFO] [path_server] 새로운 경로 설정 : path[1112 ➜ 105] time[0s] dist[21m] list[15] : 1112-1113-1114-1115-1116-1117-1118-1119-1120-1121-1122-1123-1179-1180-105
[2026-08-11 17:00:59.043207] [INFO] [path_server] 노드 업데이트 : [1113] ➜ [1114]
[2026-08-11 17:00:59.103123] [INFO] [path_server] 새로운 경로 설정 : path[1113 ➜ 105] time[0s] dist[19.5m] list[14] : 1113-1114-1115-1116-1117-1118-1119-1120-1121-1122-1123-1179-1180-105
[2026-08-11 17:01:00.181011] [INFO] [path_server] 노드 업데이트 : [1114] ➜ [1115]
[2026-08-11 17:01:00.240922] [INFO] [path_server] 새로운 경로 설정 : path[1114 ➜ 105] time[0s] dist[18m] list[13] : 1114-1115-1116-1117-1118-1119-1120-1121-1122-1123-1179-1180-105
[2026-08-11 17:01:00.999405] [INFO] [path_server] 노드 업데이트 : [1115] ➜ [1116]
[2026-08-11 17:01:01.079277] [INFO] [path_server] 새로운 경로 설정 : path[1115 ➜ 105] time[0s] dist[16.5m] list[12] : 1115-1116-1117-1118-1119-1120-1121-1122-1123-1179-1180-105
[2026-08-11 17:01:01.757760] [INFO] [path_server] 노드 업데이트 : [1116] ➜ [1117]
[2026-08-11 17:01:01.837735] [INFO] [path_server] 새로운 경로 설정 : path[1116 ➜ 105] time[0s] dist[15m] list[11] : 1116-1117-1118-1119-1120-1121-1122-1123-1179-1180-105
[2026-08-11 17:01:02.516352] [INFO] [path_server] 노드 업데이트 : [1117] ➜ [1118]
[2026-08-11 17:01:02.576232] [INFO] [path_server] 새로운 경로 설정 : path[1117 ➜ 105] time[0s] dist[13.5m] list[10] : 1117-1118-1119-1120-1121-1122-1123-1179-1180-105
[2026-08-11 17:01:03.254775] [INFO] [path_server] 노드 업데이트 : [1118] ➜ [1119]
[2026-08-11 17:01:03.334680] [INFO] [path_server] 새로운 경로 설정 : path[1118 ➜ 105] time[0s] dist[12m] list[9] : 1118-1119-1120-1121-1122-1123-1179-1180-105
[2026-08-11 17:01:04.013515] [INFO] [path_server] 노드 업데이트 : [1119] ➜ [1120]
[2026-08-11 17:01:04.073403] [INFO] [path_server] 새로운 경로 설정 : path[1119 ➜ 105] time[0s] dist[10.5m] list[8] : 1119-1120-1121-1122-1123-1179-1180-105
[2026-08-11 17:01:04.851979] [INFO] [path_server] 노드 업데이트 : [1120] ➜ [1121]
[2026-08-11 17:01:04.931829] [INFO] [path_server] 새로운 경로 설정 : path[1120 ➜ 105] time[0s] dist[9m] list[7] : 1120-1121-1122-1123-1179-1180-105
[2026-08-11 17:01:08.505207] [INFO] [path_server] 노드 업데이트 : [1121] ➜ [1122]
[2026-08-11 17:01:08.585125] [INFO] [path_server] 새로운 경로 설정 : path[1121 ➜ 105] time[0s] dist[7.5m] list[6] : 1121-1122-1123-1179-1180-105
[2026-08-11 17:01:09.862552] [INFO] [path_server] 노드 업데이트 : [1122] ➜ [1123]
[2026-08-11 17:01:09.922468] [INFO] [path_server] 새로운 경로 설정 : path[1122 ➜ 105] time[0s] dist[6m] list[5] : 1122-1123-1179-1180-105
[2026-08-11 17:01:10.920563] [INFO] [path_server] 노드 업데이트 : [1123] ➜ [1179]
[2026-08-11 17:01:11.000435] [INFO] [path_server] 새로운 경로 설정 : path[1123 ➜ 105] time[0s] dist[4.5m] list[4] : 1123-1179-1180-105
[2026-08-11 17:01:14.233873] [INFO] [path_server] 노드 업데이트 : [1179] ➜ [1180]
[2026-08-11 17:01:14.293755] [INFO] [path_server] 새로운 경로 설정 : path[1179 ➜ 105] time[0s] dist[3m] list[3] : 1179-1180-105
[2026-08-11 17:01:15.610982] [INFO] [path_server] 노드 업데이트 : [1180] ➜ [105]
[2026-08-11 17:01:15.670884] [INFO] [path_server] 새로운 경로 설정 : path[1180 ➜ 105] time[0s] dist[1.5m] list[2] : 1180-105
[2026-08-11 17:01:20.821689] [INFO] [path_server] 노드 업데이트 : [105] ➜ [-1]
[2026-08-11 17:01:23.695877] [INFO] [course_tracker] 목적지에서 각도 정렬 : [5.500m 2.500m 0.000°]
[2026-08-11 17:01:23.735820] [INFO] [path_server] 노드 업데이트 : [105] ➜ [-1]
[2026-08-11 17:01:23.755718] [INFO] [task::fsm] push_done
[2026-08-11 17:01:23.795701] [INFO] [task::fsm] charging
[2026-08-11 17:01:23.795735] [INFO] [health_monitor] [등록][100015, 100001] : 자동 충전 시작.
[2026-08-11 17:01:23.795710] [INFO] [power_system] 충전 프로세스 시작
[2026-08-11 17:01:28.805577] [INFO] [health_monitor] [삭제][100015, 100001] : 자동 충전 시작.
[2026-08-11 17:01:40.841111] [INFO] [health_monitor] [삭제][100015, 200001] : 배터리 남은 양 - 주의
[2026-08-11 17:02:04.832459] [INFO] [power_system] 충전 완료
[2026-08-11 17:02:04.832483] [INFO] [health_monitor] [등록][100015, 100003] : 자동 충전 해제 시작.
[2026-08-11 17:02:04.832479] [INFO] [health_monitor] [등록][100015, 100002] : 배터리 가득.
[2026-08-11 17:02:09.842346] [INFO] [health_monitor] [삭제][100015, 100002] : 배터리 가득.
[2026-08-11 17:02:09.842355] [INFO] [health_monitor] [삭제][100015, 100003] : 자동 충전 해제 시작.
[2026-08-11 17:02:09.862333] [INFO] [power_system] 충전 해제 완료
[2026-08-11 17:02:09.862343] [INFO] [health_monitor] [등록][100015, 100004] : 자동 충전 해제 완료.
[2026-08-11 17:02:09.882290] [INFO] [task::fsm] discharging
[2026-08-11 17:02:09.882296] [INFO] [power_system] 충전 해제 프로세스 시작
[2026-08-11 17:02:09.882304] [INFO] [health_monitor] [등록][100015, 100003] : 자동 충전 해제 시작.
[2026-08-11 17:02:09.902226] [INFO] [task::fsm] idle
[2026-08-11 17:02:09.902236] [INFO] [path_server] 경로 삭제
[2026-08-11 17:02:09.902234] [INFO] [course_manager] 코스 삭제
[2026-08-11 17:02:09.942185] [INFO] [task::fsm] idle
[2026-08-11 17:02:09.942192] [INFO] [path_server] 경로 삭제
[2026-08-11 17:02:09.942190] [INFO] [course_manager] 코스 삭제
[2026-08-11 17:02:14.872255] [INFO] [health_monitor] [삭제][100015, 100004] : 자동 충전 해제 완료.
[2026-08-11 17:02:14.892283] [INFO] [health_monitor] [삭제][100015, 100003] : 자동 충전 해제 시작.
[2026-08-11 17:03:34.366405] [INFO] [framework] 프로그램 시작
[2026-08-11 17:03:34.366408] [WARNING] [framework] 프로그램 시작
[2026-08-11 17:03:34.366413] [INFO] [framework] 설정 파일 위치 : ../configs/robot_10
[2026-08-11 17:03:34.366412] [CRITICAL] [framework] 프로그램 시작
[2026-08-11 17:03:34.366557] [INFO] [framework] ID[0, 10], 이름[전시입], 제어주기[20ms], 버젼[], 장소[우리집], 환경모드[simulation]
[2026-08-11 17:03:34.366578] [INFO] [mediator] 생성
[2026-08-11 17:03:34.366599] [INFO] [graph_manager] 생성
[2026-08-11 17:03:34.391582] [INFO] [stop_server] 생성
[2026-08-11 17:03:34.391597] [INFO] [health_monitor] 생성
[2026-08-11 17:03:34.391625] [INFO] [path_server] 생성
[2026-08-11 17:03:34.391641] [INFO] [course_manager] 생성
[2026-08-11 17:03:34.391656] [INFO] [task::fsm] 생성
[2026-08-11 17:03:34.391657] [INFO] [task::fsm] idle
[2026-08-11 17:03:34.391662] [INFO] [course_manager] 코스 삭제
[2026-08-11 17:03:34.391663] [INFO] [path_server] 경로 삭제
[2026-08-11 17:03:34.391676] [INFO] [task_manager] 생성
[2026-08-11 17:03:34.391785] [INFO] [mediator] connectors 생성
[2026-08-11 17:03:34.391801] [INFO] [fms] 생성
[2026-08-11 17:03:34.391803] [INFO] [fms] 통신 드라이버 생성
[2026-08-11 17:03:34.392063] [INFO] [motions] 생성
[2026-08-11 17:03:34.392080] [INFO] [localizers] 생성
[2026-08-11 17:03:34.392172] [INFO] [localizers] 파라미터 : 

[2026-08-11 17:03:34.392187] [INFO] [safety_plc] 생성
[2026-08-11 17:03:34.392201] [INFO] [load_handler] 생성
[2026-08-11 17:03:34.392213] [INFO] [power_system] 생성
[2026-08-11 17:03:34.392308] [INFO] [power_system] 설정 정보 : remaining[40%, 10%, 5%]
[2026-08-11 17:03:34.392675] [INFO] [power_system] 알람 목록 : 
 • [100015, 100001] [INFO] 자동 충전 시작.
 • [100015, 100002] [INFO] 배터리 가득.
 • [100015, 400001] [CRIT] 배터리 남은 양 - 위험
 • [100015, 300001] [ERROR] 배터리 남은 양 - 에러
 • [100015, 200001] [WARN] 배터리 남은 양 - 주의
 • [100015, 100004] [INFO] 자동 충전 해제 완료.
 • [100015, 100003] [INFO] 자동 충전 해제 시작.
[2026-08-11 17:03:34.392678] [INFO] [mediator] connector 의존성 주입
[2026-08-11 17:03:34.392681] [INFO] [mediator] any map 등록
[2026-08-11 17:03:34.392687] [INFO] [mediator] any collector 등록
[2026-08-11 17:03:34.392690] [INFO] [mediator] any collector 목록 검사
[2026-08-11 17:03:34.392732] [INFO] [framework] after init 실행
[2026-08-11 17:03:34.393092] [INFO] [course_tracker] 생성
[2026-08-11 17:03:34.393115] [INFO] [course_tracker] 파라미터 : 
◈ node_bound[0.020m, 0.150m, 0.005m]
 • approach[0.150m, 0.050m/s, -0.005m, -0.200m, 0.100m]
 • align[(10.000°, 5.000°/s), 50.000°, 30.000°/s), 0.800°, -0.100°]
◈ motion param : 
 • reference_angle[0.000°, 45.000°]
 • threshold_angle[15.000°, 20.000°, 170.000°]
 • threshold_error[0.300°, 5.000°]
 • normal[0.150m/s, 8.000, 0.800m/s, 0.500]
 • angle[0.150m/s, 1.500, 0.800m/s, 2.100]
 • protection_overshoot[0.100m/s, 0.900, 0.500m/s, 0.900]
 • speed_rotation[15.000°/s]
[2026-08-11 17:03:34.393118] [INFO] [framework] 제어 쓰레드 시작
[2026-08-11 17:03:34.393167] [INFO] [path_server] 노드 초기화 성공 : 로봇 좌표[5.504m 2.498m -179.479°] 최단 거리 노드[105] 거리(0.004408m)
[2026-08-11 17:03:35.652937] [INFO] [task::fsm] charging
[2026-08-11 17:03:35.652951] [INFO] [power_system] 충전 프로세스 시작
[2026-08-11 17:03:35.652974] [INFO] [health_monitor] [등록][100015, 100001] : 자동 충전 시작.
[2026-08-11 17:03:40.663988] [INFO] [health_monitor] [삭제][100015, 100001] : 자동 충전 시작.
[2026-08-11 17:03:53.538551] [INFO] [power_system] 충전 완료
[2026-08-11 17:03:53.538573] [INFO] [health_monitor] [등록][100015, 100003] : 자동 충전 해제 시작.
[2026-08-11 17:03:53.538569] [INFO] [health_monitor] [등록][100015, 100002] : 배터리 가득.
[2026-08-11 17:03:58.548455] [INFO] [health_monitor] [삭제][100015, 100002] : 배터리 가득.
[2026-08-11 17:03:58.548461] [INFO] [health_monitor] [삭제][100015, 100003] : 자동 충전 해제 시작.
[2026-08-11 17:03:58.568359] [INFO] [power_system] 충전 해제 완료
[2026-08-11 17:03:58.568369] [INFO] [health_monitor] [등록][100015, 100004] : 자동 충전 해제 완료.
[2026-08-11 17:03:58.588368] [INFO] [task::fsm] discharging
[2026-08-11 17:03:58.588375] [INFO] [power_system] 충전 해제 프로세스 시작
[2026-08-11 17:03:58.588387] [INFO] [health_monitor] [등록][100015, 100003] : 자동 충전 해제 시작.
[2026-08-11 17:03:58.608324] [INFO] [task::fsm] idle
[2026-08-11 17:03:58.608329] [INFO] [path_server] 경로 삭제
[2026-08-11 17:03:58.608328] [INFO] [course_manager] 코스 삭제
[2026-08-11 17:03:58.648253] [INFO] [task::fsm] idle
[2026-08-11 17:03:58.648261] [INFO] [path_server] 경로 삭제
[2026-08-11 17:03:58.648259] [INFO] [course_manager] 코스 삭제
[2026-08-11 17:04:03.578466] [INFO] [health_monitor] [삭제][100015, 100004] : 자동 충전 해제 완료.
[2026-08-11 17:04:03.598374] [INFO] [health_monitor] [삭제][100015, 100003] : 자동 충전 해제 시작.
[2026-08-11 17:04:53.661570] [INFO] [task::fsm] charging
[2026-08-11 17:04:53.661577] [INFO] [power_system] 충전 프로세스 시작
[2026-08-11 17:04:53.661588] [INFO] [health_monitor] [등록][100015, 100001] : 자동 충전 시작.
[2026-08-11 17:04:58.671657] [INFO] [health_monitor] [삭제][100015, 100001] : 자동 충전 시작.
[2026-08-11 17:05:07.394234] [INFO] [power_system] 충전 완료
[2026-08-11 17:05:07.394257] [INFO] [health_monitor] [등록][100015, 100003] : 자동 충전 해제 시작.
[2026-08-11 17:05:07.394254] [INFO] [health_monitor] [등록][100015, 100002] : 배터리 가득.
[2026-08-11 17:05:12.404983] [INFO] [health_monitor] [삭제][100015, 100002] : 배터리 가득.
[2026-08-11 17:05:12.404989] [INFO] [health_monitor] [삭제][100015, 100003] : 자동 충전 해제 시작.
[2026-08-11 17:05:12.424978] [INFO] [power_system] 충전 해제 완료
[2026-08-11 17:05:12.424994] [INFO] [health_monitor] [등록][100015, 100004] : 자동 충전 해제 완료.
[2026-08-11 17:05:12.444926] [INFO] [task::fsm] discharging
[2026-08-11 17:05:12.444933] [INFO] [power_system] 충전 해제 프로세스 시작
[2026-08-11 17:05:12.444945] [INFO] [health_monitor] [등록][100015, 100003] : 자동 충전 해제 시작.
[2026-08-11 17:05:12.464830] [INFO] [task::fsm] idle
[2026-08-11 17:05:12.464834] [INFO] [course_manager] 코스 삭제
[2026-08-11 17:05:12.464844] [INFO] [path_server] 경로 삭제
[2026-08-11 17:05:12.504797] [INFO] [task::fsm] idle
[2026-08-11 17:05:12.504804] [INFO] [path_server] 경로 삭제
[2026-08-11 17:05:12.504802] [INFO] [course_manager] 코스 삭제
[2026-08-11 17:05:17.435269] [INFO] [health_monitor] [삭제][100015, 100004] : 자동 충전 해제 완료.
[2026-08-11 17:05:17.455269] [INFO] [health_monitor] [삭제][100015, 100003] : 자동 충전 해제 시작.
[2026-08-11 17:06:07.497695] [INFO] [task::fsm] charging
[2026-08-11 17:06:07.497702] [INFO] [power_system] 충전 프로세스 시작
[2026-08-11 17:06:07.497711] [INFO] [health_monitor] [등록][100015, 100001] : 자동 충전 시작.
[2026-08-11 17:06:12.507551] [INFO] [health_monitor] [삭제][100015, 100001] : 자동 충전 시작.
[2026-08-11 17:06:21.211797] [INFO] [power_system] 충전 완료
[2026-08-11 17:06:21.211808] [INFO] [health_monitor] [등록][100015, 100002] : 배터리 가득.
[2026-08-11 17:06:21.211810] [INFO] [health_monitor] [등록][100015, 100003] : 자동 충전 해제 시작.
[2026-08-11 17:06:26.222536] [INFO] [health_monitor] [삭제][100015, 100002] : 배터리 가득.
[2026-08-11 17:06:26.222542] [INFO] [health_monitor] [삭제][100015, 100003] : 자동 충전 해제 시작.
[2026-08-11 17:06:26.242527] [INFO] [power_system] 충전 해제 완료
[2026-08-11 17:06:26.242538] [INFO] [health_monitor] [등록][100015, 100004] : 자동 충전 해제 완료.
[2026-08-11 17:06:26.262411] [INFO] [task::fsm] discharging
[2026-08-11 17:06:26.262418] [INFO] [power_system] 충전 해제 프로세스 시작
[2026-08-11 17:06:26.262426] [INFO] [health_monitor] [등록][100015, 100003] : 자동 충전 해제 시작.
[2026-08-11 17:06:26.282423] [INFO] [task::fsm] idle
[2026-08-11 17:06:26.282428] [INFO] [course_manager] 코스 삭제
[2026-08-11 17:06:26.282430] [INFO] [path_server] 경로 삭제
[2026-08-11 17:06:26.302392] [INFO] [task::fsm] idle
[2026-08-11 17:06:26.302396] [INFO] [course_manager] 코스 삭제
[2026-08-11 17:06:26.302398] [INFO] [path_server] 경로 삭제
[2026-08-11 17:06:31.253032] [INFO] [health_monitor] [삭제][100015, 100004] : 자동 충전 해제 완료.
[2026-08-11 17:06:31.272938] [INFO] [health_monitor] [삭제][100015, 100003] : 자동 충전 해제 시작.
[2026-08-11 17:07:21.333889] [INFO] [task::fsm] charging
[2026-08-11 17:07:21.333897] [INFO] [power_system] 충전 프로세스 시작
[2026-08-11 17:07:21.333912] [INFO] [health_monitor] [등록][100015, 100001] : 자동 충전 시작.
[2026-08-11 17:07:26.343711] [INFO] [health_monitor] [삭제][100015, 100001] : 자동 충전 시작.
[2026-08-11 17:07:35.066729] [INFO] [power_system] 충전 완료
[2026-08-11 17:07:35.066747] [INFO] [health_monitor] [등록][100015, 100002] : 배터리 가득.
[2026-08-11 17:07:35.066749] [INFO] [health_monitor] [등록][100015, 100003] : 자동 충전 해제 시작.
[2026-08-11 17:07:40.076906] [INFO] [health_monitor] [삭제][100015, 100002] : 배터리 가득.
[2026-08-11 17:07:40.076912] [INFO] [health_monitor] [삭제][100015, 100003] : 자동 충전 해제 시작.
[2026-08-11 17:07:40.096832] [INFO] [power_system] 충전 해제 완료
[2026-08-11 17:07:40.096844] [INFO] [health_monitor] [등록][100015, 100004] : 자동 충전 해제 완료.
[2026-08-11 17:07:40.116823] [INFO] [task::fsm] discharging
[2026-08-11 17:07:40.116832] [INFO] [power_system] 충전 해제 프로세스 시작
[2026-08-11 17:07:40.116845] [INFO] [health_monitor] [등록][100015, 100003] : 자동 충전 해제 시작.
[2026-08-11 17:07:40.136781] [INFO] [task::fsm] idle
[2026-08-11 17:07:40.136786] [INFO] [course_manager] 코스 삭제
[2026-08-11 17:07:40.136788] [INFO] [path_server] 경로 삭제
[2026-08-11 17:07:40.176693] [INFO] [task::fsm] idle
[2026-08-11 17:07:40.176698] [INFO] [course_manager] 코스 삭제
[2026-08-11 17:07:40.176700] [INFO] [path_server] 경로 삭제
[2026-08-11 17:07:45.107229] [INFO] [health_monitor] [삭제][100015, 100004] : 자동 충전 해제 완료.
[2026-08-11 17:07:45.127242] [INFO] [health_monitor] [삭제][100015, 100003] : 자동 충전 해제 시작.
[2026-08-11 17:08:29.619508] [INFO] [path_server] 새로운 경로 설정 : path[105 ➜ 1004] time[0s] dist[19.5m] list[14] : 105-1180-1181-1182-1183-1184-1045-1046-1047-1048-1001-1002-1003-1004
[2026-08-11 17:08:29.619518] [INFO] [course_tracker] 방향 정렬 완료 
[2026-08-11 17:08:36.785407] [INFO] [path_server] 노드 업데이트 : [1180] ➜ [1181]
[2026-08-11 17:08:36.865299] [INFO] [path_server] 새로운 경로 설정 : path[1180 ➜ 1004] time[0s] dist[18m] list[13] : 1180-1181-1182-1183-1184-1045-1046-1047-1048-1001-1002-1003-1004
[2026-08-11 17:08:45.787509] [INFO] [path_server] 노드 업데이트 : [1181] ➜ [1182]
[2026-08-11 17:08:45.847412] [INFO] [path_server] 새로운 경로 설정 : path[1181 ➜ 1004] time[0s] dist[16.5m] list[12] : 1181-1182-1183-1184-1045-1046-1047-1048-1001-1002-1003-1004
[2026-08-11 17:08:47.883355] [INFO] [path_server] 노드 업데이트 : [1182] ➜ [1183]
[2026-08-11 17:08:47.943253] [INFO] [path_server] 새로운 경로 설정 : path[1182 ➜ 1004] time[0s] dist[15m] list[11] : 1182-1183-1184-1045-1046-1047-1048-1001-1002-1003-1004
[2026-08-11 17:08:49.739610] [INFO] [path_server] 노드 업데이트 : [1183] ➜ [1184]
[2026-08-11 17:08:49.819621] [INFO] [path_server] 새로운 경로 설정 : path[1183 ➜ 1004] time[0s] dist[13.5m] list[10] : 1183-1184-1045-1046-1047-1048-1001-1002-1003-1004
[2026-08-11 17:08:52.314650] [INFO] [path_server] 노드 업데이트 : [1184] ➜ [1045]
[2026-08-11 17:08:52.394588] [INFO] [path_server] 새로운 경로 설정 : path[1184 ➜ 1004] time[0s] dist[12m] list[9] : 1184-1045-1046-1047-1048-1001-1002-1003-1004
[2026-08-11 17:08:53.751859] [INFO] [path_server] 노드 업데이트 : [1045] ➜ [1046]
[2026-08-11 17:08:53.831823] [INFO] [path_server] 새로운 경로 설정 : path[1045 ➜ 1004] time[0s] dist[10.5m] list[8] : 1045-1046-1047-1048-1001-1002-1003-1004
[2026-08-11 17:08:57.105239] [INFO] [path_server] 노드 업데이트 : [1046] ➜ [1047]
[2026-08-11 17:08:57.185164] [INFO] [path_server] 새로운 경로 설정 : path[1046 ➜ 1004] time[0s] dist[9m] list[7] : 1046-1047-1048-1001-1002-1003-1004
[2026-08-11 17:08:58.324151] [INFO] [path_server] 노드 업데이트 : [1047] ➜ [1048]
[2026-08-11 17:08:58.404374] [INFO] [path_server] 새로운 경로 설정 : path[1047 ➜ 1004] time[0s] dist[7.5m] list[6] : 1047-1048-1001-1002-1003-1004
[2026-08-11 17:09:00.122592] [INFO] [path_server] 노드 업데이트 : [1048] ➜ [1001]
[2026-08-11 17:09:00.202460] [INFO] [path_server] 새로운 경로 설정 : path[1048 ➜ 1004] time[0s] dist[6m] list[5] : 1048-1001-1002-1003-1004
[2026-08-11 17:09:02.358011] [INFO] [path_server] 노드 업데이트 : [1001] ➜ [1002]
[2026-08-11 17:09:02.417921] [INFO] [path_server] 새로운 경로 설정 : path[1001 ➜ 1004] time[0s] dist[4.5m] list[4] : 1001-1002-1003-1004
[2026-08-11 17:09:07.228346] [INFO] [path_server] 노드 업데이트 : [1002] ➜ [1003]
[2026-08-11 17:09:07.308196] [INFO] [path_server] 새로운 경로 설정 : path[1002 ➜ 1004] time[0s] dist[3m] list[3] : 1002-1003-1004
[2026-08-11 17:09:42.599135] [INFO] [path_server] 노드 업데이트 : [1003] ➜ [1004]
[2026-08-11 17:09:42.659046] [INFO] [path_server] 새로운 경로 설정 : path[1003 ➜ 1004] time[0s] dist[1.5m] list[2] : 1003-1004
[2026-08-11 17:09:59.806252] [INFO] [path_server] 새로운 경로 설정 : path[1004 ➜ 205] time[0s] dist[12m] list[10] : 1003-1004-1013-1049-1050-1014-1201-1200-1202-205
[2026-08-11 17:10:09.847589] [INFO] [health_monitor] [등록][100015, 200001] : 배터리 남은 양 - 주의
[2026-08-11 17:10:13.400350] [INFO] [path_server] 노드 업데이트 : [1004] ➜ [1013]
[2026-08-11 17:10:13.480270] [INFO] [path_server] 새로운 경로 설정 : path[1004 ➜ 205] time[0s] dist[12m] list[9] : 1004-1013-1049-1050-1014-1201-1200-1202-205
[2026-08-11 17:10:16.753686] [INFO] [path_server] 노드 업데이트 : [1013] ➜ [1049]
[2026-08-11 17:10:16.833618] [INFO] [path_server] 새로운 경로 설정 : path[1013 ➜ 205] time[0s] dist[10.5m] list[8] : 1013-1049-1050-1014-1201-1200-1202-205
[2026-08-11 17:10:17.891321] [INFO] [path_server] 노드 업데이트 : [1049] ➜ [1050]
[2026-08-11 17:10:17.971230] [INFO] [path_server] 새로운 경로 설정 : path[1049 ➜ 205] time[0s] dist[9m] list[7] : 1049-1050-1014-1201-1200-1202-205
[2026-08-11 17:10:19.228657] [INFO] [path_server] 노드 업데이트 : [1050] ➜ [1014]
[2026-08-11 17:10:19.308507] [INFO] [path_server] 새로운 경로 설정 : path[1050 ➜ 205] time[0s] dist[7.5m] list[6] : 1050-1014-1201-1200-1202-205
[2026-08-11 17:10:22.622052] [INFO] [path_server] 노드 업데이트 : [1014] ➜ [1201]
[2026-08-11 17:10:22.701937] [INFO] [path_server] 새로운 경로 설정 : path[1014 ➜ 205] time[0s] dist[6m] list[5] : 1014-1201-1200-1202-205
[2026-08-11 17:10:23.740324] [INFO] [path_server] 노드 업데이트 : [1201] ➜ [1200]
[2026-08-11 17:10:23.820234] [INFO] [path_server] 새로운 경로 설정 : path[1201 ➜ 205] time[0s] dist[4.5m] list[4] : 1201-1200-1202-205
[2026-08-11 17:10:24.558730] [INFO] [path_server] 노드 업데이트 : [1200] ➜ [1202]
[2026-08-11 17:10:24.618615] [INFO] [path_server] 새로운 경로 설정 : path[1200 ➜ 205] time[0s] dist[3m] list[3] : 1200-1202-205
[2026-08-11 17:10:25.896024] [INFO] [path_server] 노드 업데이트 : [1202] ➜ [205]
[2026-08-11 17:10:25.975933] [INFO] [path_server] 새로운 경로 설정 : path[1202 ➜ 205] time[0s] dist[1.5m] list[2] : 1202-205
[2026-08-11 17:10:31.105414] [INFO] [path_server] 노드 업데이트 : [205] ➜ [-1]
[2026-08-11 17:10:33.999629] [INFO] [course_tracker] 목적지에서 각도 정렬 : [23.500m 7.000m 0.000°]
[2026-08-11 17:10:34.039492] [INFO] [path_server] 노드 업데이트 : [205] ➜ [-1]
[2026-08-11 17:10:34.059501] [INFO] [task::fsm] push_done
[2026-08-11 17:10:34.119388] [INFO] [task::fsm] idle
[2026-08-11 17:10:34.119393] [INFO] [course_manager] 코스 삭제
[2026-08-11 17:10:34.119395] [INFO] [path_server] 경로 삭제
[2026-08-11 17:10:55.517570] [INFO] [path_server] 새로운 경로 설정 : path[205 ➜ 102] time[0s] dist[75m] list[51] : 205-1202-1203-1204-1205-1206-1207-1208-1145-1146-1147-1148-1077-1029-1030-1031-1032-1033-1034-1007-1008-1009-1010-1011-1012-1035-1036-1037-1038-1039-1040-1041-1042-1112-1113-1114-1115-1116-1117-1118-1119-1120-1121-1122-1123-1179-1180-1181-1182-1183-102
[2026-08-11 17:11:00.408448] [INFO] [path_server] 노드 업데이트 : [1202] ➜ [1203]
[2026-08-11 17:11:00.488371] [INFO] [path_server] 새로운 경로 설정 : path[1202 ➜ 102] time[0s] dist[73.5m] list[50] : 1202-1203-1204-1205-1206-1207-1208-1145-1146-1147-1148-1077-1029-1030-1031-1032-1033-1034-1007-1008-1009-1010-1011-1012-1035-1036-1037-1038-1039-1040-1041-1042-1112-1113-1114-1115-1116-1117-1118-1119-1120-1121-1122-1123-1179-1180-1181-1182-1183-102
[2026-08-11 17:11:04.021566] [INFO] [path_server] 노드 업데이트 : [1203] ➜ [1204]
[2026-08-11 17:11:04.081484] [INFO] [path_server] 새로운 경로 설정 : path[1203 ➜ 102] time[0s] dist[72m] list[49] : 1203-1204-1205-1206-1207-1208-1145-1146-1147-1148-1077-1029-1030-1031-1032-1033-1034-1007-1008-1009-1010-1011-1012-1035-1036-1037-1038-1039-1040-1041-1042-1112-1113-1114-1115-1116-1117-1118-1119-1120-1121-1122-1123-1179-1180-1181-1182-1183-102
[2026-08-11 17:11:05.159431] [INFO] [path_server] 노드 업데이트 : [1204] ➜ [1205]
[2026-08-11 17:11:05.219358] [INFO] [path_server] 새로운 경로 설정 : path[1204 ➜ 102] time[0s] dist[70.5m] list[48] : 1204-1205-1206-1207-1208-1145-1146-1147-1148-1077-1029-1030-1031-1032-1033-1034-1007-1008-1009-1010-1011-1012-1035-1036-1037-1038-1039-1040-1041-1042-1112-1113-1114-1115-1116-1117-1118-1119-1120-1121-1122-1123-1179-1180-1181-1182-1183-102
[2026-08-11 17:11:05.977851] [INFO] [path_server] 노드 업데이트 : [1205] ➜ [1206]
[2026-08-11 17:11:06.057757] [INFO] [path_server] 새로운 경로 설정 : path[1205 ➜ 102] time[0s] dist[69m] list[47] : 1205-1206-1207-1208-1145-1146-1147-1148-1077-1029-1030-1031-1032-1033-1034-1007-1008-1009-1010-1011-1012-1035-1036-1037-1038-1039-1040-1041-1042-1112-1113-1114-1115-1116-1117-1118-1119-1120-1121-1122-1123-1179-1180-1181-1182-1183-102
[2026-08-11 17:11:06.736346] [INFO] [path_server] 노드 업데이트 : [1206] ➜ [1207]
[2026-08-11 17:11:06.816382] [INFO] [path_server] 새로운 경로 설정 : path[1206 ➜ 102] time[0s] dist[67.51m] list[46] : 1206-1207-1208-1145-1146-1147-1148-1077-1029-1030-1031-1032-1033-1034-1007-1008-1009-1010-1011-1012-1035-1036-1037-1038-1039-1040-1041-1042-1112-1113-1114-1115-1116-1117-1118-1119-1120-1121-1122-1123-1179-1180-1181-1182-1183-102
[2026-08-11 17:11:07.494940] [INFO] [path_server] 노드 업데이트 : [1207] ➜ [1208]
[2026-08-11 17:11:07.554874] [INFO] [path_server] 새로운 경로 설정 : path[1207 ➜ 102] time[0s] dist[66m] list[45] : 1207-1208-1145-1146-1147-1148-1077-1029-1030-1031-1032-1033-1034-1007-1008-1009-1010-1011-1012-1035-1036-1037-1038-1039-1040-1041-1042-1112-1113-1114-1115-1116-1117-1118-1119-1120-1121-1122-1123-1179-1180-1181-1182-1183-102
[2026-08-11 17:11:08.233480] [INFO] [path_server] 노드 업데이트 : [1208] ➜ [1145]
[2026-08-11 17:11:08.313439] [INFO] [path_server] 새로운 경로 설정 : path[1208 ➜ 102] time[0s] dist[64.5m] list[44] : 1208-1145-1146-1147-1148-1077-1029-1030-1031-1032-1033-1034-1007-1008-1009-1010-1011-1012-1035-1036-1037-1038-1039-1040-1041-1042-1112-1113-1114-1115-1116-1117-1118-1119-1120-1121-1122-1123-1179-1180-1181-1182-1183-102
[2026-08-11 17:11:09.550918] [INFO] [path_server] 노드 업데이트 : [1145] ➜ [1146]
[2026-08-11 17:11:09.630868] [INFO] [path_server] 새로운 경로 설정 : path[1145 ➜ 102] time[0s] dist[63m] list[43] : 1145-1146-1147-1148-1077-1029-1030-1031-1032-1033-1034-1007-1008-1009-1010-1011-1012-1035-1036-1037-1038-1039-1040-1041-1042-1112-1113-1114-1115-1116-1117-1118-1119-1120-1121-1122-1123-1179-1180-1181-1182-1183-102
[2026-08-11 17:11:12.924597] [INFO] [path_server] 노드 업데이트 : [1146] ➜ [1147]
[2026-08-11 17:11:13.004477] [INFO] [path_server] 새로운 경로 설정 : path[1146 ➜ 102] time[0s] dist[61.5m] list[42] : 1146-1147-1148-1077-1029-1030-1031-1032-1033-1034-1007-1008-1009-1010-1011-1012-1035-1036-1037-1038-1039-1040-1041-1042-1112-1113-1114-1115-1116-1117-1118-1119-1120-1121-1122-1123-1179-1180-1181-1182-1183-102
[2026-08-11 17:11:14.042475] [INFO] [path_server] 노드 업데이트 : [1147] ➜ [1148]
[2026-08-11 17:11:14.122546] [INFO] [path_server] 새로운 경로 설정 : path[1147 ➜ 102] time[0s] dist[60m] list[41] : 1147-1148-1077-1029-1030-1031-1032-1033-1034-1007-1008-1009-1010-1011-1012-1035-1036-1037-1038-1039-1040-1041-1042-1112-1113-1114-1115-1116-1117-1118-1119-1120-1121-1122-1123-1179-1180-1181-1182-1183-102
[2026-08-11 17:11:14.861063] [INFO] [path_server] 노드 업데이트 : [1148] ➜ [1077]
[2026-08-11 17:11:14.940975] [INFO] [path_server] 새로운 경로 설정 : path[1148 ➜ 102] time[0s] dist[58.5m] list[40] : 1148-1077-1029-1030-1031-1032-1033-1034-1007-1008-1009-1010-1011-1012-1035-1036-1037-1038-1039-1040-1041-1042-1112-1113-1114-1115-1116-1117-1118-1119-1120-1121-1122-1123-1179-1180-1181-1182-1183-102
[2026-08-11 17:11:16.338457] [INFO] [path_server] 노드 업데이트 : [1077] ➜ [1029]
[2026-08-11 17:11:16.398414] [INFO] [path_server] 새로운 경로 설정 : path[1077 ➜ 102] time[0s] dist[57m] list[39] : 1077-1029-1030-1031-1032-1033-1034-1007-1008-1009-1010-1011-1012-1035-1036-1037-1038-1039-1040-1041-1042-1112-1113-1114-1115-1116-1117-1118-1119-1120-1121-1122-1123-1179-1180-1181-1182-1183-102
[2026-08-11 17:11:21.788079] [INFO] [path_server] 노드 업데이트 : [1029] ➜ [1030]
[2026-08-11 17:11:21.848026] [INFO] [path_server] 새로운 경로 설정 : path[1029 ➜ 102] time[0s] dist[55.5m] list[38] : 1029-1030-1031-1032-1033-1034-1007-1008-1009-1010-1011-1012-1035-1036-1037-1038-1039-1040-1041-1042-1112-1113-1114-1115-1116-1117-1118-1119-1120-1121-1122-1123-1179-1180-1181-1182-1183-102
[2026-08-11 17:11:24.922861] [INFO] [path_server] 노드 업데이트 : [1030] ➜ [1031]
[2026-08-11 17:11:25.741508] [INFO] [path_server] 새로운 경로 설정 : path[-1 ➜ -1] time[0s] dist[0m] list[0] : 
[2026-08-11 17:12:05.624929] [INFO] [path_server] 새로운 경로 설정 : path[1030 ➜ 109] time[0s] dist[15m] list[11] : 1030-1031-1032-1033-1034-1007-1167-1168-1169-1170-109
[2026-08-11 17:12:07.461245] [INFO] [path_server] 노드 업데이트 : [1031] ➜ [1032]
[2026-08-11 17:12:07.521153] [INFO] [path_server] 새로운 경로 설정 : path[1031 ➜ 109] time[0s] dist[13.5m] list[10] : 1031-1032-1033-1034-1007-1167-1168-1169-1170-109
[2026-08-11 17:12:08.698703] [INFO] [path_server] 노드 업데이트 : [1032] ➜ [1033]
[2026-08-11 17:12:08.778568] [INFO] [path_server] 새로운 경로 설정 : path[1032 ➜ 109] time[0s] dist[12m] list[9] : 1032-1033-1034-1007-1167-1168-1169-1170-109
[2026-08-11 17:12:09.557001] [INFO] [path_server] 노드 업데이트 : [1033] ➜ [1034]
[2026-08-11 17:12:09.616927] [INFO] [path_server] 새로운 경로 설정 : path[1033 ➜ 109] time[0s] dist[10.5m] list[8] : 1033-1034-1007-1167-1168-1169-1170-109
[2026-08-11 17:12:10.295493] [INFO] [path_server] 노드 업데이트 : [1034] ➜ [1007]
[2026-08-11 17:12:10.375412] [INFO] [path_server] 새로운 경로 설정 : path[1034 ➜ 109] time[0s] dist[9m] list[7] : 1034-1007-1167-1168-1169-1170-109
[2026-08-11 17:12:11.632861] [INFO] [path_server] 노드 업데이트 : [1007] ➜ [1167]
[2026-08-11 17:12:11.712739] [INFO] [path_server] 새로운 경로 설정 : path[1007 ➜ 109] time[0s] dist[7.5m] list[6] : 1007-1167-1168-1169-1170-109
[2026-08-11 17:12:14.986182] [INFO] [path_server] 노드 업데이트 : [1167] ➜ [1168]
[2026-08-11 17:12:15.066035] [INFO] [path_server] 새로운 경로 설정 : path[1167 ➜ 109] time[0s] dist[6m] list[5] : 1167-1168-1169-1170-109
[2026-08-11 17:12:16.123874] [INFO] [path_server] 노드 업데이트 : [1168] ➜ [1169]
[2026-08-11 17:12:16.203721] [INFO] [path_server] 새로운 경로 설정 : path[1168 ➜ 109] time[0s] dist[4.5m] list[4] : 1168-1169-1170-109
[2026-08-11 17:12:16.942158] [INFO] [path_server] 노드 업데이트 : [1169] ➜ [1170]
[2026-08-11 17:12:17.022073] [INFO] [path_server] 새로운 경로 설정 : path[1169 ➜ 109] time[0s] dist[3m] list[3] : 1169-1170-109
[2026-08-11 17:12:18.359367] [INFO] [path_server] 노드 업데이트 : [1170] ➜ [109]
[2026-08-11 17:12:18.419261] [INFO] [path_server] 새로운 경로 설정 : path[1170 ➜ 109] time[0s] dist[1.5m] list[2] : 1170-109
[2026-08-11 17:12:23.928161] [INFO] [path_server] 노드 업데이트 : [109] ➜ [-1]
[2026-08-11 17:12:26.802650] [INFO] [course_tracker] 목적지에서 각도 정렬 : [22.000m 17.500m 0.000°]
[2026-08-11 17:12:26.842613] [INFO] [path_server] 노드 업데이트 : [109] ➜ [-1]
[2026-08-11 17:12:26.862517] [INFO] [task::fsm] push_done
[2026-08-11 17:12:26.902519] [INFO] [task::fsm] charging
[2026-08-11 17:12:26.902528] [INFO] [power_system] 충전 프로세스 시작
[2026-08-11 17:12:26.902554] [INFO] [health_monitor] [등록][100015, 100001] : 자동 충전 시작.
[2026-08-11 17:12:31.912585] [INFO] [health_monitor] [삭제][100015, 100001] : 자동 충전 시작.
[2026-08-11 17:12:43.948639] [INFO] [health_monitor] [삭제][100015, 200001] : 배터리 남은 양 - 주의
[2026-08-11 17:24:37.822160] [INFO] [framework] 프로그램 시작
[2026-08-11 17:24:37.822166] [WARNING] [framework] 프로그램 시작
[2026-08-11 17:24:37.822170] [INFO] [framework] 설정 파일 위치 : ../configs/robot_10
[2026-08-11 17:24:37.822169] [CRITICAL] [framework] 프로그램 시작
[2026-08-11 17:24:37.822337] [INFO] [framework] ID[0, 10], 이름[전시입], 제어주기[20ms], 버젼[], 장소[우리집], 환경모드[simulation]
[2026-08-11 17:24:37.822368] [INFO] [mediator] 생성
[2026-08-11 17:24:37.822398] [INFO] [graph_manager] 생성
[2026-08-11 17:24:37.859581] [INFO] [stop_server] 생성
[2026-08-11 17:24:37.859607] [INFO] [health_monitor] 생성
[2026-08-11 17:24:37.859619] [INFO] [path_server] 생성
[2026-08-11 17:24:37.859634] [INFO] [course_manager] 생성
[2026-08-11 17:24:37.859645] [INFO] [task::fsm] 생성
[2026-08-11 17:24:37.859646] [INFO] [task::fsm] idle
[2026-08-11 17:24:37.859648] [INFO] [path_server] 경로 삭제
[2026-08-11 17:24:37.859647] [INFO] [course_manager] 코스 삭제
[2026-08-11 17:24:37.859658] [INFO] [task_manager] 생성
[2026-08-11 17:24:37.859760] [INFO] [mediator] connectors 생성
[2026-08-11 17:24:37.859774] [INFO] [fms] 생성
[2026-08-11 17:24:37.859775] [INFO] [fms] 통신 드라이버 생성
[2026-08-11 17:24:37.860031] [INFO] [motions] 생성
[2026-08-11 17:24:37.860046] [INFO] [localizers] 생성
[2026-08-11 17:24:37.860124] [INFO] [localizers] 파라미터 : 

[2026-08-11 17:24:37.860138] [INFO] [safety_plc] 생성
[2026-08-11 17:24:37.860150] [INFO] [load_handler] 생성
[2026-08-11 17:24:37.860162] [INFO] [power_system] 생성
[2026-08-11 17:24:37.860254] [INFO] [power_system] 설정 정보 : remaining[40%, 10%, 5%]
[2026-08-11 17:24:37.860637] [INFO] [power_system] 알람 목록 : 
 • [100015, 100001] [INFO] 자동 충전 시작.
 • [100015, 100002] [INFO] 배터리 가득.
 • [100015, 400001] [CRIT] 배터리 남은 양 - 위험
 • [100015, 300001] [ERROR] 배터리 남은 양 - 에러
 • [100015, 200001] [WARN] 배터리 남은 양 - 주의
 • [100015, 100004] [INFO] 자동 충전 해제 완료.
 • [100015, 100003] [INFO] 자동 충전 해제 시작.
[2026-08-11 17:24:37.860648] [INFO] [mediator] any map 등록
[2026-08-11 17:24:37.860640] [INFO] [mediator] connector 의존성 주입
[2026-08-11 17:24:37.860656] [INFO] [mediator] any collector 목록 검사
[2026-08-11 17:24:37.860655] [INFO] [mediator] any collector 등록
[2026-08-11 17:24:37.860704] [INFO] [framework] after init 실행
[2026-08-11 17:24:37.861063] [INFO] [course_tracker] 생성
[2026-08-11 17:24:37.861085] [INFO] [course_tracker] 파라미터 : 
◈ node_bound[0.020m, 0.150m, 0.005m]
 • approach[0.150m, 0.050m/s, -0.005m, -0.200m, 0.100m]
 • align[(10.000°, 5.000°/s), 50.000°, 30.000°/s), 0.800°, -0.100°]
◈ motion param : 
 • reference_angle[0.000°, 45.000°]
 • threshold_angle[15.000°, 20.000°, 170.000°]
 • threshold_error[0.300°, 5.000°]
 • normal[0.150m/s, 8.000, 0.800m/s, 0.500]
 • angle[0.150m/s, 1.500, 0.800m/s, 2.100]
 • protection_overshoot[0.100m/s, 0.900, 0.500m/s, 0.900]
 • speed_rotation[15.000°/s]
[2026-08-11 17:24:37.861088] [INFO] [framework] 제어 쓰레드 시작
[2026-08-11 17:24:37.861147] [ERROR] [path_server] 노드 초기화 실패 : 로봇 좌표[1.003m 4.002m 179.329°] 최단 거리 노드[1153] 거리(3.159782m)
[2026-08-11 17:26:07.892605] [INFO] [health_monitor] [등록][100015, 200001] : 배터리 남은 양 - 주의
[2026-08-11 17:26:43.240092] [INFO] [framework] 프로그램 시작
[2026-08-11 17:26:43.240095] [WARNING] [framework] 프로그램 시작
[2026-08-11 17:26:43.240097] [INFO] [framework] 설정 파일 위치 : ../configs/robot_10
[2026-08-11 17:26:43.240096] [CRITICAL] [framework] 프로그램 시작
[2026-08-11 17:27:18.502485] [INFO] [framework] 프로그램 시작
[2026-08-11 17:27:18.502492] [WARNING] [framework] 프로그램 시작
[2026-08-11 17:27:18.502493] [CRITICAL] [framework] 프로그램 시작
[2026-08-11 17:27:18.502493] [INFO] [framework] 설정 파일 위치 : ../configs/robot_10
[2026-08-11 17:27:18.502641] [INFO] [framework] ID[0, 10], 이름[전시입], 제어주기[20ms], 버젼[], 장소[우리집], 환경모드[simulation]
[2026-08-11 17:27:18.502668] [INFO] [mediator] 생성
[2026-08-11 17:27:18.502694] [INFO] [graph_manager] 생성
[2026-08-11 17:27:18.551727] [INFO] [stop_server] 생성
[2026-08-11 17:27:18.551767] [INFO] [health_monitor] 생성
[2026-08-11 17:27:18.551789] [INFO] [path_server] 생성
[2026-08-11 17:27:18.551809] [INFO] [course_manager] 생성
[2026-08-11 17:27:18.551828] [INFO] [task::fsm] 생성
[2026-08-11 17:27:18.551832] [INFO] [course_manager] 코스 삭제
[2026-08-11 17:27:18.551830] [INFO] [task::fsm] idle
[2026-08-11 17:27:18.551832] [INFO] [path_server] 경로 삭제
[2026-08-11 17:27:18.551849] [INFO] [task_manager] 생성
[2026-08-11 17:27:18.551982] [INFO] [mediator] connectors 생성
[2026-08-11 17:27:18.552005] [INFO] [fms] 생성
[2026-08-11 17:27:18.552006] [INFO] [fms] 통신 드라이버 생성
[2026-08-11 17:27:18.552391] [INFO] [motions] 생성
[2026-08-11 17:27:18.552418] [INFO] [localizers] 생성
[2026-08-11 17:27:18.552536] [INFO] [localizers] 파라미터 : 

[2026-08-11 17:27:18.552558] [INFO] [safety_plc] 생성
[2026-08-11 17:27:18.552577] [INFO] [load_handler] 생성
[2026-08-11 17:27:18.552596] [INFO] [power_system] 생성
[2026-08-11 17:27:18.552744] [INFO] [power_system] 설정 정보 : remaining[40%, 10%, 5%]
[2026-08-11 17:27:18.553330] [INFO] [power_system] 알람 목록 : 
 • [100015, 100001] [INFO] 자동 충전 시작.
 • [100015, 100002] [INFO] 배터리 가득.
 • [100015, 400001] [CRIT] 배터리 남은 양 - 위험
 • [100015, 300001] [ERROR] 배터리 남은 양 - 에러
 • [100015, 200001] [WARN] 배터리 남은 양 - 주의
 • [100015, 100004] [INFO] 자동 충전 해제 완료.
 • [100015, 100003] [INFO] 자동 충전 해제 시작.
[2026-08-11 17:27:18.553334] [INFO] [mediator] connector 의존성 주입
[2026-08-11 17:27:18.553347] [INFO] [mediator] any map 등록
[2026-08-11 17:27:18.553359] [INFO] [mediator] any collector 등록
[2026-08-11 17:27:18.553362] [INFO] [mediator] any collector 목록 검사
[2026-08-11 17:27:18.553444] [INFO] [framework] after init 실행
[2026-08-11 17:27:18.553860] [INFO] [course_tracker] 생성
[2026-08-11 17:27:18.553872] [INFO] [course_tracker] 파라미터 : 
◈ node_bound[0.020m, 0.150m, 0.005m]
 • approach[0.150m, 0.050m/s, -0.005m, -0.200m, 0.100m]
 • align[(10.000°, 5.000°/s), 50.000°, 30.000°/s), 0.800°, -0.100°]
◈ motion param : 
 • reference_angle[0.000°, 45.000°]
 • threshold_angle[15.000°, 20.000°, 170.000°]
 • threshold_error[0.300°, 5.000°]
 • normal[0.150m/s, 8.000, 0.800m/s, 0.500]
 • angle[0.150m/s, 1.500, 0.800m/s, 2.100]
 • protection_overshoot[0.100m/s, 0.900, 0.500m/s, 0.900]
 • speed_rotation[15.000°/s]
[2026-08-11 17:27:18.553875] [INFO] [framework] 제어 쓰레드 시작
[2026-08-11 17:27:18.553905] [INFO] [path_server] 노드 초기화 성공 : 로봇 좌표[9.489m 18.997m 90.045°] 최단 거리 노드[104] 거리(0.011735m)
[2026-08-11 17:27:18.673695] [INFO] [task::fsm] charging
[2026-08-11 17:27:18.673704] [INFO] [power_system] 충전 프로세스 시작
[2026-08-11 17:27:18.673739] [INFO] [health_monitor] [등록][100015, 100001] : 자동 충전 시작.
[2026-08-11 17:27:23.684078] [INFO] [health_monitor] [삭제][100015, 100001] : 자동 충전 시작.
[2026-08-11 17:27:37.754317] [INFO] [framework] 프로그램 시작
[2026-08-11 17:27:37.754320] [WARNING] [framework] 프로그램 시작
[2026-08-11 17:27:37.754322] [INFO] [framework] 설정 파일 위치 : ../configs/robot_10
[2026-08-11 17:27:37.754322] [CRITICAL] [framework] 프로그램 시작
[2026-08-11 17:27:55.419633] [INFO] [framework] 프로그램 시작
[2026-08-11 17:27:55.419636] [WARNING] [framework] 프로그램 시작
[2026-08-11 17:27:55.419639] [INFO] [framework] 설정 파일 위치 : ../configs/robot_10
[2026-08-11 17:27:55.419639] [CRITICAL] [framework] 프로그램 시작
[2026-08-11 17:27:55.419734] [INFO] [framework] ID[0, 10], 이름[전시입], 제어주기[20ms], 버젼[], 장소[우리집], 환경모드[simulation]
[2026-08-11 17:27:55.419754] [INFO] [mediator] 생성
[2026-08-11 17:27:55.419770] [INFO] [graph_manager] 생성
[2026-08-11 17:27:55.449847] [INFO] [stop_server] 생성
[2026-08-11 17:27:55.449874] [INFO] [health_monitor] 생성
[2026-08-11 17:27:55.449898] [INFO] [path_server] 생성
[2026-08-11 17:27:55.449910] [INFO] [course_manager] 생성
[2026-08-11 17:27:55.449922] [INFO] [task::fsm] 생성
[2026-08-11 17:27:55.449923] [INFO] [task::fsm] idle
[2026-08-11 17:27:55.449933] [INFO] [course_manager] 코스 삭제
[2026-08-11 17:27:55.449933] [INFO] [path_server] 경로 삭제
[2026-08-11 17:27:55.449945] [INFO] [task_manager] 생성
[2026-08-11 17:27:55.450047] [INFO] [mediator] connectors 생성
[2026-08-11 17:27:55.450062] [INFO] [fms] 생성
[2026-08-11 17:27:55.450064] [INFO] [fms] 통신 드라이버 생성
[2026-08-11 17:27:55.450336] [INFO] [motions] 생성
[2026-08-11 17:27:55.450354] [INFO] [localizers] 생성
[2026-08-11 17:27:55.450442] [INFO] [localizers] 파라미터 : 

[2026-08-11 17:27:55.450457] [INFO] [safety_plc] 생성
[2026-08-11 17:27:55.450470] [INFO] [load_handler] 생성
[2026-08-11 17:27:55.450490] [INFO] [power_system] 생성
[2026-08-11 17:27:55.450587] [INFO] [power_system] 설정 정보 : remaining[40%, 10%, 5%]
[2026-08-11 17:27:55.450976] [INFO] [power_system] 알람 목록 : 
 • [100015, 100001] [INFO] 자동 충전 시작.
 • [100015, 100002] [INFO] 배터리 가득.
 • [100015, 400001] [CRIT] 배터리 남은 양 - 위험
 • [100015, 300001] [ERROR] 배터리 남은 양 - 에러
 • [100015, 200001] [WARN] 배터리 남은 양 - 주의
 • [100015, 100004] [INFO] 자동 충전 해제 완료.
 • [100015, 100003] [INFO] 자동 충전 해제 시작.
[2026-08-11 17:27:55.450979] [INFO] [mediator] connector 의존성 주입
[2026-08-11 17:27:55.450988] [INFO] [mediator] any collector 등록
[2026-08-11 17:27:55.450990] [INFO] [mediator] any collector 목록 검사
[2026-08-11 17:27:55.450982] [INFO] [mediator] any map 등록
[2026-08-11 17:27:55.451029] [INFO] [framework] after init 실행
[2026-08-11 17:27:55.451276] [INFO] [course_tracker] 생성
[2026-08-11 17:27:55.451290] [INFO] [course_tracker] 파라미터 : 
◈ node_bound[0.020m, 0.150m, 0.005m]
 • approach[0.150m, 0.050m/s, -0.005m, -0.200m, 0.100m]
 • align[(10.000°, 5.000°/s), 50.000°, 30.000°/s), 0.800°, -0.100°]
◈ motion param : 
 • reference_angle[0.000°, 45.000°]
 • threshold_angle[15.000°, 20.000°, 170.000°]
 • threshold_error[0.300°, 5.000°]
 • normal[0.150m/s, 8.000, 0.800m/s, 0.500]
 • angle[0.150m/s, 1.500, 0.800m/s, 2.100]
 • protection_overshoot[0.100m/s, 0.900, 0.500m/s, 0.900]
 • speed_rotation[15.000°/s]
[2026-08-11 17:27:55.451292] [INFO] [framework] 제어 쓰레드 시작
[2026-08-11 17:27:55.451323] [INFO] [path_server] 노드 초기화 성공 : 로봇 좌표[9.489m 18.997m 90.045°] 최단 거리 노드[104] 거리(0.011735m)
[2026-08-11 17:27:55.551156] [INFO] [task::fsm] charging
[2026-08-11 17:27:55.551166] [INFO] [power_system] 충전 프로세스 시작
[2026-08-11 17:27:55.551188] [INFO] [health_monitor] [등록][100015, 100001] : 자동 충전 시작.
[2026-08-11 17:28:00.561330] [INFO] [health_monitor] [삭제][100015, 100001] : 자동 충전 시작.
[2026-08-11 17:28:13.276426] [INFO] [power_system] 충전 완료
[2026-08-11 17:28:13.276449] [INFO] [health_monitor] [등록][100015, 100002] : 배터리 가득.
[2026-08-11 17:28:13.276452] [INFO] [health_monitor] [등록][100015, 100003] : 자동 충전 해제 시작.
[2026-08-11 17:28:18.286688] [INFO] [health_monitor] [삭제][100015, 100002] : 배터리 가득.
[2026-08-11 17:28:18.286692] [INFO] [health_monitor] [삭제][100015, 100003] : 자동 충전 해제 시작.
[2026-08-11 17:28:18.306605] [INFO] [power_system] 충전 해제 완료
[2026-08-11 17:28:18.306613] [INFO] [health_monitor] [등록][100015, 100004] : 자동 충전 해제 완료.
[2026-08-11 17:28:18.326625] [INFO] [task::fsm] discharging
[2026-08-11 17:28:18.326634] [INFO] [power_system] 충전 해제 프로세스 시작
[2026-08-11 17:28:18.326649] [INFO] [health_monitor] [등록][100015, 100003] : 자동 충전 해제 시작.
[2026-08-11 17:28:18.346578] [INFO] [task::fsm] idle
[2026-08-11 17:28:18.346583] [INFO] [course_manager] 코스 삭제
[2026-08-11 17:28:18.346586] [INFO] [path_server] 경로 삭제
[2026-08-11 17:28:18.386512] [INFO] [task::fsm] idle
[2026-08-11 17:28:18.386519] [INFO] [course_manager] 코스 삭제
[2026-08-11 17:28:18.386521] [INFO] [path_server] 경로 삭제
[2026-08-11 17:28:23.317757] [INFO] [health_monitor] [삭제][100015, 100004] : 자동 충전 해제 완료.
[2026-08-11 17:28:23.337754] [INFO] [health_monitor] [삭제][100015, 100003] : 자동 충전 해제 시작.
[2026-08-11 17:28:51.823229] [INFO] [path_server] 새로운 경로 설정 : path[104 ➜ 6] time[0s] dist[40.1231m] list[23] : 104-1071-1072-1073-1074-1075-1076-1077-1078-1390-1391-1001-1002-1003-1004-1005-1006-1007-1008-1010-1011-1027-6
[2026-08-11 17:28:55.696076] [INFO] [path_server] 노드 업데이트 : [1071] ➜ [1072]
[2026-08-11 17:28:55.756010] [INFO] [path_server] 새로운 경로 설정 : path[1071 ➜ 6] time[0s] dist[38.6231m] list[22] : 1071-1072-1073-1074-1075-1076-1077-1078-1390-1391-1001-1002-1003-1004-1005-1006-1007-1008-1010-1011-1027-6
[2026-08-11 17:28:59.288899] [INFO] [path_server] 노드 업데이트 : [1072] ➜ [1073]
[2026-08-11 17:28:59.348844] [INFO] [path_server] 새로운 경로 설정 : path[1072 ➜ 6] time[0s] dist[37.1231m] list[21] : 1072-1073-1074-1075-1076-1077-1078-1390-1391-1001-1002-1003-1004-1005-1006-1007-1008-1010-1011-1027-6
[2026-08-11 17:29:00.406802] [INFO] [path_server] 노드 업데이트 : [1073] ➜ [1074]
[2026-08-11 17:29:00.486672] [INFO] [path_server] 새로운 경로 설정 : path[1073 ➜ 6] time[0s] dist[35.6231m] list[20] : 1073-1074-1075-1076-1077-1078-1390-1391-1001-1002-1003-1004-1005-1006-1007-1008-1010-1011-1027-6
[2026-08-11 17:29:01.225154] [INFO] [path_server] 노드 업데이트 : [1074] ➜ [1075]
[2026-08-11 17:29:01.305106] [INFO] [path_server] 새로운 경로 설정 : path[1074 ➜ 6] time[0s] dist[34.1231m] list[19] : 1074-1075-1076-1077-1078-1390-1391-1001-1002-1003-1004-1005-1006-1007-1008-1010-1011-1027-6
[2026-08-11 17:29:01.983976] [INFO] [path_server] 노드 업데이트 : [1075] ➜ [1076]
[2026-08-11 17:29:02.043967] [INFO] [path_server] 새로운 경로 설정 : path[1075 ➜ 6] time[0s] dist[32.6231m] list[18] : 1075-1076-1077-1078-1390-1391-1001-1002-1003-1004-1005-1006-1007-1008-1010-1011-1027-6
[2026-08-11 17:29:03.381437] [INFO] [path_server] 노드 업데이트 : [1076] ➜ [1077]
[2026-08-11 17:29:03.461419] [INFO] [path_server] 새로운 경로 설정 : path[1076 ➜ 6] time[0s] dist[31.1231m] list[17] : 1076-1077-1078-1390-1391-1001-1002-1003-1004-1005-1006-1007-1008-1010-1011-1027-6
[2026-08-11 17:29:06.895001] [INFO] [path_server] 노드 업데이트 : [1077] ➜ [1078]
[2026-08-11 17:29:06.954960] [INFO] [path_server] 새로운 경로 설정 : path[1077 ➜ 6] time[0s] dist[29.6231m] list[16] : 1077-1078-1390-1391-1001-1002-1003-1004-1005-1006-1007-1008-1010-1011-1027-6
[2026-08-11 17:29:07.992996] [INFO] [path_server] 노드 업데이트 : [1078] ➜ [1390]
[2026-08-11 17:29:08.072851] [INFO] [path_server] 새로운 경로 설정 : path[1078 ➜ 6] time[0s] dist[28.1231m] list[15] : 1078-1390-1391-1001-1002-1003-1004-1005-1006-1007-1008-1010-1011-1027-6
[2026-08-11 17:29:08.811495] [INFO] [path_server] 노드 업데이트 : [1390] ➜ [1391]
[2026-08-11 17:29:08.891414] [INFO] [path_server] 새로운 경로 설정 : path[1390 ➜ 6] time[0s] dist[26.6231m] list[14] : 1390-1391-1001-1002-1003-1004-1005-1006-1007-1008-1010-1011-1027-6
[2026-08-11 17:29:09.570051] [INFO] [path_server] 노드 업데이트 : [1391] ➜ [1001]
[2026-08-11 17:29:09.630019] [INFO] [path_server] 새로운 경로 설정 : path[1391 ➜ 6] time[0s] dist[25.1231m] list[13] : 1391-1001-1002-1003-1004-1005-1006-1007-1008-1010-1011-1027-6
[2026-08-11 17:29:10.967190] [INFO] [path_server] 노드 업데이트 : [1001] ➜ [1002]
[2026-08-11 17:29:11.047131] [INFO] [path_server] 새로운 경로 설정 : path[1001 ➜ 6] time[0s] dist[23.6231m] list[12] : 1001-1002-1003-1004-1005-1006-1007-1008-1010-1011-1027-6
[2026-08-11 17:29:14.440007] [INFO] [path_server] 노드 업데이트 : [1002] ➜ [1003]
[2026-08-11 17:29:14.519928] [INFO] [path_server] 새로운 경로 설정 : path[1002 ➜ 6] time[0s] dist[22.1231m] list[11] : 1002-1003-1004-1005-1006-1007-1008-1010-1011-1027-6
[2026-08-11 17:29:15.537813] [INFO] [path_server] 노드 업데이트 : [1003] ➜ [1004]
[2026-08-11 17:29:15.617666] [INFO] [path_server] 새로운 경로 설정 : path[1003 ➜ 6] time[0s] dist[20.6231m] list[10] : 1003-1004-1005-1006-1007-1008-1010-1011-1027-6
[2026-08-11 17:29:16.356219] [INFO] [path_server] 노드 업데이트 : [1004] ➜ [1005]
[2026-08-11 17:29:16.436208] [INFO] [path_server] 새로운 경로 설정 : path[1004 ➜ 6] time[0s] dist[19.1231m] list[9] : 1004-1005-1006-1007-1008-1010-1011-1027-6
[2026-08-11 17:29:17.114932] [INFO] [path_server] 노드 업데이트 : [1005] ➜ [1006]
[2026-08-11 17:29:17.174824] [INFO] [path_server] 새로운 경로 설정 : path[1005 ➜ 6] time[0s] dist[17.6231m] list[8] : 1005-1006-1007-1008-1010-1011-1027-6
[2026-08-11 17:29:17.873382] [INFO] [path_server] 노드 업데이트 : [1006] ➜ [1007]
[2026-08-11 17:29:17.953246] [INFO] [path_server] 새로운 경로 설정 : path[1006 ➜ 6] time[0s] dist[16.1231m] list[7] : 1006-1007-1008-1010-1011-1027-6
[2026-08-11 17:29:18.611898] [INFO] [path_server] 노드 업데이트 : [1007] ➜ [1008]
[2026-08-11 17:29:18.691831] [INFO] [path_server] 새로운 경로 설정 : path[1007 ➜ 6] time[0s] dist[14.6231m] list[6] : 1007-1008-1010-1011-1027-6
[2026-08-11 17:29:19.370681] [INFO] [path_server] 노드 업데이트 : [1008] ➜ [1010]
[2026-08-11 17:29:19.430582] [INFO] [path_server] 새로운 경로 설정 : path[1008 ➜ 6] time[0s] dist[13.1231m] list[5] : 1008-1010-1011-1027-6
[2026-08-11 17:29:21.766467] [INFO] [path_server] 노드 업데이트 : [1010] ➜ [1011]
[2026-08-11 17:29:21.826344] [INFO] [path_server] 새로운 경로 설정 : path[1010 ➜ 6] time[0s] dist[11.6231m] list[4] : 1010-1011-1027-6
[2026-08-11 17:29:40.529938] [INFO] [path_server] 노드 업데이트 : [1011] ➜ [1027]
[2026-08-11 17:29:40.629796] [INFO] [path_server] 새로운 경로 설정 : path[1011 ➜ 6] time[0s] dist[7.5m] list[3] : 1011-1027-6
[2026-08-11 17:29:58.713649] [INFO] [path_server] 노드 업데이트 : [1027] ➜ [6]
[2026-08-11 17:29:58.773556] [INFO] [path_server] 새로운 경로 설정 : path[1027 ➜ 6] time[0s] dist[1.5m] list[2] : 1027-6
[2026-08-11 17:30:00.929339] [INFO] [path_server] 노드 업데이트 : [6] ➜ [-1]
[2026-08-11 17:30:03.823587] [INFO] [course_tracker] 목적지에서 각도 정렬 : [17.500m 26.000m 0.000°]
[2026-08-11 17:30:03.863541] [INFO] [path_server] 노드 업데이트 : [6] ➜ [-1]
[2026-08-11 17:30:03.883446] [INFO] [task::fsm] go_from_done
[2026-08-11 17:30:03.923425] [INFO] [task::fsm] loading
[2026-08-11 17:30:03.923431] [INFO] [load_handler] 상차 시작
[2026-08-11 17:30:05.939414] [INFO] [load_handler] 상차 완료
[2026-08-11 17:30:05.959313] [INFO] [task::fsm] loading_done
[2026-08-11 17:30:05.999361] [INFO] [path_server] 새로운 경로 설정 : path[6 ➜ 8] time[0s] dist[84.0756m] list[50] : 6-1033-1046-1129-1049-1050-1051-1052-1198-1199-1053-1054-1055-1056-1057-1058-1059-1060-1061-1062-1063-1064-1065-40-1067-1068-1069-1070-1071-1072-1073-1074-1075-1076-1077-1078-1390-1391-1001-1002-1003-1004-1005-1006-1007-1008-1010-1020-1035-8
[2026-08-11 17:30:08.175479] [INFO] [path_server] 노드 업데이트 : [1033] ➜ [1046]
[2026-08-11 17:30:08.255458] [INFO] [path_server] 새로운 경로 설정 : path[1033 ➜ 8] time[0s] dist[82.0756m] list[49] : 1033-1046-1129-1049-1050-1051-1052-1198-1199-1053-1054-1055-1056-1057-1058-1059-1060-1061-1062-1063-1064-1065-40-1067-1068-1069-1070-1071-1072-1073-1074-1075-1076-1077-1078-1390-1391-1001-1002-1003-1004-1005-1006-1007-1008-1010-1020-1035-8
[2026-08-11 17:30:14.862662] [INFO] [path_server] 노드 업데이트 : [1046] ➜ [1129]
[2026-08-11 17:30:14.922607] [INFO] [path_server] 새로운 경로 설정 : path[1046 ➜ 8] time[0s] dist[77.3586m] list[48] : 1046-1129-1049-1050-1051-1052-1198-1199-1053-1054-1055-1056-1057-1058-1059-1060-1061-1062-1063-1064-1065-40-1067-1068-1069-1070-1071-1072-1073-1074-1075-1076-1077-1078-1390-1391-1001-1002-1003-1004-1005-1006-1007-1008-1010-1020-1035-8
[2026-08-11 17:30:17.597382] [INFO] [health_monitor] [등록][100015, 200001] : 배터리 남은 양 - 주의
[2026-08-11 17:30:19.693639] [INFO] [path_server] 노드 업데이트 : [1129] ➜ [1049]
[2026-08-11 17:30:19.753613] [INFO] [path_server] 새로운 경로 설정 : path[1129 ➜ 8] time[0s] dist[74.4432m] list[47] : 1129-1049-1050-1051-1052-1198-1199-1053-1054-1055-1056-1057-1058-1059-1060-1061-1062-1063-1064-1065-40-1067-1068-1069-1070-1071-1072-1073-1074-1075-1076-1077-1078-1390-1391-1001-1002-1003-1004-1005-1006-1007-1008-1010-1020-1035-8
[2026-08-11 17:30:21.709832] [INFO] [path_server] 노드 업데이트 : [1049] ➜ [1050]
[2026-08-11 17:30:21.789691] [INFO] [path_server] 새로운 경로 설정 : path[1049 ➜ 8] time[0s] dist[71.5277m] list[46] : 1049-1050-1051-1052-1198-1199-1053-1054-1055-1056-1057-1058-1059-1060-1061-1062-1063-1064-1065-40-1067-1068-1069-1070-1071-1072-1073-1074-1075-1076-1077-1078-1390-1391-1001-1002-1003-1004-1005-1006-1007-1008-1010-1020-1035-8
[2026-08-11 17:30:26.839754] [INFO] [path_server] 노드 업데이트 : [1050] ➜ [1051]
[2026-08-11 17:30:26.919652] [INFO] [path_server] 새로운 경로 설정 : path[1050 ➜ 8] time[0s] dist[69.0277m] list[45] : 1050-1051-1052-1198-1199-1053-1054-1055-1056-1057-1058-1059-1060-1061-1062-1063-1064-1065-40-1067-1068-1069-1070-1071-1072-1073-1074-1075-1076-1077-1078-1390-1391-1001-1002-1003-1004-1005-1006-1007-1008-1010-1020-1035-8
[2026-08-11 17:30:27.837796] [INFO] [path_server] 노드 업데이트 : [1051] ➜ [1052]
[2026-08-11 17:30:27.897717] [INFO] [path_server] 새로운 경로 설정 : path[1051 ➜ 8] time[0s] dist[67.5277m] list[44] : 1051-1052-1198-1199-1053-1054-1055-1056-1057-1058-1059-1060-1061-1062-1063-1064-1065-40-1067-1068-1069-1070-1071-1072-1073-1074-1075-1076-1077-1078-1390-1391-1001-1002-1003-1004-1005-1006-1007-1008-1010-1020-1035-8
[2026-08-11 17:30:28.616158] [INFO] [path_server] 노드 업데이트 : [1052] ➜ [1198]
[2026-08-11 17:30:28.676089] [INFO] [path_server] 새로운 경로 설정 : path[1052 ➜ 8] time[0s] dist[66.0277m] list[43] : 1052-1198-1199-1053-1054-1055-1056-1057-1058-1059-1060-1061-1062-1063-1064-1065-40-1067-1068-1069-1070-1071-1072-1073-1074-1075-1076-1077-1078-1390-1391-1001-1002-1003-1004-1005-1006-1007-1008-1010-1020-1035-8
[2026-08-11 17:30:30.013310] [INFO] [path_server] 노드 업데이트 : [1198] ➜ [1199]
[2026-08-11 17:30:30.093258] [INFO] [path_server] 새로운 경로 설정 : path[1198 ➜ 8] time[0s] dist[64.5277m] list[42] : 1198-1199-1053-1054-1055-1056-1057-1058-1059-1060-1061-1062-1063-1064-1065-40-1067-1068-1069-1070-1071-1072-1073-1074-1075-1076-1077-1078-1390-1391-1001-1002-1003-1004-1005-1006-1007-1008-1010-1020-1035-8
[2026-08-11 17:30:33.507081] [INFO] [path_server] 노드 업데이트 : [1199] ➜ [1053]
[2026-08-11 17:30:33.567013] [INFO] [path_server] 새로운 경로 설정 : path[1199 ➜ 8] time[0s] dist[63.0277m] list[41] : 1199-1053-1054-1055-1056-1057-1058-1059-1060-1061-1062-1063-1064-1065-40-1067-1068-1069-1070-1071-1072-1073-1074-1075-1076-1077-1078-1390-1391-1001-1002-1003-1004-1005-1006-1007-1008-1010-1020-1035-8
[2026-08-11 17:30:34.625036] [INFO] [path_server] 노드 업데이트 : [1053] ➜ [1054]
[2026-08-11 17:30:34.704980] [INFO] [path_server] 새로운 경로 설정 : path[1053 ➜ 8] time[0s] dist[61.5277m] list[40] : 1053-1054-1055-1056-1057-1058-1059-1060-1061-1062-1063-1064-1065-40-1067-1068-1069-1070-1071-1072-1073-1074-1075-1076-1077-1078-1390-1391-1001-1002-1003-1004-1005-1006-1007-1008-1010-1020-1035-8
[2026-08-11 17:30:35.443415] [INFO] [path_server] 노드 업데이트 : [1054] ➜ [1055]
[2026-08-11 17:30:35.523374] [INFO] [path_server] 새로운 경로 설정 : path[1054 ➜ 8] time[0s] dist[60.0277m] list[39] : 1054-1055-1056-1057-1058-1059-1060-1061-1062-1063-1064-1065-40-1067-1068-1069-1070-1071-1072-1073-1074-1075-1076-1077-1078-1390-1391-1001-1002-1003-1004-1005-1006-1007-1008-1010-1020-1035-8
[2026-08-11 17:30:36.202035] [INFO] [path_server] 노드 업데이트 : [1055] ➜ [1056]
[2026-08-11 17:30:36.261957] [INFO] [path_server] 새로운 경로 설정 : path[1055 ➜ 8] time[0s] dist[58.5277m] list[38] : 1055-1056-1057-1058-1059-1060-1061-1062-1063-1064-1065-40-1067-1068-1069-1070-1071-1072-1073-1074-1075-1076-1077-1078-1390-1391-1001-1002-1003-1004-1005-1006-1007-1008-1010-1020-1035-8
[2026-08-11 17:30:37.419641] [INFO] [path_server] 노드 업데이트 : [1056] ➜ [1057]
[2026-08-11 17:30:37.499587] [INFO] [path_server] 새로운 경로 설정 : path[1056 ➜ 8] time[0s] dist[57.0277m] list[37] : 1056-1057-1058-1059-1060-1061-1062-1063-1064-1065-40-1067-1068-1069-1070-1071-1072-1073-1074-1075-1076-1077-1078-1390-1391-1001-1002-1003-1004-1005-1006-1007-1008-1010-1020-1035-8
[2026-08-11 17:30:40.693062] [INFO] [path_server] 노드 업데이트 : [1057] ➜ [1058]
[2026-08-11 17:30:40.752989] [INFO] [path_server] 새로운 경로 설정 : path[1057 ➜ 8] time[0s] dist[55.5277m] list[36] : 1057-1058-1059-1060-1061-1062-1063-1064-1065-40-1067-1068-1069-1070-1071-1072-1073-1074-1075-1076-1077-1078-1390-1391-1001-1002-1003-1004-1005-1006-1007-1008-1010-1020-1035-8
[2026-08-11 17:30:41.870744] [INFO] [path_server] 노드 업데이트 : [1058] ➜ [1059]
[2026-08-11 17:30:41.950629] [INFO] [path_server] 새로운 경로 설정 : path[1058 ➜ 8] time[0s] dist[54.0277m] list[35] : 1058-1059-1060-1061-1062-1063-1064-1065-40-1067-1068-1069-1070-1071-1072-1073-1074-1075-1076-1077-1078-1390-1391-1001-1002-1003-1004-1005-1006-1007-1008-1010-1020-1035-8
[2026-08-11 17:30:42.709128] [INFO] [path_server] 노드 업데이트 : [1059] ➜ [1060]
[2026-08-11 17:30:42.789006] [INFO] [path_server] 새로운 경로 설정 : path[1059 ➜ 8] time[0s] dist[52.5277m] list[34] : 1059-1060-1061-1062-1063-1064-1065-40-1067-1068-1069-1070-1071-1072-1073-1074-1075-1076-1077-1078-1390-1391-1001-1002-1003-1004-1005-1006-1007-1008-1010-1020-1035-8
[2026-08-11 17:30:43.447637] [INFO] [path_server] 노드 업데이트 : [1060] ➜ [1061]
[2026-08-11 17:30:43.507609] [INFO] [path_server] 새로운 경로 설정 : path[1060 ➜ 8] time[0s] dist[51.0277m] list[33] : 1060-1061-1062-1063-1064-1065-40-1067-1068-1069-1070-1071-1072-1073-1074-1075-1076-1077-1078-1390-1391-1001-1002-1003-1004-1005-1006-1007-1008-1010-1020-1035-8
[2026-08-11 17:30:44.206183] [INFO] [path_server] 노드 업데이트 : [1061] ➜ [1062]
[2026-08-11 17:30:44.266096] [INFO] [path_server] 새로운 경로 설정 : path[1061 ➜ 8] time[0s] dist[49.5277m] list[32] : 1061-1062-1063-1064-1065-40-1067-1068-1069-1070-1071-1072-1073-1074-1075-1076-1077-1078-1390-1391-1001-1002-1003-1004-1005-1006-1007-1008-1010-1020-1035-8
[2026-08-11 17:30:44.964722] [INFO] [path_server] 노드 업데이트 : [1062] ➜ [1063]
[2026-08-11 17:30:45.044600] [INFO] [path_server] 새로운 경로 설정 : path[1062 ➜ 8] time[0s] dist[48.0277m] list[31] : 1062-1063-1064-1065-40-1067-1068-1069-1070-1071-1072-1073-1074-1075-1076-1077-1078-1390-1391-1001-1002-1003-1004-1005-1006-1007-1008-1010-1020-1035-8
[2026-08-11 17:30:45.703298] [INFO] [path_server] 노드 업데이트 : [1063] ➜ [1064]
[2026-08-11 17:30:45.763217] [INFO] [path_server] 새로운 경로 설정 : path[1063 ➜ 8] time[0s] dist[46.5277m] list[30] : 1063-1064-1065-40-1067-1068-1069-1070-1071-1072-1073-1074-1075-1076-1077-1078-1390-1391-1001-1002-1003-1004-1005-1006-1007-1008-1010-1020-1035-8
[2026-08-11 17:30:46.461856] [INFO] [path_server] 노드 업데이트 : [1064] ➜ [1065]
[2026-08-11 17:30:46.541771] [INFO] [path_server] 새로운 경로 설정 : path[1064 ➜ 8] time[0s] dist[45.0277m] list[29] : 1064-1065-40-1067-1068-1069-1070-1071-1072-1073-1074-1075-1076-1077-1078-1390-1391-1001-1002-1003-1004-1005-1006-1007-1008-1010-1020-1035-8
[2026-08-11 17:30:47.200582] [INFO] [path_server] 노드 업데이트 : [1065] ➜ [40]
[2026-08-11 17:30:47.260558] [INFO] [path_server] 새로운 경로 설정 : path[1065 ➜ 8] time[0s] dist[43.5277m] list[28] : 1065-40-1067-1068-1069-1070-1071-1072-1073-1074-1075-1076-1077-1078-1390-1391-1001-1002-1003-1004-1005-1006-1007-1008-1010-1020-1035-8
[2026-08-11 17:30:47.959449] [INFO] [path_server] 노드 업데이트 : [40] ➜ [1067]
[2026-08-11 17:30:48.039328] [INFO] [path_server] 새로운 경로 설정 : path[40 ➜ 8] time[0s] dist[42.0277m] list[27] : 40-1067-1068-1069-1070-1071-1072-1073-1074-1075-1076-1077-1078-1390-1391-1001-1002-1003-1004-1005-1006-1007-1008-1010-1020-1035-8
[2026-08-11 17:30:48.697933] [INFO] [path_server] 노드 업데이트 : [1067] ➜ [1068]
[2026-08-11 17:30:48.757825] [INFO] [path_server] 새로운 경로 설정 : path[1067 ➜ 8] time[0s] dist[40.5277m] list[26] : 1067-1068-1069-1070-1071-1072-1073-1074-1075-1076-1077-1078-1390-1391-1001-1002-1003-1004-1005-1006-1007-1008-1010-1020-1035-8
[2026-08-11 17:30:49.456372] [INFO] [path_server] 노드 업데이트 : [1068] ➜ [1069]
[2026-08-11 17:30:49.536241] [INFO] [path_server] 새로운 경로 설정 : path[1068 ➜ 8] time[0s] dist[39.0277m] list[25] : 1068-1069-1070-1071-1072-1073-1074-1075-1076-1077-1078-1390-1391-1001-1002-1003-1004-1005-1006-1007-1008-1010-1020-1035-8
[2026-08-11 17:30:50.214768] [INFO] [path_server] 노드 업데이트 : [1069] ➜ [1070]
[2026-08-11 17:30:50.294716] [INFO] [path_server] 새로운 경로 설정 : path[1069 ➜ 8] time[0s] dist[37.5277m] list[24] : 1069-1070-1071-1072-1073-1074-1075-1076-1077-1078-1390-1391-1001-1002-1003-1004-1005-1006-1007-1008-1010-1020-1035-8
[2026-08-11 17:30:50.953612] [INFO] [path_server] 노드 업데이트 : [1070] ➜ [1071]
[2026-08-11 17:30:51.033488] [INFO] [path_server] 새로운 경로 설정 : path[1070 ➜ 8] time[0s] dist[36.0277m] list[23] : 1070-1071-1072-1073-1074-1075-1076-1077-1078-1390-1391-1001-1002-1003-1004-1005-1006-1007-1008-1010-1020-1035-8
[2026-08-11 17:30:51.712112] [INFO] [path_server] 노드 업데이트 : [1071] ➜ [1072]
[2026-08-11 17:30:51.792061] [INFO] [path_server] 새로운 경로 설정 : path[1071 ➜ 8] time[0s] dist[34.5277m] list[22] : 1071-1072-1073-1074-1075-1076-1077-1078-1390-1391-1001-1002-1003-1004-1005-1006-1007-1008-1010-1020-1035-8
[2026-08-11 17:30:52.450754] [INFO] [path_server] 노드 업데이트 : [1072] ➜ [1073]
[2026-08-11 17:30:52.530629] [INFO] [path_server] 새로운 경로 설정 : path[1072 ➜ 8] time[0s] dist[33.0277m] list[21] : 1072-1073-1074-1075-1076-1077-1078-1390-1391-1001-1002-1003-1004-1005-1006-1007-1008-1010-1020-1035-8
[2026-08-11 17:30:53.209301] [INFO] [path_server] 노드 업데이트 : [1073] ➜ [1074]
[2026-08-11 17:30:53.289254] [INFO] [path_server] 새로운 경로 설정 : path[1073 ➜ 8] time[0s] dist[31.5277m] list[20] : 1073-1074-1075-1076-1077-1078-1390-1391-1001-1002-1003-1004-1005-1006-1007-1008-1010-1020-1035-8
[2026-08-11 17:30:53.948089] [INFO] [path_server] 노드 업데이트 : [1074] ➜ [1075]
[2026-08-11 17:30:54.027963] [INFO] [path_server] 새로운 경로 설정 : path[1074 ➜ 8] time[0s] dist[30.0277m] list[19] : 1074-1075-1076-1077-1078-1390-1391-1001-1002-1003-1004-1005-1006-1007-1008-1010-1020-1035-8
[2026-08-11 17:30:54.706640] [INFO] [path_server] 노드 업데이트 : [1075] ➜ [1076]
[2026-08-11 17:30:54.786594] [INFO] [path_server] 새로운 경로 설정 : path[1075 ➜ 8] time[0s] dist[28.5277m] list[18] : 1075-1076-1077-1078-1390-1391-1001-1002-1003-1004-1005-1006-1007-1008-1010-1020-1035-8
[2026-08-11 17:30:56.104072] [INFO] [path_server] 노드 업데이트 : [1076] ➜ [1077]
[2026-08-11 17:30:56.183968] [INFO] [path_server] 새로운 경로 설정 : path[1076 ➜ 8] time[0s] dist[27.0277m] list[17] : 1076-1077-1078-1390-1391-1001-1002-1003-1004-1005-1006-1007-1008-1010-1020-1035-8
[2026-08-11 17:30:59.577402] [INFO] [path_server] 노드 업데이트 : [1077] ➜ [1078]
[2026-08-11 17:30:59.637330] [INFO] [path_server] 새로운 경로 설정 : path[1077 ➜ 8] time[0s] dist[25.5277m] list[16] : 1077-1078-1390-1391-1001-1002-1003-1004-1005-1006-1007-1008-1010-1020-1035-8
[2026-08-11 17:31:00.695382] [INFO] [path_server] 노드 업데이트 : [1078] ➜ [1390]
[2026-08-11 17:31:00.775260] [INFO] [path_server] 새로운 경로 설정 : path[1078 ➜ 8] time[0s] dist[24.0277m] list[15] : 1078-1390-1391-1001-1002-1003-1004-1005-1006-1007-1008-1010-1020-1035-8
[2026-08-11 17:31:01.513833] [INFO] [path_server] 노드 업데이트 : [1390] ➜ [1391]
[2026-08-11 17:31:01.593786] [INFO] [path_server] 새로운 경로 설정 : path[1390 ➜ 8] time[0s] dist[22.5277m] list[14] : 1390-1391-1001-1002-1003-1004-1005-1006-1007-1008-1010-1020-1035-8
[2026-08-11 17:31:02.272504] [INFO] [path_server] 노드 업데이트 : [1391] ➜ [1001]
[2026-08-11 17:31:02.332456] [INFO] [path_server] 새로운 경로 설정 : path[1391 ➜ 8] time[0s] dist[21.0277m] list[13] : 1391-1001-1002-1003-1004-1005-1006-1007-1008-1010-1020-1035-8
[2026-08-11 17:31:03.649898] [INFO] [path_server] 노드 업데이트 : [1001] ➜ [1002]
[2026-08-11 17:31:03.709841] [INFO] [path_server] 새로운 경로 설정 : path[1001 ➜ 8] time[0s] dist[19.5277m] list[12] : 1001-1002-1003-1004-1005-1006-1007-1008-1010-1020-1035-8
[2026-08-11 17:31:07.123478] [INFO] [path_server] 노드 업데이트 : [1002] ➜ [1003]
[2026-08-11 17:31:07.183378] [INFO] [path_server] 새로운 경로 설정 : path[1002 ➜ 8] time[0s] dist[18.0277m] list[11] : 1002-1003-1004-1005-1006-1007-1008-1010-1020-1035-8
[2026-08-11 17:31:08.221651] [INFO] [path_server] 노드 업데이트 : [1003] ➜ [1004]
[2026-08-11 17:31:08.301540] [INFO] [path_server] 새로운 경로 설정 : path[1003 ➜ 8] time[0s] dist[16.5277m] list[10] : 1003-1004-1005-1006-1007-1008-1010-1020-1035-8
[2026-08-11 17:31:09.040120] [INFO] [path_server] 노드 업데이트 : [1004] ➜ [1005]
[2026-08-11 17:31:09.100089] [INFO] [path_server] 새로운 경로 설정 : path[1004 ➜ 8] time[0s] dist[15.0277m] list[9] : 1004-1005-1006-1007-1008-1010-1020-1035-8
[2026-08-11 17:31:09.798651] [INFO] [path_server] 노드 업데이트 : [1005] ➜ [1006]
[2026-08-11 17:31:09.878521] [INFO] [path_server] 새로운 경로 설정 : path[1005 ➜ 8] time[0s] dist[13.5277m] list[8] : 1005-1006-1007-1008-1010-1020-1035-8
[2026-08-11 17:31:10.537246] [INFO] [path_server] 노드 업데이트 : [1006] ➜ [1007]
[2026-08-11 17:31:10.597117] [INFO] [path_server] 새로운 경로 설정 : path[1006 ➜ 8] time[0s] dist[12.0277m] list[7] : 1006-1007-1008-1010-1020-1035-8
[2026-08-11 17:31:11.295642] [INFO] [path_server] 노드 업데이트 : [1007] ➜ [1008]
[2026-08-11 17:31:11.375565] [INFO] [path_server] 새로운 경로 설정 : path[1007 ➜ 8] time[0s] dist[10.5277m] list[6] : 1007-1008-1010-1020-1035-8
[2026-08-11 17:31:12.054234] [INFO] [path_server] 노드 업데이트 : [1008] ➜ [1010]
[2026-08-11 17:31:12.134158] [INFO] [path_server] 새로운 경로 설정 : path[1008 ➜ 8] time[0s] dist[9.02769m] list[5] : 1008-1010-1020-1035-8
[2026-08-11 17:31:12.792917] [INFO] [path_server] 노드 업데이트 : [1010] ➜ [1020]
[2026-08-11 17:31:12.852827] [INFO] [path_server] 새로운 경로 설정 : path[1010 ➜ 8] time[0s] dist[7.52769m] list[4] : 1010-1020-1035-8
[2026-08-11 17:31:16.305970] [INFO] [path_server] 노드 업데이트 : [1020] ➜ [1035]
[2026-08-11 17:31:16.385843] [INFO] [path_server] 새로운 경로 설정 : path[1020 ➜ 8] time[0s] dist[3m] list[3] : 1020-1035-8
[2026-08-11 17:31:18.042697] [INFO] [path_server] 노드 업데이트 : [1035] ➜ [8]
[2026-08-11 17:31:18.122569] [INFO] [path_server] 새로운 경로 설정 : path[1035 ➜ 8] time[0s] dist[1.5m] list[2] : 1035-8
[2026-08-11 17:31:20.278559] [INFO] [path_server] 노드 업데이트 : [8] ➜ [-1]
[2026-08-11 17:31:23.152702] [INFO] [course_tracker] 목적지에서 각도 정렬 : [21.500m 24.500m 0.000°]
[2026-08-11 17:31:23.611745] [INFO] [path_server] 노드 업데이트 : [8] ➜ [-1]
[2026-08-11 17:31:23.631697] [INFO] [task::fsm] go_to_done
[2026-08-11 17:31:23.691565] [INFO] [task::fsm] unloading
[2026-08-11 17:31:23.691572] [INFO] [load_handler] 하차 시작
[2026-08-11 17:31:25.707642] [INFO] [load_handler] 하차 완료
[2026-08-11 17:31:25.727524] [INFO] [task::fsm] unloading_done
[2026-08-11 17:31:25.767483] [INFO] [task::fsm] idle
[2026-08-11 17:31:25.767491] [INFO] [path_server] 경로 삭제
[2026-08-11 17:31:25.767489] [INFO] [course_manager] 코스 삭제
[2026-08-11 17:31:30.898462] [INFO] [path_server] 새로운 경로 설정 : path[8 ➜ 206] time[0s] dist[29.3012m] list[17] : 8-1041-1048-1130-1051-1052-1198-1199-1053-1054-1055-1056-1057-1058-1059-1060-206
[2026-08-11 17:31:33.074184] [INFO] [path_server] 노드 업데이트 : [1041] ➜ [1048]
[2026-08-11 17:31:33.134099] [INFO] [path_server] 새로운 경로 설정 : path[1041 ➜ 206] time[0s] dist[27.3012m] list[16] : 1041-1048-1130-1051-1052-1198-1199-1053-1054-1055-1056-1057-1058-1059-1060-206
[2026-08-11 17:31:39.462165] [INFO] [path_server] 노드 업데이트 : [1048] ➜ [1130]
[2026-08-11 17:31:39.522081] [INFO] [path_server] 새로운 경로 설정 : path[1048 ➜ 206] time[0s] dist[23m] list[15] : 1048-1130-1051-1052-1198-1199-1053-1054-1055-1056-1057-1058-1059-1060-206
[2026-08-11 17:31:43.814301] [INFO] [path_server] 노드 업데이트 : [1130] ➜ [1051]
[2026-08-11 17:31:43.894165] [INFO] [path_server] 새로운 경로 설정 : path[1130 ➜ 206] time[0s] dist[20.5m] list[14] : 1130-1051-1052-1198-1199-1053-1054-1055-1056-1057-1058-1059-1060-206
[2026-08-11 17:31:45.550948] [INFO] [path_server] 노드 업데이트 : [1051] ➜ [1052]
[2026-08-11 17:31:45.630827] [INFO] [path_server] 새로운 경로 설정 : path[1051 ➜ 206] time[0s] dist[18m] list[13] : 1051-1052-1198-1199-1053-1054-1055-1056-1057-1058-1059-1060-206
[2026-08-11 17:31:49.782550] [INFO] [path_server] 노드 업데이트 : [1052] ➜ [1198]
[2026-08-11 17:31:49.862480] [INFO] [path_server] 새로운 경로 설정 : path[1052 ➜ 206] time[0s] dist[16.5m] list[12] : 1052-1198-1199-1053-1054-1055-1056-1057-1058-1059-1060-206
[2026-08-11 17:31:51.299560] [INFO] [path_server] 노드 업데이트 : [1198] ➜ [1199]
[2026-08-11 17:31:51.359469] [INFO] [path_server] 새로운 경로 설정 : path[1198 ➜ 206] time[0s] dist[15m] list[11] : 1198-1199-1053-1054-1055-1056-1057-1058-1059-1060-206
[2026-08-11 17:31:54.752819] [INFO] [path_server] 노드 업데이트 : [1199] ➜ [1053]
[2026-08-11 17:31:54.832647] [INFO] [path_server] 새로운 경로 설정 : path[1199 ➜ 206] time[0s] dist[13.5m] list[10] : 1199-1053-1054-1055-1056-1057-1058-1059-1060-206
[2026-08-11 17:31:55.850530] [INFO] [path_server] 노드 업데이트 : [1053] ➜ [1054]
[2026-08-11 17:31:55.910422] [INFO] [path_server] 새로운 경로 설정 : path[1053 ➜ 206] time[0s] dist[12m] list[9] : 1053-1054-1055-1056-1057-1058-1059-1060-206
[2026-08-11 17:31:56.668880] [INFO] [path_server] 노드 업데이트 : [1054] ➜ [1055]
[2026-08-11 17:31:56.748729] [INFO] [path_server] 새로운 경로 설정 : path[1054 ➜ 206] time[0s] dist[10.5m] list[8] : 1054-1055-1056-1057-1058-1059-1060-206
[2026-08-11 17:31:57.407364] [INFO] [path_server] 노드 업데이트 : [1055] ➜ [1056]
[2026-08-11 17:31:57.467269] [INFO] [path_server] 새로운 경로 설정 : path[1055 ➜ 206] time[0s] dist[9m] list[7] : 1055-1056-1057-1058-1059-1060-206
[2026-08-11 17:31:58.664741] [INFO] [path_server] 노드 업데이트 : [1056] ➜ [1057]
[2026-08-11 17:31:58.724615] [INFO] [path_server] 새로운 경로 설정 : path[1056 ➜ 206] time[0s] dist[7.5m] list[6] : 1056-1057-1058-1059-1060-206
[2026-08-11 17:32:01.957823] [INFO] [path_server] 노드 업데이트 : [1057] ➜ [1058]
[2026-08-11 17:32:02.017711] [INFO] [path_server] 새로운 경로 설정 : path[1057 ➜ 206] time[0s] dist[6m] list[5] : 1057-1058-1059-1060-206
[2026-08-11 17:32:03.115452] [INFO] [path_server] 노드 업데이트 : [1058] ➜ [1059]
[2026-08-11 17:32:03.195297] [INFO] [path_server] 새로운 경로 설정 : path[1058 ➜ 206] time[0s] dist[4.5m] list[4] : 1058-1059-1060-206
[2026-08-11 17:32:03.953773] [INFO] [path_server] 노드 업데이트 : [1059] ➜ [1060]
[2026-08-11 17:32:04.033599] [INFO] [path_server] 새로운 경로 설정 : path[1059 ➜ 206] time[0s] dist[3m] list[3] : 1059-1060-206
[2026-08-11 17:32:06.688149] [INFO] [path_server] 노드 업데이트 : [1060] ➜ [206]
[2026-08-11 17:32:06.768067] [INFO] [path_server] 새로운 경로 설정 : path[1060 ➜ 206] time[0s] dist[1.5m] list[2] : 1060-206
[2026-08-11 17:32:10.779991] [INFO] [path_server] 노드 업데이트 : [206] ➜ [-1]
[2026-08-11 17:32:13.634267] [INFO] [course_tracker] 목적지에서 각도 정렬 : [26.000m 16.000m 0.000°]
[2026-08-11 17:32:14.432732] [INFO] [path_server] 노드 업데이트 : [206] ➜ [-1]
[2026-08-11 17:32:14.452645] [INFO] [task::fsm] push_done
[2026-08-11 17:32:14.532485] [INFO] [task::fsm] idle
[2026-08-11 17:32:14.532494] [INFO] [path_server] 경로 삭제
[2026-08-11 17:32:14.532492] [INFO] [course_manager] 코스 삭제
[2026-08-11 17:32:50.845717] [INFO] [path_server] 새로운 경로 설정 : path[206 ➜ 203] time[0s] dist[37.5m] list[26] : 206-1060-1061-1062-1063-1064-1065-40-1067-1068-1069-1070-1071-1072-1073-1074-1075-1076-1159-1158-1157-1160-1161-1162-1163-203
[2026-08-11 17:34:34.369205] [INFO] [framework] 프로그램 시작
[2026-08-11 17:34:34.369209] [WARNING] [framework] 프로그램 시작
[2026-08-11 17:34:34.369212] [INFO] [framework] 설정 파일 위치 : ../configs/robot_10
[2026-08-11 17:34:34.369212] [CRITICAL] [framework] 프로그램 시작
[2026-08-11 17:34:46.273086] [INFO] [framework] 프로그램 시작
[2026-08-11 17:34:46.273089] [WARNING] [framework] 프로그램 시작
[2026-08-11 17:34:46.273092] [INFO] [framework] 설정 파일 위치 : ../configs/robot_10
[2026-08-11 17:34:46.273092] [CRITICAL] [framework] 프로그램 시작
[2026-08-11 17:34:46.273209] [INFO] [framework] ID[0, 10], 이름[전시입], 제어주기[20ms], 버젼[], 장소[우리집], 환경모드[simulation]
[2026-08-11 17:34:46.273228] [INFO] [mediator] 생성
[2026-08-11 17:34:46.273246] [INFO] [graph_manager] 생성
[2026-08-11 17:34:46.304423] [INFO] [stop_server] 생성
[2026-08-11 17:34:46.304447] [INFO] [health_monitor] 생성
[2026-08-11 17:34:46.304463] [INFO] [path_server] 생성
[2026-08-11 17:34:46.304489] [INFO] [course_manager] 생성
[2026-08-11 17:34:46.304504] [INFO] [task::fsm] 생성
[2026-08-11 17:34:46.304506] [INFO] [task::fsm] idle
[2026-08-11 17:34:46.304507] [INFO] [course_manager] 코스 삭제
[2026-08-11 17:34:46.304508] [INFO] [path_server] 경로 삭제
[2026-08-11 17:34:46.304520] [INFO] [task_manager] 생성
[2026-08-11 17:34:46.304619] [INFO] [mediator] connectors 생성
[2026-08-11 17:34:46.304635] [INFO] [fms] 생성
[2026-08-11 17:34:46.304636] [INFO] [fms] 통신 드라이버 생성
[2026-08-11 17:34:46.304919] [INFO] [motions] 생성
[2026-08-11 17:34:46.304940] [INFO] [localizers] 생성
[2026-08-11 17:34:46.305030] [INFO] [localizers] 파라미터 : 

[2026-08-11 17:34:46.305050] [INFO] [safety_plc] 생성
[2026-08-11 17:34:46.305066] [INFO] [load_handler] 생성
[2026-08-11 17:34:46.305082] [INFO] [power_system] 생성
[2026-08-11 17:34:46.305193] [INFO] [power_system] 설정 정보 : remaining[40%, 10%, 5%]
[2026-08-11 17:34:46.305610] [INFO] [power_system] 알람 목록 : 
 • [100015, 100001] [INFO] 자동 충전 시작.
 • [100015, 100002] [INFO] 배터리 가득.
 • [100015, 400001] [CRIT] 배터리 남은 양 - 위험
 • [100015, 300001] [ERROR] 배터리 남은 양 - 에러
 • [100015, 200001] [WARN] 배터리 남은 양 - 주의
 • [100015, 100004] [INFO] 자동 충전 해제 완료.
 • [100015, 100003] [INFO] 자동 충전 해제 시작.
[2026-08-11 17:34:46.305614] [INFO] [mediator] connector 의존성 주입
[2026-08-11 17:34:46.305625] [INFO] [mediator] any collector 등록
[2026-08-11 17:34:46.305627] [INFO] [mediator] any collector 목록 검사
[2026-08-11 17:34:46.305617] [INFO] [mediator] any map 등록
[2026-08-11 17:34:46.305679] [INFO] [framework] after init 실행
[2026-08-11 17:34:46.306065] [INFO] [course_tracker] 생성
[2026-08-11 17:34:46.306089] [INFO] [course_tracker] 파라미터 : 
◈ node_bound[0.020m, 0.150m, 0.005m]
 • approach[0.150m, 0.050m/s, -0.005m, -0.200m, 0.100m]
 • align[(10.000°, 5.000°/s), 50.000°, 30.000°/s), 0.800°, -0.100°]
◈ motion param : 
 • reference_angle[0.000°, 45.000°]
 • threshold_angle[15.000°, 20.000°, 170.000°]
 • threshold_error[0.300°, 5.000°]
 • normal[0.150m/s, 8.000, 0.800m/s, 0.500]
 • angle[0.150m/s, 1.500, 0.800m/s, 2.100]
 • protection_overshoot[0.100m/s, 0.900, 0.500m/s, 0.900]
 • speed_rotation[15.000°/s]
[2026-08-11 17:34:46.306093] [INFO] [framework] 제어 쓰레드 시작
[2026-08-11 17:34:46.306152] [INFO] [path_server] 노드 초기화 성공 : 로봇 좌표[9.489m 18.997m 90.045°] 최단 거리 노드[104] 거리(0.011735m)
[2026-08-11 17:34:49.880402] [INFO] [task::fsm] charging
[2026-08-11 17:34:49.880409] [INFO] [power_system] 충전 프로세스 시작
[2026-08-11 17:34:49.880433] [INFO] [health_monitor] [등록][100015, 100001] : 자동 충전 시작.
[2026-08-11 17:34:54.890814] [INFO] [health_monitor] [삭제][100015, 100001] : 자동 충전 시작.
[2026-08-11 17:35:08.065222] [INFO] [power_system] 충전 완료
[2026-08-11 17:35:08.065245] [INFO] [health_monitor] [등록][100015, 100002] : 배터리 가득.
[2026-08-11 17:35:08.065249] [INFO] [health_monitor] [등록][100015, 100003] : 자동 충전 해제 시작.
[2026-08-11 17:35:13.075111] [INFO] [health_monitor] [삭제][100015, 100002] : 배터리 가득.
[2026-08-11 17:35:13.075119] [INFO] [health_monitor] [삭제][100015, 100003] : 자동 충전 해제 시작.
[2026-08-11 17:35:13.095052] [INFO] [power_system] 충전 해제 완료
[2026-08-11 17:35:13.095063] [INFO] [health_monitor] [등록][100015, 100004] : 자동 충전 해제 완료.
[2026-08-11 17:35:13.114963] [INFO] [task::fsm] discharging
[2026-08-11 17:35:13.114971] [INFO] [power_system] 충전 해제 프로세스 시작
[2026-08-11 17:35:13.114980] [INFO] [health_monitor] [등록][100015, 100003] : 자동 충전 해제 시작.
[2026-08-11 17:35:13.135065] [INFO] [task::fsm] idle
[2026-08-11 17:35:13.135074] [INFO] [path_server] 경로 삭제
[2026-08-11 17:35:13.135072] [INFO] [course_manager] 코스 삭제
[2026-08-11 17:35:13.155018] [INFO] [task::fsm] idle
[2026-08-11 17:35:13.155023] [INFO] [course_manager] 코스 삭제
[2026-08-11 17:35:13.155025] [INFO] [path_server] 경로 삭제
[2026-08-11 17:35:18.105558] [INFO] [health_monitor] [삭제][100015, 100004] : 자동 충전 해제 완료.
[2026-08-11 17:35:18.125522] [INFO] [health_monitor] [삭제][100015, 100003] : 자동 충전 해제 시작.
[2026-08-11 17:36:08.173652] [INFO] [task::fsm] charging
[2026-08-11 17:36:08.173678] [INFO] [health_monitor] [등록][100015, 100001] : 자동 충전 시작.
[2026-08-11 17:36:08.173662] [INFO] [power_system] 충전 프로세스 시작
[2026-08-11 17:36:13.184534] [INFO] [health_monitor] [삭제][100015, 100001] : 자동 충전 시작.
[2026-08-11 17:36:21.887990] [INFO] [power_system] 충전 완료
[2026-08-11 17:36:21.888007] [INFO] [health_monitor] [등록][100015, 100002] : 배터리 가득.
[2026-08-11 17:36:21.888010] [INFO] [health_monitor] [등록][100015, 100003] : 자동 충전 해제 시작.
[2026-08-11 17:36:26.899434] [INFO] [health_monitor] [삭제][100015, 100002] : 배터리 가득.
[2026-08-11 17:36:26.899442] [INFO] [health_monitor] [삭제][100015, 100003] : 자동 충전 해제 시작.
[2026-08-11 17:36:26.919381] [INFO] [power_system] 충전 해제 완료
[2026-08-11 17:36:26.919402] [INFO] [health_monitor] [등록][100015, 100004] : 자동 충전 해제 완료.
[2026-08-11 17:36:26.939408] [INFO] [task::fsm] discharging
[2026-08-11 17:36:26.939419] [INFO] [power_system] 충전 해제 프로세스 시작
[2026-08-11 17:36:26.939435] [INFO] [health_monitor] [등록][100015, 100003] : 자동 충전 해제 시작.
[2026-08-11 17:36:26.959417] [INFO] [task::fsm] idle
[2026-08-11 17:36:26.959425] [INFO] [course_manager] 코스 삭제
[2026-08-11 17:36:26.959428] [INFO] [path_server] 경로 삭제
[2026-08-11 17:36:26.999298] [INFO] [task::fsm] idle
[2026-08-11 17:36:26.999309] [INFO] [path_server] 경로 삭제
[2026-08-11 17:36:26.999307] [INFO] [course_manager] 코스 삭제
[2026-08-11 17:36:31.933049] [INFO] [health_monitor] [삭제][100015, 100004] : 자동 충전 해제 완료.
[2026-08-11 17:36:31.952941] [INFO] [health_monitor] [삭제][100015, 100003] : 자동 충전 해제 시작.
[2026-08-11 17:37:22.022702] [INFO] [task::fsm] charging
[2026-08-11 17:37:22.022708] [INFO] [power_system] 충전 프로세스 시작
[2026-08-11 17:37:22.022720] [INFO] [health_monitor] [등록][100015, 100001] : 자동 충전 시작.
[2026-08-11 17:37:27.032875] [INFO] [health_monitor] [삭제][100015, 100001] : 자동 충전 시작.
[2026-08-11 17:37:35.757867] [INFO] [power_system] 충전 완료
[2026-08-11 17:37:35.757891] [INFO] [health_monitor] [등록][100015, 100002] : 배터리 가득.
[2026-08-11 17:37:35.757905] [INFO] [health_monitor] [등록][100015, 100003] : 자동 충전 해제 시작.
[2026-08-11 17:37:40.767799] [INFO] [health_monitor] [삭제][100015, 100002] : 배터리 가득.
[2026-08-11 17:37:40.767804] [INFO] [health_monitor] [삭제][100015, 100003] : 자동 충전 해제 시작.
[2026-08-11 17:37:40.787704] [INFO] [power_system] 충전 해제 완료
[2026-08-11 17:37:40.787730] [INFO] [health_monitor] [등록][100015, 100004] : 자동 충전 해제 완료.
[2026-08-11 17:37:40.807709] [INFO] [task::fsm] discharging
[2026-08-11 17:37:40.807719] [INFO] [power_system] 충전 해제 프로세스 시작
[2026-08-11 17:37:40.807741] [INFO] [health_monitor] [등록][100015, 100003] : 자동 충전 해제 시작.
[2026-08-11 17:37:40.827662] [INFO] [task::fsm] idle
[2026-08-11 17:37:40.827668] [INFO] [path_server] 경로 삭제
[2026-08-11 17:37:40.827667] [INFO] [course_manager] 코스 삭제
[2026-08-11 17:37:40.867588] [INFO] [task::fsm] idle
[2026-08-11 17:37:40.867593] [INFO] [course_manager] 코스 삭제
[2026-08-11 17:37:40.867595] [INFO] [path_server] 경로 삭제
[2026-08-11 17:37:45.799037] [INFO] [health_monitor] [삭제][100015, 100004] : 자동 충전 해제 완료.
[2026-08-11 17:37:45.819070] [INFO] [health_monitor] [삭제][100015, 100003] : 자동 충전 해제 시작.
[2026-08-11 17:38:35.887163] [INFO] [task::fsm] charging
[2026-08-11 17:38:35.887172] [INFO] [power_system] 충전 프로세스 시작
[2026-08-11 17:38:35.887189] [INFO] [health_monitor] [등록][100015, 100001] : 자동 충전 시작.
[2026-08-11 17:38:40.897907] [INFO] [health_monitor] [삭제][100015, 100001] : 자동 충전 시작.
[2026-08-11 17:38:49.620100] [INFO] [power_system] 충전 완료
[2026-08-11 17:38:49.620113] [INFO] [health_monitor] [등록][100015, 100002] : 배터리 가득.
[2026-08-11 17:38:49.620115] [INFO] [health_monitor] [등록][100015, 100003] : 자동 충전 해제 시작.
[2026-08-11 17:38:54.630410] [INFO] [health_monitor] [삭제][100015, 100002] : 배터리 가득.
[2026-08-11 17:38:54.630418] [INFO] [health_monitor] [삭제][100015, 100003] : 자동 충전 해제 시작.
[2026-08-11 17:38:54.650408] [INFO] [power_system] 충전 해제 완료
[2026-08-11 17:38:54.650423] [INFO] [health_monitor] [등록][100015, 100004] : 자동 충전 해제 완료.
[2026-08-11 17:38:54.670375] [INFO] [task::fsm] discharging
[2026-08-11 17:38:54.670385] [INFO] [power_system] 충전 해제 프로세스 시작
[2026-08-11 17:38:54.670397] [INFO] [health_monitor] [등록][100015, 100003] : 자동 충전 해제 시작.
[2026-08-11 17:38:54.690288] [INFO] [task::fsm] idle
[2026-08-11 17:38:54.690299] [INFO] [path_server] 경로 삭제
[2026-08-11 17:38:54.690296] [INFO] [course_manager] 코스 삭제
[2026-08-11 17:38:54.730274] [INFO] [task::fsm] idle
[2026-08-11 17:38:54.730284] [INFO] [path_server] 경로 삭제
[2026-08-11 17:38:54.730281] [INFO] [course_manager] 코스 삭제
[2026-08-11 17:38:59.660505] [INFO] [health_monitor] [삭제][100015, 100004] : 자동 충전 해제 완료.
[2026-08-11 17:38:59.680442] [INFO] [health_monitor] [삭제][100015, 100003] : 자동 충전 해제 시작.
[2026-08-11 17:39:49.723388] [INFO] [task::fsm] charging
[2026-08-11 17:39:49.723417] [INFO] [health_monitor] [등록][100015, 100001] : 자동 충전 시작.
[2026-08-11 17:39:49.723399] [INFO] [power_system] 충전 프로세스 시작
[2026-08-11 17:39:54.733607] [INFO] [health_monitor] [삭제][100015, 100001] : 자동 충전 시작.
[2026-08-11 17:40:03.436969] [INFO] [power_system] 충전 완료
[2026-08-11 17:40:03.436991] [INFO] [health_monitor] [등록][100015, 100003] : 자동 충전 해제 시작.
[2026-08-11 17:40:03.436988] [INFO] [health_monitor] [등록][100015, 100002] : 배터리 가득.
[2026-08-11 17:40:32.795352] [INFO] [framework] 프로그램 시작
[2026-08-11 17:40:32.795355] [WARNING] [framework] 프로그램 시작
[2026-08-11 17:40:32.795358] [INFO] [framework] 설정 파일 위치 : ../configs/robot_10
[2026-08-11 17:40:32.795357] [CRITICAL] [framework] 프로그램 시작
[2026-08-11 17:40:32.795483] [INFO] [framework] ID[0, 10], 이름[전시입], 제어주기[20ms], 버젼[], 장소[우리집], 환경모드[simulation]
[2026-08-11 17:40:32.795503] [INFO] [mediator] 생성
[2026-08-11 17:40:32.795520] [INFO] [graph_manager] 생성
[2026-08-11 17:40:32.826988] [INFO] [stop_server] 생성
[2026-08-11 17:40:32.827017] [INFO] [health_monitor] 생성
[2026-08-11 17:40:32.827035] [INFO] [path_server] 생성
[2026-08-11 17:40:32.827049] [INFO] [course_manager] 생성
[2026-08-11 17:40:32.827064] [INFO] [task::fsm] 생성
[2026-08-11 17:40:32.827066] [INFO] [task::fsm] idle
[2026-08-11 17:40:32.827070] [INFO] [course_manager] 코스 삭제
[2026-08-11 17:40:32.827070] [INFO] [path_server] 경로 삭제
[2026-08-11 17:40:32.827084] [INFO] [task_manager] 생성
[2026-08-11 17:40:32.827523] [INFO] [mediator] connectors 생성
[2026-08-11 17:40:32.827546] [INFO] [fms] 생성
[2026-08-11 17:40:32.827547] [INFO] [fms] 통신 드라이버 생성
[2026-08-11 17:40:32.827846] [INFO] [motions] 생성
[2026-08-11 17:40:32.827863] [INFO] [localizers] 생성
[2026-08-11 17:40:32.827960] [INFO] [localizers] 파라미터 : 

[2026-08-11 17:40:32.828161] [INFO] [safety_plc] 생성
[2026-08-11 17:40:32.828179] [INFO] [load_handler] 생성
[2026-08-11 17:40:32.828198] [INFO] [power_system] 생성
[2026-08-11 17:40:32.828367] [INFO] [power_system] 설정 정보 : remaining[40%, 10%, 5%]
[2026-08-11 17:40:32.828944] [INFO] [power_system] 알람 목록 : 
 • [100015, 100001] [INFO] 자동 충전 시작.
 • [100015, 100002] [INFO] 배터리 가득.
 • [100015, 400001] [CRIT] 배터리 남은 양 - 위험
 • [100015, 300001] [ERROR] 배터리 남은 양 - 에러
 • [100015, 200001] [WARN] 배터리 남은 양 - 주의
 • [100015, 100004] [INFO] 자동 충전 해제 완료.
 • [100015, 100003] [INFO] 자동 충전 해제 시작.
[2026-08-11 17:40:32.828948] [INFO] [mediator] connector 의존성 주입
[2026-08-11 17:40:32.828956] [INFO] [mediator] any collector 등록
[2026-08-11 17:40:32.828958] [INFO] [mediator] any collector 목록 검사
[2026-08-11 17:40:32.828950] [INFO] [mediator] any map 등록
[2026-08-11 17:40:32.829015] [INFO] [framework] after init 실행
[2026-08-11 17:40:32.829378] [INFO] [course_tracker] 생성
[2026-08-11 17:40:32.829401] [INFO] [course_tracker] 파라미터 : 
◈ node_bound[0.020m, 0.150m, 0.005m]
 • approach[0.150m, 0.050m/s, -0.005m, -0.200m, 0.100m]
 • align[(10.000°, 5.000°/s), 50.000°, 30.000°/s), 0.800°, -0.100°]
◈ motion param : 
 • reference_angle[0.000°, 45.000°]
 • threshold_angle[15.000°, 20.000°, 170.000°]
 • threshold_error[0.300°, 5.000°]
 • normal[0.150m/s, 8.000, 0.800m/s, 0.500]
 • angle[0.150m/s, 1.500, 0.800m/s, 2.100]
 • protection_overshoot[0.100m/s, 0.900, 0.500m/s, 0.900]
 • speed_rotation[15.000°/s]
[2026-08-11 17:40:32.829405] [INFO] [framework] 제어 쓰레드 시작
[2026-08-11 17:40:32.829468] [INFO] [path_server] 노드 초기화 성공 : 로봇 좌표[9.489m 18.997m 90.045°] 최단 거리 노드[104] 거리(0.011735m)
[2026-08-11 17:40:32.929351] [INFO] [task::fsm] charging
[2026-08-11 17:40:32.929359] [INFO] [power_system] 충전 프로세스 시작
[2026-08-11 17:40:32.929384] [INFO] [health_monitor] [등록][100015, 100001] : 자동 충전 시작.
[2026-08-11 17:40:37.939905] [INFO] [health_monitor] [삭제][100015, 100001] : 자동 충전 시작.
[2026-08-11 17:40:50.655175] [INFO] [power_system] 충전 완료
[2026-08-11 17:40:50.655193] [INFO] [health_monitor] [등록][100015, 100002] : 배터리 가득.
[2026-08-11 17:40:50.655196] [INFO] [health_monitor] [등록][100015, 100003] : 자동 충전 해제 시작.
[2026-08-11 17:40:55.665355] [INFO] [health_monitor] [삭제][100015, 100002] : 배터리 가득.
[2026-08-11 17:40:55.665361] [INFO] [health_monitor] [삭제][100015, 100003] : 자동 충전 해제 시작.
[2026-08-11 17:40:55.685257] [INFO] [power_system] 충전 해제 완료
[2026-08-11 17:40:55.685271] [INFO] [health_monitor] [등록][100015, 100004] : 자동 충전 해제 완료.
[2026-08-11 17:40:55.705287] [INFO] [task::fsm] discharging
[2026-08-11 17:40:55.705297] [INFO] [power_system] 충전 해제 프로세스 시작
[2026-08-11 17:40:55.705310] [INFO] [health_monitor] [등록][100015, 100003] : 자동 충전 해제 시작.
[2026-08-11 17:40:55.725221] [INFO] [task::fsm] idle
[2026-08-11 17:40:55.725227] [INFO] [path_server] 경로 삭제
[2026-08-11 17:40:55.725226] [INFO] [course_manager] 코스 삭제
[2026-08-11 17:40:55.765153] [INFO] [task::fsm] idle
[2026-08-11 17:40:55.765160] [INFO] [course_manager] 코스 삭제
[2026-08-11 17:40:55.765162] [INFO] [path_server] 경로 삭제
[2026-08-11 17:41:00.695734] [INFO] [health_monitor] [삭제][100015, 100004] : 자동 충전 해제 완료.
[2026-08-11 17:41:00.715751] [INFO] [health_monitor] [삭제][100015, 100003] : 자동 충전 해제 시작.
[2026-08-11 17:41:13.151214] [INFO] [path_server] 새로운 경로 설정 : path[104 ➜ 205] time[0s] dist[60m] list[41] : 104-1071-1072-1073-1074-1075-1076-1159-1158-1157-1160-1161-1162-1163-1164-1165-1166-1167-1168-41-1170-1171-1172-1173-1174-1175-1176-1177-1178-1081-1185-1186-1187-1188-1056-1057-1058-1059-1060-1061-205
[2026-08-11 17:41:17.023366] [INFO] [path_server] 노드 업데이트 : [1071] ➜ [1072]
[2026-08-11 17:41:17.103309] [INFO] [path_server] 새로운 경로 설정 : path[1071 ➜ 205] time[0s] dist[58.5m] list[40] : 1071-1072-1073-1074-1075-1076-1159-1158-1157-1160-1161-1162-1163-1164-1165-1166-1167-1168-41-1170-1171-1172-1173-1174-1175-1176-1177-1178-1081-1185-1186-1187-1188-1056-1057-1058-1059-1060-1061-205
[2026-08-11 17:41:20.597675] [INFO] [path_server] 노드 업데이트 : [1072] ➜ [1073]
[2026-08-11 17:41:20.677688] [INFO] [path_server] 새로운 경로 설정 : path[1072 ➜ 205] time[0s] dist[57m] list[39] : 1072-1073-1074-1075-1076-1159-1158-1157-1160-1161-1162-1163-1164-1165-1166-1167-1168-41-1170-1171-1172-1173-1174-1175-1176-1177-1178-1081-1185-1186-1187-1188-1056-1057-1058-1059-1060-1061-205
[2026-08-11 17:41:21.735374] [INFO] [path_server] 노드 업데이트 : [1073] ➜ [1074]
[2026-08-11 17:41:21.815355] [INFO] [path_server] 새로운 경로 설정 : path[1073 ➜ 205] time[0s] dist[55.5m] list[38] : 1073-1074-1075-1076-1159-1158-1157-1160-1161-1162-1163-1164-1165-1166-1167-1168-41-1170-1171-1172-1173-1174-1175-1176-1177-1178-1081-1185-1186-1187-1188-1056-1057-1058-1059-1060-1061-205
[2026-08-11 17:41:22.553810] [INFO] [path_server] 노드 업데이트 : [1074] ➜ [1075]
[2026-08-11 17:41:22.613760] [INFO] [path_server] 새로운 경로 설정 : path[1074 ➜ 205] time[0s] dist[54m] list[37] : 1074-1075-1076-1159-1158-1157-1160-1161-1162-1163-1164-1165-1166-1167-1168-41-1170-1171-1172-1173-1174-1175-1176-1177-1178-1081-1185-1186-1187-1188-1056-1057-1058-1059-1060-1061-205
[2026-08-11 17:41:23.312293] [INFO] [path_server] 노드 업데이트 : [1075] ➜ [1076]
[2026-08-11 17:41:23.392194] [INFO] [path_server] 새로운 경로 설정 : path[1075 ➜ 205] time[0s] dist[52.5m] list[36] : 1075-1076-1159-1158-1157-1160-1161-1162-1163-1164-1165-1166-1167-1168-41-1170-1171-1172-1173-1174-1175-1176-1177-1178-1081-1185-1186-1187-1188-1056-1057-1058-1059-1060-1061-205
[2026-08-11 17:41:24.709751] [INFO] [path_server] 노드 업데이트 : [1076] ➜ [1159]
[2026-08-11 17:41:24.769662] [INFO] [path_server] 새로운 경로 설정 : path[1076 ➜ 205] time[0s] dist[51m] list[35] : 1076-1159-1158-1157-1160-1161-1162-1163-1164-1165-1166-1167-1168-41-1170-1171-1172-1173-1174-1175-1176-1177-1178-1081-1185-1186-1187-1188-1056-1057-1058-1059-1060-1061-205
[2026-08-11 17:41:28.183345] [INFO] [path_server] 노드 업데이트 : [1159] ➜ [1158]
[2026-08-11 17:41:28.243254] [INFO] [path_server] 새로운 경로 설정 : path[1159 ➜ 205] time[0s] dist[49.5m] list[34] : 1159-1158-1157-1160-1161-1162-1163-1164-1165-1166-1167-1168-41-1170-1171-1172-1173-1174-1175-1176-1177-1178-1081-1185-1186-1187-1188-1056-1057-1058-1059-1060-1061-205
[2026-08-11 17:41:29.281081] [INFO] [path_server] 노드 업데이트 : [1158] ➜ [1157]
[2026-08-11 17:41:29.361009] [INFO] [path_server] 새로운 경로 설정 : path[1158 ➜ 205] time[0s] dist[48m] list[33] : 1158-1157-1160-1161-1162-1163-1164-1165-1166-1167-1168-41-1170-1171-1172-1173-1174-1175-1176-1177-1178-1081-1185-1186-1187-1188-1056-1057-1058-1059-1060-1061-205
[2026-08-11 17:41:30.698316] [INFO] [path_server] 노드 업데이트 : [1157] ➜ [1160]
[2026-08-11 17:41:30.758233] [INFO] [path_server] 새로운 경로 설정 : path[1157 ➜ 205] time[0s] dist[46.5m] list[32] : 1157-1160-1161-1162-1163-1164-1165-1166-1167-1168-41-1170-1171-1172-1173-1174-1175-1176-1177-1178-1081-1185-1186-1187-1188-1056-1057-1058-1059-1060-1061-205
[2026-08-11 17:41:34.151590] [INFO] [path_server] 노드 업데이트 : [1160] ➜ [1161]
[2026-08-11 17:41:34.211519] [INFO] [path_server] 새로운 경로 설정 : path[1160 ➜ 205] time[0s] dist[45m] list[31] : 1160-1161-1162-1163-1164-1165-1166-1167-1168-41-1170-1171-1172-1173-1174-1175-1176-1177-1178-1081-1185-1186-1187-1188-1056-1057-1058-1059-1060-1061-205
[2026-08-11 17:41:35.249274] [INFO] [path_server] 노드 업데이트 : [1161] ➜ [1162]
[2026-08-11 17:41:35.329229] [INFO] [path_server] 새로운 경로 설정 : path[1161 ➜ 205] time[0s] dist[43.5m] list[30] : 1161-1162-1163-1164-1165-1166-1167-1168-41-1170-1171-1172-1173-1174-1175-1176-1177-1178-1081-1185-1186-1187-1188-1056-1057-1058-1059-1060-1061-205
[2026-08-11 17:41:36.067675] [INFO] [path_server] 노드 업데이트 : [1162] ➜ [1163]
[2026-08-11 17:41:36.127597] [INFO] [path_server] 새로운 경로 설정 : path[1162 ➜ 205] time[0s] dist[42m] list[29] : 1162-1163-1164-1165-1166-1167-1168-41-1170-1171-1172-1173-1174-1175-1176-1177-1178-1081-1185-1186-1187-1188-1056-1057-1058-1059-1060-1061-205
[2026-08-11 17:41:36.806141] [INFO] [path_server] 노드 업데이트 : [1163] ➜ [1164]
[2026-08-11 17:41:36.886063] [INFO] [path_server] 새로운 경로 설정 : path[1163 ➜ 205] time[0s] dist[40.5m] list[28] : 1163-1164-1165-1166-1167-1168-41-1170-1171-1172-1173-1174-1175-1176-1177-1178-1081-1185-1186-1187-1188-1056-1057-1058-1059-1060-1061-205
[2026-08-11 17:41:37.564618] [INFO] [path_server] 노드 업데이트 : [1164] ➜ [1165]
[2026-08-11 17:41:37.624548] [INFO] [path_server] 새로운 경로 설정 : path[1164 ➜ 205] time[0s] dist[39m] list[27] : 1164-1165-1166-1167-1168-41-1170-1171-1172-1173-1174-1175-1176-1177-1178-1081-1185-1186-1187-1188-1056-1057-1058-1059-1060-1061-205
[2026-08-11 17:41:38.323046] [INFO] [path_server] 노드 업데이트 : [1165] ➜ [1166]
[2026-08-11 17:41:38.402933] [INFO] [path_server] 새로운 경로 설정 : path[1165 ➜ 205] time[0s] dist[37.5m] list[26] : 1165-1166-1167-1168-41-1170-1171-1172-1173-1174-1175-1176-1177-1178-1081-1185-1186-1187-1188-1056-1057-1058-1059-1060-1061-205
[2026-08-11 17:41:39.061595] [INFO] [path_server] 노드 업데이트 : [1166] ➜ [1167]
[2026-08-11 17:41:39.121523] [INFO] [path_server] 새로운 경로 설정 : path[1166 ➜ 205] time[0s] dist[36m] list[25] : 1166-1167-1168-41-1170-1171-1172-1173-1174-1175-1176-1177-1178-1081-1185-1186-1187-1188-1056-1057-1058-1059-1060-1061-205
[2026-08-11 17:41:39.820095] [INFO] [path_server] 노드 업데이트 : [1167] ➜ [1168]
[2026-08-11 17:41:39.900006] [INFO] [path_server] 새로운 경로 설정 : path[1167 ➜ 205] time[0s] dist[34.5m] list[24] : 1167-1168-41-1170-1171-1172-1173-1174-1175-1176-1177-1178-1081-1185-1186-1187-1188-1056-1057-1058-1059-1060-1061-205
[2026-08-11 17:41:40.558582] [INFO] [path_server] 노드 업데이트 : [1168] ➜ [41]
[2026-08-11 17:41:40.618529] [INFO] [path_server] 새로운 경로 설정 : path[1168 ➜ 205] time[0s] dist[33m] list[23] : 1168-41-1170-1171-1172-1173-1174-1175-1176-1177-1178-1081-1185-1186-1187-1188-1056-1057-1058-1059-1060-1061-205
[2026-08-11 17:41:41.317027] [INFO] [path_server] 노드 업데이트 : [41] ➜ [1170]
[2026-08-11 17:41:41.396939] [INFO] [path_server] 새로운 경로 설정 : path[41 ➜ 205] time[0s] dist[31.5m] list[22] : 41-1170-1171-1172-1173-1174-1175-1176-1177-1178-1081-1185-1186-1187-1188-1056-1057-1058-1059-1060-1061-205
[2026-08-11 17:41:42.055495] [INFO] [path_server] 노드 업데이트 : [1170] ➜ [1171]
[2026-08-11 17:41:42.115435] [INFO] [path_server] 새로운 경로 설정 : path[1170 ➜ 205] time[0s] dist[30m] list[21] : 1170-1171-1172-1173-1174-1175-1176-1177-1178-1081-1185-1186-1187-1188-1056-1057-1058-1059-1060-1061-205
[2026-08-11 17:41:42.814001] [INFO] [path_server] 노드 업데이트 : [1171] ➜ [1172]
[2026-08-11 17:41:42.913854] [INFO] [path_server] 새로운 경로 설정 : path[1171 ➜ 205] time[0s] dist[28.5m] list[20] : 1171-1172-1173-1174-1175-1176-1177-1178-1081-1185-1186-1187-1188-1056-1057-1058-1059-1060-1061-205
[2026-08-11 17:41:43.572787] [INFO] [path_server] 노드 업데이트 : [1172] ➜ [1173]
[2026-08-11 17:41:43.652654] [INFO] [path_server] 새로운 경로 설정 : path[1172 ➜ 205] time[0s] dist[27m] list[19] : 1172-1173-1174-1175-1176-1177-1178-1081-1185-1186-1187-1188-1056-1057-1058-1059-1060-1061-205
[2026-08-11 17:41:44.311708] [INFO] [path_server] 노드 업데이트 : [1173] ➜ [1174]
[2026-08-11 17:41:44.371665] [INFO] [path_server] 새로운 경로 설정 : path[1173 ➜ 205] time[0s] dist[25.5m] list[18] : 1173-1174-1175-1176-1177-1178-1081-1185-1186-1187-1188-1056-1057-1058-1059-1060-1061-205
[2026-08-11 17:41:45.071529] [INFO] [path_server] 노드 업데이트 : [1174] ➜ [1175]
[2026-08-11 17:41:45.151609] [INFO] [path_server] 새로운 경로 설정 : path[1174 ➜ 205] time[0s] dist[24m] list[17] : 1174-1175-1176-1177-1178-1081-1185-1186-1187-1188-1056-1057-1058-1059-1060-1061-205
[2026-08-11 17:41:45.810257] [INFO] [path_server] 노드 업데이트 : [1175] ➜ [1176]
[2026-08-11 17:41:45.870214] [INFO] [path_server] 새로운 경로 설정 : path[1175 ➜ 205] time[0s] dist[22.5m] list[16] : 1175-1176-1177-1178-1081-1185-1186-1187-1188-1056-1057-1058-1059-1060-1061-205
[2026-08-11 17:41:46.568886] [INFO] [path_server] 노드 업데이트 : [1176] ➜ [1177]
[2026-08-11 17:41:46.648741] [INFO] [path_server] 새로운 경로 설정 : path[1176 ➜ 205] time[0s] dist[21m] list[15] : 1176-1177-1178-1081-1185-1186-1187-1188-1056-1057-1058-1059-1060-1061-205
[2026-08-11 17:41:47.307414] [INFO] [path_server] 노드 업데이트 : [1177] ➜ [1178]
[2026-08-11 17:41:47.367320] [INFO] [path_server] 새로운 경로 설정 : path[1177 ➜ 205] time[0s] dist[19.5m] list[14] : 1177-1178-1081-1185-1186-1187-1188-1056-1057-1058-1059-1060-1061-205
[2026-08-11 17:41:48.066084] [INFO] [path_server] 노드 업데이트 : [1178] ➜ [1081]
[2026-08-11 17:41:48.145950] [INFO] [path_server] 새로운 경로 설정 : path[1178 ➜ 205] time[0s] dist[18m] list[13] : 1178-1081-1185-1186-1187-1188-1056-1057-1058-1059-1060-1061-205
[2026-08-11 17:41:48.804580] [INFO] [path_server] 노드 업데이트 : [1081] ➜ [1185]
[2026-08-11 17:41:48.864494] [INFO] [path_server] 새로운 경로 설정 : path[1081 ➜ 205] time[0s] dist[16.5m] list[12] : 1081-1185-1186-1187-1188-1056-1057-1058-1059-1060-1061-205
[2026-08-11 17:41:50.222041] [INFO] [path_server] 노드 업데이트 : [1185] ➜ [1186]
[2026-08-11 17:41:50.301832] [INFO] [path_server] 새로운 경로 설정 : path[1185 ➜ 205] time[0s] dist[15m] list[11] : 1185-1186-1187-1188-1056-1057-1058-1059-1060-1061-205
[2026-08-11 17:41:53.695404] [INFO] [path_server] 노드 업데이트 : [1186] ➜ [1187]
[2026-08-11 17:41:53.775265] [INFO] [path_server] 새로운 경로 설정 : path[1186 ➜ 205] time[0s] dist[13.5m] list[10] : 1186-1187-1188-1056-1057-1058-1059-1060-1061-205
[2026-08-11 17:41:54.813196] [INFO] [path_server] 노드 업데이트 : [1187] ➜ [1188]
[2026-08-11 17:41:54.893120] [INFO] [path_server] 새로운 경로 설정 : path[1187 ➜ 205] time[0s] dist[12m] list[9] : 1187-1188-1056-1057-1058-1059-1060-1061-205
[2026-08-11 17:41:56.050888] [INFO] [path_server] 노드 업데이트 : [1188] ➜ [1056]
[2026-08-11 17:41:56.110833] [INFO] [path_server] 새로운 경로 설정 : path[1188 ➜ 205] time[0s] dist[10.5m] list[8] : 1188-1056-1057-1058-1059-1060-1061-205
[2026-08-11 17:41:59.325065] [INFO] [path_server] 노드 업데이트 : [1056] ➜ [1057]
[2026-08-11 17:41:59.384979] [INFO] [path_server] 새로운 경로 설정 : path[1056 ➜ 205] time[0s] dist[9m] list[7] : 1056-1057-1058-1059-1060-1061-205
[2026-08-11 17:42:00.482691] [INFO] [path_server] 노드 업데이트 : [1057] ➜ [1058]
[2026-08-11 17:42:00.562621] [INFO] [path_server] 새로운 경로 설정 : path[1057 ➜ 205] time[0s] dist[7.5m] list[6] : 1057-1058-1059-1060-1061-205
[2026-08-11 17:42:01.321159] [INFO] [path_server] 노드 업데이트 : [1058] ➜ [1059]
[2026-08-11 17:42:01.401091] [INFO] [path_server] 새로운 경로 설정 : path[1058 ➜ 205] time[0s] dist[6m] list[5] : 1058-1059-1060-1061-205
[2026-08-11 17:42:02.079924] [INFO] [path_server] 노드 업데이트 : [1059] ➜ [1060]
[2026-08-11 17:42:02.139864] [INFO] [path_server] 새로운 경로 설정 : path[1059 ➜ 205] time[0s] dist[4.5m] list[4] : 1059-1060-1061-205
[2026-08-11 17:42:02.818499] [INFO] [path_server] 노드 업데이트 : [1060] ➜ [1061]
[2026-08-11 17:42:02.898417] [INFO] [path_server] 새로운 경로 설정 : path[1060 ➜ 205] time[0s] dist[3m] list[3] : 1060-1061-205
[2026-08-11 17:42:05.573239] [INFO] [path_server] 노드 업데이트 : [1061] ➜ [205]
[2026-08-11 17:42:05.653148] [INFO] [path_server] 새로운 경로 설정 : path[1061 ➜ 205] time[0s] dist[1.5m] list[2] : 1061-205
[2026-08-11 17:42:09.784893] [INFO] [path_server] 노드 업데이트 : [205] ➜ [-1]
[2026-08-11 17:42:12.599009] [INFO] [course_tracker] 목적지에서 각도 정렬 : [24.500m 16.000m 0.000°]
[2026-08-11 17:42:13.537142] [INFO] [path_server] 노드 업데이트 : [205] ➜ [-1]
[2026-08-11 17:42:13.557091] [INFO] [task::fsm] push_done
[2026-08-11 17:42:13.616969] [INFO] [task::fsm] idle
[2026-08-11 17:42:13.616978] [INFO] [path_server] 경로 삭제
[2026-08-11 17:42:13.616976] [INFO] [course_manager] 코스 삭제
[2026-08-11 17:43:10.472981] [INFO] [health_monitor] [등록][100015, 200001] : 배터리 남은 양 - 주의
[2026-08-11 17:43:43.842563] [INFO] [framework] 프로그램 시작
[2026-08-11 17:43:43.842568] [CRITICAL] [framework] 프로그램 시작
[2026-08-11 17:43:43.842566] [WARNING] [framework] 프로그램 시작
[2026-08-11 17:43:43.842569] [INFO] [framework] 설정 파일 위치 : ../configs/robot_10
[2026-08-11 17:43:43.842674] [INFO] [framework] ID[0, 10], 이름[전시입], 제어주기[20ms], 버젼[], 장소[우리집], 환경모드[simulation]
[2026-08-11 17:43:43.842691] [INFO] [mediator] 생성
[2026-08-11 17:43:43.842708] [INFO] [graph_manager] 생성
[2026-08-11 17:43:43.873036] [INFO] [stop_server] 생성
[2026-08-11 17:43:43.873055] [INFO] [health_monitor] 생성
[2026-08-11 17:43:43.873073] [INFO] [path_server] 생성
[2026-08-11 17:43:43.873087] [INFO] [course_manager] 생성
[2026-08-11 17:43:43.873101] [INFO] [task::fsm] 생성
[2026-08-11 17:43:43.873103] [INFO] [course_manager] 코스 삭제
[2026-08-11 17:43:43.873103] [INFO] [path_server] 경로 삭제
[2026-08-11 17:43:43.873102] [INFO] [task::fsm] idle
[2026-08-11 17:43:43.873117] [INFO] [task_manager] 생성
[2026-08-11 17:43:43.873221] [INFO] [mediator] connectors 생성
[2026-08-11 17:43:43.873238] [INFO] [fms] 생성
[2026-08-11 17:43:43.873239] [INFO] [fms] 통신 드라이버 생성
[2026-08-11 17:43:43.873535] [INFO] [motions] 생성
[2026-08-11 17:43:43.873555] [INFO] [localizers] 생성
[2026-08-11 17:43:43.873653] [INFO] [localizers] 파라미터 : 

[2026-08-11 17:43:43.873670] [INFO] [safety_plc] 생성
[2026-08-11 17:43:43.873686] [INFO] [load_handler] 생성
[2026-08-11 17:43:43.873699] [INFO] [power_system] 생성
[2026-08-11 17:43:43.873832] [INFO] [power_system] 설정 정보 : remaining[40%, 10%, 5%]
[2026-08-11 17:43:43.874348] [INFO] [power_system] 알람 목록 : 
 • [100015, 100001] [INFO] 자동 충전 시작.
 • [100015, 100002] [INFO] 배터리 가득.
 • [100015, 400001] [CRIT] 배터리 남은 양 - 위험
 • [100015, 300001] [ERROR] 배터리 남은 양 - 에러
 • [100015, 200001] [WARN] 배터리 남은 양 - 주의
 • [100015, 100004] [INFO] 자동 충전 해제 완료.
 • [100015, 100003] [INFO] 자동 충전 해제 시작.
[2026-08-11 17:43:43.874353] [INFO] [mediator] connector 의존성 주입
[2026-08-11 17:43:43.874369] [INFO] [mediator] any map 등록
[2026-08-11 17:43:43.874378] [INFO] [mediator] any collector 등록
[2026-08-11 17:43:43.874382] [INFO] [mediator] any collector 목록 검사
[2026-08-11 17:43:43.874428] [INFO] [framework] after init 실행
[2026-08-11 17:43:43.874763] [INFO] [course_tracker] 생성
[2026-08-11 17:43:43.874781] [INFO] [course_tracker] 파라미터 : 
◈ node_bound[0.020m, 0.150m, 0.005m]
 • approach[0.150m, 0.050m/s, -0.005m, -0.200m, 0.100m]
 • align[(10.000°, 5.000°/s), 50.000°, 30.000°/s), 0.800°, -0.100°]
◈ motion param : 
 • reference_angle[0.000°, 45.000°]
 • threshold_angle[15.000°, 20.000°, 170.000°]
 • threshold_error[0.300°, 5.000°]
 • normal[0.150m/s, 8.000, 0.800m/s, 0.500]
 • angle[0.150m/s, 1.500, 0.800m/s, 2.100]
 • protection_overshoot[0.100m/s, 0.900, 0.500m/s, 0.900]
 • speed_rotation[15.000°/s]
[2026-08-11 17:43:43.874784] [INFO] [framework] 제어 쓰레드 시작
[2026-08-11 17:43:43.874825] [INFO] [path_server] 노드 초기화 성공 : 로봇 좌표[24.511m 16.004m 90.079°] 최단 거리 노드[205] 거리(0.011397m)
[2026-08-11 17:43:51.264625] [INFO] [path_server] 새로운 경로 설정 : path[205 ➜ 102] time[0s] dist[21m] list[15] : 205-1061-1062-1063-1064-1065-40-1067-1068-1069-1070-1071-1072-1073-102
[2026-08-11 17:43:51.264673] [INFO] [course_tracker] 방향 정렬 완료 
[2026-08-11 17:44:21.658042] [INFO] [framework] 프로그램 시작
[2026-08-11 17:44:21.658046] [WARNING] [framework] 프로그램 시작
[2026-08-11 17:44:21.658049] [CRITICAL] [framework] 프로그램 시작
[2026-08-11 17:44:21.658050] [INFO] [framework] 설정 파일 위치 : ../configs/robot_10
[2026-08-11 17:44:21.658166] [INFO] [framework] ID[0, 10], 이름[전시입], 제어주기[20ms], 버젼[], 장소[우리집], 환경모드[simulation]
[2026-08-11 17:44:21.658185] [INFO] [mediator] 생성
[2026-08-11 17:44:21.658213] [INFO] [graph_manager] 생성
[2026-08-11 17:44:21.689010] [INFO] [stop_server] 생성
[2026-08-11 17:44:21.689038] [INFO] [health_monitor] 생성
[2026-08-11 17:44:21.689056] [INFO] [path_server] 생성
[2026-08-11 17:44:21.689069] [INFO] [course_manager] 생성
[2026-08-11 17:44:21.689086] [INFO] [task::fsm] 생성
[2026-08-11 17:44:21.689089] [INFO] [task::fsm] idle
[2026-08-11 17:44:21.689090] [INFO] [course_manager] 코스 삭제
[2026-08-11 17:44:21.689091] [INFO] [path_server] 경로 삭제
[2026-08-11 17:44:21.689101] [INFO] [task_manager] 생성
[2026-08-11 17:44:21.689203] [INFO] [mediator] connectors 생성
[2026-08-11 17:44:21.689218] [INFO] [fms] 생성
[2026-08-11 17:44:21.689219] [INFO] [fms] 통신 드라이버 생성
[2026-08-11 17:44:21.689501] [INFO] [motions] 생성
[2026-08-11 17:44:21.689518] [INFO] [localizers] 생성
[2026-08-11 17:44:21.689603] [INFO] [localizers] 파라미터 : 

[2026-08-11 17:44:21.689619] [INFO] [safety_plc] 생성
[2026-08-11 17:44:21.689632] [INFO] [load_handler] 생성
[2026-08-11 17:44:21.689645] [INFO] [power_system] 생성
[2026-08-11 17:44:21.689759] [INFO] [power_system] 설정 정보 : remaining[40%, 10%, 5%]
[2026-08-11 17:44:21.690190] [INFO] [power_system] 알람 목록 : 
 • [100015, 100001] [INFO] 자동 충전 시작.
 • [100015, 100002] [INFO] 배터리 가득.
 • [100015, 400001] [CRIT] 배터리 남은 양 - 위험
 • [100015, 300001] [ERROR] 배터리 남은 양 - 에러
 • [100015, 200001] [WARN] 배터리 남은 양 - 주의
 • [100015, 100004] [INFO] 자동 충전 해제 완료.
 • [100015, 100003] [INFO] 자동 충전 해제 시작.
[2026-08-11 17:44:21.690195] [INFO] [mediator] connector 의존성 주입
[2026-08-11 17:44:21.690205] [INFO] [mediator] any map 등록
[2026-08-11 17:44:21.690211] [INFO] [mediator] any collector 등록
[2026-08-11 17:44:21.690214] [INFO] [mediator] any collector 목록 검사
[2026-08-11 17:44:21.690261] [INFO] [framework] after init 실행
[2026-08-11 17:44:21.690628] [INFO] [course_tracker] 생성
[2026-08-11 17:44:21.690645] [INFO] [course_tracker] 파라미터 : 
◈ node_bound[0.020m, 0.150m, 0.005m]
 • approach[0.150m, 0.050m/s, -0.005m, -0.200m, 0.100m]
 • align[(10.000°, 5.000°/s), 50.000°, 30.000°/s), 0.800°, -0.100°]
◈ motion param : 
 • reference_angle[0.000°, 45.000°]
 • threshold_angle[15.000°, 20.000°, 170.000°]
 • threshold_error[0.300°, 5.000°]
 • normal[0.150m/s, 8.000, 0.800m/s, 0.500]
 • angle[0.150m/s, 1.500, 0.800m/s, 2.100]
 • protection_overshoot[0.100m/s, 0.900, 0.500m/s, 0.900]
 • speed_rotation[15.000°/s]
[2026-08-11 17:44:21.690647] [INFO] [framework] 제어 쓰레드 시작
[2026-08-11 17:44:21.690691] [INFO] [path_server] 노드 초기화 성공 : 로봇 좌표[24.500m 24.577m 89.997°] 최단 거리 노드[1049] 거리(0.654703m)
[2026-08-11 17:44:21.730756] [INFO] [path_server] 새로운 경로 설정 : path[205 ➜ 102] time[0s] dist[21m] list[14] : 1061-1062-1063-1064-1065-40-1067-1068-1069-1070-1071-1072-1073-102
[2026-08-11 17:44:21.730782] [INFO] [course_tracker] 방향 정렬 설정 State::processing[＋, 179.9°]
[2026-08-11 17:44:21.750697] [INFO] [path_server] 새로운 경로 설정 : path[1049 ➜ 102] time[0s] dist[41.5m] list[28] : 1049-1050-1051-1052-1198-1199-1053-1054-1055-1056-1057-1058-1059-1060-1061-1062-1063-1064-1065-40-1067-1068-1069-1070-1071-1072-1073-102
[2026-08-11 17:45:27.769103] [INFO] [framework] 프로그램 시작
[2026-08-11 17:45:27.769108] [WARNING] [framework] 프로그램 시작
[2026-08-11 17:45:27.769110] [INFO] [framework] 설정 파일 위치 : ../configs/robot_10
[2026-08-11 17:45:27.769109] [CRITICAL] [framework] 프로그램 시작
[2026-08-11 17:45:27.769254] [INFO] [framework] ID[0, 10], 이름[전시입], 제어주기[20ms], 버젼[], 장소[우리집], 환경모드[simulation]
[2026-08-11 17:45:27.769281] [INFO] [mediator] 생성
[2026-08-11 17:45:27.769301] [INFO] [graph_manager] 생성
[2026-08-11 17:45:27.802887] [INFO] [stop_server] 생성
[2026-08-11 17:45:27.802904] [INFO] [health_monitor] 생성
[2026-08-11 17:45:27.802919] [INFO] [path_server] 생성
[2026-08-11 17:45:27.802941] [INFO] [course_manager] 생성
[2026-08-11 17:45:27.802953] [INFO] [task::fsm] 생성
[2026-08-11 17:45:27.802954] [INFO] [task::fsm] idle
[2026-08-11 17:45:27.802956] [INFO] [course_manager] 코스 삭제
[2026-08-11 17:45:27.802956] [INFO] [path_server] 경로 삭제
[2026-08-11 17:45:27.802966] [INFO] [task_manager] 생성
[2026-08-11 17:45:27.803082] [INFO] [mediator] connectors 생성
[2026-08-11 17:45:27.803103] [INFO] [fms] 생성
[2026-08-11 17:45:27.803104] [INFO] [fms] 통신 드라이버 생성
[2026-08-11 17:45:27.803443] [INFO] [motions] 생성
[2026-08-11 17:45:27.803462] [INFO] [localizers] 생성
[2026-08-11 17:45:27.803571] [INFO] [localizers] 파라미터 : 

[2026-08-11 17:45:27.803587] [INFO] [safety_plc] 생성
[2026-08-11 17:45:27.803599] [INFO] [load_handler] 생성
[2026-08-11 17:45:27.803613] [INFO] [power_system] 생성
[2026-08-11 17:45:27.803755] [INFO] [power_system] 설정 정보 : remaining[40%, 10%, 5%]
[2026-08-11 17:45:27.804198] [INFO] [power_system] 알람 목록 : 
 • [100015, 100001] [INFO] 자동 충전 시작.
 • [100015, 100002] [INFO] 배터리 가득.
 • [100015, 400001] [CRIT] 배터리 남은 양 - 위험
 • [100015, 300001] [ERROR] 배터리 남은 양 - 에러
 • [100015, 200001] [WARN] 배터리 남은 양 - 주의
 • [100015, 100004] [INFO] 자동 충전 해제 완료.
 • [100015, 100003] [INFO] 자동 충전 해제 시작.
[2026-08-11 17:45:27.804319] [INFO] [mediator] connector 의존성 주입
[2026-08-11 17:45:27.804321] [INFO] [mediator] any map 등록
[2026-08-11 17:45:27.804330] [INFO] [mediator] any collector 등록
[2026-08-11 17:45:27.804333] [INFO] [mediator] any collector 목록 검사
[2026-08-11 17:45:27.804383] [INFO] [framework] after init 실행
[2026-08-11 17:45:27.804644] [INFO] [course_tracker] 생성
[2026-08-11 17:45:27.804664] [INFO] [course_tracker] 파라미터 : 
◈ node_bound[0.020m, 0.150m, 0.005m]
 • approach[0.150m, 0.050m/s, -0.005m, -0.200m, 0.100m]
 • align[(10.000°, 5.000°/s), 50.000°, 30.000°/s), 0.800°, -0.100°]
◈ motion param : 
 • reference_angle[0.000°, 45.000°]
 • threshold_angle[15.000°, 20.000°, 170.000°]
 • threshold_error[0.300°, 5.000°]
 • normal[0.150m/s, 8.000, 0.800m/s, 0.500]
 • angle[0.150m/s, 1.500, 0.800m/s, 2.100]
 • protection_overshoot[0.100m/s, 0.900, 0.500m/s, 0.900]
 • speed_rotation[15.000°/s]
[2026-08-11 17:45:27.804666] [INFO] [framework] 제어 쓰레드 시작
[2026-08-11 17:45:27.804705] [INFO] [path_server] 노드 초기화 성공 : 로봇 좌표[9.489m 18.997m 90.045°] 최단 거리 노드[104] 거리(0.011735m)
[2026-08-11 17:45:51.304486] [INFO] [framework] 프로그램 시작
[2026-08-11 17:45:51.304492] [CRITICAL] [framework] 프로그램 시작
[2026-08-11 17:45:51.304493] [INFO] [framework] 설정 파일 위치 : ../configs/robot_10
[2026-08-11 17:45:51.304490] [WARNING] [framework] 프로그램 시작
[2026-08-11 17:45:51.304608] [INFO] [framework] ID[0, 10], 이름[전시입], 제어주기[20ms], 버젼[], 장소[우리집], 환경모드[simulation]
[2026-08-11 17:45:51.304627] [INFO] [mediator] 생성
[2026-08-11 17:45:51.304652] [INFO] [graph_manager] 생성
[2026-08-11 17:45:51.335801] [INFO] [stop_server] 생성
[2026-08-11 17:45:51.335816] [INFO] [health_monitor] 생성
[2026-08-11 17:45:51.335843] [INFO] [path_server] 생성
[2026-08-11 17:45:51.335858] [INFO] [course_manager] 생성
[2026-08-11 17:45:51.335877] [INFO] [task::fsm] 생성
[2026-08-11 17:45:51.335878] [INFO] [task::fsm] idle
[2026-08-11 17:45:51.335889] [INFO] [course_manager] 코스 삭제
[2026-08-11 17:45:51.335891] [INFO] [path_server] 경로 삭제
[2026-08-11 17:45:51.335904] [INFO] [task_manager] 생성
[2026-08-11 17:45:51.336009] [INFO] [mediator] connectors 생성
[2026-08-11 17:45:51.336027] [INFO] [fms] 생성
[2026-08-11 17:45:51.336028] [INFO] [fms] 통신 드라이버 생성
[2026-08-11 17:45:51.336313] [INFO] [motions] 생성
[2026-08-11 17:45:51.336331] [INFO] [localizers] 생성
[2026-08-11 17:45:51.336422] [INFO] [localizers] 파라미터 : 

[2026-08-11 17:45:51.336437] [INFO] [safety_plc] 생성
[2026-08-11 17:45:51.336452] [INFO] [load_handler] 생성
[2026-08-11 17:45:51.336465] [INFO] [power_system] 생성
[2026-08-11 17:45:51.336568] [INFO] [power_system] 설정 정보 : remaining[40%, 10%, 5%]
[2026-08-11 17:45:51.336991] [INFO] [power_system] 알람 목록 : 
 • [100015, 100001] [INFO] 자동 충전 시작.
 • [100015, 100002] [INFO] 배터리 가득.
 • [100015, 400001] [CRIT] 배터리 남은 양 - 위험
 • [100015, 300001] [ERROR] 배터리 남은 양 - 에러
 • [100015, 200001] [WARN] 배터리 남은 양 - 주의
 • [100015, 100004] [INFO] 자동 충전 해제 완료.
 • [100015, 100003] [INFO] 자동 충전 해제 시작.
[2026-08-11 17:45:51.336996] [INFO] [mediator] connector 의존성 주입
[2026-08-11 17:45:51.337006] [INFO] [mediator] any map 등록
[2026-08-11 17:45:51.337013] [INFO] [mediator] any collector 등록
[2026-08-11 17:45:51.337015] [INFO] [mediator] any collector 목록 검사
[2026-08-11 17:45:51.337072] [INFO] [framework] after init 실행
[2026-08-11 17:45:51.337444] [INFO] [course_tracker] 생성
[2026-08-11 17:45:51.337466] [INFO] [course_tracker] 파라미터 : 
◈ node_bound[0.020m, 0.150m, 0.005m]
 • approach[0.150m, 0.050m/s, -0.005m, -0.200m, 0.100m]
 • align[(10.000°, 5.000°/s), 50.000°, 30.000°/s), 0.800°, -0.100°]
◈ motion param : 
 • reference_angle[0.000°, 45.000°]
 • threshold_angle[15.000°, 20.000°, 170.000°]
 • threshold_error[0.300°, 5.000°]
 • normal[0.150m/s, 8.000, 0.800m/s, 0.500]
 • angle[0.150m/s, 1.500, 0.800m/s, 2.100]
 • protection_overshoot[0.100m/s, 0.900, 0.500m/s, 0.900]
 • speed_rotation[15.000°/s]
[2026-08-11 17:45:51.337469] [INFO] [framework] 제어 쓰레드 시작
[2026-08-11 17:45:51.337522] [INFO] [path_server] 노드 초기화 성공 : 로봇 좌표[9.489m 18.997m 90.045°] 최단 거리 노드[104] 거리(0.011735m)
[2026-08-11 17:45:51.457353] [INFO] [task::fsm] charging
[2026-08-11 17:45:51.457365] [INFO] [power_system] 충전 프로세스 시작
[2026-08-11 17:45:51.457392] [INFO] [health_monitor] [등록][100015, 100001] : 자동 충전 시작.
[2026-08-11 17:45:56.467809] [INFO] [health_monitor] [삭제][100015, 100001] : 자동 충전 시작.
[2026-08-11 17:46:06.328114] [INFO] [path_server] 새로운 경로 설정 : path[104 ➜ 204] time[0s] dist[22.5m] list[16] : 104-1071-1072-1073-1074-1075-1076-1159-1158-1157-1160-1161-1162-1163-1164-204
[2026-08-11 17:46:10.200294] [INFO] [path_server] 노드 업데이트 : [1071] ➜ [1072]
[2026-08-11 17:46:10.280204] [INFO] [path_server] 새로운 경로 설정 : path[1071 ➜ 204] time[0s] dist[21m] list[15] : 1071-1072-1073-1074-1075-1076-1159-1158-1157-1160-1161-1162-1163-1164-204
[2026-08-11 17:46:13.773044] [INFO] [path_server] 노드 업데이트 : [1072] ➜ [1073]
[2026-08-11 17:46:13.832937] [INFO] [path_server] 새로운 경로 설정 : path[1072 ➜ 204] time[0s] dist[19.5m] list[14] : 1072-1073-1074-1075-1076-1159-1158-1157-1160-1161-1162-1163-1164-204
[2026-08-11 17:46:14.910688] [INFO] [path_server] 노드 업데이트 : [1073] ➜ [1074]
[2026-08-11 17:46:14.990612] [INFO] [path_server] 새로운 경로 설정 : path[1073 ➜ 204] time[0s] dist[18m] list[13] : 1073-1074-1075-1076-1159-1158-1157-1160-1161-1162-1163-1164-204
[2026-08-11 17:46:15.729254] [INFO] [path_server] 노드 업데이트 : [1074] ➜ [1075]
[2026-08-11 17:46:15.789157] [INFO] [path_server] 새로운 경로 설정 : path[1074 ➜ 204] time[0s] dist[16.5m] list[12] : 1074-1075-1076-1159-1158-1157-1160-1161-1162-1163-1164-204
[2026-08-11 17:46:16.487826] [INFO] [path_server] 노드 업데이트 : [1075] ➜ [1076]
[2026-08-11 17:46:16.567692] [INFO] [path_server] 새로운 경로 설정 : path[1075 ➜ 204] time[0s] dist[15m] list[11] : 1075-1076-1159-1158-1157-1160-1161-1162-1163-1164-204
[2026-08-11 17:46:17.885038] [INFO] [path_server] 노드 업데이트 : [1076] ➜ [1159]
[2026-08-11 17:46:17.945164] [INFO] [path_server] 새로운 경로 설정 : path[1076 ➜ 204] time[0s] dist[13.5m] list[10] : 1076-1159-1158-1157-1160-1161-1162-1163-1164-204
[2026-08-11 17:46:21.358193] [INFO] [path_server] 노드 업데이트 : [1159] ➜ [1158]
[2026-08-11 17:46:21.418096] [INFO] [path_server] 새로운 경로 설정 : path[1159 ➜ 204] time[0s] dist[12m] list[9] : 1159-1158-1157-1160-1161-1162-1163-1164-204
[2026-08-11 17:46:22.455931] [INFO] [path_server] 노드 업데이트 : [1158] ➜ [1157]
[2026-08-11 17:46:22.535833] [INFO] [path_server] 새로운 경로 설정 : path[1158 ➜ 204] time[0s] dist[10.5m] list[8] : 1158-1157-1160-1161-1162-1163-1164-204
[2026-08-11 17:46:23.873114] [INFO] [path_server] 노드 업데이트 : [1157] ➜ [1160]
[2026-08-11 17:46:23.933019] [INFO] [path_server] 새로운 경로 설정 : path[1157 ➜ 204] time[0s] dist[9m] list[7] : 1157-1160-1161-1162-1163-1164-204
[2026-08-11 17:46:27.326990] [INFO] [path_server] 노드 업데이트 : [1160] ➜ [1161]
[2026-08-11 17:46:27.386894] [INFO] [path_server] 새로운 경로 설정 : path[1160 ➜ 204] time[0s] dist[7.5m] list[6] : 1160-1161-1162-1163-1164-204
[2026-08-11 17:46:28.424742] [INFO] [path_server] 노드 업데이트 : [1161] ➜ [1162]
[2026-08-11 17:46:28.504652] [INFO] [path_server] 새로운 경로 설정 : path[1161 ➜ 204] time[0s] dist[6m] list[5] : 1161-1162-1163-1164-204
[2026-08-11 17:46:29.243174] [INFO] [path_server] 노드 업데이트 : [1162] ➜ [1163]
[2026-08-11 17:46:29.303075] [INFO] [path_server] 새로운 경로 설정 : path[1162 ➜ 204] time[0s] dist[4.5m] list[4] : 1162-1163-1164-204
[2026-08-11 17:46:29.981836] [INFO] [path_server] 노드 업데이트 : [1163] ➜ [1164]
[2026-08-11 17:46:30.061714] [INFO] [path_server] 새로운 경로 설정 : path[1163 ➜ 204] time[0s] dist[3m] list[3] : 1163-1164-204
[2026-08-11 17:46:32.736447] [INFO] [path_server] 노드 업데이트 : [1164] ➜ [204]
[2026-08-11 17:46:32.816366] [INFO] [path_server] 새로운 경로 설정 : path[1164 ➜ 204] time[0s] dist[1.5m] list[2] : 1164-204
[2026-08-11 17:46:36.928877] [INFO] [path_server] 노드 업데이트 : [204] ➜ [-1]
[2026-08-11 17:46:39.743709] [INFO] [course_tracker] 목적지에서 각도 정렬 : [9.500m 14.500m 0.000°]
[2026-08-11 17:46:40.722020] [INFO] [path_server] 노드 업데이트 : [204] ➜ [-1]
[2026-08-11 17:46:40.741914] [INFO] [task::fsm] push_done
[2026-08-11 17:46:40.781898] [INFO] [task::fsm] idle
[2026-08-11 17:46:40.781906] [INFO] [path_server] 경로 삭제
[2026-08-11 17:46:40.781904] [INFO] [course_manager] 코스 삭제
[2026-08-11 17:50:10.517258] [INFO] [framework] 프로그램 시작
[2026-08-11 17:50:10.517261] [WARNING] [framework] 프로그램 시작
[2026-08-11 17:50:10.517262] [CRITICAL] [framework] 프로그램 시작
[2026-08-11 17:50:10.517262] [INFO] [framework] 설정 파일 위치 : ../configs/robot_10
[2026-08-11 17:50:10.517352] [INFO] [framework] ID[0, 10], 이름[전시입], 제어주기[20ms], 버젼[], 장소[우리집], 환경모드[simulation]
[2026-08-11 17:50:10.517366] [INFO] [mediator] 생성
[2026-08-11 17:50:10.517391] [INFO] [graph_manager] 생성
[2026-08-11 17:50:10.545706] [INFO] [stop_server] 생성
[2026-08-11 17:50:10.545737] [INFO] [health_monitor] 생성
[2026-08-11 17:50:10.545754] [INFO] [path_server] 생성
[2026-08-11 17:50:10.545766] [INFO] [course_manager] 생성
[2026-08-11 17:50:10.545778] [INFO] [task::fsm] 생성
[2026-08-11 17:50:10.545779] [INFO] [task::fsm] idle
[2026-08-11 17:50:10.545780] [INFO] [course_manager] 코스 삭제
[2026-08-11 17:50:10.545781] [INFO] [path_server] 경로 삭제
[2026-08-11 17:50:10.545790] [INFO] [task_manager] 생성
[2026-08-11 17:50:10.545888] [INFO] [mediator] connectors 생성
[2026-08-11 17:50:10.545903] [INFO] [fms] 생성
[2026-08-11 17:50:10.545904] [INFO] [fms] 통신 드라이버 생성
[2026-08-11 17:50:10.546207] [INFO] [motions] 생성
[2026-08-11 17:50:10.546226] [INFO] [localizers] 생성
[2026-08-11 17:50:10.546312] [INFO] [localizers] 파라미터 : 

[2026-08-11 17:50:10.546328] [INFO] [safety_plc] 생성
[2026-08-11 17:50:10.546339] [INFO] [load_handler] 생성
[2026-08-11 17:50:10.546351] [INFO] [power_system] 생성
[2026-08-11 17:50:10.546449] [INFO] [power_system] 설정 정보 : remaining[40%, 10%, 5%]
[2026-08-11 17:50:10.546864] [INFO] [power_system] 알람 목록 : 
 • [100015, 100001] [INFO] 자동 충전 시작.
 • [100015, 100002] [INFO] 배터리 가득.
 • [100015, 400001] [CRIT] 배터리 남은 양 - 위험
 • [100015, 300001] [ERROR] 배터리 남은 양 - 에러
 • [100015, 200001] [WARN] 배터리 남은 양 - 주의
 • [100015, 100004] [INFO] 자동 충전 해제 완료.
 • [100015, 100003] [INFO] 자동 충전 해제 시작.
[2026-08-11 17:50:10.546866] [INFO] [mediator] connector 의존성 주입
[2026-08-11 17:50:10.546877] [INFO] [mediator] any map 등록
[2026-08-11 17:50:10.546891] [INFO] [mediator] any collector 등록
[2026-08-11 17:50:10.546893] [INFO] [mediator] any collector 목록 검사
[2026-08-11 17:50:10.546942] [INFO] [framework] after init 실행
[2026-08-11 17:50:10.547184] [INFO] [course_tracker] 생성
[2026-08-11 17:50:10.547199] [INFO] [course_tracker] 파라미터 : 
◈ node_bound[0.020m, 0.150m, 0.005m]
 • approach[0.150m, 0.050m/s, -0.005m, -0.200m, 0.100m]
 • align[(10.000°, 5.000°/s), 50.000°, 30.000°/s), 0.800°, -0.100°]
◈ motion param : 
 • reference_angle[0.000°, 45.000°]
 • threshold_angle[15.000°, 20.000°, 170.000°]
 • threshold_error[0.300°, 5.000°]
 • normal[0.150m/s, 8.000, 0.800m/s, 0.500]
 • angle[0.150m/s, 1.500, 0.800m/s, 2.100]
 • protection_overshoot[0.100m/s, 0.900, 0.500m/s, 0.900]
 • speed_rotation[15.000°/s]
[2026-08-11 17:50:10.547201] [INFO] [framework] 제어 쓰레드 시작
[2026-08-11 17:50:10.547234] [INFO] [path_server] 노드 초기화 성공 : 로봇 좌표[9.489m 14.496m -89.918°] 최단 거리 노드[204] 거리(0.011857m)
[2026-08-11 17:51:40.574042] [INFO] [health_monitor] [등록][100015, 200001] : 배터리 남은 양 - 주의
[2026-08-11 17:53:44.741136] [INFO] [path_server] 새로운 경로 설정 : path[204 ➜ 105] time[0s] dist[16.5m] list[12] : 204-1164-1165-1166-1167-1168-41-1170-1171-1172-1173-105
[2026-08-11 17:53:46.916712] [INFO] [path_server] 노드 업데이트 : [1164] ➜ [1165]
[2026-08-11 17:53:46.976596] [INFO] [path_server] 새로운 경로 설정 : path[1164 ➜ 105] time[0s] dist[15m] list[11] : 1164-1165-1166-1167-1168-41-1170-1171-1172-1173-105
[2026-08-11 17:53:50.269996] [INFO] [path_server] 노드 업데이트 : [1165] ➜ [1166]
[2026-08-11 17:53:50.329930] [INFO] [path_server] 새로운 경로 설정 : path[1165 ➜ 105] time[0s] dist[13.5m] list[10] : 1165-1166-1167-1168-41-1170-1171-1172-1173-105
[2026-08-11 17:53:51.407664] [INFO] [path_server] 노드 업데이트 : [1166] ➜ [1167]
[2026-08-11 17:53:51.467581] [INFO] [path_server] 새로운 경로 설정 : path[1166 ➜ 105] time[0s] dist[12m] list[9] : 1166-1167-1168-41-1170-1171-1172-1173-105
[2026-08-11 17:53:52.226117] [INFO] [path_server] 노드 업데이트 : [1167] ➜ [1168]
[2026-08-11 17:53:52.286097] [INFO] [path_server] 새로운 경로 설정 : path[1167 ➜ 105] time[0s] dist[10.5m] list[8] : 1167-1168-41-1170-1171-1172-1173-105
[2026-08-11 17:53:52.984850] [INFO] [path_server] 노드 업데이트 : [1168] ➜ [41]
[2026-08-11 17:53:53.064748] [INFO] [path_server] 새로운 경로 설정 : path[1168 ➜ 105] time[0s] dist[9m] list[7] : 1168-41-1170-1171-1172-1173-105
[2026-08-11 17:53:53.743584] [INFO] [path_server] 노드 업데이트 : [41] ➜ [1170]
[2026-08-11 17:53:53.823533] [INFO] [path_server] 새로운 경로 설정 : path[41 ➜ 105] time[0s] dist[7.5m] list[6] : 41-1170-1171-1172-1173-105
[2026-08-11 17:53:54.482212] [INFO] [path_server] 노드 업데이트 : [1170] ➜ [1171]
[2026-08-11 17:53:54.562080] [INFO] [path_server] 새로운 경로 설정 : path[1170 ➜ 105] time[0s] dist[6m] list[5] : 1170-1171-1172-1173-105
[2026-08-11 17:53:55.240659] [INFO] [path_server] 노드 업데이트 : [1171] ➜ [1172]
[2026-08-11 17:53:55.320571] [INFO] [path_server] 새로운 경로 설정 : path[1171 ➜ 105] time[0s] dist[4.5m] list[4] : 1171-1172-1173-105
[2026-08-11 17:53:55.979273] [INFO] [path_server] 노드 업데이트 : [1172] ➜ [1173]
[2026-08-11 17:53:56.059140] [INFO] [path_server] 새로운 경로 설정 : path[1172 ➜ 105] time[0s] dist[3m] list[3] : 1172-1173-105
[2026-08-11 17:53:57.316580] [INFO] [path_server] 노드 업데이트 : [1173] ➜ [105]
[2026-08-11 17:53:57.376481] [INFO] [path_server] 새로운 경로 설정 : path[1173 ➜ 105] time[0s] dist[1.5m] list[2] : 1173-105
[2026-08-11 17:54:01.288731] [INFO] [path_server] 노드 업데이트 : [105] ➜ [-1]
[2026-08-11 17:54:04.143373] [INFO] [course_tracker] 목적지에서 각도 정렬 : [23.000m 11.500m 0.000°]
[2026-08-11 17:54:05.121495] [INFO] [path_server] 노드 업데이트 : [105] ➜ [-1]
[2026-08-11 17:54:05.141446] [INFO] [task::fsm] push_done
[2026-08-11 17:54:05.201329] [INFO] [task::fsm] charging
[2026-08-11 17:54:05.201349] [INFO] [health_monitor] [등록][100015, 100001] : 자동 충전 시작.
[2026-08-11 17:54:05.201336] [INFO] [power_system] 충전 프로세스 시작
[2026-08-11 17:54:10.211858] [INFO] [health_monitor] [삭제][100015, 100001] : 자동 충전 시작.
[2026-08-11 17:54:22.249381] [INFO] [health_monitor] [삭제][100015, 200001] : 배터리 남은 양 - 주의
[2026-08-11 17:54:46.242111] [INFO] [power_system] 충전 완료
[2026-08-11 17:54:46.242132] [INFO] [health_monitor] [등록][100015, 100002] : 배터리 가득.
[2026-08-11 17:54:46.242135] [INFO] [health_monitor] [등록][100015, 100003] : 자동 충전 해제 시작.
[2026-08-11 17:54:51.252227] [INFO] [health_monitor] [삭제][100015, 100002] : 배터리 가득.
[2026-08-11 17:54:51.252233] [INFO] [health_monitor] [삭제][100015, 100003] : 자동 충전 해제 시작.
[2026-08-11 17:54:51.272131] [INFO] [power_system] 충전 해제 완료
[2026-08-11 17:54:51.272145] [INFO] [health_monitor] [등록][100015, 100004] : 자동 충전 해제 완료.
[2026-08-11 17:54:51.292133] [INFO] [task::fsm] discharging
[2026-08-11 17:54:51.292140] [INFO] [power_system] 충전 해제 프로세스 시작
[2026-08-11 17:54:51.292149] [INFO] [health_monitor] [등록][100015, 100003] : 자동 충전 해제 시작.
[2026-08-11 17:54:51.312050] [INFO] [task::fsm] idle
[2026-08-11 17:54:51.312059] [INFO] [path_server] 경로 삭제
[2026-08-11 17:54:51.312056] [INFO] [course_manager] 코스 삭제
[2026-08-11 17:54:51.352092] [INFO] [task::fsm] idle
[2026-08-11 17:54:51.352105] [INFO] [path_server] 경로 삭제
[2026-08-11 17:54:51.352102] [INFO] [course_manager] 코스 삭제
[2026-08-11 17:54:56.282971] [INFO] [health_monitor] [삭제][100015, 100004] : 자동 충전 해제 완료.
[2026-08-11 17:54:56.302977] [INFO] [health_monitor] [삭제][100015, 100003] : 자동 충전 해제 시작.
[2026-08-11 17:55:46.368315] [INFO] [task::fsm] charging
[2026-08-11 17:55:46.368323] [INFO] [power_system] 충전 프로세스 시작
[2026-08-11 17:55:46.368337] [INFO] [health_monitor] [등록][100015, 100001] : 자동 충전 시작.
[2026-08-11 17:55:51.378742] [INFO] [health_monitor] [삭제][100015, 100001] : 자동 충전 시작.
[2026-08-11 17:56:00.101360] [INFO] [power_system] 충전 완료
[2026-08-11 17:56:00.101385] [INFO] [health_monitor] [등록][100015, 100003] : 자동 충전 해제 시작.
[2026-08-11 17:56:00.101381] [INFO] [health_monitor] [등록][100015, 100002] : 배터리 가득.
[2026-08-11 17:56:05.112186] [INFO] [health_monitor] [삭제][100015, 100002] : 배터리 가득.
[2026-08-11 17:56:05.112193] [INFO] [health_monitor] [삭제][100015, 100003] : 자동 충전 해제 시작.
[2026-08-11 17:56:05.132203] [INFO] [power_system] 충전 해제 완료
[2026-08-11 17:56:05.132217] [INFO] [health_monitor] [등록][100015, 100004] : 자동 충전 해제 완료.
[2026-08-11 17:56:05.152113] [INFO] [task::fsm] discharging
[2026-08-11 17:56:05.152117] [INFO] [power_system] 충전 해제 프로세스 시작
[2026-08-11 17:56:05.152125] [INFO] [health_monitor] [등록][100015, 100003] : 자동 충전 해제 시작.
[2026-08-11 17:56:05.172057] [INFO] [task::fsm] idle
[2026-08-11 17:56:05.172066] [INFO] [path_server] 경로 삭제
[2026-08-11 17:56:05.172062] [INFO] [course_manager] 코스 삭제
[2026-08-11 17:56:05.212019] [INFO] [task::fsm] idle
[2026-08-11 17:56:05.212027] [INFO] [path_server] 경로 삭제
[2026-08-11 17:56:05.212025] [INFO] [course_manager] 코스 삭제
[2026-08-11 17:56:10.142207] [INFO] [health_monitor] [삭제][100015, 100004] : 자동 충전 해제 완료.
[2026-08-11 17:56:10.162166] [INFO] [health_monitor] [삭제][100015, 100003] : 자동 충전 해제 시작.
[2026-08-11 17:57:00.207218] [INFO] [task::fsm] charging
[2026-08-11 17:57:00.207230] [INFO] [power_system] 충전 프로세스 시작
[2026-08-11 17:57:00.207247] [INFO] [health_monitor] [등록][100015, 100001] : 자동 충전 시작.
[2026-08-11 17:57:05.219090] [INFO] [health_monitor] [삭제][100015, 100001] : 자동 충전 시작.
[2026-08-11 17:57:13.923077] [INFO] [power_system] 충전 완료
[2026-08-11 17:57:13.923093] [INFO] [health_monitor] [등록][100015, 100002] : 배터리 가득.
[2026-08-11 17:57:13.923098] [INFO] [health_monitor] [등록][100015, 100003] : 자동 충전 해제 시작.
[2026-08-11 17:57:18.942857] [INFO] [health_monitor] [삭제][100015, 100002] : 배터리 가득.
[2026-08-11 17:57:18.942875] [INFO] [health_monitor] [삭제][100015, 100003] : 자동 충전 해제 시작.
[2026-08-11 17:57:18.962831] [INFO] [power_system] 충전 해제 완료
[2026-08-11 17:57:18.962861] [INFO] [health_monitor] [등록][100015, 100004] : 자동 충전 해제 완료.
[2026-08-11 17:57:18.982759] [INFO] [task::fsm] discharging
[2026-08-11 17:57:18.982783] [INFO] [power_system] 충전 해제 프로세스 시작
[2026-08-11 17:57:18.982814] [INFO] [health_monitor] [등록][100015, 100003] : 자동 충전 해제 시작.
[2026-08-11 17:57:19.002991] [INFO] [task::fsm] idle
[2026-08-11 17:57:19.003011] [INFO] [course_manager] 코스 삭제
[2026-08-11 17:57:19.003043] [INFO] [path_server] 경로 삭제
[2026-08-11 17:57:19.022976] [INFO] [task::fsm] idle
[2026-08-11 17:57:19.022992] [INFO] [path_server] 경로 삭제
[2026-08-11 17:57:19.022989] [INFO] [course_manager] 코스 삭제
[2026-08-11 17:57:23.977240] [INFO] [health_monitor] [삭제][100015, 100004] : 자동 충전 해제 완료.
[2026-08-11 17:57:23.997205] [INFO] [health_monitor] [삭제][100015, 100003] : 자동 충전 해제 시작.
