[2026-08-11 16:38:02.002461] [INFO] [path_server] 생성
[2026-08-11 16:38:02.002588] [INFO] [path_server] 경로 삭제
[2026-08-11 16:38:02.004893] [INFO] [path_server] 노드 초기화 성공 : 로봇 좌표[5.503m 3.998m -179.413°] 최단 거리 노드[104] 거리(0.003648m)
[2026-08-11 16:40:31.673463] [INFO] [path_server] 생성
[2026-08-11 16:40:31.673512] [INFO] [path_server] 경로 삭제
[2026-08-11 16:40:31.675524] [INFO] [path_server] 노드 초기화 성공 : 로봇 좌표[5.503m 3.998m -179.413°] 최단 거리 노드[104] 거리(0.003648m)
[2026-08-11 16:42:26.458911] [INFO] [path_server] 경로 삭제
[2026-08-11 16:42:59.122941] [INFO] [path_server] 경로 삭제
[2026-08-11 16:43:14.958946] [INFO] [path_server] 새로운 경로 설정 : path[104 ➜ 206] time[0s] dist[31.5m] list[22] : 104-1181-1182-1183-1184-1045-1046-1047-1048-1001-1002-1003-1004-1013-1049-1050-1014-1201-1200-1202-1203-206
[2026-08-11 16:43:22.127567] [INFO] [path_server] 노드 업데이트 : [1181] ➜ [1182]
[2026-08-11 16:43:22.207584] [INFO] [path_server] 새로운 경로 설정 : path[1181 ➜ 206] time[0s] dist[30m] list[21] : 1181-1182-1183-1184-1045-1046-1047-1048-1001-1002-1003-1004-1013-1049-1050-1014-1201-1200-1202-1203-206
[2026-08-11 16:43:25.742113] [INFO] [path_server] 노드 업데이트 : [1182] ➜ [1183]
[2026-08-11 16:43:25.821951] [INFO] [path_server] 새로운 경로 설정 : path[1182 ➜ 206] time[0s] dist[28.5m] list[20] : 1182-1183-1184-1045-1046-1047-1048-1001-1002-1003-1004-1013-1049-1050-1014-1201-1200-1202-1203-206
[2026-08-11 16:43:26.880196] [INFO] [path_server] 노드 업데이트 : [1183] ➜ [1184]
[2026-08-11 16:43:26.960097] [INFO] [path_server] 새로운 경로 설정 : path[1183 ➜ 206] time[0s] dist[27m] list[19] : 1183-1184-1045-1046-1047-1048-1001-1002-1003-1004-1013-1049-1050-1014-1201-1200-1202-1203-206
[2026-08-11 16:43:27.698921] [INFO] [path_server] 노드 업데이트 : [1184] ➜ [1045]
[2026-08-11 16:43:27.778875] [INFO] [path_server] 새로운 경로 설정 : path[1184 ➜ 206] time[0s] dist[25.5m] list[18] : 1184-1045-1046-1047-1048-1001-1002-1003-1004-1013-1049-1050-1014-1201-1200-1202-1203-206
[2026-08-11 16:43:29.036853] [INFO] [path_server] 노드 업데이트 : [1045] ➜ [1046]
[2026-08-11 16:43:29.116763] [INFO] [path_server] 새로운 경로 설정 : path[1045 ➜ 206] time[0s] dist[24m] list[17] : 1045-1046-1047-1048-1001-1002-1003-1004-1013-1049-1050-1014-1201-1200-1202-1203-206
[2026-08-11 16:43:32.371939] [INFO] [path_server] 노드 업데이트 : [1046] ➜ [1047]
[2026-08-11 16:43:32.451911] [INFO] [path_server] 새로운 경로 설정 : path[1046 ➜ 206] time[0s] dist[22.5m] list[16] : 1046-1047-1048-1001-1002-1003-1004-1013-1049-1050-1014-1201-1200-1202-1203-206
[2026-08-11 16:43:33.510761] [INFO] [path_server] 노드 업데이트 : [1047] ➜ [1048]
[2026-08-11 16:43:33.590790] [INFO] [path_server] 새로운 경로 설정 : path[1047 ➜ 206] time[0s] dist[21m] list[15] : 1047-1048-1001-1002-1003-1004-1013-1049-1050-1014-1201-1200-1202-1203-206
[2026-08-11 16:43:34.329616] [INFO] [path_server] 노드 업데이트 : [1048] ➜ [1001]
[2026-08-11 16:43:34.389575] [INFO] [path_server] 새로운 경로 설정 : path[1048 ➜ 206] time[0s] dist[19.5m] list[14] : 1048-1001-1002-1003-1004-1013-1049-1050-1014-1201-1200-1202-1203-206
[2026-08-11 16:43:35.088990] [INFO] [path_server] 노드 업데이트 : [1001] ➜ [1002]
[2026-08-11 16:43:35.168913] [INFO] [path_server] 새로운 경로 설정 : path[1001 ➜ 206] time[0s] dist[18m] list[13] : 1001-1002-1003-1004-1013-1049-1050-1014-1201-1200-1202-1203-206
[2026-08-11 16:43:35.827982] [INFO] [path_server] 노드 업데이트 : [1002] ➜ [1003]
[2026-08-11 16:43:35.887903] [INFO] [path_server] 새로운 경로 설정 : path[1002 ➜ 206] time[0s] dist[16.5m] list[12] : 1002-1003-1004-1013-1049-1050-1014-1201-1200-1202-1203-206
[2026-08-11 16:43:36.586838] [INFO] [path_server] 노드 업데이트 : [1003] ➜ [1004]
[2026-08-11 16:43:36.666751] [INFO] [path_server] 새로운 경로 설정 : path[1003 ➜ 206] time[0s] dist[15m] list[11] : 1003-1004-1013-1049-1050-1014-1201-1200-1202-1203-206
[2026-08-11 16:43:37.904777] [INFO] [path_server] 노드 업데이트 : [1004] ➜ [1013]
[2026-08-11 16:43:37.984668] [INFO] [path_server] 새로운 경로 설정 : path[1004 ➜ 206] time[0s] dist[13.5m] list[10] : 1004-1013-1049-1050-1014-1201-1200-1202-1203-206
[2026-08-11 16:43:41.259823] [INFO] [path_server] 노드 업데이트 : [1013] ➜ [1049]
[2026-08-11 16:43:41.319808] [INFO] [path_server] 새로운 경로 설정 : path[1013 ➜ 206] time[0s] dist[12m] list[9] : 1013-1049-1050-1014-1201-1200-1202-1203-206
[2026-08-11 16:43:42.377647] [INFO] [path_server] 노드 업데이트 : [1049] ➜ [1050]
[2026-08-11 16:43:42.457529] [INFO] [path_server] 새로운 경로 설정 : path[1049 ➜ 206] time[0s] dist[10.5m] list[8] : 1049-1050-1014-1201-1200-1202-1203-206
[2026-08-11 16:43:43.715811] [INFO] [path_server] 노드 업데이트 : [1050] ➜ [1014]
[2026-08-11 16:43:43.775768] [INFO] [path_server] 새로운 경로 설정 : path[1050 ➜ 206] time[0s] dist[9m] list[7] : 1050-1014-1201-1200-1202-1203-206
[2026-08-11 16:43:47.109631] [INFO] [path_server] 노드 업데이트 : [1014] ➜ [1201]
[2026-08-11 16:43:47.189567] [INFO] [path_server] 새로운 경로 설정 : path[1014 ➜ 206] time[0s] dist[7.5m] list[6] : 1014-1201-1200-1202-1203-206
[2026-08-11 16:43:48.227500] [INFO] [path_server] 노드 업데이트 : [1201] ➜ [1200]
[2026-08-11 16:43:48.307483] [INFO] [path_server] 새로운 경로 설정 : path[1201 ➜ 206] time[0s] dist[6m] list[5] : 1201-1200-1202-1203-206
[2026-08-11 16:43:49.046066] [INFO] [path_server] 노드 업데이트 : [1200] ➜ [1202]
[2026-08-11 16:43:49.105971] [INFO] [path_server] 새로운 경로 설정 : path[1200 ➜ 206] time[0s] dist[4.5m] list[4] : 1200-1202-1203-206
[2026-08-11 16:43:49.804509] [INFO] [path_server] 노드 업데이트 : [1202] ➜ [1203]
[2026-08-11 16:43:49.884381] [INFO] [path_server] 새로운 경로 설정 : path[1202 ➜ 206] time[0s] dist[3m] list[3] : 1202-1203-206
[2026-08-11 16:43:51.122516] [INFO] [path_server] 노드 업데이트 : [1203] ➜ [206]
[2026-08-11 16:43:51.202372] [INFO] [path_server] 새로운 경로 설정 : path[1203 ➜ 206] time[0s] dist[1.5m] list[2] : 1203-206
[2026-08-11 16:43:56.333267] [INFO] [path_server] 노드 업데이트 : [206] ➜ [-1]
[2026-08-11 16:43:59.268265] [INFO] [path_server] 노드 업데이트 : [206] ➜ [-1]
[2026-08-11 16:43:59.328157] [INFO] [path_server] 경로 삭제
[2026-08-11 16:44:04.419115] [INFO] [path_server] 새로운 경로 설정 : path[206 ➜ 110] time[0s] dist[33m] list[23] : 206-1203-1204-1205-1206-1207-1208-1145-1146-1147-1148-1077-1029-1030-1031-1032-1033-1034-1007-1167-1168-1169-110
[2026-08-11 16:44:09.310480] [INFO] [path_server] 노드 업데이트 : [1203] ➜ [1204]
[2026-08-11 16:44:09.370416] [INFO] [path_server] 새로운 경로 설정 : path[1203 ➜ 110] time[0s] dist[31.5m] list[22] : 1203-1204-1205-1206-1207-1208-1145-1146-1147-1148-1077-1029-1030-1031-1032-1033-1034-1007-1167-1168-1169-110
[2026-08-11 16:44:12.943815] [INFO] [path_server] 노드 업데이트 : [1204] ➜ [1205]
[2026-08-11 16:44:13.023769] [INFO] [path_server] 새로운 경로 설정 : path[1204 ➜ 110] time[0s] dist[30m] list[21] : 1204-1205-1206-1207-1208-1145-1146-1147-1148-1077-1029-1030-1031-1032-1033-1034-1007-1167-1168-1169-110
[2026-08-11 16:44:14.061847] [INFO] [path_server] 노드 업데이트 : [1205] ➜ [1206]
[2026-08-11 16:44:14.141775] [INFO] [path_server] 새로운 경로 설정 : path[1205 ➜ 110] time[0s] dist[28.5m] list[20] : 1205-1206-1207-1208-1145-1146-1147-1148-1077-1029-1030-1031-1032-1033-1034-1007-1167-1168-1169-110
[2026-08-11 16:44:14.880292] [INFO] [path_server] 노드 업데이트 : [1206] ➜ [1207]
[2026-08-11 16:44:14.940232] [INFO] [path_server] 새로운 경로 설정 : path[1206 ➜ 110] time[0s] dist[27.01m] list[19] : 1206-1207-1208-1145-1146-1147-1148-1077-1029-1030-1031-1032-1033-1034-1007-1167-1168-1169-110
[2026-08-11 16:44:15.638985] [INFO] [path_server] 노드 업데이트 : [1207] ➜ [1208]
[2026-08-11 16:44:15.718855] [INFO] [path_server] 새로운 경로 설정 : path[1207 ➜ 110] time[0s] dist[25.5m] list[18] : 1207-1208-1145-1146-1147-1148-1077-1029-1030-1031-1032-1033-1034-1007-1167-1168-1169-110
[2026-08-11 16:44:16.397367] [INFO] [path_server] 노드 업데이트 : [1208] ➜ [1145]
[2026-08-11 16:44:16.477302] [INFO] [path_server] 새로운 경로 설정 : path[1208 ➜ 110] time[0s] dist[24m] list[17] : 1208-1145-1146-1147-1148-1077-1029-1030-1031-1032-1033-1034-1007-1167-1168-1169-110
[2026-08-11 16:44:17.695213] [INFO] [path_server] 노드 업데이트 : [1145] ➜ [1146]
[2026-08-11 16:44:17.755142] [INFO] [path_server] 새로운 경로 설정 : path[1145 ➜ 110] time[0s] dist[22.5m] list[16] : 1145-1146-1147-1148-1077-1029-1030-1031-1032-1033-1034-1007-1167-1168-1169-110
[2026-08-11 16:44:21.069638] [INFO] [path_server] 노드 업데이트 : [1146] ➜ [1147]
[2026-08-11 16:44:21.149518] [INFO] [path_server] 새로운 경로 설정 : path[1146 ➜ 110] time[0s] dist[21m] list[15] : 1146-1147-1148-1077-1029-1030-1031-1032-1033-1034-1007-1167-1168-1169-110
[2026-08-11 16:44:22.187524] [INFO] [path_server] 노드 업데이트 : [1147] ➜ [1148]
[2026-08-11 16:44:22.267481] [INFO] [path_server] 새로운 경로 설정 : path[1147 ➜ 110] time[0s] dist[19.5m] list[14] : 1147-1148-1077-1029-1030-1031-1032-1033-1034-1007-1167-1168-1169-110
[2026-08-11 16:44:23.006895] [INFO] [path_server] 노드 업데이트 : [1148] ➜ [1077]
[2026-08-11 16:44:23.066859] [INFO] [path_server] 새로운 경로 설정 : path[1148 ➜ 110] time[0s] dist[18m] list[13] : 1148-1077-1029-1030-1031-1032-1033-1034-1007-1167-1168-1169-110
[2026-08-11 16:44:24.344562] [INFO] [path_server] 노드 업데이트 : [1077] ➜ [1029]
[2026-08-11 16:44:24.424543] [INFO] [path_server] 새로운 경로 설정 : path[1077 ➜ 110] time[0s] dist[16.5m] list[12] : 1077-1029-1030-1031-1032-1033-1034-1007-1167-1168-1169-110
[2026-08-11 16:44:27.678655] [INFO] [path_server] 노드 업데이트 : [1029] ➜ [1030]
[2026-08-11 16:44:27.738527] [INFO] [path_server] 새로운 경로 설정 : path[1029 ➜ 110] time[0s] dist[15m] list[11] : 1029-1030-1031-1032-1033-1034-1007-1167-1168-1169-110
[2026-08-11 16:44:28.816443] [INFO] [path_server] 노드 업데이트 : [1030] ➜ [1031]
[2026-08-11 16:44:28.876351] [INFO] [path_server] 새로운 경로 설정 : path[1030 ➜ 110] time[0s] dist[13.5m] list[10] : 1030-1031-1032-1033-1034-1007-1167-1168-1169-110
[2026-08-11 16:44:29.634887] [INFO] [path_server] 노드 업데이트 : [1031] ➜ [1032]
[2026-08-11 16:44:29.714720] [INFO] [path_server] 새로운 경로 설정 : path[1031 ➜ 110] time[0s] dist[12m] list[9] : 1031-1032-1033-1034-1007-1167-1168-1169-110
[2026-08-11 16:44:30.393462] [INFO] [path_server] 노드 업데이트 : [1032] ➜ [1033]
[2026-08-11 16:44:30.473405] [INFO] [path_server] 새로운 경로 설정 : path[1032 ➜ 110] time[0s] dist[10.5m] list[8] : 1032-1033-1034-1007-1167-1168-1169-110
[2026-08-11 16:44:31.152042] [INFO] [path_server] 노드 업데이트 : [1033] ➜ [1034]
[2026-08-11 16:44:31.211925] [INFO] [path_server] 새로운 경로 설정 : path[1033 ➜ 110] time[0s] dist[9.00003m] list[7] : 1033-1034-1007-1167-1168-1169-110
[2026-08-11 16:44:31.890607] [INFO] [path_server] 노드 업데이트 : [1034] ➜ [1007]
[2026-08-11 16:44:31.970539] [INFO] [path_server] 새로운 경로 설정 : path[1034 ➜ 110] time[0s] dist[7.50003m] list[6] : 1034-1007-1167-1168-1169-110
[2026-08-11 16:44:33.208460] [INFO] [path_server] 노드 업데이트 : [1007] ➜ [1167]
[2026-08-11 16:44:33.288412] [INFO] [path_server] 새로운 경로 설정 : path[1007 ➜ 110] time[0s] dist[6.00003m] list[5] : 1007-1167-1168-1169-110
[2026-08-11 16:44:36.563194] [INFO] [path_server] 노드 업데이트 : [1167] ➜ [1168]
[2026-08-11 16:44:36.643040] [INFO] [path_server] 새로운 경로 설정 : path[1167 ➜ 110] time[0s] dist[4.50003m] list[4] : 1167-1168-1169-110
[2026-08-11 16:44:37.701173] [INFO] [path_server] 노드 업데이트 : [1168] ➜ [1169]
[2026-08-11 16:44:37.781035] [INFO] [path_server] 새로운 경로 설정 : path[1168 ➜ 110] time[0s] dist[3.00003m] list[3] : 1168-1169-110
[2026-08-11 16:44:39.118680] [INFO] [path_server] 노드 업데이트 : [1169] ➜ [110]
[2026-08-11 16:44:39.198634] [INFO] [path_server] 새로운 경로 설정 : path[1169 ➜ 110] time[0s] dist[1.50003m] list[2] : 1169-110
[2026-08-11 16:44:44.688518] [INFO] [path_server] 노드 업데이트 : [110] ➜ [-1]
[2026-08-11 16:44:47.622831] [INFO] [path_server] 노드 업데이트 : [110] ➜ [-1]
[2026-08-11 16:45:13.735540] [INFO] [path_server] 경로 삭제
[2026-08-11 16:45:13.775515] [INFO] [path_server] 경로 삭제
[2026-08-11 16:45:50.021869] [INFO] [path_server] 생성
[2026-08-11 16:45:50.021925] [INFO] [path_server] 경로 삭제
[2026-08-11 16:45:50.024064] [INFO] [path_server] 노드 초기화 성공 : 로봇 좌표[22.004m 15.988m -179.308°] 최단 거리 노드[110] 거리(0.004275m)
[2026-08-11 16:45:50.044098] [INFO] [path_server] 경로 삭제
[2026-08-11 16:46:38.573008] [INFO] [path_server] 경로 삭제
[2026-08-11 16:46:38.612985] [INFO] [path_server] 경로 삭제
[2026-08-11 16:46:54.823411] [INFO] [path_server] 새로운 경로 설정 : path[110 ➜ 202] time[0s] dist[25.5m] list[18] : 110-1169-1170-1171-1172-1091-1092-1093-1094-1095-1074-1075-1076-1018-1158-1159-1160-202
[2026-08-11 16:46:59.514354] [INFO] [path_server] 노드 업데이트 : [1169] ➜ [1170]
[2026-08-11 16:46:59.594294] [INFO] [path_server] 새로운 경로 설정 : path[1169 ➜ 202] time[0s] dist[24m] list[17] : 1169-1170-1171-1172-1091-1092-1093-1094-1095-1074-1075-1076-1018-1158-1159-1160-202
[2026-08-11 16:47:03.207932] [INFO] [path_server] 노드 업데이트 : [1170] ➜ [1171]
[2026-08-11 16:47:03.267885] [INFO] [path_server] 새로운 경로 설정 : path[1170 ➜ 202] time[0s] dist[22.5m] list[16] : 1170-1171-1172-1091-1092-1093-1094-1095-1074-1075-1076-1018-1158-1159-1160-202
[2026-08-11 16:47:04.325770] [INFO] [path_server] 노드 업데이트 : [1171] ➜ [1172]
[2026-08-11 16:47:04.405645] [INFO] [path_server] 새로운 경로 설정 : path[1171 ➜ 202] time[0s] dist[21m] list[15] : 1171-1172-1091-1092-1093-1094-1095-1074-1075-1076-1018-1158-1159-1160-202
[2026-08-11 16:47:05.144234] [INFO] [path_server] 노드 업데이트 : [1172] ➜ [1091]
[2026-08-11 16:47:05.224161] [INFO] [path_server] 새로운 경로 설정 : path[1172 ➜ 202] time[0s] dist[19.5m] list[14] : 1172-1091-1092-1093-1094-1095-1074-1075-1076-1018-1158-1159-1160-202
[2026-08-11 16:47:06.182710] [INFO] [path_server] 노드 업데이트 : [1091] ➜ [1092]
[2026-08-11 16:47:06.242647] [INFO] [path_server] 새로운 경로 설정 : path[1091 ➜ 202] time[0s] dist[18m] list[13] : 1091-1092-1093-1094-1095-1074-1075-1076-1018-1158-1159-1160-202
[2026-08-11 16:47:09.456656] [INFO] [path_server] 노드 업데이트 : [1092] ➜ [1093]
[2026-08-11 16:47:09.536530] [INFO] [path_server] 새로운 경로 설정 : path[1092 ➜ 202] time[0s] dist[16.5m] list[12] : 1092-1093-1094-1095-1074-1075-1076-1018-1158-1159-1160-202
[2026-08-11 16:47:10.694185] [INFO] [path_server] 노드 업데이트 : [1093] ➜ [1094]
[2026-08-11 16:47:10.774115] [INFO] [path_server] 새로운 경로 설정 : path[1093 ➜ 202] time[0s] dist[15m] list[11] : 1093-1094-1095-1074-1075-1076-1018-1158-1159-1160-202
[2026-08-11 16:47:11.572467] [INFO] [path_server] 노드 업데이트 : [1094] ➜ [1095]
[2026-08-11 16:47:11.632335] [INFO] [path_server] 새로운 경로 설정 : path[1094 ➜ 202] time[0s] dist[13.5m] list[10] : 1094-1095-1074-1075-1076-1018-1158-1159-1160-202
[2026-08-11 16:47:12.889811] [INFO] [path_server] 노드 업데이트 : [1095] ➜ [1074]
[2026-08-11 16:47:12.949713] [INFO] [path_server] 새로운 경로 설정 : path[1095 ➜ 202] time[0s] dist[12m] list[9] : 1095-1074-1075-1076-1018-1158-1159-1160-202
[2026-08-11 16:47:16.223197] [INFO] [path_server] 노드 업데이트 : [1074] ➜ [1075]
[2026-08-11 16:47:16.303020] [INFO] [path_server] 새로운 경로 설정 : path[1074 ➜ 202] time[0s] dist[10.5m] list[8] : 1074-1075-1076-1018-1158-1159-1160-202
[2026-08-11 16:47:17.361059] [INFO] [path_server] 노드 업데이트 : [1075] ➜ [1076]
[2026-08-11 16:47:17.440920] [INFO] [path_server] 새로운 경로 설정 : path[1075 ➜ 202] time[0s] dist[9m] list[7] : 1075-1076-1018-1158-1159-1160-202
[2026-08-11 16:47:18.179392] [INFO] [path_server] 노드 업데이트 : [1076] ➜ [1018]
[2026-08-11 16:47:18.259316] [INFO] [path_server] 새로운 경로 설정 : path[1076 ➜ 202] time[0s] dist[7.5m] list[6] : 1076-1018-1158-1159-1160-202
[2026-08-11 16:47:19.516978] [INFO] [path_server] 노드 업데이트 : [1018] ➜ [1158]
[2026-08-11 16:47:19.576849] [INFO] [path_server] 새로운 경로 설정 : path[1018 ➜ 202] time[0s] dist[6m] list[5] : 1018-1158-1159-1160-202
[2026-08-11 16:47:22.890088] [INFO] [path_server] 노드 업데이트 : [1158] ➜ [1159]
[2026-08-11 16:47:22.969954] [INFO] [path_server] 새로운 경로 설정 : path[1158 ➜ 202] time[0s] dist[4.5m] list[4] : 1158-1159-1160-202
[2026-08-11 16:47:24.027690] [INFO] [path_server] 노드 업데이트 : [1159] ➜ [1160]
[2026-08-11 16:47:24.107596] [INFO] [path_server] 새로운 경로 설정 : path[1159 ➜ 202] time[0s] dist[3m] list[3] : 1159-1160-202
[2026-08-11 16:47:25.365161] [INFO] [path_server] 노드 업데이트 : [1160] ➜ [202]
[2026-08-11 16:47:25.445011] [INFO] [path_server] 새로운 경로 설정 : path[1160 ➜ 202] time[0s] dist[1.5m] list[2] : 1160-202
[2026-08-11 16:47:30.614812] [INFO] [path_server] 노드 업데이트 : [202] ➜ [-1]
[2026-08-11 16:47:33.549087] [INFO] [path_server] 노드 업데이트 : [202] ➜ [-1]
[2026-08-11 16:47:33.628952] [INFO] [path_server] 경로 삭제
[2026-08-11 16:47:42.788157] [INFO] [path_server] 생성
[2026-08-11 16:47:42.788191] [INFO] [path_server] 경로 삭제
[2026-08-11 16:47:42.789824] [INFO] [path_server] 노드 초기화 성공 : 로봇 좌표[13.001m 14.504m -89.281°] 최단 거리 노드[202] 거리(0.003783m)
[2026-08-11 16:47:42.809884] [INFO] [path_server] 경로 삭제
[2026-08-11 16:48:11.437079] [INFO] [path_server] 경로 삭제
[2026-08-11 16:48:17.905205] [INFO] [path_server] 새로운 경로 설정 : path[202 ➜ 105] time[0s] dist[37.5m] list[26] : 202-1160-1161-1162-1163-1164-1165-1166-1109-1110-1111-1112-1113-1114-1115-1116-1117-1118-1119-1120-1121-1122-1123-1179-1180-105
[2026-08-11 16:48:22.797719] [INFO] [path_server] 노드 업데이트 : [1160] ➜ [1161]
[2026-08-11 16:48:22.877571] [INFO] [path_server] 새로운 경로 설정 : path[1160 ➜ 105] time[0s] dist[36m] list[25] : 1160-1161-1162-1163-1164-1165-1166-1109-1110-1111-1112-1113-1114-1115-1116-1117-1118-1119-1120-1121-1122-1123-1179-1180-105
[2026-08-11 16:48:26.431579] [INFO] [path_server] 노드 업데이트 : [1161] ➜ [1162]
[2026-08-11 16:48:26.511554] [INFO] [path_server] 새로운 경로 설정 : path[1161 ➜ 105] time[0s] dist[34.5m] list[24] : 1161-1162-1163-1164-1165-1166-1109-1110-1111-1112-1113-1114-1115-1116-1117-1118-1119-1120-1121-1122-1123-1179-1180-105
[2026-08-11 16:48:27.549745] [INFO] [path_server] 노드 업데이트 : [1162] ➜ [1163]
[2026-08-11 16:48:27.609710] [INFO] [path_server] 새로운 경로 설정 : path[1162 ➜ 105] time[0s] dist[33m] list[23] : 1162-1163-1164-1165-1166-1109-1110-1111-1112-1113-1114-1115-1116-1117-1118-1119-1120-1121-1122-1123-1179-1180-105
[2026-08-11 16:48:28.368367] [INFO] [path_server] 노드 업데이트 : [1163] ➜ [1164]
[2026-08-11 16:48:28.448273] [INFO] [path_server] 새로운 경로 설정 : path[1163 ➜ 105] time[0s] dist[31.5m] list[22] : 1163-1164-1165-1166-1109-1110-1111-1112-1113-1114-1115-1116-1117-1118-1119-1120-1121-1122-1123-1179-1180-105
[2026-08-11 16:48:29.127163] [INFO] [path_server] 노드 업데이트 : [1164] ➜ [1165]
[2026-08-11 16:48:29.207105] [INFO] [path_server] 새로운 경로 설정 : path[1164 ➜ 105] time[0s] dist[30m] list[21] : 1164-1165-1166-1109-1110-1111-1112-1113-1114-1115-1116-1117-1118-1119-1120-1121-1122-1123-1179-1180-105
[2026-08-11 16:48:29.886077] [INFO] [path_server] 노드 업데이트 : [1165] ➜ [1166]
[2026-08-11 16:48:29.946002] [INFO] [path_server] 새로운 경로 설정 : path[1165 ➜ 105] time[0s] dist[28.5m] list[20] : 1165-1166-1109-1110-1111-1112-1113-1114-1115-1116-1117-1118-1119-1120-1121-1122-1123-1179-1180-105
[2026-08-11 16:48:30.624582] [INFO] [path_server] 노드 업데이트 : [1166] ➜ [1109]
[2026-08-11 16:48:30.704515] [INFO] [path_server] 새로운 경로 설정 : path[1166 ➜ 105] time[0s] dist[27m] list[19] : 1166-1109-1110-1111-1112-1113-1114-1115-1116-1117-1118-1119-1120-1121-1122-1123-1179-1180-105
[2026-08-11 16:48:31.482939] [INFO] [path_server] 노드 업데이트 : [1109] ➜ [1110]
[2026-08-11 16:48:31.562815] [INFO] [path_server] 새로운 경로 설정 : path[1109 ➜ 105] time[0s] dist[25.5m] list[18] : 1109-1110-1111-1112-1113-1114-1115-1116-1117-1118-1119-1120-1121-1122-1123-1179-1180-105
[2026-08-11 16:48:35.136311] [INFO] [path_server] 노드 업데이트 : [1110] ➜ [1111]
[2026-08-11 16:48:35.236115] [INFO] [path_server] 새로운 경로 설정 : path[1110 ➜ 105] time[0s] dist[24m] list[17] : 1110-1111-1112-1113-1114-1115-1116-1117-1118-1119-1120-1121-1122-1123-1179-1180-105
[2026-08-11 16:48:36.494914] [INFO] [path_server] 노드 업데이트 : [1111] ➜ [1112]
[2026-08-11 16:48:36.574846] [INFO] [path_server] 새로운 경로 설정 : path[1111 ➜ 105] time[0s] dist[22.5m] list[16] : 1111-1112-1113-1114-1115-1116-1117-1118-1119-1120-1121-1122-1123-1179-1180-105
[2026-08-11 16:48:37.393448] [INFO] [path_server] 노드 업데이트 : [1112] ➜ [1113]
[2026-08-11 16:48:37.473305] [INFO] [path_server] 새로운 경로 설정 : path[1112 ➜ 105] time[0s] dist[21m] list[15] : 1112-1113-1114-1115-1116-1117-1118-1119-1120-1121-1122-1123-1179-1180-105
[2026-08-11 16:48:38.131970] [INFO] [path_server] 노드 업데이트 : [1113] ➜ [1114]
[2026-08-11 16:48:38.191874] [INFO] [path_server] 새로운 경로 설정 : path[1113 ➜ 105] time[0s] dist[19.5m] list[14] : 1113-1114-1115-1116-1117-1118-1119-1120-1121-1122-1123-1179-1180-105
[2026-08-11 16:48:38.890553] [INFO] [path_server] 노드 업데이트 : [1114] ➜ [1115]
[2026-08-11 16:48:38.970418] [INFO] [path_server] 새로운 경로 설정 : path[1114 ➜ 105] time[0s] dist[18m] list[13] : 1114-1115-1116-1117-1118-1119-1120-1121-1122-1123-1179-1180-105
[2026-08-11 16:48:39.649212] [INFO] [path_server] 노드 업데이트 : [1115] ➜ [1116]
[2026-08-11 16:48:39.729147] [INFO] [path_server] 새로운 경로 설정 : path[1115 ➜ 105] time[0s] dist[16.5m] list[12] : 1115-1116-1117-1118-1119-1120-1121-1122-1123-1179-1180-105
[2026-08-11 16:48:40.388018] [INFO] [path_server] 노드 업데이트 : [1116] ➜ [1117]
[2026-08-11 16:48:40.467856] [INFO] [path_server] 새로운 경로 설정 : path[1116 ➜ 105] time[0s] dist[15m] list[11] : 1116-1117-1118-1119-1120-1121-1122-1123-1179-1180-105
[2026-08-11 16:48:41.146527] [INFO] [path_server] 노드 업데이트 : [1117] ➜ [1118]
[2026-08-11 16:48:41.226432] [INFO] [path_server] 새로운 경로 설정 : path[1117 ➜ 105] time[0s] dist[13.5m] list[10] : 1117-1118-1119-1120-1121-1122-1123-1179-1180-105
[2026-08-11 16:48:41.885061] [INFO] [path_server] 노드 업데이트 : [1118] ➜ [1119]
[2026-08-11 16:48:41.964931] [INFO] [path_server] 새로운 경로 설정 : path[1118 ➜ 105] time[0s] dist[12m] list[9] : 1118-1119-1120-1121-1122-1123-1179-1180-105
[2026-08-11 16:48:42.643481] [INFO] [path_server] 노드 업데이트 : [1119] ➜ [1120]
[2026-08-11 16:48:42.723409] [INFO] [path_server] 새로운 경로 설정 : path[1119 ➜ 105] time[0s] dist[10.5m] list[8] : 1119-1120-1121-1122-1123-1179-1180-105
[2026-08-11 16:48:43.481975] [INFO] [path_server] 노드 업데이트 : [1120] ➜ [1121]
[2026-08-11 16:48:43.561901] [INFO] [path_server] 새로운 경로 설정 : path[1120 ➜ 105] time[0s] dist[9m] list[7] : 1120-1121-1122-1123-1179-1180-105
[2026-08-11 16:48:47.135251] [INFO] [path_server] 노드 업데이트 : [1121] ➜ [1122]
[2026-08-11 16:48:47.215205] [INFO] [path_server] 새로운 경로 설정 : path[1121 ➜ 105] time[0s] dist[7.5m] list[6] : 1121-1122-1123-1179-1180-105
[2026-08-11 16:48:48.492625] [INFO] [path_server] 노드 업데이트 : [1122] ➜ [1123]
[2026-08-11 16:48:48.572628] [INFO] [path_server] 새로운 경로 설정 : path[1122 ➜ 105] time[0s] dist[6m] list[5] : 1122-1123-1179-1180-105
[2026-08-11 16:48:49.551032] [INFO] [path_server] 노드 업데이트 : [1123] ➜ [1179]
[2026-08-11 16:48:49.610927] [INFO] [path_server] 새로운 경로 설정 : path[1123 ➜ 105] time[0s] dist[4.5m] list[4] : 1123-1179-1180-105
[2026-08-11 16:48:52.870450] [INFO] [path_server] 노드 업데이트 : [1179] ➜ [1180]
[2026-08-11 16:48:52.930347] [INFO] [path_server] 새로운 경로 설정 : path[1179 ➜ 105] time[0s] dist[3m] list[3] : 1179-1180-105
[2026-08-11 16:48:54.247805] [INFO] [path_server] 노드 업데이트 : [1180] ➜ [105]
[2026-08-11 16:48:54.327623] [INFO] [path_server] 새로운 경로 설정 : path[1180 ➜ 105] time[0s] dist[1.5m] list[2] : 1180-105
[2026-08-11 16:48:59.458617] [INFO] [path_server] 노드 업데이트 : [105] ➜ [-1]
[2026-08-11 16:49:02.373304] [INFO] [path_server] 노드 업데이트 : [105] ➜ [-1]
[2026-08-11 16:49:24.434697] [INFO] [path_server] 생성
[2026-08-11 16:49:24.434752] [INFO] [path_server] 경로 삭제
[2026-08-11 16:49:24.436868] [INFO] [path_server] 노드 초기화 성공 : 로봇 좌표[5.504m 2.498m -179.491°] 최단 거리 노드[105] 거리(0.004412m)
[2026-08-11 16:49:46.528048] [INFO] [path_server] 생성
[2026-08-11 16:49:46.528536] [INFO] [path_server] 경로 삭제
[2026-08-11 16:49:46.531059] [INFO] [path_server] 노드 초기화 성공 : 로봇 좌표[5.504m 2.498m -179.491°] 최단 거리 노드[105] 거리(0.004412m)
[2026-08-11 16:52:17.171184] [INFO] [path_server] 생성
[2026-08-11 16:52:17.171314] [INFO] [path_server] 경로 삭제
[2026-08-11 16:52:17.173539] [INFO] [path_server] 노드 초기화 성공 : 로봇 좌표[5.504m 2.498m -179.491°] 최단 거리 노드[105] 거리(0.004412m)
[2026-08-11 16:53:05.718955] [INFO] [path_server] 경로 삭제
[2026-08-11 16:53:05.778881] [INFO] [path_server] 경로 삭제
[2026-08-11 16:54:10.234551] [INFO] [path_server] 새로운 경로 설정 : path[105 ➜ 1204] time[0s] dist[33m] list[23] : 105-1180-1181-1182-1183-1184-1045-1046-1047-1048-1001-1002-1003-1004-1013-1049-1050-1014-1201-1200-1202-1203-1204
[2026-08-11 16:54:17.401185] [INFO] [path_server] 노드 업데이트 : [1180] ➜ [1181]
[2026-08-11 16:54:17.481129] [INFO] [path_server] 새로운 경로 설정 : path[1180 ➜ 1204] time[0s] dist[31.5m] list[22] : 1180-1181-1182-1183-1184-1045-1046-1047-1048-1001-1002-1003-1004-1013-1049-1050-1014-1201-1200-1202-1203-1204
[2026-08-11 16:54:21.014522] [INFO] [path_server] 노드 업데이트 : [1181] ➜ [1182]
[2026-08-11 16:54:21.114346] [INFO] [path_server] 새로운 경로 설정 : path[1181 ➜ 1204] time[0s] dist[30m] list[21] : 1181-1182-1183-1184-1045-1046-1047-1048-1001-1002-1003-1004-1013-1049-1050-1014-1201-1200-1202-1203-1204
[2026-08-11 16:54:22.152478] [INFO] [path_server] 노드 업데이트 : [1182] ➜ [1183]
[2026-08-11 16:54:22.212386] [INFO] [path_server] 새로운 경로 설정 : path[1182 ➜ 1204] time[0s] dist[28.5m] list[20] : 1182-1183-1184-1045-1046-1047-1048-1001-1002-1003-1004-1013-1049-1050-1014-1201-1200-1202-1203-1204
[2026-08-11 16:54:22.970859] [INFO] [path_server] 노드 업데이트 : [1183] ➜ [1184]
[2026-08-11 16:54:23.050708] [INFO] [path_server] 새로운 경로 설정 : path[1183 ➜ 1204] time[0s] dist[27m] list[19] : 1183-1184-1045-1046-1047-1048-1001-1002-1003-1004-1013-1049-1050-1014-1201-1200-1202-1203-1204
[2026-08-11 16:54:23.729240] [INFO] [path_server] 노드 업데이트 : [1184] ➜ [1045]
[2026-08-11 16:54:23.809179] [INFO] [path_server] 새로운 경로 설정 : path[1184 ➜ 1204] time[0s] dist[25.5m] list[18] : 1184-1045-1046-1047-1048-1001-1002-1003-1004-1013-1049-1050-1014-1201-1200-1202-1203-1204
[2026-08-11 16:54:25.046591] [INFO] [path_server] 노드 업데이트 : [1045] ➜ [1046]
[2026-08-11 16:54:25.126543] [INFO] [path_server] 새로운 경로 설정 : path[1045 ➜ 1204] time[0s] dist[24m] list[17] : 1045-1046-1047-1048-1001-1002-1003-1004-1013-1049-1050-1014-1201-1200-1202-1203-1204
[2026-08-11 16:54:28.399782] [INFO] [path_server] 노드 업데이트 : [1046] ➜ [1047]
[2026-08-11 16:54:28.479712] [INFO] [path_server] 새로운 경로 설정 : path[1046 ➜ 1204] time[0s] dist[22.5m] list[16] : 1046-1047-1048-1001-1002-1003-1004-1013-1049-1050-1014-1201-1200-1202-1203-1204
[2026-08-11 16:54:29.517624] [INFO] [path_server] 노드 업데이트 : [1047] ➜ [1048]
[2026-08-11 16:54:29.577524] [INFO] [path_server] 새로운 경로 설정 : path[1047 ➜ 1204] time[0s] dist[21m] list[15] : 1047-1048-1001-1002-1003-1004-1013-1049-1050-1014-1201-1200-1202-1203-1204
[2026-08-11 16:54:30.356089] [INFO] [path_server] 노드 업데이트 : [1048] ➜ [1001]
[2026-08-11 16:54:30.416037] [INFO] [path_server] 새로운 경로 설정 : path[1048 ➜ 1204] time[0s] dist[19.5m] list[14] : 1048-1001-1002-1003-1004-1013-1049-1050-1014-1201-1200-1202-1203-1204
[2026-08-11 16:54:31.094673] [INFO] [path_server] 노드 업데이트 : [1001] ➜ [1002]
[2026-08-11 16:54:31.174789] [INFO] [path_server] 새로운 경로 설정 : path[1001 ➜ 1204] time[0s] dist[18m] list[13] : 1001-1002-1003-1004-1013-1049-1050-1014-1201-1200-1202-1203-1204
[2026-08-11 16:54:31.853451] [INFO] [path_server] 노드 업데이트 : [1002] ➜ [1003]
[2026-08-11 16:54:31.913383] [INFO] [path_server] 새로운 경로 설정 : path[1002 ➜ 1204] time[0s] dist[16.5m] list[12] : 1002-1003-1004-1013-1049-1050-1014-1201-1200-1202-1203-1204
[2026-08-11 16:54:32.592060] [INFO] [path_server] 노드 업데이트 : [1003] ➜ [1004]
[2026-08-11 16:54:32.671956] [INFO] [path_server] 새로운 경로 설정 : path[1003 ➜ 1204] time[0s] dist[15m] list[11] : 1003-1004-1013-1049-1050-1014-1201-1200-1202-1203-1204
[2026-08-11 16:54:33.929415] [INFO] [path_server] 노드 업데이트 : [1004] ➜ [1013]
[2026-08-11 16:54:34.029252] [INFO] [path_server] 새로운 경로 설정 : path[1004 ➜ 1204] time[0s] dist[13.5m] list[10] : 1004-1013-1049-1050-1014-1201-1200-1202-1203-1204
[2026-08-11 16:54:37.284145] [INFO] [path_server] 노드 업데이트 : [1013] ➜ [1049]
[2026-08-11 16:54:37.344044] [INFO] [path_server] 새로운 경로 설정 : path[1013 ➜ 1204] time[0s] dist[12m] list[9] : 1013-1049-1050-1014-1201-1200-1202-1203-1204
[2026-08-11 16:54:38.402147] [INFO] [path_server] 노드 업데이트 : [1049] ➜ [1050]
[2026-08-11 16:54:38.482070] [INFO] [path_server] 새로운 경로 설정 : path[1049 ➜ 1204] time[0s] dist[10.5m] list[8] : 1049-1050-1014-1201-1200-1202-1203-1204
[2026-08-11 16:54:39.739494] [INFO] [path_server] 노드 업데이트 : [1050] ➜ [1014]
[2026-08-11 16:54:39.799411] [INFO] [path_server] 새로운 경로 설정 : path[1050 ➜ 1204] time[0s] dist[9m] list[7] : 1050-1014-1201-1200-1202-1203-1204
[2026-08-11 16:54:43.132820] [INFO] [path_server] 노드 업데이트 : [1014] ➜ [1201]
[2026-08-11 16:54:43.212666] [INFO] [path_server] 새로운 경로 설정 : path[1014 ➜ 1204] time[0s] dist[7.5m] list[6] : 1014-1201-1200-1202-1203-1204
[2026-08-11 16:54:44.250540] [INFO] [path_server] 노드 업데이트 : [1201] ➜ [1200]
[2026-08-11 16:54:44.330436] [INFO] [path_server] 새로운 경로 설정 : path[1201 ➜ 1204] time[0s] dist[6m] list[5] : 1201-1200-1202-1203-1204
[2026-08-11 16:54:45.069034] [INFO] [path_server] 노드 업데이트 : [1200] ➜ [1202]
[2026-08-11 16:54:45.128900] [INFO] [path_server] 새로운 경로 설정 : path[1200 ➜ 1204] time[0s] dist[4.5m] list[4] : 1200-1202-1203-1204
[2026-08-11 16:54:45.827672] [INFO] [path_server] 노드 업데이트 : [1202] ➜ [1203]
[2026-08-11 16:54:45.927542] [INFO] [path_server] 새로운 경로 설정 : path[1202 ➜ 1204] time[0s] dist[3m] list[3] : 1202-1203-1204
[2026-08-11 16:54:46.586279] [INFO] [path_server] 노드 업데이트 : [1203] ➜ [1204]
[2026-08-11 16:54:46.666120] [INFO] [path_server] 새로운 경로 설정 : path[1203 ➜ 1204] time[0s] dist[1.5m] list[2] : 1203-1204
[2026-08-11 16:54:48.801955] [INFO] [path_server] 노드 업데이트 : [1204] ➜ [-1]
[2026-08-11 16:54:51.737064] [INFO] [path_server] 노드 업데이트 : [1204] ➜ [-1]
[2026-08-11 16:54:51.816929] [INFO] [path_server] 경로 삭제
[2026-08-11 16:54:56.906687] [INFO] [path_server] 새로운 경로 설정 : path[1204 ➜ 208] time[0s] dist[21m] list[15] : 1204-1205-1206-1207-1208-1145-1146-1147-1148-1077-1078-1079-1080-1081-208
[2026-08-11 16:54:59.242131] [INFO] [path_server] 노드 업데이트 : [1205] ➜ [1206]
[2026-08-11 16:54:59.322084] [INFO] [path_server] 새로운 경로 설정 : path[1205 ➜ 208] time[0s] dist[19.5m] list[14] : 1205-1206-1207-1208-1145-1146-1147-1148-1077-1078-1079-1080-1081-208
[2026-08-11 16:55:00.300208] [INFO] [path_server] 노드 업데이트 : [1206] ➜ [1207]
[2026-08-11 16:55:00.360116] [INFO] [path_server] 새로운 경로 설정 : path[1206 ➜ 208] time[0s] dist[18.01m] list[13] : 1206-1207-1208-1145-1146-1147-1148-1077-1078-1079-1080-1081-208
[2026-08-11 16:55:01.098500] [INFO] [path_server] 노드 업데이트 : [1207] ➜ [1208]
[2026-08-11 16:55:01.178430] [INFO] [path_server] 새로운 경로 설정 : path[1207 ➜ 208] time[0s] dist[16.5m] list[12] : 1207-1208-1145-1146-1147-1148-1077-1078-1079-1080-1081-208
[2026-08-11 16:55:01.857032] [INFO] [path_server] 노드 업데이트 : [1208] ➜ [1145]
[2026-08-11 16:55:01.916940] [INFO] [path_server] 새로운 경로 설정 : path[1208 ➜ 208] time[0s] dist[15m] list[11] : 1208-1145-1146-1147-1148-1077-1078-1079-1080-1081-208
[2026-08-11 16:55:03.154634] [INFO] [path_server] 노드 업데이트 : [1145] ➜ [1146]
[2026-08-11 16:55:03.234552] [INFO] [path_server] 새로운 경로 설정 : path[1145 ➜ 208] time[0s] dist[13.5m] list[10] : 1145-1146-1147-1148-1077-1078-1079-1080-1081-208
[2026-08-11 16:55:06.508613] [INFO] [path_server] 노드 업데이트 : [1146] ➜ [1147]
[2026-08-11 16:55:06.588471] [INFO] [path_server] 새로운 경로 설정 : path[1146 ➜ 208] time[0s] dist[12m] list[9] : 1146-1147-1148-1077-1078-1079-1080-1081-208
[2026-08-11 16:55:07.646260] [INFO] [path_server] 노드 업데이트 : [1147] ➜ [1148]
[2026-08-11 16:55:07.726131] [INFO] [path_server] 새로운 경로 설정 : path[1147 ➜ 208] time[0s] dist[10.5m] list[8] : 1147-1148-1077-1078-1079-1080-1081-208
[2026-08-11 16:55:08.464714] [INFO] [path_server] 노드 업데이트 : [1148] ➜ [1077]
[2026-08-11 16:55:08.544651] [INFO] [path_server] 새로운 경로 설정 : path[1148 ➜ 208] time[0s] dist[9m] list[7] : 1148-1077-1078-1079-1080-1081-208
[2026-08-11 16:55:09.223398] [INFO] [path_server] 노드 업데이트 : [1077] ➜ [1078]
[2026-08-11 16:55:09.283316] [INFO] [path_server] 새로운 경로 설정 : path[1077 ➜ 208] time[0s] dist[7.5m] list[6] : 1077-1078-1079-1080-1081-208
[2026-08-11 16:55:09.981813] [INFO] [path_server] 노드 업데이트 : [1078] ➜ [1079]
[2026-08-11 16:55:10.061669] [INFO] [path_server] 새로운 경로 설정 : path[1078 ➜ 208] time[0s] dist[6m] list[5] : 1078-1079-1080-1081-208
[2026-08-11 16:55:10.720306] [INFO] [path_server] 노드 업데이트 : [1079] ➜ [1080]
[2026-08-11 16:55:10.780174] [INFO] [path_server] 새로운 경로 설정 : path[1079 ➜ 208] time[0s] dist[4.5m] list[4] : 1079-1080-1081-208
[2026-08-11 16:55:11.478783] [INFO] [path_server] 노드 업데이트 : [1080] ➜ [1081]
[2026-08-11 16:55:11.558636] [INFO] [path_server] 새로운 경로 설정 : path[1080 ➜ 208] time[0s] dist[3m] list[3] : 1080-1081-208
[2026-08-11 16:55:12.796383] [INFO] [path_server] 노드 업데이트 : [1081] ➜ [208]
[2026-08-11 16:55:12.896469] [INFO] [path_server] 새로운 경로 설정 : path[1081 ➜ 208] time[0s] dist[1.5m] list[2] : 1081-208
[2026-08-11 16:55:18.026092] [INFO] [path_server] 노드 업데이트 : [208] ➜ [-1]
[2026-08-11 16:55:20.960539] [INFO] [path_server] 노드 업데이트 : [208] ➜ [-1]
[2026-08-11 16:55:21.040438] [INFO] [path_server] 경로 삭제
[2026-08-11 16:55:47.649181] [INFO] [path_server] 새로운 경로 설정 : path[208 ➜ 103] time[0s] dist[72m] list[49] : 208-1081-1082-1083-1084-1085-1086-1087-1088-1089-1090-1091-1092-1093-1094-1095-1074-1075-1076-1018-1019-1020-1011-1012-1035-1036-1037-1038-1039-1040-1041-1042-1112-1113-1114-1115-1116-1117-1118-1119-1120-1121-1122-1123-1179-1180-1181-1182-103
[2026-08-11 16:55:52.539390] [INFO] [path_server] 노드 업데이트 : [1081] ➜ [1082]
[2026-08-11 16:55:52.619278] [INFO] [path_server] 새로운 경로 설정 : path[1081 ➜ 103] time[0s] dist[70.5m] list[48] : 1081-1082-1083-1084-1085-1086-1087-1088-1089-1090-1091-1092-1093-1094-1095-1074-1075-1076-1018-1019-1020-1011-1012-1035-1036-1037-1038-1039-1040-1041-1042-1112-1113-1114-1115-1116-1117-1118-1119-1120-1121-1122-1123-1179-1180-1181-1182-103
[2026-08-11 16:55:56.152104] [INFO] [path_server] 노드 업데이트 : [1082] ➜ [1083]
[2026-08-11 16:55:56.212017] [INFO] [path_server] 새로운 경로 설정 : path[1082 ➜ 103] time[0s] dist[69m] list[47] : 1082-1083-1084-1085-1086-1087-1088-1089-1090-1091-1092-1093-1094-1095-1074-1075-1076-1018-1019-1020-1011-1012-1035-1036-1037-1038-1039-1040-1041-1042-1112-1113-1114-1115-1116-1117-1118-1119-1120-1121-1122-1123-1179-1180-1181-1182-103
[2026-08-11 16:55:57.289844] [INFO] [path_server] 노드 업데이트 : [1083] ➜ [1084]
[2026-08-11 16:55:57.349772] [INFO] [path_server] 새로운 경로 설정 : path[1083 ➜ 103] time[0s] dist[67.5m] list[46] : 1083-1084-1085-1086-1087-1088-1089-1090-1091-1092-1093-1094-1095-1074-1075-1076-1018-1019-1020-1011-1012-1035-1036-1037-1038-1039-1040-1041-1042-1112-1113-1114-1115-1116-1117-1118-1119-1120-1121-1122-1123-1179-1180-1181-1182-103
[2026-08-11 16:55:58.706969] [INFO] [path_server] 노드 업데이트 : [1084] ➜ [1085]
[2026-08-11 16:55:58.786914] [INFO] [path_server] 새로운 경로 설정 : path[1084 ➜ 103] time[0s] dist[66m] list[45] : 1084-1085-1086-1087-1088-1089-1090-1091-1092-1093-1094-1095-1074-1075-1076-1018-1019-1020-1011-1012-1035-1036-1037-1038-1039-1040-1041-1042-1112-1113-1114-1115-1116-1117-1118-1119-1120-1121-1122-1123-1179-1180-1181-1182-103
[2026-08-11 16:56:02.140703] [INFO] [path_server] 노드 업데이트 : [1085] ➜ [1086]
[2026-08-11 16:56:02.220574] [INFO] [path_server] 새로운 경로 설정 : path[1085 ➜ 103] time[0s] dist[64.5m] list[44] : 1085-1086-1087-1088-1089-1090-1091-1092-1093-1094-1095-1074-1075-1076-1018-1019-1020-1011-1012-1035-1036-1037-1038-1039-1040-1041-1042-1112-1113-1114-1115-1116-1117-1118-1119-1120-1121-1122-1123-1179-1180-1181-1182-103
[2026-08-11 16:56:03.258455] [INFO] [path_server] 노드 업데이트 : [1086] ➜ [1087]
[2026-08-11 16:56:03.318385] [INFO] [path_server] 새로운 경로 설정 : path[1086 ➜ 103] time[0s] dist[63m] list[43] : 1086-1087-1088-1089-1090-1091-1092-1093-1094-1095-1074-1075-1076-1018-1019-1020-1011-1012-1035-1036-1037-1038-1039-1040-1041-1042-1112-1113-1114-1115-1116-1117-1118-1119-1120-1121-1122-1123-1179-1180-1181-1182-103
[2026-08-11 16:56:04.076851] [INFO] [path_server] 노드 업데이트 : [1087] ➜ [1088]
[2026-08-11 16:56:04.156750] [INFO] [path_server] 새로운 경로 설정 : path[1087 ➜ 103] time[0s] dist[61.5m] list[42] : 1087-1088-1089-1090-1091-1092-1093-1094-1095-1074-1075-1076-1018-1019-1020-1011-1012-1035-1036-1037-1038-1039-1040-1041-1042-1112-1113-1114-1115-1116-1117-1118-1119-1120-1121-1122-1123-1179-1180-1181-1182-103
[2026-08-11 16:56:04.815295] [INFO] [path_server] 노드 업데이트 : [1088] ➜ [1089]
[2026-08-11 16:56:04.875245] [INFO] [path_server] 새로운 경로 설정 : path[1088 ➜ 103] time[0s] dist[60m] list[41] : 1088-1089-1090-1091-1092-1093-1094-1095-1074-1075-1076-1018-1019-1020-1011-1012-1035-1036-1037-1038-1039-1040-1041-1042-1112-1113-1114-1115-1116-1117-1118-1119-1120-1121-1122-1123-1179-1180-1181-1182-103
[2026-08-11 16:56:05.573794] [INFO] [path_server] 노드 업데이트 : [1089] ➜ [1090]
[2026-08-11 16:56:05.653662] [INFO] [path_server] 새로운 경로 설정 : path[1089 ➜ 103] time[0s] dist[58.5m] list[40] : 1089-1090-1091-1092-1093-1094-1095-1074-1075-1076-1018-1019-1020-1011-1012-1035-1036-1037-1038-1039-1040-1041-1042-1112-1113-1114-1115-1116-1117-1118-1119-1120-1121-1122-1123-1179-1180-1181-1182-103
[2026-08-11 16:56:06.312305] [INFO] [path_server] 노드 업데이트 : [1090] ➜ [1091]
[2026-08-11 16:56:06.372248] [INFO] [path_server] 새로운 경로 설정 : path[1090 ➜ 103] time[0s] dist[57m] list[39] : 1090-1091-1092-1093-1094-1095-1074-1075-1076-1018-1019-1020-1011-1012-1035-1036-1037-1038-1039-1040-1041-1042-1112-1113-1114-1115-1116-1117-1118-1119-1120-1121-1122-1123-1179-1180-1181-1182-103
[2026-08-11 16:56:07.070812] [INFO] [path_server] 노드 업데이트 : [1091] ➜ [1092]
[2026-08-11 16:56:07.150647] [INFO] [path_server] 새로운 경로 설정 : path[1091 ➜ 103] time[0s] dist[55.5m] list[38] : 1091-1092-1093-1094-1095-1074-1075-1076-1018-1019-1020-1011-1012-1035-1036-1037-1038-1039-1040-1041-1042-1112-1113-1114-1115-1116-1117-1118-1119-1120-1121-1122-1123-1179-1180-1181-1182-103
[2026-08-11 16:56:07.829201] [INFO] [path_server] 노드 업데이트 : [1092] ➜ [1093]
[2026-08-11 16:56:07.909178] [INFO] [path_server] 새로운 경로 설정 : path[1092 ➜ 103] time[0s] dist[54m] list[37] : 1092-1093-1094-1095-1074-1075-1076-1018-1019-1020-1011-1012-1035-1036-1037-1038-1039-1040-1041-1042-1112-1113-1114-1115-1116-1117-1118-1119-1120-1121-1122-1123-1179-1180-1181-1182-103
[2026-08-11 16:56:08.567741] [INFO] [path_server] 노드 업데이트 : [1093] ➜ [1094]
[2026-08-11 16:56:08.647619] [INFO] [path_server] 새로운 경로 설정 : path[1093 ➜ 103] time[0s] dist[52.5m] list[36] : 1093-1094-1095-1074-1075-1076-1018-1019-1020-1011-1012-1035-1036-1037-1038-1039-1040-1041-1042-1112-1113-1114-1115-1116-1117-1118-1119-1120-1121-1122-1123-1179-1180-1181-1182-103
[2026-08-11 16:56:09.326217] [INFO] [path_server] 노드 업데이트 : [1094] ➜ [1095]
[2026-08-11 16:56:09.406180] [INFO] [path_server] 새로운 경로 설정 : path[1094 ➜ 103] time[0s] dist[51m] list[35] : 1094-1095-1074-1075-1076-1018-1019-1020-1011-1012-1035-1036-1037-1038-1039-1040-1041-1042-1112-1113-1114-1115-1116-1117-1118-1119-1120-1121-1122-1123-1179-1180-1181-1182-103
[2026-08-11 16:56:10.643687] [INFO] [path_server] 노드 업데이트 : [1095] ➜ [1074]
[2026-08-11 16:56:10.723642] [INFO] [path_server] 새로운 경로 설정 : path[1095 ➜ 103] time[0s] dist[49.5m] list[34] : 1095-1074-1075-1076-1018-1019-1020-1011-1012-1035-1036-1037-1038-1039-1040-1041-1042-1112-1113-1114-1115-1116-1117-1118-1119-1120-1121-1122-1123-1179-1180-1181-1182-103
[2026-08-11 16:56:13.997148] [INFO] [path_server] 노드 업데이트 : [1074] ➜ [1075]
[2026-08-11 16:56:14.077093] [INFO] [path_server] 새로운 경로 설정 : path[1074 ➜ 103] time[0s] dist[48m] list[33] : 1074-1075-1076-1018-1019-1020-1011-1012-1035-1036-1037-1038-1039-1040-1041-1042-1112-1113-1114-1115-1116-1117-1118-1119-1120-1121-1122-1123-1179-1180-1181-1182-103
[2026-08-11 16:56:15.134822] [INFO] [path_server] 노드 업데이트 : [1075] ➜ [1076]
[2026-08-11 16:56:15.214747] [INFO] [path_server] 새로운 경로 설정 : path[1075 ➜ 103] time[0s] dist[46.5m] list[32] : 1075-1076-1018-1019-1020-1011-1012-1035-1036-1037-1038-1039-1040-1041-1042-1112-1113-1114-1115-1116-1117-1118-1119-1120-1121-1122-1123-1179-1180-1181-1182-103
[2026-08-11 16:56:15.953189] [INFO] [path_server] 노드 업데이트 : [1076] ➜ [1018]
[2026-08-11 16:56:16.033154] [INFO] [path_server] 새로운 경로 설정 : path[1076 ➜ 103] time[0s] dist[45m] list[31] : 1076-1018-1019-1020-1011-1012-1035-1036-1037-1038-1039-1040-1041-1042-1112-1113-1114-1115-1116-1117-1118-1119-1120-1121-1122-1123-1179-1180-1181-1182-103
[2026-08-11 16:56:16.711708] [INFO] [path_server] 노드 업데이트 : [1018] ➜ [1019]
[2026-08-11 16:56:16.771652] [INFO] [path_server] 새로운 경로 설정 : path[1018 ➜ 103] time[0s] dist[43.5m] list[30] : 1018-1019-1020-1011-1012-1035-1036-1037-1038-1039-1040-1041-1042-1112-1113-1114-1115-1116-1117-1118-1119-1120-1121-1122-1123-1179-1180-1181-1182-103
[2026-08-11 16:56:17.470215] [INFO] [path_server] 노드 업데이트 : [1019] ➜ [1020]
[2026-08-11 16:56:17.550092] [INFO] [path_server] 새로운 경로 설정 : path[1019 ➜ 103] time[0s] dist[42m] list[29] : 1019-1020-1011-1012-1035-1036-1037-1038-1039-1040-1041-1042-1112-1113-1114-1115-1116-1117-1118-1119-1120-1121-1122-1123-1179-1180-1181-1182-103
[2026-08-11 16:56:18.208780] [INFO] [path_server] 노드 업데이트 : [1020] ➜ [1011]
[2026-08-11 16:56:18.268708] [INFO] [path_server] 새로운 경로 설정 : path[1020 ➜ 103] time[0s] dist[40.5m] list[28] : 1020-1011-1012-1035-1036-1037-1038-1039-1040-1041-1042-1112-1113-1114-1115-1116-1117-1118-1119-1120-1121-1122-1123-1179-1180-1181-1182-103
[2026-08-11 16:56:19.526302] [INFO] [path_server] 노드 업데이트 : [1011] ➜ [1012]
[2026-08-11 16:56:19.586269] [INFO] [path_server] 새로운 경로 설정 : path[1011 ➜ 103] time[0s] dist[39m] list[27] : 1011-1012-1035-1036-1037-1038-1039-1040-1041-1042-1112-1113-1114-1115-1116-1117-1118-1119-1120-1121-1122-1123-1179-1180-1181-1182-103
[2026-08-11 16:56:22.899512] [INFO] [path_server] 노드 업데이트 : [1012] ➜ [1035]
[2026-08-11 16:56:22.979443] [INFO] [path_server] 새로운 경로 설정 : path[1012 ➜ 103] time[0s] dist[37.5m] list[26] : 1012-1035-1036-1037-1038-1039-1040-1041-1042-1112-1113-1114-1115-1116-1117-1118-1119-1120-1121-1122-1123-1179-1180-1181-1182-103
[2026-08-11 16:56:24.017364] [INFO] [path_server] 노드 업데이트 : [1035] ➜ [1036]
[2026-08-11 16:56:24.077292] [INFO] [path_server] 새로운 경로 설정 : path[1035 ➜ 103] time[0s] dist[36m] list[25] : 1035-1036-1037-1038-1039-1040-1041-1042-1112-1113-1114-1115-1116-1117-1118-1119-1120-1121-1122-1123-1179-1180-1181-1182-103
[2026-08-11 16:56:24.835966] [INFO] [path_server] 노드 업데이트 : [1036] ➜ [1037]
[2026-08-11 16:56:24.915895] [INFO] [path_server] 새로운 경로 설정 : path[1036 ➜ 103] time[0s] dist[34.5m] list[24] : 1036-1037-1038-1039-1040-1041-1042-1112-1113-1114-1115-1116-1117-1118-1119-1120-1121-1122-1123-1179-1180-1181-1182-103
[2026-08-11 16:56:25.594516] [INFO] [path_server] 노드 업데이트 : [1037] ➜ [1038]
[2026-08-11 16:56:25.674463] [INFO] [path_server] 새로운 경로 설정 : path[1037 ➜ 103] time[0s] dist[33m] list[23] : 1037-1038-1039-1040-1041-1042-1112-1113-1114-1115-1116-1117-1118-1119-1120-1121-1122-1123-1179-1180-1181-1182-103
[2026-08-11 16:56:26.353076] [INFO] [path_server] 노드 업데이트 : [1038] ➜ [1039]
[2026-08-11 16:56:26.412997] [INFO] [path_server] 새로운 경로 설정 : path[1038 ➜ 103] time[0s] dist[31.5m] list[22] : 1038-1039-1040-1041-1042-1112-1113-1114-1115-1116-1117-1118-1119-1120-1121-1122-1123-1179-1180-1181-1182-103
[2026-08-11 16:56:27.091572] [INFO] [path_server] 노드 업데이트 : [1039] ➜ [1040]
[2026-08-11 16:56:27.171487] [INFO] [path_server] 새로운 경로 설정 : path[1039 ➜ 103] time[0s] dist[30m] list[21] : 1039-1040-1041-1042-1112-1113-1114-1115-1116-1117-1118-1119-1120-1121-1122-1123-1179-1180-1181-1182-103
[2026-08-11 16:56:27.850765] [INFO] [path_server] 노드 업데이트 : [1040] ➜ [1041]
[2026-08-11 16:56:27.930702] [INFO] [path_server] 새로운 경로 설정 : path[1040 ➜ 103] time[0s] dist[28.5m] list[20] : 1040-1041-1042-1112-1113-1114-1115-1116-1117-1118-1119-1120-1121-1122-1123-1179-1180-1181-1182-103
[2026-08-11 16:56:28.589301] [INFO] [path_server] 노드 업데이트 : [1041] ➜ [1042]
[2026-08-11 16:56:28.669158] [INFO] [path_server] 새로운 경로 설정 : path[1041 ➜ 103] time[0s] dist[27m] list[19] : 1041-1042-1112-1113-1114-1115-1116-1117-1118-1119-1120-1121-1122-1123-1179-1180-1181-1182-103
[2026-08-11 16:56:29.347708] [INFO] [path_server] 노드 업데이트 : [1042] ➜ [1112]
[2026-08-11 16:56:29.427643] [INFO] [path_server] 새로운 경로 설정 : path[1042 ➜ 103] time[0s] dist[25.5m] list[18] : 1042-1112-1113-1114-1115-1116-1117-1118-1119-1120-1121-1122-1123-1179-1180-1181-1182-103
[2026-08-11 16:56:30.665229] [INFO] [path_server] 노드 업데이트 : [1112] ➜ [1113]
[2026-08-11 16:56:30.745160] [INFO] [path_server] 새로운 경로 설정 : path[1112 ➜ 103] time[0s] dist[24m] list[17] : 1112-1113-1114-1115-1116-1117-1118-1119-1120-1121-1122-1123-1179-1180-1181-1182-103
[2026-08-11 16:56:34.019308] [INFO] [path_server] 노드 업데이트 : [1113] ➜ [1114]
[2026-08-11 16:56:34.099235] [INFO] [path_server] 새로운 경로 설정 : path[1113 ➜ 103] time[0s] dist[22.5m] list[16] : 1113-1114-1115-1116-1117-1118-1119-1120-1121-1122-1123-1179-1180-1181-1182-103
[2026-08-11 16:56:35.157109] [INFO] [path_server] 노드 업데이트 : [1114] ➜ [1115]
[2026-08-11 16:56:35.237015] [INFO] [path_server] 새로운 경로 설정 : path[1114 ➜ 103] time[0s] dist[21m] list[15] : 1114-1115-1116-1117-1118-1119-1120-1121-1122-1123-1179-1180-1181-1182-103
[2026-08-11 16:56:35.975545] [INFO] [path_server] 노드 업데이트 : [1115] ➜ [1116]
[2026-08-11 16:56:36.035452] [INFO] [path_server] 새로운 경로 설정 : path[1115 ➜ 103] time[0s] dist[19.5m] list[14] : 1115-1116-1117-1118-1119-1120-1121-1122-1123-1179-1180-1181-1182-103
[2026-08-11 16:56:36.733999] [INFO] [path_server] 노드 업데이트 : [1116] ➜ [1117]
[2026-08-11 16:56:36.813831] [INFO] [path_server] 새로운 경로 설정 : path[1116 ➜ 103] time[0s] dist[18m] list[13] : 1116-1117-1118-1119-1120-1121-1122-1123-1179-1180-1181-1182-103
[2026-08-11 16:56:37.492423] [INFO] [path_server] 노드 업데이트 : [1117] ➜ [1118]
[2026-08-11 16:56:37.572340] [INFO] [path_server] 새로운 경로 설정 : path[1117 ➜ 103] time[0s] dist[16.5m] list[12] : 1117-1118-1119-1120-1121-1122-1123-1179-1180-1181-1182-103
[2026-08-11 16:56:38.231047] [INFO] [path_server] 노드 업데이트 : [1118] ➜ [1119]
[2026-08-11 16:56:38.310915] [INFO] [path_server] 새로운 경로 설정 : path[1118 ➜ 103] time[0s] dist[15m] list[11] : 1118-1119-1120-1121-1122-1123-1179-1180-1181-1182-103
[2026-08-11 16:56:38.989432] [INFO] [path_server] 노드 업데이트 : [1119] ➜ [1120]
[2026-08-11 16:56:39.069359] [INFO] [path_server] 새로운 경로 설정 : path[1119 ➜ 103] time[0s] dist[13.5m] list[10] : 1119-1120-1121-1122-1123-1179-1180-1181-1182-103
[2026-08-11 16:56:39.827763] [INFO] [path_server] 노드 업데이트 : [1120] ➜ [1121]
[2026-08-11 16:56:39.907683] [INFO] [path_server] 새로운 경로 설정 : path[1120 ➜ 103] time[0s] dist[12m] list[9] : 1120-1121-1122-1123-1179-1180-1181-1182-103
[2026-08-11 16:56:43.480702] [INFO] [path_server] 노드 업데이트 : [1121] ➜ [1122]
[2026-08-11 16:56:43.560565] [INFO] [path_server] 새로운 경로 설정 : path[1121 ➜ 103] time[0s] dist[10.5m] list[8] : 1121-1122-1123-1179-1180-1181-1182-103
[2026-08-11 16:56:44.838157] [INFO] [path_server] 노드 업데이트 : [1122] ➜ [1123]
[2026-08-11 16:56:44.918071] [INFO] [path_server] 새로운 경로 설정 : path[1122 ➜ 103] time[0s] dist[9m] list[7] : 1122-1123-1179-1180-1181-1182-103
[2026-08-11 16:56:45.896103] [INFO] [path_server] 노드 업데이트 : [1123] ➜ [1179]
[2026-08-11 16:56:45.956005] [INFO] [path_server] 새로운 경로 설정 : path[1123 ➜ 103] time[0s] dist[7.5m] list[6] : 1123-1179-1180-1181-1182-103
[2026-08-11 16:56:49.209416] [INFO] [path_server] 노드 업데이트 : [1179] ➜ [1180]
[2026-08-11 16:56:49.289335] [INFO] [path_server] 새로운 경로 설정 : path[1179 ➜ 103] time[0s] dist[6m] list[5] : 1179-1180-1181-1182-103
[2026-08-11 16:56:50.447054] [INFO] [path_server] 노드 업데이트 : [1180] ➜ [1181]
[2026-08-11 16:56:50.506950] [INFO] [path_server] 새로운 경로 설정 : path[1180 ➜ 103] time[0s] dist[4.5m] list[4] : 1180-1181-1182-103
[2026-08-11 16:56:51.325407] [INFO] [path_server] 노드 업데이트 : [1181] ➜ [1182]
[2026-08-11 16:56:51.405306] [INFO] [path_server] 새로운 경로 설정 : path[1181 ➜ 103] time[0s] dist[3m] list[3] : 1181-1182-103
[2026-08-11 16:56:52.643135] [INFO] [path_server] 노드 업데이트 : [1182] ➜ [103]
[2026-08-11 16:56:52.723005] [INFO] [path_server] 새로운 경로 설정 : path[1182 ➜ 103] time[0s] dist[1.5m] list[2] : 1182-103
[2026-08-11 16:56:57.853177] [INFO] [path_server] 노드 업데이트 : [103] ➜ [-1]
[2026-08-11 16:57:00.787697] [INFO] [path_server] 노드 업데이트 : [103] ➜ [-1]
[2026-08-11 16:57:36.535951] [INFO] [path_server] 경로 삭제
[2026-08-11 16:57:36.575849] [INFO] [path_server] 경로 삭제
[2026-08-11 16:59:50.026600] [INFO] [path_server] 경로 삭제
[2026-08-11 16:59:50.066519] [INFO] [path_server] 경로 삭제
[2026-08-11 17:02:03.524033] [INFO] [path_server] 경로 삭제
[2026-08-11 17:02:03.563939] [INFO] [path_server] 경로 삭제
[2026-08-11 17:03:34.382330] [INFO] [path_server] 생성
[2026-08-11 17:03:34.382358] [INFO] [path_server] 경로 삭제
[2026-08-11 17:03:34.384028] [INFO] [path_server] 노드 초기화 성공 : 로봇 좌표[5.503m 5.498m -179.415°] 최단 거리 노드[103] 거리(0.003700m)
[2026-08-11 17:04:22.932687] [INFO] [path_server] 경로 삭제
[2026-08-11 17:04:22.972643] [INFO] [path_server] 경로 삭제
[2026-08-11 17:04:40.717881] [INFO] [path_server] 새로운 경로 설정 : path[103 ➜ 203] time[0s] dist[19.5m] list[14] : 103-1182-1183-1184-1045-1040-1041-1042-1112-1113-1114-1115-1116-203
[2026-08-11 17:04:47.884351] [INFO] [path_server] 노드 업데이트 : [1182] ➜ [1183]
[2026-08-11 17:04:47.964230] [INFO] [path_server] 새로운 경로 설정 : path[1182 ➜ 203] time[0s] dist[18m] list[13] : 1182-1183-1184-1045-1040-1041-1042-1112-1113-1114-1115-1116-203
[2026-08-11 17:04:51.497333] [INFO] [path_server] 노드 업데이트 : [1183] ➜ [1184]
[2026-08-11 17:04:51.557227] [INFO] [path_server] 새로운 경로 설정 : path[1183 ➜ 203] time[0s] dist[16.5m] list[12] : 1183-1184-1045-1040-1041-1042-1112-1113-1114-1115-1116-203
[2026-08-11 17:04:52.635126] [INFO] [path_server] 노드 업데이트 : [1184] ➜ [1045]
[2026-08-11 17:04:52.695047] [INFO] [path_server] 새로운 경로 설정 : path[1184 ➜ 203] time[0s] dist[15m] list[11] : 1184-1045-1040-1041-1042-1112-1113-1114-1115-1116-203
[2026-08-11 17:04:53.453459] [INFO] [path_server] 노드 업데이트 : [1045] ➜ [1040]
[2026-08-11 17:04:53.533308] [INFO] [path_server] 새로운 경로 설정 : path[1045 ➜ 203] time[0s] dist[13.5m] list[10] : 1045-1040-1041-1042-1112-1113-1114-1115-1116-203
[2026-08-11 17:04:54.790793] [INFO] [path_server] 노드 업데이트 : [1040] ➜ [1041]
[2026-08-11 17:04:54.850693] [INFO] [path_server] 새로운 경로 설정 : path[1040 ➜ 203] time[0s] dist[12m] list[9] : 1040-1041-1042-1112-1113-1114-1115-1116-203
[2026-08-11 17:04:58.164394] [INFO] [path_server] 노드 업데이트 : [1041] ➜ [1042]
[2026-08-11 17:04:58.244345] [INFO] [path_server] 새로운 경로 설정 : path[1041 ➜ 203] time[0s] dist[10.5m] list[8] : 1041-1042-1112-1113-1114-1115-1116-203
[2026-08-11 17:04:59.282372] [INFO] [path_server] 노드 업데이트 : [1042] ➜ [1112]
[2026-08-11 17:04:59.362241] [INFO] [path_server] 새로운 경로 설정 : path[1042 ➜ 203] time[0s] dist[9m] list[7] : 1042-1112-1113-1114-1115-1116-203
[2026-08-11 17:05:00.619683] [INFO] [path_server] 노드 업데이트 : [1112] ➜ [1113]
[2026-08-11 17:05:00.699520] [INFO] [path_server] 새로운 경로 설정 : path[1112 ➜ 203] time[0s] dist[7.5m] list[6] : 1112-1113-1114-1115-1116-203
[2026-08-11 17:05:03.953121] [INFO] [path_server] 노드 업데이트 : [1113] ➜ [1114]
[2026-08-11 17:05:04.033057] [INFO] [path_server] 새로운 경로 설정 : path[1113 ➜ 203] time[0s] dist[6m] list[5] : 1113-1114-1115-1116-203
[2026-08-11 17:05:05.071033] [INFO] [path_server] 노드 업데이트 : [1114] ➜ [1115]
[2026-08-11 17:05:05.130951] [INFO] [path_server] 새로운 경로 설정 : path[1114 ➜ 203] time[0s] dist[4.5m] list[4] : 1114-1115-1116-203
[2026-08-11 17:05:05.909435] [INFO] [path_server] 노드 업데이트 : [1115] ➜ [1116]
[2026-08-11 17:05:05.969335] [INFO] [path_server] 새로운 경로 설정 : path[1115 ➜ 203] time[0s] dist[3m] list[3] : 1115-1116-203
[2026-08-11 17:05:07.206916] [INFO] [path_server] 노드 업데이트 : [1116] ➜ [203]
[2026-08-11 17:05:07.286775] [INFO] [path_server] 새로운 경로 설정 : path[1116 ➜ 203] time[0s] dist[1.5m] list[2] : 1116-203
[2026-08-11 17:05:12.456825] [INFO] [path_server] 노드 업데이트 : [203] ➜ [-1]
[2026-08-11 17:05:15.370833] [INFO] [path_server] 노드 업데이트 : [203] ➜ [-1]
[2026-08-11 17:05:15.450685] [INFO] [path_server] 경로 삭제
[2026-08-11 17:06:44.116361] [INFO] [path_server] 새로운 경로 설정 : path[203 ➜ 104] time[0s] dist[18m] list[13] : 203-1116-1117-1118-1119-1120-1121-1122-1123-1179-1180-1181-104
[2026-08-11 17:06:49.006315] [INFO] [path_server] 노드 업데이트 : [1116] ➜ [1117]
[2026-08-11 17:06:49.086230] [INFO] [path_server] 새로운 경로 설정 : path[1116 ➜ 104] time[0s] dist[16.5m] list[12] : 1116-1117-1118-1119-1120-1121-1122-1123-1179-1180-1181-104
[2026-08-11 17:06:52.639480] [INFO] [path_server] 노드 업데이트 : [1117] ➜ [1118]
[2026-08-11 17:06:52.719394] [INFO] [path_server] 새로운 경로 설정 : path[1117 ➜ 104] time[0s] dist[15m] list[11] : 1117-1118-1119-1120-1121-1122-1123-1179-1180-1181-104
[2026-08-11 17:06:53.757457] [INFO] [path_server] 노드 업데이트 : [1118] ➜ [1119]
[2026-08-11 17:06:53.817372] [INFO] [path_server] 새로운 경로 설정 : path[1118 ➜ 104] time[0s] dist[13.5m] list[10] : 1118-1119-1120-1121-1122-1123-1179-1180-1181-104
[2026-08-11 17:06:54.575807] [INFO] [path_server] 노드 업데이트 : [1119] ➜ [1120]
[2026-08-11 17:06:54.655666] [INFO] [path_server] 새로운 경로 설정 : path[1119 ➜ 104] time[0s] dist[12m] list[9] : 1119-1120-1121-1122-1123-1179-1180-1181-104
[2026-08-11 17:06:55.433975] [INFO] [path_server] 노드 업데이트 : [1120] ➜ [1121]
[2026-08-11 17:06:55.493901] [INFO] [path_server] 새로운 경로 설정 : path[1120 ➜ 104] time[0s] dist[10.5m] list[8] : 1120-1121-1122-1123-1179-1180-1181-104
[2026-08-11 17:06:59.106551] [INFO] [path_server] 노드 업데이트 : [1121] ➜ [1122]
[2026-08-11 17:06:59.186470] [INFO] [path_server] 새로운 경로 설정 : path[1121 ➜ 104] time[0s] dist[9m] list[7] : 1121-1122-1123-1179-1180-1181-104
[2026-08-11 17:07:00.463807] [INFO] [path_server] 노드 업데이트 : [1122] ➜ [1123]
[2026-08-11 17:07:00.523705] [INFO] [path_server] 새로운 경로 설정 : path[1122 ➜ 104] time[0s] dist[7.5m] list[6] : 1122-1123-1179-1180-1181-104
[2026-08-11 17:07:01.521613] [INFO] [path_server] 노드 업데이트 : [1123] ➜ [1179]
[2026-08-11 17:07:01.601472] [INFO] [path_server] 새로운 경로 설정 : path[1123 ➜ 104] time[0s] dist[6m] list[5] : 1123-1179-1180-1181-104
[2026-08-11 17:07:04.835009] [INFO] [path_server] 노드 업데이트 : [1179] ➜ [1180]
[2026-08-11 17:07:04.914876] [INFO] [path_server] 새로운 경로 설정 : path[1179 ➜ 104] time[0s] dist[4.5m] list[4] : 1179-1180-1181-104
[2026-08-11 17:07:06.072896] [INFO] [path_server] 노드 업데이트 : [1180] ➜ [1181]
[2026-08-11 17:07:06.132848] [INFO] [path_server] 새로운 경로 설정 : path[1180 ➜ 104] time[0s] dist[3m] list[3] : 1180-1181-104
[2026-08-11 17:07:07.410106] [INFO] [path_server] 노드 업데이트 : [1181] ➜ [104]
[2026-08-11 17:07:07.490027] [INFO] [path_server] 새로운 경로 설정 : path[1181 ➜ 104] time[0s] dist[1.5m] list[2] : 1181-104
[2026-08-11 17:07:12.599877] [INFO] [path_server] 노드 업데이트 : [104] ➜ [-1]
[2026-08-11 17:07:15.534440] [INFO] [path_server] 노드 업데이트 : [104] ➜ [-1]
[2026-08-11 17:07:42.282230] [INFO] [path_server] 경로 삭제
[2026-08-11 17:07:42.322211] [INFO] [path_server] 경로 삭제
[2026-08-11 17:08:25.118598] [INFO] [path_server] 새로운 경로 설정 : path[104 ➜ 1011] time[0s] dist[22.5m] list[16] : 104-1181-1182-1183-1184-1045-1046-1047-1048-1001-1002-1003-1004-1005-1010-1011
[2026-08-11 17:08:32.285090] [INFO] [path_server] 노드 업데이트 : [1181] ➜ [1182]
[2026-08-11 17:08:32.364962] [INFO] [path_server] 새로운 경로 설정 : path[1181 ➜ 1011] time[0s] dist[21m] list[15] : 1181-1182-1183-1184-1045-1046-1047-1048-1001-1002-1003-1004-1005-1010-1011
[2026-08-11 17:08:41.886035] [INFO] [path_server] 노드 업데이트 : [1182] ➜ [1183]
[2026-08-11 17:08:41.965958] [INFO] [path_server] 새로운 경로 설정 : path[1182 ➜ 1011] time[0s] dist[19.5m] list[14] : 1182-1183-1184-1045-1046-1047-1048-1001-1002-1003-1004-1005-1010-1011
[2026-08-11 17:08:43.702483] [INFO] [path_server] 노드 업데이트 : [1183] ➜ [1184]
[2026-08-11 17:08:43.782350] [INFO] [path_server] 새로운 경로 설정 : path[1183 ➜ 1011] time[0s] dist[18m] list[13] : 1183-1184-1045-1046-1047-1048-1001-1002-1003-1004-1005-1010-1011
[2026-08-11 17:08:45.838113] [INFO] [path_server] 노드 업데이트 : [1184] ➜ [1045]
[2026-08-11 17:08:45.918029] [INFO] [path_server] 새로운 경로 설정 : path[1184 ➜ 1011] time[0s] dist[16.5m] list[12] : 1184-1045-1046-1047-1048-1001-1002-1003-1004-1005-1010-1011
[2026-08-11 17:08:47.175404] [INFO] [path_server] 노드 업데이트 : [1045] ➜ [1046]
[2026-08-11 17:08:47.255259] [INFO] [path_server] 새로운 경로 설정 : path[1045 ➜ 1011] time[0s] dist[15m] list[11] : 1045-1046-1047-1048-1001-1002-1003-1004-1005-1010-1011
[2026-08-11 17:08:50.548765] [INFO] [path_server] 노드 업데이트 : [1046] ➜ [1047]
[2026-08-11 17:08:50.628591] [INFO] [path_server] 새로운 경로 설정 : path[1046 ➜ 1011] time[0s] dist[13.5m] list[10] : 1046-1047-1048-1001-1002-1003-1004-1005-1010-1011
[2026-08-11 17:08:51.666826] [INFO] [path_server] 노드 업데이트 : [1047] ➜ [1048]
[2026-08-11 17:08:51.726750] [INFO] [path_server] 새로운 경로 설정 : path[1047 ➜ 1011] time[0s] dist[12m] list[9] : 1047-1048-1001-1002-1003-1004-1005-1010-1011
[2026-08-11 17:08:52.485186] [INFO] [path_server] 노드 업데이트 : [1048] ➜ [1001]
[2026-08-11 17:08:52.565010] [INFO] [path_server] 새로운 경로 설정 : path[1048 ➜ 1011] time[0s] dist[10.5m] list[8] : 1048-1001-1002-1003-1004-1005-1010-1011
[2026-08-11 17:08:53.603084] [INFO] [path_server] 노드 업데이트 : [1001] ➜ [1002]
[2026-08-11 17:08:53.683000] [INFO] [path_server] 새로운 경로 설정 : path[1001 ➜ 1011] time[0s] dist[9m] list[7] : 1001-1002-1003-1004-1005-1010-1011
[2026-08-11 17:08:55.399441] [INFO] [path_server] 노드 업데이트 : [1002] ➜ [1003]
[2026-08-11 17:08:55.479407] [INFO] [path_server] 새로운 경로 설정 : path[1002 ➜ 1011] time[0s] dist[7.5m] list[6] : 1002-1003-1004-1005-1010-1011
[2026-08-11 17:09:00.210032] [INFO] [path_server] 노드 업데이트 : [1003] ➜ [1004]
[2026-08-11 17:09:00.289895] [INFO] [path_server] 새로운 경로 설정 : path[1003 ➜ 1011] time[0s] dist[6m] list[5] : 1003-1004-1005-1010-1011
[2026-08-11 17:09:37.317430] [INFO] [path_server] 노드 업데이트 : [1004] ➜ [1005]
[2026-08-11 17:09:37.397376] [INFO] [path_server] 새로운 경로 설정 : path[1004 ➜ 1011] time[0s] dist[4.5m] list[4] : 1004-1005-1010-1011
[2026-08-11 17:09:38.654922] [INFO] [path_server] 노드 업데이트 : [1005] ➜ [1010]
[2026-08-11 17:09:38.734815] [INFO] [path_server] 새로운 경로 설정 : path[1005 ➜ 1011] time[0s] dist[3m] list[3] : 1005-1010-1011
[2026-08-11 17:09:41.729114] [INFO] [path_server] 노드 업데이트 : [1010] ➜ [1011]
[2026-08-11 17:09:41.808979] [INFO] [path_server] 새로운 경로 설정 : path[1010 ➜ 1011] time[0s] dist[1.5m] list[2] : 1010-1011
[2026-08-11 17:09:45.721085] [INFO] [path_server] 노드 업데이트 : [1011] ➜ [-1]
[2026-08-11 17:09:49.654085] [INFO] [path_server] 노드 업데이트 : [1011] ➜ [-1]
[2026-08-11 17:09:49.733922] [INFO] [path_server] 경로 삭제
[2026-08-11 17:09:54.704678] [INFO] [path_server] 새로운 경로 설정 : path[1011 ➜ 201] time[0s] dist[18m] list[13] : 1011-1004-1005-1010-1017-1063-1064-1018-1158-1159-1160-1161-201
[2026-08-11 17:10:03.467557] [INFO] [path_server] 노드 업데이트 : [1004] ➜ [1005]
[2026-08-11 17:10:03.547451] [INFO] [path_server] 새로운 경로 설정 : path[1004 ➜ 201] time[0s] dist[16.5m] list[12] : 1004-1005-1010-1017-1063-1064-1018-1158-1159-1160-1161-201
[2026-08-11 17:10:06.521427] [INFO] [path_server] 노드 업데이트 : [1005] ➜ [1010]
[2026-08-11 17:10:06.621252] [INFO] [path_server] 새로운 경로 설정 : path[1005 ➜ 201] time[0s] dist[15m] list[11] : 1005-1010-1017-1063-1064-1018-1158-1159-1160-1161-201
[2026-08-11 17:10:09.894674] [INFO] [path_server] 노드 업데이트 : [1010] ➜ [1017]
[2026-08-11 17:10:09.974587] [INFO] [path_server] 새로운 경로 설정 : path[1010 ➜ 201] time[0s] dist[13.5m] list[10] : 1010-1017-1063-1064-1018-1158-1159-1160-1161-201
[2026-08-11 17:10:11.012461] [INFO] [path_server] 노드 업데이트 : [1017] ➜ [1063]
[2026-08-11 17:10:11.072375] [INFO] [path_server] 새로운 경로 설정 : path[1017 ➜ 201] time[0s] dist[12m] list[9] : 1017-1063-1064-1018-1158-1159-1160-1161-201
[2026-08-11 17:10:11.850794] [INFO] [path_server] 노드 업데이트 : [1063] ➜ [1064]
[2026-08-11 17:10:11.910699] [INFO] [path_server] 새로운 경로 설정 : path[1063 ➜ 201] time[0s] dist[10.5m] list[8] : 1063-1064-1018-1158-1159-1160-1161-201
[2026-08-11 17:10:13.148153] [INFO] [path_server] 노드 업데이트 : [1064] ➜ [1018]
[2026-08-11 17:10:13.228007] [INFO] [path_server] 새로운 경로 설정 : path[1064 ➜ 201] time[0s] dist[9m] list[7] : 1064-1018-1158-1159-1160-1161-201
[2026-08-11 17:10:16.481503] [INFO] [path_server] 노드 업데이트 : [1018] ➜ [1158]
[2026-08-11 17:10:16.561425] [INFO] [path_server] 새로운 경로 설정 : path[1018 ➜ 201] time[0s] dist[7.5m] list[6] : 1018-1158-1159-1160-1161-201
[2026-08-11 17:10:17.619267] [INFO] [path_server] 노드 업데이트 : [1158] ➜ [1159]
[2026-08-11 17:10:17.699173] [INFO] [path_server] 새로운 경로 설정 : path[1158 ➜ 201] time[0s] dist[6m] list[5] : 1158-1159-1160-1161-201
[2026-08-11 17:10:18.437611] [INFO] [path_server] 노드 업데이트 : [1159] ➜ [1160]
[2026-08-11 17:10:18.497506] [INFO] [path_server] 새로운 경로 설정 : path[1159 ➜ 201] time[0s] dist[4.5m] list[4] : 1159-1160-1161-201
[2026-08-11 17:10:19.196034] [INFO] [path_server] 노드 업데이트 : [1160] ➜ [1161]
[2026-08-11 17:10:19.275884] [INFO] [path_server] 새로운 경로 설정 : path[1160 ➜ 201] time[0s] dist[3m] list[3] : 1160-1161-201
[2026-08-11 17:10:20.513533] [INFO] [path_server] 노드 업데이트 : [1161] ➜ [201]
[2026-08-11 17:10:20.573439] [INFO] [path_server] 새로운 경로 설정 : path[1161 ➜ 201] time[0s] dist[1.5m] list[2] : 1161-201
[2026-08-11 17:10:25.723107] [INFO] [path_server] 노드 업데이트 : [201] ➜ [-1]
[2026-08-11 17:10:28.657146] [INFO] [path_server] 노드 업데이트 : [201] ➜ [-1]
[2026-08-11 17:10:28.717035] [INFO] [path_server] 경로 삭제
[2026-08-11 17:10:44.107088] [INFO] [path_server] 새로운 경로 설정 : path[201 ➜ 108] time[0s] dist[48m] list[33] : 201-1161-1162-1163-1164-1165-1166-1109-1110-1111-1112-1113-1043-1044-1045-1046-1047-1048-1001-1002-1003-1004-1005-1006-1021-1022-1007-1167-1168-1169-1170-1171-108
[2026-08-11 17:10:48.997365] [INFO] [path_server] 노드 업데이트 : [1161] ➜ [1162]
[2026-08-11 17:10:49.077307] [INFO] [path_server] 새로운 경로 설정 : path[1161 ➜ 108] time[0s] dist[46.5m] list[32] : 1161-1162-1163-1164-1165-1166-1109-1110-1111-1112-1113-1043-1044-1045-1046-1047-1048-1001-1002-1003-1004-1005-1006-1021-1022-1007-1167-1168-1169-1170-1171-108
[2026-08-11 17:10:52.630081] [INFO] [path_server] 노드 업데이트 : [1162] ➜ [1163]
[2026-08-11 17:10:52.689961] [INFO] [path_server] 새로운 경로 설정 : path[1162 ➜ 108] time[0s] dist[45m] list[31] : 1162-1163-1164-1165-1166-1109-1110-1111-1112-1113-1043-1044-1045-1046-1047-1048-1001-1002-1003-1004-1005-1006-1021-1022-1007-1167-1168-1169-1170-1171-108
[2026-08-11 17:10:53.747759] [INFO] [path_server] 노드 업데이트 : [1163] ➜ [1164]
[2026-08-11 17:10:53.827633] [INFO] [path_server] 새로운 경로 설정 : path[1163 ➜ 108] time[0s] dist[43.5m] list[30] : 1163-1164-1165-1166-1109-1110-1111-1112-1113-1043-1044-1045-1046-1047-1048-1001-1002-1003-1004-1005-1006-1021-1022-1007-1167-1168-1169-1170-1171-108
[2026-08-11 17:10:54.566090] [INFO] [path_server] 노드 업데이트 : [1164] ➜ [1165]
[2026-08-11 17:10:54.646024] [INFO] [path_server] 새로운 경로 설정 : path[1164 ➜ 108] time[0s] dist[42m] list[29] : 1164-1165-1166-1109-1110-1111-1112-1113-1043-1044-1045-1046-1047-1048-1001-1002-1003-1004-1005-1006-1021-1022-1007-1167-1168-1169-1170-1171-108
[2026-08-11 17:10:55.324574] [INFO] [path_server] 노드 업데이트 : [1165] ➜ [1166]
[2026-08-11 17:10:55.384646] [INFO] [path_server] 새로운 경로 설정 : path[1165 ➜ 108] time[0s] dist[40.5m] list[28] : 1165-1166-1109-1110-1111-1112-1113-1043-1044-1045-1046-1047-1048-1001-1002-1003-1004-1005-1006-1021-1022-1007-1167-1168-1169-1170-1171-108
[2026-08-11 17:10:56.083174] [INFO] [path_server] 노드 업데이트 : [1166] ➜ [1109]
[2026-08-11 17:10:56.143065] [INFO] [path_server] 새로운 경로 설정 : path[1166 ➜ 108] time[0s] dist[39m] list[27] : 1166-1109-1110-1111-1112-1113-1043-1044-1045-1046-1047-1048-1001-1002-1003-1004-1005-1006-1021-1022-1007-1167-1168-1169-1170-1171-108
[2026-08-11 17:10:56.921586] [INFO] [path_server] 노드 업데이트 : [1109] ➜ [1110]
[2026-08-11 17:10:56.981537] [INFO] [path_server] 새로운 경로 설정 : path[1109 ➜ 108] time[0s] dist[37.5m] list[26] : 1109-1110-1111-1112-1113-1043-1044-1045-1046-1047-1048-1001-1002-1003-1004-1005-1006-1021-1022-1007-1167-1168-1169-1170-1171-108
[2026-08-11 17:11:00.574982] [INFO] [path_server] 노드 업데이트 : [1110] ➜ [1111]
[2026-08-11 17:11:00.634904] [INFO] [path_server] 새로운 경로 설정 : path[1110 ➜ 108] time[0s] dist[36m] list[25] : 1110-1111-1112-1113-1043-1044-1045-1046-1047-1048-1001-1002-1003-1004-1005-1006-1021-1022-1007-1167-1168-1169-1170-1171-108
[2026-08-11 17:11:01.932285] [INFO] [path_server] 노드 업데이트 : [1111] ➜ [1112]
[2026-08-11 17:11:02.012264] [INFO] [path_server] 새로운 경로 설정 : path[1111 ➜ 108] time[0s] dist[34.5m] list[24] : 1111-1112-1113-1043-1044-1045-1046-1047-1048-1001-1002-1003-1004-1005-1006-1021-1022-1007-1167-1168-1169-1170-1171-108
[2026-08-11 17:11:02.830598] [INFO] [path_server] 노드 업데이트 : [1112] ➜ [1113]
[2026-08-11 17:11:02.910462] [INFO] [path_server] 새로운 경로 설정 : path[1112 ➜ 108] time[0s] dist[33m] list[23] : 1112-1113-1043-1044-1045-1046-1047-1048-1001-1002-1003-1004-1005-1006-1021-1022-1007-1167-1168-1169-1170-1171-108
[2026-08-11 17:11:04.148167] [INFO] [path_server] 노드 업데이트 : [1113] ➜ [1043]
[2026-08-11 17:11:04.228032] [INFO] [path_server] 새로운 경로 설정 : path[1113 ➜ 108] time[0s] dist[31.5m] list[22] : 1113-1043-1044-1045-1046-1047-1048-1001-1002-1003-1004-1005-1006-1021-1022-1007-1167-1168-1169-1170-1171-108
[2026-08-11 17:11:07.481626] [INFO] [path_server] 노드 업데이트 : [1043] ➜ [1044]
[2026-08-11 17:11:07.561568] [INFO] [path_server] 새로운 경로 설정 : path[1043 ➜ 108] time[0s] dist[30m] list[21] : 1043-1044-1045-1046-1047-1048-1001-1002-1003-1004-1005-1006-1021-1022-1007-1167-1168-1169-1170-1171-108
[2026-08-11 17:11:08.619366] [INFO] [path_server] 노드 업데이트 : [1044] ➜ [1045]
[2026-08-11 17:11:08.699304] [INFO] [path_server] 새로운 경로 설정 : path[1044 ➜ 108] time[0s] dist[28.5m] list[20] : 1044-1045-1046-1047-1048-1001-1002-1003-1004-1005-1006-1021-1022-1007-1167-1168-1169-1170-1171-108
[2026-08-11 17:11:09.437788] [INFO] [path_server] 노드 업데이트 : [1045] ➜ [1046]
[2026-08-11 17:11:09.517639] [INFO] [path_server] 새로운 경로 설정 : path[1045 ➜ 108] time[0s] dist[27m] list[19] : 1045-1046-1047-1048-1001-1002-1003-1004-1005-1006-1021-1022-1007-1167-1168-1169-1170-1171-108
[2026-08-11 17:11:10.196378] [INFO] [path_server] 노드 업데이트 : [1046] ➜ [1047]
[2026-08-11 17:11:10.296265] [INFO] [path_server] 새로운 경로 설정 : path[1046 ➜ 108] time[0s] dist[25.5m] list[18] : 1046-1047-1048-1001-1002-1003-1004-1005-1006-1021-1022-1007-1167-1168-1169-1170-1171-108
[2026-08-11 17:11:10.954986] [INFO] [path_server] 노드 업데이트 : [1047] ➜ [1048]
[2026-08-11 17:11:11.034843] [INFO] [path_server] 새로운 경로 설정 : path[1047 ➜ 108] time[0s] dist[24m] list[17] : 1047-1048-1001-1002-1003-1004-1005-1006-1021-1022-1007-1167-1168-1169-1170-1171-108
[2026-08-11 17:11:11.693583] [INFO] [path_server] 노드 업데이트 : [1048] ➜ [1001]
[2026-08-11 17:11:11.753504] [INFO] [path_server] 새로운 경로 설정 : path[1048 ➜ 108] time[0s] dist[22.5m] list[16] : 1048-1001-1002-1003-1004-1005-1006-1021-1022-1007-1167-1168-1169-1170-1171-108
[2026-08-11 17:11:12.452188] [INFO] [path_server] 노드 업데이트 : [1001] ➜ [1002]
[2026-08-11 17:11:12.532051] [INFO] [path_server] 새로운 경로 설정 : path[1001 ➜ 108] time[0s] dist[21m] list[15] : 1001-1002-1003-1004-1005-1006-1021-1022-1007-1167-1168-1169-1170-1171-108
[2026-08-11 17:11:13.190756] [INFO] [path_server] 노드 업데이트 : [1002] ➜ [1003]
[2026-08-11 17:11:13.250663] [INFO] [path_server] 새로운 경로 설정 : path[1002 ➜ 108] time[0s] dist[19.5m] list[14] : 1002-1003-1004-1005-1006-1021-1022-1007-1167-1168-1169-1170-1171-108
[2026-08-11 17:11:13.949286] [INFO] [path_server] 노드 업데이트 : [1003] ➜ [1004]
[2026-08-11 17:11:14.029215] [INFO] [path_server] 새로운 경로 설정 : path[1003 ➜ 108] time[0s] dist[18m] list[13] : 1003-1004-1005-1006-1021-1022-1007-1167-1168-1169-1170-1171-108
[2026-08-11 17:11:14.687953] [INFO] [path_server] 노드 업데이트 : [1004] ➜ [1005]
[2026-08-11 17:11:14.747848] [INFO] [path_server] 새로운 경로 설정 : path[1004 ➜ 108] time[0s] dist[16.5m] list[12] : 1004-1005-1006-1021-1022-1007-1167-1168-1169-1170-1171-108
[2026-08-11 17:11:15.446576] [INFO] [path_server] 노드 업데이트 : [1005] ➜ [1006]
[2026-08-11 17:11:15.526416] [INFO] [path_server] 새로운 경로 설정 : path[1005 ➜ 108] time[0s] dist[15m] list[11] : 1005-1006-1021-1022-1007-1167-1168-1169-1170-1171-108
[2026-08-11 17:11:16.205160] [INFO] [path_server] 노드 업데이트 : [1006] ➜ [1021]
[2026-08-11 17:11:16.285110] [INFO] [path_server] 새로운 경로 설정 : path[1006 ➜ 108] time[0s] dist[13.5m] list[10] : 1006-1021-1022-1007-1167-1168-1169-1170-1171-108
[2026-08-11 17:11:16.943845] [INFO] [path_server] 노드 업데이트 : [1021] ➜ [1022]
[2026-08-11 17:11:17.023688] [INFO] [path_server] 새로운 경로 설정 : path[1021 ➜ 108] time[0s] dist[12m] list[9] : 1021-1022-1007-1167-1168-1169-1170-1171-108
[2026-08-11 17:11:18.261310] [INFO] [path_server] 노드 업데이트 : [1022] ➜ [1007]
[2026-08-11 17:11:18.341183] [INFO] [path_server] 새로운 경로 설정 : path[1022 ➜ 108] time[0s] dist[10.5m] list[8] : 1022-1007-1167-1168-1169-1170-1171-108
[2026-08-11 17:11:21.615267] [INFO] [path_server] 노드 업데이트 : [1007] ➜ [1167]
[2026-08-11 17:11:21.695125] [INFO] [path_server] 새로운 경로 설정 : path[1007 ➜ 108] time[0s] dist[9m] list[7] : 1007-1167-1168-1169-1170-1171-108
[2026-08-11 17:11:23.471451] [INFO] [path_server] 노드 업데이트 : [1167] ➜ [1168]
[2026-08-11 17:11:23.551322] [INFO] [path_server] 새로운 경로 설정 : path[1167 ➜ 108] time[0s] dist[7.5m] list[6] : 1167-1168-1169-1170-1171-108
[2026-08-11 17:11:25.747549] [INFO] [path_server] 새로운 경로 설정 : path[-1 ➜ -1] time[0s] dist[0m] list[0] : 
[2026-08-11 17:11:30.817110] [INFO] [path_server] 새로운 경로 설정 : path[1167 ➜ 108] time[0s] dist[7.5m] list[6] : 1167-1168-1169-1170-1171-108
[2026-08-11 17:11:32.573998] [INFO] [path_server] 노드 업데이트 : [1168] ➜ [1169]
[2026-08-11 17:11:32.633911] [INFO] [path_server] 새로운 경로 설정 : path[1168 ➜ 108] time[0s] dist[6m] list[5] : 1168-1169-1170-1171-108
[2026-08-11 17:11:33.831459] [INFO] [path_server] 노드 업데이트 : [1169] ➜ [1170]
[2026-08-11 17:11:33.911362] [INFO] [path_server] 새로운 경로 설정 : path[1169 ➜ 108] time[0s] dist[4.5m] list[4] : 1169-1170-1171-108
[2026-08-11 17:11:34.709635] [INFO] [path_server] 노드 업데이트 : [1170] ➜ [1171]
[2026-08-11 17:11:34.769546] [INFO] [path_server] 새로운 경로 설정 : path[1170 ➜ 108] time[0s] dist[3m] list[3] : 1170-1171-108
[2026-08-11 17:11:36.106729] [INFO] [path_server] 노드 업데이트 : [1171] ➜ [108]
[2026-08-11 17:11:36.186640] [INFO] [path_server] 새로운 경로 설정 : path[1171 ➜ 108] time[0s] dist[1.5m] list[2] : 1171-108
[2026-08-11 17:11:41.655545] [INFO] [path_server] 노드 업데이트 : [108] ➜ [-1]
[2026-08-11 17:11:44.589523] [INFO] [path_server] 노드 업데이트 : [108] ➜ [-1]
[2026-08-11 17:12:20.500495] [INFO] [path_server] 경로 삭제
[2026-08-11 17:12:20.520452] [INFO] [path_server] 경로 삭제
[2026-08-11 17:24:37.860697] [INFO] [path_server] 생성
[2026-08-11 17:24:37.860722] [INFO] [path_server] 경로 삭제
[2026-08-11 17:24:37.862537] [ERROR] [path_server] 노드 초기화 실패 : 로봇 좌표[5.503m 3.998m -179.413°] 최단 거리 노드[1136] 거리(3.001908m)
[2026-08-11 17:27:18.544252] [INFO] [path_server] 생성
[2026-08-11 17:27:18.544301] [INFO] [path_server] 경로 삭제
[2026-08-11 17:27:18.546306] [ERROR] [path_server] 노드 초기화 실패 : 로봇 좌표[5.503m 3.998m -179.413°] 최단 거리 노드[1136] 거리(3.001908m)
[2026-08-11 17:27:55.458558] [INFO] [path_server] 생성
[2026-08-11 17:27:55.458594] [INFO] [path_server] 경로 삭제
[2026-08-11 17:27:55.460117] [INFO] [path_server] 노드 초기화 성공 : 로봇 좌표[9.489m 18.997m 90.045°] 최단 거리 노드[104] 거리(0.011735m)
[2026-08-11 17:28:21.531452] [INFO] [path_server] 새로운 경로 설정 : path[104 ➜ 5] time[0s] dist[39.3079m] list[23] : 104-1071-1072-1073-1074-1075-1076-1077-1078-1390-1391-1001-1002-1003-1004-1005-1006-1007-1008-1010-1012-1026-5
[2026-08-11 17:28:25.404155] [INFO] [path_server] 노드 업데이트 : [1071] ➜ [1072]
[2026-08-11 17:28:25.484057] [INFO] [path_server] 새로운 경로 설정 : path[1071 ➜ 5] time[0s] dist[37.8079m] list[22] : 1071-1072-1073-1074-1075-1076-1077-1078-1390-1391-1001-1002-1003-1004-1005-1006-1007-1008-1010-1012-1026-5
[2026-08-11 17:28:28.977029] [INFO] [path_server] 노드 업데이트 : [1072] ➜ [1073]
[2026-08-11 17:28:29.056968] [INFO] [path_server] 새로운 경로 설정 : path[1072 ➜ 5] time[0s] dist[36.3079m] list[21] : 1072-1073-1074-1075-1076-1077-1078-1390-1391-1001-1002-1003-1004-1005-1006-1007-1008-1010-1012-1026-5
[2026-08-11 17:28:30.115172] [INFO] [path_server] 노드 업데이트 : [1073] ➜ [1074]
[2026-08-11 17:28:30.195082] [INFO] [path_server] 새로운 경로 설정 : path[1073 ➜ 5] time[0s] dist[34.8079m] list[20] : 1073-1074-1075-1076-1077-1078-1390-1391-1001-1002-1003-1004-1005-1006-1007-1008-1010-1012-1026-5
[2026-08-11 17:28:30.933607] [INFO] [path_server] 노드 업데이트 : [1074] ➜ [1075]
[2026-08-11 17:28:30.993552] [INFO] [path_server] 새로운 경로 설정 : path[1074 ➜ 5] time[0s] dist[33.3079m] list[19] : 1074-1075-1076-1077-1078-1390-1391-1001-1002-1003-1004-1005-1006-1007-1008-1010-1012-1026-5
[2026-08-11 17:28:31.692179] [INFO] [path_server] 노드 업데이트 : [1075] ➜ [1076]
[2026-08-11 17:28:31.772102] [INFO] [path_server] 새로운 경로 설정 : path[1075 ➜ 5] time[0s] dist[31.8079m] list[18] : 1075-1076-1077-1078-1390-1391-1001-1002-1003-1004-1005-1006-1007-1008-1010-1012-1026-5
[2026-08-11 17:28:33.089569] [INFO] [path_server] 노드 업데이트 : [1076] ➜ [1077]
[2026-08-11 17:28:33.169500] [INFO] [path_server] 새로운 경로 설정 : path[1076 ➜ 5] time[0s] dist[30.3079m] list[17] : 1076-1077-1078-1390-1391-1001-1002-1003-1004-1005-1006-1007-1008-1010-1012-1026-5
[2026-08-11 17:28:36.603401] [INFO] [path_server] 노드 업데이트 : [1077] ➜ [1078]
[2026-08-11 17:28:36.663310] [INFO] [path_server] 새로운 경로 설정 : path[1077 ➜ 5] time[0s] dist[28.8079m] list[16] : 1077-1078-1390-1391-1001-1002-1003-1004-1005-1006-1007-1008-1010-1012-1026-5
[2026-08-11 17:28:37.701581] [INFO] [path_server] 노드 업데이트 : [1078] ➜ [1390]
[2026-08-11 17:28:37.781504] [INFO] [path_server] 새로운 경로 설정 : path[1078 ➜ 5] time[0s] dist[27.3079m] list[15] : 1078-1390-1391-1001-1002-1003-1004-1005-1006-1007-1008-1010-1012-1026-5
[2026-08-11 17:28:38.520069] [INFO] [path_server] 노드 업데이트 : [1390] ➜ [1391]
[2026-08-11 17:28:38.579979] [INFO] [path_server] 새로운 경로 설정 : path[1390 ➜ 5] time[0s] dist[25.8079m] list[14] : 1390-1391-1001-1002-1003-1004-1005-1006-1007-1008-1010-1012-1026-5
[2026-08-11 17:28:39.278523] [INFO] [path_server] 노드 업데이트 : [1391] ➜ [1001]
[2026-08-11 17:28:39.358947] [INFO] [path_server] 새로운 경로 설정 : path[1391 ➜ 5] time[0s] dist[24.3079m] list[13] : 1391-1001-1002-1003-1004-1005-1006-1007-1008-1010-1012-1026-5
[2026-08-11 17:28:40.676346] [INFO] [path_server] 노드 업데이트 : [1001] ➜ [1002]
[2026-08-11 17:28:40.736261] [INFO] [path_server] 새로운 경로 설정 : path[1001 ➜ 5] time[0s] dist[22.8079m] list[12] : 1001-1002-1003-1004-1005-1006-1007-1008-1010-1012-1026-5
[2026-08-11 17:28:44.149409] [INFO] [path_server] 노드 업데이트 : [1002] ➜ [1003]
[2026-08-11 17:28:44.229353] [INFO] [path_server] 새로운 경로 설정 : path[1002 ➜ 5] time[0s] dist[21.3079m] list[11] : 1002-1003-1004-1005-1006-1007-1008-1010-1012-1026-5
[2026-08-11 17:28:45.247253] [INFO] [path_server] 노드 업데이트 : [1003] ➜ [1004]
[2026-08-11 17:28:45.327110] [INFO] [path_server] 새로운 경로 설정 : path[1003 ➜ 5] time[0s] dist[19.8079m] list[10] : 1003-1004-1005-1006-1007-1008-1010-1012-1026-5
[2026-08-11 17:28:46.065563] [INFO] [path_server] 노드 업데이트 : [1004] ➜ [1005]
[2026-08-11 17:28:46.145483] [INFO] [path_server] 새로운 경로 설정 : path[1004 ➜ 5] time[0s] dist[18.3079m] list[9] : 1004-1005-1006-1007-1008-1010-1012-1026-5
[2026-08-11 17:28:46.824128] [INFO] [path_server] 노드 업데이트 : [1005] ➜ [1006]
[2026-08-11 17:28:46.884010] [INFO] [path_server] 새로운 경로 설정 : path[1005 ➜ 5] time[0s] dist[16.8079m] list[8] : 1005-1006-1007-1008-1010-1012-1026-5
[2026-08-11 17:28:47.582614] [INFO] [path_server] 노드 업데이트 : [1006] ➜ [1007]
[2026-08-11 17:28:47.662474] [INFO] [path_server] 새로운 경로 설정 : path[1006 ➜ 5] time[0s] dist[15.3079m] list[7] : 1006-1007-1008-1010-1012-1026-5
[2026-08-11 17:28:48.321263] [INFO] [path_server] 노드 업데이트 : [1007] ➜ [1008]
[2026-08-11 17:28:48.381224] [INFO] [path_server] 새로운 경로 설정 : path[1007 ➜ 5] time[0s] dist[13.8079m] list[6] : 1007-1008-1010-1012-1026-5
[2026-08-11 17:28:49.079752] [INFO] [path_server] 노드 업데이트 : [1008] ➜ [1010]
[2026-08-11 17:28:49.159613] [INFO] [path_server] 새로운 경로 설정 : path[1008 ➜ 5] time[0s] dist[12.3079m] list[5] : 1008-1010-1012-1026-5
[2026-08-11 17:28:49.918152] [INFO] [path_server] 노드 업데이트 : [1010] ➜ [1012]
[2026-08-11 17:28:49.997968] [INFO] [path_server] 새로운 경로 설정 : path[1010 ➜ 5] time[0s] dist[10.8079m] list[4] : 1010-1012-1026-5
[2026-08-11 17:28:56.326413] [INFO] [path_server] 노드 업데이트 : [1012] ➜ [1026]
[2026-08-11 17:28:56.406286] [INFO] [path_server] 새로운 경로 설정 : path[1012 ➜ 5] time[0s] dist[7m] list[3] : 1012-1026-5
[2026-08-11 17:29:03.873169] [INFO] [path_server] 노드 업데이트 : [1026] ➜ [5]
[2026-08-11 17:29:03.933074] [INFO] [path_server] 새로운 경로 설정 : path[1026 ➜ 5] time[0s] dist[1.5m] list[2] : 1026-5
[2026-08-11 17:29:06.109056] [INFO] [path_server] 노드 업데이트 : [5] ➜ [-1]
[2026-08-11 17:29:09.283260] [INFO] [path_server] 노드 업데이트 : [5] ➜ [-1]
[2026-08-11 17:29:11.459267] [INFO] [path_server] 새로운 경로 설정 : path[5 ➜ 11] time[0s] dist[85.94m] list[50] : 5-1032-1046-1129-1049-1050-1051-1052-1198-1199-1053-1054-1055-1056-1057-1058-1059-1060-1061-1062-1063-1064-1065-40-1067-1068-1069-1070-1071-1072-1073-1074-1075-1076-1077-1078-1390-1391-1001-1002-1003-1004-1005-1006-1007-1008-1010-1018-1038-11
[2026-08-11 17:29:13.635208] [INFO] [path_server] 노드 업데이트 : [1032] ➜ [1046]
[2026-08-11 17:29:13.715193] [INFO] [path_server] 새로운 경로 설정 : path[1032 ➜ 11] time[0s] dist[83.94m] list[49] : 1032-1046-1129-1049-1050-1051-1052-1198-1199-1053-1054-1055-1056-1057-1058-1059-1060-1061-1062-1063-1064-1065-40-1067-1068-1069-1070-1071-1072-1073-1074-1075-1076-1077-1078-1390-1391-1001-1002-1003-1004-1005-1006-1007-1008-1010-1018-1038-11
[2026-08-11 17:29:20.022929] [INFO] [path_server] 노드 업데이트 : [1046] ➜ [1129]
[2026-08-11 17:29:20.082878] [INFO] [path_server] 새로운 경로 설정 : path[1046 ➜ 11] time[0s] dist[79.6388m] list[48] : 1046-1129-1049-1050-1051-1052-1198-1199-1053-1054-1055-1056-1057-1058-1059-1060-1061-1062-1063-1064-1065-40-1067-1068-1069-1070-1071-1072-1073-1074-1075-1076-1077-1078-1390-1391-1001-1002-1003-1004-1005-1006-1007-1008-1010-1018-1038-11
[2026-08-11 17:29:24.773990] [INFO] [path_server] 노드 업데이트 : [1129] ➜ [1049]
[2026-08-11 17:29:24.853849] [INFO] [path_server] 새로운 경로 설정 : path[1129 ➜ 11] time[0s] dist[76.7234m] list[47] : 1129-1049-1050-1051-1052-1198-1199-1053-1054-1055-1056-1057-1058-1059-1060-1061-1062-1063-1064-1065-40-1067-1068-1069-1070-1071-1072-1073-1074-1075-1076-1077-1078-1390-1391-1001-1002-1003-1004-1005-1006-1007-1008-1010-1018-1038-11
[2026-08-11 17:29:26.790468] [INFO] [path_server] 노드 업데이트 : [1049] ➜ [1050]
[2026-08-11 17:29:26.870452] [INFO] [path_server] 새로운 경로 설정 : path[1049 ➜ 11] time[0s] dist[73.8079m] list[46] : 1049-1050-1051-1052-1198-1199-1053-1054-1055-1056-1057-1058-1059-1060-1061-1062-1063-1064-1065-40-1067-1068-1069-1070-1071-1072-1073-1074-1075-1076-1077-1078-1390-1391-1001-1002-1003-1004-1005-1006-1007-1008-1010-1018-1038-11
[2026-08-11 17:29:31.920702] [INFO] [path_server] 노드 업데이트 : [1050] ➜ [1051]
[2026-08-11 17:29:31.980620] [INFO] [path_server] 새로운 경로 설정 : path[1050 ➜ 11] time[0s] dist[71.3079m] list[45] : 1050-1051-1052-1198-1199-1053-1054-1055-1056-1057-1058-1059-1060-1061-1062-1063-1064-1065-40-1067-1068-1069-1070-1071-1072-1073-1074-1075-1076-1077-1078-1390-1391-1001-1002-1003-1004-1005-1006-1007-1008-1010-1018-1038-11
[2026-08-11 17:29:32.918677] [INFO] [path_server] 노드 업데이트 : [1051] ➜ [1052]
[2026-08-11 17:29:32.998588] [INFO] [path_server] 새로운 경로 설정 : path[1051 ➜ 11] time[0s] dist[69.8079m] list[44] : 1051-1052-1198-1199-1053-1054-1055-1056-1057-1058-1059-1060-1061-1062-1063-1064-1065-40-1067-1068-1069-1070-1071-1072-1073-1074-1075-1076-1077-1078-1390-1391-1001-1002-1003-1004-1005-1006-1007-1008-1010-1018-1038-11
[2026-08-11 17:29:33.697579] [INFO] [path_server] 노드 업데이트 : [1052] ➜ [1198]
[2026-08-11 17:29:33.777445] [INFO] [path_server] 새로운 경로 설정 : path[1052 ➜ 11] time[0s] dist[68.3079m] list[43] : 1052-1198-1199-1053-1054-1055-1056-1057-1058-1059-1060-1061-1062-1063-1064-1065-40-1067-1068-1069-1070-1071-1072-1073-1074-1075-1076-1077-1078-1390-1391-1001-1002-1003-1004-1005-1006-1007-1008-1010-1018-1038-11
[2026-08-11 17:29:35.095021] [INFO] [path_server] 노드 업데이트 : [1198] ➜ [1199]
[2026-08-11 17:29:35.174894] [INFO] [path_server] 새로운 경로 설정 : path[1198 ➜ 11] time[0s] dist[66.8079m] list[42] : 1198-1199-1053-1054-1055-1056-1057-1058-1059-1060-1061-1062-1063-1064-1065-40-1067-1068-1069-1070-1071-1072-1073-1074-1075-1076-1077-1078-1390-1391-1001-1002-1003-1004-1005-1006-1007-1008-1010-1018-1038-11
[2026-08-11 17:29:38.588342] [INFO] [path_server] 노드 업데이트 : [1199] ➜ [1053]
[2026-08-11 17:29:38.668257] [INFO] [path_server] 새로운 경로 설정 : path[1199 ➜ 11] time[0s] dist[65.3079m] list[41] : 1199-1053-1054-1055-1056-1057-1058-1059-1060-1061-1062-1063-1064-1065-40-1067-1068-1069-1070-1071-1072-1073-1074-1075-1076-1077-1078-1390-1391-1001-1002-1003-1004-1005-1006-1007-1008-1010-1018-1038-11
[2026-08-11 17:29:39.706142] [INFO] [path_server] 노드 업데이트 : [1053] ➜ [1054]
[2026-08-11 17:29:39.786098] [INFO] [path_server] 새로운 경로 설정 : path[1053 ➜ 11] time[0s] dist[63.8079m] list[40] : 1053-1054-1055-1056-1057-1058-1059-1060-1061-1062-1063-1064-1065-40-1067-1068-1069-1070-1071-1072-1073-1074-1075-1076-1077-1078-1390-1391-1001-1002-1003-1004-1005-1006-1007-1008-1010-1018-1038-11
[2026-08-11 17:29:40.524550] [INFO] [path_server] 노드 업데이트 : [1054] ➜ [1055]
[2026-08-11 17:29:40.584479] [INFO] [path_server] 새로운 경로 설정 : path[1054 ➜ 11] time[0s] dist[62.3079m] list[39] : 1054-1055-1056-1057-1058-1059-1060-1061-1062-1063-1064-1065-40-1067-1068-1069-1070-1071-1072-1073-1074-1075-1076-1077-1078-1390-1391-1001-1002-1003-1004-1005-1006-1007-1008-1010-1018-1038-11
[2026-08-11 17:29:41.283190] [INFO] [path_server] 노드 업데이트 : [1055] ➜ [1056]
[2026-08-11 17:29:41.363116] [INFO] [path_server] 새로운 경로 설정 : path[1055 ➜ 11] time[0s] dist[60.8079m] list[38] : 1055-1056-1057-1058-1059-1060-1061-1062-1063-1064-1065-40-1067-1068-1069-1070-1071-1072-1073-1074-1075-1076-1077-1078-1390-1391-1001-1002-1003-1004-1005-1006-1007-1008-1010-1018-1038-11
[2026-08-11 17:29:42.500774] [INFO] [path_server] 노드 업데이트 : [1056] ➜ [1057]
[2026-08-11 17:29:42.560696] [INFO] [path_server] 새로운 경로 설정 : path[1056 ➜ 11] time[0s] dist[59.3079m] list[37] : 1056-1057-1058-1059-1060-1061-1062-1063-1064-1065-40-1067-1068-1069-1070-1071-1072-1073-1074-1075-1076-1077-1078-1390-1391-1001-1002-1003-1004-1005-1006-1007-1008-1010-1018-1038-11
[2026-08-11 17:29:45.774341] [INFO] [path_server] 노드 업데이트 : [1057] ➜ [1058]
[2026-08-11 17:29:45.854239] [INFO] [path_server] 새로운 경로 설정 : path[1057 ➜ 11] time[0s] dist[57.8079m] list[36] : 1057-1058-1059-1060-1061-1062-1063-1064-1065-40-1067-1068-1069-1070-1071-1072-1073-1074-1075-1076-1077-1078-1390-1391-1001-1002-1003-1004-1005-1006-1007-1008-1010-1018-1038-11
[2026-08-11 17:29:46.952277] [INFO] [path_server] 노드 업데이트 : [1058] ➜ [1059]
[2026-08-11 17:29:47.032209] [INFO] [path_server] 새로운 경로 설정 : path[1058 ➜ 11] time[0s] dist[56.3079m] list[35] : 1058-1059-1060-1061-1062-1063-1064-1065-40-1067-1068-1069-1070-1071-1072-1073-1074-1075-1076-1077-1078-1390-1391-1001-1002-1003-1004-1005-1006-1007-1008-1010-1018-1038-11
[2026-08-11 17:29:47.790631] [INFO] [path_server] 노드 업데이트 : [1059] ➜ [1060]
[2026-08-11 17:29:47.870548] [INFO] [path_server] 새로운 경로 설정 : path[1059 ➜ 11] time[0s] dist[54.8079m] list[34] : 1059-1060-1061-1062-1063-1064-1065-40-1067-1068-1069-1070-1071-1072-1073-1074-1075-1076-1077-1078-1390-1391-1001-1002-1003-1004-1005-1006-1007-1008-1010-1018-1038-11
[2026-08-11 17:29:48.529154] [INFO] [path_server] 노드 업데이트 : [1060] ➜ [1061]
[2026-08-11 17:29:48.589077] [INFO] [path_server] 새로운 경로 설정 : path[1060 ➜ 11] time[0s] dist[53.3079m] list[33] : 1060-1061-1062-1063-1064-1065-40-1067-1068-1069-1070-1071-1072-1073-1074-1075-1076-1077-1078-1390-1391-1001-1002-1003-1004-1005-1006-1007-1008-1010-1018-1038-11
[2026-08-11 17:29:49.287718] [INFO] [path_server] 노드 업데이트 : [1061] ➜ [1062]
[2026-08-11 17:29:49.367612] [INFO] [path_server] 새로운 경로 설정 : path[1061 ➜ 11] time[0s] dist[51.8079m] list[32] : 1061-1062-1063-1064-1065-40-1067-1068-1069-1070-1071-1072-1073-1074-1075-1076-1077-1078-1390-1391-1001-1002-1003-1004-1005-1006-1007-1008-1010-1018-1038-11
[2026-08-11 17:29:50.046160] [INFO] [path_server] 노드 업데이트 : [1062] ➜ [1063]
[2026-08-11 17:29:50.126107] [INFO] [path_server] 새로운 경로 설정 : path[1062 ➜ 11] time[0s] dist[50.3079m] list[31] : 1062-1063-1064-1065-40-1067-1068-1069-1070-1071-1072-1073-1074-1075-1076-1077-1078-1390-1391-1001-1002-1003-1004-1005-1006-1007-1008-1010-1018-1038-11
[2026-08-11 17:29:50.784742] [INFO] [path_server] 노드 업데이트 : [1063] ➜ [1064]
[2026-08-11 17:29:50.864619] [INFO] [path_server] 새로운 경로 설정 : path[1063 ➜ 11] time[0s] dist[48.8079m] list[30] : 1063-1064-1065-40-1067-1068-1069-1070-1071-1072-1073-1074-1075-1076-1077-1078-1390-1391-1001-1002-1003-1004-1005-1006-1007-1008-1010-1018-1038-11
[2026-08-11 17:29:51.543176] [INFO] [path_server] 노드 업데이트 : [1064] ➜ [1065]
[2026-08-11 17:29:51.623105] [INFO] [path_server] 새로운 경로 설정 : path[1064 ➜ 11] time[0s] dist[47.3079m] list[29] : 1064-1065-40-1067-1068-1069-1070-1071-1072-1073-1074-1075-1076-1077-1078-1390-1391-1001-1002-1003-1004-1005-1006-1007-1008-1010-1018-1038-11
[2026-08-11 17:29:52.281697] [INFO] [path_server] 노드 업데이트 : [1065] ➜ [40]
[2026-08-11 17:29:52.361581] [INFO] [path_server] 새로운 경로 설정 : path[1065 ➜ 11] time[0s] dist[45.8079m] list[28] : 1065-40-1067-1068-1069-1070-1071-1072-1073-1074-1075-1076-1077-1078-1390-1391-1001-1002-1003-1004-1005-1006-1007-1008-1010-1018-1038-11
[2026-08-11 17:29:53.040122] [INFO] [path_server] 노드 업데이트 : [40] ➜ [1067]
[2026-08-11 17:29:53.120076] [INFO] [path_server] 새로운 경로 설정 : path[40 ➜ 11] time[0s] dist[44.3079m] list[27] : 40-1067-1068-1069-1070-1071-1072-1073-1074-1075-1076-1077-1078-1390-1391-1001-1002-1003-1004-1005-1006-1007-1008-1010-1018-1038-11
[2026-08-11 17:29:53.778806] [INFO] [path_server] 노드 업데이트 : [1067] ➜ [1068]
[2026-08-11 17:29:53.858717] [INFO] [path_server] 새로운 경로 설정 : path[1067 ➜ 11] time[0s] dist[42.8079m] list[26] : 1067-1068-1069-1070-1071-1072-1073-1074-1075-1076-1077-1078-1390-1391-1001-1002-1003-1004-1005-1006-1007-1008-1010-1018-1038-11
[2026-08-11 17:29:54.537271] [INFO] [path_server] 노드 업데이트 : [1068] ➜ [1069]
[2026-08-11 17:29:54.617230] [INFO] [path_server] 새로운 경로 설정 : path[1068 ➜ 11] time[0s] dist[41.3079m] list[25] : 1068-1069-1070-1071-1072-1073-1074-1075-1076-1077-1078-1390-1391-1001-1002-1003-1004-1005-1006-1007-1008-1010-1018-1038-11
[2026-08-11 17:29:55.295965] [INFO] [path_server] 노드 업데이트 : [1069] ➜ [1070]
[2026-08-11 17:29:55.355893] [INFO] [path_server] 새로운 경로 설정 : path[1069 ➜ 11] time[0s] dist[39.8079m] list[24] : 1069-1070-1071-1072-1073-1074-1075-1076-1077-1078-1390-1391-1001-1002-1003-1004-1005-1006-1007-1008-1010-1018-1038-11
[2026-08-11 17:29:56.034516] [INFO] [path_server] 노드 업데이트 : [1070] ➜ [1071]
[2026-08-11 17:29:56.114574] [INFO] [path_server] 새로운 경로 설정 : path[1070 ➜ 11] time[0s] dist[38.3079m] list[23] : 1070-1071-1072-1073-1074-1075-1076-1077-1078-1390-1391-1001-1002-1003-1004-1005-1006-1007-1008-1010-1018-1038-11
[2026-08-11 17:29:56.793273] [INFO] [path_server] 노드 업데이트 : [1071] ➜ [1072]
[2026-08-11 17:29:56.853161] [INFO] [path_server] 새로운 경로 설정 : path[1071 ➜ 11] time[0s] dist[36.8079m] list[22] : 1071-1072-1073-1074-1075-1076-1077-1078-1390-1391-1001-1002-1003-1004-1005-1006-1007-1008-1010-1018-1038-11
[2026-08-11 17:29:57.531863] [INFO] [path_server] 노드 업데이트 : [1072] ➜ [1073]
[2026-08-11 17:29:57.611781] [INFO] [path_server] 새로운 경로 설정 : path[1072 ➜ 11] time[0s] dist[35.3079m] list[21] : 1072-1073-1074-1075-1076-1077-1078-1390-1391-1001-1002-1003-1004-1005-1006-1007-1008-1010-1018-1038-11
[2026-08-11 17:29:58.290410] [INFO] [path_server] 노드 업데이트 : [1073] ➜ [1074]
[2026-08-11 17:29:58.350358] [INFO] [path_server] 새로운 경로 설정 : path[1073 ➜ 11] time[0s] dist[33.8079m] list[20] : 1073-1074-1075-1076-1077-1078-1390-1391-1001-1002-1003-1004-1005-1006-1007-1008-1010-1018-1038-11
[2026-08-11 17:29:59.028891] [INFO] [path_server] 노드 업데이트 : [1074] ➜ [1075]
[2026-08-11 17:29:59.108835] [INFO] [path_server] 새로운 경로 설정 : path[1074 ➜ 11] time[0s] dist[32.3079m] list[19] : 1074-1075-1076-1077-1078-1390-1391-1001-1002-1003-1004-1005-1006-1007-1008-1010-1018-1038-11
[2026-08-11 17:29:59.788030] [INFO] [path_server] 노드 업데이트 : [1075] ➜ [1076]
[2026-08-11 17:29:59.848004] [INFO] [path_server] 새로운 경로 설정 : path[1075 ➜ 11] time[0s] dist[30.8079m] list[18] : 1075-1076-1077-1078-1390-1391-1001-1002-1003-1004-1005-1006-1007-1008-1010-1018-1038-11
[2026-08-11 17:30:01.186085] [INFO] [path_server] 노드 업데이트 : [1076] ➜ [1077]
[2026-08-11 17:30:01.266034] [INFO] [path_server] 새로운 경로 설정 : path[1076 ➜ 11] time[0s] dist[29.3079m] list[17] : 1076-1077-1078-1390-1391-1001-1002-1003-1004-1005-1006-1007-1008-1010-1018-1038-11
[2026-08-11 17:30:04.659437] [INFO] [path_server] 노드 업데이트 : [1077] ➜ [1078]
[2026-08-11 17:30:04.739309] [INFO] [path_server] 새로운 경로 설정 : path[1077 ➜ 11] time[0s] dist[27.8079m] list[16] : 1077-1078-1390-1391-1001-1002-1003-1004-1005-1006-1007-1008-1010-1018-1038-11
[2026-08-11 17:30:05.777544] [INFO] [path_server] 노드 업데이트 : [1078] ➜ [1390]
[2026-08-11 17:30:05.857577] [INFO] [path_server] 새로운 경로 설정 : path[1078 ➜ 11] time[0s] dist[26.3079m] list[15] : 1078-1390-1391-1001-1002-1003-1004-1005-1006-1007-1008-1010-1018-1038-11
[2026-08-11 17:30:06.596227] [INFO] [path_server] 노드 업데이트 : [1390] ➜ [1391]
[2026-08-11 17:30:06.656119] [INFO] [path_server] 새로운 경로 설정 : path[1390 ➜ 11] time[0s] dist[24.8079m] list[14] : 1390-1391-1001-1002-1003-1004-1005-1006-1007-1008-1010-1018-1038-11
[2026-08-11 17:30:07.335027] [INFO] [path_server] 노드 업데이트 : [1391] ➜ [1001]
[2026-08-11 17:30:07.414975] [INFO] [path_server] 새로운 경로 설정 : path[1391 ➜ 11] time[0s] dist[23.3079m] list[13] : 1391-1001-1002-1003-1004-1005-1006-1007-1008-1010-1018-1038-11
[2026-08-11 17:30:08.752365] [INFO] [path_server] 노드 업데이트 : [1001] ➜ [1002]
[2026-08-11 17:30:08.812295] [INFO] [path_server] 새로운 경로 설정 : path[1001 ➜ 11] time[0s] dist[21.8079m] list[12] : 1001-1002-1003-1004-1005-1006-1007-1008-1010-1018-1038-11
[2026-08-11 17:30:12.225933] [INFO] [path_server] 노드 업데이트 : [1002] ➜ [1003]
[2026-08-11 17:30:12.285878] [INFO] [path_server] 새로운 경로 설정 : path[1002 ➜ 11] time[0s] dist[20.3079m] list[11] : 1002-1003-1004-1005-1006-1007-1008-1010-1018-1038-11
[2026-08-11 17:30:13.323706] [INFO] [path_server] 노드 업데이트 : [1003] ➜ [1004]
[2026-08-11 17:30:13.403650] [INFO] [path_server] 새로운 경로 설정 : path[1003 ➜ 11] time[0s] dist[18.8079m] list[10] : 1003-1004-1005-1006-1007-1008-1010-1018-1038-11
[2026-08-11 17:30:14.142218] [INFO] [path_server] 노드 업데이트 : [1004] ➜ [1005]
[2026-08-11 17:30:14.202139] [INFO] [path_server] 새로운 경로 설정 : path[1004 ➜ 11] time[0s] dist[17.3079m] list[9] : 1004-1005-1006-1007-1008-1010-1018-1038-11
[2026-08-11 17:30:14.900714] [INFO] [path_server] 노드 업데이트 : [1005] ➜ [1006]
[2026-08-11 17:30:14.980578] [INFO] [path_server] 새로운 경로 설정 : path[1005 ➜ 11] time[0s] dist[15.8079m] list[8] : 1005-1006-1007-1008-1010-1018-1038-11
[2026-08-11 17:30:15.659158] [INFO] [path_server] 노드 업데이트 : [1006] ➜ [1007]
[2026-08-11 17:30:15.739070] [INFO] [path_server] 새로운 경로 설정 : path[1006 ➜ 11] time[0s] dist[14.3079m] list[7] : 1006-1007-1008-1010-1018-1038-11
[2026-08-11 17:30:16.397794] [INFO] [path_server] 노드 업데이트 : [1007] ➜ [1008]
[2026-08-11 17:30:16.497608] [INFO] [path_server] 새로운 경로 설정 : path[1007 ➜ 11] time[0s] dist[12.8079m] list[6] : 1007-1008-1010-1018-1038-11
[2026-08-11 17:30:17.156326] [INFO] [path_server] 노드 업데이트 : [1008] ➜ [1010]
[2026-08-11 17:30:17.236208] [INFO] [path_server] 새로운 경로 설정 : path[1008 ➜ 11] time[0s] dist[11.3079m] list[5] : 1008-1010-1018-1038-11
[2026-08-11 17:30:17.994709] [INFO] [path_server] 노드 업데이트 : [1010] ➜ [1018]
[2026-08-11 17:30:18.074585] [INFO] [path_server] 새로운 경로 설정 : path[1010 ➜ 11] time[0s] dist[9.80789m] list[4] : 1010-1018-1038-11
[2026-08-11 17:30:23.783188] [INFO] [path_server] 노드 업데이트 : [1018] ➜ [1038]
[2026-08-11 17:30:23.863095] [INFO] [path_server] 새로운 경로 설정 : path[1018 ➜ 11] time[0s] dist[6m] list[3] : 1018-1038-11
[2026-08-11 17:30:30.090704] [INFO] [path_server] 노드 업데이트 : [1038] ➜ [11]
[2026-08-11 17:30:30.150636] [INFO] [path_server] 새로운 경로 설정 : path[1038 ➜ 11] time[0s] dist[1.5m] list[2] : 1038-11
[2026-08-11 17:30:32.306257] [INFO] [path_server] 노드 업데이트 : [11] ➜ [-1]
[2026-08-11 17:30:35.579660] [INFO] [path_server] 노드 업데이트 : [11] ➜ [-1]
[2026-08-11 17:30:37.755300] [INFO] [path_server] 경로 삭제
[2026-08-11 17:30:37.875050] [INFO] [path_server] 새로운 경로 설정 : path[11 ➜ 101] time[0s] dist[48.5495m] list[31] : 11-1044-1048-1130-1051-1052-1198-1199-1053-1054-1055-1056-1057-1058-1059-1060-1061-1062-1063-1064-1065-40-1067-1068-1069-1070-1071-1072-1073-1074-101
[2026-08-11 17:30:40.609849] [INFO] [path_server] 노드 업데이트 : [1044] ➜ [1048]
[2026-08-11 17:30:40.709710] [INFO] [path_server] 새로운 경로 설정 : path[1044 ➜ 101] time[0s] dist[46.5495m] list[30] : 1044-1048-1130-1051-1052-1198-1199-1053-1054-1055-1056-1057-1058-1059-1060-1061-1062-1063-1064-1065-40-1067-1068-1069-1070-1071-1072-1073-1074-101
[2026-08-11 17:30:43.025124] [INFO] [path_server] 노드 업데이트 : [1048] ➜ [1130]
[2026-08-11 17:30:43.105057] [INFO] [path_server] 새로운 경로 설정 : path[1048 ➜ 101] time[0s] dist[44m] list[29] : 1048-1130-1051-1052-1198-1199-1053-1054-1055-1056-1057-1058-1059-1060-1061-1062-1063-1064-1065-40-1067-1068-1069-1070-1071-1072-1073-1074-101
[2026-08-11 17:30:48.075164] [INFO] [path_server] 노드 업데이트 : [1130] ➜ [1051]
[2026-08-11 17:30:48.155038] [INFO] [path_server] 새로운 경로 설정 : path[1130 ➜ 101] time[0s] dist[41.5m] list[28] : 1130-1051-1052-1198-1199-1053-1054-1055-1056-1057-1058-1059-1060-1061-1062-1063-1064-1065-40-1067-1068-1069-1070-1071-1072-1073-1074-101
[2026-08-11 17:30:49.811710] [INFO] [path_server] 노드 업데이트 : [1051] ➜ [1052]
[2026-08-11 17:30:49.891607] [INFO] [path_server] 새로운 경로 설정 : path[1051 ➜ 101] time[0s] dist[39m] list[27] : 1051-1052-1198-1199-1053-1054-1055-1056-1057-1058-1059-1060-1061-1062-1063-1064-1065-40-1067-1068-1069-1070-1071-1072-1073-1074-101
[2026-08-11 17:30:54.043697] [INFO] [path_server] 노드 업데이트 : [1052] ➜ [1198]
[2026-08-11 17:30:54.123576] [INFO] [path_server] 새로운 경로 설정 : path[1052 ➜ 101] time[0s] dist[37.5m] list[26] : 1052-1198-1199-1053-1054-1055-1056-1057-1058-1059-1060-1061-1062-1063-1064-1065-40-1067-1068-1069-1070-1071-1072-1073-1074-101
[2026-08-11 17:30:55.580735] [INFO] [path_server] 노드 업데이트 : [1198] ➜ [1199]
[2026-08-11 17:30:55.660660] [INFO] [path_server] 새로운 경로 설정 : path[1198 ➜ 101] time[0s] dist[36m] list[25] : 1198-1199-1053-1054-1055-1056-1057-1058-1059-1060-1061-1062-1063-1064-1065-40-1067-1068-1069-1070-1071-1072-1073-1074-101
[2026-08-11 17:30:59.034324] [INFO] [path_server] 노드 업데이트 : [1199] ➜ [1053]
[2026-08-11 17:30:59.094224] [INFO] [path_server] 새로운 경로 설정 : path[1199 ➜ 101] time[0s] dist[34.5m] list[24] : 1199-1053-1054-1055-1056-1057-1058-1059-1060-1061-1062-1063-1064-1065-40-1067-1068-1069-1070-1071-1072-1073-1074-101
[2026-08-11 17:31:00.132011] [INFO] [path_server] 노드 업데이트 : [1053] ➜ [1054]
[2026-08-11 17:31:00.211926] [INFO] [path_server] 새로운 경로 설정 : path[1053 ➜ 101] time[0s] dist[33m] list[23] : 1053-1054-1055-1056-1057-1058-1059-1060-1061-1062-1063-1064-1065-40-1067-1068-1069-1070-1071-1072-1073-1074-101
[2026-08-11 17:31:00.950387] [INFO] [path_server] 노드 업데이트 : [1054] ➜ [1055]
[2026-08-11 17:31:01.010300] [INFO] [path_server] 새로운 경로 설정 : path[1054 ➜ 101] time[0s] dist[31.5m] list[22] : 1054-1055-1056-1057-1058-1059-1060-1061-1062-1063-1064-1065-40-1067-1068-1069-1070-1071-1072-1073-1074-101
[2026-08-11 17:31:01.689106] [INFO] [path_server] 노드 업데이트 : [1055] ➜ [1056]
[2026-08-11 17:31:01.769062] [INFO] [path_server] 새로운 경로 설정 : path[1055 ➜ 101] time[0s] dist[30m] list[21] : 1055-1056-1057-1058-1059-1060-1061-1062-1063-1064-1065-40-1067-1068-1069-1070-1071-1072-1073-1074-101
[2026-08-11 17:31:02.947022] [INFO] [path_server] 노드 업데이트 : [1056] ➜ [1057]
[2026-08-11 17:31:03.026933] [INFO] [path_server] 새로운 경로 설정 : path[1056 ➜ 101] time[0s] dist[28.5m] list[20] : 1056-1057-1058-1059-1060-1061-1062-1063-1064-1065-40-1067-1068-1069-1070-1071-1072-1073-1074-101
[2026-08-11 17:31:06.241028] [INFO] [path_server] 노드 업데이트 : [1057] ➜ [1058]
[2026-08-11 17:31:06.320847] [INFO] [path_server] 새로운 경로 설정 : path[1057 ➜ 101] time[0s] dist[27m] list[19] : 1057-1058-1059-1060-1061-1062-1063-1064-1065-40-1067-1068-1069-1070-1071-1072-1073-1074-101
[2026-08-11 17:31:07.398731] [INFO] [path_server] 노드 업데이트 : [1058] ➜ [1059]
[2026-08-11 17:31:07.458640] [INFO] [path_server] 새로운 경로 설정 : path[1058 ➜ 101] time[0s] dist[25.5m] list[18] : 1058-1059-1060-1061-1062-1063-1064-1065-40-1067-1068-1069-1070-1071-1072-1073-1074-101
[2026-08-11 17:31:08.237158] [INFO] [path_server] 노드 업데이트 : [1059] ➜ [1060]
[2026-08-11 17:31:08.297044] [INFO] [path_server] 새로운 경로 설정 : path[1059 ➜ 101] time[0s] dist[24m] list[17] : 1059-1060-1061-1062-1063-1064-1065-40-1067-1068-1069-1070-1071-1072-1073-1074-101
[2026-08-11 17:31:08.975685] [INFO] [path_server] 노드 업데이트 : [1060] ➜ [1061]
[2026-08-11 17:31:09.055616] [INFO] [path_server] 새로운 경로 설정 : path[1060 ➜ 101] time[0s] dist[22.5m] list[16] : 1060-1061-1062-1063-1064-1065-40-1067-1068-1069-1070-1071-1072-1073-1074-101
[2026-08-11 17:31:09.734253] [INFO] [path_server] 노드 업데이트 : [1061] ➜ [1062]
[2026-08-11 17:31:09.794152] [INFO] [path_server] 새로운 경로 설정 : path[1061 ➜ 101] time[0s] dist[21m] list[15] : 1061-1062-1063-1064-1065-40-1067-1068-1069-1070-1071-1072-1073-1074-101
[2026-08-11 17:31:10.492651] [INFO] [path_server] 노드 업데이트 : [1062] ➜ [1063]
[2026-08-11 17:31:10.572513] [INFO] [path_server] 새로운 경로 설정 : path[1062 ➜ 101] time[0s] dist[19.5m] list[14] : 1062-1063-1064-1065-40-1067-1068-1069-1070-1071-1072-1073-1074-101
[2026-08-11 17:31:11.231170] [INFO] [path_server] 노드 업데이트 : [1063] ➜ [1064]
[2026-08-11 17:31:11.291076] [INFO] [path_server] 새로운 경로 설정 : path[1063 ➜ 101] time[0s] dist[18m] list[13] : 1063-1064-1065-40-1067-1068-1069-1070-1071-1072-1073-1074-101
[2026-08-11 17:31:11.990022] [INFO] [path_server] 노드 업데이트 : [1064] ➜ [1065]
[2026-08-11 17:31:12.070562] [INFO] [path_server] 새로운 경로 설정 : path[1064 ➜ 101] time[0s] dist[16.5m] list[12] : 1064-1065-40-1067-1068-1069-1070-1071-1072-1073-1074-101
[2026-08-11 17:31:12.729231] [INFO] [path_server] 노드 업데이트 : [1065] ➜ [40]
[2026-08-11 17:31:12.789132] [INFO] [path_server] 새로운 경로 설정 : path[1065 ➜ 101] time[0s] dist[15m] list[11] : 1065-40-1067-1068-1069-1070-1071-1072-1073-1074-101
[2026-08-11 17:31:13.487707] [INFO] [path_server] 노드 업데이트 : [40] ➜ [1067]
[2026-08-11 17:31:13.567600] [INFO] [path_server] 새로운 경로 설정 : path[40 ➜ 101] time[0s] dist[13.5m] list[10] : 40-1067-1068-1069-1070-1071-1072-1073-1074-101
[2026-08-11 17:31:14.226283] [INFO] [path_server] 노드 업데이트 : [1067] ➜ [1068]
[2026-08-11 17:31:14.286177] [INFO] [path_server] 새로운 경로 설정 : path[1067 ➜ 101] time[0s] dist[12m] list[9] : 1067-1068-1069-1070-1071-1072-1073-1074-101
[2026-08-11 17:31:14.984618] [INFO] [path_server] 노드 업데이트 : [1068] ➜ [1069]
[2026-08-11 17:31:15.064493] [INFO] [path_server] 새로운 경로 설정 : path[1068 ➜ 101] time[0s] dist[10.5m] list[8] : 1068-1069-1070-1071-1072-1073-1074-101
[2026-08-11 17:31:15.743121] [INFO] [path_server] 노드 업데이트 : [1069] ➜ [1070]
[2026-08-11 17:31:15.823028] [INFO] [path_server] 새로운 경로 설정 : path[1069 ➜ 101] time[0s] dist[9m] list[7] : 1069-1070-1071-1072-1073-1074-101
[2026-08-11 17:31:16.481661] [INFO] [path_server] 노드 업데이트 : [1070] ➜ [1071]
[2026-08-11 17:31:16.561506] [INFO] [path_server] 새로운 경로 설정 : path[1070 ➜ 101] time[0s] dist[7.5m] list[6] : 1070-1071-1072-1073-1074-101
[2026-08-11 17:31:17.240098] [INFO] [path_server] 노드 업데이트 : [1071] ➜ [1072]
[2026-08-11 17:31:17.319962] [INFO] [path_server] 새로운 경로 설정 : path[1071 ➜ 101] time[0s] dist[6m] list[5] : 1071-1072-1073-1074-101
[2026-08-11 17:31:17.978637] [INFO] [path_server] 노드 업데이트 : [1072] ➜ [1073]
[2026-08-11 17:31:18.058523] [INFO] [path_server] 새로운 경로 설정 : path[1072 ➜ 101] time[0s] dist[4.5m] list[4] : 1072-1073-1074-101
[2026-08-11 17:31:18.737522] [INFO] [path_server] 노드 업데이트 : [1073] ➜ [1074]
[2026-08-11 17:31:18.817557] [INFO] [path_server] 새로운 경로 설정 : path[1073 ➜ 101] time[0s] dist[3m] list[3] : 1073-1074-101
[2026-08-11 17:31:20.055023] [INFO] [path_server] 노드 업데이트 : [1074] ➜ [101]
[2026-08-11 17:31:20.134868] [INFO] [path_server] 새로운 경로 설정 : path[1074 ➜ 101] time[0s] dist[1.5m] list[2] : 1074-101
[2026-08-11 17:31:24.027985] [INFO] [path_server] 노드 업데이트 : [101] ➜ [-1]
[2026-08-11 17:31:27.880254] [INFO] [path_server] 노드 업데이트 : [101] ➜ [-1]
[2026-08-11 17:32:10.674354] [INFO] [path_server] 경로 삭제
[2026-08-11 17:32:10.714335] [INFO] [path_server] 경로 삭제
[2026-08-11 17:34:24.178020] [INFO] [path_server] 경로 삭제
[2026-08-11 17:34:24.217943] [INFO] [path_server] 경로 삭제
[2026-08-11 17:34:46.295380] [INFO] [path_server] 생성
[2026-08-11 17:34:46.295419] [INFO] [path_server] 경로 삭제
[2026-08-11 17:34:46.296996] [INFO] [path_server] 노드 초기화 성공 : 로봇 좌표[4.989m 18.997m 90.062°] 최단 거리 노드[101] 거리(0.011672m)
[2026-08-11 17:35:34.841900] [INFO] [path_server] 경로 삭제
[2026-08-11 17:35:34.881870] [INFO] [path_server] 경로 삭제
[2026-08-11 17:37:48.350912] [INFO] [path_server] 경로 삭제
[2026-08-11 17:37:48.390842] [INFO] [path_server] 경로 삭제
[2026-08-11 17:40:01.842824] [INFO] [path_server] 경로 삭제
[2026-08-11 17:40:01.902770] [INFO] [path_server] 경로 삭제
[2026-08-11 17:40:32.836387] [INFO] [path_server] 생성
[2026-08-11 17:40:32.836431] [INFO] [path_server] 경로 삭제
[2026-08-11 17:40:32.838561] [INFO] [path_server] 노드 초기화 성공 : 로봇 좌표[4.989m 18.997m 90.062°] 최단 거리 노드[101] 거리(0.011672m)
[2026-08-11 17:41:21.125915] [INFO] [path_server] 새로운 경로 설정 : path[101 ➜ 202] time[0s] dist[15m] list[11] : 101-1074-1075-1076-1159-1158-1157-1160-1161-1162-202
[2026-08-11 17:41:24.998096] [INFO] [path_server] 노드 업데이트 : [1074] ➜ [1075]
[2026-08-11 17:41:25.078048] [INFO] [path_server] 새로운 경로 설정 : path[1074 ➜ 202] time[0s] dist[13.5m] list[10] : 1074-1075-1076-1159-1158-1157-1160-1161-1162-202
[2026-08-11 17:41:28.570941] [INFO] [path_server] 노드 업데이트 : [1075] ➜ [1076]
[2026-08-11 17:41:28.630860] [INFO] [path_server] 새로운 경로 설정 : path[1075 ➜ 202] time[0s] dist[12m] list[9] : 1075-1076-1159-1158-1157-1160-1161-1162-202
[2026-08-11 17:41:30.008205] [INFO] [path_server] 노드 업데이트 : [1076] ➜ [1159]
[2026-08-11 17:41:30.068135] [INFO] [path_server] 새로운 경로 설정 : path[1076 ➜ 202] time[0s] dist[10.5m] list[8] : 1076-1159-1158-1157-1160-1161-1162-202
[2026-08-11 17:41:33.421704] [INFO] [path_server] 노드 업데이트 : [1159] ➜ [1158]
[2026-08-11 17:41:33.501641] [INFO] [path_server] 새로운 경로 설정 : path[1159 ➜ 202] time[0s] dist[9m] list[7] : 1159-1158-1157-1160-1161-1162-202
[2026-08-11 17:41:34.519891] [INFO] [path_server] 노드 업데이트 : [1158] ➜ [1157]
[2026-08-11 17:41:34.599809] [INFO] [path_server] 새로운 경로 설정 : path[1158 ➜ 202] time[0s] dist[7.5m] list[6] : 1158-1157-1160-1161-1162-202
[2026-08-11 17:41:35.937271] [INFO] [path_server] 노드 업데이트 : [1157] ➜ [1160]
[2026-08-11 17:41:36.017194] [INFO] [path_server] 새로운 경로 설정 : path[1157 ➜ 202] time[0s] dist[6m] list[5] : 1157-1160-1161-1162-202
[2026-08-11 17:41:39.370463] [INFO] [path_server] 노드 업데이트 : [1160] ➜ [1161]
[2026-08-11 17:41:39.450327] [INFO] [path_server] 새로운 경로 설정 : path[1160 ➜ 202] time[0s] dist[4.5m] list[4] : 1160-1161-1162-202
[2026-08-11 17:41:40.488160] [INFO] [path_server] 노드 업데이트 : [1161] ➜ [1162]
[2026-08-11 17:41:40.568083] [INFO] [path_server] 새로운 경로 설정 : path[1161 ➜ 202] time[0s] dist[3m] list[3] : 1161-1162-202
[2026-08-11 17:41:43.202812] [INFO] [path_server] 노드 업데이트 : [1162] ➜ [202]
[2026-08-11 17:41:43.262706] [INFO] [path_server] 새로운 경로 설정 : path[1162 ➜ 202] time[0s] dist[1.5m] list[2] : 1162-202
[2026-08-11 17:41:47.375176] [INFO] [path_server] 노드 업데이트 : [202] ➜ [-1]
[2026-08-11 17:41:51.247565] [INFO] [path_server] 노드 업데이트 : [202] ➜ [-1]
[2026-08-11 17:41:51.327454] [INFO] [path_server] 경로 삭제
[2026-08-11 17:44:21.701152] [INFO] [path_server] 생성
[2026-08-11 17:44:21.701184] [INFO] [path_server] 경로 삭제
[2026-08-11 17:44:21.702696] [INFO] [path_server] 노드 초기화 성공 : 로봇 좌표[6.489m 14.496m -89.953°] 최단 거리 노드[202] 거리(0.012100m)
[2026-08-11 17:45:27.809423] [INFO] [path_server] 생성
[2026-08-11 17:45:27.809455] [INFO] [path_server] 경로 삭제
[2026-08-11 17:45:27.812908] [INFO] [path_server] 노드 초기화 성공 : 로봇 좌표[6.489m 14.496m -89.953°] 최단 거리 노드[202] 거리(0.012100m)
[2026-08-11 17:45:51.349368] [INFO] [path_server] 생성
[2026-08-11 17:45:51.349429] [INFO] [path_server] 경로 삭제
[2026-08-11 17:45:51.351587] [INFO] [path_server] 노드 초기화 성공 : 로봇 좌표[6.489m 14.496m -89.953°] 최단 거리 노드[202] 거리(0.012100m)
[2026-08-11 17:50:10.551886] [INFO] [path_server] 생성
[2026-08-11 17:50:10.552204] [INFO] [path_server] 경로 삭제
[2026-08-11 17:50:10.554038] [INFO] [path_server] 노드 초기화 성공 : 로봇 좌표[6.489m 14.496m -89.953°] 최단 거리 노드[202] 거리(0.012100m)
[2026-08-11 17:52:14.653089] [INFO] [path_server] 새로운 경로 설정 : path[202 ➜ 105] time[0s] dist[19.5m] list[14] : 202-1162-1163-1164-1165-1166-1167-1168-41-1170-1171-1172-1173-105
[2026-08-11 17:52:16.828695] [INFO] [path_server] 노드 업데이트 : [1162] ➜ [1163]
[2026-08-11 17:52:16.908585] [INFO] [path_server] 새로운 경로 설정 : path[1162 ➜ 105] time[0s] dist[18m] list[13] : 1162-1163-1164-1165-1166-1167-1168-41-1170-1171-1172-1173-105
[2026-08-11 17:52:20.182176] [INFO] [path_server] 노드 업데이트 : [1163] ➜ [1164]
[2026-08-11 17:52:20.262061] [INFO] [path_server] 새로운 경로 설정 : path[1163 ➜ 105] time[0s] dist[16.5m] list[12] : 1163-1164-1165-1166-1167-1168-41-1170-1171-1172-1173-105
[2026-08-11 17:52:21.299905] [INFO] [path_server] 노드 업데이트 : [1164] ➜ [1165]
[2026-08-11 17:52:21.359822] [INFO] [path_server] 새로운 경로 설정 : path[1164 ➜ 105] time[0s] dist[15m] list[11] : 1164-1165-1166-1167-1168-41-1170-1171-1172-1173-105
[2026-08-11 17:52:22.138243] [INFO] [path_server] 노드 업데이트 : [1165] ➜ [1166]
[2026-08-11 17:52:22.198135] [INFO] [path_server] 새로운 경로 설정 : path[1165 ➜ 105] time[0s] dist[13.5m] list[10] : 1165-1166-1167-1168-41-1170-1171-1172-1173-105
[2026-08-11 17:52:22.876660] [INFO] [path_server] 노드 업데이트 : [1166] ➜ [1167]
[2026-08-11 17:52:22.956577] [INFO] [path_server] 새로운 경로 설정 : path[1166 ➜ 105] time[0s] dist[12m] list[9] : 1166-1167-1168-41-1170-1171-1172-1173-105
[2026-08-11 17:52:23.635222] [INFO] [path_server] 노드 업데이트 : [1167] ➜ [1168]
[2026-08-11 17:52:23.695140] [INFO] [path_server] 새로운 경로 설정 : path[1167 ➜ 105] time[0s] dist[10.5m] list[8] : 1167-1168-41-1170-1171-1172-1173-105
[2026-08-11 17:52:24.373819] [INFO] [path_server] 노드 업데이트 : [1168] ➜ [41]
[2026-08-11 17:52:24.453718] [INFO] [path_server] 새로운 경로 설정 : path[1168 ➜ 105] time[0s] dist[9m] list[7] : 1168-41-1170-1171-1172-1173-105
[2026-08-11 17:52:25.132337] [INFO] [path_server] 노드 업데이트 : [41] ➜ [1170]
[2026-08-11 17:52:25.192258] [INFO] [path_server] 새로운 경로 설정 : path[41 ➜ 105] time[0s] dist[7.5m] list[6] : 41-1170-1171-1172-1173-105
[2026-08-11 17:52:25.870899] [INFO] [path_server] 노드 업데이트 : [1170] ➜ [1171]
[2026-08-11 17:52:25.950753] [INFO] [path_server] 새로운 경로 설정 : path[1170 ➜ 105] time[0s] dist[6m] list[5] : 1170-1171-1172-1173-105
[2026-08-11 17:52:26.629315] [INFO] [path_server] 노드 업데이트 : [1171] ➜ [1172]
[2026-08-11 17:52:26.709230] [INFO] [path_server] 새로운 경로 설정 : path[1171 ➜ 105] time[0s] dist[4.5m] list[4] : 1171-1172-1173-105
[2026-08-11 17:52:27.387869] [INFO] [path_server] 노드 업데이트 : [1172] ➜ [1173]
[2026-08-11 17:52:27.447756] [INFO] [path_server] 새로운 경로 설정 : path[1172 ➜ 105] time[0s] dist[3m] list[3] : 1172-1173-105
[2026-08-11 17:52:28.705132] [INFO] [path_server] 노드 업데이트 : [1173] ➜ [105]
[2026-08-11 17:52:28.765018] [INFO] [path_server] 새로운 경로 설정 : path[1173 ➜ 105] time[0s] dist[1.5m] list[2] : 1173-105
[2026-08-11 17:52:32.677459] [INFO] [path_server] 노드 업데이트 : [105] ➜ [-1]
[2026-08-11 17:52:36.529692] [INFO] [path_server] 노드 업데이트 : [105] ➜ [-1]
[2026-08-11 17:53:04.254626] [INFO] [path_server] 경로 삭제
[2026-08-11 17:53:04.274569] [INFO] [path_server] 경로 삭제
[2026-08-11 17:53:40.781481] [INFO] [path_server] 새로운 경로 설정 : path[105 ➜ 208] time[0s] dist[22.5m] list[16] : 105-1173-1174-1175-1176-1177-1178-1081-1185-1186-1187-1188-1056-1057-1058-208
[2026-08-11 17:53:44.634038] [INFO] [path_server] 노드 업데이트 : [1173] ➜ [1174]
[2026-08-11 17:53:44.713845] [INFO] [path_server] 새로운 경로 설정 : path[1173 ➜ 208] time[0s] dist[21m] list[15] : 1173-1174-1175-1176-1177-1178-1081-1185-1186-1187-1188-1056-1057-1058-208
[2026-08-11 17:53:48.226765] [INFO] [path_server] 노드 업데이트 : [1174] ➜ [1175]
[2026-08-11 17:53:48.306692] [INFO] [path_server] 새로운 경로 설정 : path[1174 ➜ 208] time[0s] dist[19.5m] list[14] : 1174-1175-1176-1177-1178-1081-1185-1186-1187-1188-1056-1057-1058-208
[2026-08-11 17:53:49.344599] [INFO] [path_server] 노드 업데이트 : [1175] ➜ [1176]
[2026-08-11 17:53:49.404458] [INFO] [path_server] 새로운 경로 설정 : path[1175 ➜ 208] time[0s] dist[18m] list[13] : 1175-1176-1177-1178-1081-1185-1186-1187-1188-1056-1057-1058-208
[2026-08-11 17:53:50.162914] [INFO] [path_server] 노드 업데이트 : [1176] ➜ [1177]
[2026-08-11 17:53:50.242799] [INFO] [path_server] 새로운 경로 설정 : path[1176 ➜ 208] time[0s] dist[16.5m] list[12] : 1176-1177-1178-1081-1185-1186-1187-1188-1056-1057-1058-208
[2026-08-11 17:53:50.921380] [INFO] [path_server] 노드 업데이트 : [1177] ➜ [1178]
[2026-08-11 17:53:51.001305] [INFO] [path_server] 새로운 경로 설정 : path[1177 ➜ 208] time[0s] dist[15m] list[11] : 1177-1178-1081-1185-1186-1187-1188-1056-1057-1058-208
[2026-08-11 17:53:51.679920] [INFO] [path_server] 노드 업데이트 : [1178] ➜ [1081]
[2026-08-11 17:53:51.739785] [INFO] [path_server] 새로운 경로 설정 : path[1178 ➜ 208] time[0s] dist[13.5m] list[10] : 1178-1081-1185-1186-1187-1188-1056-1057-1058-208
[2026-08-11 17:53:52.418301] [INFO] [path_server] 노드 업데이트 : [1081] ➜ [1185]
[2026-08-11 17:53:52.498223] [INFO] [path_server] 새로운 경로 설정 : path[1081 ➜ 208] time[0s] dist[12m] list[9] : 1081-1185-1186-1187-1188-1056-1057-1058-208
[2026-08-11 17:53:53.835481] [INFO] [path_server] 노드 업데이트 : [1185] ➜ [1186]
[2026-08-11 17:53:53.895382] [INFO] [path_server] 새로운 경로 설정 : path[1185 ➜ 208] time[0s] dist[10.5m] list[8] : 1185-1186-1187-1188-1056-1057-1058-208
[2026-08-11 17:53:57.308788] [INFO] [path_server] 노드 업데이트 : [1186] ➜ [1187]
[2026-08-11 17:53:57.388717] [INFO] [path_server] 새로운 경로 설정 : path[1186 ➜ 208] time[0s] dist[9m] list[7] : 1186-1187-1188-1056-1057-1058-208
[2026-08-11 17:53:58.426650] [INFO] [path_server] 노드 업데이트 : [1187] ➜ [1188]
[2026-08-11 17:53:58.486586] [INFO] [path_server] 새로운 경로 설정 : path[1187 ➜ 208] time[0s] dist[7.5m] list[6] : 1187-1188-1056-1057-1058-208
[2026-08-11 17:53:59.664299] [INFO] [path_server] 노드 업데이트 : [1188] ➜ [1056]
[2026-08-11 17:53:59.744164] [INFO] [path_server] 새로운 경로 설정 : path[1188 ➜ 208] time[0s] dist[6m] list[5] : 1188-1056-1057-1058-208
[2026-08-11 17:54:02.937942] [INFO] [path_server] 노드 업데이트 : [1056] ➜ [1057]
[2026-08-11 17:54:03.017846] [INFO] [path_server] 새로운 경로 설정 : path[1056 ➜ 208] time[0s] dist[4.5m] list[4] : 1056-1057-1058-208
[2026-08-11 17:54:04.095959] [INFO] [path_server] 노드 업데이트 : [1057] ➜ [1058]
[2026-08-11 17:54:04.175787] [INFO] [path_server] 새로운 경로 설정 : path[1057 ➜ 208] time[0s] dist[3m] list[3] : 1057-1058-208
[2026-08-11 17:54:06.830567] [INFO] [path_server] 노드 업데이트 : [1058] ➜ [208]
[2026-08-11 17:54:06.910420] [INFO] [path_server] 새로운 경로 설정 : path[1058 ➜ 208] time[0s] dist[1.5m] list[2] : 1058-208
[2026-08-11 17:54:11.002110] [INFO] [path_server] 노드 업데이트 : [208] ➜ [-1]
[2026-08-11 17:54:14.894376] [INFO] [path_server] 노드 업데이트 : [208] ➜ [-1]
[2026-08-11 17:54:14.974270] [INFO] [path_server] 경로 삭제
[2026-08-11 17:54:44.941835] [INFO] [path_server] 새로운 경로 설정 : path[208 ➜ 108] time[0s] dist[60m] list[41] : 208-1058-1059-1060-1061-1062-1063-1064-1065-40-1067-1068-1069-1070-1071-1072-1073-1074-1075-1076-1159-1158-1157-1160-1161-1162-1163-1164-1165-1166-1167-1168-41-1170-1171-1172-1173-1174-1175-1176-108
[2026-08-11 17:54:47.097447] [INFO] [path_server] 노드 업데이트 : [1058] ➜ [1059]
[2026-08-11 17:54:47.197293] [INFO] [path_server] 새로운 경로 설정 : path[1058 ➜ 108] time[0s] dist[58.5m] list[40] : 1058-1059-1060-1061-1062-1063-1064-1065-40-1067-1068-1069-1070-1071-1072-1073-1074-1075-1076-1159-1158-1157-1160-1161-1162-1163-1164-1165-1166-1167-1168-41-1170-1171-1172-1173-1174-1175-1176-108
[2026-08-11 17:54:50.450514] [INFO] [path_server] 노드 업데이트 : [1059] ➜ [1060]
[2026-08-11 17:54:50.510450] [INFO] [path_server] 새로운 경로 설정 : path[1059 ➜ 108] time[0s] dist[57m] list[39] : 1059-1060-1061-1062-1063-1064-1065-40-1067-1068-1069-1070-1071-1072-1073-1074-1075-1076-1159-1158-1157-1160-1161-1162-1163-1164-1165-1166-1167-1168-41-1170-1171-1172-1173-1174-1175-1176-108
[2026-08-11 17:54:51.568442] [INFO] [path_server] 노드 업데이트 : [1060] ➜ [1061]
[2026-08-11 17:54:51.648363] [INFO] [path_server] 새로운 경로 설정 : path[1060 ➜ 108] time[0s] dist[55.5m] list[38] : 1060-1061-1062-1063-1064-1065-40-1067-1068-1069-1070-1071-1072-1073-1074-1075-1076-1159-1158-1157-1160-1161-1162-1163-1164-1165-1166-1167-1168-41-1170-1171-1172-1173-1174-1175-1176-108
[2026-08-11 17:54:52.389453] [INFO] [path_server] 노드 업데이트 : [1061] ➜ [1062]
[2026-08-11 17:54:52.469979] [INFO] [path_server] 새로운 경로 설정 : path[1061 ➜ 108] time[0s] dist[54m] list[37] : 1061-1062-1063-1064-1065-40-1067-1068-1069-1070-1071-1072-1073-1074-1075-1076-1159-1158-1157-1160-1161-1162-1163-1164-1165-1166-1167-1168-41-1170-1171-1172-1173-1174-1175-1176-108
[2026-08-11 17:54:53.151427] [INFO] [path_server] 노드 업데이트 : [1062] ➜ [1063]
[2026-08-11 17:54:53.231657] [INFO] [path_server] 새로운 경로 설정 : path[1062 ➜ 108] time[0s] dist[52.5m] list[36] : 1062-1063-1064-1065-40-1067-1068-1069-1070-1071-1072-1073-1074-1075-1076-1159-1158-1157-1160-1161-1162-1163-1164-1165-1166-1167-1168-41-1170-1171-1172-1173-1174-1175-1176-108
[2026-08-11 17:54:53.890706] [INFO] [path_server] 노드 업데이트 : [1063] ➜ [1064]
[2026-08-11 17:54:53.950635] [INFO] [path_server] 새로운 경로 설정 : path[1063 ➜ 108] time[0s] dist[51m] list[35] : 1063-1064-1065-40-1067-1068-1069-1070-1071-1072-1073-1074-1075-1076-1159-1158-1157-1160-1161-1162-1163-1164-1165-1166-1167-1168-41-1170-1171-1172-1173-1174-1175-1176-108
[2026-08-11 17:54:54.649254] [INFO] [path_server] 노드 업데이트 : [1064] ➜ [1065]
[2026-08-11 17:54:54.729164] [INFO] [path_server] 새로운 경로 설정 : path[1064 ➜ 108] time[0s] dist[49.5m] list[34] : 1064-1065-40-1067-1068-1069-1070-1071-1072-1073-1074-1075-1076-1159-1158-1157-1160-1161-1162-1163-1164-1165-1166-1167-1168-41-1170-1171-1172-1173-1174-1175-1176-108
[2026-08-11 17:54:55.407728] [INFO] [path_server] 노드 업데이트 : [1065] ➜ [40]
[2026-08-11 17:54:55.487665] [INFO] [path_server] 새로운 경로 설정 : path[1065 ➜ 108] time[0s] dist[48m] list[33] : 1065-40-1067-1068-1069-1070-1071-1072-1073-1074-1075-1076-1159-1158-1157-1160-1161-1162-1163-1164-1165-1166-1167-1168-41-1170-1171-1172-1173-1174-1175-1176-108
[2026-08-11 17:54:56.146444] [INFO] [path_server] 노드 업데이트 : [40] ➜ [1067]
[2026-08-11 17:54:56.246323] [INFO] [path_server] 새로운 경로 설정 : path[40 ➜ 108] time[0s] dist[46.5m] list[32] : 40-1067-1068-1069-1070-1071-1072-1073-1074-1075-1076-1159-1158-1157-1160-1161-1162-1163-1164-1165-1166-1167-1168-41-1170-1171-1172-1173-1174-1175-1176-108
[2026-08-11 17:54:56.904888] [INFO] [path_server] 노드 업데이트 : [1067] ➜ [1068]
[2026-08-11 17:54:56.984758] [INFO] [path_server] 새로운 경로 설정 : path[1067 ➜ 108] time[0s] dist[45m] list[31] : 1067-1068-1069-1070-1071-1072-1073-1074-1075-1076-1159-1158-1157-1160-1161-1162-1163-1164-1165-1166-1167-1168-41-1170-1171-1172-1173-1174-1175-1176-108
[2026-08-11 17:54:57.643409] [INFO] [path_server] 노드 업데이트 : [1068] ➜ [1069]
[2026-08-11 17:54:57.703330] [INFO] [path_server] 새로운 경로 설정 : path[1068 ➜ 108] time[0s] dist[43.5m] list[30] : 1068-1069-1070-1071-1072-1073-1074-1075-1076-1159-1158-1157-1160-1161-1162-1163-1164-1165-1166-1167-1168-41-1170-1171-1172-1173-1174-1175-1176-108
[2026-08-11 17:54:58.401910] [INFO] [path_server] 노드 업데이트 : [1069] ➜ [1070]
[2026-08-11 17:54:58.481757] [INFO] [path_server] 새로운 경로 설정 : path[1069 ➜ 108] time[0s] dist[42m] list[29] : 1069-1070-1071-1072-1073-1074-1075-1076-1159-1158-1157-1160-1161-1162-1163-1164-1165-1166-1167-1168-41-1170-1171-1172-1173-1174-1175-1176-108
[2026-08-11 17:54:59.140359] [INFO] [path_server] 노드 업데이트 : [1070] ➜ [1071]
[2026-08-11 17:54:59.200277] [INFO] [path_server] 새로운 경로 설정 : path[1070 ➜ 108] time[0s] dist[40.5m] list[28] : 1070-1071-1072-1073-1074-1075-1076-1159-1158-1157-1160-1161-1162-1163-1164-1165-1166-1167-1168-41-1170-1171-1172-1173-1174-1175-1176-108
[2026-08-11 17:54:59.898939] [INFO] [path_server] 노드 업데이트 : [1071] ➜ [1072]
[2026-08-11 17:54:59.978832] [INFO] [path_server] 새로운 경로 설정 : path[1071 ➜ 108] time[0s] dist[39m] list[27] : 1071-1072-1073-1074-1075-1076-1159-1158-1157-1160-1161-1162-1163-1164-1165-1166-1167-1168-41-1170-1171-1172-1173-1174-1175-1176-108
[2026-08-11 17:55:00.657334] [INFO] [path_server] 노드 업데이트 : [1072] ➜ [1073]
[2026-08-11 17:55:00.737261] [INFO] [path_server] 새로운 경로 설정 : path[1072 ➜ 108] time[0s] dist[37.5m] list[26] : 1072-1073-1074-1075-1076-1159-1158-1157-1160-1161-1162-1163-1164-1165-1166-1167-1168-41-1170-1171-1172-1173-1174-1175-1176-108
[2026-08-11 17:55:01.396160] [INFO] [path_server] 노드 업데이트 : [1073] ➜ [1074]
[2026-08-11 17:55:01.476044] [INFO] [path_server] 새로운 경로 설정 : path[1073 ➜ 108] time[0s] dist[36m] list[25] : 1073-1074-1075-1076-1159-1158-1157-1160-1161-1162-1163-1164-1165-1166-1167-1168-41-1170-1171-1172-1173-1174-1175-1176-108
[2026-08-11 17:55:02.154597] [INFO] [path_server] 노드 업데이트 : [1074] ➜ [1075]
[2026-08-11 17:55:02.234542] [INFO] [path_server] 새로운 경로 설정 : path[1074 ➜ 108] time[0s] dist[34.5m] list[24] : 1074-1075-1076-1159-1158-1157-1160-1161-1162-1163-1164-1165-1166-1167-1168-41-1170-1171-1172-1173-1174-1175-1176-108
[2026-08-11 17:55:02.893238] [INFO] [path_server] 노드 업데이트 : [1075] ➜ [1076]
[2026-08-11 17:55:02.973152] [INFO] [path_server] 새로운 경로 설정 : path[1075 ➜ 108] time[0s] dist[33m] list[23] : 1075-1076-1159-1158-1157-1160-1161-1162-1163-1164-1165-1166-1167-1168-41-1170-1171-1172-1173-1174-1175-1176-108
[2026-08-11 17:55:04.310694] [INFO] [path_server] 노드 업데이트 : [1076] ➜ [1159]
[2026-08-11 17:55:04.390662] [INFO] [path_server] 새로운 경로 설정 : path[1076 ➜ 108] time[0s] dist[31.5m] list[22] : 1076-1159-1158-1157-1160-1161-1162-1163-1164-1165-1166-1167-1168-41-1170-1171-1172-1173-1174-1175-1176-108
[2026-08-11 17:55:07.783887] [INFO] [path_server] 노드 업데이트 : [1159] ➜ [1158]
[2026-08-11 17:55:07.863848] [INFO] [path_server] 새로운 경로 설정 : path[1159 ➜ 108] time[0s] dist[30m] list[21] : 1159-1158-1157-1160-1161-1162-1163-1164-1165-1166-1167-1168-41-1170-1171-1172-1173-1174-1175-1176-108
[2026-08-11 17:55:08.901604] [INFO] [path_server] 노드 업데이트 : [1158] ➜ [1157]
[2026-08-11 17:55:08.981568] [INFO] [path_server] 새로운 경로 설정 : path[1158 ➜ 108] time[0s] dist[28.5m] list[20] : 1158-1157-1160-1161-1162-1163-1164-1165-1166-1167-1168-41-1170-1171-1172-1173-1174-1175-1176-108
[2026-08-11 17:55:10.318863] [INFO] [path_server] 노드 업데이트 : [1157] ➜ [1160]
[2026-08-11 17:55:10.378847] [INFO] [path_server] 새로운 경로 설정 : path[1157 ➜ 108] time[0s] dist[27m] list[19] : 1157-1160-1161-1162-1163-1164-1165-1166-1167-1168-41-1170-1171-1172-1173-1174-1175-1176-108
[2026-08-11 17:55:13.771820] [INFO] [path_server] 노드 업데이트 : [1160] ➜ [1161]
[2026-08-11 17:55:13.851689] [INFO] [path_server] 새로운 경로 설정 : path[1160 ➜ 108] time[0s] dist[25.5m] list[18] : 1160-1161-1162-1163-1164-1165-1166-1167-1168-41-1170-1171-1172-1173-1174-1175-1176-108
[2026-08-11 17:55:14.869680] [INFO] [path_server] 노드 업데이트 : [1161] ➜ [1162]
[2026-08-11 17:55:14.929569] [INFO] [path_server] 새로운 경로 설정 : path[1161 ➜ 108] time[0s] dist[24m] list[17] : 1161-1162-1163-1164-1165-1166-1167-1168-41-1170-1171-1172-1173-1174-1175-1176-108
[2026-08-11 17:55:15.688113] [INFO] [path_server] 노드 업데이트 : [1162] ➜ [1163]
[2026-08-11 17:55:15.768020] [INFO] [path_server] 새로운 경로 설정 : path[1162 ➜ 108] time[0s] dist[22.5m] list[16] : 1162-1163-1164-1165-1166-1167-1168-41-1170-1171-1172-1173-1174-1175-1176-108
[2026-08-11 17:55:16.426606] [INFO] [path_server] 노드 업데이트 : [1163] ➜ [1164]
[2026-08-11 17:55:16.486510] [INFO] [path_server] 새로운 경로 설정 : path[1163 ➜ 108] time[0s] dist[21m] list[15] : 1163-1164-1165-1166-1167-1168-41-1170-1171-1172-1173-1174-1175-1176-108
[2026-08-11 17:55:17.185173] [INFO] [path_server] 노드 업데이트 : [1164] ➜ [1165]
[2026-08-11 17:55:17.265022] [INFO] [path_server] 새로운 경로 설정 : path[1164 ➜ 108] time[0s] dist[19.5m] list[14] : 1164-1165-1166-1167-1168-41-1170-1171-1172-1173-1174-1175-1176-108
[2026-08-11 17:55:17.923769] [INFO] [path_server] 노드 업데이트 : [1165] ➜ [1166]
[2026-08-11 17:55:17.983699] [INFO] [path_server] 새로운 경로 설정 : path[1165 ➜ 108] time[0s] dist[18m] list[13] : 1165-1166-1167-1168-41-1170-1171-1172-1173-1174-1175-1176-108
[2026-08-11 17:55:18.682386] [INFO] [path_server] 노드 업데이트 : [1166] ➜ [1167]
[2026-08-11 17:55:18.782234] [INFO] [path_server] 새로운 경로 설정 : path[1166 ➜ 108] time[0s] dist[16.5m] list[12] : 1166-1167-1168-41-1170-1171-1172-1173-1174-1175-1176-108
[2026-08-11 17:55:19.440812] [INFO] [path_server] 노드 업데이트 : [1167] ➜ [1168]
[2026-08-11 17:55:19.520814] [INFO] [path_server] 새로운 경로 설정 : path[1167 ➜ 108] time[0s] dist[15m] list[11] : 1167-1168-41-1170-1171-1172-1173-1174-1175-1176-108
[2026-08-11 17:55:20.179359] [INFO] [path_server] 노드 업데이트 : [1168] ➜ [41]
[2026-08-11 17:55:20.259234] [INFO] [path_server] 새로운 경로 설정 : path[1168 ➜ 108] time[0s] dist[13.5m] list[10] : 1168-41-1170-1171-1172-1173-1174-1175-1176-108
[2026-08-11 17:55:20.937849] [INFO] [path_server] 노드 업데이트 : [41] ➜ [1170]
[2026-08-11 17:55:21.017691] [INFO] [path_server] 새로운 경로 설정 : path[41 ➜ 108] time[0s] dist[12m] list[9] : 41-1170-1171-1172-1173-1174-1175-1176-108
[2026-08-11 17:55:21.676556] [INFO] [path_server] 노드 업데이트 : [1170] ➜ [1171]
[2026-08-11 17:55:21.736474] [INFO] [path_server] 새로운 경로 설정 : path[1170 ➜ 108] time[0s] dist[10.5m] list[8] : 1170-1171-1172-1173-1174-1175-1176-108
[2026-08-11 17:55:22.435053] [INFO] [path_server] 노드 업데이트 : [1171] ➜ [1172]
[2026-08-11 17:55:22.514891] [INFO] [path_server] 새로운 경로 설정 : path[1171 ➜ 108] time[0s] dist[9m] list[7] : 1171-1172-1173-1174-1175-1176-108
[2026-08-11 17:55:23.173647] [INFO] [path_server] 노드 업데이트 : [1172] ➜ [1173]
[2026-08-11 17:55:23.233539] [INFO] [path_server] 새로운 경로 설정 : path[1172 ➜ 108] time[0s] dist[7.5m] list[6] : 1172-1173-1174-1175-1176-108
[2026-08-11 17:55:23.932109] [INFO] [path_server] 노드 업데이트 : [1173] ➜ [1174]
[2026-08-11 17:55:24.011962] [INFO] [path_server] 새로운 경로 설정 : path[1173 ➜ 108] time[0s] dist[6m] list[5] : 1173-1174-1175-1176-108
[2026-08-11 17:55:24.690526] [INFO] [path_server] 노드 업데이트 : [1174] ➜ [1175]
[2026-08-11 17:55:24.770443] [INFO] [path_server] 새로운 경로 설정 : path[1174 ➜ 108] time[0s] dist[4.5m] list[4] : 1174-1175-1176-108
[2026-08-11 17:55:25.429050] [INFO] [path_server] 노드 업데이트 : [1175] ➜ [1176]
[2026-08-11 17:55:25.508932] [INFO] [path_server] 새로운 경로 설정 : path[1175 ➜ 108] time[0s] dist[3m] list[3] : 1175-1176-108
[2026-08-11 17:55:26.746372] [INFO] [path_server] 노드 업데이트 : [1176] ➜ [108]
[2026-08-11 17:55:26.826213] [INFO] [path_server] 새로운 경로 설정 : path[1176 ➜ 108] time[0s] dist[1.5m] list[2] : 1176-108
[2026-08-11 17:55:30.718478] [INFO] [path_server] 노드 업데이트 : [108] ➜ [-1]
[2026-08-11 17:55:34.550733] [INFO] [path_server] 노드 업데이트 : [108] ➜ [-1]
[2026-08-11 17:56:01.018797] [INFO] [path_server] 경로 삭제
[2026-08-11 17:56:01.058763] [INFO] [path_server] 경로 삭제
[2026-08-11 17:56:11.058910] [INFO] [path_server] 새로운 경로 설정 : path[108 ➜ 207] time[0s] dist[19.5m] list[14] : 108-1176-1177-1178-1081-1185-1186-1187-1188-1056-1057-1058-1059-207
[2026-08-11 17:56:14.911201] [INFO] [path_server] 노드 업데이트 : [1176] ➜ [1177]
[2026-08-11 17:56:14.991120] [INFO] [path_server] 새로운 경로 설정 : path[1176 ➜ 207] time[0s] dist[18m] list[13] : 1176-1177-1178-1081-1185-1186-1187-1188-1056-1057-1058-1059-207
[2026-08-11 17:56:18.503887] [INFO] [path_server] 노드 업데이트 : [1177] ➜ [1178]
[2026-08-11 17:56:18.583784] [INFO] [path_server] 새로운 경로 설정 : path[1177 ➜ 207] time[0s] dist[16.5m] list[12] : 1177-1178-1081-1185-1186-1187-1188-1056-1057-1058-1059-207
[2026-08-11 17:56:19.621658] [INFO] [path_server] 노드 업데이트 : [1178] ➜ [1081]
[2026-08-11 17:56:19.681582] [INFO] [path_server] 새로운 경로 설정 : path[1178 ➜ 207] time[0s] dist[15m] list[11] : 1178-1081-1185-1186-1187-1188-1056-1057-1058-1059-207
[2026-08-11 17:56:20.439992] [INFO] [path_server] 노드 업데이트 : [1081] ➜ [1185]
[2026-08-11 17:56:20.539863] [INFO] [path_server] 새로운 경로 설정 : path[1081 ➜ 207] time[0s] dist[13.5m] list[10] : 1081-1185-1186-1187-1188-1056-1057-1058-1059-207
[2026-08-11 17:56:21.857278] [INFO] [path_server] 노드 업데이트 : [1185] ➜ [1186]
[2026-08-11 17:56:21.937161] [INFO] [path_server] 새로운 경로 설정 : path[1185 ➜ 207] time[0s] dist[12m] list[9] : 1185-1186-1187-1188-1056-1057-1058-1059-207
[2026-08-11 17:56:25.310390] [INFO] [path_server] 노드 업데이트 : [1186] ➜ [1187]
[2026-08-11 17:56:25.390309] [INFO] [path_server] 새로운 경로 설정 : path[1186 ➜ 207] time[0s] dist[10.5m] list[8] : 1186-1187-1188-1056-1057-1058-1059-207
[2026-08-11 17:56:26.408236] [INFO] [path_server] 노드 업데이트 : [1187] ➜ [1188]
[2026-08-11 17:56:26.488096] [INFO] [path_server] 새로운 경로 설정 : path[1187 ➜ 207] time[0s] dist[9m] list[7] : 1187-1188-1056-1057-1058-1059-207
[2026-08-11 17:56:27.665612] [INFO] [path_server] 노드 업데이트 : [1188] ➜ [1056]
[2026-08-11 17:56:27.745472] [INFO] [path_server] 새로운 경로 설정 : path[1188 ➜ 207] time[0s] dist[7.5m] list[6] : 1188-1056-1057-1058-1059-207
[2026-08-11 17:56:30.938897] [INFO] [path_server] 노드 업데이트 : [1056] ➜ [1057]
[2026-08-11 17:56:31.018813] [INFO] [path_server] 새로운 경로 설정 : path[1056 ➜ 207] time[0s] dist[6m] list[5] : 1056-1057-1058-1059-207
[2026-08-11 17:56:32.096565] [INFO] [path_server] 노드 업데이트 : [1057] ➜ [1058]
[2026-08-11 17:56:32.156472] [INFO] [path_server] 새로운 경로 설정 : path[1057 ➜ 207] time[0s] dist[4.5m] list[4] : 1057-1058-1059-207
[2026-08-11 17:56:32.934861] [INFO] [path_server] 노드 업데이트 : [1058] ➜ [1059]
[2026-08-11 17:56:32.994770] [INFO] [path_server] 새로운 경로 설정 : path[1058 ➜ 207] time[0s] dist[3m] list[3] : 1058-1059-207
[2026-08-11 17:56:35.669639] [INFO] [path_server] 노드 업데이트 : [1059] ➜ [207]
[2026-08-11 17:56:35.749504] [INFO] [path_server] 새로운 경로 설정 : path[1059 ➜ 207] time[0s] dist[1.5m] list[2] : 1059-207
[2026-08-11 17:56:39.842575] [INFO] [path_server] 노드 업데이트 : [207] ➜ [-1]
[2026-08-11 17:56:43.675740] [INFO] [path_server] 노드 업데이트 : [207] ➜ [-1]
[2026-08-11 17:56:43.755638] [INFO] [path_server] 경로 삭제
