[2026-08-11 16:38:02.005314] [INFO] [path_server] 생성
[2026-08-11 16:38:02.005419] [INFO] [path_server] 경로 삭제
[2026-08-11 16:38:02.008919] [INFO] [path_server] 노드 초기화 성공 : 로봇 좌표[22.004m 14.498m -179.887°] 최단 거리 노드[111] 거리(0.004152m)
[2026-08-11 16:45:50.025432] [INFO] [path_server] 생성
[2026-08-11 16:45:50.025499] [INFO] [path_server] 경로 삭제
[2026-08-11 16:45:50.027696] [INFO] [path_server] 노드 초기화 성공 : 로봇 좌표[22.004m 14.498m -179.887°] 최단 거리 노드[111] 거리(0.004152m)
[2026-08-11 16:46:34.927595] [INFO] [path_server] 경로 삭제
[2026-08-11 16:46:34.967571] [INFO] [path_server] 경로 삭제
[2026-08-11 16:49:24.439154] [INFO] [path_server] 생성
[2026-08-11 16:49:24.439202] [INFO] [path_server] 경로 삭제
[2026-08-11 16:49:24.441934] [INFO] [path_server] 노드 초기화 성공 : 로봇 좌표[5.504m 6.998m -179.385°] 최단 거리 노드[102] 거리(0.004241m)
[2026-08-11 16:49:58.414303] [INFO] [path_server] 생성
[2026-08-11 16:49:58.414358] [INFO] [path_server] 경로 삭제
[2026-08-11 16:49:58.416143] [INFO] [path_server] 노드 초기화 성공 : 로봇 좌표[5.504m 6.998m -179.385°] 최단 거리 노드[102] 거리(0.004241m)
[2026-08-11 16:50:16.203643] [INFO] [path_server] 새로운 경로 설정 : path[102 ➜ 1024] time[0s] dist[24m] list[17] : 102-1183-1184-1045-1046-1047-1048-1001-1002-1003-1004-1005-1006-1021-1022-1023-1024
[2026-08-11 16:50:18.718909] [INFO] [path_server] 새로운 경로 설정 : path[1183 ➜ 1041] time[0s] dist[6m] list[6] : 102-1183-1184-1045-1040-1041
[2026-08-11 16:50:23.369973] [INFO] [path_server] 노드 업데이트 : [1183] ➜ [1184]
[2026-08-11 16:50:23.449830] [INFO] [path_server] 새로운 경로 설정 : path[1183 ➜ 1041] time[0s] dist[6m] list[5] : 1183-1184-1045-1040-1041
[2026-08-11 16:50:26.983193] [INFO] [path_server] 노드 업데이트 : [1184] ➜ [1045]
[2026-08-11 16:50:27.043235] [INFO] [path_server] 새로운 경로 설정 : path[1184 ➜ 1041] time[0s] dist[4.5m] list[4] : 1184-1045-1040-1041
[2026-08-11 16:50:28.121413] [INFO] [path_server] 노드 업데이트 : [1045] ➜ [1040]
[2026-08-11 16:50:28.181271] [INFO] [path_server] 새로운 경로 설정 : path[1045 ➜ 1041] time[0s] dist[3m] list[3] : 1045-1040-1041
[2026-08-11 16:50:29.458776] [INFO] [path_server] 노드 업데이트 : [1040] ➜ [1041]
[2026-08-11 16:50:29.538692] [INFO] [path_server] 새로운 경로 설정 : path[1040 ➜ 1041] time[0s] dist[1.5m] list[2] : 1040-1041
[2026-08-11 16:50:33.451420] [INFO] [path_server] 노드 업데이트 : [1041] ➜ [-1]
[2026-08-11 16:50:37.284705] [INFO] [path_server] 노드 업데이트 : [1041] ➜ [-1]
[2026-08-11 16:50:37.364653] [INFO] [path_server] 경로 삭제
[2026-08-11 16:50:42.455351] [INFO] [path_server] 새로운 경로 설정 : path[1041 ➜ 105] time[0s] dist[24m] list[17] : 1041-1042-1112-1113-1114-1115-1116-1117-1118-1119-1120-1121-1122-1123-1179-1180-105
[2026-08-11 16:50:44.791128] [INFO] [path_server] 노드 업데이트 : [1042] ➜ [1112]
[2026-08-11 16:50:44.871021] [INFO] [path_server] 새로운 경로 설정 : path[1042 ➜ 105] time[0s] dist[22.5m] list[16] : 1042-1112-1113-1114-1115-1116-1117-1118-1119-1120-1121-1122-1123-1179-1180-105
[2026-08-11 16:50:46.148786] [INFO] [path_server] 노드 업데이트 : [1112] ➜ [1113]
[2026-08-11 16:50:46.228647] [INFO] [path_server] 새로운 경로 설정 : path[1112 ➜ 105] time[0s] dist[21m] list[15] : 1112-1113-1114-1115-1116-1117-1118-1119-1120-1121-1122-1123-1179-1180-105
[2026-08-11 16:50:49.522449] [INFO] [path_server] 노드 업데이트 : [1113] ➜ [1114]
[2026-08-11 16:50:49.582355] [INFO] [path_server] 새로운 경로 설정 : path[1113 ➜ 105] time[0s] dist[19.5m] list[14] : 1113-1114-1115-1116-1117-1118-1119-1120-1121-1122-1123-1179-1180-105
[2026-08-11 16:50:50.640156] [INFO] [path_server] 노드 업데이트 : [1114] ➜ [1115]
[2026-08-11 16:50:50.720038] [INFO] [path_server] 새로운 경로 설정 : path[1114 ➜ 105] time[0s] dist[18m] list[13] : 1114-1115-1116-1117-1118-1119-1120-1121-1122-1123-1179-1180-105
[2026-08-11 16:50:51.458433] [INFO] [path_server] 노드 업데이트 : [1115] ➜ [1116]
[2026-08-11 16:50:51.538370] [INFO] [path_server] 새로운 경로 설정 : path[1115 ➜ 105] time[0s] dist[16.5m] list[12] : 1115-1116-1117-1118-1119-1120-1121-1122-1123-1179-1180-105
[2026-08-11 16:50:52.216970] [INFO] [path_server] 노드 업데이트 : [1116] ➜ [1117]
[2026-08-11 16:50:52.276834] [INFO] [path_server] 새로운 경로 설정 : path[1116 ➜ 105] time[0s] dist[15m] list[11] : 1116-1117-1118-1119-1120-1121-1122-1123-1179-1180-105
[2026-08-11 16:50:52.975373] [INFO] [path_server] 노드 업데이트 : [1117] ➜ [1118]
[2026-08-11 16:50:53.055240] [INFO] [path_server] 새로운 경로 설정 : path[1117 ➜ 105] time[0s] dist[13.5m] list[10] : 1117-1118-1119-1120-1121-1122-1123-1179-1180-105
[2026-08-11 16:50:53.713894] [INFO] [path_server] 노드 업데이트 : [1118] ➜ [1119]
[2026-08-11 16:50:53.773834] [INFO] [path_server] 새로운 경로 설정 : path[1118 ➜ 105] time[0s] dist[12m] list[9] : 1118-1119-1120-1121-1122-1123-1179-1180-105
[2026-08-11 16:50:54.472456] [INFO] [path_server] 노드 업데이트 : [1119] ➜ [1120]
[2026-08-11 16:50:54.552314] [INFO] [path_server] 새로운 경로 설정 : path[1119 ➜ 105] time[0s] dist[10.5m] list[8] : 1119-1120-1121-1122-1123-1179-1180-105
[2026-08-11 16:50:55.310771] [INFO] [path_server] 노드 업데이트 : [1120] ➜ [1121]
[2026-08-11 16:50:55.390635] [INFO] [path_server] 새로운 경로 설정 : path[1120 ➜ 105] time[0s] dist[9m] list[7] : 1120-1121-1122-1123-1179-1180-105
[2026-08-11 16:50:58.963910] [INFO] [path_server] 노드 업데이트 : [1121] ➜ [1122]
[2026-08-11 16:50:59.023835] [INFO] [path_server] 새로운 경로 설정 : path[1121 ➜ 105] time[0s] dist[7.5m] list[6] : 1121-1122-1123-1179-1180-105
[2026-08-11 16:51:00.321324] [INFO] [path_server] 노드 업데이트 : [1122] ➜ [1123]
[2026-08-11 16:51:00.401208] [INFO] [path_server] 새로운 경로 설정 : path[1122 ➜ 105] time[0s] dist[6m] list[5] : 1122-1123-1179-1180-105
[2026-08-11 16:51:01.379851] [INFO] [path_server] 노드 업데이트 : [1123] ➜ [1179]
[2026-08-11 16:51:01.459896] [INFO] [path_server] 새로운 경로 설정 : path[1123 ➜ 105] time[0s] dist[4.5m] list[4] : 1123-1179-1180-105
[2026-08-11 16:51:04.693543] [INFO] [path_server] 노드 업데이트 : [1179] ➜ [1180]
[2026-08-11 16:51:04.773418] [INFO] [path_server] 새로운 경로 설정 : path[1179 ➜ 105] time[0s] dist[3m] list[3] : 1179-1180-105
[2026-08-11 16:51:06.070958] [INFO] [path_server] 노드 업데이트 : [1180] ➜ [105]
[2026-08-11 16:51:06.150788] [INFO] [path_server] 새로운 경로 설정 : path[1180 ➜ 105] time[0s] dist[1.5m] list[2] : 1180-105
[2026-08-11 16:51:11.281921] [INFO] [path_server] 노드 업데이트 : [105] ➜ [-1]
[2026-08-11 16:51:14.196449] [INFO] [path_server] 노드 업데이트 : [105] ➜ [-1]
[2026-08-11 16:52:17.175939] [INFO] [path_server] 생성
[2026-08-11 16:52:17.175990] [INFO] [path_server] 경로 삭제
[2026-08-11 16:52:17.177946] [INFO] [path_server] 노드 초기화 성공 : 로봇 좌표[5.504m 2.498m -179.480°] 최단 거리 노드[105] 거리(0.004380m)
[2026-08-11 16:53:09.460295] [INFO] [path_server] 경로 삭제
[2026-08-11 16:53:09.480258] [INFO] [path_server] 경로 삭제
[2026-08-11 16:54:05.111285] [INFO] [path_server] 새로운 경로 설정 : path[105 ➜ 1023] time[0s] dist[27m] list[19] : 105-1180-1181-1182-1183-1184-1045-1046-1047-1048-1001-1002-1003-1004-1005-1006-1021-1022-1023
[2026-08-11 16:54:12.276885] [INFO] [path_server] 노드 업데이트 : [1180] ➜ [1181]
[2026-08-11 16:54:12.356776] [INFO] [path_server] 새로운 경로 설정 : path[1180 ➜ 1023] time[0s] dist[25.5m] list[18] : 1180-1181-1182-1183-1184-1045-1046-1047-1048-1001-1002-1003-1004-1005-1006-1021-1022-1023
[2026-08-11 16:54:15.889908] [INFO] [path_server] 노드 업데이트 : [1181] ➜ [1182]
[2026-08-11 16:54:15.949803] [INFO] [path_server] 새로운 경로 설정 : path[1181 ➜ 1023] time[0s] dist[24m] list[17] : 1181-1182-1183-1184-1045-1046-1047-1048-1001-1002-1003-1004-1005-1006-1021-1022-1023
[2026-08-11 16:54:17.027816] [INFO] [path_server] 노드 업데이트 : [1182] ➜ [1183]
[2026-08-11 16:54:17.087683] [INFO] [path_server] 새로운 경로 설정 : path[1182 ➜ 1023] time[0s] dist[22.5m] list[16] : 1182-1183-1184-1045-1046-1047-1048-1001-1002-1003-1004-1005-1006-1021-1022-1023
[2026-08-11 16:54:17.846195] [INFO] [path_server] 노드 업데이트 : [1183] ➜ [1184]
[2026-08-11 16:54:17.926068] [INFO] [path_server] 새로운 경로 설정 : path[1183 ➜ 1023] time[0s] dist[21m] list[15] : 1183-1184-1045-1046-1047-1048-1001-1002-1003-1004-1005-1006-1021-1022-1023
[2026-08-11 16:54:18.604849] [INFO] [path_server] 노드 업데이트 : [1184] ➜ [1045]
[2026-08-11 16:54:18.684804] [INFO] [path_server] 새로운 경로 설정 : path[1184 ➜ 1023] time[0s] dist[19.5m] list[14] : 1184-1045-1046-1047-1048-1001-1002-1003-1004-1005-1006-1021-1022-1023
[2026-08-11 16:54:19.922508] [INFO] [path_server] 노드 업데이트 : [1045] ➜ [1046]
[2026-08-11 16:54:20.002411] [INFO] [path_server] 새로운 경로 설정 : path[1045 ➜ 1023] time[0s] dist[18m] list[13] : 1045-1046-1047-1048-1001-1002-1003-1004-1005-1006-1021-1022-1023
[2026-08-11 16:54:23.276212] [INFO] [path_server] 노드 업데이트 : [1046] ➜ [1047]
[2026-08-11 16:54:23.356119] [INFO] [path_server] 새로운 경로 설정 : path[1046 ➜ 1023] time[0s] dist[16.5m] list[12] : 1046-1047-1048-1001-1002-1003-1004-1005-1006-1021-1022-1023
[2026-08-11 16:54:24.394055] [INFO] [path_server] 노드 업데이트 : [1047] ➜ [1048]
[2026-08-11 16:54:24.453909] [INFO] [path_server] 새로운 경로 설정 : path[1047 ➜ 1023] time[0s] dist[15m] list[11] : 1047-1048-1001-1002-1003-1004-1005-1006-1021-1022-1023
[2026-08-11 16:54:25.232411] [INFO] [path_server] 노드 업데이트 : [1048] ➜ [1001]
[2026-08-11 16:54:25.292322] [INFO] [path_server] 새로운 경로 설정 : path[1048 ➜ 1023] time[0s] dist[13.5m] list[10] : 1048-1001-1002-1003-1004-1005-1006-1021-1022-1023
[2026-08-11 16:54:25.971006] [INFO] [path_server] 노드 업데이트 : [1001] ➜ [1002]
[2026-08-11 16:54:26.050924] [INFO] [path_server] 새로운 경로 설정 : path[1001 ➜ 1023] time[0s] dist[12m] list[9] : 1001-1002-1003-1004-1005-1006-1021-1022-1023
[2026-08-11 16:54:26.729571] [INFO] [path_server] 노드 업데이트 : [1002] ➜ [1003]
[2026-08-11 16:54:26.789478] [INFO] [path_server] 새로운 경로 설정 : path[1002 ➜ 1023] time[0s] dist[10.5m] list[8] : 1002-1003-1004-1005-1006-1021-1022-1023
[2026-08-11 16:54:27.468109] [INFO] [path_server] 노드 업데이트 : [1003] ➜ [1004]
[2026-08-11 16:54:27.548057] [INFO] [path_server] 새로운 경로 설정 : path[1003 ➜ 1023] time[0s] dist[9m] list[7] : 1003-1004-1005-1006-1021-1022-1023
[2026-08-11 16:54:28.226660] [INFO] [path_server] 노드 업데이트 : [1004] ➜ [1005]
[2026-08-11 16:54:28.286567] [INFO] [path_server] 새로운 경로 설정 : path[1004 ➜ 1023] time[0s] dist[7.5m] list[6] : 1004-1005-1006-1021-1022-1023
[2026-08-11 16:54:28.965191] [INFO] [path_server] 노드 업데이트 : [1005] ➜ [1006]
[2026-08-11 16:54:29.045090] [INFO] [path_server] 새로운 경로 설정 : path[1005 ➜ 1023] time[0s] dist[6m] list[5] : 1005-1006-1021-1022-1023
[2026-08-11 16:54:29.723874] [INFO] [path_server] 노드 업데이트 : [1006] ➜ [1021]
[2026-08-11 16:54:29.803811] [INFO] [path_server] 새로운 경로 설정 : path[1006 ➜ 1023] time[0s] dist[4.5m] list[4] : 1006-1021-1022-1023
[2026-08-11 16:54:30.482624] [INFO] [path_server] 노드 업데이트 : [1021] ➜ [1022]
[2026-08-11 16:54:30.542535] [INFO] [path_server] 새로운 경로 설정 : path[1021 ➜ 1023] time[0s] dist[3m] list[3] : 1021-1022-1023
[2026-08-11 16:54:31.221370] [INFO] [path_server] 노드 업데이트 : [1022] ➜ [1023]
[2026-08-11 16:54:31.301316] [INFO] [path_server] 새로운 경로 설정 : path[1022 ➜ 1023] time[0s] dist[1.5m] list[2] : 1022-1023
[2026-08-11 16:54:33.457951] [INFO] [path_server] 노드 업데이트 : [1023] ➜ [-1]
[2026-08-11 16:54:36.392235] [INFO] [path_server] 노드 업데이트 : [1023] ➜ [-1]
[2026-08-11 16:54:36.472133] [INFO] [path_server] 경로 삭제
[2026-08-11 16:54:41.562200] [INFO] [path_server] 새로운 경로 설정 : path[1023 ➜ 207] time[0s] dist[16.5m] list[12] : 1023-1024-1025-1026-1027-1028-1148-1077-1078-1079-1080-207
[2026-08-11 16:54:43.897797] [INFO] [path_server] 노드 업데이트 : [1024] ➜ [1025]
[2026-08-11 16:54:43.977784] [INFO] [path_server] 새로운 경로 설정 : path[1024 ➜ 207] time[0s] dist[15m] list[11] : 1024-1025-1026-1027-1028-1148-1077-1078-1079-1080-207
[2026-08-11 16:54:44.956503] [INFO] [path_server] 노드 업데이트 : [1025] ➜ [1026]
[2026-08-11 16:54:45.016389] [INFO] [path_server] 새로운 경로 설정 : path[1025 ➜ 207] time[0s] dist[13.5m] list[10] : 1025-1026-1027-1028-1148-1077-1078-1079-1080-207
[2026-08-11 16:54:45.755215] [INFO] [path_server] 노드 업데이트 : [1026] ➜ [1027]
[2026-08-11 16:54:45.835193] [INFO] [path_server] 새로운 경로 설정 : path[1026 ➜ 207] time[0s] dist[12m] list[9] : 1026-1027-1028-1148-1077-1078-1079-1080-207
[2026-08-11 16:54:46.513913] [INFO] [path_server] 노드 업데이트 : [1027] ➜ [1028]
[2026-08-11 16:54:46.574002] [INFO] [path_server] 새로운 경로 설정 : path[1027 ➜ 207] time[0s] dist[10.5m] list[8] : 1027-1028-1148-1077-1078-1079-1080-207
[2026-08-11 16:54:47.252534] [INFO] [path_server] 노드 업데이트 : [1028] ➜ [1148]
[2026-08-11 16:54:47.332464] [INFO] [path_server] 새로운 경로 설정 : path[1028 ➜ 207] time[0s] dist[9m] list[7] : 1028-1148-1077-1078-1079-1080-207
[2026-08-11 16:54:48.569857] [INFO] [path_server] 노드 업데이트 : [1148] ➜ [1077]
[2026-08-11 16:54:48.649718] [INFO] [path_server] 새로운 경로 설정 : path[1148 ➜ 207] time[0s] dist[7.5m] list[6] : 1148-1077-1078-1079-1080-207
[2026-08-11 16:54:51.923404] [INFO] [path_server] 노드 업데이트 : [1077] ➜ [1078]
[2026-08-11 16:54:52.003315] [INFO] [path_server] 새로운 경로 설정 : path[1077 ➜ 207] time[0s] dist[6m] list[5] : 1077-1078-1079-1080-207
[2026-08-11 16:54:53.061122] [INFO] [path_server] 노드 업데이트 : [1078] ➜ [1079]
[2026-08-11 16:54:53.141025] [INFO] [path_server] 새로운 경로 설정 : path[1078 ➜ 207] time[0s] dist[4.5m] list[4] : 1078-1079-1080-207
[2026-08-11 16:54:53.879613] [INFO] [path_server] 노드 업데이트 : [1079] ➜ [1080]
[2026-08-11 16:54:53.939543] [INFO] [path_server] 새로운 경로 설정 : path[1079 ➜ 207] time[0s] dist[3m] list[3] : 1079-1080-207
[2026-08-11 16:54:55.216929] [INFO] [path_server] 노드 업데이트 : [1080] ➜ [207]
[2026-08-11 16:54:55.296817] [INFO] [path_server] 새로운 경로 설정 : path[1080 ➜ 207] time[0s] dist[1.5m] list[2] : 1080-207
[2026-08-11 16:55:00.446298] [INFO] [path_server] 노드 업데이트 : [207] ➜ [-1]
[2026-08-11 16:55:03.400454] [INFO] [path_server] 노드 업데이트 : [207] ➜ [-1]
[2026-08-11 16:55:03.480359] [INFO] [path_server] 경로 삭제
[2026-08-11 16:55:17.593166] [INFO] [path_server] 새로운 경로 설정 : path[207 ➜ 102] time[0s] dist[75m] list[51] : 207-1080-1081-1082-1083-1084-1085-1086-1087-1088-1089-1090-1091-1092-1093-1094-1095-1074-1075-1076-1018-1019-1020-1011-1012-1035-1036-1037-1038-1039-1040-1041-1042-1112-1113-1114-1115-1116-1117-1118-1119-1120-1121-1122-1123-1179-1180-1181-1182-1183-102
[2026-08-11 16:55:22.484269] [INFO] [path_server] 노드 업데이트 : [1080] ➜ [1081]
[2026-08-11 16:55:22.564193] [INFO] [path_server] 새로운 경로 설정 : path[1080 ➜ 102] time[0s] dist[73.5m] list[50] : 1080-1081-1082-1083-1084-1085-1086-1087-1088-1089-1090-1091-1092-1093-1094-1095-1074-1075-1076-1018-1019-1020-1011-1012-1035-1036-1037-1038-1039-1040-1041-1042-1112-1113-1114-1115-1116-1117-1118-1119-1120-1121-1122-1123-1179-1180-1181-1182-1183-102
[2026-08-11 16:55:26.116836] [INFO] [path_server] 노드 업데이트 : [1081] ➜ [1082]
[2026-08-11 16:55:26.196765] [INFO] [path_server] 새로운 경로 설정 : path[1081 ➜ 102] time[0s] dist[72m] list[49] : 1081-1082-1083-1084-1085-1086-1087-1088-1089-1090-1091-1092-1093-1094-1095-1074-1075-1076-1018-1019-1020-1011-1012-1035-1036-1037-1038-1039-1040-1041-1042-1112-1113-1114-1115-1116-1117-1118-1119-1120-1121-1122-1123-1179-1180-1181-1182-1183-102
[2026-08-11 16:55:27.234595] [INFO] [path_server] 노드 업데이트 : [1082] ➜ [1083]
[2026-08-11 16:55:27.294551] [INFO] [path_server] 새로운 경로 설정 : path[1082 ➜ 102] time[0s] dist[70.5m] list[48] : 1082-1083-1084-1085-1086-1087-1088-1089-1090-1091-1092-1093-1094-1095-1074-1075-1076-1018-1019-1020-1011-1012-1035-1036-1037-1038-1039-1040-1041-1042-1112-1113-1114-1115-1116-1117-1118-1119-1120-1121-1122-1123-1179-1180-1181-1182-1183-102
[2026-08-11 16:55:28.052963] [INFO] [path_server] 노드 업데이트 : [1083] ➜ [1084]
[2026-08-11 16:55:28.132858] [INFO] [path_server] 새로운 경로 설정 : path[1083 ➜ 102] time[0s] dist[69m] list[47] : 1083-1084-1085-1086-1087-1088-1089-1090-1091-1092-1093-1094-1095-1074-1075-1076-1018-1019-1020-1011-1012-1035-1036-1037-1038-1039-1040-1041-1042-1112-1113-1114-1115-1116-1117-1118-1119-1120-1121-1122-1123-1179-1180-1181-1182-1183-102
[2026-08-11 16:55:29.470077] [INFO] [path_server] 노드 업데이트 : [1084] ➜ [1085]
[2026-08-11 16:55:29.550068] [INFO] [path_server] 새로운 경로 설정 : path[1084 ➜ 102] time[0s] dist[67.5m] list[46] : 1084-1085-1086-1087-1088-1089-1090-1091-1092-1093-1094-1095-1074-1075-1076-1018-1019-1020-1011-1012-1035-1036-1037-1038-1039-1040-1041-1042-1112-1113-1114-1115-1116-1117-1118-1119-1120-1121-1122-1123-1179-1180-1181-1182-1183-102
[2026-08-11 16:55:32.923412] [INFO] [path_server] 노드 업데이트 : [1085] ➜ [1086]
[2026-08-11 16:55:33.003398] [INFO] [path_server] 새로운 경로 설정 : path[1085 ➜ 102] time[0s] dist[66m] list[45] : 1085-1086-1087-1088-1089-1090-1091-1092-1093-1094-1095-1074-1075-1076-1018-1019-1020-1011-1012-1035-1036-1037-1038-1039-1040-1041-1042-1112-1113-1114-1115-1116-1117-1118-1119-1120-1121-1122-1123-1179-1180-1181-1182-1183-102
[2026-08-11 16:55:34.021539] [INFO] [path_server] 노드 업데이트 : [1086] ➜ [1087]
[2026-08-11 16:55:34.101353] [INFO] [path_server] 새로운 경로 설정 : path[1086 ➜ 102] time[0s] dist[64.5m] list[44] : 1086-1087-1088-1089-1090-1091-1092-1093-1094-1095-1074-1075-1076-1018-1019-1020-1011-1012-1035-1036-1037-1038-1039-1040-1041-1042-1112-1113-1114-1115-1116-1117-1118-1119-1120-1121-1122-1123-1179-1180-1181-1182-1183-102
[2026-08-11 16:55:34.839757] [INFO] [path_server] 노드 업데이트 : [1087] ➜ [1088]
[2026-08-11 16:55:34.919743] [INFO] [path_server] 새로운 경로 설정 : path[1087 ➜ 102] time[0s] dist[63m] list[43] : 1087-1088-1089-1090-1091-1092-1093-1094-1095-1074-1075-1076-1018-1019-1020-1011-1012-1035-1036-1037-1038-1039-1040-1041-1042-1112-1113-1114-1115-1116-1117-1118-1119-1120-1121-1122-1123-1179-1180-1181-1182-1183-102
[2026-08-11 16:55:35.598326] [INFO] [path_server] 노드 업데이트 : [1088] ➜ [1089]
[2026-08-11 16:55:35.658270] [INFO] [path_server] 새로운 경로 설정 : path[1088 ➜ 102] time[0s] dist[61.5m] list[42] : 1088-1089-1090-1091-1092-1093-1094-1095-1074-1075-1076-1018-1019-1020-1011-1012-1035-1036-1037-1038-1039-1040-1041-1042-1112-1113-1114-1115-1116-1117-1118-1119-1120-1121-1122-1123-1179-1180-1181-1182-1183-102
[2026-08-11 16:55:36.336717] [INFO] [path_server] 노드 업데이트 : [1089] ➜ [1090]
[2026-08-11 16:55:36.416677] [INFO] [path_server] 새로운 경로 설정 : path[1089 ➜ 102] time[0s] dist[60m] list[41] : 1089-1090-1091-1092-1093-1094-1095-1074-1075-1076-1018-1019-1020-1011-1012-1035-1036-1037-1038-1039-1040-1041-1042-1112-1113-1114-1115-1116-1117-1118-1119-1120-1121-1122-1123-1179-1180-1181-1182-1183-102
[2026-08-11 16:55:37.095199] [INFO] [path_server] 노드 업데이트 : [1090] ➜ [1091]
[2026-08-11 16:55:37.155126] [INFO] [path_server] 새로운 경로 설정 : path[1090 ➜ 102] time[0s] dist[58.5m] list[40] : 1090-1091-1092-1093-1094-1095-1074-1075-1076-1018-1019-1020-1011-1012-1035-1036-1037-1038-1039-1040-1041-1042-1112-1113-1114-1115-1116-1117-1118-1119-1120-1121-1122-1123-1179-1180-1181-1182-1183-102
[2026-08-11 16:55:37.853690] [INFO] [path_server] 노드 업데이트 : [1091] ➜ [1092]
[2026-08-11 16:55:37.933595] [INFO] [path_server] 새로운 경로 설정 : path[1091 ➜ 102] time[0s] dist[57m] list[39] : 1091-1092-1093-1094-1095-1074-1075-1076-1018-1019-1020-1011-1012-1035-1036-1037-1038-1039-1040-1041-1042-1112-1113-1114-1115-1116-1117-1118-1119-1120-1121-1122-1123-1179-1180-1181-1182-1183-102
[2026-08-11 16:55:38.592191] [INFO] [path_server] 노드 업데이트 : [1092] ➜ [1093]
[2026-08-11 16:55:38.652095] [INFO] [path_server] 새로운 경로 설정 : path[1092 ➜ 102] time[0s] dist[55.5m] list[38] : 1092-1093-1094-1095-1074-1075-1076-1018-1019-1020-1011-1012-1035-1036-1037-1038-1039-1040-1041-1042-1112-1113-1114-1115-1116-1117-1118-1119-1120-1121-1122-1123-1179-1180-1181-1182-1183-102
[2026-08-11 16:55:39.350692] [INFO] [path_server] 노드 업데이트 : [1093] ➜ [1094]
[2026-08-11 16:55:39.430553] [INFO] [path_server] 새로운 경로 설정 : path[1093 ➜ 102] time[0s] dist[54m] list[37] : 1093-1094-1095-1074-1075-1076-1018-1019-1020-1011-1012-1035-1036-1037-1038-1039-1040-1041-1042-1112-1113-1114-1115-1116-1117-1118-1119-1120-1121-1122-1123-1179-1180-1181-1182-1183-102
[2026-08-11 16:55:40.089210] [INFO] [path_server] 노드 업데이트 : [1094] ➜ [1095]
[2026-08-11 16:55:40.149097] [INFO] [path_server] 새로운 경로 설정 : path[1094 ➜ 102] time[0s] dist[52.5m] list[36] : 1094-1095-1074-1075-1076-1018-1019-1020-1011-1012-1035-1036-1037-1038-1039-1040-1041-1042-1112-1113-1114-1115-1116-1117-1118-1119-1120-1121-1122-1123-1179-1180-1181-1182-1183-102
[2026-08-11 16:55:41.426413] [INFO] [path_server] 노드 업데이트 : [1095] ➜ [1074]
[2026-08-11 16:55:41.506377] [INFO] [path_server] 새로운 경로 설정 : path[1095 ➜ 102] time[0s] dist[51m] list[35] : 1095-1074-1075-1076-1018-1019-1020-1011-1012-1035-1036-1037-1038-1039-1040-1041-1042-1112-1113-1114-1115-1116-1117-1118-1119-1120-1121-1122-1123-1179-1180-1181-1182-1183-102
[2026-08-11 16:55:44.779597] [INFO] [path_server] 노드 업데이트 : [1074] ➜ [1075]
[2026-08-11 16:55:44.859547] [INFO] [path_server] 새로운 경로 설정 : path[1074 ➜ 102] time[0s] dist[49.5m] list[34] : 1074-1075-1076-1018-1019-1020-1011-1012-1035-1036-1037-1038-1039-1040-1041-1042-1112-1113-1114-1115-1116-1117-1118-1119-1120-1121-1122-1123-1179-1180-1181-1182-1183-102
[2026-08-11 16:55:45.917322] [INFO] [path_server] 노드 업데이트 : [1075] ➜ [1076]
[2026-08-11 16:55:45.997217] [INFO] [path_server] 새로운 경로 설정 : path[1075 ➜ 102] time[0s] dist[48m] list[33] : 1075-1076-1018-1019-1020-1011-1012-1035-1036-1037-1038-1039-1040-1041-1042-1112-1113-1114-1115-1116-1117-1118-1119-1120-1121-1122-1123-1179-1180-1181-1182-1183-102
[2026-08-11 16:55:46.735550] [INFO] [path_server] 노드 업데이트 : [1076] ➜ [1018]
[2026-08-11 16:55:46.815493] [INFO] [path_server] 새로운 경로 설정 : path[1076 ➜ 102] time[0s] dist[46.5m] list[32] : 1076-1018-1019-1020-1011-1012-1035-1036-1037-1038-1039-1040-1041-1042-1112-1113-1114-1115-1116-1117-1118-1119-1120-1121-1122-1123-1179-1180-1181-1182-1183-102
[2026-08-11 16:55:47.494049] [INFO] [path_server] 노드 업데이트 : [1018] ➜ [1019]
[2026-08-11 16:55:47.553964] [INFO] [path_server] 새로운 경로 설정 : path[1018 ➜ 102] time[0s] dist[45m] list[31] : 1018-1019-1020-1011-1012-1035-1036-1037-1038-1039-1040-1041-1042-1112-1113-1114-1115-1116-1117-1118-1119-1120-1121-1122-1123-1179-1180-1181-1182-1183-102
[2026-08-11 16:55:48.252492] [INFO] [path_server] 노드 업데이트 : [1019] ➜ [1020]
[2026-08-11 16:55:48.332385] [INFO] [path_server] 새로운 경로 설정 : path[1019 ➜ 102] time[0s] dist[43.5m] list[30] : 1019-1020-1011-1012-1035-1036-1037-1038-1039-1040-1041-1042-1112-1113-1114-1115-1116-1117-1118-1119-1120-1121-1122-1123-1179-1180-1181-1182-1183-102
[2026-08-11 16:55:48.990986] [INFO] [path_server] 노드 업데이트 : [1020] ➜ [1011]
[2026-08-11 16:55:49.050878] [INFO] [path_server] 새로운 경로 설정 : path[1020 ➜ 102] time[0s] dist[42m] list[29] : 1020-1011-1012-1035-1036-1037-1038-1039-1040-1041-1042-1112-1113-1114-1115-1116-1117-1118-1119-1120-1121-1122-1123-1179-1180-1181-1182-1183-102
[2026-08-11 16:55:50.308544] [INFO] [path_server] 노드 업데이트 : [1011] ➜ [1012]
[2026-08-11 16:55:50.368458] [INFO] [path_server] 새로운 경로 설정 : path[1011 ➜ 102] time[0s] dist[40.5m] list[28] : 1011-1012-1035-1036-1037-1038-1039-1040-1041-1042-1112-1113-1114-1115-1116-1117-1118-1119-1120-1121-1122-1123-1179-1180-1181-1182-1183-102
[2026-08-11 16:55:53.681938] [INFO] [path_server] 노드 업데이트 : [1012] ➜ [1035]
[2026-08-11 16:55:53.761808] [INFO] [path_server] 새로운 경로 설정 : path[1012 ➜ 102] time[0s] dist[39m] list[27] : 1012-1035-1036-1037-1038-1039-1040-1041-1042-1112-1113-1114-1115-1116-1117-1118-1119-1120-1121-1122-1123-1179-1180-1181-1182-1183-102
[2026-08-11 16:55:54.799800] [INFO] [path_server] 노드 업데이트 : [1035] ➜ [1036]
[2026-08-11 16:55:54.879697] [INFO] [path_server] 새로운 경로 설정 : path[1035 ➜ 102] time[0s] dist[37.5m] list[26] : 1035-1036-1037-1038-1039-1040-1041-1042-1112-1113-1114-1115-1116-1117-1118-1119-1120-1121-1122-1123-1179-1180-1181-1182-1183-102
[2026-08-11 16:55:55.618363] [INFO] [path_server] 노드 업데이트 : [1036] ➜ [1037]
[2026-08-11 16:55:55.678267] [INFO] [path_server] 새로운 경로 설정 : path[1036 ➜ 102] time[0s] dist[36m] list[25] : 1036-1037-1038-1039-1040-1041-1042-1112-1113-1114-1115-1116-1117-1118-1119-1120-1121-1122-1123-1179-1180-1181-1182-1183-102
[2026-08-11 16:55:56.376868] [INFO] [path_server] 노드 업데이트 : [1037] ➜ [1038]
[2026-08-11 16:55:56.456776] [INFO] [path_server] 새로운 경로 설정 : path[1037 ➜ 102] time[0s] dist[34.5m] list[24] : 1037-1038-1039-1040-1041-1042-1112-1113-1114-1115-1116-1117-1118-1119-1120-1121-1122-1123-1179-1180-1181-1182-1183-102
[2026-08-11 16:55:57.135302] [INFO] [path_server] 노드 업데이트 : [1038] ➜ [1039]
[2026-08-11 16:55:57.215246] [INFO] [path_server] 새로운 경로 설정 : path[1038 ➜ 102] time[0s] dist[33m] list[23] : 1038-1039-1040-1041-1042-1112-1113-1114-1115-1116-1117-1118-1119-1120-1121-1122-1123-1179-1180-1181-1182-1183-102
[2026-08-11 16:55:57.873850] [INFO] [path_server] 노드 업데이트 : [1039] ➜ [1040]
[2026-08-11 16:55:57.953734] [INFO] [path_server] 새로운 경로 설정 : path[1039 ➜ 102] time[0s] dist[31.5m] list[22] : 1039-1040-1041-1042-1112-1113-1114-1115-1116-1117-1118-1119-1120-1121-1122-1123-1179-1180-1181-1182-1183-102
[2026-08-11 16:55:58.632240] [INFO] [path_server] 노드 업데이트 : [1040] ➜ [1041]
[2026-08-11 16:55:58.712179] [INFO] [path_server] 새로운 경로 설정 : path[1040 ➜ 102] time[0s] dist[30m] list[21] : 1040-1041-1042-1112-1113-1114-1115-1116-1117-1118-1119-1120-1121-1122-1123-1179-1180-1181-1182-1183-102
[2026-08-11 16:55:59.370736] [INFO] [path_server] 노드 업데이트 : [1041] ➜ [1042]
[2026-08-11 16:55:59.450609] [INFO] [path_server] 새로운 경로 설정 : path[1041 ➜ 102] time[0s] dist[28.5m] list[20] : 1041-1042-1112-1113-1114-1115-1116-1117-1118-1119-1120-1121-1122-1123-1179-1180-1181-1182-1183-102
[2026-08-11 16:56:00.129325] [INFO] [path_server] 노드 업데이트 : [1042] ➜ [1112]
[2026-08-11 16:56:00.209269] [INFO] [path_server] 새로운 경로 설정 : path[1042 ➜ 102] time[0s] dist[27m] list[19] : 1042-1112-1113-1114-1115-1116-1117-1118-1119-1120-1121-1122-1123-1179-1180-1181-1182-1183-102
[2026-08-11 16:56:01.446592] [INFO] [path_server] 노드 업데이트 : [1112] ➜ [1113]
[2026-08-11 16:56:01.526529] [INFO] [path_server] 새로운 경로 설정 : path[1112 ➜ 102] time[0s] dist[25.5m] list[18] : 1112-1113-1114-1115-1116-1117-1118-1119-1120-1121-1122-1123-1179-1180-1181-1182-1183-102
[2026-08-11 16:56:04.799837] [INFO] [path_server] 노드 업데이트 : [1113] ➜ [1114]
[2026-08-11 16:56:04.879737] [INFO] [path_server] 새로운 경로 설정 : path[1113 ➜ 102] time[0s] dist[24m] list[17] : 1113-1114-1115-1116-1117-1118-1119-1120-1121-1122-1123-1179-1180-1181-1182-1183-102
[2026-08-11 16:56:05.937644] [INFO] [path_server] 노드 업데이트 : [1114] ➜ [1115]
[2026-08-11 16:56:06.017565] [INFO] [path_server] 새로운 경로 설정 : path[1114 ➜ 102] time[0s] dist[22.5m] list[16] : 1114-1115-1116-1117-1118-1119-1120-1121-1122-1123-1179-1180-1181-1182-1183-102
[2026-08-11 16:56:06.756197] [INFO] [path_server] 노드 업데이트 : [1115] ➜ [1116]
[2026-08-11 16:56:06.816118] [INFO] [path_server] 새로운 경로 설정 : path[1115 ➜ 102] time[0s] dist[21m] list[15] : 1115-1116-1117-1118-1119-1120-1121-1122-1123-1179-1180-1181-1182-1183-102
[2026-08-11 16:56:07.514748] [INFO] [path_server] 노드 업데이트 : [1116] ➜ [1117]
[2026-08-11 16:56:07.594643] [INFO] [path_server] 새로운 경로 설정 : path[1116 ➜ 102] time[0s] dist[19.5m] list[14] : 1116-1117-1118-1119-1120-1121-1122-1123-1179-1180-1181-1182-1183-102
[2026-08-11 16:56:08.273173] [INFO] [path_server] 노드 업데이트 : [1117] ➜ [1118]
[2026-08-11 16:56:08.353097] [INFO] [path_server] 새로운 경로 설정 : path[1117 ➜ 102] time[0s] dist[18m] list[13] : 1117-1118-1119-1120-1121-1122-1123-1179-1180-1181-1182-1183-102
[2026-08-11 16:56:09.012062] [INFO] [path_server] 노드 업데이트 : [1118] ➜ [1119]
[2026-08-11 16:56:09.112078] [INFO] [path_server] 새로운 경로 설정 : path[1118 ➜ 102] time[0s] dist[16.5m] list[12] : 1118-1119-1120-1121-1122-1123-1179-1180-1181-1182-1183-102
[2026-08-11 16:56:09.770796] [INFO] [path_server] 노드 업데이트 : [1119] ➜ [1120]
[2026-08-11 16:56:09.850644] [INFO] [path_server] 새로운 경로 설정 : path[1119 ➜ 102] time[0s] dist[15m] list[11] : 1119-1120-1121-1122-1123-1179-1180-1181-1182-1183-102
[2026-08-11 16:56:10.609343] [INFO] [path_server] 노드 업데이트 : [1120] ➜ [1121]
[2026-08-11 16:56:10.689192] [INFO] [path_server] 새로운 경로 설정 : path[1120 ➜ 102] time[0s] dist[13.5m] list[10] : 1120-1121-1122-1123-1179-1180-1181-1182-1183-102
[2026-08-11 16:56:14.262403] [INFO] [path_server] 노드 업데이트 : [1121] ➜ [1122]
[2026-08-11 16:56:14.342319] [INFO] [path_server] 새로운 경로 설정 : path[1121 ➜ 102] time[0s] dist[12m] list[9] : 1121-1122-1123-1179-1180-1181-1182-1183-102
[2026-08-11 16:56:15.619789] [INFO] [path_server] 노드 업데이트 : [1122] ➜ [1123]
[2026-08-11 16:56:15.699714] [INFO] [path_server] 새로운 경로 설정 : path[1122 ➜ 102] time[0s] dist[10.5m] list[8] : 1122-1123-1179-1180-1181-1182-1183-102
[2026-08-11 16:56:16.677688] [INFO] [path_server] 노드 업데이트 : [1123] ➜ [1179]
[2026-08-11 16:56:16.737599] [INFO] [path_server] 새로운 경로 설정 : path[1123 ➜ 102] time[0s] dist[9m] list[7] : 1123-1179-1180-1181-1182-1183-102
[2026-08-11 16:56:19.991092] [INFO] [path_server] 노드 업데이트 : [1179] ➜ [1180]
[2026-08-11 16:56:20.071005] [INFO] [path_server] 새로운 경로 설정 : path[1179 ➜ 102] time[0s] dist[7.5m] list[6] : 1179-1180-1181-1182-1183-102
[2026-08-11 16:56:21.228593] [INFO] [path_server] 노드 업데이트 : [1180] ➜ [1181]
[2026-08-11 16:56:21.308506] [INFO] [path_server] 새로운 경로 설정 : path[1180 ➜ 102] time[0s] dist[6m] list[5] : 1180-1181-1182-1183-102
[2026-08-11 16:56:22.106937] [INFO] [path_server] 노드 업데이트 : [1181] ➜ [1182]
[2026-08-11 16:56:22.166806] [INFO] [path_server] 새로운 경로 설정 : path[1181 ➜ 102] time[0s] dist[4.5m] list[4] : 1181-1182-1183-102
[2026-08-11 16:56:22.865390] [INFO] [path_server] 노드 업데이트 : [1182] ➜ [1183]
[2026-08-11 16:56:22.945262] [INFO] [path_server] 새로운 경로 설정 : path[1182 ➜ 102] time[0s] dist[3m] list[3] : 1182-1183-102
[2026-08-11 16:56:24.162773] [INFO] [path_server] 노드 업데이트 : [1183] ➜ [102]
[2026-08-11 16:56:24.242705] [INFO] [path_server] 새로운 경로 설정 : path[1183 ➜ 102] time[0s] dist[1.5m] list[2] : 1183-102
[2026-08-11 16:56:29.372340] [INFO] [path_server] 노드 업데이트 : [102] ➜ [-1]
[2026-08-11 16:56:32.306496] [INFO] [path_server] 노드 업데이트 : [102] ➜ [-1]
[2026-08-11 16:57:17.696270] [INFO] [path_server] 경로 삭제
[2026-08-11 16:57:17.716231] [INFO] [path_server] 경로 삭제
[2026-08-11 16:58:31.547973] [INFO] [path_server] 경로 삭제
[2026-08-11 16:58:31.587929] [INFO] [path_server] 경로 삭제
[2026-08-11 16:58:38.294349] [INFO] [path_server] 새로운 경로 설정 : path[102 ➜ 204] time[0s] dist[19.5m] list[14] : 102-1183-1184-1045-1040-1041-1042-1112-1113-1114-1115-1116-1117-204
[2026-08-11 16:58:45.460085] [INFO] [path_server] 노드 업데이트 : [1183] ➜ [1184]
[2026-08-11 16:58:45.520158] [INFO] [path_server] 새로운 경로 설정 : path[1183 ➜ 204] time[0s] dist[18m] list[13] : 1183-1184-1045-1040-1041-1042-1112-1113-1114-1115-1116-1117-204
[2026-08-11 16:58:49.072683] [INFO] [path_server] 노드 업데이트 : [1184] ➜ [1045]
[2026-08-11 16:58:49.152616] [INFO] [path_server] 새로운 경로 설정 : path[1184 ➜ 204] time[0s] dist[16.5m] list[12] : 1184-1045-1040-1041-1042-1112-1113-1114-1115-1116-1117-204
[2026-08-11 16:58:50.210562] [INFO] [path_server] 노드 업데이트 : [1045] ➜ [1040]
[2026-08-11 16:58:50.290518] [INFO] [path_server] 새로운 경로 설정 : path[1045 ➜ 204] time[0s] dist[15m] list[11] : 1045-1040-1041-1042-1112-1113-1114-1115-1116-1117-204
[2026-08-11 16:58:51.547811] [INFO] [path_server] 노드 업데이트 : [1040] ➜ [1041]
[2026-08-11 16:58:51.627670] [INFO] [path_server] 새로운 경로 설정 : path[1040 ➜ 204] time[0s] dist[13.5m] list[10] : 1040-1041-1042-1112-1113-1114-1115-1116-1117-204
[2026-08-11 16:58:54.941200] [INFO] [path_server] 노드 업데이트 : [1041] ➜ [1042]
[2026-08-11 16:58:55.021076] [INFO] [path_server] 새로운 경로 설정 : path[1041 ➜ 204] time[0s] dist[12m] list[9] : 1041-1042-1112-1113-1114-1115-1116-1117-204
[2026-08-11 16:58:56.058964] [INFO] [path_server] 노드 업데이트 : [1042] ➜ [1112]
[2026-08-11 16:58:56.118891] [INFO] [path_server] 새로운 경로 설정 : path[1042 ➜ 204] time[0s] dist[10.5m] list[8] : 1042-1112-1113-1114-1115-1116-1117-204
[2026-08-11 16:58:57.396834] [INFO] [path_server] 노드 업데이트 : [1112] ➜ [1113]
[2026-08-11 16:58:57.476693] [INFO] [path_server] 새로운 경로 설정 : path[1112 ➜ 204] time[0s] dist[9m] list[7] : 1112-1113-1114-1115-1116-1117-204
[2026-08-11 16:59:00.735844] [INFO] [path_server] 노드 업데이트 : [1113] ➜ [1114]
[2026-08-11 16:59:00.796042] [INFO] [path_server] 새로운 경로 설정 : path[1113 ➜ 204] time[0s] dist[7.5m] list[6] : 1113-1114-1115-1116-1117-204
[2026-08-11 16:59:01.854775] [INFO] [path_server] 노드 업데이트 : [1114] ➜ [1115]
[2026-08-11 16:59:01.934632] [INFO] [path_server] 새로운 경로 설정 : path[1114 ➜ 204] time[0s] dist[6m] list[5] : 1114-1115-1116-1117-204
[2026-08-11 16:59:02.673056] [INFO] [path_server] 노드 업데이트 : [1115] ➜ [1116]
[2026-08-11 16:59:02.752961] [INFO] [path_server] 새로운 경로 설정 : path[1115 ➜ 204] time[0s] dist[4.5m] list[4] : 1115-1116-1117-204
[2026-08-11 16:59:03.431487] [INFO] [path_server] 노드 업데이트 : [1116] ➜ [1117]
[2026-08-11 16:59:03.491401] [INFO] [path_server] 새로운 경로 설정 : path[1116 ➜ 204] time[0s] dist[3m] list[3] : 1116-1117-204
[2026-08-11 16:59:04.749018] [INFO] [path_server] 노드 업데이트 : [1117] ➜ [204]
[2026-08-11 16:59:04.828917] [INFO] [path_server] 새로운 경로 설정 : path[1117 ➜ 204] time[0s] dist[1.5m] list[2] : 1117-204
[2026-08-11 16:59:09.978775] [INFO] [path_server] 노드 업데이트 : [204] ➜ [-1]
[2026-08-11 16:59:12.912692] [INFO] [path_server] 노드 업데이트 : [204] ➜ [-1]
[2026-08-11 16:59:12.992529] [INFO] [path_server] 경로 삭제
[2026-08-11 16:59:43.153921] [INFO] [path_server] 새로운 경로 설정 : path[204 ➜ 111] time[0s] dist[43.5m] list[30] : 204-1117-1118-1119-1120-1121-1122-1123-1179-1180-1181-1182-1183-1184-1045-1046-1047-1048-1001-1002-1003-1004-1005-1006-1021-1022-1007-1167-1168-111
[2026-08-11 16:59:48.044493] [INFO] [path_server] 노드 업데이트 : [1117] ➜ [1118]
[2026-08-11 16:59:48.124468] [INFO] [path_server] 새로운 경로 설정 : path[1117 ➜ 111] time[0s] dist[42m] list[29] : 1117-1118-1119-1120-1121-1122-1123-1179-1180-1181-1182-1183-1184-1045-1046-1047-1048-1001-1002-1003-1004-1005-1006-1021-1022-1007-1167-1168-111
[2026-08-11 16:59:51.677655] [INFO] [path_server] 노드 업데이트 : [1118] ➜ [1119]
[2026-08-11 16:59:51.737580] [INFO] [path_server] 새로운 경로 설정 : path[1118 ➜ 111] time[0s] dist[40.5m] list[28] : 1118-1119-1120-1121-1122-1123-1179-1180-1181-1182-1183-1184-1045-1046-1047-1048-1001-1002-1003-1004-1005-1006-1021-1022-1007-1167-1168-111
[2026-08-11 16:59:52.795495] [INFO] [path_server] 노드 업데이트 : [1119] ➜ [1120]
[2026-08-11 16:59:52.875359] [INFO] [path_server] 새로운 경로 설정 : path[1119 ➜ 111] time[0s] dist[39m] list[27] : 1119-1120-1121-1122-1123-1179-1180-1181-1182-1183-1184-1045-1046-1047-1048-1001-1002-1003-1004-1005-1006-1021-1022-1007-1167-1168-111
[2026-08-11 16:59:53.653749] [INFO] [path_server] 노드 업데이트 : [1120] ➜ [1121]
[2026-08-11 16:59:53.713695] [INFO] [path_server] 새로운 경로 설정 : path[1120 ➜ 111] time[0s] dist[37.5m] list[26] : 1120-1121-1122-1123-1179-1180-1181-1182-1183-1184-1045-1046-1047-1048-1001-1002-1003-1004-1005-1006-1021-1022-1007-1167-1168-111
[2026-08-11 16:59:57.346648] [INFO] [path_server] 노드 업데이트 : [1121] ➜ [1122]
[2026-08-11 16:59:57.406556] [INFO] [path_server] 새로운 경로 설정 : path[1121 ➜ 111] time[0s] dist[36m] list[25] : 1121-1122-1123-1179-1180-1181-1182-1183-1184-1045-1046-1047-1048-1001-1002-1003-1004-1005-1006-1021-1022-1007-1167-1168-111
[2026-08-11 16:59:58.703953] [INFO] [path_server] 노드 업데이트 : [1122] ➜ [1123]
[2026-08-11 16:59:58.783858] [INFO] [path_server] 새로운 경로 설정 : path[1122 ➜ 111] time[0s] dist[34.5m] list[24] : 1122-1123-1179-1180-1181-1182-1183-1184-1045-1046-1047-1048-1001-1002-1003-1004-1005-1006-1021-1022-1007-1167-1168-111
[2026-08-11 16:59:59.761785] [INFO] [path_server] 노드 업데이트 : [1123] ➜ [1179]
[2026-08-11 16:59:59.841717] [INFO] [path_server] 새로운 경로 설정 : path[1123 ➜ 111] time[0s] dist[33m] list[23] : 1123-1179-1180-1181-1182-1183-1184-1045-1046-1047-1048-1001-1002-1003-1004-1005-1006-1021-1022-1007-1167-1168-111
[2026-08-11 17:00:03.075361] [INFO] [path_server] 노드 업데이트 : [1179] ➜ [1180]
[2026-08-11 17:00:03.155243] [INFO] [path_server] 새로운 경로 설정 : path[1179 ➜ 111] time[0s] dist[31.5m] list[22] : 1179-1180-1181-1182-1183-1184-1045-1046-1047-1048-1001-1002-1003-1004-1005-1006-1021-1022-1007-1167-1168-111
[2026-08-11 17:00:04.312801] [INFO] [path_server] 노드 업데이트 : [1180] ➜ [1181]
[2026-08-11 17:00:04.392743] [INFO] [path_server] 새로운 경로 설정 : path[1180 ➜ 111] time[0s] dist[30m] list[21] : 1180-1181-1182-1183-1184-1045-1046-1047-1048-1001-1002-1003-1004-1005-1006-1021-1022-1007-1167-1168-111
[2026-08-11 17:00:05.191123] [INFO] [path_server] 노드 업데이트 : [1181] ➜ [1182]
[2026-08-11 17:00:05.251068] [INFO] [path_server] 새로운 경로 설정 : path[1181 ➜ 111] time[0s] dist[28.5m] list[20] : 1181-1182-1183-1184-1045-1046-1047-1048-1001-1002-1003-1004-1005-1006-1021-1022-1007-1167-1168-111
[2026-08-11 17:00:05.929522] [INFO] [path_server] 노드 업데이트 : [1182] ➜ [1183]
[2026-08-11 17:00:06.009452] [INFO] [path_server] 새로운 경로 설정 : path[1182 ➜ 111] time[0s] dist[27m] list[19] : 1182-1183-1184-1045-1046-1047-1048-1001-1002-1003-1004-1005-1006-1021-1022-1007-1167-1168-111
[2026-08-11 17:00:06.688058] [INFO] [path_server] 노드 업데이트 : [1183] ➜ [1184]
[2026-08-11 17:00:06.747945] [INFO] [path_server] 새로운 경로 설정 : path[1183 ➜ 111] time[0s] dist[25.5m] list[18] : 1183-1184-1045-1046-1047-1048-1001-1002-1003-1004-1005-1006-1021-1022-1007-1167-1168-111
[2026-08-11 17:00:07.446517] [INFO] [path_server] 노드 업데이트 : [1184] ➜ [1045]
[2026-08-11 17:00:07.546346] [INFO] [path_server] 새로운 경로 설정 : path[1184 ➜ 111] time[0s] dist[24m] list[17] : 1184-1045-1046-1047-1048-1001-1002-1003-1004-1005-1006-1021-1022-1007-1167-1168-111
[2026-08-11 17:00:08.763889] [INFO] [path_server] 노드 업데이트 : [1045] ➜ [1046]
[2026-08-11 17:00:08.823801] [INFO] [path_server] 새로운 경로 설정 : path[1045 ➜ 111] time[0s] dist[22.5m] list[16] : 1045-1046-1047-1048-1001-1002-1003-1004-1005-1006-1021-1022-1007-1167-1168-111
[2026-08-11 17:00:12.137170] [INFO] [path_server] 노드 업데이트 : [1046] ➜ [1047]
[2026-08-11 17:00:12.217099] [INFO] [path_server] 새로운 경로 설정 : path[1046 ➜ 111] time[0s] dist[21m] list[15] : 1046-1047-1048-1001-1002-1003-1004-1005-1006-1021-1022-1007-1167-1168-111
[2026-08-11 17:00:13.255002] [INFO] [path_server] 노드 업데이트 : [1047] ➜ [1048]
[2026-08-11 17:00:13.314905] [INFO] [path_server] 새로운 경로 설정 : path[1047 ➜ 111] time[0s] dist[19.5m] list[14] : 1047-1048-1001-1002-1003-1004-1005-1006-1021-1022-1007-1167-1168-111
[2026-08-11 17:00:14.073409] [INFO] [path_server] 노드 업데이트 : [1048] ➜ [1001]
[2026-08-11 17:00:14.153271] [INFO] [path_server] 새로운 경로 설정 : path[1048 ➜ 111] time[0s] dist[18m] list[13] : 1048-1001-1002-1003-1004-1005-1006-1021-1022-1007-1167-1168-111
[2026-08-11 17:00:14.832016] [INFO] [path_server] 노드 업데이트 : [1001] ➜ [1002]
[2026-08-11 17:00:14.911968] [INFO] [path_server] 새로운 경로 설정 : path[1001 ➜ 111] time[0s] dist[16.5m] list[12] : 1001-1002-1003-1004-1005-1006-1021-1022-1007-1167-1168-111
[2026-08-11 17:00:15.590640] [INFO] [path_server] 노드 업데이트 : [1002] ➜ [1003]
[2026-08-11 17:00:15.650565] [INFO] [path_server] 새로운 경로 설정 : path[1002 ➜ 111] time[0s] dist[15m] list[11] : 1002-1003-1004-1005-1006-1021-1022-1007-1167-1168-111
[2026-08-11 17:00:16.329157] [INFO] [path_server] 노드 업데이트 : [1003] ➜ [1004]
[2026-08-11 17:00:16.409092] [INFO] [path_server] 새로운 경로 설정 : path[1003 ➜ 111] time[0s] dist[13.5m] list[10] : 1003-1004-1005-1006-1021-1022-1007-1167-1168-111
[2026-08-11 17:00:17.087824] [INFO] [path_server] 노드 업데이트 : [1004] ➜ [1005]
[2026-08-11 17:00:17.147703] [INFO] [path_server] 새로운 경로 설정 : path[1004 ➜ 111] time[0s] dist[12m] list[9] : 1004-1005-1006-1021-1022-1007-1167-1168-111
[2026-08-11 17:00:17.826235] [INFO] [path_server] 노드 업데이트 : [1005] ➜ [1006]
[2026-08-11 17:00:17.906161] [INFO] [path_server] 새로운 경로 설정 : path[1005 ➜ 111] time[0s] dist[10.5m] list[8] : 1005-1006-1021-1022-1007-1167-1168-111
[2026-08-11 17:00:18.584729] [INFO] [path_server] 노드 업데이트 : [1006] ➜ [1021]
[2026-08-11 17:00:18.664596] [INFO] [path_server] 새로운 경로 설정 : path[1006 ➜ 111] time[0s] dist[9m] list[7] : 1006-1021-1022-1007-1167-1168-111
[2026-08-11 17:00:19.343194] [INFO] [path_server] 노드 업데이트 : [1021] ➜ [1022]
[2026-08-11 17:00:19.403122] [INFO] [path_server] 새로운 경로 설정 : path[1021 ➜ 111] time[0s] dist[7.5m] list[6] : 1021-1022-1007-1167-1168-111
[2026-08-11 17:00:20.640503] [INFO] [path_server] 노드 업데이트 : [1022] ➜ [1007]
[2026-08-11 17:00:20.720372] [INFO] [path_server] 새로운 경로 설정 : path[1022 ➜ 111] time[0s] dist[6m] list[5] : 1022-1007-1167-1168-111
[2026-08-11 17:00:23.993657] [INFO] [path_server] 노드 업데이트 : [1007] ➜ [1167]
[2026-08-11 17:00:24.073531] [INFO] [path_server] 새로운 경로 설정 : path[1007 ➜ 111] time[0s] dist[4.5m] list[4] : 1007-1167-1168-111
[2026-08-11 17:00:25.131368] [INFO] [path_server] 노드 업데이트 : [1167] ➜ [1168]
[2026-08-11 17:00:25.211241] [INFO] [path_server] 새로운 경로 설정 : path[1167 ➜ 111] time[0s] dist[3m] list[3] : 1167-1168-111
[2026-08-11 17:00:26.548564] [INFO] [path_server] 노드 업데이트 : [1168] ➜ [111]
[2026-08-11 17:00:26.628478] [INFO] [path_server] 새로운 경로 설정 : path[1168 ➜ 111] time[0s] dist[1.5m] list[2] : 1168-111
[2026-08-11 17:00:32.057660] [INFO] [path_server] 노드 업데이트 : [111] ➜ [-1]
[2026-08-11 17:00:34.991744] [INFO] [path_server] 노드 업데이트 : [111] ➜ [-1]
[2026-08-11 17:01:08.527411] [INFO] [path_server] 새로운 경로 설정 : path[111 ➜ 201] time[0s] dist[28.5m] list[20] : 111-1168-1169-1170-1171-1172-1091-1092-1093-1094-1095-1074-1075-1076-1018-1158-1159-1160-1161-201
[2026-08-11 17:01:13.218254] [INFO] [path_server] 노드 업데이트 : [1168] ➜ [1169]
[2026-08-11 17:01:13.278134] [INFO] [path_server] 새로운 경로 설정 : path[1168 ➜ 201] time[0s] dist[27m] list[19] : 1168-1169-1170-1171-1172-1091-1092-1093-1094-1095-1074-1075-1076-1018-1158-1159-1160-1161-201
[2026-08-11 17:01:16.911197] [INFO] [path_server] 노드 업데이트 : [1169] ➜ [1170]
[2026-08-11 17:01:16.991080] [INFO] [path_server] 새로운 경로 설정 : path[1169 ➜ 201] time[0s] dist[25.5m] list[18] : 1169-1170-1171-1172-1091-1092-1093-1094-1095-1074-1075-1076-1018-1158-1159-1160-1161-201
[2026-08-11 17:01:18.028964] [INFO] [path_server] 노드 업데이트 : [1170] ➜ [1171]
[2026-08-11 17:01:18.108894] [INFO] [path_server] 새로운 경로 설정 : path[1170 ➜ 201] time[0s] dist[24m] list[17] : 1170-1171-1172-1091-1092-1093-1094-1095-1074-1075-1076-1018-1158-1159-1160-1161-201
[2026-08-11 17:01:18.847365] [INFO] [path_server] 노드 업데이트 : [1171] ➜ [1172]
[2026-08-11 17:01:18.907278] [INFO] [path_server] 새로운 경로 설정 : path[1171 ➜ 201] time[0s] dist[22.5m] list[16] : 1171-1172-1091-1092-1093-1094-1095-1074-1075-1076-1018-1158-1159-1160-1161-201
[2026-08-11 17:01:19.585837] [INFO] [path_server] 노드 업데이트 : [1172] ➜ [1091]
[2026-08-11 17:01:19.665763] [INFO] [path_server] 새로운 경로 설정 : path[1172 ➜ 201] time[0s] dist[21m] list[15] : 1172-1091-1092-1093-1094-1095-1074-1075-1076-1018-1158-1159-1160-1161-201
[2026-08-11 17:01:20.643750] [INFO] [path_server] 노드 업데이트 : [1091] ➜ [1092]
[2026-08-11 17:01:20.703661] [INFO] [path_server] 새로운 경로 설정 : path[1091 ➜ 201] time[0s] dist[19.5m] list[14] : 1091-1092-1093-1094-1095-1074-1075-1076-1018-1158-1159-1160-1161-201
[2026-08-11 17:01:23.917164] [INFO] [path_server] 노드 업데이트 : [1092] ➜ [1093]
[2026-08-11 17:01:23.977076] [INFO] [path_server] 새로운 경로 설정 : path[1092 ➜ 201] time[0s] dist[18m] list[13] : 1092-1093-1094-1095-1074-1075-1076-1018-1158-1159-1160-1161-201
[2026-08-11 17:01:25.174488] [INFO] [path_server] 노드 업데이트 : [1093] ➜ [1094]
[2026-08-11 17:01:25.234391] [INFO] [path_server] 새로운 경로 설정 : path[1093 ➜ 201] time[0s] dist[16.5m] list[12] : 1093-1094-1095-1074-1075-1076-1018-1158-1159-1160-1161-201
[2026-08-11 17:01:26.032661] [INFO] [path_server] 노드 업데이트 : [1094] ➜ [1095]
[2026-08-11 17:01:26.112597] [INFO] [path_server] 새로운 경로 설정 : path[1094 ➜ 201] time[0s] dist[15m] list[11] : 1094-1095-1074-1075-1076-1018-1158-1159-1160-1161-201
[2026-08-11 17:01:27.350370] [INFO] [path_server] 노드 업데이트 : [1095] ➜ [1074]
[2026-08-11 17:01:27.430306] [INFO] [path_server] 새로운 경로 설정 : path[1095 ➜ 201] time[0s] dist[13.5m] list[10] : 1095-1074-1075-1076-1018-1158-1159-1160-1161-201
[2026-08-11 17:01:30.683921] [INFO] [path_server] 노드 업데이트 : [1074] ➜ [1075]
[2026-08-11 17:01:30.743816] [INFO] [path_server] 새로운 경로 설정 : path[1074 ➜ 201] time[0s] dist[12m] list[9] : 1074-1075-1076-1018-1158-1159-1160-1161-201
[2026-08-11 17:01:31.821661] [INFO] [path_server] 노드 업데이트 : [1075] ➜ [1076]
[2026-08-11 17:01:31.881576] [INFO] [path_server] 새로운 경로 설정 : path[1075 ➜ 201] time[0s] dist[10.5m] list[8] : 1075-1076-1018-1158-1159-1160-1161-201
[2026-08-11 17:01:32.640039] [INFO] [path_server] 노드 업데이트 : [1076] ➜ [1018]
[2026-08-11 17:01:32.719898] [INFO] [path_server] 새로운 경로 설정 : path[1076 ➜ 201] time[0s] dist[9m] list[7] : 1076-1018-1158-1159-1160-1161-201
[2026-08-11 17:01:33.977281] [INFO] [path_server] 노드 업데이트 : [1018] ➜ [1158]
[2026-08-11 17:01:34.057218] [INFO] [path_server] 새로운 경로 설정 : path[1018 ➜ 201] time[0s] dist[7.5m] list[6] : 1018-1158-1159-1160-1161-201
[2026-08-11 17:01:37.351152] [INFO] [path_server] 노드 업데이트 : [1158] ➜ [1159]
[2026-08-11 17:01:37.431049] [INFO] [path_server] 새로운 경로 설정 : path[1158 ➜ 201] time[0s] dist[6m] list[5] : 1158-1159-1160-1161-201
[2026-08-11 17:01:38.469033] [INFO] [path_server] 노드 업데이트 : [1159] ➜ [1160]
[2026-08-11 17:01:38.548934] [INFO] [path_server] 새로운 경로 설정 : path[1159 ➜ 201] time[0s] dist[4.5m] list[4] : 1159-1160-1161-201
[2026-08-11 17:01:39.307519] [INFO] [path_server] 노드 업데이트 : [1160] ➜ [1161]
[2026-08-11 17:01:39.387435] [INFO] [path_server] 새로운 경로 설정 : path[1160 ➜ 201] time[0s] dist[3m] list[3] : 1160-1161-201
[2026-08-11 17:01:40.605091] [INFO] [path_server] 노드 업데이트 : [1161] ➜ [201]
[2026-08-11 17:01:40.664983] [INFO] [path_server] 새로운 경로 설정 : path[1161 ➜ 201] time[0s] dist[1.5m] list[2] : 1161-201
[2026-08-11 17:01:45.835193] [INFO] [path_server] 노드 업데이트 : [201] ➜ [-1]
[2026-08-11 17:01:48.769371] [INFO] [path_server] 노드 업데이트 : [201] ➜ [-1]
[2026-08-11 17:01:48.849177] [INFO] [path_server] 경로 삭제
[2026-08-11 17:03:34.401891] [INFO] [path_server] 생성
[2026-08-11 17:03:34.401935] [INFO] [path_server] 경로 삭제
[2026-08-11 17:03:34.404177] [INFO] [path_server] 노드 초기화 성공 : 로봇 좌표[11.501m 14.504m -89.230°] 최단 거리 노드[201] 거리(0.003880m)
[2026-08-11 17:03:47.917851] [INFO] [path_server] 새로운 경로 설정 : path[201 ➜ 104] time[0s] dist[37.5m] list[26] : 201-1161-1162-1163-1164-1165-1166-1109-1110-1111-1112-1113-1114-1115-1116-1117-1118-1119-1120-1121-1122-1123-1179-1180-1181-104
[2026-08-11 17:03:52.807994] [INFO] [path_server] 노드 업데이트 : [1161] ➜ [1162]
[2026-08-11 17:03:52.887853] [INFO] [path_server] 새로운 경로 설정 : path[1161 ➜ 104] time[0s] dist[36m] list[25] : 1161-1162-1163-1164-1165-1166-1109-1110-1111-1112-1113-1114-1115-1116-1117-1118-1119-1120-1121-1122-1123-1179-1180-1181-104
[2026-08-11 17:03:56.441137] [INFO] [path_server] 노드 업데이트 : [1162] ➜ [1163]
[2026-08-11 17:03:56.521176] [INFO] [path_server] 새로운 경로 설정 : path[1162 ➜ 104] time[0s] dist[34.5m] list[24] : 1162-1163-1164-1165-1166-1109-1110-1111-1112-1113-1114-1115-1116-1117-1118-1119-1120-1121-1122-1123-1179-1180-1181-104
[2026-08-11 17:03:57.559129] [INFO] [path_server] 노드 업데이트 : [1163] ➜ [1164]
[2026-08-11 17:03:57.619008] [INFO] [path_server] 새로운 경로 설정 : path[1163 ➜ 104] time[0s] dist[33m] list[23] : 1163-1164-1165-1166-1109-1110-1111-1112-1113-1114-1115-1116-1117-1118-1119-1120-1121-1122-1123-1179-1180-1181-104
[2026-08-11 17:03:58.377809] [INFO] [path_server] 노드 업데이트 : [1164] ➜ [1165]
[2026-08-11 17:03:58.457691] [INFO] [path_server] 새로운 경로 설정 : path[1164 ➜ 104] time[0s] dist[31.5m] list[22] : 1164-1165-1166-1109-1110-1111-1112-1113-1114-1115-1116-1117-1118-1119-1120-1121-1122-1123-1179-1180-1181-104
[2026-08-11 17:03:59.136199] [INFO] [path_server] 노드 업데이트 : [1165] ➜ [1166]
[2026-08-11 17:03:59.216118] [INFO] [path_server] 새로운 경로 설정 : path[1165 ➜ 104] time[0s] dist[30m] list[21] : 1165-1166-1109-1110-1111-1112-1113-1114-1115-1116-1117-1118-1119-1120-1121-1122-1123-1179-1180-1181-104
[2026-08-11 17:03:59.894659] [INFO] [path_server] 노드 업데이트 : [1166] ➜ [1109]
[2026-08-11 17:03:59.954588] [INFO] [path_server] 새로운 경로 설정 : path[1166 ➜ 104] time[0s] dist[28.5m] list[20] : 1166-1109-1110-1111-1112-1113-1114-1115-1116-1117-1118-1119-1120-1121-1122-1123-1179-1180-1181-104
[2026-08-11 17:04:00.712987] [INFO] [path_server] 노드 업데이트 : [1109] ➜ [1110]
[2026-08-11 17:04:00.792849] [INFO] [path_server] 새로운 경로 설정 : path[1109 ➜ 104] time[0s] dist[27m] list[19] : 1109-1110-1111-1112-1113-1114-1115-1116-1117-1118-1119-1120-1121-1122-1123-1179-1180-1181-104
[2026-08-11 17:04:04.365427] [INFO] [path_server] 노드 업데이트 : [1110] ➜ [1111]
[2026-08-11 17:04:04.425326] [INFO] [path_server] 새로운 경로 설정 : path[1110 ➜ 104] time[0s] dist[25.5m] list[18] : 1110-1111-1112-1113-1114-1115-1116-1117-1118-1119-1120-1121-1122-1123-1179-1180-1181-104
[2026-08-11 17:04:05.722585] [INFO] [path_server] 노드 업데이트 : [1111] ➜ [1112]
[2026-08-11 17:04:05.802464] [INFO] [path_server] 새로운 경로 설정 : path[1111 ➜ 104] time[0s] dist[24m] list[17] : 1111-1112-1113-1114-1115-1116-1117-1118-1119-1120-1121-1122-1123-1179-1180-1181-104
[2026-08-11 17:04:06.620816] [INFO] [path_server] 노드 업데이트 : [1112] ➜ [1113]
[2026-08-11 17:04:06.700694] [INFO] [path_server] 새로운 경로 설정 : path[1112 ➜ 104] time[0s] dist[22.5m] list[16] : 1112-1113-1114-1115-1116-1117-1118-1119-1120-1121-1122-1123-1179-1180-1181-104
[2026-08-11 17:04:07.379271] [INFO] [path_server] 노드 업데이트 : [1113] ➜ [1114]
[2026-08-11 17:04:07.459217] [INFO] [path_server] 새로운 경로 설정 : path[1113 ➜ 104] time[0s] dist[21m] list[15] : 1113-1114-1115-1116-1117-1118-1119-1120-1121-1122-1123-1179-1180-1181-104
[2026-08-11 17:04:08.118029] [INFO] [path_server] 노드 업데이트 : [1114] ➜ [1115]
[2026-08-11 17:04:08.197936] [INFO] [path_server] 새로운 경로 설정 : path[1114 ➜ 104] time[0s] dist[19.5m] list[14] : 1114-1115-1116-1117-1118-1119-1120-1121-1122-1123-1179-1180-1181-104
[2026-08-11 17:04:08.876484] [INFO] [path_server] 노드 업데이트 : [1115] ➜ [1116]
[2026-08-11 17:04:08.956430] [INFO] [path_server] 새로운 경로 설정 : path[1115 ➜ 104] time[0s] dist[18m] list[13] : 1115-1116-1117-1118-1119-1120-1121-1122-1123-1179-1180-1181-104
[2026-08-11 17:04:09.615148] [INFO] [path_server] 노드 업데이트 : [1116] ➜ [1117]
[2026-08-11 17:04:09.695020] [INFO] [path_server] 새로운 경로 설정 : path[1116 ➜ 104] time[0s] dist[16.5m] list[12] : 1116-1117-1118-1119-1120-1121-1122-1123-1179-1180-1181-104
[2026-08-11 17:04:10.373611] [INFO] [path_server] 노드 업데이트 : [1117] ➜ [1118]
[2026-08-11 17:04:10.453536] [INFO] [path_server] 새로운 경로 설정 : path[1117 ➜ 104] time[0s] dist[15m] list[11] : 1117-1118-1119-1120-1121-1122-1123-1179-1180-1181-104
[2026-08-11 17:04:11.112219] [INFO] [path_server] 노드 업데이트 : [1118] ➜ [1119]
[2026-08-11 17:04:11.192097] [INFO] [path_server] 새로운 경로 설정 : path[1118 ➜ 104] time[0s] dist[13.5m] list[10] : 1118-1119-1120-1121-1122-1123-1179-1180-1181-104
[2026-08-11 17:04:11.870831] [INFO] [path_server] 노드 업데이트 : [1119] ➜ [1120]
[2026-08-11 17:04:11.950715] [INFO] [path_server] 새로운 경로 설정 : path[1119 ➜ 104] time[0s] dist[12m] list[9] : 1119-1120-1121-1122-1123-1179-1180-1181-104
[2026-08-11 17:04:12.709148] [INFO] [path_server] 노드 업데이트 : [1120] ➜ [1121]
[2026-08-11 17:04:12.789062] [INFO] [path_server] 새로운 경로 설정 : path[1120 ➜ 104] time[0s] dist[10.5m] list[8] : 1120-1121-1122-1123-1179-1180-1181-104
[2026-08-11 17:04:16.362145] [INFO] [path_server] 노드 업데이트 : [1121] ➜ [1122]
[2026-08-11 17:04:16.442001] [INFO] [path_server] 새로운 경로 설정 : path[1121 ➜ 104] time[0s] dist[9m] list[7] : 1121-1122-1123-1179-1180-1181-104
[2026-08-11 17:04:17.719364] [INFO] [path_server] 노드 업데이트 : [1122] ➜ [1123]
[2026-08-11 17:04:17.799273] [INFO] [path_server] 새로운 경로 설정 : path[1122 ➜ 104] time[0s] dist[7.5m] list[6] : 1122-1123-1179-1180-1181-104
[2026-08-11 17:04:18.777203] [INFO] [path_server] 노드 업데이트 : [1123] ➜ [1179]
[2026-08-11 17:04:18.837137] [INFO] [path_server] 새로운 경로 설정 : path[1123 ➜ 104] time[0s] dist[6m] list[5] : 1123-1179-1180-1181-104
[2026-08-11 17:04:22.090601] [INFO] [path_server] 노드 업데이트 : [1179] ➜ [1180]
[2026-08-11 17:04:22.170516] [INFO] [path_server] 새로운 경로 설정 : path[1179 ➜ 104] time[0s] dist[4.5m] list[4] : 1179-1180-1181-104
[2026-08-11 17:04:23.347958] [INFO] [path_server] 노드 업데이트 : [1180] ➜ [1181]
[2026-08-11 17:04:23.427833] [INFO] [path_server] 새로운 경로 설정 : path[1180 ➜ 104] time[0s] dist[3m] list[3] : 1180-1181-104
[2026-08-11 17:04:24.665316] [INFO] [path_server] 노드 업데이트 : [1181] ➜ [104]
[2026-08-11 17:04:24.745214] [INFO] [path_server] 새로운 경로 설정 : path[1181 ➜ 104] time[0s] dist[1.5m] list[2] : 1181-104
[2026-08-11 17:04:29.855365] [INFO] [path_server] 노드 업데이트 : [104] ➜ [-1]
[2026-08-11 17:04:32.789442] [INFO] [path_server] 노드 업데이트 : [104] ➜ [-1]
[2026-08-11 17:05:18.184017] [INFO] [path_server] 경로 삭제
[2026-08-11 17:05:18.223984] [INFO] [path_server] 경로 삭제
[2026-08-11 17:06:31.997701] [INFO] [path_server] 경로 삭제
[2026-08-11 17:06:32.037617] [INFO] [path_server] 경로 삭제
[2026-08-11 17:06:36.828134] [INFO] [path_server] 새로운 경로 설정 : path[104 ➜ 205] time[0s] dist[30m] list[21] : 104-1181-1182-1183-1184-1045-1046-1047-1048-1001-1002-1003-1004-1013-1049-1050-1014-1201-1200-1202-205
[2026-08-11 17:06:43.994250] [INFO] [path_server] 노드 업데이트 : [1181] ➜ [1182]
[2026-08-11 17:06:44.074138] [INFO] [path_server] 새로운 경로 설정 : path[1181 ➜ 205] time[0s] dist[28.5m] list[20] : 1181-1182-1183-1184-1045-1046-1047-1048-1001-1002-1003-1004-1013-1049-1050-1014-1201-1200-1202-205
[2026-08-11 17:06:47.606858] [INFO] [path_server] 노드 업데이트 : [1182] ➜ [1183]
[2026-08-11 17:06:47.686698] [INFO] [path_server] 새로운 경로 설정 : path[1182 ➜ 205] time[0s] dist[27m] list[19] : 1182-1183-1184-1045-1046-1047-1048-1001-1002-1003-1004-1013-1049-1050-1014-1201-1200-1202-205
[2026-08-11 17:06:48.744502] [INFO] [path_server] 노드 업데이트 : [1183] ➜ [1184]
[2026-08-11 17:06:48.824437] [INFO] [path_server] 새로운 경로 설정 : path[1183 ➜ 205] time[0s] dist[25.5m] list[18] : 1183-1184-1045-1046-1047-1048-1001-1002-1003-1004-1013-1049-1050-1014-1201-1200-1202-205
[2026-08-11 17:06:49.562928] [INFO] [path_server] 노드 업데이트 : [1184] ➜ [1045]
[2026-08-11 17:06:49.622857] [INFO] [path_server] 새로운 경로 설정 : path[1184 ➜ 205] time[0s] dist[24m] list[17] : 1184-1045-1046-1047-1048-1001-1002-1003-1004-1013-1049-1050-1014-1201-1200-1202-205
[2026-08-11 17:06:50.900153] [INFO] [path_server] 노드 업데이트 : [1045] ➜ [1046]
[2026-08-11 17:06:50.980065] [INFO] [path_server] 새로운 경로 설정 : path[1045 ➜ 205] time[0s] dist[22.5m] list[16] : 1045-1046-1047-1048-1001-1002-1003-1004-1013-1049-1050-1014-1201-1200-1202-205
[2026-08-11 17:06:54.233444] [INFO] [path_server] 노드 업데이트 : [1046] ➜ [1047]
[2026-08-11 17:06:54.293360] [INFO] [path_server] 새로운 경로 설정 : path[1046 ➜ 205] time[0s] dist[21m] list[15] : 1046-1047-1048-1001-1002-1003-1004-1013-1049-1050-1014-1201-1200-1202-205
[2026-08-11 17:06:55.371117] [INFO] [path_server] 노드 업데이트 : [1047] ➜ [1048]
[2026-08-11 17:06:55.431077] [INFO] [path_server] 새로운 경로 설정 : path[1047 ➜ 205] time[0s] dist[19.5m] list[14] : 1047-1048-1001-1002-1003-1004-1013-1049-1050-1014-1201-1200-1202-205
[2026-08-11 17:06:56.189544] [INFO] [path_server] 노드 업데이트 : [1048] ➜ [1001]
[2026-08-11 17:06:56.269404] [INFO] [path_server] 새로운 경로 설정 : path[1048 ➜ 205] time[0s] dist[18m] list[13] : 1048-1001-1002-1003-1004-1013-1049-1050-1014-1201-1200-1202-205
[2026-08-11 17:06:56.948170] [INFO] [path_server] 노드 업데이트 : [1001] ➜ [1002]
[2026-08-11 17:06:57.028095] [INFO] [path_server] 새로운 경로 설정 : path[1001 ➜ 205] time[0s] dist[16.5m] list[12] : 1001-1002-1003-1004-1013-1049-1050-1014-1201-1200-1202-205
[2026-08-11 17:06:57.706657] [INFO] [path_server] 노드 업데이트 : [1002] ➜ [1003]
[2026-08-11 17:06:57.766568] [INFO] [path_server] 새로운 경로 설정 : path[1002 ➜ 205] time[0s] dist[15m] list[11] : 1002-1003-1004-1013-1049-1050-1014-1201-1200-1202-205
[2026-08-11 17:06:58.445087] [INFO] [path_server] 노드 업데이트 : [1003] ➜ [1004]
[2026-08-11 17:06:58.525007] [INFO] [path_server] 새로운 경로 설정 : path[1003 ➜ 205] time[0s] dist[13.5m] list[10] : 1003-1004-1013-1049-1050-1014-1201-1200-1202-205
[2026-08-11 17:06:59.762349] [INFO] [path_server] 노드 업데이트 : [1004] ➜ [1013]
[2026-08-11 17:06:59.842258] [INFO] [path_server] 새로운 경로 설정 : path[1004 ➜ 205] time[0s] dist[12m] list[9] : 1004-1013-1049-1050-1014-1201-1200-1202-205
[2026-08-11 17:07:03.115450] [INFO] [path_server] 노드 업데이트 : [1013] ➜ [1049]
[2026-08-11 17:07:03.195313] [INFO] [path_server] 새로운 경로 설정 : path[1013 ➜ 205] time[0s] dist[10.5m] list[8] : 1013-1049-1050-1014-1201-1200-1202-205
[2026-08-11 17:07:04.233142] [INFO] [path_server] 노드 업데이트 : [1049] ➜ [1050]
[2026-08-11 17:07:04.313060] [INFO] [path_server] 새로운 경로 설정 : path[1049 ➜ 205] time[0s] dist[9m] list[7] : 1049-1050-1014-1201-1200-1202-205
[2026-08-11 17:07:05.570397] [INFO] [path_server] 노드 업데이트 : [1050] ➜ [1014]
[2026-08-11 17:07:05.650269] [INFO] [path_server] 새로운 경로 설정 : path[1050 ➜ 205] time[0s] dist[7.5m] list[6] : 1050-1014-1201-1200-1202-205
[2026-08-11 17:07:08.963559] [INFO] [path_server] 노드 업데이트 : [1014] ➜ [1201]
[2026-08-11 17:07:09.043487] [INFO] [path_server] 새로운 경로 설정 : path[1014 ➜ 205] time[0s] dist[6m] list[5] : 1014-1201-1200-1202-205
[2026-08-11 17:07:10.081334] [INFO] [path_server] 노드 업데이트 : [1201] ➜ [1200]
[2026-08-11 17:07:10.141233] [INFO] [path_server] 새로운 경로 설정 : path[1201 ➜ 205] time[0s] dist[4.5m] list[4] : 1201-1200-1202-205
[2026-08-11 17:07:10.900013] [INFO] [path_server] 노드 업데이트 : [1200] ➜ [1202]
[2026-08-11 17:07:10.979892] [INFO] [path_server] 새로운 경로 설정 : path[1200 ➜ 205] time[0s] dist[3m] list[3] : 1200-1202-205
[2026-08-11 17:07:12.237334] [INFO] [path_server] 노드 업데이트 : [1202] ➜ [205]
[2026-08-11 17:07:12.297221] [INFO] [path_server] 새로운 경로 설정 : path[1202 ➜ 205] time[0s] dist[1.5m] list[2] : 1202-205
[2026-08-11 17:07:17.446950] [INFO] [path_server] 노드 업데이트 : [205] ➜ [-1]
[2026-08-11 17:07:20.380992] [INFO] [path_server] 노드 업데이트 : [205] ➜ [-1]
[2026-08-11 17:07:20.460882] [INFO] [path_server] 경로 삭제
[2026-08-11 17:07:41.759382] [INFO] [path_server] 새로운 경로 설정 : path[205 ➜ 108] time[0s] dist[37.5m] list[26] : 205-1202-1203-1204-1205-1206-1207-1208-1145-1146-1147-1148-1077-1029-1030-1031-1032-1033-1034-1007-1167-1168-1169-1170-1171-108
[2026-08-11 17:07:46.649361] [INFO] [path_server] 노드 업데이트 : [1202] ➜ [1203]
[2026-08-11 17:07:46.729219] [INFO] [path_server] 새로운 경로 설정 : path[1202 ➜ 108] time[0s] dist[36m] list[25] : 1202-1203-1204-1205-1206-1207-1208-1145-1146-1147-1148-1077-1029-1030-1031-1032-1033-1034-1007-1167-1168-1169-1170-1171-108
[2026-08-11 17:07:50.262155] [INFO] [path_server] 노드 업데이트 : [1203] ➜ [1204]
[2026-08-11 17:07:50.322075] [INFO] [path_server] 새로운 경로 설정 : path[1203 ➜ 108] time[0s] dist[34.5m] list[24] : 1203-1204-1205-1206-1207-1208-1145-1146-1147-1148-1077-1029-1030-1031-1032-1033-1034-1007-1167-1168-1169-1170-1171-108
[2026-08-11 17:07:51.399865] [INFO] [path_server] 노드 업데이트 : [1204] ➜ [1205]
[2026-08-11 17:07:51.479829] [INFO] [path_server] 새로운 경로 설정 : path[1204 ➜ 108] time[0s] dist[33m] list[23] : 1204-1205-1206-1207-1208-1145-1146-1147-1148-1077-1029-1030-1031-1032-1033-1034-1007-1167-1168-1169-1170-1171-108
[2026-08-11 17:07:52.218329] [INFO] [path_server] 노드 업데이트 : [1205] ➜ [1206]
[2026-08-11 17:07:52.278248] [INFO] [path_server] 새로운 경로 설정 : path[1205 ➜ 108] time[0s] dist[31.5m] list[22] : 1205-1206-1207-1208-1145-1146-1147-1148-1077-1029-1030-1031-1032-1033-1034-1007-1167-1168-1169-1170-1171-108
[2026-08-11 17:07:52.976843] [INFO] [path_server] 노드 업데이트 : [1206] ➜ [1207]
[2026-08-11 17:07:53.056715] [INFO] [path_server] 새로운 경로 설정 : path[1206 ➜ 108] time[0s] dist[30.01m] list[21] : 1206-1207-1208-1145-1146-1147-1148-1077-1029-1030-1031-1032-1033-1034-1007-1167-1168-1169-1170-1171-108
[2026-08-11 17:07:53.735297] [INFO] [path_server] 노드 업데이트 : [1207] ➜ [1208]
[2026-08-11 17:07:53.815251] [INFO] [path_server] 새로운 경로 설정 : path[1207 ➜ 108] time[0s] dist[28.5m] list[20] : 1207-1208-1145-1146-1147-1148-1077-1029-1030-1031-1032-1033-1034-1007-1167-1168-1169-1170-1171-108
[2026-08-11 17:07:54.473947] [INFO] [path_server] 노드 업데이트 : [1208] ➜ [1145]
[2026-08-11 17:07:54.553823] [INFO] [path_server] 새로운 경로 설정 : path[1208 ➜ 108] time[0s] dist[27m] list[19] : 1208-1145-1146-1147-1148-1077-1029-1030-1031-1032-1033-1034-1007-1167-1168-1169-1170-1171-108
[2026-08-11 17:07:55.791253] [INFO] [path_server] 노드 업데이트 : [1145] ➜ [1146]
[2026-08-11 17:07:55.871087] [INFO] [path_server] 새로운 경로 설정 : path[1145 ➜ 108] time[0s] dist[25.5m] list[18] : 1145-1146-1147-1148-1077-1029-1030-1031-1032-1033-1034-1007-1167-1168-1169-1170-1171-108
[2026-08-11 17:07:59.164808] [INFO] [path_server] 노드 업데이트 : [1146] ➜ [1147]
[2026-08-11 17:07:59.224749] [INFO] [path_server] 새로운 경로 설정 : path[1146 ➜ 108] time[0s] dist[24m] list[17] : 1146-1147-1148-1077-1029-1030-1031-1032-1033-1034-1007-1167-1168-1169-1170-1171-108
[2026-08-11 17:08:00.282587] [INFO] [path_server] 노드 업데이트 : [1147] ➜ [1148]
[2026-08-11 17:08:00.362468] [INFO] [path_server] 새로운 경로 설정 : path[1147 ➜ 108] time[0s] dist[22.5m] list[16] : 1147-1148-1077-1029-1030-1031-1032-1033-1034-1007-1167-1168-1169-1170-1171-108
[2026-08-11 17:08:01.100967] [INFO] [path_server] 노드 업데이트 : [1148] ➜ [1077]
[2026-08-11 17:08:01.180900] [INFO] [path_server] 새로운 경로 설정 : path[1148 ➜ 108] time[0s] dist[21m] list[15] : 1148-1077-1029-1030-1031-1032-1033-1034-1007-1167-1168-1169-1170-1171-108
[2026-08-11 17:08:02.438339] [INFO] [path_server] 노드 업데이트 : [1077] ➜ [1029]
[2026-08-11 17:08:02.518209] [INFO] [path_server] 새로운 경로 설정 : path[1077 ➜ 108] time[0s] dist[19.5m] list[14] : 1077-1029-1030-1031-1032-1033-1034-1007-1167-1168-1169-1170-1171-108
[2026-08-11 17:08:05.771891] [INFO] [path_server] 노드 업데이트 : [1029] ➜ [1030]
[2026-08-11 17:08:05.851722] [INFO] [path_server] 새로운 경로 설정 : path[1029 ➜ 108] time[0s] dist[18m] list[13] : 1029-1030-1031-1032-1033-1034-1007-1167-1168-1169-1170-1171-108
[2026-08-11 17:08:06.909488] [INFO] [path_server] 노드 업데이트 : [1030] ➜ [1031]
[2026-08-11 17:08:06.989357] [INFO] [path_server] 새로운 경로 설정 : path[1030 ➜ 108] time[0s] dist[16.5m] list[12] : 1030-1031-1032-1033-1034-1007-1167-1168-1169-1170-1171-108
[2026-08-11 17:08:07.727816] [INFO] [path_server] 노드 업데이트 : [1031] ➜ [1032]
[2026-08-11 17:08:07.807716] [INFO] [path_server] 새로운 경로 설정 : path[1031 ➜ 108] time[0s] dist[15m] list[11] : 1031-1032-1033-1034-1007-1167-1168-1169-1170-1171-108
[2026-08-11 17:08:08.486272] [INFO] [path_server] 노드 업데이트 : [1032] ➜ [1033]
[2026-08-11 17:08:08.546188] [INFO] [path_server] 새로운 경로 설정 : path[1032 ➜ 108] time[0s] dist[13.5m] list[10] : 1032-1033-1034-1007-1167-1168-1169-1170-1171-108
[2026-08-11 17:08:09.244751] [INFO] [path_server] 노드 업데이트 : [1033] ➜ [1034]
[2026-08-11 17:08:09.324614] [INFO] [path_server] 새로운 경로 설정 : path[1033 ➜ 108] time[0s] dist[12m] list[9] : 1033-1034-1007-1167-1168-1169-1170-1171-108
[2026-08-11 17:08:09.983259] [INFO] [path_server] 노드 업데이트 : [1034] ➜ [1007]
[2026-08-11 17:08:10.043187] [INFO] [path_server] 새로운 경로 설정 : path[1034 ➜ 108] time[0s] dist[10.5m] list[8] : 1034-1007-1167-1168-1169-1170-1171-108
[2026-08-11 17:08:11.300802] [INFO] [path_server] 노드 업데이트 : [1007] ➜ [1167]
[2026-08-11 17:08:11.360695] [INFO] [path_server] 새로운 경로 설정 : path[1007 ➜ 108] time[0s] dist[9m] list[7] : 1007-1167-1168-1169-1170-1171-108
[2026-08-11 17:08:14.733887] [INFO] [path_server] 노드 업데이트 : [1167] ➜ [1168]
[2026-08-11 17:08:14.813769] [INFO] [path_server] 새로운 경로 설정 : path[1167 ➜ 108] time[0s] dist[7.5m] list[6] : 1167-1168-1169-1170-1171-108
[2026-08-11 17:08:17.129135] [INFO] [path_server] 노드 업데이트 : [1168] ➜ [1169]
[2026-08-11 17:08:17.209027] [INFO] [path_server] 새로운 경로 설정 : path[1168 ➜ 108] time[0s] dist[6m] list[5] : 1168-1169-1170-1171-108
[2026-08-11 17:08:18.506495] [INFO] [path_server] 노드 업데이트 : [1169] ➜ [1170]
[2026-08-11 17:08:18.586346] [INFO] [path_server] 새로운 경로 설정 : path[1169 ➜ 108] time[0s] dist[4.5m] list[4] : 1169-1170-1171-108
[2026-08-11 17:08:19.444427] [INFO] [path_server] 노드 업데이트 : [1170] ➜ [1171]
[2026-08-11 17:08:19.524338] [INFO] [path_server] 새로운 경로 설정 : path[1170 ➜ 108] time[0s] dist[3m] list[3] : 1170-1171-108
[2026-08-11 17:08:20.841580] [INFO] [path_server] 노드 업데이트 : [1171] ➜ [108]
[2026-08-11 17:08:20.921429] [INFO] [path_server] 새로운 경로 설정 : path[1171 ➜ 108] time[0s] dist[1.5m] list[2] : 1171-108
[2026-08-11 17:08:26.390289] [INFO] [path_server] 노드 업데이트 : [108] ➜ [-1]
[2026-08-11 17:08:29.304394] [INFO] [path_server] 노드 업데이트 : [108] ➜ [-1]
[2026-08-11 17:09:03.197447] [INFO] [path_server] 새로운 경로 설정 : path[108 ➜ 202] time[0s] dist[22.5m] list[16] : 108-1171-1172-1091-1092-1093-1094-1095-1074-1075-1076-1018-1158-1159-1160-202
[2026-08-11 17:09:07.888179] [INFO] [path_server] 노드 업데이트 : [1171] ➜ [1172]
[2026-08-11 17:09:07.968096] [INFO] [path_server] 새로운 경로 설정 : path[1171 ➜ 202] time[0s] dist[21m] list[15] : 1171-1172-1091-1092-1093-1094-1095-1074-1075-1076-1018-1158-1159-1160-202
[2026-08-11 17:09:11.581341] [INFO] [path_server] 노드 업데이트 : [1172] ➜ [1091]
[2026-08-11 17:09:11.661260] [INFO] [path_server] 새로운 경로 설정 : path[1172 ➜ 202] time[0s] dist[19.5m] list[14] : 1172-1091-1092-1093-1094-1095-1074-1075-1076-1018-1158-1159-1160-202
[2026-08-11 17:09:12.659036] [INFO] [path_server] 노드 업데이트 : [1091] ➜ [1092]
[2026-08-11 17:09:12.738957] [INFO] [path_server] 새로운 경로 설정 : path[1091 ➜ 202] time[0s] dist[18m] list[13] : 1091-1092-1093-1094-1095-1074-1075-1076-1018-1158-1159-1160-202
[2026-08-11 17:09:15.912372] [INFO] [path_server] 노드 업데이트 : [1092] ➜ [1093]
[2026-08-11 17:09:15.992260] [INFO] [path_server] 새로운 경로 설정 : path[1092 ➜ 202] time[0s] dist[16.5m] list[12] : 1092-1093-1094-1095-1074-1075-1076-1018-1158-1159-1160-202
[2026-08-11 17:09:17.169867] [INFO] [path_server] 노드 업데이트 : [1093] ➜ [1094]
[2026-08-11 17:09:17.249693] [INFO] [path_server] 새로운 경로 설정 : path[1093 ➜ 202] time[0s] dist[15m] list[11] : 1093-1094-1095-1074-1075-1076-1018-1158-1159-1160-202
[2026-08-11 17:09:18.028259] [INFO] [path_server] 노드 업데이트 : [1094] ➜ [1095]
[2026-08-11 17:09:18.088176] [INFO] [path_server] 새로운 경로 설정 : path[1094 ➜ 202] time[0s] dist[13.5m] list[10] : 1094-1095-1074-1075-1076-1018-1158-1159-1160-202
[2026-08-11 17:09:19.346245] [INFO] [path_server] 노드 업데이트 : [1095] ➜ [1074]
[2026-08-11 17:09:19.406149] [INFO] [path_server] 새로운 경로 설정 : path[1095 ➜ 202] time[0s] dist[12m] list[9] : 1095-1074-1075-1076-1018-1158-1159-1160-202
[2026-08-11 17:09:22.684428] [INFO] [path_server] 노드 업데이트 : [1074] ➜ [1075]
[2026-08-11 17:09:22.764325] [INFO] [path_server] 새로운 경로 설정 : path[1074 ➜ 202] time[0s] dist[10.5m] list[8] : 1074-1075-1076-1018-1158-1159-1160-202
[2026-08-11 17:09:23.822172] [INFO] [path_server] 노드 업데이트 : [1075] ➜ [1076]
[2026-08-11 17:09:23.902023] [INFO] [path_server] 새로운 경로 설정 : path[1075 ➜ 202] time[0s] dist[9m] list[7] : 1075-1076-1018-1158-1159-1160-202
[2026-08-11 17:09:24.640784] [INFO] [path_server] 노드 업데이트 : [1076] ➜ [1018]
[2026-08-11 17:09:24.720671] [INFO] [path_server] 새로운 경로 설정 : path[1076 ➜ 202] time[0s] dist[7.5m] list[6] : 1076-1018-1158-1159-1160-202
[2026-08-11 17:09:25.978125] [INFO] [path_server] 노드 업데이트 : [1018] ➜ [1158]
[2026-08-11 17:09:26.077945] [INFO] [path_server] 새로운 경로 설정 : path[1018 ➜ 202] time[0s] dist[6m] list[5] : 1018-1158-1159-1160-202
[2026-08-11 17:09:29.351511] [INFO] [path_server] 노드 업데이트 : [1158] ➜ [1159]
[2026-08-11 17:09:29.431424] [INFO] [path_server] 새로운 경로 설정 : path[1158 ➜ 202] time[0s] dist[4.5m] list[4] : 1158-1159-1160-202
[2026-08-11 17:09:30.489311] [INFO] [path_server] 노드 업데이트 : [1159] ➜ [1160]
[2026-08-11 17:09:30.569237] [INFO] [path_server] 새로운 경로 설정 : path[1159 ➜ 202] time[0s] dist[3m] list[3] : 1159-1160-202
[2026-08-11 17:09:31.826811] [INFO] [path_server] 노드 업데이트 : [1160] ➜ [202]
[2026-08-11 17:09:31.906673] [INFO] [path_server] 새로운 경로 설정 : path[1160 ➜ 202] time[0s] dist[1.5m] list[2] : 1160-202
[2026-08-11 17:09:37.080057] [INFO] [path_server] 노드 업데이트 : [202] ➜ [-1]
[2026-08-11 17:09:40.016555] [INFO] [path_server] 노드 업데이트 : [202] ➜ [-1]
[2026-08-11 17:09:40.096463] [INFO] [path_server] 경로 삭제
[2026-08-11 17:09:57.641384] [INFO] [path_server] 새로운 경로 설정 : path[202 ➜ 110] time[0s] dist[46.5m] list[32] : 202-1160-1161-1162-1163-1164-1165-1166-1109-1110-1111-1112-1113-1043-1044-1045-1046-1047-1048-1001-1002-1003-1004-1005-1006-1021-1022-1007-1167-1168-1169-110
[2026-08-11 17:10:02.532526] [INFO] [path_server] 노드 업데이트 : [1160] ➜ [1161]
[2026-08-11 17:10:02.592436] [INFO] [path_server] 새로운 경로 설정 : path[1160 ➜ 110] time[0s] dist[45m] list[31] : 1160-1161-1162-1163-1164-1165-1166-1109-1110-1111-1112-1113-1043-1044-1045-1046-1047-1048-1001-1002-1003-1004-1005-1006-1021-1022-1007-1167-1168-1169-110
[2026-08-11 17:10:06.165378] [INFO] [path_server] 노드 업데이트 : [1161] ➜ [1162]
[2026-08-11 17:10:06.245288] [INFO] [path_server] 새로운 경로 설정 : path[1161 ➜ 110] time[0s] dist[43.5m] list[30] : 1161-1162-1163-1164-1165-1166-1109-1110-1111-1112-1113-1043-1044-1045-1046-1047-1048-1001-1002-1003-1004-1005-1006-1021-1022-1007-1167-1168-1169-110
[2026-08-11 17:10:07.283027] [INFO] [path_server] 노드 업데이트 : [1162] ➜ [1163]
[2026-08-11 17:10:07.363009] [INFO] [path_server] 새로운 경로 설정 : path[1162 ➜ 110] time[0s] dist[42m] list[29] : 1162-1163-1164-1165-1166-1109-1110-1111-1112-1113-1043-1044-1045-1046-1047-1048-1001-1002-1003-1004-1005-1006-1021-1022-1007-1167-1168-1169-110
[2026-08-11 17:10:08.101452] [INFO] [path_server] 노드 업데이트 : [1163] ➜ [1164]
[2026-08-11 17:10:08.161360] [INFO] [path_server] 새로운 경로 설정 : path[1163 ➜ 110] time[0s] dist[40.5m] list[28] : 1163-1164-1165-1166-1109-1110-1111-1112-1113-1043-1044-1045-1046-1047-1048-1001-1002-1003-1004-1005-1006-1021-1022-1007-1167-1168-1169-110
[2026-08-11 17:10:08.859896] [INFO] [path_server] 노드 업데이트 : [1164] ➜ [1165]
[2026-08-11 17:10:08.939747] [INFO] [path_server] 새로운 경로 설정 : path[1164 ➜ 110] time[0s] dist[39m] list[27] : 1164-1165-1166-1109-1110-1111-1112-1113-1043-1044-1045-1046-1047-1048-1001-1002-1003-1004-1005-1006-1021-1022-1007-1167-1168-1169-110
[2026-08-11 17:10:09.618243] [INFO] [path_server] 노드 업데이트 : [1165] ➜ [1166]
[2026-08-11 17:10:09.698177] [INFO] [path_server] 새로운 경로 설정 : path[1165 ➜ 110] time[0s] dist[37.5m] list[26] : 1165-1166-1109-1110-1111-1112-1113-1043-1044-1045-1046-1047-1048-1001-1002-1003-1004-1005-1006-1021-1022-1007-1167-1168-1169-110
[2026-08-11 17:10:10.356750] [INFO] [path_server] 노드 업데이트 : [1166] ➜ [1109]
[2026-08-11 17:10:10.436609] [INFO] [path_server] 새로운 경로 설정 : path[1166 ➜ 110] time[0s] dist[36m] list[25] : 1166-1109-1110-1111-1112-1113-1043-1044-1045-1046-1047-1048-1001-1002-1003-1004-1005-1006-1021-1022-1007-1167-1168-1169-110
[2026-08-11 17:10:11.215055] [INFO] [path_server] 노드 업데이트 : [1109] ➜ [1110]
[2026-08-11 17:10:11.294912] [INFO] [path_server] 새로운 경로 설정 : path[1109 ➜ 110] time[0s] dist[34.5m] list[24] : 1109-1110-1111-1112-1113-1043-1044-1045-1046-1047-1048-1001-1002-1003-1004-1005-1006-1021-1022-1007-1167-1168-1169-110
[2026-08-11 17:10:14.867597] [INFO] [path_server] 노드 업데이트 : [1110] ➜ [1111]
[2026-08-11 17:10:14.947527] [INFO] [path_server] 새로운 경로 설정 : path[1110 ➜ 110] time[0s] dist[33m] list[23] : 1110-1111-1112-1113-1043-1044-1045-1046-1047-1048-1001-1002-1003-1004-1005-1006-1021-1022-1007-1167-1168-1169-110
[2026-08-11 17:10:16.224810] [INFO] [path_server] 노드 업데이트 : [1111] ➜ [1112]
[2026-08-11 17:10:16.284699] [INFO] [path_server] 새로운 경로 설정 : path[1111 ➜ 110] time[0s] dist[31.5m] list[22] : 1111-1112-1113-1043-1044-1045-1046-1047-1048-1001-1002-1003-1004-1005-1006-1021-1022-1007-1167-1168-1169-110
[2026-08-11 17:10:17.122965] [INFO] [path_server] 노드 업데이트 : [1112] ➜ [1113]
[2026-08-11 17:10:17.182853] [INFO] [path_server] 새로운 경로 설정 : path[1112 ➜ 110] time[0s] dist[30m] list[21] : 1112-1113-1043-1044-1045-1046-1047-1048-1001-1002-1003-1004-1005-1006-1021-1022-1007-1167-1168-1169-110
[2026-08-11 17:10:18.440218] [INFO] [path_server] 노드 업데이트 : [1113] ➜ [1043]
[2026-08-11 17:10:18.500138] [INFO] [path_server] 새로운 경로 설정 : path[1113 ➜ 110] time[0s] dist[28.5m] list[20] : 1113-1043-1044-1045-1046-1047-1048-1001-1002-1003-1004-1005-1006-1021-1022-1007-1167-1168-1169-110
[2026-08-11 17:10:21.773603] [INFO] [path_server] 노드 업데이트 : [1043] ➜ [1044]
[2026-08-11 17:10:21.853494] [INFO] [path_server] 새로운 경로 설정 : path[1043 ➜ 110] time[0s] dist[27m] list[19] : 1043-1044-1045-1046-1047-1048-1001-1002-1003-1004-1005-1006-1021-1022-1007-1167-1168-1169-110
[2026-08-11 17:10:22.911421] [INFO] [path_server] 노드 업데이트 : [1044] ➜ [1045]
[2026-08-11 17:10:22.971332] [INFO] [path_server] 새로운 경로 설정 : path[1044 ➜ 110] time[0s] dist[25.5m] list[18] : 1044-1045-1046-1047-1048-1001-1002-1003-1004-1005-1006-1021-1022-1007-1167-1168-1169-110
[2026-08-11 17:10:23.729965] [INFO] [path_server] 노드 업데이트 : [1045] ➜ [1046]
[2026-08-11 17:10:23.809812] [INFO] [path_server] 새로운 경로 설정 : path[1045 ➜ 110] time[0s] dist[24m] list[17] : 1045-1046-1047-1048-1001-1002-1003-1004-1005-1006-1021-1022-1007-1167-1168-1169-110
[2026-08-11 17:10:24.488612] [INFO] [path_server] 노드 업데이트 : [1046] ➜ [1047]
[2026-08-11 17:10:24.568595] [INFO] [path_server] 새로운 경로 설정 : path[1046 ➜ 110] time[0s] dist[22.5m] list[16] : 1046-1047-1048-1001-1002-1003-1004-1005-1006-1021-1022-1007-1167-1168-1169-110
[2026-08-11 17:10:25.247289] [INFO] [path_server] 노드 업데이트 : [1047] ➜ [1048]
[2026-08-11 17:10:25.307214] [INFO] [path_server] 새로운 경로 설정 : path[1047 ➜ 110] time[0s] dist[21m] list[15] : 1047-1048-1001-1002-1003-1004-1005-1006-1021-1022-1007-1167-1168-1169-110
[2026-08-11 17:10:25.985899] [INFO] [path_server] 노드 업데이트 : [1048] ➜ [1001]
[2026-08-11 17:10:26.065834] [INFO] [path_server] 새로운 경로 설정 : path[1048 ➜ 110] time[0s] dist[19.5m] list[14] : 1048-1001-1002-1003-1004-1005-1006-1021-1022-1007-1167-1168-1169-110
[2026-08-11 17:10:26.744483] [INFO] [path_server] 노드 업데이트 : [1001] ➜ [1002]
[2026-08-11 17:10:26.804395] [INFO] [path_server] 새로운 경로 설정 : path[1001 ➜ 110] time[0s] dist[18m] list[13] : 1001-1002-1003-1004-1005-1006-1021-1022-1007-1167-1168-1169-110
[2026-08-11 17:10:27.483132] [INFO] [path_server] 노드 업데이트 : [1002] ➜ [1003]
[2026-08-11 17:10:27.563076] [INFO] [path_server] 새로운 경로 설정 : path[1002 ➜ 110] time[0s] dist[16.5m] list[12] : 1002-1003-1004-1005-1006-1021-1022-1007-1167-1168-1169-110
[2026-08-11 17:10:28.241860] [INFO] [path_server] 노드 업데이트 : [1003] ➜ [1004]
[2026-08-11 17:10:28.301785] [INFO] [path_server] 새로운 경로 설정 : path[1003 ➜ 110] time[0s] dist[15m] list[11] : 1003-1004-1005-1006-1021-1022-1007-1167-1168-1169-110
[2026-08-11 17:10:28.980416] [INFO] [path_server] 노드 업데이트 : [1004] ➜ [1005]
[2026-08-11 17:10:29.060336] [INFO] [path_server] 새로운 경로 설정 : path[1004 ➜ 110] time[0s] dist[13.5m] list[10] : 1004-1005-1006-1021-1022-1007-1167-1168-1169-110
[2026-08-11 17:10:29.739023] [INFO] [path_server] 노드 업데이트 : [1005] ➜ [1006]
[2026-08-11 17:10:29.798947] [INFO] [path_server] 새로운 경로 설정 : path[1005 ➜ 110] time[0s] dist[12m] list[9] : 1005-1006-1021-1022-1007-1167-1168-1169-110
[2026-08-11 17:10:30.497645] [INFO] [path_server] 노드 업데이트 : [1006] ➜ [1021]
[2026-08-11 17:10:30.577533] [INFO] [path_server] 새로운 경로 설정 : path[1006 ➜ 110] time[0s] dist[10.5m] list[8] : 1006-1021-1022-1007-1167-1168-1169-110
[2026-08-11 17:10:31.236256] [INFO] [path_server] 노드 업데이트 : [1021] ➜ [1022]
[2026-08-11 17:10:31.296158] [INFO] [path_server] 새로운 경로 설정 : path[1021 ➜ 110] time[0s] dist[9.00003m] list[7] : 1021-1022-1007-1167-1168-1169-110
[2026-08-11 17:10:32.553701] [INFO] [path_server] 노드 업데이트 : [1022] ➜ [1007]
[2026-08-11 17:10:32.613702] [INFO] [path_server] 새로운 경로 설정 : path[1022 ➜ 110] time[0s] dist[7.50003m] list[6] : 1022-1007-1167-1168-1169-110
[2026-08-11 17:10:35.907366] [INFO] [path_server] 노드 업데이트 : [1007] ➜ [1167]
[2026-08-11 17:10:35.967283] [INFO] [path_server] 새로운 경로 설정 : path[1007 ➜ 110] time[0s] dist[6.00003m] list[5] : 1007-1167-1168-1169-110
[2026-08-11 17:10:37.125186] [INFO] [path_server] 노드 업데이트 : [1167] ➜ [1168]
[2026-08-11 17:10:37.205017] [INFO] [path_server] 새로운 경로 설정 : path[1167 ➜ 110] time[0s] dist[4.50003m] list[4] : 1167-1168-1169-110
[2026-08-11 17:10:38.921687] [INFO] [path_server] 노드 업데이트 : [1168] ➜ [1169]
[2026-08-11 17:10:39.001548] [INFO] [path_server] 새로운 경로 설정 : path[1168 ➜ 110] time[0s] dist[3.00003m] list[3] : 1168-1169-110
[2026-08-11 17:10:42.913644] [INFO] [path_server] 노드 업데이트 : [1169] ➜ [110]
[2026-08-11 17:10:42.993560] [INFO] [path_server] 새로운 경로 설정 : path[1169 ➜ 110] time[0s] dist[1.50003m] list[2] : 1169-110
[2026-08-11 17:10:52.694266] [INFO] [path_server] 새로운 경로 설정 : path[110 ➜ 1171] time[0s] dist[4.50003m] list[5] : 1169-110-1169-1170-1171
[2026-08-11 17:11:00.099170] [INFO] [path_server] 새로운 경로 설정 : path[1169 ➜ 1169] time[0s] dist[0m] list[1] : 1169
[2026-08-11 17:11:25.751674] [INFO] [path_server] 새로운 경로 설정 : path[-1 ➜ -1] time[0s] dist[0m] list[0] : 
[2026-08-11 17:11:32.319343] [INFO] [path_server] 새로운 경로 설정 : path[1169 ➜ 208] time[0s] dist[49.5m] list[34] : 1169-1170-1171-1172-1091-1092-1093-1094-1095-1074-1075-1076-1018-1019-1020-1011-1004-1005-1006-1021-1022-1023-1024-1025-1026-1027-1028-1148-1077-1078-1079-1080-1081-208
[2026-08-11 17:11:39.246016] [INFO] [path_server] 노드 업데이트 : [1170] ➜ [1171]
[2026-08-11 17:11:39.325943] [INFO] [path_server] 새로운 경로 설정 : path[1170 ➜ 208] time[0s] dist[48m] list[33] : 1170-1171-1172-1091-1092-1093-1094-1095-1074-1075-1076-1018-1019-1020-1011-1004-1005-1006-1021-1022-1023-1024-1025-1026-1027-1028-1148-1077-1078-1079-1080-1081-208
[2026-08-11 17:11:42.999444] [INFO] [path_server] 노드 업데이트 : [1171] ➜ [1172]
[2026-08-11 17:11:43.079316] [INFO] [path_server] 새로운 경로 설정 : path[1171 ➜ 208] time[0s] dist[46.5m] list[32] : 1171-1172-1091-1092-1093-1094-1095-1074-1075-1076-1018-1019-1020-1011-1004-1005-1006-1021-1022-1023-1024-1025-1026-1027-1028-1148-1077-1078-1079-1080-1081-208
[2026-08-11 17:11:45.993510] [INFO] [path_server] 노드 업데이트 : [1172] ➜ [1091]
[2026-08-11 17:11:46.073476] [INFO] [path_server] 새로운 경로 설정 : path[1172 ➜ 208] time[0s] dist[45m] list[31] : 1172-1091-1092-1093-1094-1095-1074-1075-1076-1018-1019-1020-1011-1004-1005-1006-1021-1022-1023-1024-1025-1026-1027-1028-1148-1077-1078-1079-1080-1081-208
[2026-08-11 17:11:49.466698] [INFO] [path_server] 노드 업데이트 : [1091] ➜ [1092]
[2026-08-11 17:11:49.546646] [INFO] [path_server] 새로운 경로 설정 : path[1091 ➜ 208] time[0s] dist[43.5m] list[30] : 1091-1092-1093-1094-1095-1074-1075-1076-1018-1019-1020-1011-1004-1005-1006-1021-1022-1023-1024-1025-1026-1027-1028-1148-1077-1078-1079-1080-1081-208
[2026-08-11 17:11:51.223292] [INFO] [path_server] 새로운 경로 설정 : path[1092 ➜ 1093] time[0s] dist[1.5m] list[3] : 1091-1092-1093
[2026-08-11 17:11:51.422915] [INFO] [path_server] 노드 업데이트 : [1092] ➜ [1093]
[2026-08-11 17:11:51.482800] [INFO] [path_server] 새로운 경로 설정 : path[1092 ➜ 1093] time[0s] dist[1.5m] list[2] : 1092-1093
[2026-08-11 17:11:55.275496] [INFO] [path_server] 노드 업데이트 : [1093] ➜ [-1]
[2026-08-11 17:11:57.211868] [INFO] [path_server] 새로운 경로 설정 : path[1093 ➜ 207] time[0s] dist[39m] list[27] : 1093-1094-1095-1074-1075-1076-1018-1019-1020-1011-1004-1005-1006-1021-1022-1023-1024-1025-1026-1027-1028-1148-1077-1078-1079-1080-207
[2026-08-11 17:11:59.766850] [INFO] [path_server] 노드 업데이트 : [1094] ➜ [1095]
[2026-08-11 17:11:59.846684] [INFO] [path_server] 새로운 경로 설정 : path[1094 ➜ 207] time[0s] dist[37.5m] list[26] : 1094-1095-1074-1075-1076-1018-1019-1020-1011-1004-1005-1006-1021-1022-1023-1024-1025-1026-1027-1028-1148-1077-1078-1079-1080-207
[2026-08-11 17:12:06.433240] [INFO] [path_server] 노드 업데이트 : [1095] ➜ [1074]
[2026-08-11 17:12:06.513107] [INFO] [path_server] 새로운 경로 설정 : path[1095 ➜ 207] time[0s] dist[36m] list[25] : 1095-1074-1075-1076-1018-1019-1020-1011-1004-1005-1006-1021-1022-1023-1024-1025-1026-1027-1028-1148-1077-1078-1079-1080-207
[2026-08-11 17:12:09.706543] [INFO] [path_server] 노드 업데이트 : [1074] ➜ [1075]
[2026-08-11 17:12:09.766481] [INFO] [path_server] 새로운 경로 설정 : path[1074 ➜ 207] time[0s] dist[34.5m] list[24] : 1074-1075-1076-1018-1019-1020-1011-1004-1005-1006-1021-1022-1023-1024-1025-1026-1027-1028-1148-1077-1078-1079-1080-207
[2026-08-11 17:12:10.844278] [INFO] [path_server] 노드 업데이트 : [1075] ➜ [1076]
[2026-08-11 17:12:10.904200] [INFO] [path_server] 새로운 경로 설정 : path[1075 ➜ 207] time[0s] dist[33m] list[23] : 1075-1076-1018-1019-1020-1011-1004-1005-1006-1021-1022-1023-1024-1025-1026-1027-1028-1148-1077-1078-1079-1080-207
[2026-08-11 17:12:11.662589] [INFO] [path_server] 노드 업데이트 : [1076] ➜ [1018]
[2026-08-11 17:12:11.742455] [INFO] [path_server] 새로운 경로 설정 : path[1076 ➜ 207] time[0s] dist[31.5m] list[22] : 1076-1018-1019-1020-1011-1004-1005-1006-1021-1022-1023-1024-1025-1026-1027-1028-1148-1077-1078-1079-1080-207
[2026-08-11 17:12:12.421076] [INFO] [path_server] 노드 업데이트 : [1018] ➜ [1019]
[2026-08-11 17:12:12.500987] [INFO] [path_server] 새로운 경로 설정 : path[1018 ➜ 207] time[0s] dist[30m] list[21] : 1018-1019-1020-1011-1004-1005-1006-1021-1022-1023-1024-1025-1026-1027-1028-1148-1077-1078-1079-1080-207
[2026-08-11 17:12:13.179665] [INFO] [path_server] 노드 업데이트 : [1019] ➜ [1020]
[2026-08-11 17:12:13.239582] [INFO] [path_server] 새로운 경로 설정 : path[1019 ➜ 207] time[0s] dist[28.5m] list[20] : 1019-1020-1011-1004-1005-1006-1021-1022-1023-1024-1025-1026-1027-1028-1148-1077-1078-1079-1080-207
[2026-08-11 17:12:13.918159] [INFO] [path_server] 노드 업데이트 : [1020] ➜ [1011]
[2026-08-11 17:12:13.998248] [INFO] [path_server] 새로운 경로 설정 : path[1020 ➜ 207] time[0s] dist[27m] list[19] : 1020-1011-1004-1005-1006-1021-1022-1023-1024-1025-1026-1027-1028-1148-1077-1078-1079-1080-207
[2026-08-11 17:12:14.676815] [INFO] [path_server] 노드 업데이트 : [1011] ➜ [1004]
[2026-08-11 17:12:14.736732] [INFO] [path_server] 새로운 경로 설정 : path[1011 ➜ 207] time[0s] dist[25.5m] list[18] : 1011-1004-1005-1006-1021-1022-1023-1024-1025-1026-1027-1028-1148-1077-1078-1079-1080-207
[2026-08-11 17:12:15.994248] [INFO] [path_server] 노드 업데이트 : [1004] ➜ [1005]
[2026-08-11 17:12:16.054129] [INFO] [path_server] 새로운 경로 설정 : path[1004 ➜ 207] time[0s] dist[24m] list[17] : 1004-1005-1006-1021-1022-1023-1024-1025-1026-1027-1028-1148-1077-1078-1079-1080-207
[2026-08-11 17:12:19.347733] [INFO] [path_server] 노드 업데이트 : [1005] ➜ [1006]
[2026-08-11 17:12:19.427665] [INFO] [path_server] 새로운 경로 설정 : path[1005 ➜ 207] time[0s] dist[22.5m] list[16] : 1005-1006-1021-1022-1023-1024-1025-1026-1027-1028-1148-1077-1078-1079-1080-207
[2026-08-11 17:12:20.485355] [INFO] [path_server] 노드 업데이트 : [1006] ➜ [1021]
[2026-08-11 17:12:20.565371] [INFO] [path_server] 새로운 경로 설정 : path[1006 ➜ 207] time[0s] dist[21m] list[15] : 1006-1021-1022-1023-1024-1025-1026-1027-1028-1148-1077-1078-1079-1080-207
[2026-08-11 17:12:21.303775] [INFO] [path_server] 노드 업데이트 : [1021] ➜ [1022]
[2026-08-11 17:12:21.363667] [INFO] [path_server] 새로운 경로 설정 : path[1021 ➜ 207] time[0s] dist[19.5m] list[14] : 1021-1022-1023-1024-1025-1026-1027-1028-1148-1077-1078-1079-1080-207
[2026-08-11 17:12:22.062333] [INFO] [path_server] 노드 업데이트 : [1022] ➜ [1023]
[2026-08-11 17:12:22.142159] [INFO] [path_server] 새로운 경로 설정 : path[1022 ➜ 207] time[0s] dist[18m] list[13] : 1022-1023-1024-1025-1026-1027-1028-1148-1077-1078-1079-1080-207
[2026-08-11 17:12:22.820625] [INFO] [path_server] 노드 업데이트 : [1023] ➜ [1024]
[2026-08-11 17:12:22.900590] [INFO] [path_server] 새로운 경로 설정 : path[1023 ➜ 207] time[0s] dist[16.5m] list[12] : 1023-1024-1025-1026-1027-1028-1148-1077-1078-1079-1080-207
[2026-08-11 17:12:23.559249] [INFO] [path_server] 노드 업데이트 : [1024] ➜ [1025]
[2026-08-11 17:12:23.639145] [INFO] [path_server] 새로운 경로 설정 : path[1024 ➜ 207] time[0s] dist[15m] list[11] : 1024-1025-1026-1027-1028-1148-1077-1078-1079-1080-207
[2026-08-11 17:12:24.318117] [INFO] [path_server] 노드 업데이트 : [1025] ➜ [1026]
[2026-08-11 17:12:24.398044] [INFO] [path_server] 새로운 경로 설정 : path[1025 ➜ 207] time[0s] dist[13.5m] list[10] : 1025-1026-1027-1028-1148-1077-1078-1079-1080-207
[2026-08-11 17:12:25.056663] [INFO] [path_server] 노드 업데이트 : [1026] ➜ [1027]
[2026-08-11 17:12:25.136574] [INFO] [path_server] 새로운 경로 설정 : path[1026 ➜ 207] time[0s] dist[12m] list[9] : 1026-1027-1028-1148-1077-1078-1079-1080-207
[2026-08-11 17:12:25.815099] [INFO] [path_server] 노드 업데이트 : [1027] ➜ [1028]
[2026-08-11 17:12:25.895007] [INFO] [path_server] 새로운 경로 설정 : path[1027 ➜ 207] time[0s] dist[10.5m] list[8] : 1027-1028-1148-1077-1078-1079-1080-207
[2026-08-11 17:12:26.553601] [INFO] [path_server] 노드 업데이트 : [1028] ➜ [1148]
[2026-08-11 17:12:26.633471] [INFO] [path_server] 새로운 경로 설정 : path[1028 ➜ 207] time[0s] dist[9m] list[7] : 1028-1148-1077-1078-1079-1080-207
[2026-08-11 17:12:27.890932] [INFO] [path_server] 노드 업데이트 : [1148] ➜ [1077]
[2026-08-11 17:12:27.950840] [INFO] [path_server] 새로운 경로 설정 : path[1148 ➜ 207] time[0s] dist[7.5m] list[6] : 1148-1077-1078-1079-1080-207
[2026-08-11 17:12:31.244182] [INFO] [path_server] 노드 업데이트 : [1077] ➜ [1078]
[2026-08-11 17:12:31.304093] [INFO] [path_server] 새로운 경로 설정 : path[1077 ➜ 207] time[0s] dist[6m] list[5] : 1077-1078-1079-1080-207
[2026-08-11 17:12:32.381830] [INFO] [path_server] 노드 업데이트 : [1078] ➜ [1079]
[2026-08-11 17:12:32.461708] [INFO] [path_server] 새로운 경로 설정 : path[1078 ➜ 207] time[0s] dist[4.5m] list[4] : 1078-1079-1080-207
[2026-08-11 17:12:33.200194] [INFO] [path_server] 노드 업데이트 : [1079] ➜ [1080]
[2026-08-11 17:12:33.260104] [INFO] [path_server] 새로운 경로 설정 : path[1079 ➜ 207] time[0s] dist[3m] list[3] : 1079-1080-207
[2026-08-11 17:12:34.537454] [INFO] [path_server] 노드 업데이트 : [1080] ➜ [207]
[2026-08-11 17:12:34.617373] [INFO] [path_server] 새로운 경로 설정 : path[1080 ➜ 207] time[0s] dist[1.5m] list[2] : 1080-207
[2026-08-11 17:12:39.767188] [INFO] [path_server] 노드 업데이트 : [207] ➜ [-1]
[2026-08-11 17:12:42.701276] [INFO] [path_server] 노드 업데이트 : [207] ➜ [-1]
[2026-08-11 17:12:42.781107] [INFO] [path_server] 경로 삭제
[2026-08-11 17:24:37.842105] [INFO] [path_server] 생성
[2026-08-11 17:24:37.842145] [INFO] [path_server] 경로 삭제
[2026-08-11 17:24:37.844054] [ERROR] [path_server] 노드 초기화 실패 : 로봇 좌표[22.004m 14.498m -179.887°] 최단 거리 노드[1172] 거리(1.580392m)
[2026-08-11 17:27:18.531201] [INFO] [path_server] 생성
[2026-08-11 17:27:18.531235] [INFO] [path_server] 경로 삭제
[2026-08-11 17:27:18.532871] [INFO] [path_server] 노드 초기화 성공 : 로봇 좌표[9.489m 18.997m 90.045°] 최단 거리 노드[104] 거리(0.011735m)
[2026-08-11 17:27:55.440953] [INFO] [path_server] 생성
[2026-08-11 17:27:55.440994] [INFO] [path_server] 경로 삭제
[2026-08-11 17:27:55.442704] [INFO] [path_server] 노드 초기화 성공 : 로봇 좌표[9.489m 18.997m 90.045°] 최단 거리 노드[104] 거리(0.011735m)
[2026-08-11 17:28:32.930655] [INFO] [path_server] 새로운 경로 설정 : path[104 ➜ 4] time[0s] dist[38.0355m] list[23] : 104-1071-1072-1073-1074-1075-1076-1077-1078-1390-1391-1001-1002-1003-1004-1005-1006-1007-1008-1010-1013-1025-4
[2026-08-11 17:28:36.803282] [INFO] [path_server] 노드 업데이트 : [1071] ➜ [1072]
[2026-08-11 17:28:36.883224] [INFO] [path_server] 새로운 경로 설정 : path[1071 ➜ 4] time[0s] dist[36.5355m] list[22] : 1071-1072-1073-1074-1075-1076-1077-1078-1390-1391-1001-1002-1003-1004-1005-1006-1007-1008-1010-1013-1025-4
[2026-08-11 17:28:40.376261] [INFO] [path_server] 노드 업데이트 : [1072] ➜ [1073]
[2026-08-11 17:28:40.436175] [INFO] [path_server] 새로운 경로 설정 : path[1072 ➜ 4] time[0s] dist[35.0355m] list[21] : 1072-1073-1074-1075-1076-1077-1078-1390-1391-1001-1002-1003-1004-1005-1006-1007-1008-1010-1013-1025-4
[2026-08-11 17:28:41.514093] [INFO] [path_server] 노드 업데이트 : [1073] ➜ [1074]
[2026-08-11 17:28:41.574001] [INFO] [path_server] 새로운 경로 설정 : path[1073 ➜ 4] time[0s] dist[33.5355m] list[20] : 1073-1074-1075-1076-1077-1078-1390-1391-1001-1002-1003-1004-1005-1006-1007-1008-1010-1013-1025-4
[2026-08-11 17:28:42.332467] [INFO] [path_server] 노드 업데이트 : [1074] ➜ [1075]
[2026-08-11 17:28:42.412351] [INFO] [path_server] 새로운 경로 설정 : path[1074 ➜ 4] time[0s] dist[32.0355m] list[19] : 1074-1075-1076-1077-1078-1390-1391-1001-1002-1003-1004-1005-1006-1007-1008-1010-1013-1025-4
[2026-08-11 17:28:43.090931] [INFO] [path_server] 노드 업데이트 : [1075] ➜ [1076]
[2026-08-11 17:28:43.170846] [INFO] [path_server] 새로운 경로 설정 : path[1075 ➜ 4] time[0s] dist[30.5355m] list[18] : 1075-1076-1077-1078-1390-1391-1001-1002-1003-1004-1005-1006-1007-1008-1010-1013-1025-4
[2026-08-11 17:28:44.488449] [INFO] [path_server] 노드 업데이트 : [1076] ➜ [1077]
[2026-08-11 17:28:44.548291] [INFO] [path_server] 새로운 경로 설정 : path[1076 ➜ 4] time[0s] dist[29.0355m] list[17] : 1076-1077-1078-1390-1391-1001-1002-1003-1004-1005-1006-1007-1008-1010-1013-1025-4
[2026-08-11 17:28:48.001580] [INFO] [path_server] 노드 업데이트 : [1077] ➜ [1078]
[2026-08-11 17:28:48.081484] [INFO] [path_server] 새로운 경로 설정 : path[1077 ➜ 4] time[0s] dist[27.5355m] list[16] : 1077-1078-1390-1391-1001-1002-1003-1004-1005-1006-1007-1008-1010-1013-1025-4
[2026-08-11 17:28:49.099471] [INFO] [path_server] 노드 업데이트 : [1078] ➜ [1390]
[2026-08-11 17:28:49.159407] [INFO] [path_server] 새로운 경로 설정 : path[1078 ➜ 4] time[0s] dist[26.0355m] list[15] : 1078-1390-1391-1001-1002-1003-1004-1005-1006-1007-1008-1010-1013-1025-4
[2026-08-11 17:28:49.917931] [INFO] [path_server] 노드 업데이트 : [1390] ➜ [1391]
[2026-08-11 17:28:49.997736] [INFO] [path_server] 새로운 경로 설정 : path[1390 ➜ 4] time[0s] dist[24.5355m] list[14] : 1390-1391-1001-1002-1003-1004-1005-1006-1007-1008-1010-1013-1025-4
[2026-08-11 17:28:50.676319] [INFO] [path_server] 노드 업데이트 : [1391] ➜ [1001]
[2026-08-11 17:28:50.756247] [INFO] [path_server] 새로운 경로 설정 : path[1391 ➜ 4] time[0s] dist[23.0355m] list[13] : 1391-1001-1002-1003-1004-1005-1006-1007-1008-1010-1013-1025-4
[2026-08-11 17:28:52.074005] [INFO] [path_server] 노드 업데이트 : [1001] ➜ [1002]
[2026-08-11 17:28:52.154005] [INFO] [path_server] 새로운 경로 설정 : path[1001 ➜ 4] time[0s] dist[21.5355m] list[12] : 1001-1002-1003-1004-1005-1006-1007-1008-1010-1013-1025-4
[2026-08-11 17:28:55.547561] [INFO] [path_server] 노드 업데이트 : [1002] ➜ [1003]
[2026-08-11 17:28:55.627491] [INFO] [path_server] 새로운 경로 설정 : path[1002 ➜ 4] time[0s] dist[20.0355m] list[11] : 1002-1003-1004-1005-1006-1007-1008-1010-1013-1025-4
[2026-08-11 17:28:56.645423] [INFO] [path_server] 노드 업데이트 : [1003] ➜ [1004]
[2026-08-11 17:28:56.725343] [INFO] [path_server] 새로운 경로 설정 : path[1003 ➜ 4] time[0s] dist[18.5355m] list[10] : 1003-1004-1005-1006-1007-1008-1010-1013-1025-4
[2026-08-11 17:28:57.463923] [INFO] [path_server] 노드 업데이트 : [1004] ➜ [1005]
[2026-08-11 17:28:57.523839] [INFO] [path_server] 새로운 경로 설정 : path[1004 ➜ 4] time[0s] dist[17.0355m] list[9] : 1004-1005-1006-1007-1008-1010-1013-1025-4
[2026-08-11 17:28:58.222409] [INFO] [path_server] 노드 업데이트 : [1005] ➜ [1006]
[2026-08-11 17:28:58.302252] [INFO] [path_server] 새로운 경로 설정 : path[1005 ➜ 4] time[0s] dist[15.5355m] list[8] : 1005-1006-1007-1008-1010-1013-1025-4
[2026-08-11 17:28:58.980964] [INFO] [path_server] 노드 업데이트 : [1006] ➜ [1007]
[2026-08-11 17:28:59.060892] [INFO] [path_server] 새로운 경로 설정 : path[1006 ➜ 4] time[0s] dist[14.0355m] list[7] : 1006-1007-1008-1010-1013-1025-4
[2026-08-11 17:28:59.719690] [INFO] [path_server] 노드 업데이트 : [1007] ➜ [1008]
[2026-08-11 17:28:59.799593] [INFO] [path_server] 새로운 경로 설정 : path[1007 ➜ 4] time[0s] dist[12.5355m] list[6] : 1007-1008-1010-1013-1025-4
[2026-08-11 17:29:00.478283] [INFO] [path_server] 노드 업데이트 : [1008] ➜ [1010]
[2026-08-11 17:29:00.558224] [INFO] [path_server] 새로운 경로 설정 : path[1008 ➜ 4] time[0s] dist[11.0355m] list[5] : 1008-1010-1013-1025-4
[2026-08-11 17:29:01.316734] [INFO] [path_server] 노드 업데이트 : [1010] ➜ [1013]
[2026-08-11 17:29:01.396639] [INFO] [path_server] 새로운 경로 설정 : path[1010 ➜ 4] time[0s] dist[9.53553m] list[4] : 1010-1013-1025-4
[2026-08-11 17:29:06.746634] [INFO] [path_server] 노드 업데이트 : [1013] ➜ [1025]
[2026-08-11 17:29:06.806532] [INFO] [path_server] 새로운 경로 설정 : path[1013 ➜ 4] time[0s] dist[6m] list[3] : 1013-1025-4
[2026-08-11 17:29:13.015216] [INFO] [path_server] 노드 업데이트 : [1025] ➜ [4]
[2026-08-11 17:29:13.075063] [INFO] [path_server] 새로운 경로 설정 : path[1025 ➜ 4] time[0s] dist[1.5m] list[2] : 1025-4
[2026-08-11 17:29:15.230998] [INFO] [path_server] 노드 업데이트 : [4] ➜ [-1]
[2026-08-11 17:29:18.624333] [INFO] [path_server] 노드 업데이트 : [4] ➜ [-1]
[2026-08-11 17:29:20.820123] [INFO] [path_server] 새로운 경로 설정 : path[4 ➜ 8] time[0s] dist[82.8942m] list[50] : 4-1031-1046-1129-1049-1050-1051-1052-1198-1199-1053-1054-1055-1056-1057-1058-1059-1060-1061-1062-1063-1064-1065-40-1067-1068-1069-1070-1071-1072-1073-1074-1075-1076-1077-1078-1390-1391-1001-1002-1003-1004-1005-1006-1007-1008-1010-1020-1035-8
[2026-08-11 17:29:22.995665] [INFO] [path_server] 노드 업데이트 : [1031] ➜ [1046]
[2026-08-11 17:29:23.055613] [INFO] [path_server] 새로운 경로 설정 : path[1031 ➜ 8] time[0s] dist[80.8942m] list[49] : 1031-1046-1129-1049-1050-1051-1052-1198-1199-1053-1054-1055-1056-1057-1058-1059-1060-1061-1062-1063-1064-1065-40-1067-1068-1069-1070-1071-1072-1073-1074-1075-1076-1077-1078-1390-1391-1001-1002-1003-1004-1005-1006-1007-1008-1010-1020-1035-8
[2026-08-11 17:29:28.708998] [INFO] [path_server] 노드 업데이트 : [1046] ➜ [1129]
[2026-08-11 17:29:28.788932] [INFO] [path_server] 새로운 경로 설정 : path[1046 ➜ 8] time[0s] dist[77.3586m] list[48] : 1046-1129-1049-1050-1051-1052-1198-1199-1053-1054-1055-1056-1057-1058-1059-1060-1061-1062-1063-1064-1065-40-1067-1068-1069-1070-1071-1072-1073-1074-1075-1076-1077-1078-1390-1391-1001-1002-1003-1004-1005-1006-1007-1008-1010-1020-1035-8
[2026-08-11 17:29:33.360900] [INFO] [path_server] 노드 업데이트 : [1129] ➜ [1049]
[2026-08-11 17:29:33.420789] [INFO] [path_server] 새로운 경로 설정 : path[1129 ➜ 8] time[0s] dist[74.4432m] list[47] : 1129-1049-1050-1051-1052-1198-1199-1053-1054-1055-1056-1057-1058-1059-1060-1061-1062-1063-1064-1065-40-1067-1068-1069-1070-1071-1072-1073-1074-1075-1076-1077-1078-1390-1391-1001-1002-1003-1004-1005-1006-1007-1008-1010-1020-1035-8
[2026-08-11 17:29:35.377206] [INFO] [path_server] 노드 업데이트 : [1049] ➜ [1050]
[2026-08-11 17:29:35.457213] [INFO] [path_server] 새로운 경로 설정 : path[1049 ➜ 8] time[0s] dist[71.5277m] list[46] : 1049-1050-1051-1052-1198-1199-1053-1054-1055-1056-1057-1058-1059-1060-1061-1062-1063-1064-1065-40-1067-1068-1069-1070-1071-1072-1073-1074-1075-1076-1077-1078-1390-1391-1001-1002-1003-1004-1005-1006-1007-1008-1010-1020-1035-8
[2026-08-11 17:29:40.507277] [INFO] [path_server] 노드 업데이트 : [1050] ➜ [1051]
[2026-08-11 17:29:40.587178] [INFO] [path_server] 새로운 경로 설정 : path[1050 ➜ 8] time[0s] dist[69.0277m] list[45] : 1050-1051-1052-1198-1199-1053-1054-1055-1056-1057-1058-1059-1060-1061-1062-1063-1064-1065-40-1067-1068-1069-1070-1071-1072-1073-1074-1075-1076-1077-1078-1390-1391-1001-1002-1003-1004-1005-1006-1007-1008-1010-1020-1035-8
[2026-08-11 17:29:41.505176] [INFO] [path_server] 노드 업데이트 : [1051] ➜ [1052]
[2026-08-11 17:29:41.585151] [INFO] [path_server] 새로운 경로 설정 : path[1051 ➜ 8] time[0s] dist[67.5277m] list[44] : 1051-1052-1198-1199-1053-1054-1055-1056-1057-1058-1059-1060-1061-1062-1063-1064-1065-40-1067-1068-1069-1070-1071-1072-1073-1074-1075-1076-1077-1078-1390-1391-1001-1002-1003-1004-1005-1006-1007-1008-1010-1020-1035-8
[2026-08-11 17:29:42.283675] [INFO] [path_server] 노드 업데이트 : [1052] ➜ [1198]
[2026-08-11 17:29:42.363643] [INFO] [path_server] 새로운 경로 설정 : path[1052 ➜ 8] time[0s] dist[66.0277m] list[43] : 1052-1198-1199-1053-1054-1055-1056-1057-1058-1059-1060-1061-1062-1063-1064-1065-40-1067-1068-1069-1070-1071-1072-1073-1074-1075-1076-1077-1078-1390-1391-1001-1002-1003-1004-1005-1006-1007-1008-1010-1020-1035-8
[2026-08-11 17:29:43.681036] [INFO] [path_server] 노드 업데이트 : [1198] ➜ [1199]
[2026-08-11 17:29:43.761001] [INFO] [path_server] 새로운 경로 설정 : path[1198 ➜ 8] time[0s] dist[64.5277m] list[42] : 1198-1199-1053-1054-1055-1056-1057-1058-1059-1060-1061-1062-1063-1064-1065-40-1067-1068-1069-1070-1071-1072-1073-1074-1075-1076-1077-1078-1390-1391-1001-1002-1003-1004-1005-1006-1007-1008-1010-1020-1035-8
[2026-08-11 17:29:47.173957] [INFO] [path_server] 노드 업데이트 : [1199] ➜ [1053]
[2026-08-11 17:29:47.233870] [INFO] [path_server] 새로운 경로 설정 : path[1199 ➜ 8] time[0s] dist[63.0277m] list[41] : 1199-1053-1054-1055-1056-1057-1058-1059-1060-1061-1062-1063-1064-1065-40-1067-1068-1069-1070-1071-1072-1073-1074-1075-1076-1077-1078-1390-1391-1001-1002-1003-1004-1005-1006-1007-1008-1010-1020-1035-8
[2026-08-11 17:29:48.291704] [INFO] [path_server] 노드 업데이트 : [1053] ➜ [1054]
[2026-08-11 17:29:48.351596] [INFO] [path_server] 새로운 경로 설정 : path[1053 ➜ 8] time[0s] dist[61.5277m] list[40] : 1053-1054-1055-1056-1057-1058-1059-1060-1061-1062-1063-1064-1065-40-1067-1068-1069-1070-1071-1072-1073-1074-1075-1076-1077-1078-1390-1391-1001-1002-1003-1004-1005-1006-1007-1008-1010-1020-1035-8
[2026-08-11 17:29:49.110339] [INFO] [path_server] 노드 업데이트 : [1054] ➜ [1055]
[2026-08-11 17:29:49.190317] [INFO] [path_server] 새로운 경로 설정 : path[1054 ➜ 8] time[0s] dist[60.0277m] list[39] : 1054-1055-1056-1057-1058-1059-1060-1061-1062-1063-1064-1065-40-1067-1068-1069-1070-1071-1072-1073-1074-1075-1076-1077-1078-1390-1391-1001-1002-1003-1004-1005-1006-1007-1008-1010-1020-1035-8
[2026-08-11 17:29:49.869110] [INFO] [path_server] 노드 업데이트 : [1055] ➜ [1056]
[2026-08-11 17:29:49.949000] [INFO] [path_server] 새로운 경로 설정 : path[1055 ➜ 8] time[0s] dist[58.5277m] list[38] : 1055-1056-1057-1058-1059-1060-1061-1062-1063-1064-1065-40-1067-1068-1069-1070-1071-1072-1073-1074-1075-1076-1077-1078-1390-1391-1001-1002-1003-1004-1005-1006-1007-1008-1010-1020-1035-8
[2026-08-11 17:29:51.086840] [INFO] [path_server] 노드 업데이트 : [1056] ➜ [1057]
[2026-08-11 17:29:51.166803] [INFO] [path_server] 새로운 경로 설정 : path[1056 ➜ 8] time[0s] dist[57.0277m] list[37] : 1056-1057-1058-1059-1060-1061-1062-1063-1064-1065-40-1067-1068-1069-1070-1071-1072-1073-1074-1075-1076-1077-1078-1390-1391-1001-1002-1003-1004-1005-1006-1007-1008-1010-1020-1035-8
[2026-08-11 17:29:54.360535] [INFO] [path_server] 노드 업데이트 : [1057] ➜ [1058]
[2026-08-11 17:29:54.440485] [INFO] [path_server] 새로운 경로 설정 : path[1057 ➜ 8] time[0s] dist[55.5277m] list[36] : 1057-1058-1059-1060-1061-1062-1063-1064-1065-40-1067-1068-1069-1070-1071-1072-1073-1074-1075-1076-1077-1078-1390-1391-1001-1002-1003-1004-1005-1006-1007-1008-1010-1020-1035-8
[2026-08-11 17:29:55.538445] [INFO] [path_server] 노드 업데이트 : [1058] ➜ [1059]
[2026-08-11 17:29:55.598398] [INFO] [path_server] 새로운 경로 설정 : path[1058 ➜ 8] time[0s] dist[54.0277m] list[35] : 1058-1059-1060-1061-1062-1063-1064-1065-40-1067-1068-1069-1070-1071-1072-1073-1074-1075-1076-1077-1078-1390-1391-1001-1002-1003-1004-1005-1006-1007-1008-1010-1020-1035-8
[2026-08-11 17:29:56.376738] [INFO] [path_server] 노드 업데이트 : [1059] ➜ [1060]
[2026-08-11 17:29:56.436668] [INFO] [path_server] 새로운 경로 설정 : path[1059 ➜ 8] time[0s] dist[52.5277m] list[34] : 1059-1060-1061-1062-1063-1064-1065-40-1067-1068-1069-1070-1071-1072-1073-1074-1075-1076-1077-1078-1390-1391-1001-1002-1003-1004-1005-1006-1007-1008-1010-1020-1035-8
[2026-08-11 17:29:57.115340] [INFO] [path_server] 노드 업데이트 : [1060] ➜ [1061]
[2026-08-11 17:29:57.195278] [INFO] [path_server] 새로운 경로 설정 : path[1060 ➜ 8] time[0s] dist[51.0277m] list[33] : 1060-1061-1062-1063-1064-1065-40-1067-1068-1069-1070-1071-1072-1073-1074-1075-1076-1077-1078-1390-1391-1001-1002-1003-1004-1005-1006-1007-1008-1010-1020-1035-8
[2026-08-11 17:29:57.873833] [INFO] [path_server] 노드 업데이트 : [1061] ➜ [1062]
[2026-08-11 17:29:57.933762] [INFO] [path_server] 새로운 경로 설정 : path[1061 ➜ 8] time[0s] dist[49.5277m] list[32] : 1061-1062-1063-1064-1065-40-1067-1068-1069-1070-1071-1072-1073-1074-1075-1076-1077-1078-1390-1391-1001-1002-1003-1004-1005-1006-1007-1008-1010-1020-1035-8
[2026-08-11 17:29:58.632317] [INFO] [path_server] 노드 업데이트 : [1062] ➜ [1063]
[2026-08-11 17:29:58.712202] [INFO] [path_server] 새로운 경로 설정 : path[1062 ➜ 8] time[0s] dist[48.0277m] list[31] : 1062-1063-1064-1065-40-1067-1068-1069-1070-1071-1072-1073-1074-1075-1076-1077-1078-1390-1391-1001-1002-1003-1004-1005-1006-1007-1008-1010-1020-1035-8
[2026-08-11 17:29:59.370825] [INFO] [path_server] 노드 업데이트 : [1063] ➜ [1064]
[2026-08-11 17:29:59.430714] [INFO] [path_server] 새로운 경로 설정 : path[1063 ➜ 8] time[0s] dist[46.5277m] list[30] : 1063-1064-1065-40-1067-1068-1069-1070-1071-1072-1073-1074-1075-1076-1077-1078-1390-1391-1001-1002-1003-1004-1005-1006-1007-1008-1010-1020-1035-8
[2026-08-11 17:30:00.129290] [INFO] [path_server] 노드 업데이트 : [1064] ➜ [1065]
[2026-08-11 17:30:00.209146] [INFO] [path_server] 새로운 경로 설정 : path[1064 ➜ 8] time[0s] dist[45.0277m] list[29] : 1064-1065-40-1067-1068-1069-1070-1071-1072-1073-1074-1075-1076-1077-1078-1390-1391-1001-1002-1003-1004-1005-1006-1007-1008-1010-1020-1035-8
[2026-08-11 17:30:00.867803] [INFO] [path_server] 노드 업데이트 : [1065] ➜ [40]
[2026-08-11 17:30:00.927694] [INFO] [path_server] 새로운 경로 설정 : path[1065 ➜ 8] time[0s] dist[43.5277m] list[28] : 1065-40-1067-1068-1069-1070-1071-1072-1073-1074-1075-1076-1077-1078-1390-1391-1001-1002-1003-1004-1005-1006-1007-1008-1010-1020-1035-8
[2026-08-11 17:30:01.626270] [INFO] [path_server] 노드 업데이트 : [40] ➜ [1067]
[2026-08-11 17:30:01.706152] [INFO] [path_server] 새로운 경로 설정 : path[40 ➜ 8] time[0s] dist[42.0277m] list[27] : 40-1067-1068-1069-1070-1071-1072-1073-1074-1075-1076-1077-1078-1390-1391-1001-1002-1003-1004-1005-1006-1007-1008-1010-1020-1035-8
[2026-08-11 17:30:02.364871] [INFO] [path_server] 노드 업데이트 : [1067] ➜ [1068]
[2026-08-11 17:30:02.424719] [INFO] [path_server] 새로운 경로 설정 : path[1067 ➜ 8] time[0s] dist[40.5277m] list[26] : 1067-1068-1069-1070-1071-1072-1073-1074-1075-1076-1077-1078-1390-1391-1001-1002-1003-1004-1005-1006-1007-1008-1010-1020-1035-8
[2026-08-11 17:30:03.123317] [INFO] [path_server] 노드 업데이트 : [1068] ➜ [1069]
[2026-08-11 17:30:03.223206] [INFO] [path_server] 새로운 경로 설정 : path[1068 ➜ 8] time[0s] dist[39.0277m] list[25] : 1068-1069-1070-1071-1072-1073-1074-1075-1076-1077-1078-1390-1391-1001-1002-1003-1004-1005-1006-1007-1008-1010-1020-1035-8
[2026-08-11 17:30:03.881719] [INFO] [path_server] 노드 업데이트 : [1069] ➜ [1070]
[2026-08-11 17:30:03.961597] [INFO] [path_server] 새로운 경로 설정 : path[1069 ➜ 8] time[0s] dist[37.5277m] list[24] : 1069-1070-1071-1072-1073-1074-1075-1076-1077-1078-1390-1391-1001-1002-1003-1004-1005-1006-1007-1008-1010-1020-1035-8
[2026-08-11 17:30:04.620380] [INFO] [path_server] 노드 업데이트 : [1070] ➜ [1071]
[2026-08-11 17:30:04.680320] [INFO] [path_server] 새로운 경로 설정 : path[1070 ➜ 8] time[0s] dist[36.0277m] list[23] : 1070-1071-1072-1073-1074-1075-1076-1077-1078-1390-1391-1001-1002-1003-1004-1005-1006-1007-1008-1010-1020-1035-8
[2026-08-11 17:30:05.378964] [INFO] [path_server] 노드 업데이트 : [1071] ➜ [1072]
[2026-08-11 17:30:05.458828] [INFO] [path_server] 새로운 경로 설정 : path[1071 ➜ 8] time[0s] dist[34.5277m] list[22] : 1071-1072-1073-1074-1075-1076-1077-1078-1390-1391-1001-1002-1003-1004-1005-1006-1007-1008-1010-1020-1035-8
[2026-08-11 17:30:06.117448] [INFO] [path_server] 노드 업데이트 : [1072] ➜ [1073]
[2026-08-11 17:30:06.177369] [INFO] [path_server] 새로운 경로 설정 : path[1072 ➜ 8] time[0s] dist[33.0277m] list[21] : 1072-1073-1074-1075-1076-1077-1078-1390-1391-1001-1002-1003-1004-1005-1006-1007-1008-1010-1020-1035-8
[2026-08-11 17:30:06.876071] [INFO] [path_server] 노드 업데이트 : [1073] ➜ [1074]
[2026-08-11 17:30:06.955975] [INFO] [path_server] 새로운 경로 설정 : path[1073 ➜ 8] time[0s] dist[31.5277m] list[20] : 1073-1074-1075-1076-1077-1078-1390-1391-1001-1002-1003-1004-1005-1006-1007-1008-1010-1020-1035-8
[2026-08-11 17:30:07.634564] [INFO] [path_server] 노드 업데이트 : [1074] ➜ [1075]
[2026-08-11 17:30:07.714490] [INFO] [path_server] 새로운 경로 설정 : path[1074 ➜ 8] time[0s] dist[30.0277m] list[19] : 1074-1075-1076-1077-1078-1390-1391-1001-1002-1003-1004-1005-1006-1007-1008-1010-1020-1035-8
[2026-08-11 17:30:08.373186] [INFO] [path_server] 노드 업데이트 : [1075] ➜ [1076]
[2026-08-11 17:30:08.453076] [INFO] [path_server] 새로운 경로 설정 : path[1075 ➜ 8] time[0s] dist[28.5277m] list[18] : 1075-1076-1077-1078-1390-1391-1001-1002-1003-1004-1005-1006-1007-1008-1010-1020-1035-8
[2026-08-11 17:30:09.770410] [INFO] [path_server] 노드 업데이트 : [1076] ➜ [1077]
[2026-08-11 17:30:09.830383] [INFO] [path_server] 새로운 경로 설정 : path[1076 ➜ 8] time[0s] dist[27.0277m] list[17] : 1076-1077-1078-1390-1391-1001-1002-1003-1004-1005-1006-1007-1008-1010-1020-1035-8
[2026-08-11 17:30:13.244317] [INFO] [path_server] 노드 업데이트 : [1077] ➜ [1078]
[2026-08-11 17:30:13.304201] [INFO] [path_server] 새로운 경로 설정 : path[1077 ➜ 8] time[0s] dist[25.5277m] list[16] : 1077-1078-1390-1391-1001-1002-1003-1004-1005-1006-1007-1008-1010-1020-1035-8
[2026-08-11 17:30:14.363958] [INFO] [path_server] 노드 업데이트 : [1078] ➜ [1390]
[2026-08-11 17:30:14.444417] [INFO] [path_server] 새로운 경로 설정 : path[1078 ➜ 8] time[0s] dist[24.0277m] list[15] : 1078-1390-1391-1001-1002-1003-1004-1005-1006-1007-1008-1010-1020-1035-8
[2026-08-11 17:30:15.186902] [INFO] [path_server] 노드 업데이트 : [1390] ➜ [1391]
[2026-08-11 17:30:15.267057] [INFO] [path_server] 새로운 경로 설정 : path[1390 ➜ 8] time[0s] dist[22.5277m] list[14] : 1390-1391-1001-1002-1003-1004-1005-1006-1007-1008-1010-1020-1035-8
[2026-08-11 17:30:15.925813] [INFO] [path_server] 노드 업데이트 : [1391] ➜ [1001]
[2026-08-11 17:30:16.005691] [INFO] [path_server] 새로운 경로 설정 : path[1391 ➜ 8] time[0s] dist[21.0277m] list[13] : 1391-1001-1002-1003-1004-1005-1006-1007-1008-1010-1020-1035-8
[2026-08-11 17:30:17.343049] [INFO] [path_server] 노드 업데이트 : [1001] ➜ [1002]
[2026-08-11 17:30:17.423097] [INFO] [path_server] 새로운 경로 설정 : path[1001 ➜ 8] time[0s] dist[19.5277m] list[12] : 1001-1002-1003-1004-1005-1006-1007-1008-1010-1020-1035-8
[2026-08-11 17:30:20.816356] [INFO] [path_server] 노드 업데이트 : [1002] ➜ [1003]
[2026-08-11 17:30:20.896265] [INFO] [path_server] 새로운 경로 설정 : path[1002 ➜ 8] time[0s] dist[18.0277m] list[11] : 1002-1003-1004-1005-1006-1007-1008-1010-1020-1035-8
[2026-08-11 17:30:21.914175] [INFO] [path_server] 노드 업데이트 : [1003] ➜ [1004]
[2026-08-11 17:30:21.994054] [INFO] [path_server] 새로운 경로 설정 : path[1003 ➜ 8] time[0s] dist[16.5277m] list[10] : 1003-1004-1005-1006-1007-1008-1010-1020-1035-8
[2026-08-11 17:30:22.732430] [INFO] [path_server] 노드 업데이트 : [1004] ➜ [1005]
[2026-08-11 17:30:22.812370] [INFO] [path_server] 새로운 경로 설정 : path[1004 ➜ 8] time[0s] dist[15.0277m] list[9] : 1004-1005-1006-1007-1008-1010-1020-1035-8
[2026-08-11 17:30:23.490925] [INFO] [path_server] 노드 업데이트 : [1005] ➜ [1006]
[2026-08-11 17:30:23.550836] [INFO] [path_server] 새로운 경로 설정 : path[1005 ➜ 8] time[0s] dist[13.5277m] list[8] : 1005-1006-1007-1008-1010-1020-1035-8
[2026-08-11 17:30:24.249502] [INFO] [path_server] 노드 업데이트 : [1006] ➜ [1007]
[2026-08-11 17:30:24.309422] [INFO] [path_server] 새로운 경로 설정 : path[1006 ➜ 8] time[0s] dist[12.0277m] list[7] : 1006-1007-1008-1010-1020-1035-8
[2026-08-11 17:30:24.987969] [INFO] [path_server] 노드 업데이트 : [1007] ➜ [1008]
[2026-08-11 17:30:25.067903] [INFO] [path_server] 새로운 경로 설정 : path[1007 ➜ 8] time[0s] dist[10.5277m] list[6] : 1007-1008-1010-1020-1035-8
[2026-08-11 17:30:25.746451] [INFO] [path_server] 노드 업데이트 : [1008] ➜ [1010]
[2026-08-11 17:30:25.806371] [INFO] [path_server] 새로운 경로 설정 : path[1008 ➜ 8] time[0s] dist[9.02769m] list[5] : 1008-1010-1020-1035-8
[2026-08-11 17:30:26.484881] [INFO] [path_server] 노드 업데이트 : [1010] ➜ [1020]
[2026-08-11 17:30:26.564772] [INFO] [path_server] 새로운 경로 설정 : path[1010 ➜ 8] time[0s] dist[7.52769m] list[4] : 1010-1020-1035-8
[2026-08-11 17:30:29.997918] [INFO] [path_server] 노드 업데이트 : [1020] ➜ [1035]
[2026-08-11 17:30:30.057794] [INFO] [path_server] 새로운 경로 설정 : path[1020 ➜ 8] time[0s] dist[3m] list[3] : 1020-1035-8
[2026-08-11 17:30:31.734640] [INFO] [path_server] 노드 업데이트 : [1035] ➜ [8]
[2026-08-11 17:30:31.794550] [INFO] [path_server] 새로운 경로 설정 : path[1035 ➜ 8] time[0s] dist[1.5m] list[2] : 1035-8
[2026-08-11 17:30:33.970376] [INFO] [path_server] 노드 업데이트 : [8] ➜ [-1]
[2026-08-11 17:30:37.303681] [INFO] [path_server] 노드 업데이트 : [8] ➜ [-1]
[2026-08-11 17:30:39.439718] [INFO] [path_server] 경로 삭제
[2026-08-11 17:30:39.559534] [INFO] [path_server] 새로운 경로 설정 : path[8 ➜ 106] time[0s] dist[80.3012m] list[51] : 8-1041-1048-1130-1051-1052-1198-1199-1053-1054-1055-1056-1057-1058-1059-1060-1061-1062-1063-1064-1065-40-1067-1068-1069-1070-1071-1072-1073-1074-1075-1076-1159-1158-1157-1160-1161-1162-1163-1164-1165-1166-1167-1168-41-1170-1171-1172-1173-1174-106
[2026-08-11 17:30:41.735152] [INFO] [path_server] 노드 업데이트 : [1041] ➜ [1048]
[2026-08-11 17:30:41.815136] [INFO] [path_server] 새로운 경로 설정 : path[1041 ➜ 106] time[0s] dist[78.3012m] list[50] : 1041-1048-1130-1051-1052-1198-1199-1053-1054-1055-1056-1057-1058-1059-1060-1061-1062-1063-1064-1065-40-1067-1068-1069-1070-1071-1072-1073-1074-1075-1076-1159-1158-1157-1160-1161-1162-1163-1164-1165-1166-1167-1168-41-1170-1171-1172-1173-1174-106
[2026-08-11 17:30:48.122608] [INFO] [path_server] 노드 업데이트 : [1048] ➜ [1130]
[2026-08-11 17:30:48.182594] [INFO] [path_server] 새로운 경로 설정 : path[1048 ➜ 106] time[0s] dist[74m] list[49] : 1048-1130-1051-1052-1198-1199-1053-1054-1055-1056-1057-1058-1059-1060-1061-1062-1063-1064-1065-40-1067-1068-1069-1070-1071-1072-1073-1074-1075-1076-1159-1158-1157-1160-1161-1162-1163-1164-1165-1166-1167-1168-41-1170-1171-1172-1173-1174-106
[2026-08-11 17:30:52.473869] [INFO] [path_server] 노드 업데이트 : [1130] ➜ [1051]
[2026-08-11 17:30:52.533754] [INFO] [path_server] 새로운 경로 설정 : path[1130 ➜ 106] time[0s] dist[71.5m] list[48] : 1130-1051-1052-1198-1199-1053-1054-1055-1056-1057-1058-1059-1060-1061-1062-1063-1064-1065-40-1067-1068-1069-1070-1071-1072-1073-1074-1075-1076-1159-1158-1157-1160-1161-1162-1163-1164-1165-1166-1167-1168-41-1170-1171-1172-1173-1174-106
[2026-08-11 17:30:54.210606] [INFO] [path_server] 노드 업데이트 : [1051] ➜ [1052]
[2026-08-11 17:30:54.270559] [INFO] [path_server] 새로운 경로 설정 : path[1051 ➜ 106] time[0s] dist[69m] list[47] : 1051-1052-1198-1199-1053-1054-1055-1056-1057-1058-1059-1060-1061-1062-1063-1064-1065-40-1067-1068-1069-1070-1071-1072-1073-1074-1075-1076-1159-1158-1157-1160-1161-1162-1163-1164-1165-1166-1167-1168-41-1170-1171-1172-1173-1174-106
[2026-08-11 17:30:58.442196] [INFO] [path_server] 노드 업데이트 : [1052] ➜ [1198]
[2026-08-11 17:30:58.522094] [INFO] [path_server] 새로운 경로 설정 : path[1052 ➜ 106] time[0s] dist[67.5m] list[46] : 1052-1198-1199-1053-1054-1055-1056-1057-1058-1059-1060-1061-1062-1063-1064-1065-40-1067-1068-1069-1070-1071-1072-1073-1074-1075-1076-1159-1158-1157-1160-1161-1162-1163-1164-1165-1166-1167-1168-41-1170-1171-1172-1173-1174-106
[2026-08-11 17:30:59.959144] [INFO] [path_server] 노드 업데이트 : [1198] ➜ [1199]
[2026-08-11 17:31:00.019090] [INFO] [path_server] 새로운 경로 설정 : path[1198 ➜ 106] time[0s] dist[66m] list[45] : 1198-1199-1053-1054-1055-1056-1057-1058-1059-1060-1061-1062-1063-1064-1065-40-1067-1068-1069-1070-1071-1072-1073-1074-1075-1076-1159-1158-1157-1160-1161-1162-1163-1164-1165-1166-1167-1168-41-1170-1171-1172-1173-1174-106
[2026-08-11 17:31:03.412437] [INFO] [path_server] 노드 업데이트 : [1199] ➜ [1053]
[2026-08-11 17:31:03.472377] [INFO] [path_server] 새로운 경로 설정 : path[1199 ➜ 106] time[0s] dist[64.5m] list[44] : 1199-1053-1054-1055-1056-1057-1058-1059-1060-1061-1062-1063-1064-1065-40-1067-1068-1069-1070-1071-1072-1073-1074-1075-1076-1159-1158-1157-1160-1161-1162-1163-1164-1165-1166-1167-1168-41-1170-1171-1172-1173-1174-106
[2026-08-11 17:31:04.510237] [INFO] [path_server] 노드 업데이트 : [1053] ➜ [1054]
[2026-08-11 17:31:04.590168] [INFO] [path_server] 새로운 경로 설정 : path[1053 ➜ 106] time[0s] dist[63m] list[43] : 1053-1054-1055-1056-1057-1058-1059-1060-1061-1062-1063-1064-1065-40-1067-1068-1069-1070-1071-1072-1073-1074-1075-1076-1159-1158-1157-1160-1161-1162-1163-1164-1165-1166-1167-1168-41-1170-1171-1172-1173-1174-106
[2026-08-11 17:31:05.328664] [INFO] [path_server] 노드 업데이트 : [1054] ➜ [1055]
[2026-08-11 17:31:05.388600] [INFO] [path_server] 새로운 경로 설정 : path[1054 ➜ 106] time[0s] dist[61.5m] list[42] : 1054-1055-1056-1057-1058-1059-1060-1061-1062-1063-1064-1065-40-1067-1068-1069-1070-1071-1072-1073-1074-1075-1076-1159-1158-1157-1160-1161-1162-1163-1164-1165-1166-1167-1168-41-1170-1171-1172-1173-1174-106
[2026-08-11 17:31:06.067153] [INFO] [path_server] 노드 업데이트 : [1055] ➜ [1056]
[2026-08-11 17:31:06.147073] [INFO] [path_server] 새로운 경로 설정 : path[1055 ➜ 106] time[0s] dist[60m] list[41] : 1055-1056-1057-1058-1059-1060-1061-1062-1063-1064-1065-40-1067-1068-1069-1070-1071-1072-1073-1074-1075-1076-1159-1158-1157-1160-1161-1162-1163-1164-1165-1166-1167-1168-41-1170-1171-1172-1173-1174-106
[2026-08-11 17:31:07.324699] [INFO] [path_server] 노드 업데이트 : [1056] ➜ [1057]
[2026-08-11 17:31:07.404649] [INFO] [path_server] 새로운 경로 설정 : path[1056 ➜ 106] time[0s] dist[58.5m] list[40] : 1056-1057-1058-1059-1060-1061-1062-1063-1064-1065-40-1067-1068-1069-1070-1071-1072-1073-1074-1075-1076-1159-1158-1157-1160-1161-1162-1163-1164-1165-1166-1167-1168-41-1170-1171-1172-1173-1174-106
[2026-08-11 17:31:10.598539] [INFO] [path_server] 노드 업데이트 : [1057] ➜ [1058]
[2026-08-11 17:31:10.658542] [INFO] [path_server] 새로운 경로 설정 : path[1057 ➜ 106] time[0s] dist[57m] list[39] : 1057-1058-1059-1060-1061-1062-1063-1064-1065-40-1067-1068-1069-1070-1071-1072-1073-1074-1075-1076-1159-1158-1157-1160-1161-1162-1163-1164-1165-1166-1167-1168-41-1170-1171-1172-1173-1174-106
[2026-08-11 17:31:11.776709] [INFO] [path_server] 노드 업데이트 : [1058] ➜ [1059]
[2026-08-11 17:31:11.856612] [INFO] [path_server] 새로운 경로 설정 : path[1058 ➜ 106] time[0s] dist[55.5m] list[38] : 1058-1059-1060-1061-1062-1063-1064-1065-40-1067-1068-1069-1070-1071-1072-1073-1074-1075-1076-1159-1158-1157-1160-1161-1162-1163-1164-1165-1166-1167-1168-41-1170-1171-1172-1173-1174-106
[2026-08-11 17:31:12.615168] [INFO] [path_server] 노드 업데이트 : [1059] ➜ [1060]
[2026-08-11 17:31:12.695058] [INFO] [path_server] 새로운 경로 설정 : path[1059 ➜ 106] time[0s] dist[54m] list[37] : 1059-1060-1061-1062-1063-1064-1065-40-1067-1068-1069-1070-1071-1072-1073-1074-1075-1076-1159-1158-1157-1160-1161-1162-1163-1164-1165-1166-1167-1168-41-1170-1171-1172-1173-1174-106
[2026-08-11 17:31:13.353987] [INFO] [path_server] 노드 업데이트 : [1060] ➜ [1061]
[2026-08-11 17:31:13.413900] [INFO] [path_server] 새로운 경로 설정 : path[1060 ➜ 106] time[0s] dist[52.5m] list[36] : 1060-1061-1062-1063-1064-1065-40-1067-1068-1069-1070-1071-1072-1073-1074-1075-1076-1159-1158-1157-1160-1161-1162-1163-1164-1165-1166-1167-1168-41-1170-1171-1172-1173-1174-106
[2026-08-11 17:31:14.112772] [INFO] [path_server] 노드 업데이트 : [1061] ➜ [1062]
[2026-08-11 17:31:14.192669] [INFO] [path_server] 새로운 경로 설정 : path[1061 ➜ 106] time[0s] dist[51m] list[35] : 1061-1062-1063-1064-1065-40-1067-1068-1069-1070-1071-1072-1073-1074-1075-1076-1159-1158-1157-1160-1161-1162-1163-1164-1165-1166-1167-1168-41-1170-1171-1172-1173-1174-106
[2026-08-11 17:31:14.871181] [INFO] [path_server] 노드 업데이트 : [1062] ➜ [1063]
[2026-08-11 17:31:14.951102] [INFO] [path_server] 새로운 경로 설정 : path[1062 ➜ 106] time[0s] dist[49.5m] list[34] : 1062-1063-1064-1065-40-1067-1068-1069-1070-1071-1072-1073-1074-1075-1076-1159-1158-1157-1160-1161-1162-1163-1164-1165-1166-1167-1168-41-1170-1171-1172-1173-1174-106
[2026-08-11 17:31:15.609788] [INFO] [path_server] 노드 업데이트 : [1063] ➜ [1064]
[2026-08-11 17:31:15.669671] [INFO] [path_server] 새로운 경로 설정 : path[1063 ➜ 106] time[0s] dist[48m] list[33] : 1063-1064-1065-40-1067-1068-1069-1070-1071-1072-1073-1074-1075-1076-1159-1158-1157-1160-1161-1162-1163-1164-1165-1166-1167-1168-41-1170-1171-1172-1173-1174-106
[2026-08-11 17:31:16.368225] [INFO] [path_server] 노드 업데이트 : [1064] ➜ [1065]
[2026-08-11 17:31:16.448110] [INFO] [path_server] 새로운 경로 설정 : path[1064 ➜ 106] time[0s] dist[46.5m] list[32] : 1064-1065-40-1067-1068-1069-1070-1071-1072-1073-1074-1075-1076-1159-1158-1157-1160-1161-1162-1163-1164-1165-1166-1167-1168-41-1170-1171-1172-1173-1174-106
[2026-08-11 17:31:17.106745] [INFO] [path_server] 노드 업데이트 : [1065] ➜ [40]
[2026-08-11 17:31:17.166673] [INFO] [path_server] 새로운 경로 설정 : path[1065 ➜ 106] time[0s] dist[45m] list[31] : 1065-40-1067-1068-1069-1070-1071-1072-1073-1074-1075-1076-1159-1158-1157-1160-1161-1162-1163-1164-1165-1166-1167-1168-41-1170-1171-1172-1173-1174-106
[2026-08-11 17:31:17.865303] [INFO] [path_server] 노드 업데이트 : [40] ➜ [1067]
[2026-08-11 17:31:17.945150] [INFO] [path_server] 새로운 경로 설정 : path[40 ➜ 106] time[0s] dist[43.5m] list[30] : 40-1067-1068-1069-1070-1071-1072-1073-1074-1075-1076-1159-1158-1157-1160-1161-1162-1163-1164-1165-1166-1167-1168-41-1170-1171-1172-1173-1174-106
[2026-08-11 17:31:18.603862] [INFO] [path_server] 노드 업데이트 : [1067] ➜ [1068]
[2026-08-11 17:31:18.663807] [INFO] [path_server] 새로운 경로 설정 : path[1067 ➜ 106] time[0s] dist[42m] list[29] : 1067-1068-1069-1070-1071-1072-1073-1074-1075-1076-1159-1158-1157-1160-1161-1162-1163-1164-1165-1166-1167-1168-41-1170-1171-1172-1173-1174-106
[2026-08-11 17:31:19.362581] [INFO] [path_server] 노드 업데이트 : [1068] ➜ [1069]
[2026-08-11 17:31:19.442628] [INFO] [path_server] 새로운 경로 설정 : path[1068 ➜ 106] time[0s] dist[40.5m] list[28] : 1068-1069-1070-1071-1072-1073-1074-1075-1076-1159-1158-1157-1160-1161-1162-1163-1164-1165-1166-1167-1168-41-1170-1171-1172-1173-1174-106
[2026-08-11 17:31:20.121150] [INFO] [path_server] 노드 업데이트 : [1069] ➜ [1070]
[2026-08-11 17:31:20.201079] [INFO] [path_server] 새로운 경로 설정 : path[1069 ➜ 106] time[0s] dist[39m] list[27] : 1069-1070-1071-1072-1073-1074-1075-1076-1159-1158-1157-1160-1161-1162-1163-1164-1165-1166-1167-1168-41-1170-1171-1172-1173-1174-106
[2026-08-11 17:31:20.859813] [INFO] [path_server] 노드 업데이트 : [1070] ➜ [1071]
[2026-08-11 17:31:20.939715] [INFO] [path_server] 새로운 경로 설정 : path[1070 ➜ 106] time[0s] dist[37.5m] list[26] : 1070-1071-1072-1073-1074-1075-1076-1159-1158-1157-1160-1161-1162-1163-1164-1165-1166-1167-1168-41-1170-1171-1172-1173-1174-106
[2026-08-11 17:31:21.618270] [INFO] [path_server] 노드 업데이트 : [1071] ➜ [1072]
[2026-08-11 17:31:21.698204] [INFO] [path_server] 새로운 경로 설정 : path[1071 ➜ 106] time[0s] dist[36m] list[25] : 1071-1072-1073-1074-1075-1076-1159-1158-1157-1160-1161-1162-1163-1164-1165-1166-1167-1168-41-1170-1171-1172-1173-1174-106
[2026-08-11 17:31:22.356928] [INFO] [path_server] 노드 업데이트 : [1072] ➜ [1073]
[2026-08-11 17:31:22.436818] [INFO] [path_server] 새로운 경로 설정 : path[1072 ➜ 106] time[0s] dist[34.5m] list[24] : 1072-1073-1074-1075-1076-1159-1158-1157-1160-1161-1162-1163-1164-1165-1166-1167-1168-41-1170-1171-1172-1173-1174-106
[2026-08-11 17:31:23.115381] [INFO] [path_server] 노드 업데이트 : [1073] ➜ [1074]
[2026-08-11 17:31:23.195285] [INFO] [path_server] 새로운 경로 설정 : path[1073 ➜ 106] time[0s] dist[33m] list[23] : 1073-1074-1075-1076-1159-1158-1157-1160-1161-1162-1163-1164-1165-1166-1167-1168-41-1170-1171-1172-1173-1174-106
[2026-08-11 17:31:23.853954] [INFO] [path_server] 노드 업데이트 : [1074] ➜ [1075]
[2026-08-11 17:31:23.933770] [INFO] [path_server] 새로운 경로 설정 : path[1074 ➜ 106] time[0s] dist[31.5m] list[22] : 1074-1075-1076-1159-1158-1157-1160-1161-1162-1163-1164-1165-1166-1167-1168-41-1170-1171-1172-1173-1174-106
[2026-08-11 17:31:24.612370] [INFO] [path_server] 노드 업데이트 : [1075] ➜ [1076]
[2026-08-11 17:31:24.692308] [INFO] [path_server] 새로운 경로 설정 : path[1075 ➜ 106] time[0s] dist[30m] list[21] : 1075-1076-1159-1158-1157-1160-1161-1162-1163-1164-1165-1166-1167-1168-41-1170-1171-1172-1173-1174-106
[2026-08-11 17:31:26.009681] [INFO] [path_server] 노드 업데이트 : [1076] ➜ [1159]
[2026-08-11 17:31:26.089587] [INFO] [path_server] 새로운 경로 설정 : path[1076 ➜ 106] time[0s] dist[28.5m] list[20] : 1076-1159-1158-1157-1160-1161-1162-1163-1164-1165-1166-1167-1168-41-1170-1171-1172-1173-1174-106
[2026-08-11 17:31:29.482959] [INFO] [path_server] 노드 업데이트 : [1159] ➜ [1158]
[2026-08-11 17:31:29.582912] [INFO] [path_server] 새로운 경로 설정 : path[1159 ➜ 106] time[0s] dist[27m] list[19] : 1159-1158-1157-1160-1161-1162-1163-1164-1165-1166-1167-1168-41-1170-1171-1172-1173-1174-106
[2026-08-11 17:31:30.600933] [INFO] [path_server] 노드 업데이트 : [1158] ➜ [1157]
[2026-08-11 17:31:30.680807] [INFO] [path_server] 새로운 경로 설정 : path[1158 ➜ 106] time[0s] dist[25.5m] list[18] : 1158-1157-1160-1161-1162-1163-1164-1165-1166-1167-1168-41-1170-1171-1172-1173-1174-106
[2026-08-11 17:31:32.018055] [INFO] [path_server] 노드 업데이트 : [1157] ➜ [1160]
[2026-08-11 17:31:32.097978] [INFO] [path_server] 새로운 경로 설정 : path[1157 ➜ 106] time[0s] dist[24m] list[17] : 1157-1160-1161-1162-1163-1164-1165-1166-1167-1168-41-1170-1171-1172-1173-1174-106
[2026-08-11 17:31:35.451196] [INFO] [path_server] 노드 업데이트 : [1160] ➜ [1161]
[2026-08-11 17:31:35.531078] [INFO] [path_server] 새로운 경로 설정 : path[1160 ➜ 106] time[0s] dist[22.5m] list[16] : 1160-1161-1162-1163-1164-1165-1166-1167-1168-41-1170-1171-1172-1173-1174-106
[2026-08-11 17:31:36.568843] [INFO] [path_server] 노드 업데이트 : [1161] ➜ [1162]
[2026-08-11 17:31:36.648721] [INFO] [path_server] 새로운 경로 설정 : path[1161 ➜ 106] time[0s] dist[21m] list[15] : 1161-1162-1163-1164-1165-1166-1167-1168-41-1170-1171-1172-1173-1174-106
[2026-08-11 17:31:37.387320] [INFO] [path_server] 노드 업데이트 : [1162] ➜ [1163]
[2026-08-11 17:31:37.447224] [INFO] [path_server] 새로운 경로 설정 : path[1162 ➜ 106] time[0s] dist[19.5m] list[14] : 1162-1163-1164-1165-1166-1167-1168-41-1170-1171-1172-1173-1174-106
[2026-08-11 17:31:38.125809] [INFO] [path_server] 노드 업데이트 : [1163] ➜ [1164]
[2026-08-11 17:31:38.205959] [INFO] [path_server] 새로운 경로 설정 : path[1163 ➜ 106] time[0s] dist[18m] list[13] : 1163-1164-1165-1166-1167-1168-41-1170-1171-1172-1173-1174-106
[2026-08-11 17:31:38.884532] [INFO] [path_server] 노드 업데이트 : [1164] ➜ [1165]
[2026-08-11 17:31:38.944408] [INFO] [path_server] 새로운 경로 설정 : path[1164 ➜ 106] time[0s] dist[16.5m] list[12] : 1164-1165-1166-1167-1168-41-1170-1171-1172-1173-1174-106
[2026-08-11 17:31:39.623012] [INFO] [path_server] 노드 업데이트 : [1165] ➜ [1166]
[2026-08-11 17:31:39.702918] [INFO] [path_server] 새로운 경로 설정 : path[1165 ➜ 106] time[0s] dist[15m] list[11] : 1165-1166-1167-1168-41-1170-1171-1172-1173-1174-106
[2026-08-11 17:31:40.381597] [INFO] [path_server] 노드 업데이트 : [1166] ➜ [1167]
[2026-08-11 17:31:40.461448] [INFO] [path_server] 새로운 경로 설정 : path[1166 ➜ 106] time[0s] dist[13.5m] list[10] : 1166-1167-1168-41-1170-1171-1172-1173-1174-106
[2026-08-11 17:31:41.140198] [INFO] [path_server] 노드 업데이트 : [1167] ➜ [1168]
[2026-08-11 17:31:41.200107] [INFO] [path_server] 새로운 경로 설정 : path[1167 ➜ 106] time[0s] dist[12m] list[9] : 1167-1168-41-1170-1171-1172-1173-1174-106
[2026-08-11 17:31:41.878668] [INFO] [path_server] 노드 업데이트 : [1168] ➜ [41]
[2026-08-11 17:31:41.958584] [INFO] [path_server] 새로운 경로 설정 : path[1168 ➜ 106] time[0s] dist[10.5m] list[8] : 1168-41-1170-1171-1172-1173-1174-106
[2026-08-11 17:31:42.637199] [INFO] [path_server] 노드 업데이트 : [41] ➜ [1170]
[2026-08-11 17:31:42.697091] [INFO] [path_server] 새로운 경로 설정 : path[41 ➜ 106] time[0s] dist[9m] list[7] : 41-1170-1171-1172-1173-1174-106
[2026-08-11 17:31:43.375689] [INFO] [path_server] 노드 업데이트 : [1170] ➜ [1171]
[2026-08-11 17:31:43.455680] [INFO] [path_server] 새로운 경로 설정 : path[1170 ➜ 106] time[0s] dist[7.5m] list[6] : 1170-1171-1172-1173-1174-106
[2026-08-11 17:31:44.134191] [INFO] [path_server] 노드 업데이트 : [1171] ➜ [1172]
[2026-08-11 17:31:44.194062] [INFO] [path_server] 새로운 경로 설정 : path[1171 ➜ 106] time[0s] dist[6m] list[5] : 1171-1172-1173-1174-106
[2026-08-11 17:31:44.872961] [INFO] [path_server] 노드 업데이트 : [1172] ➜ [1173]
[2026-08-11 17:31:44.952826] [INFO] [path_server] 새로운 경로 설정 : path[1172 ➜ 106] time[0s] dist[4.5m] list[4] : 1172-1173-1174-106
[2026-08-11 17:31:45.631476] [INFO] [path_server] 노드 업데이트 : [1173] ➜ [1174]
[2026-08-11 17:31:45.691371] [INFO] [path_server] 새로운 경로 설정 : path[1173 ➜ 106] time[0s] dist[3m] list[3] : 1173-1174-106
[2026-08-11 17:31:46.948866] [INFO] [path_server] 노드 업데이트 : [1174] ➜ [106]
[2026-08-11 17:31:47.008751] [INFO] [path_server] 새로운 경로 설정 : path[1174 ➜ 106] time[0s] dist[1.5m] list[2] : 1174-106
[2026-08-11 17:31:50.920737] [INFO] [path_server] 노드 업데이트 : [106] ➜ [-1]
[2026-08-11 17:31:54.753393] [INFO] [path_server] 노드 업데이트 : [106] ➜ [-1]
[2026-08-11 17:32:40.147327] [INFO] [path_server] 경로 삭제
[2026-08-11 17:32:40.167286] [INFO] [path_server] 경로 삭제
[2026-08-11 17:33:54.003060] [INFO] [path_server] 경로 삭제
[2026-08-11 17:33:54.042977] [INFO] [path_server] 경로 삭제
[2026-08-11 17:34:46.318410] [INFO] [path_server] 생성
[2026-08-11 17:34:46.318461] [INFO] [path_server] 경로 삭제
[2026-08-11 17:34:46.320544] [INFO] [path_server] 노드 초기화 성공 : 로봇 좌표[24.511m 11.503m -89.989°] 최단 거리 노드[106] 거리(0.011697m)
[2026-08-11 17:35:35.122642] [INFO] [path_server] 경로 삭제
[2026-08-11 17:35:35.142616] [INFO] [path_server] 경로 삭제
[2026-08-11 17:36:48.981876] [INFO] [path_server] 경로 삭제
[2026-08-11 17:36:49.021808] [INFO] [path_server] 경로 삭제
[2026-08-11 17:38:02.858471] [INFO] [path_server] 경로 삭제
[2026-08-11 17:38:02.898409] [INFO] [path_server] 경로 삭제
[2026-08-11 17:39:16.718896] [INFO] [path_server] 경로 삭제
[2026-08-11 17:39:16.758879] [INFO] [path_server] 경로 삭제
[2026-08-11 17:40:32.832967] [INFO] [path_server] 생성
[2026-08-11 17:40:32.833471] [INFO] [path_server] 경로 삭제
[2026-08-11 17:40:32.835310] [INFO] [path_server] 노드 초기화 성공 : 로봇 좌표[24.511m 11.503m -89.989°] 최단 거리 노드[106] 거리(0.011697m)
[2026-08-11 17:41:17.731286] [INFO] [path_server] 경로 삭제
[2026-08-11 17:41:17.771211] [INFO] [path_server] 경로 삭제
[2026-08-11 17:42:31.589646] [INFO] [path_server] 경로 삭제
[2026-08-11 17:44:21.703627] [INFO] [path_server] 생성
[2026-08-11 17:44:21.703680] [INFO] [path_server] 경로 삭제
[2026-08-11 17:44:21.705872] [INFO] [path_server] 노드 초기화 성공 : 로봇 좌표[24.511m 11.503m -89.989°] 최단 거리 노드[106] 거리(0.011697m)
[2026-08-11 17:45:06.604836] [INFO] [path_server] 경로 삭제
[2026-08-11 17:45:06.644819] [INFO] [path_server] 경로 삭제
[2026-08-11 17:45:51.328527] [INFO] [path_server] 생성
[2026-08-11 17:45:51.328560] [INFO] [path_server] 경로 삭제
[2026-08-11 17:45:51.330107] [INFO] [path_server] 노드 초기화 성공 : 로봇 좌표[24.511m 11.503m -89.989°] 최단 거리 노드[106] 거리(0.011697m)
[2026-08-11 17:46:36.223959] [INFO] [path_server] 경로 삭제
[2026-08-11 17:46:36.263818] [INFO] [path_server] 경로 삭제
[2026-08-11 17:50:10.562334] [INFO] [path_server] 생성
[2026-08-11 17:50:10.562394] [INFO] [path_server] 경로 삭제
[2026-08-11 17:50:10.564548] [INFO] [path_server] 노드 초기화 성공 : 로봇 좌표[24.511m 11.503m -89.989°] 최단 거리 노드[106] 거리(0.011697m)
[2026-08-11 17:50:55.478647] [INFO] [path_server] 경로 삭제
[2026-08-11 17:50:55.518617] [INFO] [path_server] 경로 삭제
[2026-08-11 17:52:09.296020] [INFO] [path_server] 경로 삭제
[2026-08-11 17:52:09.315959] [INFO] [path_server] 경로 삭제
[2026-08-11 17:53:23.119287] [INFO] [path_server] 경로 삭제
[2026-08-11 17:53:23.159258] [INFO] [path_server] 경로 삭제
[2026-08-11 17:54:36.936958] [INFO] [path_server] 경로 삭제
[2026-08-11 17:54:36.976865] [INFO] [path_server] 경로 삭제
[2026-08-11 17:55:50.794065] [INFO] [path_server] 경로 삭제
[2026-08-11 17:55:50.833997] [INFO] [path_server] 경로 삭제
[2026-08-11 17:57:04.612897] [INFO] [path_server] 경로 삭제
[2026-08-11 17:57:04.633028] [INFO] [path_server] 경로 삭제
[2026-08-11 17:57:11.121631] [INFO] [path_server] 새로운 경로 설정 : path[106 ➜ 208] time[0s] dist[21m] list[15] : 106-1174-1175-1176-1177-1178-1081-1185-1186-1187-1188-1056-1057-1058-208
[2026-08-11 17:57:14.974305] [INFO] [path_server] 노드 업데이트 : [1174] ➜ [1175]
[2026-08-11 17:57:15.034225] [INFO] [path_server] 새로운 경로 설정 : path[1174 ➜ 208] time[0s] dist[19.5m] list[14] : 1174-1175-1176-1177-1178-1081-1185-1186-1187-1188-1056-1057-1058-208
[2026-08-11 17:57:18.567390] [INFO] [path_server] 노드 업데이트 : [1175] ➜ [1176]
[2026-08-11 17:57:18.647285] [INFO] [path_server] 새로운 경로 설정 : path[1175 ➜ 208] time[0s] dist[18m] list[13] : 1175-1176-1177-1178-1081-1185-1186-1187-1188-1056-1057-1058-208
[2026-08-11 17:57:19.685494] [INFO] [path_server] 노드 업데이트 : [1176] ➜ [1177]
[2026-08-11 17:57:19.745453] [INFO] [path_server] 새로운 경로 설정 : path[1176 ➜ 208] time[0s] dist[16.5m] list[12] : 1176-1177-1178-1081-1185-1186-1187-1188-1056-1057-1058-208
[2026-08-11 17:57:20.503939] [INFO] [path_server] 노드 업데이트 : [1177] ➜ [1178]
[2026-08-11 17:57:20.583804] [INFO] [path_server] 새로운 경로 설정 : path[1177 ➜ 208] time[0s] dist[15m] list[11] : 1177-1178-1081-1185-1186-1187-1188-1056-1057-1058-208
[2026-08-11 17:57:21.262385] [INFO] [path_server] 노드 업데이트 : [1178] ➜ [1081]
[2026-08-11 17:57:21.342302] [INFO] [path_server] 새로운 경로 설정 : path[1178 ➜ 208] time[0s] dist[13.5m] list[10] : 1178-1081-1185-1186-1187-1188-1056-1057-1058-208
[2026-08-11 17:57:22.021005] [INFO] [path_server] 노드 업데이트 : [1081] ➜ [1185]
[2026-08-11 17:57:22.080915] [INFO] [path_server] 새로운 경로 설정 : path[1081 ➜ 208] time[0s] dist[12m] list[9] : 1081-1185-1186-1187-1188-1056-1057-1058-208
[2026-08-11 17:57:23.418182] [INFO] [path_server] 노드 업데이트 : [1185] ➜ [1186]
[2026-08-11 17:57:23.498116] [INFO] [path_server] 새로운 경로 설정 : path[1185 ➜ 208] time[0s] dist[10.5m] list[8] : 1185-1186-1187-1188-1056-1057-1058-208
[2026-08-11 17:57:26.891431] [INFO] [path_server] 노드 업데이트 : [1186] ➜ [1187]
[2026-08-11 17:57:26.971341] [INFO] [path_server] 새로운 경로 설정 : path[1186 ➜ 208] time[0s] dist[9m] list[7] : 1186-1187-1188-1056-1057-1058-208
[2026-08-11 17:57:28.009171] [INFO] [path_server] 노드 업데이트 : [1187] ➜ [1188]
[2026-08-11 17:57:28.069128] [INFO] [path_server] 새로운 경로 설정 : path[1187 ➜ 208] time[0s] dist[7.5m] list[6] : 1187-1188-1056-1057-1058-208
[2026-08-11 17:57:29.247005] [INFO] [path_server] 노드 업데이트 : [1188] ➜ [1056]
[2026-08-11 17:57:29.306931] [INFO] [path_server] 새로운 경로 설정 : path[1188 ➜ 208] time[0s] dist[6m] list[5] : 1188-1056-1057-1058-208
[2026-08-11 17:57:32.520740] [INFO] [path_server] 노드 업데이트 : [1056] ➜ [1057]
[2026-08-11 17:57:32.600604] [INFO] [path_server] 새로운 경로 설정 : path[1056 ➜ 208] time[0s] dist[4.5m] list[4] : 1056-1057-1058-208
[2026-08-11 17:57:33.678405] [INFO] [path_server] 노드 업데이트 : [1057] ➜ [1058]
[2026-08-11 17:57:33.738294] [INFO] [path_server] 새로운 경로 설정 : path[1057 ➜ 208] time[0s] dist[3m] list[3] : 1057-1058-208
[2026-08-11 17:57:36.412925] [INFO] [path_server] 노드 업데이트 : [1058] ➜ [208]
[2026-08-11 17:57:36.492706] [INFO] [path_server] 새로운 경로 설정 : path[1058 ➜ 208] time[0s] dist[1.5m] list[2] : 1058-208
