[2026-08-11 16:38:01.971350] [INFO] [framework] 프로그램 시작
[2026-08-11 16:38:01.971354] [WARNING] [framework] 프로그램 시작
[2026-08-11 16:38:01.971355] [CRITICAL] [framework] 프로그램 시작
[2026-08-11 16:38:01.971356] [INFO] [framework] 설정 파일 위치 : ../configs/robot_11
[2026-08-11 16:38:01.971467] [INFO] [framework] ID[0, 11], 이름[손일일], 제어주기[20ms], 버젼[], 장소[우리집], 환경모드[simulation]
[2026-08-11 16:38:01.971520] [INFO] [mediator] 생성
[2026-08-11 16:38:01.971561] [INFO] [graph_manager] 생성
[2026-08-11 16:38:01.997346] [INFO] [stop_server] 생성
[2026-08-11 16:38:01.997395] [INFO] [health_monitor] 생성
[2026-08-11 16:38:01.997438] [INFO] [path_server] 생성
[2026-08-11 16:38:01.997485] [INFO] [course_manager] 생성
[2026-08-11 16:38:01.997521] [INFO] [task::fsm] 생성
[2026-08-11 16:38:01.997523] [INFO] [task::fsm] idle
[2026-08-11 16:38:01.997536] [INFO] [course_manager] 코스 삭제
[2026-08-11 16:38:01.997537] [INFO] [path_server] 경로 삭제
[2026-08-11 16:38:01.997569] [INFO] [task_manager] 생성
[2026-08-11 16:38:01.997661] [INFO] [mediator] connectors 생성
[2026-08-11 16:38:01.997698] [INFO] [fms] 생성
[2026-08-11 16:38:01.997699] [INFO] [fms] 통신 드라이버 생성
[2026-08-11 16:38:01.997968] [INFO] [motions] 생성
[2026-08-11 16:38:01.998006] [INFO] [localizers] 생성
[2026-08-11 16:38:01.998086] [INFO] [localizers] 파라미터 : 

[2026-08-11 16:38:01.998123] [INFO] [safety_plc] 생성
[2026-08-11 16:38:01.998150] [INFO] [load_handler] 생성
[2026-08-11 16:38:01.998185] [INFO] [power_system] 생성
[2026-08-11 16:38:01.998287] [INFO] [power_system] 설정 정보 : remaining[40%, 10%, 5%]
[2026-08-11 16:38:01.998676] [INFO] [power_system] 알람 목록 : 
 • [100015, 100001] [INFO] 자동 충전 시작.
 • [100015, 100002] [INFO] 배터리 가득.
 • [100015, 400001] [CRIT] 배터리 남은 양 - 위험
 • [100015, 300001] [ERROR] 배터리 남은 양 - 에러
 • [100015, 200001] [WARN] 배터리 남은 양 - 주의
 • [100015, 100004] [INFO] 자동 충전 해제 완료.
 • [100015, 100003] [INFO] 자동 충전 해제 시작.
[2026-08-11 16:38:01.998679] [INFO] [mediator] connector 의존성 주입
[2026-08-11 16:38:01.998687] [INFO] [mediator] any map 등록
[2026-08-11 16:38:01.998694] [INFO] [mediator] any collector 등록
[2026-08-11 16:38:01.998697] [INFO] [mediator] any collector 목록 검사
[2026-08-11 16:38:01.998776] [INFO] [framework] after init 실행
[2026-08-11 16:38:01.999222] [INFO] [course_tracker] 생성
[2026-08-11 16:38:01.999246] [INFO] [course_tracker] 파라미터 : 
◈ node_bound[0.020m, 0.150m, 0.005m]
 • approach[0.150m, 0.050m/s, -0.005m, -0.200m, 0.100m]
 • align[(10.000°, 5.000°/s), 50.000°, 30.000°/s), 0.800°, -0.100°]
◈ motion param : 
 • reference_angle[0.000°, 45.000°]
 • threshold_angle[15.000°, 20.000°, 170.000°]
 • threshold_error[0.300°, 5.000°]
 • normal[0.150m/s, 8.000, 0.800m/s, 0.500]
 • angle[0.150m/s, 1.500, 0.800m/s, 2.100]
 • protection_overshoot[0.100m/s, 0.900, 0.500m/s, 0.900]
 • speed_rotation[15.000°/s]
[2026-08-11 16:38:01.999249] [INFO] [framework] 제어 쓰레드 시작
[2026-08-11 16:38:01.999307] [INFO] [path_server] 노드 초기화 성공 : 로봇 좌표[5.504m 3.998m -179.459°] 최단 거리 노드[104] 거리(0.004079m)
[2026-08-11 16:39:32.035857] [INFO] [health_monitor] [등록][100015, 200001] : 배터리 남은 양 - 주의
[2026-08-11 16:40:31.641189] [INFO] [framework] 프로그램 시작
[2026-08-11 16:40:31.641193] [WARNING] [framework] 프로그램 시작
[2026-08-11 16:40:31.641194] [CRITICAL] [framework] 프로그램 시작
[2026-08-11 16:40:31.641194] [INFO] [framework] 설정 파일 위치 : ../configs/robot_11
[2026-08-11 16:40:31.641322] [INFO] [framework] ID[0, 11], 이름[손일일], 제어주기[20ms], 버젼[], 장소[우리집], 환경모드[simulation]
[2026-08-11 16:40:31.641341] [INFO] [mediator] 생성
[2026-08-11 16:40:31.641359] [INFO] [graph_manager] 생성
[2026-08-11 16:40:31.665010] [INFO] [stop_server] 생성
[2026-08-11 16:40:31.665042] [INFO] [health_monitor] 생성
[2026-08-11 16:40:31.665055] [INFO] [path_server] 생성
[2026-08-11 16:40:31.665074] [INFO] [course_manager] 생성
[2026-08-11 16:40:31.665087] [INFO] [task::fsm] 생성
[2026-08-11 16:40:31.665088] [INFO] [task::fsm] idle
[2026-08-11 16:40:31.665089] [INFO] [course_manager] 코스 삭제
[2026-08-11 16:40:31.665089] [INFO] [path_server] 경로 삭제
[2026-08-11 16:40:31.665099] [INFO] [task_manager] 생성
[2026-08-11 16:40:31.665189] [INFO] [mediator] connectors 생성
[2026-08-11 16:40:31.665203] [INFO] [fms] 생성
[2026-08-11 16:40:31.665204] [INFO] [fms] 통신 드라이버 생성
[2026-08-11 16:40:31.665481] [INFO] [motions] 생성
[2026-08-11 16:40:31.665497] [INFO] [localizers] 생성
[2026-08-11 16:40:31.665576] [INFO] [localizers] 파라미터 : 

[2026-08-11 16:40:31.665590] [INFO] [safety_plc] 생성
[2026-08-11 16:40:31.665602] [INFO] [load_handler] 생성
[2026-08-11 16:40:31.665614] [INFO] [power_system] 생성
[2026-08-11 16:40:31.665709] [INFO] [power_system] 설정 정보 : remaining[40%, 10%, 5%]
[2026-08-11 16:40:31.666116] [INFO] [power_system] 알람 목록 : 
 • [100015, 100001] [INFO] 자동 충전 시작.
 • [100015, 100002] [INFO] 배터리 가득.
 • [100015, 400001] [CRIT] 배터리 남은 양 - 위험
 • [100015, 300001] [ERROR] 배터리 남은 양 - 에러
 • [100015, 200001] [WARN] 배터리 남은 양 - 주의
 • [100015, 100004] [INFO] 자동 충전 해제 완료.
 • [100015, 100003] [INFO] 자동 충전 해제 시작.
[2026-08-11 16:40:31.666121] [INFO] [mediator] connector 의존성 주입
[2026-08-11 16:40:31.666137] [INFO] [mediator] any map 등록
[2026-08-11 16:40:31.666144] [INFO] [mediator] any collector 등록
[2026-08-11 16:40:31.666152] [INFO] [mediator] any collector 목록 검사
[2026-08-11 16:40:31.666198] [INFO] [framework] after init 실행
[2026-08-11 16:40:31.666416] [INFO] [course_tracker] 생성
[2026-08-11 16:40:31.666433] [INFO] [course_tracker] 파라미터 : 
◈ node_bound[0.020m, 0.150m, 0.005m]
 • approach[0.150m, 0.050m/s, -0.005m, -0.200m, 0.100m]
 • align[(10.000°, 5.000°/s), 50.000°, 30.000°/s), 0.800°, -0.100°]
◈ motion param : 
 • reference_angle[0.000°, 45.000°]
 • threshold_angle[15.000°, 20.000°, 170.000°]
 • threshold_error[0.300°, 5.000°]
 • normal[0.150m/s, 8.000, 0.800m/s, 0.500]
 • angle[0.150m/s, 1.500, 0.800m/s, 2.100]
 • protection_overshoot[0.100m/s, 0.900, 0.500m/s, 0.900]
 • speed_rotation[15.000°/s]
[2026-08-11 16:40:31.666436] [INFO] [framework] 제어 쓰레드 시작
[2026-08-11 16:40:31.666467] [INFO] [path_server] 노드 초기화 성공 : 로봇 좌표[5.504m 3.998m -179.459°] 최단 거리 노드[104] 거리(0.004079m)
[2026-08-11 16:42:01.698851] [INFO] [health_monitor] [등록][100015, 200001] : 배터리 남은 양 - 주의
[2026-08-11 16:42:03.856322] [INFO] [task::fsm] charging
[2026-08-11 16:42:03.856330] [INFO] [power_system] 충전 프로세스 시작
[2026-08-11 16:42:03.856372] [INFO] [health_monitor] [등록][100015, 100001] : 자동 충전 시작.
[2026-08-11 16:42:08.866920] [INFO] [health_monitor] [삭제][100015, 100001] : 자동 충전 시작.
[2026-08-11 16:42:09.865177] [INFO] [health_monitor] [삭제][100015, 200001] : 배터리 남은 양 - 주의
[2026-08-11 16:42:33.864637] [INFO] [power_system] 충전 완료
[2026-08-11 16:42:33.864661] [INFO] [health_monitor] [등록][100015, 100002] : 배터리 가득.
[2026-08-11 16:42:33.864665] [INFO] [health_monitor] [등록][100015, 100003] : 자동 충전 해제 시작.
[2026-08-11 16:42:38.876153] [INFO] [health_monitor] [삭제][100015, 100002] : 배터리 가득.
[2026-08-11 16:42:38.876162] [INFO] [health_monitor] [삭제][100015, 100003] : 자동 충전 해제 시작.
[2026-08-11 16:42:38.896105] [INFO] [power_system] 충전 해제 완료
[2026-08-11 16:42:38.896118] [INFO] [health_monitor] [등록][100015, 100004] : 자동 충전 해제 완료.
[2026-08-11 16:42:38.916074] [INFO] [task::fsm] discharging
[2026-08-11 16:42:38.916083] [INFO] [power_system] 충전 해제 프로세스 시작
[2026-08-11 16:42:38.916094] [INFO] [health_monitor] [등록][100015, 100003] : 자동 충전 해제 시작.
[2026-08-11 16:42:38.936035] [INFO] [task::fsm] idle
[2026-08-11 16:42:38.936042] [INFO] [course_manager] 코스 삭제
[2026-08-11 16:42:38.936044] [INFO] [path_server] 경로 삭제
[2026-08-11 16:42:43.908296] [INFO] [health_monitor] [삭제][100015, 100004] : 자동 충전 해제 완료.
[2026-08-11 16:42:43.928239] [INFO] [health_monitor] [삭제][100015, 100003] : 자동 충전 해제 시작.
[2026-08-11 16:42:59.124393] [INFO] [task::fsm] idle
[2026-08-11 16:42:59.124403] [INFO] [path_server] 경로 삭제
[2026-08-11 16:42:59.124400] [INFO] [course_manager] 코스 삭제
[2026-08-11 16:43:06.133483] [INFO] [path_server] 새로운 경로 설정 : path[104 ➜ 205] time[0s] dist[30m] list[21] : 104-1181-1182-1183-1184-1045-1046-1047-1048-1001-1002-1003-1004-1013-1049-1050-1014-1201-1200-1202-205
[2026-08-11 16:43:06.133501] [INFO] [course_tracker] 방향 정렬 완료 
[2026-08-11 16:43:13.300297] [INFO] [path_server] 노드 업데이트 : [1181] ➜ [1182]
[2026-08-11 16:43:13.400113] [INFO] [path_server] 새로운 경로 설정 : path[1181 ➜ 205] time[0s] dist[28.5m] list[20] : 1181-1182-1183-1184-1045-1046-1047-1048-1001-1002-1003-1004-1013-1049-1050-1014-1201-1200-1202-205
[2026-08-11 16:43:16.913471] [INFO] [path_server] 노드 업데이트 : [1182] ➜ [1183]
[2026-08-11 16:43:16.993404] [INFO] [path_server] 새로운 경로 설정 : path[1182 ➜ 205] time[0s] dist[27m] list[19] : 1182-1183-1184-1045-1046-1047-1048-1001-1002-1003-1004-1013-1049-1050-1014-1201-1200-1202-205
[2026-08-11 16:43:18.051235] [INFO] [path_server] 노드 업데이트 : [1183] ➜ [1184]
[2026-08-11 16:43:18.131185] [INFO] [path_server] 새로운 경로 설정 : path[1183 ➜ 205] time[0s] dist[25.5m] list[18] : 1183-1184-1045-1046-1047-1048-1001-1002-1003-1004-1013-1049-1050-1014-1201-1200-1202-205
[2026-08-11 16:43:18.870186] [INFO] [path_server] 노드 업데이트 : [1184] ➜ [1045]
[2026-08-11 16:43:18.930103] [INFO] [path_server] 새로운 경로 설정 : path[1184 ➜ 205] time[0s] dist[24m] list[17] : 1184-1045-1046-1047-1048-1001-1002-1003-1004-1013-1049-1050-1014-1201-1200-1202-205
[2026-08-11 16:43:20.207620] [INFO] [path_server] 노드 업데이트 : [1045] ➜ [1046]
[2026-08-11 16:43:20.287539] [INFO] [path_server] 새로운 경로 설정 : path[1045 ➜ 205] time[0s] dist[22.5m] list[16] : 1045-1046-1047-1048-1001-1002-1003-1004-1013-1049-1050-1014-1201-1200-1202-205
[2026-08-11 16:43:23.541486] [INFO] [path_server] 노드 업데이트 : [1046] ➜ [1047]
[2026-08-11 16:43:23.601389] [INFO] [path_server] 새로운 경로 설정 : path[1046 ➜ 205] time[0s] dist[21m] list[15] : 1046-1047-1048-1001-1002-1003-1004-1013-1049-1050-1014-1201-1200-1202-205
[2026-08-11 16:43:24.679456] [INFO] [path_server] 노드 업데이트 : [1047] ➜ [1048]
[2026-08-11 16:43:24.739373] [INFO] [path_server] 새로운 경로 설정 : path[1047 ➜ 205] time[0s] dist[19.5m] list[14] : 1047-1048-1001-1002-1003-1004-1013-1049-1050-1014-1201-1200-1202-205
[2026-08-11 16:43:25.497872] [INFO] [path_server] 노드 업데이트 : [1048] ➜ [1001]
[2026-08-11 16:43:25.577738] [INFO] [path_server] 새로운 경로 설정 : path[1048 ➜ 205] time[0s] dist[18m] list[13] : 1048-1001-1002-1003-1004-1013-1049-1050-1014-1201-1200-1202-205
[2026-08-11 16:43:26.256648] [INFO] [path_server] 노드 업데이트 : [1001] ➜ [1002]
[2026-08-11 16:43:26.336659] [INFO] [path_server] 새로운 경로 설정 : path[1001 ➜ 205] time[0s] dist[16.5m] list[12] : 1001-1002-1003-1004-1013-1049-1050-1014-1201-1200-1202-205
[2026-08-11 16:43:27.015345] [INFO] [path_server] 노드 업데이트 : [1002] ➜ [1003]
[2026-08-11 16:43:27.095256] [INFO] [path_server] 새로운 경로 설정 : path[1002 ➜ 205] time[0s] dist[15m] list[11] : 1002-1003-1004-1013-1049-1050-1014-1201-1200-1202-205
[2026-08-11 16:43:27.753912] [INFO] [path_server] 노드 업데이트 : [1003] ➜ [1004]
[2026-08-11 16:43:27.833790] [INFO] [path_server] 새로운 경로 설정 : path[1003 ➜ 205] time[0s] dist[13.5m] list[10] : 1003-1004-1013-1049-1050-1014-1201-1200-1202-205
[2026-08-11 16:43:29.071536] [INFO] [path_server] 노드 업데이트 : [1004] ➜ [1013]
[2026-08-11 16:43:29.151404] [INFO] [path_server] 새로운 경로 설정 : path[1004 ➜ 205] time[0s] dist[12m] list[9] : 1004-1013-1049-1050-1014-1201-1200-1202-205
[2026-08-11 16:43:32.425631] [INFO] [path_server] 노드 업데이트 : [1013] ➜ [1049]
[2026-08-11 16:43:32.505489] [INFO] [path_server] 새로운 경로 설정 : path[1013 ➜ 205] time[0s] dist[10.5m] list[8] : 1013-1049-1050-1014-1201-1200-1202-205
[2026-08-11 16:43:33.544222] [INFO] [path_server] 노드 업데이트 : [1049] ➜ [1050]
[2026-08-11 16:43:33.624180] [INFO] [path_server] 새로운 경로 설정 : path[1049 ➜ 205] time[0s] dist[9m] list[7] : 1049-1050-1014-1201-1200-1202-205
[2026-08-11 16:43:34.882896] [INFO] [path_server] 노드 업데이트 : [1050] ➜ [1014]
[2026-08-11 16:43:34.962750] [INFO] [path_server] 새로운 경로 설정 : path[1050 ➜ 205] time[0s] dist[7.5m] list[6] : 1050-1014-1201-1200-1202-205
[2026-08-11 16:43:38.277466] [INFO] [path_server] 노드 업데이트 : [1014] ➜ [1201]
[2026-08-11 16:43:38.357428] [INFO] [path_server] 새로운 경로 설정 : path[1014 ➜ 205] time[0s] dist[6m] list[5] : 1014-1201-1200-1202-205
[2026-08-11 16:43:39.395539] [INFO] [path_server] 노드 업데이트 : [1201] ➜ [1200]
[2026-08-11 16:43:39.455468] [INFO] [path_server] 새로운 경로 설정 : path[1201 ➜ 205] time[0s] dist[4.5m] list[4] : 1201-1200-1202-205
[2026-08-11 16:43:40.213964] [INFO] [path_server] 노드 업데이트 : [1200] ➜ [1202]
[2026-08-11 16:43:40.293821] [INFO] [path_server] 새로운 경로 설정 : path[1200 ➜ 205] time[0s] dist[3m] list[3] : 1200-1202-205
[2026-08-11 16:43:41.551624] [INFO] [path_server] 노드 업데이트 : [1202] ➜ [205]
[2026-08-11 16:43:41.611538] [INFO] [path_server] 새로운 경로 설정 : path[1202 ➜ 205] time[0s] dist[1.5m] list[2] : 1202-205
[2026-08-11 16:43:46.761629] [INFO] [path_server] 노드 업데이트 : [205] ➜ [-1]
[2026-08-11 16:43:49.656599] [INFO] [course_tracker] 목적지에서 각도 정렬 : [23.500m 7.000m 0.000°]
[2026-08-11 16:43:49.696459] [INFO] [path_server] 노드 업데이트 : [205] ➜ [-1]
[2026-08-11 16:43:49.716466] [INFO] [task::fsm] push_done
[2026-08-11 16:43:49.776347] [INFO] [task::fsm] idle
[2026-08-11 16:43:49.776353] [INFO] [course_manager] 코스 삭제
[2026-08-11 16:43:49.776356] [INFO] [path_server] 경로 삭제
[2026-08-11 16:43:54.867041] [INFO] [path_server] 새로운 경로 설정 : path[205 ➜ 111] time[0s] dist[33m] list[23] : 205-1202-1203-1204-1205-1206-1207-1208-1145-1146-1147-1148-1077-1029-1030-1031-1032-1033-1034-1007-1167-1168-111
[2026-08-11 16:43:59.758379] [INFO] [path_server] 노드 업데이트 : [1202] ➜ [1203]
[2026-08-11 16:43:59.838250] [INFO] [path_server] 새로운 경로 설정 : path[1202 ➜ 111] time[0s] dist[31.5m] list[22] : 1202-1203-1204-1205-1206-1207-1208-1145-1146-1147-1148-1077-1029-1030-1031-1032-1033-1034-1007-1167-1168-111
[2026-08-11 16:44:03.372346] [INFO] [path_server] 노드 업데이트 : [1203] ➜ [1204]
[2026-08-11 16:44:03.432251] [INFO] [path_server] 새로운 경로 설정 : path[1203 ➜ 111] time[0s] dist[30m] list[21] : 1203-1204-1205-1206-1207-1208-1145-1146-1147-1148-1077-1029-1030-1031-1032-1033-1034-1007-1167-1168-111
[2026-08-11 16:44:04.510241] [INFO] [path_server] 노드 업데이트 : [1204] ➜ [1205]
[2026-08-11 16:44:04.570168] [INFO] [path_server] 새로운 경로 설정 : path[1204 ➜ 111] time[0s] dist[28.5m] list[20] : 1204-1205-1206-1207-1208-1145-1146-1147-1148-1077-1029-1030-1031-1032-1033-1034-1007-1167-1168-111
[2026-08-11 16:44:05.328653] [INFO] [path_server] 노드 업데이트 : [1205] ➜ [1206]
[2026-08-11 16:44:05.408492] [INFO] [path_server] 새로운 경로 설정 : path[1205 ➜ 111] time[0s] dist[27m] list[19] : 1205-1206-1207-1208-1145-1146-1147-1148-1077-1029-1030-1031-1032-1033-1034-1007-1167-1168-111
[2026-08-11 16:44:06.087353] [INFO] [path_server] 노드 업데이트 : [1206] ➜ [1207]
[2026-08-11 16:44:06.167409] [INFO] [path_server] 새로운 경로 설정 : path[1206 ➜ 111] time[0s] dist[25.51m] list[18] : 1206-1207-1208-1145-1146-1147-1148-1077-1029-1030-1031-1032-1033-1034-1007-1167-1168-111
[2026-08-11 16:44:06.846205] [INFO] [path_server] 노드 업데이트 : [1207] ➜ [1208]
[2026-08-11 16:44:06.906130] [INFO] [path_server] 새로운 경로 설정 : path[1207 ➜ 111] time[0s] dist[24m] list[17] : 1207-1208-1145-1146-1147-1148-1077-1029-1030-1031-1032-1033-1034-1007-1167-1168-111
[2026-08-11 16:44:07.584728] [INFO] [path_server] 노드 업데이트 : [1208] ➜ [1145]
[2026-08-11 16:44:07.664662] [INFO] [path_server] 새로운 경로 설정 : path[1208 ➜ 111] time[0s] dist[22.5m] list[16] : 1208-1145-1146-1147-1148-1077-1029-1030-1031-1032-1033-1034-1007-1167-1168-111
[2026-08-11 16:44:08.902307] [INFO] [path_server] 노드 업데이트 : [1145] ➜ [1146]
[2026-08-11 16:44:08.982197] [INFO] [path_server] 새로운 경로 설정 : path[1145 ➜ 111] time[0s] dist[21m] list[15] : 1145-1146-1147-1148-1077-1029-1030-1031-1032-1033-1034-1007-1167-1168-111
[2026-08-11 16:44:12.256639] [INFO] [path_server] 노드 업데이트 : [1146] ➜ [1147]
[2026-08-11 16:44:12.336506] [INFO] [path_server] 새로운 경로 설정 : path[1146 ➜ 111] time[0s] dist[19.5m] list[14] : 1146-1147-1148-1077-1029-1030-1031-1032-1033-1034-1007-1167-1168-111
[2026-08-11 16:44:13.394718] [INFO] [path_server] 노드 업데이트 : [1147] ➜ [1148]
[2026-08-11 16:44:13.474564] [INFO] [path_server] 새로운 경로 설정 : path[1147 ➜ 111] time[0s] dist[18m] list[13] : 1147-1148-1077-1029-1030-1031-1032-1033-1034-1007-1167-1168-111
[2026-08-11 16:44:14.213096] [INFO] [path_server] 노드 업데이트 : [1148] ➜ [1077]
[2026-08-11 16:44:14.293048] [INFO] [path_server] 새로운 경로 설정 : path[1148 ➜ 111] time[0s] dist[16.5m] list[12] : 1148-1077-1029-1030-1031-1032-1033-1034-1007-1167-1168-111
[2026-08-11 16:44:15.550774] [INFO] [path_server] 노드 업데이트 : [1077] ➜ [1029]
[2026-08-11 16:44:15.630618] [INFO] [path_server] 새로운 경로 설정 : path[1077 ➜ 111] time[0s] dist[15m] list[11] : 1077-1029-1030-1031-1032-1033-1034-1007-1167-1168-111
[2026-08-11 16:44:18.884463] [INFO] [path_server] 노드 업데이트 : [1029] ➜ [1030]
[2026-08-11 16:44:18.964388] [INFO] [path_server] 새로운 경로 설정 : path[1029 ➜ 111] time[0s] dist[13.5m] list[10] : 1029-1030-1031-1032-1033-1034-1007-1167-1168-111
[2026-08-11 16:44:20.022472] [INFO] [path_server] 노드 업데이트 : [1030] ➜ [1031]
[2026-08-11 16:44:20.102415] [INFO] [path_server] 새로운 경로 설정 : path[1030 ➜ 111] time[0s] dist[12m] list[9] : 1030-1031-1032-1033-1034-1007-1167-1168-111
[2026-08-11 16:44:20.841097] [INFO] [path_server] 노드 업데이트 : [1031] ➜ [1032]
[2026-08-11 16:44:20.920996] [INFO] [path_server] 새로운 경로 설정 : path[1031 ➜ 111] time[0s] dist[10.5m] list[8] : 1031-1032-1033-1034-1007-1167-1168-111
[2026-08-11 16:44:21.599825] [INFO] [path_server] 노드 업데이트 : [1032] ➜ [1033]
[2026-08-11 16:44:21.699665] [INFO] [path_server] 새로운 경로 설정 : path[1032 ➜ 111] time[0s] dist[9m] list[7] : 1032-1033-1034-1007-1167-1168-111
[2026-08-11 16:44:22.358430] [INFO] [path_server] 노드 업데이트 : [1033] ➜ [1034]
[2026-08-11 16:44:22.438308] [INFO] [path_server] 새로운 경로 설정 : path[1033 ➜ 111] time[0s] dist[7.5m] list[6] : 1033-1034-1007-1167-1168-111
[2026-08-11 16:44:23.097095] [INFO] [path_server] 노드 업데이트 : [1034] ➜ [1007]
[2026-08-11 16:44:23.157041] [INFO] [path_server] 새로운 경로 설정 : path[1034 ➜ 111] time[0s] dist[6m] list[5] : 1034-1007-1167-1168-111
[2026-08-11 16:44:24.414760] [INFO] [path_server] 노드 업데이트 : [1007] ➜ [1167]
[2026-08-11 16:44:24.474674] [INFO] [path_server] 새로운 경로 설정 : path[1007 ➜ 111] time[0s] dist[4.5m] list[4] : 1007-1167-1168-111
[2026-08-11 16:44:27.788661] [INFO] [path_server] 노드 업데이트 : [1167] ➜ [1168]
[2026-08-11 16:44:27.868564] [INFO] [path_server] 새로운 경로 설정 : path[1167 ➜ 111] time[0s] dist[3m] list[3] : 1167-1168-111
[2026-08-11 16:44:29.206157] [INFO] [path_server] 노드 업데이트 : [1168] ➜ [111]
[2026-08-11 16:44:29.266100] [INFO] [path_server] 새로운 경로 설정 : path[1168 ➜ 111] time[0s] dist[1.5m] list[2] : 1168-111
[2026-08-11 16:44:34.796321] [INFO] [path_server] 노드 업데이트 : [111] ➜ [-1]
[2026-08-11 16:44:36.892342] [INFO] [health_monitor] [등록][100015, 200001] : 배터리 남은 양 - 주의
[2026-08-11 16:44:37.690794] [INFO] [course_tracker] 목적지에서 각도 정렬 : [22.000m 14.500m 0.000°]
[2026-08-11 16:44:37.730710] [INFO] [path_server] 노드 업데이트 : [111] ➜ [-1]
[2026-08-11 16:44:37.750670] [INFO] [task::fsm] push_done
[2026-08-11 16:44:37.810518] [INFO] [task::fsm] charging
[2026-08-11 16:44:37.810524] [INFO] [power_system] 충전 프로세스 시작
[2026-08-11 16:44:37.810551] [INFO] [health_monitor] [등록][100015, 100001] : 자동 충전 시작.
[2026-08-11 16:44:42.821509] [INFO] [health_monitor] [삭제][100015, 100001] : 자동 충전 시작.
[2026-08-11 16:44:43.719754] [INFO] [health_monitor] [삭제][100015, 200001] : 배터리 남은 양 - 주의
[2026-08-11 16:45:07.718222] [INFO] [power_system] 충전 완료
[2026-08-11 16:45:07.718240] [INFO] [health_monitor] [등록][100015, 100002] : 배터리 가득.
[2026-08-11 16:45:07.718256] [INFO] [health_monitor] [등록][100015, 100003] : 자동 충전 해제 시작.
[2026-08-11 16:45:12.729703] [INFO] [health_monitor] [삭제][100015, 100002] : 배터리 가득.
[2026-08-11 16:45:12.729710] [INFO] [health_monitor] [삭제][100015, 100003] : 자동 충전 해제 시작.
[2026-08-11 16:45:12.749664] [INFO] [power_system] 충전 해제 완료
[2026-08-11 16:45:12.749679] [INFO] [health_monitor] [등록][100015, 100004] : 자동 충전 해제 완료.
[2026-08-11 16:45:12.769604] [INFO] [task::fsm] discharging
[2026-08-11 16:45:12.769619] [INFO] [power_system] 충전 해제 프로세스 시작
[2026-08-11 16:45:12.769636] [INFO] [health_monitor] [등록][100015, 100003] : 자동 충전 해제 시작.
[2026-08-11 16:45:12.789599] [INFO] [task::fsm] idle
[2026-08-11 16:45:12.789605] [INFO] [course_manager] 코스 삭제
[2026-08-11 16:45:12.789607] [INFO] [path_server] 경로 삭제
[2026-08-11 16:45:12.809565] [INFO] [task::fsm] idle
[2026-08-11 16:45:12.809569] [INFO] [path_server] 경로 삭제
[2026-08-11 16:45:12.809568] [INFO] [course_manager] 코스 삭제
[2026-08-11 16:45:17.762144] [INFO] [health_monitor] [삭제][100015, 100004] : 자동 충전 해제 완료.
[2026-08-11 16:45:17.782076] [INFO] [health_monitor] [삭제][100015, 100003] : 자동 충전 해제 시작.
[2026-08-11 16:45:49.991730] [INFO] [framework] 프로그램 시작
[2026-08-11 16:45:49.991736] [WARNING] [framework] 프로그램 시작
[2026-08-11 16:45:49.991738] [CRITICAL] [framework] 프로그램 시작
[2026-08-11 16:45:49.991739] [INFO] [framework] 설정 파일 위치 : ../configs/robot_11
[2026-08-11 16:45:49.991904] [INFO] [framework] ID[0, 11], 이름[손일일], 제어주기[20ms], 버젼[], 장소[우리집], 환경모드[simulation]
[2026-08-11 16:45:49.991934] [INFO] [mediator] 생성
[2026-08-11 16:45:49.991973] [INFO] [graph_manager] 생성
[2026-08-11 16:45:50.022412] [INFO] [stop_server] 생성
[2026-08-11 16:45:50.022442] [INFO] [health_monitor] 생성
[2026-08-11 16:45:50.022456] [INFO] [path_server] 생성
[2026-08-11 16:45:50.022469] [INFO] [course_manager] 생성
[2026-08-11 16:45:50.022492] [INFO] [task::fsm] 생성
[2026-08-11 16:45:50.022493] [INFO] [task::fsm] idle
[2026-08-11 16:45:50.022495] [INFO] [course_manager] 코스 삭제
[2026-08-11 16:45:50.022495] [INFO] [path_server] 경로 삭제
[2026-08-11 16:45:50.022511] [INFO] [task_manager] 생성
[2026-08-11 16:45:50.022619] [INFO] [mediator] connectors 생성
[2026-08-11 16:45:50.022635] [INFO] [fms] 생성
[2026-08-11 16:45:50.022636] [INFO] [fms] 통신 드라이버 생성
[2026-08-11 16:45:50.023069] [INFO] [motions] 생성
[2026-08-11 16:45:50.023098] [INFO] [localizers] 생성
[2026-08-11 16:45:50.023238] [INFO] [localizers] 파라미터 : 

[2026-08-11 16:45:50.023263] [INFO] [safety_plc] 생성
[2026-08-11 16:45:50.023284] [INFO] [load_handler] 생성
[2026-08-11 16:45:50.023303] [INFO] [power_system] 생성
[2026-08-11 16:45:50.023456] [INFO] [power_system] 설정 정보 : remaining[40%, 10%, 5%]
[2026-08-11 16:45:50.024093] [INFO] [power_system] 알람 목록 : 
 • [100015, 100001] [INFO] 자동 충전 시작.
 • [100015, 100002] [INFO] 배터리 가득.
 • [100015, 400001] [CRIT] 배터리 남은 양 - 위험
 • [100015, 300001] [ERROR] 배터리 남은 양 - 에러
 • [100015, 200001] [WARN] 배터리 남은 양 - 주의
 • [100015, 100004] [INFO] 자동 충전 해제 완료.
 • [100015, 100003] [INFO] 자동 충전 해제 시작.
[2026-08-11 16:45:50.024098] [INFO] [mediator] connector 의존성 주입
[2026-08-11 16:45:50.024109] [INFO] [mediator] any map 등록
[2026-08-11 16:45:50.024115] [INFO] [mediator] any collector 등록
[2026-08-11 16:45:50.024118] [INFO] [mediator] any collector 목록 검사
[2026-08-11 16:45:50.024194] [INFO] [framework] after init 실행
[2026-08-11 16:45:50.024556] [INFO] [course_tracker] 생성
[2026-08-11 16:45:50.024581] [INFO] [framework] 제어 쓰레드 시작
[2026-08-11 16:45:50.024578] [INFO] [course_tracker] 파라미터 : 
◈ node_bound[0.020m, 0.150m, 0.005m]
 • approach[0.150m, 0.050m/s, -0.005m, -0.200m, 0.100m]
 • align[(10.000°, 5.000°/s), 50.000°, 30.000°/s), 0.800°, -0.100°]
◈ motion param : 
 • reference_angle[0.000°, 45.000°]
 • threshold_angle[15.000°, 20.000°, 170.000°]
 • threshold_error[0.300°, 5.000°]
 • normal[0.150m/s, 8.000, 0.800m/s, 0.500]
 • angle[0.150m/s, 1.500, 0.800m/s, 2.100]
 • protection_overshoot[0.100m/s, 0.900, 0.500m/s, 0.900]
 • speed_rotation[15.000°/s]
[2026-08-11 16:45:50.024626] [INFO] [path_server] 노드 초기화 성공 : 로봇 좌표[22.003m 14.499m -179.565°] 최단 거리 노드[111] 거리(0.003320m)
[2026-08-11 16:45:50.044608] [INFO] [task::fsm] idle
[2026-08-11 16:45:50.044616] [INFO] [course_manager] 코스 삭제
[2026-08-11 16:45:50.044625] [INFO] [path_server] 경로 삭제
[2026-08-11 16:45:50.124456] [INFO] [task::fsm] charging
[2026-08-11 16:45:50.124464] [INFO] [power_system] 충전 프로세스 시작
[2026-08-11 16:45:50.124476] [INFO] [health_monitor] [등록][100015, 100001] : 자동 충전 시작.
[2026-08-11 16:45:55.135461] [INFO] [health_monitor] [삭제][100015, 100001] : 자동 충전 시작.
[2026-08-11 16:46:07.852508] [INFO] [power_system] 충전 완료
[2026-08-11 16:46:07.852524] [INFO] [health_monitor] [등록][100015, 100002] : 배터리 가득.
[2026-08-11 16:46:07.852526] [INFO] [health_monitor] [등록][100015, 100003] : 자동 충전 해제 시작.
[2026-08-11 16:46:12.864274] [INFO] [health_monitor] [삭제][100015, 100002] : 배터리 가득.
[2026-08-11 16:46:12.864280] [INFO] [health_monitor] [삭제][100015, 100003] : 자동 충전 해제 시작.
[2026-08-11 16:46:12.884185] [INFO] [power_system] 충전 해제 완료
[2026-08-11 16:46:12.884199] [INFO] [health_monitor] [등록][100015, 100004] : 자동 충전 해제 완료.
[2026-08-11 16:46:12.904197] [INFO] [task::fsm] discharging
[2026-08-11 16:46:12.904206] [INFO] [power_system] 충전 해제 프로세스 시작
[2026-08-11 16:46:12.904221] [INFO] [health_monitor] [등록][100015, 100003] : 자동 충전 해제 시작.
[2026-08-11 16:46:12.924137] [INFO] [task::fsm] idle
[2026-08-11 16:46:12.924143] [INFO] [course_manager] 코스 삭제
[2026-08-11 16:46:12.924144] [INFO] [path_server] 경로 삭제
[2026-08-11 16:46:12.964081] [INFO] [task::fsm] idle
[2026-08-11 16:46:12.964087] [INFO] [course_manager] 코스 삭제
[2026-08-11 16:46:12.964089] [INFO] [path_server] 경로 삭제
[2026-08-11 16:46:17.895804] [INFO] [health_monitor] [삭제][100015, 100004] : 자동 충전 해제 완료.
[2026-08-11 16:46:17.915803] [INFO] [health_monitor] [삭제][100015, 100003] : 자동 충전 해제 시작.
[2026-08-11 16:47:07.961549] [INFO] [task::fsm] charging
[2026-08-11 16:47:07.961558] [INFO] [power_system] 충전 프로세스 시작
[2026-08-11 16:47:07.961573] [INFO] [health_monitor] [등록][100015, 100001] : 자동 충전 시작.
[2026-08-11 16:47:12.971698] [INFO] [health_monitor] [삭제][100015, 100001] : 자동 충전 시작.
[2026-08-11 16:47:21.674927] [INFO] [power_system] 충전 완료
[2026-08-11 16:47:21.674943] [INFO] [health_monitor] [등록][100015, 100002] : 배터리 가득.
[2026-08-11 16:47:21.674946] [INFO] [health_monitor] [등록][100015, 100003] : 자동 충전 해제 시작.
[2026-08-11 16:47:26.684609] [INFO] [health_monitor] [삭제][100015, 100002] : 배터리 가득.
[2026-08-11 16:47:26.684615] [INFO] [health_monitor] [삭제][100015, 100003] : 자동 충전 해제 시작.
[2026-08-11 16:47:26.704549] [INFO] [power_system] 충전 해제 완료
[2026-08-11 16:47:26.704561] [INFO] [health_monitor] [등록][100015, 100004] : 자동 충전 해제 완료.
[2026-08-11 16:47:26.724465] [INFO] [task::fsm] discharging
[2026-08-11 16:47:26.724475] [INFO] [power_system] 충전 해제 프로세스 시작
[2026-08-11 16:47:26.724488] [INFO] [health_monitor] [등록][100015, 100003] : 자동 충전 해제 시작.
[2026-08-11 16:47:26.744480] [INFO] [task::fsm] idle
[2026-08-11 16:47:26.744490] [INFO] [path_server] 경로 삭제
[2026-08-11 16:47:26.744488] [INFO] [course_manager] 코스 삭제
[2026-08-11 16:47:26.764427] [INFO] [task::fsm] idle
[2026-08-11 16:47:26.764431] [INFO] [course_manager] 코스 삭제
[2026-08-11 16:47:26.764433] [INFO] [path_server] 경로 삭제
[2026-08-11 16:47:31.714626] [INFO] [health_monitor] [삭제][100015, 100004] : 자동 충전 해제 완료.
[2026-08-11 16:47:31.734462] [INFO] [health_monitor] [삭제][100015, 100003] : 자동 충전 해제 시작.
[2026-08-11 16:47:42.772691] [INFO] [framework] 프로그램 시작
[2026-08-11 16:47:42.772697] [WARNING] [framework] 프로그램 시작
[2026-08-11 16:47:42.772700] [CRITICAL] [framework] 프로그램 시작
[2026-08-11 16:47:42.772701] [INFO] [framework] 설정 파일 위치 : ../configs/robot_11
[2026-08-11 16:49:24.401367] [INFO] [framework] 프로그램 시작
[2026-08-11 16:49:24.401373] [CRITICAL] [framework] 프로그램 시작
[2026-08-11 16:49:24.401370] [WARNING] [framework] 프로그램 시작
[2026-08-11 16:49:24.401373] [INFO] [framework] 설정 파일 위치 : ../configs/robot_11
[2026-08-11 16:49:24.401496] [INFO] [framework] ID[0, 11], 이름[손일일], 제어주기[20ms], 버젼[], 장소[우리집], 환경모드[simulation]
[2026-08-11 16:49:24.401517] [INFO] [mediator] 생성
[2026-08-11 16:49:24.401534] [INFO] [graph_manager] 생성
[2026-08-11 16:49:24.426438] [INFO] [stop_server] 생성
[2026-08-11 16:49:24.426467] [INFO] [health_monitor] 생성
[2026-08-11 16:49:24.426482] [INFO] [path_server] 생성
[2026-08-11 16:49:24.426498] [INFO] [course_manager] 생성
[2026-08-11 16:49:24.426512] [INFO] [task::fsm] 생성
[2026-08-11 16:49:24.426513] [INFO] [task::fsm] idle
[2026-08-11 16:49:24.426515] [INFO] [course_manager] 코스 삭제
[2026-08-11 16:49:24.426515] [INFO] [path_server] 경로 삭제
[2026-08-11 16:49:24.426529] [INFO] [task_manager] 생성
[2026-08-11 16:49:24.426640] [INFO] [mediator] connectors 생성
[2026-08-11 16:49:24.426658] [INFO] [fms] 생성
[2026-08-11 16:49:24.426659] [INFO] [fms] 통신 드라이버 생성
[2026-08-11 16:49:24.426948] [INFO] [motions] 생성
[2026-08-11 16:49:24.426969] [INFO] [localizers] 생성
[2026-08-11 16:49:24.427064] [INFO] [localizers] 파라미터 : 

[2026-08-11 16:49:24.427084] [INFO] [safety_plc] 생성
[2026-08-11 16:49:24.427097] [INFO] [load_handler] 생성
[2026-08-11 16:49:24.427113] [INFO] [power_system] 생성
[2026-08-11 16:49:24.427219] [INFO] [power_system] 설정 정보 : remaining[40%, 10%, 5%]
[2026-08-11 16:49:24.427638] [INFO] [power_system] 알람 목록 : 
 • [100015, 100001] [INFO] 자동 충전 시작.
 • [100015, 100002] [INFO] 배터리 가득.
 • [100015, 400001] [CRIT] 배터리 남은 양 - 위험
 • [100015, 300001] [ERROR] 배터리 남은 양 - 에러
 • [100015, 200001] [WARN] 배터리 남은 양 - 주의
 • [100015, 100004] [INFO] 자동 충전 해제 완료.
 • [100015, 100003] [INFO] 자동 충전 해제 시작.
[2026-08-11 16:49:24.427650] [INFO] [mediator] any map 등록
[2026-08-11 16:49:24.427641] [INFO] [mediator] connector 의존성 주입
[2026-08-11 16:49:24.427657] [INFO] [mediator] any collector 등록
[2026-08-11 16:49:24.427662] [INFO] [mediator] any collector 목록 검사
[2026-08-11 16:49:24.427717] [INFO] [framework] after init 실행
[2026-08-11 16:49:24.427951] [INFO] [course_tracker] 생성
[2026-08-11 16:49:24.427969] [INFO] [course_tracker] 파라미터 : 
◈ node_bound[0.020m, 0.150m, 0.005m]
 • approach[0.150m, 0.050m/s, -0.005m, -0.200m, 0.100m]
 • align[(10.000°, 5.000°/s), 50.000°, 30.000°/s), 0.800°, -0.100°]
◈ motion param : 
 • reference_angle[0.000°, 45.000°]
 • threshold_angle[15.000°, 20.000°, 170.000°]
 • threshold_error[0.300°, 5.000°]
 • normal[0.150m/s, 8.000, 0.800m/s, 0.500]
 • angle[0.150m/s, 1.500, 0.800m/s, 2.100]
 • protection_overshoot[0.100m/s, 0.900, 0.500m/s, 0.900]
 • speed_rotation[15.000°/s]
[2026-08-11 16:49:24.427972] [INFO] [framework] 제어 쓰레드 시작
[2026-08-11 16:49:24.428046] [INFO] [path_server] 노드 초기화 성공 : 로봇 좌표[22.003m 14.499m -179.565°] 최단 거리 노드[111] 거리(0.003320m)
[2026-08-11 16:49:24.527805] [INFO] [task::fsm] charging
[2026-08-11 16:49:24.527814] [INFO] [power_system] 충전 프로세스 시작
[2026-08-11 16:49:24.527844] [INFO] [health_monitor] [등록][100015, 100001] : 자동 충전 시작.
[2026-08-11 16:49:29.538337] [INFO] [health_monitor] [삭제][100015, 100001] : 자동 충전 시작.
[2026-08-11 16:49:46.495590] [INFO] [framework] 프로그램 시작
[2026-08-11 16:49:46.495593] [WARNING] [framework] 프로그램 시작
[2026-08-11 16:49:46.495594] [CRITICAL] [framework] 프로그램 시작
[2026-08-11 16:49:58.398748] [INFO] [framework] 프로그램 시작
[2026-08-11 16:49:58.398753] [WARNING] [framework] 프로그램 시작
[2026-08-11 16:49:58.398755] [INFO] [framework] 설정 파일 위치 : ../configs/robot_11
[2026-08-11 16:49:58.398754] [CRITICAL] [framework] 프로그램 시작
[2026-08-11 16:49:58.398907] [INFO] [framework] ID[0, 11], 이름[손일일], 제어주기[20ms], 버젼[], 장소[우리집], 환경모드[simulation]
[2026-08-11 16:49:58.398938] [INFO] [mediator] 생성
[2026-08-11 16:49:58.398967] [INFO] [graph_manager] 생성
[2026-08-11 16:49:58.433009] [INFO] [stop_server] 생성
[2026-08-11 16:49:58.433040] [INFO] [health_monitor] 생성
[2026-08-11 16:49:58.433066] [INFO] [path_server] 생성
[2026-08-11 16:49:58.433083] [INFO] [course_manager] 생성
[2026-08-11 16:49:58.433096] [INFO] [task::fsm] 생성
[2026-08-11 16:49:58.433097] [INFO] [task::fsm] idle
[2026-08-11 16:49:58.433104] [INFO] [course_manager] 코스 삭제
[2026-08-11 16:49:58.433105] [INFO] [path_server] 경로 삭제
[2026-08-11 16:49:58.433120] [INFO] [task_manager] 생성
[2026-08-11 16:49:58.433238] [INFO] [mediator] connectors 생성
[2026-08-11 16:49:58.433258] [INFO] [fms] 생성
[2026-08-11 16:49:58.433259] [INFO] [fms] 통신 드라이버 생성
[2026-08-11 16:49:58.433574] [INFO] [motions] 생성
[2026-08-11 16:49:58.433595] [INFO] [localizers] 생성
[2026-08-11 16:49:58.433706] [INFO] [localizers] 파라미터 : 

[2026-08-11 16:49:58.433731] [INFO] [safety_plc] 생성
[2026-08-11 16:49:58.433755] [INFO] [load_handler] 생성
[2026-08-11 16:49:58.433769] [INFO] [power_system] 생성
[2026-08-11 16:49:58.433892] [INFO] [power_system] 설정 정보 : remaining[40%, 10%, 5%]
[2026-08-11 16:49:58.434376] [INFO] [power_system] 알람 목록 : 
 • [100015, 100001] [INFO] 자동 충전 시작.
 • [100015, 100002] [INFO] 배터리 가득.
 • [100015, 400001] [CRIT] 배터리 남은 양 - 위험
 • [100015, 300001] [ERROR] 배터리 남은 양 - 에러
 • [100015, 200001] [WARN] 배터리 남은 양 - 주의
 • [100015, 100004] [INFO] 자동 충전 해제 완료.
 • [100015, 100003] [INFO] 자동 충전 해제 시작.
[2026-08-11 16:49:58.434380] [INFO] [mediator] connector 의존성 주입
[2026-08-11 16:49:58.434390] [INFO] [mediator] any map 등록
[2026-08-11 16:49:58.434400] [INFO] [mediator] any collector 등록
[2026-08-11 16:49:58.434404] [INFO] [mediator] any collector 목록 검사
[2026-08-11 16:49:58.434458] [INFO] [framework] after init 실행
[2026-08-11 16:49:58.434748] [INFO] [course_tracker] 생성
[2026-08-11 16:49:58.434763] [INFO] [course_tracker] 파라미터 : 
◈ node_bound[0.020m, 0.150m, 0.005m]
 • approach[0.150m, 0.050m/s, -0.005m, -0.200m, 0.100m]
 • align[(10.000°, 5.000°/s), 50.000°, 30.000°/s), 0.800°, -0.100°]
◈ motion param : 
 • reference_angle[0.000°, 45.000°]
 • threshold_angle[15.000°, 20.000°, 170.000°]
 • threshold_error[0.300°, 5.000°]
 • normal[0.150m/s, 8.000, 0.800m/s, 0.500]
 • angle[0.150m/s, 1.500, 0.800m/s, 2.100]
 • protection_overshoot[0.100m/s, 0.900, 0.500m/s, 0.900]
 • speed_rotation[15.000°/s]
[2026-08-11 16:49:58.434765] [INFO] [framework] 제어 쓰레드 시작
[2026-08-11 16:49:58.434800] [INFO] [path_server] 노드 초기화 성공 : 로봇 좌표[22.003m 14.499m -179.565°] 최단 거리 노드[111] 거리(0.003320m)
[2026-08-11 16:50:00.411081] [INFO] [task::fsm] charging
[2026-08-11 16:50:00.411090] [INFO] [power_system] 충전 프로세스 시작
[2026-08-11 16:50:00.411118] [INFO] [health_monitor] [등록][100015, 100001] : 자동 충전 시작.
[2026-08-11 16:50:05.422795] [INFO] [health_monitor] [삭제][100015, 100001] : 자동 충전 시작.
[2026-08-11 16:50:18.378515] [INFO] [power_system] 충전 완료
[2026-08-11 16:50:18.378533] [INFO] [health_monitor] [등록][100015, 100003] : 자동 충전 해제 시작.
[2026-08-11 16:50:18.378530] [INFO] [health_monitor] [등록][100015, 100002] : 배터리 가득.
[2026-08-11 16:50:23.389472] [INFO] [health_monitor] [삭제][100015, 100002] : 배터리 가득.
[2026-08-11 16:50:23.389479] [INFO] [health_monitor] [삭제][100015, 100003] : 자동 충전 해제 시작.
[2026-08-11 16:50:23.409371] [INFO] [power_system] 충전 해제 완료
[2026-08-11 16:50:23.409382] [INFO] [health_monitor] [등록][100015, 100004] : 자동 충전 해제 완료.
[2026-08-11 16:50:23.429387] [INFO] [task::fsm] discharging
[2026-08-11 16:50:23.429398] [INFO] [power_system] 충전 해제 프로세스 시작
[2026-08-11 16:50:23.429413] [INFO] [health_monitor] [등록][100015, 100003] : 자동 충전 해제 시작.
[2026-08-11 16:50:23.449370] [INFO] [task::fsm] idle
[2026-08-11 16:50:23.449380] [INFO] [path_server] 경로 삭제
[2026-08-11 16:50:23.449378] [INFO] [course_manager] 코스 삭제
[2026-08-11 16:50:23.489285] [INFO] [task::fsm] idle
[2026-08-11 16:50:23.489298] [INFO] [path_server] 경로 삭제
[2026-08-11 16:50:23.489295] [INFO] [course_manager] 코스 삭제
[2026-08-11 16:50:24.228024] [INFO] [path_server] 새로운 경로 설정 : path[111 ➜ 1025] time[0s] dist[37.5m] list[26] : 111-1168-1169-1170-1171-1172-1091-1092-1093-1094-1095-1074-1075-1076-1018-1019-1020-1011-1004-1005-1006-1021-1022-1023-1024-1025
[2026-08-11 16:50:24.228039] [INFO] [course_tracker] 방향 정렬 완료 
[2026-08-11 16:50:28.420166] [INFO] [health_monitor] [삭제][100015, 100004] : 자동 충전 해제 완료.
[2026-08-11 16:50:28.440089] [INFO] [health_monitor] [삭제][100015, 100003] : 자동 충전 해제 시작.
[2026-08-11 16:50:28.919152] [INFO] [path_server] 노드 업데이트 : [1168] ➜ [1169]
[2026-08-11 16:50:28.999088] [INFO] [path_server] 새로운 경로 설정 : path[1168 ➜ 1025] time[0s] dist[36m] list[25] : 1168-1169-1170-1171-1172-1091-1092-1093-1094-1095-1074-1075-1076-1018-1019-1020-1011-1004-1005-1006-1021-1022-1023-1024-1025
[2026-08-11 16:50:32.611923] [INFO] [path_server] 노드 업데이트 : [1169] ➜ [1170]
[2026-08-11 16:50:32.691838] [INFO] [path_server] 새로운 경로 설정 : path[1169 ➜ 1025] time[0s] dist[34.5m] list[24] : 1169-1170-1171-1172-1091-1092-1093-1094-1095-1074-1075-1076-1018-1019-1020-1011-1004-1005-1006-1021-1022-1023-1024-1025
[2026-08-11 16:50:33.729838] [INFO] [path_server] 노드 업데이트 : [1170] ➜ [1171]
[2026-08-11 16:50:33.789713] [INFO] [path_server] 새로운 경로 설정 : path[1170 ➜ 1025] time[0s] dist[33m] list[23] : 1170-1171-1172-1091-1092-1093-1094-1095-1074-1075-1076-1018-1019-1020-1011-1004-1005-1006-1021-1022-1023-1024-1025
[2026-08-11 16:50:34.548515] [INFO] [path_server] 노드 업데이트 : [1171] ➜ [1172]
[2026-08-11 16:50:34.628365] [INFO] [path_server] 새로운 경로 설정 : path[1171 ➜ 1025] time[0s] dist[31.5m] list[22] : 1171-1172-1091-1092-1093-1094-1095-1074-1075-1076-1018-1019-1020-1011-1004-1005-1006-1021-1022-1023-1024-1025
[2026-08-11 16:50:35.287113] [INFO] [path_server] 노드 업데이트 : [1172] ➜ [1091]
[2026-08-11 16:50:35.347059] [INFO] [path_server] 새로운 경로 설정 : path[1172 ➜ 1025] time[0s] dist[30m] list[21] : 1172-1091-1092-1093-1094-1095-1074-1075-1076-1018-1019-1020-1011-1004-1005-1006-1021-1022-1023-1024-1025
[2026-08-11 16:50:36.345120] [INFO] [path_server] 노드 업데이트 : [1091] ➜ [1092]
[2026-08-11 16:50:36.424981] [INFO] [path_server] 새로운 경로 설정 : path[1091 ➜ 1025] time[0s] dist[28.5m] list[20] : 1091-1092-1093-1094-1095-1074-1075-1076-1018-1019-1020-1011-1004-1005-1006-1021-1022-1023-1024-1025
[2026-08-11 16:50:39.618641] [INFO] [path_server] 노드 업데이트 : [1092] ➜ [1093]
[2026-08-11 16:50:39.698573] [INFO] [path_server] 새로운 경로 설정 : path[1092 ➜ 1025] time[0s] dist[27m] list[19] : 1092-1093-1094-1095-1074-1075-1076-1018-1019-1020-1011-1004-1005-1006-1021-1022-1023-1024-1025
[2026-08-11 16:50:40.856340] [INFO] [path_server] 노드 업데이트 : [1093] ➜ [1094]
[2026-08-11 16:50:40.916236] [INFO] [path_server] 새로운 경로 설정 : path[1093 ➜ 1025] time[0s] dist[25.5m] list[18] : 1093-1094-1095-1074-1075-1076-1018-1019-1020-1011-1004-1005-1006-1021-1022-1023-1024-1025
[2026-08-11 16:50:41.734795] [INFO] [path_server] 노드 업데이트 : [1094] ➜ [1095]
[2026-08-11 16:50:41.814689] [INFO] [path_server] 새로운 경로 설정 : path[1094 ➜ 1025] time[0s] dist[24m] list[17] : 1094-1095-1074-1075-1076-1018-1019-1020-1011-1004-1005-1006-1021-1022-1023-1024-1025
[2026-08-11 16:50:43.052318] [INFO] [path_server] 노드 업데이트 : [1095] ➜ [1074]
[2026-08-11 16:50:43.112236] [INFO] [path_server] 새로운 경로 설정 : path[1095 ➜ 1025] time[0s] dist[22.5m] list[16] : 1095-1074-1075-1076-1018-1019-1020-1011-1004-1005-1006-1021-1022-1023-1024-1025
[2026-08-11 16:50:46.386318] [INFO] [path_server] 노드 업데이트 : [1074] ➜ [1075]
[2026-08-11 16:50:46.466180] [INFO] [path_server] 새로운 경로 설정 : path[1074 ➜ 1025] time[0s] dist[21m] list[15] : 1074-1075-1076-1018-1019-1020-1011-1004-1005-1006-1021-1022-1023-1024-1025
[2026-08-11 16:50:47.524021] [INFO] [path_server] 노드 업데이트 : [1075] ➜ [1076]
[2026-08-11 16:50:47.603856] [INFO] [path_server] 새로운 경로 설정 : path[1075 ➜ 1025] time[0s] dist[19.5m] list[14] : 1075-1076-1018-1019-1020-1011-1004-1005-1006-1021-1022-1023-1024-1025
[2026-08-11 16:50:48.342402] [INFO] [path_server] 노드 업데이트 : [1076] ➜ [1018]
[2026-08-11 16:50:48.422341] [INFO] [path_server] 새로운 경로 설정 : path[1076 ➜ 1025] time[0s] dist[18m] list[13] : 1076-1018-1019-1020-1011-1004-1005-1006-1021-1022-1023-1024-1025
[2026-08-11 16:50:49.101242] [INFO] [path_server] 노드 업데이트 : [1018] ➜ [1019]
[2026-08-11 16:50:49.161165] [INFO] [path_server] 새로운 경로 설정 : path[1018 ➜ 1025] time[0s] dist[16.5m] list[12] : 1018-1019-1020-1011-1004-1005-1006-1021-1022-1023-1024-1025
[2026-08-11 16:50:49.859889] [INFO] [path_server] 노드 업데이트 : [1019] ➜ [1020]
[2026-08-11 16:50:49.939744] [INFO] [path_server] 새로운 경로 설정 : path[1019 ➜ 1025] time[0s] dist[15m] list[11] : 1019-1020-1011-1004-1005-1006-1021-1022-1023-1024-1025
[2026-08-11 16:50:50.598427] [INFO] [path_server] 노드 업데이트 : [1020] ➜ [1011]
[2026-08-11 16:50:50.658331] [INFO] [path_server] 새로운 경로 설정 : path[1020 ➜ 1025] time[0s] dist[13.5m] list[10] : 1020-1011-1004-1005-1006-1021-1022-1023-1024-1025
[2026-08-11 16:50:51.356987] [INFO] [path_server] 노드 업데이트 : [1011] ➜ [1004]
[2026-08-11 16:50:51.436849] [INFO] [path_server] 새로운 경로 설정 : path[1011 ➜ 1025] time[0s] dist[12m] list[9] : 1011-1004-1005-1006-1021-1022-1023-1024-1025
[2026-08-11 16:50:52.674685] [INFO] [path_server] 노드 업데이트 : [1004] ➜ [1005]
[2026-08-11 16:50:52.754558] [INFO] [path_server] 새로운 경로 설정 : path[1004 ➜ 1025] time[0s] dist[10.5m] list[8] : 1004-1005-1006-1021-1022-1023-1024-1025
[2026-08-11 16:50:56.029062] [INFO] [path_server] 노드 업데이트 : [1005] ➜ [1006]
[2026-08-11 16:50:56.088991] [INFO] [path_server] 새로운 경로 설정 : path[1005 ➜ 1025] time[0s] dist[9m] list[7] : 1005-1006-1021-1022-1023-1024-1025
[2026-08-11 16:50:57.166870] [INFO] [path_server] 노드 업데이트 : [1006] ➜ [1021]
[2026-08-11 16:50:57.226798] [INFO] [path_server] 새로운 경로 설정 : path[1006 ➜ 1025] time[0s] dist[7.5m] list[6] : 1006-1021-1022-1023-1024-1025
[2026-08-11 16:50:57.985298] [INFO] [path_server] 노드 업데이트 : [1021] ➜ [1022]
[2026-08-11 16:50:58.065169] [INFO] [path_server] 새로운 경로 설정 : path[1021 ➜ 1025] time[0s] dist[6m] list[5] : 1021-1022-1023-1024-1025
[2026-08-11 16:50:58.743782] [INFO] [path_server] 노드 업데이트 : [1022] ➜ [1023]
[2026-08-11 16:50:58.823739] [INFO] [path_server] 새로운 경로 설정 : path[1022 ➜ 1025] time[0s] dist[4.5m] list[4] : 1022-1023-1024-1025
[2026-08-11 16:50:59.502386] [INFO] [path_server] 노드 업데이트 : [1023] ➜ [1024]
[2026-08-11 16:50:59.562300] [INFO] [path_server] 새로운 경로 설정 : path[1023 ➜ 1025] time[0s] dist[3m] list[3] : 1023-1024-1025
[2026-08-11 16:51:00.240885] [INFO] [path_server] 노드 업데이트 : [1024] ➜ [1025]
[2026-08-11 16:51:00.320784] [INFO] [path_server] 새로운 경로 설정 : path[1024 ➜ 1025] time[0s] dist[1.5m] list[2] : 1024-1025
[2026-08-11 16:51:02.476324] [INFO] [path_server] 노드 업데이트 : [1025] ➜ [-1]
[2026-08-11 16:51:05.370746] [INFO] [course_tracker] 목적지에서 각도 정렬 : [28.000m 10.000m 0.000°]
[2026-08-11 16:51:05.410699] [INFO] [path_server] 노드 업데이트 : [1025] ➜ [-1]
[2026-08-11 16:51:05.430620] [INFO] [task::fsm] push_done
[2026-08-11 16:51:05.490522] [INFO] [task::fsm] idle
[2026-08-11 16:51:05.490528] [INFO] [course_manager] 코스 삭제
[2026-08-11 16:51:05.490531] [INFO] [path_server] 경로 삭제
[2026-08-11 16:51:10.601091] [INFO] [path_server] 새로운 경로 설정 : path[1025 ➜ 109] time[0s] dist[25.5m] list[18] : 1025-1026-1027-1028-1148-1077-1029-1030-1031-1032-1033-1034-1007-1167-1168-1169-1170-109
[2026-08-11 16:51:12.936516] [INFO] [path_server] 노드 업데이트 : [1026] ➜ [1027]
[2026-08-11 16:51:13.016374] [INFO] [path_server] 새로운 경로 설정 : path[1026 ➜ 109] time[0s] dist[24m] list[17] : 1026-1027-1028-1148-1077-1029-1030-1031-1032-1033-1034-1007-1167-1168-1169-1170-109
[2026-08-11 16:51:13.994323] [INFO] [path_server] 노드 업데이트 : [1027] ➜ [1028]
[2026-08-11 16:51:14.074226] [INFO] [path_server] 새로운 경로 설정 : path[1027 ➜ 109] time[0s] dist[22.5m] list[16] : 1027-1028-1148-1077-1029-1030-1031-1032-1033-1034-1007-1167-1168-1169-1170-109
[2026-08-11 16:51:14.792681] [INFO] [path_server] 노드 업데이트 : [1028] ➜ [1148]
[2026-08-11 16:51:14.872610] [INFO] [path_server] 새로운 경로 설정 : path[1028 ➜ 109] time[0s] dist[21m] list[15] : 1028-1148-1077-1029-1030-1031-1032-1033-1034-1007-1167-1168-1169-1170-109
[2026-08-11 16:51:16.110046] [INFO] [path_server] 노드 업데이트 : [1148] ➜ [1077]
[2026-08-11 16:51:16.189916] [INFO] [path_server] 새로운 경로 설정 : path[1148 ➜ 109] time[0s] dist[19.5m] list[14] : 1148-1077-1029-1030-1031-1032-1033-1034-1007-1167-1168-1169-1170-109
[2026-08-11 16:51:19.184191] [INFO] [path_server] 노드 업데이트 : [1077] ➜ [1029]
[2026-08-11 16:51:19.264140] [INFO] [path_server] 새로운 경로 설정 : path[1077 ➜ 109] time[0s] dist[18m] list[13] : 1077-1029-1030-1031-1032-1033-1034-1007-1167-1168-1169-1170-109
[2026-08-11 16:51:22.557478] [INFO] [path_server] 노드 업데이트 : [1029] ➜ [1030]
[2026-08-11 16:51:22.637353] [INFO] [path_server] 새로운 경로 설정 : path[1029 ➜ 109] time[0s] dist[16.5m] list[12] : 1029-1030-1031-1032-1033-1034-1007-1167-1168-1169-1170-109
[2026-08-11 16:51:23.695256] [INFO] [path_server] 노드 업데이트 : [1030] ➜ [1031]
[2026-08-11 16:51:23.775122] [INFO] [path_server] 새로운 경로 설정 : path[1030 ➜ 109] time[0s] dist[15m] list[11] : 1030-1031-1032-1033-1034-1007-1167-1168-1169-1170-109
[2026-08-11 16:51:24.513635] [INFO] [path_server] 노드 업데이트 : [1031] ➜ [1032]
[2026-08-11 16:51:24.593576] [INFO] [path_server] 새로운 경로 설정 : path[1031 ➜ 109] time[0s] dist[13.5m] list[10] : 1031-1032-1033-1034-1007-1167-1168-1169-1170-109
[2026-08-11 16:51:25.272065] [INFO] [path_server] 노드 업데이트 : [1032] ➜ [1033]
[2026-08-11 16:51:25.331984] [INFO] [path_server] 새로운 경로 설정 : path[1032 ➜ 109] time[0s] dist[12m] list[9] : 1032-1033-1034-1007-1167-1168-1169-1170-109
[2026-08-11 16:51:26.030483] [INFO] [path_server] 노드 업데이트 : [1033] ➜ [1034]
[2026-08-11 16:51:26.110364] [INFO] [path_server] 새로운 경로 설정 : path[1033 ➜ 109] time[0s] dist[10.5m] list[8] : 1033-1034-1007-1167-1168-1169-1170-109
[2026-08-11 16:51:26.769303] [INFO] [path_server] 노드 업데이트 : [1034] ➜ [1007]
[2026-08-11 16:51:26.829215] [INFO] [path_server] 새로운 경로 설정 : path[1034 ➜ 109] time[0s] dist[9m] list[7] : 1034-1007-1167-1168-1169-1170-109
[2026-08-11 16:51:28.086665] [INFO] [path_server] 노드 업데이트 : [1007] ➜ [1167]
[2026-08-11 16:51:28.146562] [INFO] [path_server] 새로운 경로 설정 : path[1007 ➜ 109] time[0s] dist[7.5m] list[6] : 1007-1167-1168-1169-1170-109
[2026-08-11 16:51:31.460092] [INFO] [path_server] 노드 업데이트 : [1167] ➜ [1168]
[2026-08-11 16:51:31.539956] [INFO] [path_server] 새로운 경로 설정 : path[1167 ➜ 109] time[0s] dist[6m] list[5] : 1167-1168-1169-1170-109
[2026-08-11 16:51:32.577842] [INFO] [path_server] 노드 업데이트 : [1168] ➜ [1169]
[2026-08-11 16:51:32.657815] [INFO] [path_server] 새로운 경로 설정 : path[1168 ➜ 109] time[0s] dist[4.5m] list[4] : 1168-1169-1170-109
[2026-08-11 16:51:33.396346] [INFO] [path_server] 노드 업데이트 : [1169] ➜ [1170]
[2026-08-11 16:51:33.456244] [INFO] [path_server] 새로운 경로 설정 : path[1169 ➜ 109] time[0s] dist[3m] list[3] : 1169-1170-109
[2026-08-11 16:51:34.813734] [INFO] [path_server] 노드 업데이트 : [1170] ➜ [109]
[2026-08-11 16:51:34.893586] [INFO] [path_server] 새로운 경로 설정 : path[1170 ➜ 109] time[0s] dist[1.5m] list[2] : 1170-109
[2026-08-11 16:51:40.382693] [INFO] [path_server] 노드 업데이트 : [109] ➜ [-1]
[2026-08-11 16:51:43.257277] [INFO] [course_tracker] 목적지에서 각도 정렬 : [22.000m 17.500m 0.000°]
[2026-08-11 16:51:43.297217] [INFO] [path_server] 노드 업데이트 : [109] ➜ [-1]
[2026-08-11 16:51:43.317165] [INFO] [task::fsm] push_done
[2026-08-11 16:51:43.377039] [INFO] [task::fsm] charging
[2026-08-11 16:51:43.377048] [INFO] [power_system] 충전 프로세스 시작
[2026-08-11 16:51:43.377063] [INFO] [health_monitor] [등록][100015, 100001] : 자동 충전 시작.
[2026-08-11 16:51:48.387328] [INFO] [health_monitor] [삭제][100015, 100001] : 자동 충전 시작.
[2026-08-11 16:52:17.140396] [INFO] [framework] 프로그램 시작
[2026-08-11 16:52:17.140400] [WARNING] [framework] 프로그램 시작
[2026-08-11 16:52:17.140402] [INFO] [framework] 설정 파일 위치 : ../configs/robot_11
[2026-08-11 16:52:17.140401] [CRITICAL] [framework] 프로그램 시작
[2026-08-11 16:52:17.140531] [INFO] [framework] ID[0, 11], 이름[손일일], 제어주기[20ms], 버젼[], 장소[우리집], 환경모드[simulation]
[2026-08-11 16:52:17.140552] [INFO] [mediator] 생성
[2026-08-11 16:52:17.140572] [INFO] [graph_manager] 생성
[2026-08-11 16:52:17.168319] [INFO] [stop_server] 생성
[2026-08-11 16:52:17.168349] [INFO] [health_monitor] 생성
[2026-08-11 16:52:17.168373] [INFO] [path_server] 생성
[2026-08-11 16:52:17.168388] [INFO] [course_manager] 생성
[2026-08-11 16:52:17.168403] [INFO] [task::fsm] 생성
[2026-08-11 16:52:17.168404] [INFO] [task::fsm] idle
[2026-08-11 16:52:17.168417] [INFO] [course_manager] 코스 삭제
[2026-08-11 16:52:17.168418] [INFO] [path_server] 경로 삭제
[2026-08-11 16:52:17.168436] [INFO] [task_manager] 생성
[2026-08-11 16:52:17.168540] [INFO] [mediator] connectors 생성
[2026-08-11 16:52:17.168557] [INFO] [fms] 생성
[2026-08-11 16:52:17.168558] [INFO] [fms] 통신 드라이버 생성
[2026-08-11 16:52:17.168861] [INFO] [motions] 생성
[2026-08-11 16:52:17.168881] [INFO] [localizers] 생성
[2026-08-11 16:52:17.168965] [INFO] [localizers] 파라미터 : 

[2026-08-11 16:52:17.168982] [INFO] [safety_plc] 생성
[2026-08-11 16:52:17.168995] [INFO] [load_handler] 생성
[2026-08-11 16:52:17.169011] [INFO] [power_system] 생성
[2026-08-11 16:52:17.169119] [INFO] [power_system] 설정 정보 : remaining[40%, 10%, 5%]
[2026-08-11 16:52:17.169511] [INFO] [power_system] 알람 목록 : 
 • [100015, 100001] [INFO] 자동 충전 시작.
 • [100015, 100002] [INFO] 배터리 가득.
 • [100015, 400001] [CRIT] 배터리 남은 양 - 위험
 • [100015, 300001] [ERROR] 배터리 남은 양 - 에러
 • [100015, 200001] [WARN] 배터리 남은 양 - 주의
 • [100015, 100004] [INFO] 자동 충전 해제 완료.
 • [100015, 100003] [INFO] 자동 충전 해제 시작.
[2026-08-11 16:52:17.169513] [INFO] [mediator] connector 의존성 주입
[2026-08-11 16:52:17.169522] [INFO] [mediator] any map 등록
[2026-08-11 16:52:17.169530] [INFO] [mediator] any collector 등록
[2026-08-11 16:52:17.169532] [INFO] [mediator] any collector 목록 검사
[2026-08-11 16:52:17.169574] [INFO] [framework] after init 실행
[2026-08-11 16:52:17.169976] [INFO] [course_tracker] 생성
[2026-08-11 16:52:17.169990] [INFO] [course_tracker] 파라미터 : 
◈ node_bound[0.020m, 0.150m, 0.005m]
 • approach[0.150m, 0.050m/s, -0.005m, -0.200m, 0.100m]
 • align[(10.000°, 5.000°/s), 50.000°, 30.000°/s), 0.800°, -0.100°]
◈ motion param : 
 • reference_angle[0.000°, 45.000°]
 • threshold_angle[15.000°, 20.000°, 170.000°]
 • threshold_error[0.300°, 5.000°]
 • normal[0.150m/s, 8.000, 0.800m/s, 0.500]
 • angle[0.150m/s, 1.500, 0.800m/s, 2.100]
 • protection_overshoot[0.100m/s, 0.900, 0.500m/s, 0.900]
 • speed_rotation[15.000°/s]
[2026-08-11 16:52:17.169993] [INFO] [framework] 제어 쓰레드 시작
[2026-08-11 16:52:17.170035] [INFO] [path_server] 노드 초기화 성공 : 로봇 좌표[22.004m 17.498m -179.726°] 최단 거리 노드[109] 거리(0.004217m)
[2026-08-11 16:52:24.156514] [INFO] [task::fsm] charging
[2026-08-11 16:52:24.156527] [INFO] [power_system] 충전 프로세스 시작
[2026-08-11 16:52:24.156552] [INFO] [health_monitor] [등록][100015, 100001] : 자동 충전 시작.
[2026-08-11 16:52:29.167473] [INFO] [health_monitor] [삭제][100015, 100001] : 자동 충전 시작.
[2026-08-11 16:52:42.800824] [INFO] [power_system] 충전 완료
[2026-08-11 16:52:42.800842] [INFO] [health_monitor] [등록][100015, 100002] : 배터리 가득.
[2026-08-11 16:52:42.800845] [INFO] [health_monitor] [등록][100015, 100003] : 자동 충전 해제 시작.
[2026-08-11 16:52:47.810698] [INFO] [health_monitor] [삭제][100015, 100002] : 배터리 가득.
[2026-08-11 16:52:47.810704] [INFO] [health_monitor] [삭제][100015, 100003] : 자동 충전 해제 시작.
[2026-08-11 16:52:47.830609] [INFO] [power_system] 충전 해제 완료
[2026-08-11 16:52:47.830624] [INFO] [health_monitor] [등록][100015, 100004] : 자동 충전 해제 완료.
[2026-08-11 16:52:47.850611] [INFO] [task::fsm] discharging
[2026-08-11 16:52:47.850619] [INFO] [power_system] 충전 해제 프로세스 시작
[2026-08-11 16:52:47.850628] [INFO] [health_monitor] [등록][100015, 100003] : 자동 충전 해제 시작.
[2026-08-11 16:52:47.870562] [INFO] [task::fsm] idle
[2026-08-11 16:52:47.870566] [INFO] [course_manager] 코스 삭제
[2026-08-11 16:52:47.870568] [INFO] [path_server] 경로 삭제
[2026-08-11 16:52:47.910491] [INFO] [task::fsm] idle
[2026-08-11 16:52:47.910500] [INFO] [path_server] 경로 삭제
[2026-08-11 16:52:47.910498] [INFO] [course_manager] 코스 삭제
[2026-08-11 16:52:52.840917] [INFO] [health_monitor] [삭제][100015, 100004] : 자동 충전 해제 완료.
[2026-08-11 16:52:52.860972] [INFO] [health_monitor] [삭제][100015, 100003] : 자동 충전 해제 시작.
[2026-08-11 16:53:42.904501] [INFO] [task::fsm] charging
[2026-08-11 16:53:42.904507] [INFO] [power_system] 충전 프로세스 시작
[2026-08-11 16:53:42.904516] [INFO] [health_monitor] [등록][100015, 100001] : 자동 충전 시작.
[2026-08-11 16:53:47.914847] [INFO] [health_monitor] [삭제][100015, 100001] : 자동 충전 시작.
[2026-08-11 16:53:49.511926] [INFO] [path_server] 새로운 경로 설정 : path[109 ➜ 1099] time[0s] dist[18m] list[13] : 109-1170-1171-1172-1091-1092-1093-1094-1095-1096-1097-1098-1099
[2026-08-11 16:53:49.511939] [INFO] [course_tracker] 방향 정렬 완료 
[2026-08-11 16:53:54.203159] [INFO] [path_server] 노드 업데이트 : [1170] ➜ [1171]
[2026-08-11 16:53:54.283057] [INFO] [path_server] 새로운 경로 설정 : path[1170 ➜ 1099] time[0s] dist[16.5m] list[12] : 1170-1171-1172-1091-1092-1093-1094-1095-1096-1097-1098-1099
[2026-08-11 16:53:57.896081] [INFO] [path_server] 노드 업데이트 : [1171] ➜ [1172]
[2026-08-11 16:53:57.976023] [INFO] [path_server] 새로운 경로 설정 : path[1171 ➜ 1099] time[0s] dist[15m] list[11] : 1171-1172-1091-1092-1093-1094-1095-1096-1097-1098-1099
[2026-08-11 16:53:59.014004] [INFO] [path_server] 노드 업데이트 : [1172] ➜ [1091]
[2026-08-11 16:53:59.073906] [INFO] [path_server] 새로운 경로 설정 : path[1172 ➜ 1099] time[0s] dist[13.5m] list[10] : 1172-1091-1092-1093-1094-1095-1096-1097-1098-1099
[2026-08-11 16:54:00.051955] [INFO] [path_server] 노드 업데이트 : [1091] ➜ [1092]
[2026-08-11 16:54:00.131836] [INFO] [path_server] 새로운 경로 설정 : path[1091 ➜ 1099] time[0s] dist[12m] list[9] : 1091-1092-1093-1094-1095-1096-1097-1098-1099
[2026-08-11 16:54:03.305645] [INFO] [path_server] 노드 업데이트 : [1092] ➜ [1093]
[2026-08-11 16:54:03.385549] [INFO] [path_server] 새로운 경로 설정 : path[1092 ➜ 1099] time[0s] dist[10.5m] list[8] : 1092-1093-1094-1095-1096-1097-1098-1099
[2026-08-11 16:54:04.563255] [INFO] [path_server] 노드 업데이트 : [1093] ➜ [1094]
[2026-08-11 16:54:04.663103] [INFO] [path_server] 새로운 경로 설정 : path[1093 ➜ 1099] time[0s] dist[9m] list[7] : 1093-1094-1095-1096-1097-1098-1099
[2026-08-11 16:54:05.421692] [INFO] [path_server] 노드 업데이트 : [1094] ➜ [1095]
[2026-08-11 16:54:05.501586] [INFO] [path_server] 새로운 경로 설정 : path[1094 ➜ 1099] time[0s] dist[7.5m] list[6] : 1094-1095-1096-1097-1098-1099
[2026-08-11 16:54:06.180236] [INFO] [path_server] 노드 업데이트 : [1095] ➜ [1096]
[2026-08-11 16:54:06.240155] [INFO] [path_server] 새로운 경로 설정 : path[1095 ➜ 1099] time[0s] dist[6m] list[5] : 1095-1096-1097-1098-1099
[2026-08-11 16:54:06.918769] [INFO] [path_server] 노드 업데이트 : [1096] ➜ [1097]
[2026-08-11 16:54:06.998697] [INFO] [path_server] 새로운 경로 설정 : path[1096 ➜ 1099] time[0s] dist[4.5m] list[4] : 1096-1097-1098-1099
[2026-08-11 16:54:07.677406] [INFO] [path_server] 노드 업데이트 : [1097] ➜ [1098]
[2026-08-11 16:54:07.737321] [INFO] [path_server] 새로운 경로 설정 : path[1097 ➜ 1099] time[0s] dist[3m] list[3] : 1097-1098-1099
[2026-08-11 16:54:08.416012] [INFO] [path_server] 노드 업데이트 : [1098] ➜ [1099]
[2026-08-11 16:54:08.495885] [INFO] [path_server] 새로운 경로 설정 : path[1098 ➜ 1099] time[0s] dist[1.5m] list[2] : 1098-1099
[2026-08-11 16:54:10.671891] [INFO] [path_server] 노드 업데이트 : [1099] ➜ [-1]
[2026-08-11 16:54:13.546557] [INFO] [course_tracker] 목적지에서 각도 정렬 : [11.500m 22.000m 0.000°]
[2026-08-11 16:54:13.586484] [INFO] [path_server] 노드 업데이트 : [1099] ➜ [-1]
[2026-08-11 16:54:13.606446] [INFO] [task::fsm] push_done
[2026-08-11 16:54:13.666340] [INFO] [task::fsm] idle
[2026-08-11 16:54:13.666348] [INFO] [course_manager] 코스 삭제
[2026-08-11 16:54:13.666351] [INFO] [path_server] 경로 삭제
[2026-08-11 16:54:18.777539] [INFO] [path_server] 새로운 경로 설정 : path[1099 ➜ 105] time[0s] dist[40.5003m] list[28] : 1099-1100-1101-1102-1103-1104-1105-1106-1107-1108-1109-1110-1111-1112-1113-1114-1115-1116-1117-1118-1119-1120-1121-1122-1123-1179-1180-105
[2026-08-11 16:54:21.113815] [INFO] [path_server] 노드 업데이트 : [1100] ➜ [1101]
[2026-08-11 16:54:21.193945] [INFO] [path_server] 새로운 경로 설정 : path[1100 ➜ 105] time[0s] dist[39.0003m] list[27] : 1100-1101-1102-1103-1104-1105-1106-1107-1108-1109-1110-1111-1112-1113-1114-1115-1116-1117-1118-1119-1120-1121-1122-1123-1179-1180-105
[2026-08-11 16:54:22.171730] [INFO] [path_server] 노드 업데이트 : [1101] ➜ [1102]
[2026-08-11 16:54:22.251677] [INFO] [path_server] 새로운 경로 설정 : path[1101 ➜ 105] time[0s] dist[37.5003m] list[26] : 1101-1102-1103-1104-1105-1106-1107-1108-1109-1110-1111-1112-1113-1114-1115-1116-1117-1118-1119-1120-1121-1122-1123-1179-1180-105
[2026-08-11 16:54:22.970242] [INFO] [path_server] 노드 업데이트 : [1102] ➜ [1103]
[2026-08-11 16:54:23.050051] [INFO] [path_server] 새로운 경로 설정 : path[1102 ➜ 105] time[0s] dist[36.0003m] list[25] : 1102-1103-1104-1105-1106-1107-1108-1109-1110-1111-1112-1113-1114-1115-1116-1117-1118-1119-1120-1121-1122-1123-1179-1180-105
[2026-08-11 16:54:23.728738] [INFO] [path_server] 노드 업데이트 : [1103] ➜ [1104]
[2026-08-11 16:54:23.808685] [INFO] [path_server] 새로운 경로 설정 : path[1103 ➜ 105] time[0s] dist[34.5003m] list[24] : 1103-1104-1105-1106-1107-1108-1109-1110-1111-1112-1113-1114-1115-1116-1117-1118-1119-1120-1121-1122-1123-1179-1180-105
[2026-08-11 16:54:24.467430] [INFO] [path_server] 노드 업데이트 : [1104] ➜ [1105]
[2026-08-11 16:54:24.547324] [INFO] [path_server] 새로운 경로 설정 : path[1104 ➜ 105] time[0s] dist[33.0003m] list[23] : 1104-1105-1106-1107-1108-1109-1110-1111-1112-1113-1114-1115-1116-1117-1118-1119-1120-1121-1122-1123-1179-1180-105
[2026-08-11 16:54:25.884563] [INFO] [path_server] 노드 업데이트 : [1105] ➜ [1106]
[2026-08-11 16:54:25.964495] [INFO] [path_server] 새로운 경로 설정 : path[1105 ➜ 105] time[0s] dist[31.5003m] list[22] : 1105-1106-1107-1108-1109-1110-1111-1112-1113-1114-1115-1116-1117-1118-1119-1120-1121-1122-1123-1179-1180-105
[2026-08-11 16:54:29.338180] [INFO] [path_server] 노드 업데이트 : [1106] ➜ [1107]
[2026-08-11 16:54:29.398097] [INFO] [path_server] 새로운 경로 설정 : path[1106 ➜ 105] time[0s] dist[30.0001m] list[21] : 1106-1107-1108-1109-1110-1111-1112-1113-1114-1115-1116-1117-1118-1119-1120-1121-1122-1123-1179-1180-105
[2026-08-11 16:54:30.456026] [INFO] [path_server] 노드 업데이트 : [1107] ➜ [1108]
[2026-08-11 16:54:30.535914] [INFO] [path_server] 새로운 경로 설정 : path[1107 ➜ 105] time[0s] dist[28.5m] list[20] : 1107-1108-1109-1110-1111-1112-1113-1114-1115-1116-1117-1118-1119-1120-1121-1122-1123-1179-1180-105
[2026-08-11 16:54:31.274276] [INFO] [path_server] 노드 업데이트 : [1108] ➜ [1109]
[2026-08-11 16:54:31.354205] [INFO] [path_server] 새로운 경로 설정 : path[1108 ➜ 105] time[0s] dist[27m] list[19] : 1108-1109-1110-1111-1112-1113-1114-1115-1116-1117-1118-1119-1120-1121-1122-1123-1179-1180-105
[2026-08-11 16:54:32.012930] [INFO] [path_server] 노드 업데이트 : [1109] ➜ [1110]
[2026-08-11 16:54:32.092810] [INFO] [path_server] 새로운 경로 설정 : path[1109 ➜ 105] time[0s] dist[25.5m] list[18] : 1109-1110-1111-1112-1113-1114-1115-1116-1117-1118-1119-1120-1121-1122-1123-1179-1180-105
[2026-08-11 16:54:32.771436] [INFO] [path_server] 노드 업데이트 : [1110] ➜ [1111]
[2026-08-11 16:54:32.851365] [INFO] [path_server] 새로운 경로 설정 : path[1110 ➜ 105] time[0s] dist[24m] list[17] : 1110-1111-1112-1113-1114-1115-1116-1117-1118-1119-1120-1121-1122-1123-1179-1180-105
[2026-08-11 16:54:33.510068] [INFO] [path_server] 노드 업데이트 : [1111] ➜ [1112]
[2026-08-11 16:54:33.609901] [INFO] [path_server] 새로운 경로 설정 : path[1111 ➜ 105] time[0s] dist[22.5m] list[16] : 1111-1112-1113-1114-1115-1116-1117-1118-1119-1120-1121-1122-1123-1179-1180-105
[2026-08-11 16:54:34.268544] [INFO] [path_server] 노드 업데이트 : [1112] ➜ [1113]
[2026-08-11 16:54:34.348405] [INFO] [path_server] 새로운 경로 설정 : path[1112 ➜ 105] time[0s] dist[21m] list[15] : 1112-1113-1114-1115-1116-1117-1118-1119-1120-1121-1122-1123-1179-1180-105
[2026-08-11 16:54:35.027082] [INFO] [path_server] 노드 업데이트 : [1113] ➜ [1114]
[2026-08-11 16:54:35.106983] [INFO] [path_server] 새로운 경로 설정 : path[1113 ➜ 105] time[0s] dist[19.5m] list[14] : 1113-1114-1115-1116-1117-1118-1119-1120-1121-1122-1123-1179-1180-105
[2026-08-11 16:54:35.765700] [INFO] [path_server] 노드 업데이트 : [1114] ➜ [1115]
[2026-08-11 16:54:35.845598] [INFO] [path_server] 새로운 경로 설정 : path[1114 ➜ 105] time[0s] dist[18m] list[13] : 1114-1115-1116-1117-1118-1119-1120-1121-1122-1123-1179-1180-105
[2026-08-11 16:54:36.524212] [INFO] [path_server] 노드 업데이트 : [1115] ➜ [1116]
[2026-08-11 16:54:36.604157] [INFO] [path_server] 새로운 경로 설정 : path[1115 ➜ 105] time[0s] dist[16.5m] list[12] : 1115-1116-1117-1118-1119-1120-1121-1122-1123-1179-1180-105
[2026-08-11 16:54:37.262823] [INFO] [path_server] 노드 업데이트 : [1116] ➜ [1117]
[2026-08-11 16:54:37.342680] [INFO] [path_server] 새로운 경로 설정 : path[1116 ➜ 105] time[0s] dist[15m] list[11] : 1116-1117-1118-1119-1120-1121-1122-1123-1179-1180-105
[2026-08-11 16:54:38.021310] [INFO] [path_server] 노드 업데이트 : [1117] ➜ [1118]
[2026-08-11 16:54:38.101223] [INFO] [path_server] 새로운 경로 설정 : path[1117 ➜ 105] time[0s] dist[13.5m] list[10] : 1117-1118-1119-1120-1121-1122-1123-1179-1180-105
[2026-08-11 16:54:38.759914] [INFO] [path_server] 노드 업데이트 : [1118] ➜ [1119]
[2026-08-11 16:54:38.839803] [INFO] [path_server] 새로운 경로 설정 : path[1118 ➜ 105] time[0s] dist[12m] list[9] : 1118-1119-1120-1121-1122-1123-1179-1180-105
[2026-08-11 16:54:39.518347] [INFO] [path_server] 노드 업데이트 : [1119] ➜ [1120]
[2026-08-11 16:54:39.598260] [INFO] [path_server] 새로운 경로 설정 : path[1119 ➜ 105] time[0s] dist[10.5m] list[8] : 1119-1120-1121-1122-1123-1179-1180-105
[2026-08-11 16:54:40.356682] [INFO] [path_server] 노드 업데이트 : [1120] ➜ [1121]
[2026-08-11 16:54:40.436566] [INFO] [path_server] 새로운 경로 설정 : path[1120 ➜ 105] time[0s] dist[9m] list[7] : 1120-1121-1122-1123-1179-1180-105
[2026-08-11 16:54:44.009653] [INFO] [path_server] 노드 업데이트 : [1121] ➜ [1122]
[2026-08-11 16:54:44.089699] [INFO] [path_server] 새로운 경로 설정 : path[1121 ➜ 105] time[0s] dist[7.5m] list[6] : 1121-1122-1123-1179-1180-105
[2026-08-11 16:54:45.367146] [INFO] [path_server] 노드 업데이트 : [1122] ➜ [1123]
[2026-08-11 16:54:45.447071] [INFO] [path_server] 새로운 경로 설정 : path[1122 ➜ 105] time[0s] dist[6m] list[5] : 1122-1123-1179-1180-105
[2026-08-11 16:54:46.425362] [INFO] [path_server] 노드 업데이트 : [1123] ➜ [1179]
[2026-08-11 16:54:46.485299] [INFO] [path_server] 새로운 경로 설정 : path[1123 ➜ 105] time[0s] dist[4.5m] list[4] : 1123-1179-1180-105
[2026-08-11 16:54:49.738834] [INFO] [path_server] 노드 업데이트 : [1179] ➜ [1180]
[2026-08-11 16:54:49.818762] [INFO] [path_server] 새로운 경로 설정 : path[1179 ➜ 105] time[0s] dist[3m] list[3] : 1179-1180-105
[2026-08-11 16:54:51.116061] [INFO] [path_server] 노드 업데이트 : [1180] ➜ [105]
[2026-08-11 16:54:51.195982] [INFO] [path_server] 새로운 경로 설정 : path[1180 ➜ 105] time[0s] dist[1.5m] list[2] : 1180-105
[2026-08-11 16:54:56.325999] [INFO] [path_server] 노드 업데이트 : [105] ➜ [-1]
[2026-08-11 16:54:59.200516] [INFO] [course_tracker] 목적지에서 각도 정렬 : [5.500m 2.500m 0.000°]
[2026-08-11 16:54:59.240346] [INFO] [path_server] 노드 업데이트 : [105] ➜ [-1]
[2026-08-11 16:54:59.260355] [INFO] [task::fsm] push_done
[2026-08-11 16:54:59.320248] [INFO] [task::fsm] charging
[2026-08-11 16:54:59.320257] [INFO] [power_system] 충전 프로세스 시작
[2026-08-11 16:54:59.320285] [INFO] [health_monitor] [등록][100015, 100001] : 자동 충전 시작.
[2026-08-11 16:55:04.330971] [INFO] [health_monitor] [삭제][100015, 100001] : 자동 충전 시작.
[2026-08-11 16:55:27.165827] [INFO] [power_system] 충전 완료
[2026-08-11 16:55:27.165849] [INFO] [health_monitor] [등록][100015, 100003] : 자동 충전 해제 시작.
[2026-08-11 16:55:27.165846] [INFO] [health_monitor] [등록][100015, 100002] : 배터리 가득.
[2026-08-11 16:55:32.176418] [INFO] [health_monitor] [삭제][100015, 100002] : 배터리 가득.
[2026-08-11 16:55:32.176425] [INFO] [health_monitor] [삭제][100015, 100003] : 자동 충전 해제 시작.
[2026-08-11 16:55:32.196317] [INFO] [power_system] 충전 해제 완료
[2026-08-11 16:55:32.196329] [INFO] [health_monitor] [등록][100015, 100004] : 자동 충전 해제 완료.
[2026-08-11 16:55:32.216319] [INFO] [task::fsm] discharging
[2026-08-11 16:55:32.216326] [INFO] [power_system] 충전 해제 프로세스 시작
[2026-08-11 16:55:32.216336] [INFO] [health_monitor] [등록][100015, 100003] : 자동 충전 해제 시작.
[2026-08-11 16:55:32.236292] [INFO] [task::fsm] idle
[2026-08-11 16:55:32.236301] [INFO] [path_server] 경로 삭제
[2026-08-11 16:55:32.236299] [INFO] [course_manager] 코스 삭제
[2026-08-11 16:55:32.276199] [INFO] [task::fsm] idle
[2026-08-11 16:55:32.276207] [INFO] [path_server] 경로 삭제
[2026-08-11 16:55:32.276205] [INFO] [course_manager] 코스 삭제
[2026-08-11 16:55:37.206145] [INFO] [health_monitor] [삭제][100015, 100004] : 자동 충전 해제 완료.
[2026-08-11 16:55:37.226148] [INFO] [health_monitor] [삭제][100015, 100003] : 자동 충전 해제 시작.
[2026-08-11 16:56:27.267933] [INFO] [task::fsm] charging
[2026-08-11 16:56:27.267941] [INFO] [power_system] 충전 프로세스 시작
[2026-08-11 16:56:27.267955] [INFO] [health_monitor] [등록][100015, 100001] : 자동 충전 시작.
[2026-08-11 16:56:32.278097] [INFO] [health_monitor] [삭제][100015, 100001] : 자동 충전 시작.
[2026-08-11 16:56:40.980697] [INFO] [power_system] 충전 완료
[2026-08-11 16:56:40.980712] [INFO] [health_monitor] [등록][100015, 100002] : 배터리 가득.
[2026-08-11 16:56:40.980715] [INFO] [health_monitor] [등록][100015, 100003] : 자동 충전 해제 시작.
[2026-08-11 16:56:45.991008] [INFO] [health_monitor] [삭제][100015, 100002] : 배터리 가득.
[2026-08-11 16:56:45.991014] [INFO] [health_monitor] [삭제][100015, 100003] : 자동 충전 해제 시작.
[2026-08-11 16:56:46.010950] [INFO] [power_system] 충전 해제 완료
[2026-08-11 16:56:46.010960] [INFO] [health_monitor] [등록][100015, 100004] : 자동 충전 해제 완료.
[2026-08-11 16:56:46.030868] [INFO] [task::fsm] discharging
[2026-08-11 16:56:46.030875] [INFO] [power_system] 충전 해제 프로세스 시작
[2026-08-11 16:56:46.030884] [INFO] [health_monitor] [등록][100015, 100003] : 자동 충전 해제 시작.
[2026-08-11 16:56:46.050867] [INFO] [task::fsm] idle
[2026-08-11 16:56:46.050872] [INFO] [path_server] 경로 삭제
[2026-08-11 16:56:46.050870] [INFO] [course_manager] 코스 삭제
[2026-08-11 16:56:46.070805] [INFO] [task::fsm] idle
[2026-08-11 16:56:46.070811] [INFO] [path_server] 경로 삭제
[2026-08-11 16:56:46.070809] [INFO] [course_manager] 코스 삭제
[2026-08-11 16:56:51.021419] [INFO] [health_monitor] [삭제][100015, 100004] : 자동 충전 해제 완료.
[2026-08-11 16:56:51.041330] [INFO] [health_monitor] [삭제][100015, 100003] : 자동 충전 해제 시작.
[2026-08-11 16:57:41.104322] [INFO] [task::fsm] charging
[2026-08-11 16:57:41.104348] [INFO] [health_monitor] [등록][100015, 100001] : 자동 충전 시작.
[2026-08-11 16:57:41.104331] [INFO] [power_system] 충전 프로세스 시작
[2026-08-11 16:57:46.114410] [INFO] [health_monitor] [삭제][100015, 100001] : 자동 충전 시작.
[2026-08-11 16:57:54.836618] [INFO] [power_system] 충전 완료
[2026-08-11 16:57:54.836638] [INFO] [health_monitor] [등록][100015, 100002] : 배터리 가득.
[2026-08-11 16:57:54.836640] [INFO] [health_monitor] [등록][100015, 100003] : 자동 충전 해제 시작.
[2026-08-11 16:57:59.846660] [INFO] [health_monitor] [삭제][100015, 100002] : 배터리 가득.
[2026-08-11 16:57:59.846669] [INFO] [health_monitor] [삭제][100015, 100003] : 자동 충전 해제 시작.
[2026-08-11 16:57:59.866556] [INFO] [power_system] 충전 해제 완료
[2026-08-11 16:57:59.866565] [INFO] [health_monitor] [등록][100015, 100004] : 자동 충전 해제 완료.
[2026-08-11 16:57:59.886559] [INFO] [task::fsm] discharging
[2026-08-11 16:57:59.886566] [INFO] [power_system] 충전 해제 프로세스 시작
[2026-08-11 16:57:59.886574] [INFO] [health_monitor] [등록][100015, 100003] : 자동 충전 해제 시작.
[2026-08-11 16:57:59.906516] [INFO] [task::fsm] idle
[2026-08-11 16:57:59.906522] [INFO] [path_server] 경로 삭제
[2026-08-11 16:57:59.906521] [INFO] [course_manager] 코스 삭제
[2026-08-11 16:57:59.946432] [INFO] [task::fsm] idle
[2026-08-11 16:57:59.946437] [INFO] [course_manager] 코스 삭제
[2026-08-11 16:57:59.946438] [INFO] [path_server] 경로 삭제
[2026-08-11 16:58:04.877042] [INFO] [health_monitor] [삭제][100015, 100004] : 자동 충전 해제 완료.
[2026-08-11 16:58:04.897053] [INFO] [health_monitor] [삭제][100015, 100003] : 자동 충전 해제 시작.
[2026-08-11 16:58:54.957463] [INFO] [task::fsm] charging
[2026-08-11 16:58:54.957482] [INFO] [health_monitor] [등록][100015, 100001] : 자동 충전 시작.
[2026-08-11 16:58:54.957470] [INFO] [power_system] 충전 프로세스 시작
[2026-08-11 16:58:59.967571] [INFO] [health_monitor] [삭제][100015, 100001] : 자동 충전 시작.
[2026-08-11 16:59:08.411579] [INFO] [path_server] 새로운 경로 설정 : path[105 ➜ 206] time[0s] dist[33m] list[23] : 105-1180-1181-1182-1183-1184-1045-1046-1047-1048-1001-1002-1003-1004-1013-1049-1050-1014-1201-1200-1202-1203-206
[2026-08-11 16:59:11.265768] [INFO] [path_server] 새로운 경로 설정 : path[1180 ➜ 201] time[0s] dist[34.5m] list[25] : 105-1180-1181-1182-1183-1184-1045-1046-1047-1048-1001-1002-1003-1004-1005-1010-1017-1063-1064-1018-1158-1159-1160-1161-201
[2026-08-11 16:59:15.577988] [INFO] [path_server] 노드 업데이트 : [1180] ➜ [1181]
[2026-08-11 16:59:15.657877] [INFO] [path_server] 새로운 경로 설정 : path[1180 ➜ 201] time[0s] dist[34.5m] list[24] : 1180-1181-1182-1183-1184-1045-1046-1047-1048-1001-1002-1003-1004-1005-1010-1017-1063-1064-1018-1158-1159-1160-1161-201
[2026-08-11 16:59:19.191054] [INFO] [path_server] 노드 업데이트 : [1181] ➜ [1182]
[2026-08-11 16:59:19.271008] [INFO] [path_server] 새로운 경로 설정 : path[1181 ➜ 201] time[0s] dist[33m] list[23] : 1181-1182-1183-1184-1045-1046-1047-1048-1001-1002-1003-1004-1005-1010-1017-1063-1064-1018-1158-1159-1160-1161-201
[2026-08-11 16:59:20.328674] [INFO] [path_server] 노드 업데이트 : [1182] ➜ [1183]
[2026-08-11 16:59:20.408597] [INFO] [path_server] 새로운 경로 설정 : path[1182 ➜ 201] time[0s] dist[31.5m] list[22] : 1182-1183-1184-1045-1046-1047-1048-1001-1002-1003-1004-1005-1010-1017-1063-1064-1018-1158-1159-1160-1161-201
[2026-08-11 16:59:21.147238] [INFO] [path_server] 노드 업데이트 : [1183] ➜ [1184]
[2026-08-11 16:59:21.207145] [INFO] [path_server] 새로운 경로 설정 : path[1183 ➜ 201] time[0s] dist[30m] list[21] : 1183-1184-1045-1046-1047-1048-1001-1002-1003-1004-1005-1010-1017-1063-1064-1018-1158-1159-1160-1161-201
[2026-08-11 16:59:21.905706] [INFO] [path_server] 노드 업데이트 : [1184] ➜ [1045]
[2026-08-11 16:59:21.985545] [INFO] [path_server] 새로운 경로 설정 : path[1184 ➜ 201] time[0s] dist[28.5m] list[20] : 1184-1045-1046-1047-1048-1001-1002-1003-1004-1005-1010-1017-1063-1064-1018-1158-1159-1160-1161-201
[2026-08-11 16:59:23.223027] [INFO] [path_server] 노드 업데이트 : [1045] ➜ [1046]
[2026-08-11 16:59:23.302889] [INFO] [path_server] 새로운 경로 설정 : path[1045 ➜ 201] time[0s] dist[27m] list[19] : 1045-1046-1047-1048-1001-1002-1003-1004-1005-1010-1017-1063-1064-1018-1158-1159-1160-1161-201
[2026-08-11 16:59:26.576225] [INFO] [path_server] 노드 업데이트 : [1046] ➜ [1047]
[2026-08-11 16:59:26.656102] [INFO] [path_server] 새로운 경로 설정 : path[1046 ➜ 201] time[0s] dist[25.5m] list[18] : 1046-1047-1048-1001-1002-1003-1004-1005-1010-1017-1063-1064-1018-1158-1159-1160-1161-201
[2026-08-11 16:59:27.693917] [INFO] [path_server] 노드 업데이트 : [1047] ➜ [1048]
[2026-08-11 16:59:27.773818] [INFO] [path_server] 새로운 경로 설정 : path[1047 ➜ 201] time[0s] dist[24m] list[17] : 1047-1048-1001-1002-1003-1004-1005-1010-1017-1063-1064-1018-1158-1159-1160-1161-201
[2026-08-11 16:59:28.532140] [INFO] [path_server] 노드 업데이트 : [1048] ➜ [1001]
[2026-08-11 16:59:28.612065] [INFO] [path_server] 새로운 경로 설정 : path[1048 ➜ 201] time[0s] dist[22.5m] list[16] : 1048-1001-1002-1003-1004-1005-1010-1017-1063-1064-1018-1158-1159-1160-1161-201
[2026-08-11 16:59:29.270678] [INFO] [path_server] 노드 업데이트 : [1001] ➜ [1002]
[2026-08-11 16:59:29.350563] [INFO] [path_server] 새로운 경로 설정 : path[1001 ➜ 201] time[0s] dist[21m] list[15] : 1001-1002-1003-1004-1005-1010-1017-1063-1064-1018-1158-1159-1160-1161-201
[2026-08-11 16:59:30.029083] [INFO] [path_server] 노드 업데이트 : [1002] ➜ [1003]
[2026-08-11 16:59:30.109017] [INFO] [path_server] 새로운 경로 설정 : path[1002 ➜ 201] time[0s] dist[19.5m] list[14] : 1002-1003-1004-1005-1010-1017-1063-1064-1018-1158-1159-1160-1161-201
[2026-08-11 16:59:30.767664] [INFO] [path_server] 노드 업데이트 : [1003] ➜ [1004]
[2026-08-11 16:59:30.827568] [INFO] [path_server] 새로운 경로 설정 : path[1003 ➜ 201] time[0s] dist[18m] list[13] : 1003-1004-1005-1010-1017-1063-1064-1018-1158-1159-1160-1161-201
[2026-08-11 16:59:31.526149] [INFO] [path_server] 노드 업데이트 : [1004] ➜ [1005]
[2026-08-11 16:59:31.606027] [INFO] [path_server] 새로운 경로 설정 : path[1004 ➜ 201] time[0s] dist[16.5m] list[12] : 1004-1005-1010-1017-1063-1064-1018-1158-1159-1160-1161-201
[2026-08-11 16:59:32.843585] [INFO] [path_server] 노드 업데이트 : [1005] ➜ [1010]
[2026-08-11 16:59:32.923449] [INFO] [path_server] 새로운 경로 설정 : path[1005 ➜ 201] time[0s] dist[15m] list[11] : 1005-1010-1017-1063-1064-1018-1158-1159-1160-1161-201
[2026-08-11 16:59:36.216776] [INFO] [path_server] 노드 업데이트 : [1010] ➜ [1017]
[2026-08-11 16:59:36.276702] [INFO] [path_server] 새로운 경로 설정 : path[1010 ➜ 201] time[0s] dist[13.5m] list[10] : 1010-1017-1063-1064-1018-1158-1159-1160-1161-201
[2026-08-11 16:59:37.334840] [INFO] [path_server] 노드 업데이트 : [1017] ➜ [1063]
[2026-08-11 16:59:37.414630] [INFO] [path_server] 새로운 경로 설정 : path[1017 ➜ 201] time[0s] dist[12m] list[9] : 1017-1063-1064-1018-1158-1159-1160-1161-201
[2026-08-11 16:59:38.153165] [INFO] [path_server] 노드 업데이트 : [1063] ➜ [1064]
[2026-08-11 16:59:38.233132] [INFO] [path_server] 새로운 경로 설정 : path[1063 ➜ 201] time[0s] dist[10.5m] list[8] : 1063-1064-1018-1158-1159-1160-1161-201
[2026-08-11 16:59:39.490512] [INFO] [path_server] 노드 업데이트 : [1064] ➜ [1018]
[2026-08-11 16:59:39.570391] [INFO] [path_server] 새로운 경로 설정 : path[1064 ➜ 201] time[0s] dist[9m] list[7] : 1064-1018-1158-1159-1160-1161-201
[2026-08-11 16:59:42.823813] [INFO] [path_server] 노드 업데이트 : [1018] ➜ [1158]
[2026-08-11 16:59:42.903659] [INFO] [path_server] 새로운 경로 설정 : path[1018 ➜ 201] time[0s] dist[7.5m] list[6] : 1018-1158-1159-1160-1161-201
[2026-08-11 16:59:43.961501] [INFO] [path_server] 노드 업데이트 : [1158] ➜ [1159]
[2026-08-11 16:59:44.041364] [INFO] [path_server] 새로운 경로 설정 : path[1158 ➜ 201] time[0s] dist[6m] list[5] : 1158-1159-1160-1161-201
[2026-08-11 16:59:44.779890] [INFO] [path_server] 노드 업데이트 : [1159] ➜ [1160]
[2026-08-11 16:59:44.859764] [INFO] [path_server] 새로운 경로 설정 : path[1159 ➜ 201] time[0s] dist[4.5m] list[4] : 1159-1160-1161-201
[2026-08-11 16:59:45.538396] [INFO] [path_server] 노드 업데이트 : [1160] ➜ [1161]
[2026-08-11 16:59:45.598289] [INFO] [path_server] 새로운 경로 설정 : path[1160 ➜ 201] time[0s] dist[3m] list[3] : 1160-1161-201
[2026-08-11 16:59:46.855634] [INFO] [path_server] 노드 업데이트 : [1161] ➜ [201]
[2026-08-11 16:59:46.915538] [INFO] [path_server] 새로운 경로 설정 : path[1161 ➜ 201] time[0s] dist[1.5m] list[2] : 1161-201
[2026-08-11 16:59:52.065363] [INFO] [path_server] 노드 업데이트 : [201] ➜ [-1]
[2026-08-11 16:59:54.960022] [INFO] [course_tracker] 목적지에서 각도 정렬 : [11.500m 14.500m 0.000°]
[2026-08-11 16:59:54.999882] [INFO] [path_server] 노드 업데이트 : [201] ➜ [-1]
[2026-08-11 16:59:55.019860] [INFO] [task::fsm] push_done
[2026-08-11 16:59:55.079777] [INFO] [task::fsm] idle
[2026-08-11 16:59:55.079786] [INFO] [path_server] 경로 삭제
[2026-08-11 16:59:55.079784] [INFO] [course_manager] 코스 삭제
[2026-08-11 17:00:16.117811] [INFO] [path_server] 새로운 경로 설정 : path[201 ➜ 108] time[0s] dist[48m] list[33] : 201-1161-1162-1163-1164-1165-1166-1109-1110-1111-1112-1113-1043-1044-1045-1046-1047-1048-1001-1002-1003-1004-1005-1006-1021-1022-1007-1167-1168-1169-1170-1171-108
[2026-08-11 17:00:21.007899] [INFO] [path_server] 노드 업데이트 : [1161] ➜ [1162]
[2026-08-11 17:00:21.087882] [INFO] [path_server] 새로운 경로 설정 : path[1161 ➜ 108] time[0s] dist[46.5m] list[32] : 1161-1162-1163-1164-1165-1166-1109-1110-1111-1112-1113-1043-1044-1045-1046-1047-1048-1001-1002-1003-1004-1005-1006-1021-1022-1007-1167-1168-1169-1170-1171-108
[2026-08-11 17:00:24.640709] [INFO] [path_server] 노드 업데이트 : [1162] ➜ [1163]
[2026-08-11 17:00:24.700638] [INFO] [path_server] 새로운 경로 설정 : path[1162 ➜ 108] time[0s] dist[45m] list[31] : 1162-1163-1164-1165-1166-1109-1110-1111-1112-1113-1043-1044-1045-1046-1047-1048-1001-1002-1003-1004-1005-1006-1021-1022-1007-1167-1168-1169-1170-1171-108
[2026-08-11 17:00:25.758454] [INFO] [path_server] 노드 업데이트 : [1163] ➜ [1164]
[2026-08-11 17:00:25.838339] [INFO] [path_server] 새로운 경로 설정 : path[1163 ➜ 108] time[0s] dist[43.5m] list[30] : 1163-1164-1165-1166-1109-1110-1111-1112-1113-1043-1044-1045-1046-1047-1048-1001-1002-1003-1004-1005-1006-1021-1022-1007-1167-1168-1169-1170-1171-108
[2026-08-11 17:00:26.576717] [INFO] [path_server] 노드 업데이트 : [1164] ➜ [1165]
[2026-08-11 17:00:26.656670] [INFO] [path_server] 새로운 경로 설정 : path[1164 ➜ 108] time[0s] dist[42m] list[29] : 1164-1165-1166-1109-1110-1111-1112-1113-1043-1044-1045-1046-1047-1048-1001-1002-1003-1004-1005-1006-1021-1022-1007-1167-1168-1169-1170-1171-108
[2026-08-11 17:00:27.335247] [INFO] [path_server] 노드 업데이트 : [1165] ➜ [1166]
[2026-08-11 17:00:27.395199] [INFO] [path_server] 새로운 경로 설정 : path[1165 ➜ 108] time[0s] dist[40.5m] list[28] : 1165-1166-1109-1110-1111-1112-1113-1043-1044-1045-1046-1047-1048-1001-1002-1003-1004-1005-1006-1021-1022-1007-1167-1168-1169-1170-1171-108
[2026-08-11 17:00:28.093867] [INFO] [path_server] 노드 업데이트 : [1166] ➜ [1109]
[2026-08-11 17:00:28.153761] [INFO] [path_server] 새로운 경로 설정 : path[1166 ➜ 108] time[0s] dist[39m] list[27] : 1166-1109-1110-1111-1112-1113-1043-1044-1045-1046-1047-1048-1001-1002-1003-1004-1005-1006-1021-1022-1007-1167-1168-1169-1170-1171-108
[2026-08-11 17:00:28.912338] [INFO] [path_server] 노드 업데이트 : [1109] ➜ [1110]
[2026-08-11 17:00:28.992240] [INFO] [path_server] 새로운 경로 설정 : path[1109 ➜ 108] time[0s] dist[37.5m] list[26] : 1109-1110-1111-1112-1113-1043-1044-1045-1046-1047-1048-1001-1002-1003-1004-1005-1006-1021-1022-1007-1167-1168-1169-1170-1171-108
[2026-08-11 17:00:32.565188] [INFO] [path_server] 노드 업데이트 : [1110] ➜ [1111]
[2026-08-11 17:00:32.645050] [INFO] [path_server] 새로운 경로 설정 : path[1110 ➜ 108] time[0s] dist[36m] list[25] : 1110-1111-1112-1113-1043-1044-1045-1046-1047-1048-1001-1002-1003-1004-1005-1006-1021-1022-1007-1167-1168-1169-1170-1171-108
[2026-08-11 17:00:33.922588] [INFO] [path_server] 노드 업데이트 : [1111] ➜ [1112]
[2026-08-11 17:00:34.002536] [INFO] [path_server] 새로운 경로 설정 : path[1111 ➜ 108] time[0s] dist[34.5m] list[24] : 1111-1112-1113-1043-1044-1045-1046-1047-1048-1001-1002-1003-1004-1005-1006-1021-1022-1007-1167-1168-1169-1170-1171-108
[2026-08-11 17:00:34.820900] [INFO] [path_server] 노드 업데이트 : [1112] ➜ [1113]
[2026-08-11 17:00:34.900803] [INFO] [path_server] 새로운 경로 설정 : path[1112 ➜ 108] time[0s] dist[33m] list[23] : 1112-1113-1043-1044-1045-1046-1047-1048-1001-1002-1003-1004-1005-1006-1021-1022-1007-1167-1168-1169-1170-1171-108
[2026-08-11 17:00:36.138398] [INFO] [path_server] 노드 업데이트 : [1113] ➜ [1043]
[2026-08-11 17:00:36.218372] [INFO] [path_server] 새로운 경로 설정 : path[1113 ➜ 108] time[0s] dist[31.5m] list[22] : 1113-1043-1044-1045-1046-1047-1048-1001-1002-1003-1004-1005-1006-1021-1022-1007-1167-1168-1169-1170-1171-108
[2026-08-11 17:00:39.472159] [INFO] [path_server] 노드 업데이트 : [1043] ➜ [1044]
[2026-08-11 17:00:39.532079] [INFO] [path_server] 새로운 경로 설정 : path[1043 ➜ 108] time[0s] dist[30m] list[21] : 1043-1044-1045-1046-1047-1048-1001-1002-1003-1004-1005-1006-1021-1022-1007-1167-1168-1169-1170-1171-108
[2026-08-11 17:00:40.609857] [INFO] [path_server] 노드 업데이트 : [1044] ➜ [1045]
[2026-08-11 17:00:40.669818] [INFO] [path_server] 새로운 경로 설정 : path[1044 ➜ 108] time[0s] dist[28.5m] list[20] : 1044-1045-1046-1047-1048-1001-1002-1003-1004-1005-1006-1021-1022-1007-1167-1168-1169-1170-1171-108
[2026-08-11 17:00:41.428163] [INFO] [path_server] 노드 업데이트 : [1045] ➜ [1046]
[2026-08-11 17:00:41.528013] [INFO] [path_server] 새로운 경로 설정 : path[1045 ➜ 108] time[0s] dist[27m] list[19] : 1045-1046-1047-1048-1001-1002-1003-1004-1005-1006-1021-1022-1007-1167-1168-1169-1170-1171-108
[2026-08-11 17:00:42.186645] [INFO] [path_server] 노드 업데이트 : [1046] ➜ [1047]
[2026-08-11 17:00:42.266538] [INFO] [path_server] 새로운 경로 설정 : path[1046 ➜ 108] time[0s] dist[25.5m] list[18] : 1046-1047-1048-1001-1002-1003-1004-1005-1006-1021-1022-1007-1167-1168-1169-1170-1171-108
[2026-08-11 17:00:42.945114] [INFO] [path_server] 노드 업데이트 : [1047] ➜ [1048]
[2026-08-11 17:00:43.025051] [INFO] [path_server] 새로운 경로 설정 : path[1047 ➜ 108] time[0s] dist[24m] list[17] : 1047-1048-1001-1002-1003-1004-1005-1006-1021-1022-1007-1167-1168-1169-1170-1171-108
[2026-08-11 17:00:43.684086] [INFO] [path_server] 노드 업데이트 : [1048] ➜ [1001]
[2026-08-11 17:00:43.763963] [INFO] [path_server] 새로운 경로 설정 : path[1048 ➜ 108] time[0s] dist[22.5m] list[16] : 1048-1001-1002-1003-1004-1005-1006-1021-1022-1007-1167-1168-1169-1170-1171-108
[2026-08-11 17:00:44.442520] [INFO] [path_server] 노드 업데이트 : [1001] ➜ [1002]
[2026-08-11 17:00:44.522446] [INFO] [path_server] 새로운 경로 설정 : path[1001 ➜ 108] time[0s] dist[21m] list[15] : 1001-1002-1003-1004-1005-1006-1021-1022-1007-1167-1168-1169-1170-1171-108
[2026-08-11 17:00:45.180998] [INFO] [path_server] 노드 업데이트 : [1002] ➜ [1003]
[2026-08-11 17:00:45.260948] [INFO] [path_server] 새로운 경로 설정 : path[1002 ➜ 108] time[0s] dist[19.5m] list[14] : 1002-1003-1004-1005-1006-1021-1022-1007-1167-1168-1169-1170-1171-108
[2026-08-11 17:00:45.939351] [INFO] [path_server] 노드 업데이트 : [1003] ➜ [1004]
[2026-08-11 17:00:46.019289] [INFO] [path_server] 새로운 경로 설정 : path[1003 ➜ 108] time[0s] dist[18m] list[13] : 1003-1004-1005-1006-1021-1022-1007-1167-1168-1169-1170-1171-108
[2026-08-11 17:00:46.678058] [INFO] [path_server] 노드 업데이트 : [1004] ➜ [1005]
[2026-08-11 17:00:46.757887] [INFO] [path_server] 새로운 경로 설정 : path[1004 ➜ 108] time[0s] dist[16.5m] list[12] : 1004-1005-1006-1021-1022-1007-1167-1168-1169-1170-1171-108
[2026-08-11 17:00:47.436431] [INFO] [path_server] 노드 업데이트 : [1005] ➜ [1006]
[2026-08-11 17:00:47.516366] [INFO] [path_server] 새로운 경로 설정 : path[1005 ➜ 108] time[0s] dist[15m] list[11] : 1005-1006-1021-1022-1007-1167-1168-1169-1170-1171-108
[2026-08-11 17:00:48.194942] [INFO] [path_server] 노드 업데이트 : [1006] ➜ [1021]
[2026-08-11 17:00:48.254861] [INFO] [path_server] 새로운 경로 설정 : path[1006 ➜ 108] time[0s] dist[13.5m] list[10] : 1006-1021-1022-1007-1167-1168-1169-1170-1171-108
[2026-08-11 17:00:48.933368] [INFO] [path_server] 노드 업데이트 : [1021] ➜ [1022]
[2026-08-11 17:00:49.013284] [INFO] [path_server] 새로운 경로 설정 : path[1021 ➜ 108] time[0s] dist[12m] list[9] : 1021-1022-1007-1167-1168-1169-1170-1171-108
[2026-08-11 17:00:50.250653] [INFO] [path_server] 노드 업데이트 : [1022] ➜ [1007]
[2026-08-11 17:00:50.330583] [INFO] [path_server] 새로운 경로 설정 : path[1022 ➜ 108] time[0s] dist[10.5m] list[8] : 1022-1007-1167-1168-1169-1170-1171-108
[2026-08-11 17:00:53.603877] [INFO] [path_server] 노드 업데이트 : [1007] ➜ [1167]
[2026-08-11 17:00:53.683795] [INFO] [path_server] 새로운 경로 설정 : path[1007 ➜ 108] time[0s] dist[9m] list[7] : 1007-1167-1168-1169-1170-1171-108
[2026-08-11 17:00:54.741657] [INFO] [path_server] 노드 업데이트 : [1167] ➜ [1168]
[2026-08-11 17:00:54.821534] [INFO] [path_server] 새로운 경로 설정 : path[1167 ➜ 108] time[0s] dist[7.5m] list[6] : 1167-1168-1169-1170-1171-108
[2026-08-11 17:00:55.560002] [INFO] [path_server] 노드 업데이트 : [1168] ➜ [1169]
[2026-08-11 17:00:55.639937] [INFO] [path_server] 새로운 경로 설정 : path[1168 ➜ 108] time[0s] dist[6m] list[5] : 1168-1169-1170-1171-108
[2026-08-11 17:00:56.318615] [INFO] [path_server] 노드 업데이트 : [1169] ➜ [1170]
[2026-08-11 17:00:56.378480] [INFO] [path_server] 새로운 경로 설정 : path[1169 ➜ 108] time[0s] dist[4.5m] list[4] : 1169-1170-1171-108
[2026-08-11 17:00:57.077007] [INFO] [path_server] 노드 업데이트 : [1170] ➜ [1171]
[2026-08-11 17:00:57.156848] [INFO] [path_server] 새로운 경로 설정 : path[1170 ➜ 108] time[0s] dist[3m] list[3] : 1170-1171-108
[2026-08-11 17:00:58.474169] [INFO] [path_server] 노드 업데이트 : [1171] ➜ [108]
[2026-08-11 17:00:58.534065] [INFO] [path_server] 새로운 경로 설정 : path[1171 ➜ 108] time[0s] dist[1.5m] list[2] : 1171-108
[2026-08-11 17:01:03.723547] [INFO] [health_monitor] [등록][100015, 200001] : 배터리 남은 양 - 주의
[2026-08-11 17:01:04.022986] [INFO] [path_server] 노드 업데이트 : [108] ➜ [-1]
[2026-08-11 17:01:06.898008] [INFO] [course_tracker] 목적지에서 각도 정렬 : [22.000m 19.000m 0.000°]
[2026-08-11 17:01:06.937917] [INFO] [path_server] 노드 업데이트 : [108] ➜ [-1]
[2026-08-11 17:01:06.957863] [INFO] [task::fsm] push_done
[2026-08-11 17:01:07.017704] [INFO] [task::fsm] charging
[2026-08-11 17:01:07.017727] [INFO] [health_monitor] [등록][100015, 100001] : 자동 충전 시작.
[2026-08-11 17:01:07.017712] [INFO] [power_system] 충전 프로세스 시작
[2026-08-11 17:01:12.027694] [INFO] [health_monitor] [삭제][100015, 100001] : 자동 충전 시작.
[2026-08-11 17:01:13.444888] [INFO] [health_monitor] [삭제][100015, 200001] : 배터리 남은 양 - 주의
[2026-08-11 17:01:37.456438] [INFO] [power_system] 충전 완료
[2026-08-11 17:01:37.456458] [INFO] [health_monitor] [등록][100015, 100002] : 배터리 가득.
[2026-08-11 17:01:37.456461] [INFO] [health_monitor] [등록][100015, 100003] : 자동 충전 해제 시작.
[2026-08-11 17:01:42.466695] [INFO] [health_monitor] [삭제][100015, 100002] : 배터리 가득.
[2026-08-11 17:01:42.466702] [INFO] [health_monitor] [삭제][100015, 100003] : 자동 충전 해제 시작.
[2026-08-11 17:01:42.486601] [INFO] [power_system] 충전 해제 완료
[2026-08-11 17:01:42.486613] [INFO] [health_monitor] [등록][100015, 100004] : 자동 충전 해제 완료.
[2026-08-11 17:01:42.506602] [INFO] [task::fsm] discharging
[2026-08-11 17:01:42.506609] [INFO] [power_system] 충전 해제 프로세스 시작
[2026-08-11 17:01:42.506618] [INFO] [health_monitor] [등록][100015, 100003] : 자동 충전 해제 시작.
[2026-08-11 17:01:42.526570] [INFO] [task::fsm] idle
[2026-08-11 17:01:42.526576] [INFO] [path_server] 경로 삭제
[2026-08-11 17:01:42.526574] [INFO] [course_manager] 코스 삭제
[2026-08-11 17:01:42.566481] [INFO] [task::fsm] idle
[2026-08-11 17:01:42.566488] [INFO] [path_server] 경로 삭제
[2026-08-11 17:01:42.566486] [INFO] [course_manager] 코스 삭제
[2026-08-11 17:01:47.496553] [INFO] [health_monitor] [삭제][100015, 100004] : 자동 충전 해제 완료.
[2026-08-11 17:01:47.516489] [INFO] [health_monitor] [삭제][100015, 100003] : 자동 충전 해제 시작.
[2026-08-11 17:02:37.575867] [INFO] [task::fsm] charging
[2026-08-11 17:02:37.575877] [INFO] [power_system] 충전 프로세스 시작
[2026-08-11 17:02:37.575893] [INFO] [health_monitor] [등록][100015, 100001] : 자동 충전 시작.
[2026-08-11 17:02:42.586802] [INFO] [health_monitor] [삭제][100015, 100001] : 자동 충전 시작.
[2026-08-11 17:02:51.308712] [INFO] [power_system] 충전 완료
[2026-08-11 17:02:51.308737] [INFO] [health_monitor] [등록][100015, 100002] : 배터리 가득.
[2026-08-11 17:02:51.308741] [INFO] [health_monitor] [등록][100015, 100003] : 자동 충전 해제 시작.
[2026-08-11 17:02:56.318528] [INFO] [health_monitor] [삭제][100015, 100002] : 배터리 가득.
[2026-08-11 17:02:56.318536] [INFO] [health_monitor] [삭제][100015, 100003] : 자동 충전 해제 시작.
[2026-08-11 17:02:56.338534] [INFO] [power_system] 충전 해제 완료
[2026-08-11 17:02:56.338550] [INFO] [health_monitor] [등록][100015, 100004] : 자동 충전 해제 완료.
[2026-08-11 17:02:56.358487] [INFO] [task::fsm] discharging
[2026-08-11 17:02:56.358494] [INFO] [power_system] 충전 해제 프로세스 시작
[2026-08-11 17:02:56.358506] [INFO] [health_monitor] [등록][100015, 100003] : 자동 충전 해제 시작.
[2026-08-11 17:02:56.378399] [INFO] [task::fsm] idle
[2026-08-11 17:02:56.378407] [INFO] [course_manager] 코스 삭제
[2026-08-11 17:02:56.378410] [INFO] [path_server] 경로 삭제
[2026-08-11 17:02:56.418360] [INFO] [task::fsm] idle
[2026-08-11 17:02:56.418367] [INFO] [path_server] 경로 삭제
[2026-08-11 17:02:56.418365] [INFO] [course_manager] 코스 삭제
[2026-08-11 17:03:34.368465] [INFO] [framework] 프로그램 시작
[2026-08-11 17:03:34.368470] [WARNING] [framework] 프로그램 시작
[2026-08-11 17:03:34.368471] [CRITICAL] [framework] 프로그램 시작
[2026-08-11 17:03:34.368472] [INFO] [framework] 설정 파일 위치 : ../configs/robot_11
[2026-08-11 17:03:34.368621] [INFO] [framework] ID[0, 11], 이름[손일일], 제어주기[20ms], 버젼[], 장소[우리집], 환경모드[simulation]
[2026-08-11 17:03:34.368648] [INFO] [mediator] 생성
[2026-08-11 17:03:34.368674] [INFO] [graph_manager] 생성
[2026-08-11 17:03:34.410364] [INFO] [stop_server] 생성
[2026-08-11 17:03:34.410417] [INFO] [health_monitor] 생성
[2026-08-11 17:03:34.410447] [INFO] [path_server] 생성
[2026-08-11 17:03:34.410468] [INFO] [course_manager] 생성
[2026-08-11 17:03:34.410487] [INFO] [task::fsm] 생성
[2026-08-11 17:03:34.410489] [INFO] [task::fsm] idle
[2026-08-11 17:03:34.410496] [INFO] [course_manager] 코스 삭제
[2026-08-11 17:03:34.410501] [INFO] [path_server] 경로 삭제
[2026-08-11 17:03:34.410520] [INFO] [task_manager] 생성
[2026-08-11 17:03:34.410663] [INFO] [mediator] connectors 생성
[2026-08-11 17:03:34.410687] [INFO] [fms] 생성
[2026-08-11 17:03:34.410688] [INFO] [fms] 통신 드라이버 생성
[2026-08-11 17:03:34.411081] [INFO] [motions] 생성
[2026-08-11 17:03:34.411107] [INFO] [localizers] 생성
[2026-08-11 17:03:34.411234] [INFO] [localizers] 파라미터 : 

[2026-08-11 17:03:34.411259] [INFO] [safety_plc] 생성
[2026-08-11 17:03:34.411280] [INFO] [load_handler] 생성
[2026-08-11 17:03:34.411301] [INFO] [power_system] 생성
[2026-08-11 17:03:34.411454] [INFO] [power_system] 설정 정보 : remaining[40%, 10%, 5%]
[2026-08-11 17:03:34.412061] [INFO] [power_system] 알람 목록 : 
 • [100015, 100001] [INFO] 자동 충전 시작.
 • [100015, 100002] [INFO] 배터리 가득.
 • [100015, 400001] [CRIT] 배터리 남은 양 - 위험
 • [100015, 300001] [ERROR] 배터리 남은 양 - 에러
 • [100015, 200001] [WARN] 배터리 남은 양 - 주의
 • [100015, 100004] [INFO] 자동 충전 해제 완료.
 • [100015, 100003] [INFO] 자동 충전 해제 시작.
[2026-08-11 17:03:34.412066] [INFO] [mediator] connector 의존성 주입
[2026-08-11 17:03:34.412068] [INFO] [mediator] any map 등록
[2026-08-11 17:03:34.412075] [INFO] [mediator] any collector 등록
[2026-08-11 17:03:34.412078] [INFO] [mediator] any collector 목록 검사
[2026-08-11 17:03:34.412147] [INFO] [framework] after init 실행
[2026-08-11 17:03:34.412670] [INFO] [course_tracker] 생성
[2026-08-11 17:03:34.412694] [INFO] [course_tracker] 파라미터 : 
◈ node_bound[0.020m, 0.150m, 0.005m]
 • approach[0.150m, 0.050m/s, -0.005m, -0.200m, 0.100m]
 • align[(10.000°, 5.000°/s), 50.000°, 30.000°/s), 0.800°, -0.100°]
◈ motion param : 
 • reference_angle[0.000°, 45.000°]
 • threshold_angle[15.000°, 20.000°, 170.000°]
 • threshold_error[0.300°, 5.000°]
 • normal[0.150m/s, 8.000, 0.800m/s, 0.500]
 • angle[0.150m/s, 1.500, 0.800m/s, 2.100]
 • protection_overshoot[0.100m/s, 0.900, 0.500m/s, 0.900]
 • speed_rotation[15.000°/s]
[2026-08-11 17:03:34.412697] [INFO] [framework] 제어 쓰레드 시작
[2026-08-11 17:03:34.412760] [INFO] [path_server] 노드 초기화 성공 : 로봇 좌표[22.004m 18.998m -179.903°] 최단 거리 노드[108] 거리(0.004096m)
[2026-08-11 17:03:35.670365] [INFO] [task::fsm] charging
[2026-08-11 17:03:35.670370] [INFO] [power_system] 충전 프로세스 시작
[2026-08-11 17:03:35.670389] [INFO] [health_monitor] [등록][100015, 100001] : 자동 충전 시작.
[2026-08-11 17:03:40.680456] [INFO] [health_monitor] [삭제][100015, 100001] : 자동 충전 시작.
[2026-08-11 17:03:53.555006] [INFO] [power_system] 충전 완료
[2026-08-11 17:03:53.555022] [INFO] [health_monitor] [등록][100015, 100002] : 배터리 가득.
[2026-08-11 17:03:53.555025] [INFO] [health_monitor] [등록][100015, 100003] : 자동 충전 해제 시작.
[2026-08-11 17:03:58.564608] [INFO] [health_monitor] [삭제][100015, 100002] : 배터리 가득.
[2026-08-11 17:03:58.564614] [INFO] [health_monitor] [삭제][100015, 100003] : 자동 충전 해제 시작.
[2026-08-11 17:03:58.584610] [INFO] [power_system] 충전 해제 완료
[2026-08-11 17:03:58.584622] [INFO] [health_monitor] [등록][100015, 100004] : 자동 충전 해제 완료.
[2026-08-11 17:03:58.604540] [INFO] [task::fsm] discharging
[2026-08-11 17:03:58.604545] [INFO] [power_system] 충전 해제 프로세스 시작
[2026-08-11 17:03:58.604554] [INFO] [health_monitor] [등록][100015, 100003] : 자동 충전 해제 시작.
[2026-08-11 17:03:58.624467] [INFO] [task::fsm] idle
[2026-08-11 17:03:58.624473] [INFO] [path_server] 경로 삭제
[2026-08-11 17:03:58.624471] [INFO] [course_manager] 코스 삭제
[2026-08-11 17:03:58.664461] [INFO] [task::fsm] idle
[2026-08-11 17:03:58.664469] [INFO] [course_manager] 코스 삭제
[2026-08-11 17:03:58.664472] [INFO] [path_server] 경로 삭제
[2026-08-11 17:04:03.594500] [INFO] [health_monitor] [삭제][100015, 100004] : 자동 충전 해제 완료.
[2026-08-11 17:04:03.614458] [INFO] [health_monitor] [삭제][100015, 100003] : 자동 충전 해제 시작.
[2026-08-11 17:04:53.657273] [INFO] [task::fsm] charging
[2026-08-11 17:04:53.657279] [INFO] [power_system] 충전 프로세스 시작
[2026-08-11 17:04:53.657290] [INFO] [health_monitor] [등록][100015, 100001] : 자동 충전 시작.
[2026-08-11 17:04:58.667061] [INFO] [health_monitor] [삭제][100015, 100001] : 자동 충전 시작.
[2026-08-11 17:05:07.370068] [INFO] [power_system] 충전 완료
[2026-08-11 17:05:07.370091] [INFO] [health_monitor] [등록][100015, 100003] : 자동 충전 해제 시작.
[2026-08-11 17:05:07.370087] [INFO] [health_monitor] [등록][100015, 100002] : 배터리 가득.
[2026-08-11 17:05:12.380230] [INFO] [health_monitor] [삭제][100015, 100002] : 배터리 가득.
[2026-08-11 17:05:12.380234] [INFO] [health_monitor] [삭제][100015, 100003] : 자동 충전 해제 시작.
[2026-08-11 17:05:12.400185] [INFO] [power_system] 충전 해제 완료
[2026-08-11 17:05:12.400201] [INFO] [health_monitor] [등록][100015, 100004] : 자동 충전 해제 완료.
[2026-08-11 17:05:12.420181] [INFO] [task::fsm] discharging
[2026-08-11 17:05:12.420202] [INFO] [health_monitor] [등록][100015, 100003] : 자동 충전 해제 시작.
[2026-08-11 17:05:12.420189] [INFO] [power_system] 충전 해제 프로세스 시작
[2026-08-11 17:05:12.440134] [INFO] [task::fsm] idle
[2026-08-11 17:05:12.440139] [INFO] [path_server] 경로 삭제
[2026-08-11 17:05:12.440137] [INFO] [course_manager] 코스 삭제
[2026-08-11 17:05:12.480045] [INFO] [task::fsm] idle
[2026-08-11 17:05:12.480051] [INFO] [path_server] 경로 삭제
[2026-08-11 17:05:12.480050] [INFO] [course_manager] 코스 삭제
[2026-08-11 17:05:17.410635] [INFO] [health_monitor] [삭제][100015, 100004] : 자동 충전 해제 완료.
[2026-08-11 17:05:17.430659] [INFO] [health_monitor] [삭제][100015, 100003] : 자동 충전 해제 시작.
[2026-08-11 17:06:07.490117] [INFO] [task::fsm] charging
[2026-08-11 17:06:07.490122] [INFO] [power_system] 충전 프로세스 시작
[2026-08-11 17:06:07.490143] [INFO] [health_monitor] [등록][100015, 100001] : 자동 충전 시작.
[2026-08-11 17:06:12.499927] [INFO] [health_monitor] [삭제][100015, 100001] : 자동 충전 시작.
[2026-08-11 17:06:21.222523] [INFO] [power_system] 충전 완료
[2026-08-11 17:06:21.222538] [INFO] [health_monitor] [등록][100015, 100002] : 배터리 가득.
[2026-08-11 17:06:21.222542] [INFO] [health_monitor] [등록][100015, 100003] : 자동 충전 해제 시작.
[2026-08-11 17:06:26.232743] [INFO] [health_monitor] [삭제][100015, 100002] : 배터리 가득.
[2026-08-11 17:06:26.232751] [INFO] [health_monitor] [삭제][100015, 100003] : 자동 충전 해제 시작.
[2026-08-11 17:06:26.252684] [INFO] [power_system] 충전 해제 완료
[2026-08-11 17:06:26.252698] [INFO] [health_monitor] [등록][100015, 100004] : 자동 충전 해제 완료.
[2026-08-11 17:06:26.272642] [INFO] [task::fsm] discharging
[2026-08-11 17:06:26.272649] [INFO] [power_system] 충전 해제 프로세스 시작
[2026-08-11 17:06:26.272659] [INFO] [health_monitor] [등록][100015, 100003] : 자동 충전 해제 시작.
[2026-08-11 17:06:26.292550] [INFO] [task::fsm] idle
[2026-08-11 17:06:26.292555] [INFO] [path_server] 경로 삭제
[2026-08-11 17:06:26.292554] [INFO] [course_manager] 코스 삭제
[2026-08-11 17:06:26.332530] [INFO] [task::fsm] idle
[2026-08-11 17:06:26.332537] [INFO] [path_server] 경로 삭제
[2026-08-11 17:06:26.332535] [INFO] [course_manager] 코스 삭제
[2026-08-11 17:06:31.263051] [INFO] [health_monitor] [삭제][100015, 100004] : 자동 충전 해제 완료.
[2026-08-11 17:06:31.283039] [INFO] [health_monitor] [삭제][100015, 100003] : 자동 충전 해제 시작.
[2026-08-11 17:07:21.361667] [INFO] [task::fsm] charging
[2026-08-11 17:07:21.361677] [INFO] [power_system] 충전 프로세스 시작
[2026-08-11 17:07:21.361696] [INFO] [health_monitor] [등록][100015, 100001] : 자동 충전 시작.
[2026-08-11 17:07:26.371876] [INFO] [health_monitor] [삭제][100015, 100001] : 자동 충전 시작.
[2026-08-11 17:07:35.094324] [INFO] [power_system] 충전 완료
[2026-08-11 17:07:35.094344] [INFO] [health_monitor] [등록][100015, 100002] : 배터리 가득.
[2026-08-11 17:07:35.094349] [INFO] [health_monitor] [등록][100015, 100003] : 자동 충전 해제 시작.
[2026-08-11 17:07:36.970545] [INFO] [path_server] 새로운 경로 설정 : path[108 ➜ 202] time[0s] dist[22.5m] list[16] : 108-1171-1172-1091-1092-1093-1094-1095-1074-1075-1076-1018-1158-1159-1160-202
[2026-08-11 17:07:36.970560] [INFO] [course_tracker] 방향 정렬 완료 
[2026-08-11 17:07:40.104457] [INFO] [health_monitor] [삭제][100015, 100002] : 배터리 가득.
[2026-08-11 17:07:40.104463] [INFO] [health_monitor] [삭제][100015, 100003] : 자동 충전 해제 시작.
[2026-08-11 17:07:41.661285] [INFO] [path_server] 노드 업데이트 : [1171] ➜ [1172]
[2026-08-11 17:07:41.741218] [INFO] [path_server] 새로운 경로 설정 : path[1171 ➜ 202] time[0s] dist[21m] list[15] : 1171-1172-1091-1092-1093-1094-1095-1074-1075-1076-1018-1158-1159-1160-202
[2026-08-11 17:07:45.353753] [INFO] [path_server] 노드 업데이트 : [1172] ➜ [1091]
[2026-08-11 17:07:45.413646] [INFO] [path_server] 새로운 경로 설정 : path[1172 ➜ 202] time[0s] dist[19.5m] list[14] : 1172-1091-1092-1093-1094-1095-1074-1075-1076-1018-1158-1159-1160-202
[2026-08-11 17:07:46.431648] [INFO] [path_server] 노드 업데이트 : [1091] ➜ [1092]
[2026-08-11 17:07:46.491545] [INFO] [path_server] 새로운 경로 설정 : path[1091 ➜ 202] time[0s] dist[18m] list[13] : 1091-1092-1093-1094-1095-1074-1075-1076-1018-1158-1159-1160-202
[2026-08-11 17:07:49.685488] [INFO] [path_server] 노드 업데이트 : [1092] ➜ [1093]
[2026-08-11 17:07:49.765402] [INFO] [path_server] 새로운 경로 설정 : path[1092 ➜ 202] time[0s] dist[16.5m] list[12] : 1092-1093-1094-1095-1074-1075-1076-1018-1158-1159-1160-202
[2026-08-11 17:07:50.942981] [INFO] [path_server] 노드 업데이트 : [1093] ➜ [1094]
[2026-08-11 17:07:51.022911] [INFO] [path_server] 새로운 경로 설정 : path[1093 ➜ 202] time[0s] dist[15m] list[11] : 1093-1094-1095-1074-1075-1076-1018-1158-1159-1160-202
[2026-08-11 17:07:51.801515] [INFO] [path_server] 노드 업데이트 : [1094] ➜ [1095]
[2026-08-11 17:07:51.881386] [INFO] [path_server] 새로운 경로 설정 : path[1094 ➜ 202] time[0s] dist[13.5m] list[10] : 1094-1095-1074-1075-1076-1018-1158-1159-1160-202
[2026-08-11 17:07:53.118861] [INFO] [path_server] 노드 업데이트 : [1095] ➜ [1074]
[2026-08-11 17:07:53.198744] [INFO] [path_server] 새로운 경로 설정 : path[1095 ➜ 202] time[0s] dist[12m] list[9] : 1095-1074-1075-1076-1018-1158-1159-1160-202
[2026-08-11 17:07:56.452160] [INFO] [path_server] 노드 업데이트 : [1074] ➜ [1075]
[2026-08-11 17:07:56.532028] [INFO] [path_server] 새로운 경로 설정 : path[1074 ➜ 202] time[0s] dist[10.5m] list[8] : 1074-1075-1076-1018-1158-1159-1160-202
[2026-08-11 17:07:57.589961] [INFO] [path_server] 노드 업데이트 : [1075] ➜ [1076]
[2026-08-11 17:07:57.669815] [INFO] [path_server] 새로운 경로 설정 : path[1075 ➜ 202] time[0s] dist[9m] list[7] : 1075-1076-1018-1158-1159-1160-202
[2026-08-11 17:07:58.408347] [INFO] [path_server] 노드 업데이트 : [1076] ➜ [1018]
[2026-08-11 17:07:58.488246] [INFO] [path_server] 새로운 경로 설정 : path[1076 ➜ 202] time[0s] dist[7.5m] list[6] : 1076-1018-1158-1159-1160-202
[2026-08-11 17:07:59.745612] [INFO] [path_server] 노드 업데이트 : [1018] ➜ [1158]
[2026-08-11 17:07:59.825468] [INFO] [path_server] 새로운 경로 설정 : path[1018 ➜ 202] time[0s] dist[6m] list[5] : 1018-1158-1159-1160-202
[2026-08-11 17:08:03.118615] [INFO] [path_server] 노드 업데이트 : [1158] ➜ [1159]
[2026-08-11 17:08:03.178502] [INFO] [path_server] 새로운 경로 설정 : path[1158 ➜ 202] time[0s] dist[4.5m] list[4] : 1158-1159-1160-202
[2026-08-11 17:08:04.256354] [INFO] [path_server] 노드 업데이트 : [1159] ➜ [1160]
[2026-08-11 17:08:04.316270] [INFO] [path_server] 새로운 경로 설정 : path[1159 ➜ 202] time[0s] dist[3m] list[3] : 1159-1160-202
[2026-08-11 17:08:05.593588] [INFO] [path_server] 노드 업데이트 : [1160] ➜ [202]
[2026-08-11 17:08:05.673499] [INFO] [path_server] 새로운 경로 설정 : path[1160 ➜ 202] time[0s] dist[1.5m] list[2] : 1160-202
[2026-08-11 17:08:10.843156] [INFO] [path_server] 노드 업데이트 : [202] ➜ [-1]
[2026-08-11 17:08:13.737152] [INFO] [course_tracker] 목적지에서 각도 정렬 : [13.000m 14.500m 0.000°]
[2026-08-11 17:08:13.777013] [INFO] [path_server] 노드 업데이트 : [202] ➜ [-1]
[2026-08-11 17:08:13.797012] [INFO] [task::fsm] push_done
[2026-08-11 17:08:13.856887] [INFO] [task::fsm] idle
[2026-08-11 17:08:13.856895] [INFO] [path_server] 경로 삭제
[2026-08-11 17:08:13.856893] [INFO] [course_manager] 코스 삭제
[2026-08-11 17:08:36.891733] [INFO] [path_server] 새로운 경로 설정 : path[202 ➜ 105] time[0s] dist[37.5m] list[26] : 202-1160-1161-1162-1163-1164-1165-1166-1109-1110-1111-1112-1113-1114-1115-1116-1117-1118-1119-1120-1121-1122-1123-1179-1180-105
[2026-08-11 17:08:43.179450] [INFO] [path_server] 노드 업데이트 : [1160] ➜ [1161]
[2026-08-11 17:08:43.239366] [INFO] [path_server] 새로운 경로 설정 : path[1160 ➜ 105] time[0s] dist[36m] list[25] : 1160-1161-1162-1163-1164-1165-1166-1109-1110-1111-1112-1113-1114-1115-1116-1117-1118-1119-1120-1121-1122-1123-1179-1180-105
[2026-08-11 17:08:46.832381] [INFO] [path_server] 노드 업데이트 : [1161] ➜ [1162]
[2026-08-11 17:08:46.912362] [INFO] [path_server] 새로운 경로 설정 : path[1161 ➜ 105] time[0s] dist[34.5m] list[24] : 1161-1162-1163-1164-1165-1166-1109-1110-1111-1112-1113-1114-1115-1116-1117-1118-1119-1120-1121-1122-1123-1179-1180-105
[2026-08-11 17:08:47.950308] [INFO] [path_server] 노드 업데이트 : [1162] ➜ [1163]
[2026-08-11 17:08:48.010222] [INFO] [path_server] 새로운 경로 설정 : path[1162 ➜ 105] time[0s] dist[33m] list[23] : 1162-1163-1164-1165-1166-1109-1110-1111-1112-1113-1114-1115-1116-1117-1118-1119-1120-1121-1122-1123-1179-1180-105
[2026-08-11 17:08:48.808485] [INFO] [path_server] 노드 업데이트 : [1163] ➜ [1164]
[2026-08-11 17:08:48.888404] [INFO] [path_server] 새로운 경로 설정 : path[1163 ➜ 105] time[0s] dist[31.5m] list[22] : 1163-1164-1165-1166-1109-1110-1111-1112-1113-1114-1115-1116-1117-1118-1119-1120-1121-1122-1123-1179-1180-105
[2026-08-11 17:08:49.786611] [INFO] [path_server] 노드 업데이트 : [1164] ➜ [1165]
[2026-08-11 17:08:49.866516] [INFO] [path_server] 새로운 경로 설정 : path[1164 ➜ 105] time[0s] dist[30m] list[21] : 1164-1165-1166-1109-1110-1111-1112-1113-1114-1115-1116-1117-1118-1119-1120-1121-1122-1123-1179-1180-105
[2026-08-11 17:08:50.844361] [INFO] [path_server] 노드 업데이트 : [1165] ➜ [1166]
[2026-08-11 17:08:50.924296] [INFO] [path_server] 새로운 경로 설정 : path[1165 ➜ 105] time[0s] dist[28.5m] list[20] : 1165-1166-1109-1110-1111-1112-1113-1114-1115-1116-1117-1118-1119-1120-1121-1122-1123-1179-1180-105
[2026-08-11 17:08:51.882251] [INFO] [path_server] 노드 업데이트 : [1166] ➜ [1109]
[2026-08-11 17:08:51.962114] [INFO] [path_server] 새로운 경로 설정 : path[1166 ➜ 105] time[0s] dist[27m] list[19] : 1166-1109-1110-1111-1112-1113-1114-1115-1116-1117-1118-1119-1120-1121-1122-1123-1179-1180-105
[2026-08-11 17:08:52.740468] [INFO] [path_server] 노드 업데이트 : [1109] ➜ [1110]
[2026-08-11 17:08:52.800379] [INFO] [path_server] 새로운 경로 설정 : path[1109 ➜ 105] time[0s] dist[25.5m] list[18] : 1109-1110-1111-1112-1113-1114-1115-1116-1117-1118-1119-1120-1121-1122-1123-1179-1180-105
[2026-08-11 17:08:56.393060] [INFO] [path_server] 노드 업데이트 : [1110] ➜ [1111]
[2026-08-11 17:08:56.452952] [INFO] [path_server] 새로운 경로 설정 : path[1110 ➜ 105] time[0s] dist[24m] list[17] : 1110-1111-1112-1113-1114-1115-1116-1117-1118-1119-1120-1121-1122-1123-1179-1180-105
[2026-08-11 17:08:57.750515] [INFO] [path_server] 노드 업데이트 : [1111] ➜ [1112]
[2026-08-11 17:08:57.810433] [INFO] [path_server] 새로운 경로 설정 : path[1111 ➜ 105] time[0s] dist[22.5m] list[16] : 1111-1112-1113-1114-1115-1116-1117-1118-1119-1120-1121-1122-1123-1179-1180-105
[2026-08-11 17:08:58.648690] [INFO] [path_server] 노드 업데이트 : [1112] ➜ [1113]
[2026-08-11 17:08:58.708596] [INFO] [path_server] 새로운 경로 설정 : path[1112 ➜ 105] time[0s] dist[21m] list[15] : 1112-1113-1114-1115-1116-1117-1118-1119-1120-1121-1122-1123-1179-1180-105
[2026-08-11 17:08:59.407102] [INFO] [path_server] 노드 업데이트 : [1113] ➜ [1114]
[2026-08-11 17:08:59.486966] [INFO] [path_server] 새로운 경로 설정 : path[1113 ➜ 105] time[0s] dist[19.5m] list[14] : 1113-1114-1115-1116-1117-1118-1119-1120-1121-1122-1123-1179-1180-105
[2026-08-11 17:09:00.145591] [INFO] [path_server] 노드 업데이트 : [1114] ➜ [1115]
[2026-08-11 17:09:00.205488] [INFO] [path_server] 새로운 경로 설정 : path[1114 ➜ 105] time[0s] dist[18m] list[13] : 1114-1115-1116-1117-1118-1119-1120-1121-1122-1123-1179-1180-105
[2026-08-11 17:09:00.904036] [INFO] [path_server] 노드 업데이트 : [1115] ➜ [1116]
[2026-08-11 17:09:00.983925] [INFO] [path_server] 새로운 경로 설정 : path[1115 ➜ 105] time[0s] dist[16.5m] list[12] : 1115-1116-1117-1118-1119-1120-1121-1122-1123-1179-1180-105
[2026-08-11 17:09:01.642500] [INFO] [path_server] 노드 업데이트 : [1116] ➜ [1117]
[2026-08-11 17:09:01.702404] [INFO] [path_server] 새로운 경로 설정 : path[1116 ➜ 105] time[0s] dist[15m] list[11] : 1116-1117-1118-1119-1120-1121-1122-1123-1179-1180-105
[2026-08-11 17:09:02.460876] [INFO] [path_server] 노드 업데이트 : [1117] ➜ [1118]
[2026-08-11 17:09:02.540697] [INFO] [path_server] 새로운 경로 설정 : path[1117 ➜ 105] time[0s] dist[13.5m] list[10] : 1117-1118-1119-1120-1121-1122-1123-1179-1180-105
[2026-08-11 17:09:03.299546] [INFO] [path_server] 노드 업데이트 : [1118] ➜ [1119]
[2026-08-11 17:09:03.379423] [INFO] [path_server] 새로운 경로 설정 : path[1118 ➜ 105] time[0s] dist[12m] list[9] : 1118-1119-1120-1121-1122-1123-1179-1180-105
[2026-08-11 17:09:04.118031] [INFO] [path_server] 노드 업데이트 : [1119] ➜ [1120]
[2026-08-11 17:09:04.197949] [INFO] [path_server] 새로운 경로 설정 : path[1119 ➜ 105] time[0s] dist[10.5m] list[8] : 1119-1120-1121-1122-1123-1179-1180-105
[2026-08-11 17:09:04.996336] [INFO] [path_server] 노드 업데이트 : [1120] ➜ [1121]
[2026-08-11 17:09:05.056246] [INFO] [path_server] 새로운 경로 설정 : path[1120 ➜ 105] time[0s] dist[9m] list[7] : 1120-1121-1122-1123-1179-1180-105
[2026-08-11 17:09:08.649084] [INFO] [path_server] 노드 업데이트 : [1121] ➜ [1122]
[2026-08-11 17:09:08.708988] [INFO] [path_server] 새로운 경로 설정 : path[1121 ➜ 105] time[0s] dist[7.5m] list[6] : 1121-1122-1123-1179-1180-105
[2026-08-11 17:09:10.006366] [INFO] [path_server] 노드 업데이트 : [1122] ➜ [1123]
[2026-08-11 17:09:10.086242] [INFO] [path_server] 새로운 경로 설정 : path[1122 ➜ 105] time[0s] dist[6m] list[5] : 1122-1123-1179-1180-105
[2026-08-11 17:09:11.064136] [INFO] [path_server] 노드 업데이트 : [1123] ➜ [1179]
[2026-08-11 17:09:11.143984] [INFO] [path_server] 새로운 경로 설정 : path[1123 ➜ 105] time[0s] dist[4.5m] list[4] : 1123-1179-1180-105
[2026-08-11 17:09:14.377268] [INFO] [path_server] 노드 업데이트 : [1179] ➜ [1180]
[2026-08-11 17:09:14.437174] [INFO] [path_server] 새로운 경로 설정 : path[1179 ➜ 105] time[0s] dist[3m] list[3] : 1179-1180-105
[2026-08-11 17:09:15.754588] [INFO] [path_server] 노드 업데이트 : [1180] ➜ [105]
[2026-08-11 17:09:15.814533] [INFO] [path_server] 새로운 경로 설정 : path[1180 ➜ 105] time[0s] dist[1.5m] list[2] : 1180-105
[2026-08-11 17:09:20.964660] [INFO] [path_server] 노드 업데이트 : [105] ➜ [-1]
[2026-08-11 17:09:23.839528] [INFO] [course_tracker] 목적지에서 각도 정렬 : [5.500m 2.500m 0.000°]
[2026-08-11 17:09:23.879446] [INFO] [path_server] 노드 업데이트 : [105] ➜ [-1]
[2026-08-11 17:09:23.899372] [INFO] [task::fsm] push_done
[2026-08-11 17:09:23.939345] [INFO] [task::fsm] charging
[2026-08-11 17:09:23.939372] [INFO] [health_monitor] [등록][100015, 100001] : 자동 충전 시작.
[2026-08-11 17:09:23.939354] [INFO] [power_system] 충전 프로세스 시작
[2026-08-11 17:09:28.950614] [INFO] [health_monitor] [삭제][100015, 100001] : 자동 충전 시작.
[2026-08-11 17:09:51.606358] [INFO] [power_system] 충전 완료
[2026-08-11 17:09:51.606380] [INFO] [health_monitor] [등록][100015, 100003] : 자동 충전 해제 시작.
[2026-08-11 17:09:51.606377] [INFO] [health_monitor] [등록][100015, 100002] : 배터리 가득.
[2026-08-11 17:09:56.616857] [INFO] [health_monitor] [삭제][100015, 100002] : 배터리 가득.
[2026-08-11 17:09:56.616867] [INFO] [health_monitor] [삭제][100015, 100003] : 자동 충전 해제 시작.
[2026-08-11 17:09:56.636813] [INFO] [power_system] 충전 해제 완료
[2026-08-11 17:09:56.636827] [INFO] [health_monitor] [등록][100015, 100004] : 자동 충전 해제 완료.
[2026-08-11 17:09:56.656773] [INFO] [task::fsm] discharging
[2026-08-11 17:09:56.656780] [INFO] [power_system] 충전 해제 프로세스 시작
[2026-08-11 17:09:56.656789] [INFO] [health_monitor] [등록][100015, 100003] : 자동 충전 해제 시작.
[2026-08-11 17:09:56.676680] [INFO] [task::fsm] idle
[2026-08-11 17:09:56.676685] [INFO] [course_manager] 코스 삭제
[2026-08-11 17:09:56.676686] [INFO] [path_server] 경로 삭제
[2026-08-11 17:09:56.716668] [INFO] [task::fsm] idle
[2026-08-11 17:09:56.716676] [INFO] [path_server] 경로 삭제
[2026-08-11 17:09:56.716674] [INFO] [course_manager] 코스 삭제
[2026-08-11 17:10:01.647159] [INFO] [health_monitor] [삭제][100015, 100004] : 자동 충전 해제 완료.
[2026-08-11 17:10:01.667154] [INFO] [health_monitor] [삭제][100015, 100003] : 자동 충전 해제 시작.
[2026-08-11 17:10:51.708573] [INFO] [task::fsm] charging
[2026-08-11 17:10:51.708596] [INFO] [health_monitor] [등록][100015, 100001] : 자동 충전 시작.
[2026-08-11 17:10:51.708581] [INFO] [power_system] 충전 프로세스 시작
[2026-08-11 17:10:56.718758] [INFO] [health_monitor] [삭제][100015, 100001] : 자동 충전 시작.
[2026-08-11 17:11:05.421885] [INFO] [power_system] 충전 완료
[2026-08-11 17:11:05.421902] [INFO] [health_monitor] [등록][100015, 100002] : 배터리 가득.
[2026-08-11 17:11:05.421905] [INFO] [health_monitor] [등록][100015, 100003] : 자동 충전 해제 시작.
[2026-08-11 17:11:10.432016] [INFO] [health_monitor] [삭제][100015, 100002] : 배터리 가득.
[2026-08-11 17:11:10.432023] [INFO] [health_monitor] [삭제][100015, 100003] : 자동 충전 해제 시작.
[2026-08-11 17:11:10.451889] [INFO] [power_system] 충전 해제 완료
[2026-08-11 17:11:10.451900] [INFO] [health_monitor] [등록][100015, 100004] : 자동 충전 해제 완료.
[2026-08-11 17:11:10.471905] [INFO] [task::fsm] discharging
[2026-08-11 17:11:10.471913] [INFO] [power_system] 충전 해제 프로세스 시작
[2026-08-11 17:11:10.471924] [INFO] [health_monitor] [등록][100015, 100003] : 자동 충전 해제 시작.
[2026-08-11 17:11:10.491858] [INFO] [task::fsm] idle
[2026-08-11 17:11:10.491863] [INFO] [course_manager] 코스 삭제
[2026-08-11 17:11:10.491865] [INFO] [path_server] 경로 삭제
[2026-08-11 17:11:10.531778] [INFO] [task::fsm] idle
[2026-08-11 17:11:10.531786] [INFO] [path_server] 경로 삭제
[2026-08-11 17:11:10.531784] [INFO] [course_manager] 코스 삭제
[2026-08-11 17:11:15.462217] [INFO] [health_monitor] [삭제][100015, 100004] : 자동 충전 해제 완료.
[2026-08-11 17:11:15.482135] [INFO] [health_monitor] [삭제][100015, 100003] : 자동 충전 해제 시작.
[2026-08-11 17:11:25.743260] [INFO] [task::fsm] idle
[2026-08-11 17:11:25.743266] [INFO] [course_manager] 코스 삭제
[2026-08-11 17:11:25.743269] [INFO] [path_server] 경로 삭제
[2026-08-11 17:12:05.544234] [INFO] [task::fsm] charging
[2026-08-11 17:12:05.544259] [INFO] [health_monitor] [등록][100015, 100001] : 자동 충전 시작.
[2026-08-11 17:12:05.544243] [INFO] [power_system] 충전 프로세스 시작
[2026-08-11 17:12:10.554188] [INFO] [health_monitor] [삭제][100015, 100001] : 자동 충전 시작.
[2026-08-11 17:12:19.277560] [INFO] [power_system] 충전 완료
[2026-08-11 17:12:19.277582] [INFO] [health_monitor] [등록][100015, 100002] : 배터리 가득.
[2026-08-11 17:12:19.277586] [INFO] [health_monitor] [등록][100015, 100003] : 자동 충전 해제 시작.
[2026-08-11 17:12:24.288006] [INFO] [health_monitor] [삭제][100015, 100002] : 배터리 가득.
[2026-08-11 17:12:24.288012] [INFO] [health_monitor] [삭제][100015, 100003] : 자동 충전 해제 시작.
[2026-08-11 17:12:24.308010] [INFO] [power_system] 충전 해제 완료
[2026-08-11 17:12:24.308025] [INFO] [health_monitor] [등록][100015, 100004] : 자동 충전 해제 완료.
[2026-08-11 17:12:24.327958] [INFO] [task::fsm] discharging
[2026-08-11 17:12:24.327965] [INFO] [power_system] 충전 해제 프로세스 시작
[2026-08-11 17:12:24.327977] [INFO] [health_monitor] [등록][100015, 100003] : 자동 충전 해제 시작.
[2026-08-11 17:12:24.347878] [INFO] [task::fsm] idle
[2026-08-11 17:12:24.347885] [INFO] [path_server] 경로 삭제
[2026-08-11 17:12:24.347883] [INFO] [course_manager] 코스 삭제
[2026-08-11 17:12:24.387799] [INFO] [task::fsm] idle
[2026-08-11 17:12:24.387806] [INFO] [path_server] 경로 삭제
[2026-08-11 17:12:24.387804] [INFO] [course_manager] 코스 삭제
[2026-08-11 17:12:29.317697] [INFO] [health_monitor] [삭제][100015, 100004] : 자동 충전 해제 완료.
[2026-08-11 17:12:29.337709] [INFO] [health_monitor] [삭제][100015, 100003] : 자동 충전 해제 시작.
[2026-08-11 17:24:37.820890] [INFO] [framework] 프로그램 시작
[2026-08-11 17:24:37.820894] [WARNING] [framework] 프로그램 시작
[2026-08-11 17:24:37.820896] [INFO] [framework] 설정 파일 위치 : ../configs/robot_11
[2026-08-11 17:24:37.820896] [CRITICAL] [framework] 프로그램 시작
[2026-08-11 17:24:37.821019] [INFO] [framework] ID[0, 11], 이름[손일일], 제어주기[20ms], 버젼[], 장소[우리집], 환경모드[simulation]
[2026-08-11 17:24:37.821039] [INFO] [mediator] 생성
[2026-08-11 17:24:37.821055] [INFO] [graph_manager] 생성
[2026-08-11 17:24:37.849641] [INFO] [stop_server] 생성
[2026-08-11 17:24:37.849659] [INFO] [health_monitor] 생성
[2026-08-11 17:24:37.849674] [INFO] [path_server] 생성
[2026-08-11 17:24:37.849696] [INFO] [course_manager] 생성
[2026-08-11 17:24:37.849711] [INFO] [task::fsm] 생성
[2026-08-11 17:24:37.849713] [INFO] [task::fsm] idle
[2026-08-11 17:24:37.849714] [INFO] [course_manager] 코스 삭제
[2026-08-11 17:24:37.849715] [INFO] [path_server] 경로 삭제
[2026-08-11 17:24:37.849732] [INFO] [task_manager] 생성
[2026-08-11 17:24:37.849832] [INFO] [mediator] connectors 생성
[2026-08-11 17:24:37.849849] [INFO] [fms] 생성
[2026-08-11 17:24:37.849851] [INFO] [fms] 통신 드라이버 생성
[2026-08-11 17:24:37.850121] [INFO] [motions] 생성
[2026-08-11 17:24:37.850141] [INFO] [localizers] 생성
[2026-08-11 17:24:37.850224] [INFO] [localizers] 파라미터 : 

[2026-08-11 17:24:37.850243] [INFO] [safety_plc] 생성
[2026-08-11 17:24:37.850254] [INFO] [load_handler] 생성
[2026-08-11 17:24:37.850267] [INFO] [power_system] 생성
[2026-08-11 17:24:37.850364] [INFO] [power_system] 설정 정보 : remaining[40%, 10%, 5%]
[2026-08-11 17:24:37.850752] [INFO] [power_system] 알람 목록 : 
 • [100015, 100001] [INFO] 자동 충전 시작.
 • [100015, 100002] [INFO] 배터리 가득.
 • [100015, 400001] [CRIT] 배터리 남은 양 - 위험
 • [100015, 300001] [ERROR] 배터리 남은 양 - 에러
 • [100015, 200001] [WARN] 배터리 남은 양 - 주의
 • [100015, 100004] [INFO] 자동 충전 해제 완료.
 • [100015, 100003] [INFO] 자동 충전 해제 시작.
[2026-08-11 17:24:37.850757] [INFO] [mediator] any map 등록
[2026-08-11 17:24:37.850755] [INFO] [mediator] connector 의존성 주입
[2026-08-11 17:24:37.850764] [INFO] [mediator] any collector 등록
[2026-08-11 17:24:37.850767] [INFO] [mediator] any collector 목록 검사
[2026-08-11 17:24:37.850824] [INFO] [framework] after init 실행
[2026-08-11 17:24:37.851115] [INFO] [course_tracker] 생성
[2026-08-11 17:24:37.851131] [INFO] [course_tracker] 파라미터 : 
◈ node_bound[0.020m, 0.150m, 0.005m]
 • approach[0.150m, 0.050m/s, -0.005m, -0.200m, 0.100m]
 • align[(10.000°, 5.000°/s), 50.000°, 30.000°/s), 0.800°, -0.100°]
◈ motion param : 
 • reference_angle[0.000°, 45.000°]
 • threshold_angle[15.000°, 20.000°, 170.000°]
 • threshold_error[0.300°, 5.000°]
 • normal[0.150m/s, 8.000, 0.800m/s, 0.500]
 • angle[0.150m/s, 1.500, 0.800m/s, 2.100]
 • protection_overshoot[0.100m/s, 0.900, 0.500m/s, 0.900]
 • speed_rotation[15.000°/s]
[2026-08-11 17:24:37.851135] [INFO] [framework] 제어 쓰레드 시작
[2026-08-11 17:24:37.851168] [ERROR] [path_server] 노드 초기화 실패 : 로봇 좌표[5.504m 3.998m -179.459°] 최단 거리 노드[1136] 거리(3.001920m)
[2026-08-11 17:26:07.885011] [INFO] [health_monitor] [등록][100015, 200001] : 배터리 남은 양 - 주의
[2026-08-11 17:26:43.240560] [INFO] [framework] 프로그램 시작
[2026-08-11 17:26:43.240563] [WARNING] [framework] 프로그램 시작
[2026-08-11 17:26:43.240566] [INFO] [framework] 설정 파일 위치 : ../configs/robot_11
[2026-08-11 17:26:43.240566] [CRITICAL] [framework] 프로그램 시작
[2026-08-11 17:27:18.501890] [INFO] [framework] 프로그램 시작
[2026-08-11 17:27:18.501893] [WARNING] [framework] 프로그램 시작
[2026-08-11 17:27:18.501894] [INFO] [framework] 설정 파일 위치 : ../configs/robot_11
[2026-08-11 17:27:18.501894] [CRITICAL] [framework] 프로그램 시작
[2026-08-11 17:27:18.501999] [INFO] [framework] ID[0, 11], 이름[손일일], 제어주기[20ms], 버젼[], 장소[우리집], 환경모드[simulation]
[2026-08-11 17:27:18.502016] [INFO] [mediator] 생성
[2026-08-11 17:27:18.502032] [INFO] [graph_manager] 생성
[2026-08-11 17:27:18.533455] [INFO] [stop_server] 생성
[2026-08-11 17:27:18.533486] [INFO] [health_monitor] 생성
[2026-08-11 17:27:18.533508] [INFO] [path_server] 생성
[2026-08-11 17:27:18.533525] [INFO] [course_manager] 생성
[2026-08-11 17:27:18.533538] [INFO] [task::fsm] 생성
[2026-08-11 17:27:18.533539] [INFO] [task::fsm] idle
[2026-08-11 17:27:18.533541] [INFO] [course_manager] 코스 삭제
[2026-08-11 17:27:18.533541] [INFO] [path_server] 경로 삭제
[2026-08-11 17:27:18.533555] [INFO] [task_manager] 생성
[2026-08-11 17:27:18.533662] [INFO] [mediator] connectors 생성
[2026-08-11 17:27:18.533680] [INFO] [fms] 생성
[2026-08-11 17:27:18.533681] [INFO] [fms] 통신 드라이버 생성
[2026-08-11 17:27:18.533978] [INFO] [motions] 생성
[2026-08-11 17:27:18.533996] [INFO] [localizers] 생성
[2026-08-11 17:27:18.534093] [INFO] [localizers] 파라미터 : 

[2026-08-11 17:27:18.534109] [INFO] [safety_plc] 생성
[2026-08-11 17:27:18.534125] [INFO] [load_handler] 생성
[2026-08-11 17:27:18.534139] [INFO] [power_system] 생성
[2026-08-11 17:27:18.534246] [INFO] [power_system] 설정 정보 : remaining[40%, 10%, 5%]
[2026-08-11 17:27:18.534672] [INFO] [power_system] 알람 목록 : 
 • [100015, 100001] [INFO] 자동 충전 시작.
 • [100015, 100002] [INFO] 배터리 가득.
 • [100015, 400001] [CRIT] 배터리 남은 양 - 위험
 • [100015, 300001] [ERROR] 배터리 남은 양 - 에러
 • [100015, 200001] [WARN] 배터리 남은 양 - 주의
 • [100015, 100004] [INFO] 자동 충전 해제 완료.
 • [100015, 100003] [INFO] 자동 충전 해제 시작.
[2026-08-11 17:27:18.534675] [INFO] [mediator] connector 의존성 주입
[2026-08-11 17:27:18.534685] [INFO] [mediator] any map 등록
[2026-08-11 17:27:18.534692] [INFO] [mediator] any collector 등록
[2026-08-11 17:27:18.534695] [INFO] [mediator] any collector 목록 검사
[2026-08-11 17:27:18.534762] [INFO] [framework] after init 실행
[2026-08-11 17:27:18.535049] [INFO] [course_tracker] 생성
[2026-08-11 17:27:18.535064] [INFO] [course_tracker] 파라미터 : 
◈ node_bound[0.020m, 0.150m, 0.005m]
 • approach[0.150m, 0.050m/s, -0.005m, -0.200m, 0.100m]
 • align[(10.000°, 5.000°/s), 50.000°, 30.000°/s), 0.800°, -0.100°]
◈ motion param : 
 • reference_angle[0.000°, 45.000°]
 • threshold_angle[15.000°, 20.000°, 170.000°]
 • threshold_error[0.300°, 5.000°]
 • normal[0.150m/s, 8.000, 0.800m/s, 0.500]
 • angle[0.150m/s, 1.500, 0.800m/s, 2.100]
 • protection_overshoot[0.100m/s, 0.900, 0.500m/s, 0.900]
 • speed_rotation[15.000°/s]
[2026-08-11 17:27:18.535066] [INFO] [framework] 제어 쓰레드 시작
[2026-08-11 17:27:18.535098] [INFO] [path_server] 노드 초기화 성공 : 로봇 좌표[9.489m 18.997m 90.045°] 최단 거리 노드[104] 거리(0.011735m)
[2026-08-11 17:27:18.634959] [INFO] [task::fsm] charging
[2026-08-11 17:27:18.634968] [INFO] [power_system] 충전 프로세스 시작
[2026-08-11 17:27:18.634998] [INFO] [health_monitor] [등록][100015, 100001] : 자동 충전 시작.
[2026-08-11 17:27:23.647107] [INFO] [health_monitor] [삭제][100015, 100001] : 자동 충전 시작.
[2026-08-11 17:27:37.756495] [INFO] [framework] 프로그램 시작
[2026-08-11 17:27:37.756501] [WARNING] [framework] 프로그램 시작
[2026-08-11 17:27:37.756502] [INFO] [framework] 설정 파일 위치 : ../configs/robot_11
[2026-08-11 17:27:37.756502] [CRITICAL] [framework] 프로그램 시작
[2026-08-11 17:27:55.420299] [INFO] [framework] 프로그램 시작
[2026-08-11 17:27:55.420302] [WARNING] [framework] 프로그램 시작
[2026-08-11 17:27:55.420304] [CRITICAL] [framework] 프로그램 시작
[2026-08-11 17:27:55.420305] [INFO] [framework] 설정 파일 위치 : ../configs/robot_11
[2026-08-11 17:27:55.420395] [INFO] [framework] ID[0, 11], 이름[손일일], 제어주기[20ms], 버젼[], 장소[우리집], 환경모드[simulation]
[2026-08-11 17:27:55.420413] [INFO] [mediator] 생성
[2026-08-11 17:27:55.420427] [INFO] [graph_manager] 생성
[2026-08-11 17:27:55.448406] [INFO] [stop_server] 생성
[2026-08-11 17:27:55.448435] [INFO] [health_monitor] 생성
[2026-08-11 17:27:55.448449] [INFO] [path_server] 생성
[2026-08-11 17:27:55.448461] [INFO] [course_manager] 생성
[2026-08-11 17:27:55.448473] [INFO] [task::fsm] 생성
[2026-08-11 17:27:55.448474] [INFO] [task::fsm] idle
[2026-08-11 17:27:55.448482] [INFO] [course_manager] 코스 삭제
[2026-08-11 17:27:55.448490] [INFO] [path_server] 경로 삭제
[2026-08-11 17:27:55.448501] [INFO] [task_manager] 생성
[2026-08-11 17:27:55.448606] [INFO] [mediator] connectors 생성
[2026-08-11 17:27:55.448621] [INFO] [fms] 생성
[2026-08-11 17:27:55.448622] [INFO] [fms] 통신 드라이버 생성
[2026-08-11 17:27:55.448905] [INFO] [motions] 생성
[2026-08-11 17:27:55.448922] [INFO] [localizers] 생성
[2026-08-11 17:27:55.449005] [INFO] [localizers] 파라미터 : 

[2026-08-11 17:27:55.449020] [INFO] [safety_plc] 생성
[2026-08-11 17:27:55.449031] [INFO] [load_handler] 생성
[2026-08-11 17:27:55.449043] [INFO] [power_system] 생성
[2026-08-11 17:27:55.449138] [INFO] [power_system] 설정 정보 : remaining[40%, 10%, 5%]
[2026-08-11 17:27:55.449538] [INFO] [power_system] 알람 목록 : 
 • [100015, 100001] [INFO] 자동 충전 시작.
 • [100015, 100002] [INFO] 배터리 가득.
 • [100015, 400001] [CRIT] 배터리 남은 양 - 위험
 • [100015, 300001] [ERROR] 배터리 남은 양 - 에러
 • [100015, 200001] [WARN] 배터리 남은 양 - 주의
 • [100015, 100004] [INFO] 자동 충전 해제 완료.
 • [100015, 100003] [INFO] 자동 충전 해제 시작.
[2026-08-11 17:27:55.449540] [INFO] [mediator] connector 의존성 주입
[2026-08-11 17:27:55.449552] [INFO] [mediator] any map 등록
[2026-08-11 17:27:55.449558] [INFO] [mediator] any collector 등록
[2026-08-11 17:27:55.449561] [INFO] [mediator] any collector 목록 검사
[2026-08-11 17:27:55.449616] [INFO] [framework] after init 실행
[2026-08-11 17:27:55.449848] [INFO] [course_tracker] 생성
[2026-08-11 17:27:55.449862] [INFO] [course_tracker] 파라미터 : 
◈ node_bound[0.020m, 0.150m, 0.005m]
 • approach[0.150m, 0.050m/s, -0.005m, -0.200m, 0.100m]
 • align[(10.000°, 5.000°/s), 50.000°, 30.000°/s), 0.800°, -0.100°]
◈ motion param : 
 • reference_angle[0.000°, 45.000°]
 • threshold_angle[15.000°, 20.000°, 170.000°]
 • threshold_error[0.300°, 5.000°]
 • normal[0.150m/s, 8.000, 0.800m/s, 0.500]
 • angle[0.150m/s, 1.500, 0.800m/s, 2.100]
 • protection_overshoot[0.100m/s, 0.900, 0.500m/s, 0.900]
 • speed_rotation[15.000°/s]
[2026-08-11 17:27:55.449864] [INFO] [framework] 제어 쓰레드 시작
[2026-08-11 17:27:55.449896] [INFO] [path_server] 노드 초기화 성공 : 로봇 좌표[9.489m 18.997m 90.045°] 최단 거리 노드[104] 거리(0.011735m)
[2026-08-11 17:27:55.549772] [INFO] [task::fsm] charging
[2026-08-11 17:27:55.549780] [INFO] [power_system] 충전 프로세스 시작
[2026-08-11 17:27:55.549812] [INFO] [health_monitor] [등록][100015, 100001] : 자동 충전 시작.
[2026-08-11 17:28:00.560854] [INFO] [health_monitor] [삭제][100015, 100001] : 자동 충전 시작.
[2026-08-11 17:28:13.276910] [INFO] [power_system] 충전 완료
[2026-08-11 17:28:13.276927] [INFO] [health_monitor] [등록][100015, 100002] : 배터리 가득.
[2026-08-11 17:28:13.276930] [INFO] [health_monitor] [등록][100015, 100003] : 자동 충전 해제 시작.
[2026-08-11 17:28:18.287675] [INFO] [health_monitor] [삭제][100015, 100002] : 배터리 가득.
[2026-08-11 17:28:18.287681] [INFO] [health_monitor] [삭제][100015, 100003] : 자동 충전 해제 시작.
[2026-08-11 17:28:18.307562] [INFO] [power_system] 충전 해제 완료
[2026-08-11 17:28:18.307570] [INFO] [health_monitor] [등록][100015, 100004] : 자동 충전 해제 완료.
[2026-08-11 17:28:18.327582] [INFO] [task::fsm] discharging
[2026-08-11 17:28:18.327590] [INFO] [power_system] 충전 해제 프로세스 시작
[2026-08-11 17:28:18.327600] [INFO] [health_monitor] [등록][100015, 100003] : 자동 충전 해제 시작.
[2026-08-11 17:28:18.347532] [INFO] [task::fsm] idle
[2026-08-11 17:28:18.347535] [INFO] [course_manager] 코스 삭제
[2026-08-11 17:28:18.347537] [INFO] [path_server] 경로 삭제
[2026-08-11 17:28:18.387487] [INFO] [task::fsm] idle
[2026-08-11 17:28:18.387497] [INFO] [path_server] 경로 삭제
[2026-08-11 17:28:18.387495] [INFO] [course_manager] 코스 삭제
[2026-08-11 17:28:23.318247] [INFO] [health_monitor] [삭제][100015, 100004] : 자동 충전 해제 완료.
[2026-08-11 17:28:23.338252] [INFO] [health_monitor] [삭제][100015, 100003] : 자동 충전 해제 시작.
[2026-08-11 17:28:55.735848] [INFO] [path_server] 새로운 경로 설정 : path[104 ➜ 2] time[0s] dist[37.0277m] list[23] : 104-1071-1072-1073-1074-1075-1076-1077-1078-1390-1391-1001-1002-1003-1004-1005-1006-1007-1008-1010-1015-1023-2
[2026-08-11 17:28:59.608323] [INFO] [path_server] 노드 업데이트 : [1071] ➜ [1072]
[2026-08-11 17:28:59.688267] [INFO] [path_server] 새로운 경로 설정 : path[1071 ➜ 2] time[0s] dist[35.5277m] list[22] : 1071-1072-1073-1074-1075-1076-1077-1078-1390-1391-1001-1002-1003-1004-1005-1006-1007-1008-1010-1015-1023-2
[2026-08-11 17:29:03.181622] [INFO] [path_server] 노드 업데이트 : [1072] ➜ [1073]
[2026-08-11 17:29:03.241631] [INFO] [path_server] 새로운 경로 설정 : path[1072 ➜ 2] time[0s] dist[34.0277m] list[21] : 1072-1073-1074-1075-1076-1077-1078-1390-1391-1001-1002-1003-1004-1005-1006-1007-1008-1010-1015-1023-2
[2026-08-11 17:29:04.319963] [INFO] [path_server] 노드 업데이트 : [1073] ➜ [1074]
[2026-08-11 17:29:04.379876] [INFO] [path_server] 새로운 경로 설정 : path[1073 ➜ 2] time[0s] dist[32.5277m] list[20] : 1073-1074-1075-1076-1077-1078-1390-1391-1001-1002-1003-1004-1005-1006-1007-1008-1010-1015-1023-2
[2026-08-11 17:29:05.138430] [INFO] [path_server] 노드 업데이트 : [1074] ➜ [1075]
[2026-08-11 17:29:05.218307] [INFO] [path_server] 새로운 경로 설정 : path[1074 ➜ 2] time[0s] dist[31.0277m] list[19] : 1074-1075-1076-1077-1078-1390-1391-1001-1002-1003-1004-1005-1006-1007-1008-1010-1015-1023-2
[2026-08-11 17:29:05.896866] [INFO] [path_server] 노드 업데이트 : [1075] ➜ [1076]
[2026-08-11 17:29:05.976788] [INFO] [path_server] 새로운 경로 설정 : path[1075 ➜ 2] time[0s] dist[29.5277m] list[18] : 1075-1076-1077-1078-1390-1391-1001-1002-1003-1004-1005-1006-1007-1008-1010-1015-1023-2
[2026-08-11 17:29:07.294134] [INFO] [path_server] 노드 업데이트 : [1076] ➜ [1077]
[2026-08-11 17:29:07.374003] [INFO] [path_server] 새로운 경로 설정 : path[1076 ➜ 2] time[0s] dist[28.0277m] list[17] : 1076-1077-1078-1390-1391-1001-1002-1003-1004-1005-1006-1007-1008-1010-1015-1023-2
[2026-08-11 17:29:10.807215] [INFO] [path_server] 노드 업데이트 : [1077] ➜ [1078]
[2026-08-11 17:29:10.887041] [INFO] [path_server] 새로운 경로 설정 : path[1077 ➜ 2] time[0s] dist[26.5277m] list[16] : 1077-1078-1390-1391-1001-1002-1003-1004-1005-1006-1007-1008-1010-1015-1023-2
[2026-08-11 17:29:11.905019] [INFO] [path_server] 노드 업데이트 : [1078] ➜ [1390]
[2026-08-11 17:29:11.964966] [INFO] [path_server] 새로운 경로 설정 : path[1078 ➜ 2] time[0s] dist[25.0277m] list[15] : 1078-1390-1391-1001-1002-1003-1004-1005-1006-1007-1008-1010-1015-1023-2
[2026-08-11 17:29:12.723381] [INFO] [path_server] 노드 업데이트 : [1390] ➜ [1391]
[2026-08-11 17:29:12.803261] [INFO] [path_server] 새로운 경로 설정 : path[1390 ➜ 2] time[0s] dist[23.5277m] list[14] : 1390-1391-1001-1002-1003-1004-1005-1006-1007-1008-1010-1015-1023-2
[2026-08-11 17:29:13.481912] [INFO] [path_server] 노드 업데이트 : [1391] ➜ [1001]
[2026-08-11 17:29:13.561846] [INFO] [path_server] 새로운 경로 설정 : path[1391 ➜ 2] time[0s] dist[22.0277m] list[13] : 1391-1001-1002-1003-1004-1005-1006-1007-1008-1010-1015-1023-2
[2026-08-11 17:29:14.879272] [INFO] [path_server] 노드 업데이트 : [1001] ➜ [1002]
[2026-08-11 17:29:14.959134] [INFO] [path_server] 새로운 경로 설정 : path[1001 ➜ 2] time[0s] dist[20.5277m] list[12] : 1001-1002-1003-1004-1005-1006-1007-1008-1010-1015-1023-2
[2026-08-11 17:29:18.352504] [INFO] [path_server] 노드 업데이트 : [1002] ➜ [1003]
[2026-08-11 17:29:18.452354] [INFO] [path_server] 새로운 경로 설정 : path[1002 ➜ 2] time[0s] dist[19.0277m] list[11] : 1002-1003-1004-1005-1006-1007-1008-1010-1015-1023-2
[2026-08-11 17:29:19.450311] [INFO] [path_server] 노드 업데이트 : [1003] ➜ [1004]
[2026-08-11 17:29:19.530274] [INFO] [path_server] 새로운 경로 설정 : path[1003 ➜ 2] time[0s] dist[17.5277m] list[10] : 1003-1004-1005-1006-1007-1008-1010-1015-1023-2
[2026-08-11 17:29:20.268984] [INFO] [path_server] 노드 업데이트 : [1004] ➜ [1005]
[2026-08-11 17:29:20.328836] [INFO] [path_server] 새로운 경로 설정 : path[1004 ➜ 2] time[0s] dist[16.0277m] list[9] : 1004-1005-1006-1007-1008-1010-1015-1023-2
[2026-08-11 17:29:21.027377] [INFO] [path_server] 노드 업데이트 : [1005] ➜ [1006]
[2026-08-11 17:29:21.107267] [INFO] [path_server] 새로운 경로 설정 : path[1005 ➜ 2] time[0s] dist[14.5277m] list[8] : 1005-1006-1007-1008-1010-1015-1023-2
[2026-08-11 17:29:21.785809] [INFO] [path_server] 노드 업데이트 : [1006] ➜ [1007]
[2026-08-11 17:29:21.865733] [INFO] [path_server] 새로운 경로 설정 : path[1006 ➜ 2] time[0s] dist[13.0277m] list[7] : 1006-1007-1008-1010-1015-1023-2
[2026-08-11 17:29:22.524437] [INFO] [path_server] 노드 업데이트 : [1007] ➜ [1008]
[2026-08-11 17:29:22.604288] [INFO] [path_server] 새로운 경로 설정 : path[1007 ➜ 2] time[0s] dist[11.5277m] list[6] : 1007-1008-1010-1015-1023-2
[2026-08-11 17:29:23.282889] [INFO] [path_server] 노드 업데이트 : [1008] ➜ [1010]
[2026-08-11 17:29:23.362764] [INFO] [path_server] 새로운 경로 설정 : path[1008 ➜ 2] time[0s] dist[10.0277m] list[5] : 1008-1010-1015-1023-2
[2026-08-11 17:29:24.121192] [INFO] [path_server] 노드 업데이트 : [1010] ➜ [1015]
[2026-08-11 17:29:24.201122] [INFO] [path_server] 새로운 경로 설정 : path[1010 ➜ 2] time[0s] dist[8.52769m] list[4] : 1010-1015-1023-2
[2026-08-11 17:29:29.989684] [INFO] [path_server] 노드 업데이트 : [1015] ➜ [1023]
[2026-08-11 17:29:30.069544] [INFO] [path_server] 새로운 경로 설정 : path[1015 ➜ 2] time[0s] dist[4m] list[3] : 1015-1023-2
[2026-08-11 17:29:34.461040] [INFO] [path_server] 노드 업데이트 : [1023] ➜ [2]
[2026-08-11 17:29:34.540963] [INFO] [path_server] 새로운 경로 설정 : path[1023 ➜ 2] time[0s] dist[1.5m] list[2] : 1023-2
[2026-08-11 17:29:36.676575] [INFO] [path_server] 노드 업데이트 : [2] ➜ [-1]
[2026-08-11 17:29:39.530989] [INFO] [course_tracker] 목적지에서 각도 정렬 : [17.500m 29.500m 0.000°]
[2026-08-11 17:29:40.229791] [INFO] [path_server] 노드 업데이트 : [2] ➜ [-1]
[2026-08-11 17:29:40.249655] [INFO] [task::fsm] go_from_done
[2026-08-11 17:29:40.289814] [INFO] [task::fsm] loading
[2026-08-11 17:29:40.289830] [INFO] [load_handler] 상차 시작
[2026-08-11 17:29:42.305781] [INFO] [load_handler] 상차 완료
[2026-08-11 17:29:42.325741] [INFO] [task::fsm] loading_done
[2026-08-11 17:29:42.385715] [INFO] [path_server] 새로운 경로 설정 : path[2 ➜ 12] time[0s] dist[85.0036m] list[50] : 2-1029-1046-1129-1049-1050-1051-1052-1198-1199-1053-1054-1055-1056-1057-1058-1059-1060-1061-1062-1063-1064-1065-40-1067-1068-1069-1070-1071-1072-1073-1074-1075-1076-1077-1078-1390-1391-1001-1002-1003-1004-1005-1006-1007-1008-1010-1017-1039-12
[2026-08-11 17:29:45.120206] [INFO] [path_server] 노드 업데이트 : [1029] ➜ [1046]
[2026-08-11 17:29:45.200088] [INFO] [path_server] 새로운 경로 설정 : path[1029 ➜ 12] time[0s] dist[83.0036m] list[49] : 1029-1046-1129-1049-1050-1051-1052-1198-1199-1053-1054-1055-1056-1057-1058-1059-1060-1061-1062-1063-1064-1065-40-1067-1068-1069-1070-1071-1072-1073-1074-1075-1076-1077-1078-1390-1391-1001-1002-1003-1004-1005-1006-1007-1008-1010-1017-1039-12
[2026-08-11 17:29:47.535445] [INFO] [path_server] 노드 업데이트 : [1046] ➜ [1129]
[2026-08-11 17:29:47.595332] [INFO] [path_server] 새로운 경로 설정 : path[1046 ➜ 12] time[0s] dist[80.4541m] list[48] : 1046-1129-1049-1050-1051-1052-1198-1199-1053-1054-1055-1056-1057-1058-1059-1060-1061-1062-1063-1064-1065-40-1067-1068-1069-1070-1071-1072-1073-1074-1075-1076-1077-1078-1390-1391-1001-1002-1003-1004-1005-1006-1007-1008-1010-1017-1039-12
[2026-08-11 17:29:52.825030] [INFO] [path_server] 노드 업데이트 : [1129] ➜ [1049]
[2026-08-11 17:29:52.904899] [INFO] [path_server] 새로운 경로 설정 : path[1129 ➜ 12] time[0s] dist[77.5386m] list[47] : 1129-1049-1050-1051-1052-1198-1199-1053-1054-1055-1056-1057-1058-1059-1060-1061-1062-1063-1064-1065-40-1067-1068-1069-1070-1071-1072-1073-1074-1075-1076-1077-1078-1390-1391-1001-1002-1003-1004-1005-1006-1007-1008-1010-1017-1039-12
[2026-08-11 17:29:54.840915] [INFO] [path_server] 노드 업데이트 : [1049] ➜ [1050]
[2026-08-11 17:29:54.920928] [INFO] [path_server] 새로운 경로 설정 : path[1049 ➜ 12] time[0s] dist[74.6231m] list[46] : 1049-1050-1051-1052-1198-1199-1053-1054-1055-1056-1057-1058-1059-1060-1061-1062-1063-1064-1065-40-1067-1068-1069-1070-1071-1072-1073-1074-1075-1076-1077-1078-1390-1391-1001-1002-1003-1004-1005-1006-1007-1008-1010-1017-1039-12
[2026-08-11 17:29:59.991381] [INFO] [path_server] 노드 업데이트 : [1050] ➜ [1051]
[2026-08-11 17:30:00.071356] [INFO] [path_server] 새로운 경로 설정 : path[1050 ➜ 12] time[0s] dist[72.1231m] list[45] : 1050-1051-1052-1198-1199-1053-1054-1055-1056-1057-1058-1059-1060-1061-1062-1063-1064-1065-40-1067-1068-1069-1070-1071-1072-1073-1074-1075-1076-1077-1078-1390-1391-1001-1002-1003-1004-1005-1006-1007-1008-1010-1017-1039-12
[2026-08-11 17:30:00.989566] [INFO] [path_server] 노드 업데이트 : [1051] ➜ [1052]
[2026-08-11 17:30:01.049503] [INFO] [path_server] 새로운 경로 설정 : path[1051 ➜ 12] time[0s] dist[70.6231m] list[44] : 1051-1052-1198-1199-1053-1054-1055-1056-1057-1058-1059-1060-1061-1062-1063-1064-1065-40-1067-1068-1069-1070-1071-1072-1073-1074-1075-1076-1077-1078-1390-1391-1001-1002-1003-1004-1005-1006-1007-1008-1010-1017-1039-12
[2026-08-11 17:30:01.768021] [INFO] [path_server] 노드 업데이트 : [1052] ➜ [1198]
[2026-08-11 17:30:01.827959] [INFO] [path_server] 새로운 경로 설정 : path[1052 ➜ 12] time[0s] dist[69.1231m] list[43] : 1052-1198-1199-1053-1054-1055-1056-1057-1058-1059-1060-1061-1062-1063-1064-1065-40-1067-1068-1069-1070-1071-1072-1073-1074-1075-1076-1077-1078-1390-1391-1001-1002-1003-1004-1005-1006-1007-1008-1010-1017-1039-12
[2026-08-11 17:30:03.165267] [INFO] [path_server] 노드 업데이트 : [1198] ➜ [1199]
[2026-08-11 17:30:03.245211] [INFO] [path_server] 새로운 경로 설정 : path[1198 ➜ 12] time[0s] dist[67.6231m] list[42] : 1198-1199-1053-1054-1055-1056-1057-1058-1059-1060-1061-1062-1063-1064-1065-40-1067-1068-1069-1070-1071-1072-1073-1074-1075-1076-1077-1078-1390-1391-1001-1002-1003-1004-1005-1006-1007-1008-1010-1017-1039-12
[2026-08-11 17:30:06.658611] [INFO] [path_server] 노드 업데이트 : [1199] ➜ [1053]
[2026-08-11 17:30:06.718570] [INFO] [path_server] 새로운 경로 설정 : path[1199 ➜ 12] time[0s] dist[66.1231m] list[41] : 1199-1053-1054-1055-1056-1057-1058-1059-1060-1061-1062-1063-1064-1065-40-1067-1068-1069-1070-1071-1072-1073-1074-1075-1076-1077-1078-1390-1391-1001-1002-1003-1004-1005-1006-1007-1008-1010-1017-1039-12
[2026-08-11 17:30:07.776587] [INFO] [path_server] 노드 업데이트 : [1053] ➜ [1054]
[2026-08-11 17:30:07.856473] [INFO] [path_server] 새로운 경로 설정 : path[1053 ➜ 12] time[0s] dist[64.6231m] list[40] : 1053-1054-1055-1056-1057-1058-1059-1060-1061-1062-1063-1064-1065-40-1067-1068-1069-1070-1071-1072-1073-1074-1075-1076-1077-1078-1390-1391-1001-1002-1003-1004-1005-1006-1007-1008-1010-1017-1039-12
[2026-08-11 17:30:08.595015] [INFO] [path_server] 노드 업데이트 : [1054] ➜ [1055]
[2026-08-11 17:30:08.674953] [INFO] [path_server] 새로운 경로 설정 : path[1054 ➜ 12] time[0s] dist[63.1231m] list[39] : 1054-1055-1056-1057-1058-1059-1060-1061-1062-1063-1064-1065-40-1067-1068-1069-1070-1071-1072-1073-1074-1075-1076-1077-1078-1390-1391-1001-1002-1003-1004-1005-1006-1007-1008-1010-1017-1039-12
[2026-08-11 17:30:09.353534] [INFO] [path_server] 노드 업데이트 : [1055] ➜ [1056]
[2026-08-11 17:30:09.413440] [INFO] [path_server] 새로운 경로 설정 : path[1055 ➜ 12] time[0s] dist[61.6231m] list[38] : 1055-1056-1057-1058-1059-1060-1061-1062-1063-1064-1065-40-1067-1068-1069-1070-1071-1072-1073-1074-1075-1076-1077-1078-1390-1391-1001-1002-1003-1004-1005-1006-1007-1008-1010-1017-1039-12
[2026-08-11 17:30:10.571110] [INFO] [path_server] 노드 업데이트 : [1056] ➜ [1057]
[2026-08-11 17:30:10.651065] [INFO] [path_server] 새로운 경로 설정 : path[1056 ➜ 12] time[0s] dist[60.1231m] list[37] : 1056-1057-1058-1059-1060-1061-1062-1063-1064-1065-40-1067-1068-1069-1070-1071-1072-1073-1074-1075-1076-1077-1078-1390-1391-1001-1002-1003-1004-1005-1006-1007-1008-1010-1017-1039-12
[2026-08-11 17:30:13.844697] [INFO] [path_server] 노드 업데이트 : [1057] ➜ [1058]
[2026-08-11 17:30:13.904620] [INFO] [path_server] 새로운 경로 설정 : path[1057 ➜ 12] time[0s] dist[58.6231m] list[36] : 1057-1058-1059-1060-1061-1062-1063-1064-1065-40-1067-1068-1069-1070-1071-1072-1073-1074-1075-1076-1077-1078-1390-1391-1001-1002-1003-1004-1005-1006-1007-1008-1010-1017-1039-12
[2026-08-11 17:30:15.022583] [INFO] [path_server] 노드 업데이트 : [1058] ➜ [1059]
[2026-08-11 17:30:15.102498] [INFO] [path_server] 새로운 경로 설정 : path[1058 ➜ 12] time[0s] dist[57.1231m] list[35] : 1058-1059-1060-1061-1062-1063-1064-1065-40-1067-1068-1069-1070-1071-1072-1073-1074-1075-1076-1077-1078-1390-1391-1001-1002-1003-1004-1005-1006-1007-1008-1010-1017-1039-12
[2026-08-11 17:30:15.861022] [INFO] [path_server] 노드 업데이트 : [1059] ➜ [1060]
[2026-08-11 17:30:15.940913] [INFO] [path_server] 새로운 경로 설정 : path[1059 ➜ 12] time[0s] dist[55.6231m] list[34] : 1059-1060-1061-1062-1063-1064-1065-40-1067-1068-1069-1070-1071-1072-1073-1074-1075-1076-1077-1078-1390-1391-1001-1002-1003-1004-1005-1006-1007-1008-1010-1017-1039-12
[2026-08-11 17:30:16.599669] [INFO] [path_server] 노드 업데이트 : [1060] ➜ [1061]
[2026-08-11 17:30:16.659588] [INFO] [path_server] 새로운 경로 설정 : path[1060 ➜ 12] time[0s] dist[54.1231m] list[33] : 1060-1061-1062-1063-1064-1065-40-1067-1068-1069-1070-1071-1072-1073-1074-1075-1076-1077-1078-1390-1391-1001-1002-1003-1004-1005-1006-1007-1008-1010-1017-1039-12
[2026-08-11 17:30:17.358115] [INFO] [path_server] 노드 업데이트 : [1061] ➜ [1062]
[2026-08-11 17:30:17.437991] [INFO] [path_server] 새로운 경로 설정 : path[1061 ➜ 12] time[0s] dist[52.6231m] list[32] : 1061-1062-1063-1064-1065-40-1067-1068-1069-1070-1071-1072-1073-1074-1075-1076-1077-1078-1390-1391-1001-1002-1003-1004-1005-1006-1007-1008-1010-1017-1039-12
[2026-08-11 17:30:18.116442] [INFO] [path_server] 노드 업데이트 : [1062] ➜ [1063]
[2026-08-11 17:30:18.196396] [INFO] [path_server] 새로운 경로 설정 : path[1062 ➜ 12] time[0s] dist[51.1231m] list[31] : 1062-1063-1064-1065-40-1067-1068-1069-1070-1071-1072-1073-1074-1075-1076-1077-1078-1390-1391-1001-1002-1003-1004-1005-1006-1007-1008-1010-1017-1039-12
[2026-08-11 17:30:18.855118] [INFO] [path_server] 노드 업데이트 : [1063] ➜ [1064]
[2026-08-11 17:30:18.915053] [INFO] [path_server] 새로운 경로 설정 : path[1063 ➜ 12] time[0s] dist[49.6231m] list[30] : 1063-1064-1065-40-1067-1068-1069-1070-1071-1072-1073-1074-1075-1076-1077-1078-1390-1391-1001-1002-1003-1004-1005-1006-1007-1008-1010-1017-1039-12
[2026-08-11 17:30:19.174442] [INFO] [health_monitor] [등록][100015, 200001] : 배터리 남은 양 - 주의
[2026-08-11 17:30:19.613643] [INFO] [path_server] 노드 업데이트 : [1064] ➜ [1065]
[2026-08-11 17:30:19.693505] [INFO] [path_server] 새로운 경로 설정 : path[1064 ➜ 12] time[0s] dist[48.1231m] list[29] : 1064-1065-40-1067-1068-1069-1070-1071-1072-1073-1074-1075-1076-1077-1078-1390-1391-1001-1002-1003-1004-1005-1006-1007-1008-1010-1017-1039-12
[2026-08-11 17:30:20.352135] [INFO] [path_server] 노드 업데이트 : [1065] ➜ [40]
[2026-08-11 17:30:20.412073] [INFO] [path_server] 새로운 경로 설정 : path[1065 ➜ 12] time[0s] dist[46.6231m] list[28] : 1065-40-1067-1068-1069-1070-1071-1072-1073-1074-1075-1076-1077-1078-1390-1391-1001-1002-1003-1004-1005-1006-1007-1008-1010-1017-1039-12
[2026-08-11 17:30:21.110704] [INFO] [path_server] 노드 업데이트 : [40] ➜ [1067]
[2026-08-11 17:30:21.190595] [INFO] [path_server] 새로운 경로 설정 : path[40 ➜ 12] time[0s] dist[45.1231m] list[27] : 40-1067-1068-1069-1070-1071-1072-1073-1074-1075-1076-1077-1078-1390-1391-1001-1002-1003-1004-1005-1006-1007-1008-1010-1017-1039-12
[2026-08-11 17:30:21.849290] [INFO] [path_server] 노드 업데이트 : [1067] ➜ [1068]
[2026-08-11 17:30:21.909214] [INFO] [path_server] 새로운 경로 설정 : path[1067 ➜ 12] time[0s] dist[43.6231m] list[26] : 1067-1068-1069-1070-1071-1072-1073-1074-1075-1076-1077-1078-1390-1391-1001-1002-1003-1004-1005-1006-1007-1008-1010-1017-1039-12
[2026-08-11 17:30:22.607710] [INFO] [path_server] 노드 업데이트 : [1068] ➜ [1069]
[2026-08-11 17:30:22.687567] [INFO] [path_server] 새로운 경로 설정 : path[1068 ➜ 12] time[0s] dist[42.1231m] list[25] : 1068-1069-1070-1071-1072-1073-1074-1075-1076-1077-1078-1390-1391-1001-1002-1003-1004-1005-1006-1007-1008-1010-1017-1039-12
[2026-08-11 17:30:23.366170] [INFO] [path_server] 노드 업데이트 : [1069] ➜ [1070]
[2026-08-11 17:30:23.446093] [INFO] [path_server] 새로운 경로 설정 : path[1069 ➜ 12] time[0s] dist[40.6231m] list[24] : 1069-1070-1071-1072-1073-1074-1075-1076-1077-1078-1390-1391-1001-1002-1003-1004-1005-1006-1007-1008-1010-1017-1039-12
[2026-08-11 17:30:24.104711] [INFO] [path_server] 노드 업데이트 : [1070] ➜ [1071]
[2026-08-11 17:30:24.184608] [INFO] [path_server] 새로운 경로 설정 : path[1070 ➜ 12] time[0s] dist[39.1231m] list[23] : 1070-1071-1072-1073-1074-1075-1076-1077-1078-1390-1391-1001-1002-1003-1004-1005-1006-1007-1008-1010-1017-1039-12
[2026-08-11 17:30:24.863125] [INFO] [path_server] 노드 업데이트 : [1071] ➜ [1072]
[2026-08-11 17:30:24.943066] [INFO] [path_server] 새로운 경로 설정 : path[1071 ➜ 12] time[0s] dist[37.6231m] list[22] : 1071-1072-1073-1074-1075-1076-1077-1078-1390-1391-1001-1002-1003-1004-1005-1006-1007-1008-1010-1017-1039-12
[2026-08-11 17:30:25.601655] [INFO] [path_server] 노드 업데이트 : [1072] ➜ [1073]
[2026-08-11 17:30:25.681536] [INFO] [path_server] 새로운 경로 설정 : path[1072 ➜ 12] time[0s] dist[36.1231m] list[21] : 1072-1073-1074-1075-1076-1077-1078-1390-1391-1001-1002-1003-1004-1005-1006-1007-1008-1010-1017-1039-12
[2026-08-11 17:30:26.360101] [INFO] [path_server] 노드 업데이트 : [1073] ➜ [1074]
[2026-08-11 17:30:26.440083] [INFO] [path_server] 새로운 경로 설정 : path[1073 ➜ 12] time[0s] dist[34.6231m] list[20] : 1073-1074-1075-1076-1077-1078-1390-1391-1001-1002-1003-1004-1005-1006-1007-1008-1010-1017-1039-12
[2026-08-11 17:30:27.118955] [INFO] [path_server] 노드 업데이트 : [1074] ➜ [1075]
[2026-08-11 17:30:27.178796] [INFO] [path_server] 새로운 경로 설정 : path[1074 ➜ 12] time[0s] dist[33.1231m] list[19] : 1074-1075-1076-1077-1078-1390-1391-1001-1002-1003-1004-1005-1006-1007-1008-1010-1017-1039-12
[2026-08-11 17:30:27.857368] [INFO] [path_server] 노드 업데이트 : [1075] ➜ [1076]
[2026-08-11 17:30:27.937298] [INFO] [path_server] 새로운 경로 설정 : path[1075 ➜ 12] time[0s] dist[31.6231m] list[18] : 1075-1076-1077-1078-1390-1391-1001-1002-1003-1004-1005-1006-1007-1008-1010-1017-1039-12
[2026-08-11 17:30:29.254620] [INFO] [path_server] 노드 업데이트 : [1076] ➜ [1077]
[2026-08-11 17:30:29.334470] [INFO] [path_server] 새로운 경로 설정 : path[1076 ➜ 12] time[0s] dist[30.1231m] list[17] : 1076-1077-1078-1390-1391-1001-1002-1003-1004-1005-1006-1007-1008-1010-1017-1039-12
[2026-08-11 17:30:32.727860] [INFO] [path_server] 노드 업데이트 : [1077] ➜ [1078]
[2026-08-11 17:30:32.787787] [INFO] [path_server] 새로운 경로 설정 : path[1077 ➜ 12] time[0s] dist[28.6231m] list[16] : 1077-1078-1390-1391-1001-1002-1003-1004-1005-1006-1007-1008-1010-1017-1039-12
[2026-08-11 17:30:33.845852] [INFO] [path_server] 노드 업데이트 : [1078] ➜ [1390]
[2026-08-11 17:30:33.925734] [INFO] [path_server] 새로운 경로 설정 : path[1078 ➜ 12] time[0s] dist[27.1231m] list[15] : 1078-1390-1391-1001-1002-1003-1004-1005-1006-1007-1008-1010-1017-1039-12
[2026-08-11 17:30:34.664205] [INFO] [path_server] 노드 업데이트 : [1390] ➜ [1391]
[2026-08-11 17:30:34.744150] [INFO] [path_server] 새로운 경로 설정 : path[1390 ➜ 12] time[0s] dist[25.6231m] list[14] : 1390-1391-1001-1002-1003-1004-1005-1006-1007-1008-1010-1017-1039-12
[2026-08-11 17:30:35.422710] [INFO] [path_server] 노드 업데이트 : [1391] ➜ [1001]
[2026-08-11 17:30:35.482616] [INFO] [path_server] 새로운 경로 설정 : path[1391 ➜ 12] time[0s] dist[24.1231m] list[13] : 1391-1001-1002-1003-1004-1005-1006-1007-1008-1010-1017-1039-12
[2026-08-11 17:30:36.819882] [INFO] [path_server] 노드 업데이트 : [1001] ➜ [1002]
[2026-08-11 17:30:36.899775] [INFO] [path_server] 새로운 경로 설정 : path[1001 ➜ 12] time[0s] dist[22.6231m] list[12] : 1001-1002-1003-1004-1005-1006-1007-1008-1010-1017-1039-12
[2026-08-11 17:30:40.292922] [INFO] [path_server] 노드 업데이트 : [1002] ➜ [1003]
[2026-08-11 17:30:40.372819] [INFO] [path_server] 새로운 경로 설정 : path[1002 ➜ 12] time[0s] dist[21.1231m] list[11] : 1002-1003-1004-1005-1006-1007-1008-1010-1017-1039-12
[2026-08-11 17:30:41.390989] [INFO] [path_server] 노드 업데이트 : [1003] ➜ [1004]
[2026-08-11 17:30:41.470820] [INFO] [path_server] 새로운 경로 설정 : path[1003 ➜ 12] time[0s] dist[19.6231m] list[10] : 1003-1004-1005-1006-1007-1008-1010-1017-1039-12
[2026-08-11 17:30:42.209389] [INFO] [path_server] 노드 업데이트 : [1004] ➜ [1005]
[2026-08-11 17:30:42.289311] [INFO] [path_server] 새로운 경로 설정 : path[1004 ➜ 12] time[0s] dist[18.1231m] list[9] : 1004-1005-1006-1007-1008-1010-1017-1039-12
[2026-08-11 17:30:42.967917] [INFO] [path_server] 노드 업데이트 : [1005] ➜ [1006]
[2026-08-11 17:30:43.027834] [INFO] [path_server] 새로운 경로 설정 : path[1005 ➜ 12] time[0s] dist[16.6231m] list[8] : 1005-1006-1007-1008-1010-1017-1039-12
[2026-08-11 17:30:43.726468] [INFO] [path_server] 노드 업데이트 : [1006] ➜ [1007]
[2026-08-11 17:30:43.806341] [INFO] [path_server] 새로운 경로 설정 : path[1006 ➜ 12] time[0s] dist[15.1231m] list[7] : 1006-1007-1008-1010-1017-1039-12
[2026-08-11 17:30:44.465091] [INFO] [path_server] 노드 업데이트 : [1007] ➜ [1008]
[2026-08-11 17:30:44.545024] [INFO] [path_server] 새로운 경로 설정 : path[1007 ➜ 12] time[0s] dist[13.6231m] list[6] : 1007-1008-1010-1017-1039-12
[2026-08-11 17:30:45.223974] [INFO] [path_server] 노드 업데이트 : [1008] ➜ [1010]
[2026-08-11 17:30:45.283860] [INFO] [path_server] 새로운 경로 설정 : path[1008 ➜ 12] time[0s] dist[12.1231m] list[5] : 1008-1010-1017-1039-12
[2026-08-11 17:30:46.062402] [INFO] [path_server] 노드 업데이트 : [1010] ➜ [1017]
[2026-08-11 17:30:46.122308] [INFO] [path_server] 새로운 경로 설정 : path[1010 ➜ 12] time[0s] dist[10.6231m] list[4] : 1010-1017-1039-12
[2026-08-11 17:30:51.990837] [INFO] [path_server] 노드 업데이트 : [1017] ➜ [1039]
[2026-08-11 17:30:52.050740] [INFO] [path_server] 새로운 경로 설정 : path[1017 ➜ 12] time[0s] dist[6.5m] list[3] : 1017-1039-12
[2026-08-11 17:30:58.398364] [INFO] [path_server] 노드 업데이트 : [1039] ➜ [12]
[2026-08-11 17:30:58.478278] [INFO] [path_server] 새로운 경로 설정 : path[1039 ➜ 12] time[0s] dist[1.5m] list[2] : 1039-12
[2026-08-11 17:31:00.594647] [INFO] [path_server] 노드 업데이트 : [12] ➜ [-1]
[2026-08-11 17:31:03.488971] [INFO] [course_tracker] 목적지에서 각도 정렬 : [21.500m 21.000m 0.000°]
[2026-08-11 17:31:03.848266] [INFO] [path_server] 노드 업데이트 : [12] ➜ [-1]
[2026-08-11 17:31:03.868262] [INFO] [task::fsm] go_to_done
[2026-08-11 17:31:03.928160] [INFO] [task::fsm] unloading
[2026-08-11 17:31:03.928169] [INFO] [load_handler] 하차 시작
[2026-08-11 17:31:05.944338] [INFO] [load_handler] 하차 완료
[2026-08-11 17:31:05.964342] [INFO] [task::fsm] unloading_done
[2026-08-11 17:31:06.024229] [INFO] [task::fsm] idle
[2026-08-11 17:31:06.024235] [INFO] [course_manager] 코스 삭제
[2026-08-11 17:31:06.024237] [INFO] [path_server] 경로 삭제
[2026-08-11 17:31:15.187268] [INFO] [path_server] 새로운 경로 설정 : path[12 ➜ 105] time[0s] dist[77m] list[50] : 12-1045-1048-1130-1051-1052-1198-1199-1053-1054-1055-1056-1057-1058-1059-1060-1061-1062-1063-1064-1065-40-1067-1068-1069-1070-1071-1072-1073-1074-1075-1076-1159-1158-1157-1160-1161-1162-1163-1164-1165-1166-1167-1168-41-1170-1171-1172-1173-105
[2026-08-11 17:31:17.922397] [INFO] [path_server] 노드 업데이트 : [1045] ➜ [1048]
[2026-08-11 17:31:18.002293] [INFO] [path_server] 새로운 경로 설정 : path[1045 ➜ 105] time[0s] dist[75m] list[49] : 1045-1048-1130-1051-1052-1198-1199-1053-1054-1055-1056-1057-1058-1059-1060-1061-1062-1063-1064-1065-40-1067-1068-1069-1070-1071-1072-1073-1074-1075-1076-1159-1158-1157-1160-1161-1162-1163-1164-1165-1166-1167-1168-41-1170-1171-1172-1173-105
[2026-08-11 17:31:19.659553] [INFO] [path_server] 노드 업데이트 : [1048] ➜ [1130]
[2026-08-11 17:31:19.739529] [INFO] [path_server] 새로운 경로 설정 : path[1048 ➜ 105] time[0s] dist[72.5m] list[48] : 1048-1130-1051-1052-1198-1199-1053-1054-1055-1056-1057-1058-1059-1060-1061-1062-1063-1064-1065-40-1067-1068-1069-1070-1071-1072-1073-1074-1075-1076-1159-1158-1157-1160-1161-1162-1163-1164-1165-1166-1167-1168-41-1170-1171-1172-1173-105
[2026-08-11 17:31:24.869879] [INFO] [path_server] 노드 업데이트 : [1130] ➜ [1051]
[2026-08-11 17:31:24.969717] [INFO] [path_server] 새로운 경로 설정 : path[1130 ➜ 105] time[0s] dist[70m] list[47] : 1130-1051-1052-1198-1199-1053-1054-1055-1056-1057-1058-1059-1060-1061-1062-1063-1064-1065-40-1067-1068-1069-1070-1071-1072-1073-1074-1075-1076-1159-1158-1157-1160-1161-1162-1163-1164-1165-1166-1167-1168-41-1170-1171-1172-1173-105
[2026-08-11 17:31:26.606716] [INFO] [path_server] 노드 업데이트 : [1051] ➜ [1052]
[2026-08-11 17:31:26.666645] [INFO] [path_server] 새로운 경로 설정 : path[1051 ➜ 105] time[0s] dist[67.5m] list[46] : 1051-1052-1198-1199-1053-1054-1055-1056-1057-1058-1059-1060-1061-1062-1063-1064-1065-40-1067-1068-1069-1070-1071-1072-1073-1074-1075-1076-1159-1158-1157-1160-1161-1162-1163-1164-1165-1166-1167-1168-41-1170-1171-1172-1173-105
[2026-08-11 17:31:30.838030] [INFO] [path_server] 노드 업데이트 : [1052] ➜ [1198]
[2026-08-11 17:31:30.917892] [INFO] [path_server] 새로운 경로 설정 : path[1052 ➜ 105] time[0s] dist[66m] list[45] : 1052-1198-1199-1053-1054-1055-1056-1057-1058-1059-1060-1061-1062-1063-1064-1065-40-1067-1068-1069-1070-1071-1072-1073-1074-1075-1076-1159-1158-1157-1160-1161-1162-1163-1164-1165-1166-1167-1168-41-1170-1171-1172-1173-105
[2026-08-11 17:31:32.354973] [INFO] [path_server] 노드 업데이트 : [1198] ➜ [1199]
[2026-08-11 17:31:32.414883] [INFO] [path_server] 새로운 경로 설정 : path[1198 ➜ 105] time[0s] dist[64.5m] list[44] : 1198-1199-1053-1054-1055-1056-1057-1058-1059-1060-1061-1062-1063-1064-1065-40-1067-1068-1069-1070-1071-1072-1073-1074-1075-1076-1159-1158-1157-1160-1161-1162-1163-1164-1165-1166-1167-1168-41-1170-1171-1172-1173-105
[2026-08-11 17:31:35.807866] [INFO] [path_server] 노드 업데이트 : [1199] ➜ [1053]
[2026-08-11 17:31:35.887758] [INFO] [path_server] 새로운 경로 설정 : path[1199 ➜ 105] time[0s] dist[63m] list[43] : 1199-1053-1054-1055-1056-1057-1058-1059-1060-1061-1062-1063-1064-1065-40-1067-1068-1069-1070-1071-1072-1073-1074-1075-1076-1159-1158-1157-1160-1161-1162-1163-1164-1165-1166-1167-1168-41-1170-1171-1172-1173-105
[2026-08-11 17:31:36.905655] [INFO] [path_server] 노드 업데이트 : [1053] ➜ [1054]
[2026-08-11 17:31:36.985558] [INFO] [path_server] 새로운 경로 설정 : path[1053 ➜ 105] time[0s] dist[61.5m] list[42] : 1053-1054-1055-1056-1057-1058-1059-1060-1061-1062-1063-1064-1065-40-1067-1068-1069-1070-1071-1072-1073-1074-1075-1076-1159-1158-1157-1160-1161-1162-1163-1164-1165-1166-1167-1168-41-1170-1171-1172-1173-105
[2026-08-11 17:31:37.724243] [INFO] [path_server] 노드 업데이트 : [1054] ➜ [1055]
[2026-08-11 17:31:37.784135] [INFO] [path_server] 새로운 경로 설정 : path[1054 ➜ 105] time[0s] dist[60m] list[41] : 1054-1055-1056-1057-1058-1059-1060-1061-1062-1063-1064-1065-40-1067-1068-1069-1070-1071-1072-1073-1074-1075-1076-1159-1158-1157-1160-1161-1162-1163-1164-1165-1166-1167-1168-41-1170-1171-1172-1173-105
[2026-08-11 17:31:38.462861] [INFO] [path_server] 노드 업데이트 : [1055] ➜ [1056]
[2026-08-11 17:31:38.542788] [INFO] [path_server] 새로운 경로 설정 : path[1055 ➜ 105] time[0s] dist[58.5m] list[40] : 1055-1056-1057-1058-1059-1060-1061-1062-1063-1064-1065-40-1067-1068-1069-1070-1071-1072-1073-1074-1075-1076-1159-1158-1157-1160-1161-1162-1163-1164-1165-1166-1167-1168-41-1170-1171-1172-1173-105
[2026-08-11 17:31:39.720382] [INFO] [path_server] 노드 업데이트 : [1056] ➜ [1057]
[2026-08-11 17:31:39.800328] [INFO] [path_server] 새로운 경로 설정 : path[1056 ➜ 105] time[0s] dist[57m] list[39] : 1056-1057-1058-1059-1060-1061-1062-1063-1064-1065-40-1067-1068-1069-1070-1071-1072-1073-1074-1075-1076-1159-1158-1157-1160-1161-1162-1163-1164-1165-1166-1167-1168-41-1170-1171-1172-1173-105
[2026-08-11 17:31:43.013943] [INFO] [path_server] 노드 업데이트 : [1057] ➜ [1058]
[2026-08-11 17:31:43.093827] [INFO] [path_server] 새로운 경로 설정 : path[1057 ➜ 105] time[0s] dist[55.5m] list[38] : 1057-1058-1059-1060-1061-1062-1063-1064-1065-40-1067-1068-1069-1070-1071-1072-1073-1074-1075-1076-1159-1158-1157-1160-1161-1162-1163-1164-1165-1166-1167-1168-41-1170-1171-1172-1173-105
[2026-08-11 17:31:44.171986] [INFO] [path_server] 노드 업데이트 : [1058] ➜ [1059]
[2026-08-11 17:31:44.251833] [INFO] [path_server] 새로운 경로 설정 : path[1058 ➜ 105] time[0s] dist[54m] list[37] : 1058-1059-1060-1061-1062-1063-1064-1065-40-1067-1068-1069-1070-1071-1072-1073-1074-1075-1076-1159-1158-1157-1160-1161-1162-1163-1164-1165-1166-1167-1168-41-1170-1171-1172-1173-105
[2026-08-11 17:31:45.010473] [INFO] [path_server] 노드 업데이트 : [1059] ➜ [1060]
[2026-08-11 17:31:45.090367] [INFO] [path_server] 새로운 경로 설정 : path[1059 ➜ 105] time[0s] dist[52.5m] list[36] : 1059-1060-1061-1062-1063-1064-1065-40-1067-1068-1069-1070-1071-1072-1073-1074-1075-1076-1159-1158-1157-1160-1161-1162-1163-1164-1165-1166-1167-1168-41-1170-1171-1172-1173-105
[2026-08-11 17:31:45.749100] [INFO] [path_server] 노드 업데이트 : [1060] ➜ [1061]
[2026-08-11 17:31:45.809272] [INFO] [path_server] 새로운 경로 설정 : path[1060 ➜ 105] time[0s] dist[51m] list[35] : 1060-1061-1062-1063-1064-1065-40-1067-1068-1069-1070-1071-1072-1073-1074-1075-1076-1159-1158-1157-1160-1161-1162-1163-1164-1165-1166-1167-1168-41-1170-1171-1172-1173-105
[2026-08-11 17:31:46.508061] [INFO] [path_server] 노드 업데이트 : [1061] ➜ [1062]
[2026-08-11 17:31:46.587951] [INFO] [path_server] 새로운 경로 설정 : path[1061 ➜ 105] time[0s] dist[49.5m] list[34] : 1061-1062-1063-1064-1065-40-1067-1068-1069-1070-1071-1072-1073-1074-1075-1076-1159-1158-1157-1160-1161-1162-1163-1164-1165-1166-1167-1168-41-1170-1171-1172-1173-105
[2026-08-11 17:31:47.266684] [INFO] [path_server] 노드 업데이트 : [1062] ➜ [1063]
[2026-08-11 17:31:47.346628] [INFO] [path_server] 새로운 경로 설정 : path[1062 ➜ 105] time[0s] dist[48m] list[33] : 1062-1063-1064-1065-40-1067-1068-1069-1070-1071-1072-1073-1074-1075-1076-1159-1158-1157-1160-1161-1162-1163-1164-1165-1166-1167-1168-41-1170-1171-1172-1173-105
[2026-08-11 17:31:48.005334] [INFO] [path_server] 노드 업데이트 : [1063] ➜ [1064]
[2026-08-11 17:31:48.085298] [INFO] [path_server] 새로운 경로 설정 : path[1063 ➜ 105] time[0s] dist[46.5m] list[32] : 1063-1064-1065-40-1067-1068-1069-1070-1071-1072-1073-1074-1075-1076-1159-1158-1157-1160-1161-1162-1163-1164-1165-1166-1167-1168-41-1170-1171-1172-1173-105
[2026-08-11 17:31:48.764043] [INFO] [path_server] 노드 업데이트 : [1064] ➜ [1065]
[2026-08-11 17:31:48.843954] [INFO] [path_server] 새로운 경로 설정 : path[1064 ➜ 105] time[0s] dist[45m] list[31] : 1064-1065-40-1067-1068-1069-1070-1071-1072-1073-1074-1075-1076-1159-1158-1157-1160-1161-1162-1163-1164-1165-1166-1167-1168-41-1170-1171-1172-1173-105
[2026-08-11 17:31:49.502577] [INFO] [path_server] 노드 업데이트 : [1065] ➜ [40]
[2026-08-11 17:31:49.582460] [INFO] [path_server] 새로운 경로 설정 : path[1065 ➜ 105] time[0s] dist[43.5m] list[30] : 1065-40-1067-1068-1069-1070-1071-1072-1073-1074-1075-1076-1159-1158-1157-1160-1161-1162-1163-1164-1165-1166-1167-1168-41-1170-1171-1172-1173-105
[2026-08-11 17:31:50.261063] [INFO] [path_server] 노드 업데이트 : [40] ➜ [1067]
[2026-08-11 17:31:50.340951] [INFO] [path_server] 새로운 경로 설정 : path[40 ➜ 105] time[0s] dist[42m] list[29] : 40-1067-1068-1069-1070-1071-1072-1073-1074-1075-1076-1159-1158-1157-1160-1161-1162-1163-1164-1165-1166-1167-1168-41-1170-1171-1172-1173-105
[2026-08-11 17:31:50.999595] [INFO] [path_server] 노드 업데이트 : [1067] ➜ [1068]
[2026-08-11 17:31:51.059532] [INFO] [path_server] 새로운 경로 설정 : path[1067 ➜ 105] time[0s] dist[40.5m] list[28] : 1067-1068-1069-1070-1071-1072-1073-1074-1075-1076-1159-1158-1157-1160-1161-1162-1163-1164-1165-1166-1167-1168-41-1170-1171-1172-1173-105
[2026-08-11 17:31:51.758171] [INFO] [path_server] 노드 업데이트 : [1068] ➜ [1069]
[2026-08-11 17:31:51.838046] [INFO] [path_server] 새로운 경로 설정 : path[1068 ➜ 105] time[0s] dist[39m] list[27] : 1068-1069-1070-1071-1072-1073-1074-1075-1076-1159-1158-1157-1160-1161-1162-1163-1164-1165-1166-1167-1168-41-1170-1171-1172-1173-105
[2026-08-11 17:31:52.516611] [INFO] [path_server] 노드 업데이트 : [1069] ➜ [1070]
[2026-08-11 17:31:52.596530] [INFO] [path_server] 새로운 경로 설정 : path[1069 ➜ 105] time[0s] dist[37.5m] list[26] : 1069-1070-1071-1072-1073-1074-1075-1076-1159-1158-1157-1160-1161-1162-1163-1164-1165-1166-1167-1168-41-1170-1171-1172-1173-105
[2026-08-11 17:31:53.255203] [INFO] [path_server] 노드 업데이트 : [1070] ➜ [1071]
[2026-08-11 17:31:53.335074] [INFO] [path_server] 새로운 경로 설정 : path[1070 ➜ 105] time[0s] dist[36m] list[25] : 1070-1071-1072-1073-1074-1075-1076-1159-1158-1157-1160-1161-1162-1163-1164-1165-1166-1167-1168-41-1170-1171-1172-1173-105
[2026-08-11 17:31:54.013606] [INFO] [path_server] 노드 업데이트 : [1071] ➜ [1072]
[2026-08-11 17:31:54.093528] [INFO] [path_server] 새로운 경로 설정 : path[1071 ➜ 105] time[0s] dist[34.5m] list[24] : 1071-1072-1073-1074-1075-1076-1159-1158-1157-1160-1161-1162-1163-1164-1165-1166-1167-1168-41-1170-1171-1172-1173-105
[2026-08-11 17:31:54.752132] [INFO] [path_server] 노드 업데이트 : [1072] ➜ [1073]
[2026-08-11 17:31:54.831997] [INFO] [path_server] 새로운 경로 설정 : path[1072 ➜ 105] time[0s] dist[33m] list[23] : 1072-1073-1074-1075-1076-1159-1158-1157-1160-1161-1162-1163-1164-1165-1166-1167-1168-41-1170-1171-1172-1173-105
[2026-08-11 17:31:55.510474] [INFO] [path_server] 노드 업데이트 : [1073] ➜ [1074]
[2026-08-11 17:31:55.590408] [INFO] [path_server] 새로운 경로 설정 : path[1073 ➜ 105] time[0s] dist[31.5m] list[22] : 1073-1074-1075-1076-1159-1158-1157-1160-1161-1162-1163-1164-1165-1166-1167-1168-41-1170-1171-1172-1173-105
[2026-08-11 17:31:56.249008] [INFO] [path_server] 노드 업데이트 : [1074] ➜ [1075]
[2026-08-11 17:31:56.328857] [INFO] [path_server] 새로운 경로 설정 : path[1074 ➜ 105] time[0s] dist[30m] list[21] : 1074-1075-1076-1159-1158-1157-1160-1161-1162-1163-1164-1165-1166-1167-1168-41-1170-1171-1172-1173-105
[2026-08-11 17:31:57.007383] [INFO] [path_server] 노드 업데이트 : [1075] ➜ [1076]
[2026-08-11 17:31:57.087331] [INFO] [path_server] 새로운 경로 설정 : path[1075 ➜ 105] time[0s] dist[28.5m] list[20] : 1075-1076-1159-1158-1157-1160-1161-1162-1163-1164-1165-1166-1167-1168-41-1170-1171-1172-1173-105
[2026-08-11 17:31:58.404720] [INFO] [path_server] 노드 업데이트 : [1076] ➜ [1159]
[2026-08-11 17:31:58.484603] [INFO] [path_server] 새로운 경로 설정 : path[1076 ➜ 105] time[0s] dist[27m] list[19] : 1076-1159-1158-1157-1160-1161-1162-1163-1164-1165-1166-1167-1168-41-1170-1171-1172-1173-105
[2026-08-11 17:32:01.877618] [INFO] [path_server] 노드 업데이트 : [1159] ➜ [1158]
[2026-08-11 17:32:01.957494] [INFO] [path_server] 새로운 경로 설정 : path[1159 ➜ 105] time[0s] dist[25.5m] list[18] : 1159-1158-1157-1160-1161-1162-1163-1164-1165-1166-1167-1168-41-1170-1171-1172-1173-105
[2026-08-11 17:32:02.995461] [INFO] [path_server] 노드 업데이트 : [1158] ➜ [1157]
[2026-08-11 17:32:03.075348] [INFO] [path_server] 새로운 경로 설정 : path[1158 ➜ 105] time[0s] dist[24m] list[17] : 1158-1157-1160-1161-1162-1163-1164-1165-1166-1167-1168-41-1170-1171-1172-1173-105
[2026-08-11 17:32:04.412727] [INFO] [path_server] 노드 업데이트 : [1157] ➜ [1160]
[2026-08-11 17:32:04.492717] [INFO] [path_server] 새로운 경로 설정 : path[1157 ➜ 105] time[0s] dist[22.5m] list[16] : 1157-1160-1161-1162-1163-1164-1165-1166-1167-1168-41-1170-1171-1172-1173-105
[2026-08-11 17:32:07.846057] [INFO] [path_server] 노드 업데이트 : [1160] ➜ [1161]
[2026-08-11 17:32:07.925922] [INFO] [path_server] 새로운 경로 설정 : path[1160 ➜ 105] time[0s] dist[21m] list[15] : 1160-1161-1162-1163-1164-1165-1166-1167-1168-41-1170-1171-1172-1173-105
[2026-08-11 17:32:08.963891] [INFO] [path_server] 노드 업데이트 : [1161] ➜ [1162]
[2026-08-11 17:32:09.043842] [INFO] [path_server] 새로운 경로 설정 : path[1161 ➜ 105] time[0s] dist[19.5m] list[14] : 1161-1162-1163-1164-1165-1166-1167-1168-41-1170-1171-1172-1173-105
[2026-08-11 17:32:09.782185] [INFO] [path_server] 노드 업데이트 : [1162] ➜ [1163]
[2026-08-11 17:32:09.842094] [INFO] [path_server] 새로운 경로 설정 : path[1162 ➜ 105] time[0s] dist[18m] list[13] : 1162-1163-1164-1165-1166-1167-1168-41-1170-1171-1172-1173-105
[2026-08-11 17:32:10.520612] [INFO] [path_server] 노드 업데이트 : [1163] ➜ [1164]
[2026-08-11 17:32:10.600555] [INFO] [path_server] 새로운 경로 설정 : path[1163 ➜ 105] time[0s] dist[16.5m] list[12] : 1163-1164-1165-1166-1167-1168-41-1170-1171-1172-1173-105
[2026-08-11 17:32:11.279134] [INFO] [path_server] 노드 업데이트 : [1164] ➜ [1165]
[2026-08-11 17:32:11.339042] [INFO] [path_server] 새로운 경로 설정 : path[1164 ➜ 105] time[0s] dist[15m] list[11] : 1164-1165-1166-1167-1168-41-1170-1171-1172-1173-105
[2026-08-11 17:32:12.017523] [INFO] [path_server] 노드 업데이트 : [1165] ➜ [1166]
[2026-08-11 17:32:12.097454] [INFO] [path_server] 새로운 경로 설정 : path[1165 ➜ 105] time[0s] dist[13.5m] list[10] : 1165-1166-1167-1168-41-1170-1171-1172-1173-105
[2026-08-11 17:32:12.776007] [INFO] [path_server] 노드 업데이트 : [1166] ➜ [1167]
[2026-08-11 17:32:12.835847] [INFO] [path_server] 새로운 경로 설정 : path[1166 ➜ 105] time[0s] dist[12m] list[9] : 1166-1167-1168-41-1170-1171-1172-1173-105
[2026-08-11 17:32:13.534364] [INFO] [path_server] 노드 업데이트 : [1167] ➜ [1168]
[2026-08-11 17:32:13.614223] [INFO] [path_server] 새로운 경로 설정 : path[1167 ➜ 105] time[0s] dist[10.5m] list[8] : 1167-1168-41-1170-1171-1172-1173-105
[2026-08-11 17:32:14.272807] [INFO] [path_server] 노드 업데이트 : [1168] ➜ [41]
[2026-08-11 17:32:14.352769] [INFO] [path_server] 새로운 경로 설정 : path[1168 ➜ 105] time[0s] dist[9m] list[7] : 1168-41-1170-1171-1172-1173-105
[2026-08-11 17:32:15.031436] [INFO] [path_server] 노드 업데이트 : [41] ➜ [1170]
[2026-08-11 17:32:15.091347] [INFO] [path_server] 새로운 경로 설정 : path[41 ➜ 105] time[0s] dist[7.5m] list[6] : 41-1170-1171-1172-1173-105
[2026-08-11 17:32:15.769889] [INFO] [path_server] 노드 업데이트 : [1170] ➜ [1171]
[2026-08-11 17:32:15.849841] [INFO] [path_server] 새로운 경로 설정 : path[1170 ➜ 105] time[0s] dist[6m] list[5] : 1170-1171-1172-1173-105
[2026-08-11 17:32:16.528465] [INFO] [path_server] 노드 업데이트 : [1171] ➜ [1172]
[2026-08-11 17:32:16.588381] [INFO] [path_server] 새로운 경로 설정 : path[1171 ➜ 105] time[0s] dist[4.5m] list[4] : 1171-1172-1173-105
[2026-08-11 17:32:17.266956] [INFO] [path_server] 노드 업데이트 : [1172] ➜ [1173]
[2026-08-11 17:32:17.346848] [INFO] [path_server] 새로운 경로 설정 : path[1172 ➜ 105] time[0s] dist[3m] list[3] : 1172-1173-105
[2026-08-11 17:32:18.604374] [INFO] [path_server] 노드 업데이트 : [1173] ➜ [105]
[2026-08-11 17:32:18.684252] [INFO] [path_server] 새로운 경로 설정 : path[1173 ➜ 105] time[0s] dist[1.5m] list[2] : 1173-105
[2026-08-11 17:32:22.576522] [INFO] [path_server] 노드 업데이트 : [105] ➜ [-1]
[2026-08-11 17:32:25.430875] [INFO] [course_tracker] 목적지에서 각도 정렬 : [23.000m 11.500m 0.000°]
[2026-08-11 17:32:26.428881] [INFO] [path_server] 노드 업데이트 : [105] ➜ [-1]
[2026-08-11 17:32:26.448805] [INFO] [task::fsm] push_done
[2026-08-11 17:32:26.508689] [INFO] [task::fsm] charging
[2026-08-11 17:32:26.508698] [INFO] [power_system] 충전 프로세스 시작
[2026-08-11 17:32:26.508798] [INFO] [health_monitor] [등록][100015, 100001] : 자동 충전 시작.
[2026-08-11 17:32:31.518863] [INFO] [health_monitor] [삭제][100015, 100001] : 자동 충전 시작.
[2026-08-11 17:32:43.556185] [INFO] [health_monitor] [삭제][100015, 200001] : 배터리 남은 양 - 주의
[2026-08-11 17:33:07.549270] [INFO] [power_system] 충전 완료
[2026-08-11 17:33:07.549288] [INFO] [health_monitor] [등록][100015, 100002] : 배터리 가득.
[2026-08-11 17:33:07.549291] [INFO] [health_monitor] [등록][100015, 100003] : 자동 충전 해제 시작.
[2026-08-11 17:33:12.559246] [INFO] [health_monitor] [삭제][100015, 100002] : 배터리 가득.
[2026-08-11 17:33:12.559253] [INFO] [health_monitor] [삭제][100015, 100003] : 자동 충전 해제 시작.
[2026-08-11 17:33:12.579143] [INFO] [power_system] 충전 해제 완료
[2026-08-11 17:33:12.579153] [INFO] [health_monitor] [등록][100015, 100004] : 자동 충전 해제 완료.
[2026-08-11 17:33:12.599158] [INFO] [task::fsm] discharging
[2026-08-11 17:33:12.599167] [INFO] [power_system] 충전 해제 프로세스 시작
[2026-08-11 17:33:12.599177] [INFO] [health_monitor] [등록][100015, 100003] : 자동 충전 해제 시작.
[2026-08-11 17:33:12.619116] [INFO] [task::fsm] idle
[2026-08-11 17:33:12.619120] [INFO] [course_manager] 코스 삭제
[2026-08-11 17:33:12.619122] [INFO] [path_server] 경로 삭제
[2026-08-11 17:33:12.659025] [INFO] [task::fsm] idle
[2026-08-11 17:33:12.659035] [INFO] [path_server] 경로 삭제
[2026-08-11 17:33:12.659032] [INFO] [course_manager] 코스 삭제
[2026-08-11 17:33:17.588939] [INFO] [health_monitor] [삭제][100015, 100004] : 자동 충전 해제 완료.
[2026-08-11 17:33:17.608964] [INFO] [health_monitor] [삭제][100015, 100003] : 자동 충전 해제 시작.
[2026-08-11 17:34:07.651359] [INFO] [task::fsm] charging
[2026-08-11 17:34:07.651377] [INFO] [health_monitor] [등록][100015, 100001] : 자동 충전 시작.
[2026-08-11 17:34:07.651366] [INFO] [power_system] 충전 프로세스 시작
[2026-08-11 17:34:12.661272] [INFO] [health_monitor] [삭제][100015, 100001] : 자동 충전 시작.
[2026-08-11 17:34:21.364817] [INFO] [power_system] 충전 완료
[2026-08-11 17:34:21.364832] [INFO] [health_monitor] [등록][100015, 100002] : 배터리 가득.
[2026-08-11 17:34:21.364836] [INFO] [health_monitor] [등록][100015, 100003] : 자동 충전 해제 시작.
[2026-08-11 17:34:34.371226] [INFO] [framework] 프로그램 시작
[2026-08-11 17:34:34.371232] [WARNING] [framework] 프로그램 시작
[2026-08-11 17:34:34.371233] [CRITICAL] [framework] 프로그램 시작
[2026-08-11 17:34:34.371234] [INFO] [framework] 설정 파일 위치 : ../configs/robot_11
[2026-08-11 17:34:46.276142] [INFO] [framework] 프로그램 시작
[2026-08-11 17:34:46.276148] [WARNING] [framework] 프로그램 시작
[2026-08-11 17:34:46.276152] [CRITICAL] [framework] 프로그램 시작
[2026-08-11 17:40:32.797429] [INFO] [framework] 프로그램 시작
[2026-08-11 17:40:32.797434] [WARNING] [framework] 프로그램 시작
[2026-08-11 17:40:32.797436] [INFO] [framework] 설정 파일 위치 : ../configs/robot_11
[2026-08-11 17:40:32.797435] [CRITICAL] [framework] 프로그램 시작
[2026-08-11 17:40:32.797598] [INFO] [framework] ID[0, 11], 이름[손일일], 제어주기[20ms], 버젼[], 장소[우리집], 환경모드[simulation]
[2026-08-11 17:40:32.797628] [INFO] [mediator] 생성
[2026-08-11 17:40:32.797653] [INFO] [graph_manager] 생성
[2026-08-11 17:40:32.843116] [INFO] [stop_server] 생성
[2026-08-11 17:40:32.843141] [INFO] [health_monitor] 생성
[2026-08-11 17:40:32.843158] [INFO] [path_server] 생성
[2026-08-11 17:40:32.843170] [INFO] [course_manager] 생성
[2026-08-11 17:40:32.843184] [INFO] [task::fsm] 생성
[2026-08-11 17:40:32.843186] [INFO] [task::fsm] idle
[2026-08-11 17:40:32.843187] [INFO] [course_manager] 코스 삭제
[2026-08-11 17:40:32.843187] [INFO] [path_server] 경로 삭제
[2026-08-11 17:40:32.843199] [INFO] [task_manager] 생성
[2026-08-11 17:40:32.843300] [INFO] [mediator] connectors 생성
[2026-08-11 17:40:32.843318] [INFO] [fms] 생성
[2026-08-11 17:40:32.843319] [INFO] [fms] 통신 드라이버 생성
[2026-08-11 17:40:32.843555] [INFO] [motions] 생성
[2026-08-11 17:40:32.843573] [INFO] [localizers] 생성
[2026-08-11 17:40:32.843647] [INFO] [localizers] 파라미터 : 

[2026-08-11 17:40:32.843663] [INFO] [safety_plc] 생성
[2026-08-11 17:40:32.843679] [INFO] [load_handler] 생성
[2026-08-11 17:40:32.843693] [INFO] [power_system] 생성
[2026-08-11 17:40:32.843790] [INFO] [power_system] 설정 정보 : remaining[40%, 10%, 5%]
[2026-08-11 17:40:32.844183] [INFO] [power_system] 알람 목록 : 
 • [100015, 100001] [INFO] 자동 충전 시작.
 • [100015, 100002] [INFO] 배터리 가득.
 • [100015, 400001] [CRIT] 배터리 남은 양 - 위험
 • [100015, 300001] [ERROR] 배터리 남은 양 - 에러
 • [100015, 200001] [WARN] 배터리 남은 양 - 주의
 • [100015, 100004] [INFO] 자동 충전 해제 완료.
 • [100015, 100003] [INFO] 자동 충전 해제 시작.
[2026-08-11 17:40:32.844185] [INFO] [mediator] connector 의존성 주입
[2026-08-11 17:40:32.844194] [INFO] [mediator] any map 등록
[2026-08-11 17:40:32.844200] [INFO] [mediator] any collector 등록
[2026-08-11 17:40:32.844204] [INFO] [mediator] any collector 목록 검사
[2026-08-11 17:40:32.844257] [INFO] [framework] after init 실행
[2026-08-11 17:40:32.844791] [INFO] [course_tracker] 생성
[2026-08-11 17:40:32.844824] [INFO] [course_tracker] 파라미터 : 
◈ node_bound[0.020m, 0.150m, 0.005m]
 • approach[0.150m, 0.050m/s, -0.005m, -0.200m, 0.100m]
 • align[(10.000°, 5.000°/s), 50.000°, 30.000°/s), 0.800°, -0.100°]
◈ motion param : 
 • reference_angle[0.000°, 45.000°]
 • threshold_angle[15.000°, 20.000°, 170.000°]
 • threshold_error[0.300°, 5.000°]
 • normal[0.150m/s, 8.000, 0.800m/s, 0.500]
 • angle[0.150m/s, 1.500, 0.800m/s, 2.100]
 • protection_overshoot[0.100m/s, 0.900, 0.500m/s, 0.900]
 • speed_rotation[15.000°/s]
[2026-08-11 17:40:32.844829] [INFO] [framework] 제어 쓰레드 시작
[2026-08-11 17:40:32.844887] [INFO] [path_server] 노드 초기화 성공 : 로봇 좌표[9.489m 18.997m 90.045°] 최단 거리 노드[104] 거리(0.011735m)
[2026-08-11 17:40:32.964653] [INFO] [task::fsm] charging
[2026-08-11 17:40:32.964660] [INFO] [power_system] 충전 프로세스 시작
[2026-08-11 17:40:32.964686] [INFO] [health_monitor] [등록][100015, 100001] : 자동 충전 시작.
[2026-08-11 17:40:37.974748] [INFO] [health_monitor] [삭제][100015, 100001] : 자동 충전 시작.
[2026-08-11 17:40:50.690049] [INFO] [power_system] 충전 완료
[2026-08-11 17:40:50.690067] [INFO] [health_monitor] [등록][100015, 100002] : 배터리 가득.
[2026-08-11 17:40:50.690070] [INFO] [health_monitor] [등록][100015, 100003] : 자동 충전 해제 시작.
[2026-08-11 17:40:55.021797] [INFO] [path_server] 새로운 경로 설정 : path[104 ➜ 107] time[0s] dist[39m] list[27] : 104-1071-1072-1073-1074-1075-1076-1159-1158-1157-1160-1161-1162-1163-1164-1165-1166-1167-1168-41-1170-1171-1172-1173-1174-1175-107
[2026-08-11 17:40:55.700399] [INFO] [health_monitor] [삭제][100015, 100002] : 배터리 가득.
[2026-08-11 17:40:55.700407] [INFO] [health_monitor] [삭제][100015, 100003] : 자동 충전 해제 시작.
[2026-08-11 17:40:58.893819] [INFO] [path_server] 노드 업데이트 : [1071] ➜ [1072]
[2026-08-11 17:40:58.973745] [INFO] [path_server] 새로운 경로 설정 : path[1071 ➜ 107] time[0s] dist[37.5m] list[26] : 1071-1072-1073-1074-1075-1076-1159-1158-1157-1160-1161-1162-1163-1164-1165-1166-1167-1168-41-1170-1171-1172-1173-1174-1175-107
[2026-08-11 17:41:02.467110] [INFO] [path_server] 노드 업데이트 : [1072] ➜ [1073]
[2026-08-11 17:41:02.547047] [INFO] [path_server] 새로운 경로 설정 : path[1072 ➜ 107] time[0s] dist[36m] list[25] : 1072-1073-1074-1075-1076-1159-1158-1157-1160-1161-1162-1163-1164-1165-1166-1167-1168-41-1170-1171-1172-1173-1174-1175-107
[2026-08-11 17:41:03.604756] [INFO] [path_server] 노드 업데이트 : [1073] ➜ [1074]
[2026-08-11 17:41:03.684683] [INFO] [path_server] 새로운 경로 설정 : path[1073 ➜ 107] time[0s] dist[34.5m] list[24] : 1073-1074-1075-1076-1159-1158-1157-1160-1161-1162-1163-1164-1165-1166-1167-1168-41-1170-1171-1172-1173-1174-1175-107
[2026-08-11 17:41:04.423201] [INFO] [path_server] 노드 업데이트 : [1074] ➜ [1075]
[2026-08-11 17:41:04.483111] [INFO] [path_server] 새로운 경로 설정 : path[1074 ➜ 107] time[0s] dist[33m] list[23] : 1074-1075-1076-1159-1158-1157-1160-1161-1162-1163-1164-1165-1166-1167-1168-41-1170-1171-1172-1173-1174-1175-107
[2026-08-11 17:41:05.181930] [INFO] [path_server] 노드 업데이트 : [1075] ➜ [1076]
[2026-08-11 17:41:05.261838] [INFO] [path_server] 새로운 경로 설정 : path[1075 ➜ 107] time[0s] dist[31.5m] list[22] : 1075-1076-1159-1158-1157-1160-1161-1162-1163-1164-1165-1166-1167-1168-41-1170-1171-1172-1173-1174-1175-107
[2026-08-11 17:41:06.579290] [INFO] [path_server] 노드 업데이트 : [1076] ➜ [1159]
[2026-08-11 17:41:06.639198] [INFO] [path_server] 새로운 경로 설정 : path[1076 ➜ 107] time[0s] dist[30m] list[21] : 1076-1159-1158-1157-1160-1161-1162-1163-1164-1165-1166-1167-1168-41-1170-1171-1172-1173-1174-1175-107
[2026-08-11 17:41:10.052577] [INFO] [path_server] 노드 업데이트 : [1159] ➜ [1158]
[2026-08-11 17:41:10.112487] [INFO] [path_server] 새로운 경로 설정 : path[1159 ➜ 107] time[0s] dist[28.5m] list[20] : 1159-1158-1157-1160-1161-1162-1163-1164-1165-1166-1167-1168-41-1170-1171-1172-1173-1174-1175-107
[2026-08-11 17:41:11.150259] [INFO] [path_server] 노드 업데이트 : [1158] ➜ [1157]
[2026-08-11 17:41:11.230197] [INFO] [path_server] 새로운 경로 설정 : path[1158 ➜ 107] time[0s] dist[27m] list[19] : 1158-1157-1160-1161-1162-1163-1164-1165-1166-1167-1168-41-1170-1171-1172-1173-1174-1175-107
[2026-08-11 17:41:12.567455] [INFO] [path_server] 노드 업데이트 : [1157] ➜ [1160]
[2026-08-11 17:41:12.647320] [INFO] [path_server] 새로운 경로 설정 : path[1157 ➜ 107] time[0s] dist[25.5m] list[18] : 1157-1160-1161-1162-1163-1164-1165-1166-1167-1168-41-1170-1171-1172-1173-1174-1175-107
[2026-08-11 17:41:16.020751] [INFO] [path_server] 노드 업데이트 : [1160] ➜ [1161]
[2026-08-11 17:41:16.080669] [INFO] [path_server] 새로운 경로 설정 : path[1160 ➜ 107] time[0s] dist[24m] list[17] : 1160-1161-1162-1163-1164-1165-1166-1167-1168-41-1170-1171-1172-1173-1174-1175-107
[2026-08-11 17:41:17.118518] [INFO] [path_server] 노드 업데이트 : [1161] ➜ [1162]
[2026-08-11 17:41:17.198465] [INFO] [path_server] 새로운 경로 설정 : path[1161 ➜ 107] time[0s] dist[22.5m] list[16] : 1161-1162-1163-1164-1165-1166-1167-1168-41-1170-1171-1172-1173-1174-1175-107
[2026-08-11 17:41:17.936943] [INFO] [path_server] 노드 업데이트 : [1162] ➜ [1163]
[2026-08-11 17:41:17.996856] [INFO] [path_server] 새로운 경로 설정 : path[1162 ➜ 107] time[0s] dist[21m] list[15] : 1162-1163-1164-1165-1166-1167-1168-41-1170-1171-1172-1173-1174-1175-107
[2026-08-11 17:41:18.675531] [INFO] [path_server] 노드 업데이트 : [1163] ➜ [1164]
[2026-08-11 17:41:18.755451] [INFO] [path_server] 새로운 경로 설정 : path[1163 ➜ 107] time[0s] dist[19.5m] list[14] : 1163-1164-1165-1166-1167-1168-41-1170-1171-1172-1173-1174-1175-107
[2026-08-11 17:41:19.434139] [INFO] [path_server] 노드 업데이트 : [1164] ➜ [1165]
[2026-08-11 17:41:19.494054] [INFO] [path_server] 새로운 경로 설정 : path[1164 ➜ 107] time[0s] dist[18m] list[13] : 1164-1165-1166-1167-1168-41-1170-1171-1172-1173-1174-1175-107
[2026-08-11 17:41:20.192745] [INFO] [path_server] 노드 업데이트 : [1165] ➜ [1166]
[2026-08-11 17:41:20.272633] [INFO] [path_server] 새로운 경로 설정 : path[1165 ➜ 107] time[0s] dist[16.5m] list[12] : 1165-1166-1167-1168-41-1170-1171-1172-1173-1174-1175-107
[2026-08-11 17:41:20.931343] [INFO] [path_server] 노드 업데이트 : [1166] ➜ [1167]
[2026-08-11 17:41:20.991213] [INFO] [path_server] 새로운 경로 설정 : path[1166 ➜ 107] time[0s] dist[15m] list[11] : 1166-1167-1168-41-1170-1171-1172-1173-1174-1175-107
[2026-08-11 17:41:21.689815] [INFO] [path_server] 노드 업데이트 : [1167] ➜ [1168]
[2026-08-11 17:41:21.769675] [INFO] [path_server] 새로운 경로 설정 : path[1167 ➜ 107] time[0s] dist[13.5m] list[10] : 1167-1168-41-1170-1171-1172-1173-1174-1175-107
[2026-08-11 17:41:22.428386] [INFO] [path_server] 노드 업데이트 : [1168] ➜ [41]
[2026-08-11 17:41:22.488294] [INFO] [path_server] 새로운 경로 설정 : path[1168 ➜ 107] time[0s] dist[12m] list[9] : 1168-41-1170-1171-1172-1173-1174-1175-107
[2026-08-11 17:41:23.186880] [INFO] [path_server] 노드 업데이트 : [41] ➜ [1170]
[2026-08-11 17:41:23.266736] [INFO] [path_server] 새로운 경로 설정 : path[41 ➜ 107] time[0s] dist[10.5m] list[8] : 41-1170-1171-1172-1173-1174-1175-107
[2026-08-11 17:41:23.925404] [INFO] [path_server] 노드 업데이트 : [1170] ➜ [1171]
[2026-08-11 17:41:23.985315] [INFO] [path_server] 새로운 경로 설정 : path[1170 ➜ 107] time[0s] dist[9m] list[7] : 1170-1171-1172-1173-1174-1175-107
[2026-08-11 17:41:24.684197] [INFO] [path_server] 노드 업데이트 : [1171] ➜ [1172]
[2026-08-11 17:41:24.764039] [INFO] [path_server] 새로운 경로 설정 : path[1171 ➜ 107] time[0s] dist[7.5m] list[6] : 1171-1172-1173-1174-1175-107
[2026-08-11 17:41:25.442630] [INFO] [path_server] 노드 업데이트 : [1172] ➜ [1173]
[2026-08-11 17:41:25.522544] [INFO] [path_server] 새로운 경로 설정 : path[1172 ➜ 107] time[0s] dist[6m] list[5] : 1172-1173-1174-1175-107
[2026-08-11 17:41:26.181215] [INFO] [path_server] 노드 업데이트 : [1173] ➜ [1174]
[2026-08-11 17:41:26.261082] [INFO] [path_server] 새로운 경로 설정 : path[1173 ➜ 107] time[0s] dist[4.5m] list[4] : 1173-1174-1175-107
[2026-08-11 17:41:26.939553] [INFO] [path_server] 노드 업데이트 : [1174] ➜ [1175]
[2026-08-11 17:41:27.019470] [INFO] [path_server] 새로운 경로 설정 : path[1174 ➜ 107] time[0s] dist[3m] list[3] : 1174-1175-107
[2026-08-11 17:41:28.256977] [INFO] [path_server] 노드 업데이트 : [1175] ➜ [107]
[2026-08-11 17:41:28.336826] [INFO] [path_server] 새로운 경로 설정 : path[1175 ➜ 107] time[0s] dist[1.5m] list[2] : 1175-107
[2026-08-11 17:41:32.228979] [INFO] [path_server] 노드 업데이트 : [107] ➜ [-1]
[2026-08-11 17:41:35.063261] [INFO] [course_tracker] 목적지에서 각도 정렬 : [26.000m 11.500m 0.000°]
[2026-08-11 17:41:36.081295] [INFO] [path_server] 노드 업데이트 : [107] ➜ [-1]
[2026-08-11 17:41:36.101302] [INFO] [task::fsm] push_done
[2026-08-11 17:41:36.161161] [INFO] [task::fsm] charging
[2026-08-11 17:41:36.161169] [INFO] [power_system] 충전 프로세스 시작
[2026-08-11 17:41:36.161192] [INFO] [health_monitor] [등록][100015, 100001] : 자동 충전 시작.
[2026-08-11 17:41:41.171808] [INFO] [health_monitor] [삭제][100015, 100001] : 자동 충전 시작.
[2026-08-11 17:41:51.573207] [INFO] [power_system] 충전 완료
[2026-08-11 17:41:51.573222] [INFO] [health_monitor] [등록][100015, 100002] : 배터리 가득.
[2026-08-11 17:41:51.573225] [INFO] [health_monitor] [등록][100015, 100003] : 자동 충전 해제 시작.
[2026-08-11 17:41:56.583117] [INFO] [health_monitor] [삭제][100015, 100002] : 배터리 가득.
[2026-08-11 17:41:56.583124] [INFO] [health_monitor] [삭제][100015, 100003] : 자동 충전 해제 시작.
[2026-08-11 17:41:56.603123] [INFO] [power_system] 충전 해제 완료
[2026-08-11 17:41:56.603139] [INFO] [health_monitor] [등록][100015, 100004] : 자동 충전 해제 완료.
[2026-08-11 17:41:56.623067] [INFO] [task::fsm] discharging
[2026-08-11 17:41:56.623075] [INFO] [power_system] 충전 해제 프로세스 시작
[2026-08-11 17:41:56.623087] [INFO] [health_monitor] [등록][100015, 100003] : 자동 충전 해제 시작.
[2026-08-11 17:41:56.643011] [INFO] [task::fsm] idle
[2026-08-11 17:41:56.643024] [INFO] [path_server] 경로 삭제
[2026-08-11 17:41:56.643023] [INFO] [course_manager] 코스 삭제
[2026-08-11 17:41:56.682953] [INFO] [task::fsm] idle
[2026-08-11 17:41:56.682959] [INFO] [course_manager] 코스 삭제
[2026-08-11 17:41:56.682961] [INFO] [path_server] 경로 삭제
[2026-08-11 17:42:01.613389] [INFO] [health_monitor] [삭제][100015, 100004] : 자동 충전 해제 완료.
[2026-08-11 17:42:01.633401] [INFO] [health_monitor] [삭제][100015, 100003] : 자동 충전 해제 시작.
[2026-08-11 17:43:43.846744] [INFO] [framework] 프로그램 시작
[2026-08-11 17:43:43.846750] [WARNING] [framework] 프로그램 시작
[2026-08-11 17:43:43.846754] [CRITICAL] [framework] 프로그램 시작
[2026-08-11 17:44:21.659885] [INFO] [framework] 프로그램 시작
[2026-08-11 17:44:21.659888] [WARNING] [framework] 프로그램 시작
[2026-08-11 17:44:21.659890] [CRITICAL] [framework] 프로그램 시작
[2026-08-11 17:44:21.659891] [INFO] [framework] 설정 파일 위치 : ../configs/robot_11
[2026-08-11 17:44:21.660008] [INFO] [framework] ID[0, 11], 이름[손일일], 제어주기[20ms], 버젼[], 장소[우리집], 환경모드[simulation]
[2026-08-11 17:44:21.660030] [INFO] [mediator] 생성
[2026-08-11 17:44:21.660051] [INFO] [graph_manager] 생성
[2026-08-11 17:44:21.690833] [INFO] [stop_server] 생성
[2026-08-11 17:44:21.690864] [INFO] [health_monitor] 생성
[2026-08-11 17:44:21.690886] [INFO] [path_server] 생성
[2026-08-11 17:44:21.690901] [INFO] [course_manager] 생성
[2026-08-11 17:44:21.690913] [INFO] [task::fsm] 생성
[2026-08-11 17:44:21.690914] [INFO] [task::fsm] idle
[2026-08-11 17:44:21.690928] [INFO] [course_manager] 코스 삭제
[2026-08-11 17:44:21.690929] [INFO] [path_server] 경로 삭제
[2026-08-11 17:44:21.690943] [INFO] [task_manager] 생성
[2026-08-11 17:44:21.691050] [INFO] [mediator] connectors 생성
[2026-08-11 17:44:21.691067] [INFO] [fms] 생성
[2026-08-11 17:44:21.691068] [INFO] [fms] 통신 드라이버 생성
[2026-08-11 17:44:21.691330] [INFO] [motions] 생성
[2026-08-11 17:44:21.691351] [INFO] [localizers] 생성
[2026-08-11 17:44:21.691439] [INFO] [localizers] 파라미터 : 

[2026-08-11 17:44:21.691458] [INFO] [safety_plc] 생성
[2026-08-11 17:44:21.691472] [INFO] [load_handler] 생성
[2026-08-11 17:44:21.691487] [INFO] [power_system] 생성
[2026-08-11 17:44:21.691590] [INFO] [power_system] 설정 정보 : remaining[40%, 10%, 5%]
[2026-08-11 17:44:21.692025] [INFO] [power_system] 알람 목록 : 
 • [100015, 100001] [INFO] 자동 충전 시작.
 • [100015, 100002] [INFO] 배터리 가득.
 • [100015, 400001] [CRIT] 배터리 남은 양 - 위험
 • [100015, 300001] [ERROR] 배터리 남은 양 - 에러
 • [100015, 200001] [WARN] 배터리 남은 양 - 주의
 • [100015, 100004] [INFO] 자동 충전 해제 완료.
 • [100015, 100003] [INFO] 자동 충전 해제 시작.
[2026-08-11 17:44:21.692028] [INFO] [mediator] connector 의존성 주입
[2026-08-11 17:44:21.692035] [INFO] [mediator] any map 등록
[2026-08-11 17:44:21.692042] [INFO] [mediator] any collector 등록
[2026-08-11 17:44:21.692045] [INFO] [mediator] any collector 목록 검사
[2026-08-11 17:44:21.692290] [INFO] [framework] after init 실행
[2026-08-11 17:44:21.692607] [INFO] [course_tracker] 생성
[2026-08-11 17:44:21.692635] [INFO] [course_tracker] 파라미터 : 
◈ node_bound[0.020m, 0.150m, 0.005m]
 • approach[0.150m, 0.050m/s, -0.005m, -0.200m, 0.100m]
 • align[(10.000°, 5.000°/s), 50.000°, 30.000°/s), 0.800°, -0.100°]
◈ motion param : 
 • reference_angle[0.000°, 45.000°]
 • threshold_angle[15.000°, 20.000°, 170.000°]
 • threshold_error[0.300°, 5.000°]
 • normal[0.150m/s, 8.000, 0.800m/s, 0.500]
 • angle[0.150m/s, 1.500, 0.800m/s, 2.100]
 • protection_overshoot[0.100m/s, 0.900, 0.500m/s, 0.900]
 • speed_rotation[15.000°/s]
[2026-08-11 17:44:21.692638] [INFO] [framework] 제어 쓰레드 시작
[2026-08-11 17:44:21.692669] [INFO] [path_server] 노드 초기화 성공 : 로봇 좌표[26.011m 11.504m -89.938°] 최단 거리 노드[107] 거리(0.012135m)
[2026-08-11 17:44:21.812491] [INFO] [task::fsm] charging
[2026-08-11 17:44:21.812504] [INFO] [power_system] 충전 프로세스 시작
[2026-08-11 17:44:21.812539] [INFO] [health_monitor] [등록][100015, 100001] : 자동 충전 시작.
[2026-08-11 17:44:26.822911] [INFO] [health_monitor] [삭제][100015, 100001] : 자동 충전 시작.
[2026-08-11 17:44:39.541467] [INFO] [power_system] 충전 완료
[2026-08-11 17:44:39.541491] [INFO] [health_monitor] [등록][100015, 100002] : 배터리 가득.
[2026-08-11 17:44:39.541495] [INFO] [health_monitor] [등록][100015, 100003] : 자동 충전 해제 시작.
[2026-08-11 17:44:44.552237] [INFO] [health_monitor] [삭제][100015, 100002] : 배터리 가득.
[2026-08-11 17:44:44.552243] [INFO] [health_monitor] [삭제][100015, 100003] : 자동 충전 해제 시작.
[2026-08-11 17:44:44.572169] [INFO] [power_system] 충전 해제 완료
[2026-08-11 17:44:44.572184] [INFO] [health_monitor] [등록][100015, 100004] : 자동 충전 해제 완료.
[2026-08-11 17:44:44.592162] [INFO] [task::fsm] discharging
[2026-08-11 17:44:44.592170] [INFO] [power_system] 충전 해제 프로세스 시작
[2026-08-11 17:44:44.592180] [INFO] [health_monitor] [등록][100015, 100003] : 자동 충전 해제 시작.
[2026-08-11 17:44:44.612119] [INFO] [task::fsm] idle
[2026-08-11 17:44:44.612125] [INFO] [course_manager] 코스 삭제
[2026-08-11 17:44:44.612127] [INFO] [path_server] 경로 삭제
[2026-08-11 17:44:44.652055] [INFO] [task::fsm] idle
[2026-08-11 17:44:44.652060] [INFO] [course_manager] 코스 삭제
[2026-08-11 17:44:44.652062] [INFO] [path_server] 경로 삭제
[2026-08-11 17:44:49.583056] [INFO] [health_monitor] [삭제][100015, 100004] : 자동 충전 해제 완료.
[2026-08-11 17:44:49.602972] [INFO] [health_monitor] [삭제][100015, 100003] : 자동 충전 해제 시작.
[2026-08-11 17:45:27.769342] [INFO] [framework] 프로그램 시작
[2026-08-11 17:45:27.769347] [WARNING] [framework] 프로그램 시작
[2026-08-11 17:45:27.769348] [CRITICAL] [framework] 프로그램 시작
[2026-08-11 17:45:27.769349] [INFO] [framework] 설정 파일 위치 : ../configs/robot_11
[2026-08-11 17:45:51.305272] [INFO] [framework] 프로그램 시작
[2026-08-11 17:45:51.305275] [WARNING] [framework] 프로그램 시작
[2026-08-11 17:45:51.305278] [INFO] [framework] 설정 파일 위치 : ../configs/robot_11
[2026-08-11 17:45:51.305277] [CRITICAL] [framework] 프로그램 시작
[2026-08-11 17:45:51.305392] [INFO] [framework] ID[0, 11], 이름[손일일], 제어주기[20ms], 버젼[], 장소[우리집], 환경모드[simulation]
[2026-08-11 17:45:51.305412] [INFO] [mediator] 생성
[2026-08-11 17:45:51.305429] [INFO] [graph_manager] 생성
[2026-08-11 17:45:51.335916] [INFO] [stop_server] 생성
[2026-08-11 17:45:51.335936] [INFO] [health_monitor] 생성
[2026-08-11 17:45:51.335953] [INFO] [path_server] 생성
[2026-08-11 17:45:51.336340] [INFO] [course_manager] 생성
[2026-08-11 17:45:51.336356] [INFO] [task::fsm] 생성
[2026-08-11 17:45:51.336357] [INFO] [task::fsm] idle
[2026-08-11 17:45:51.336358] [INFO] [course_manager] 코스 삭제
[2026-08-11 17:45:51.336358] [INFO] [path_server] 경로 삭제
[2026-08-11 17:45:51.336379] [INFO] [task_manager] 생성
[2026-08-11 17:45:51.336484] [INFO] [mediator] connectors 생성
[2026-08-11 17:45:51.336503] [INFO] [fms] 생성
[2026-08-11 17:45:51.336505] [INFO] [fms] 통신 드라이버 생성
[2026-08-11 17:45:51.336769] [INFO] [motions] 생성
[2026-08-11 17:45:51.336789] [INFO] [localizers] 생성
[2026-08-11 17:45:51.336874] [INFO] [localizers] 파라미터 : 

[2026-08-11 17:45:51.336892] [INFO] [safety_plc] 생성
[2026-08-11 17:45:51.336903] [INFO] [load_handler] 생성
[2026-08-11 17:45:51.336918] [INFO] [power_system] 생성
[2026-08-11 17:45:51.337015] [INFO] [power_system] 설정 정보 : remaining[40%, 10%, 5%]
[2026-08-11 17:45:51.337427] [INFO] [power_system] 알람 목록 : 
 • [100015, 100001] [INFO] 자동 충전 시작.
 • [100015, 100002] [INFO] 배터리 가득.
 • [100015, 400001] [CRIT] 배터리 남은 양 - 위험
 • [100015, 300001] [ERROR] 배터리 남은 양 - 에러
 • [100015, 200001] [WARN] 배터리 남은 양 - 주의
 • [100015, 100004] [INFO] 자동 충전 해제 완료.
 • [100015, 100003] [INFO] 자동 충전 해제 시작.
[2026-08-11 17:45:51.337431] [INFO] [mediator] connector 의존성 주입
[2026-08-11 17:45:51.337443] [INFO] [mediator] any map 등록
[2026-08-11 17:45:51.337449] [INFO] [mediator] any collector 등록
[2026-08-11 17:45:51.337452] [INFO] [mediator] any collector 목록 검사
[2026-08-11 17:45:51.337497] [INFO] [framework] after init 실행
[2026-08-11 17:45:51.337753] [INFO] [course_tracker] 생성
[2026-08-11 17:45:51.337769] [INFO] [course_tracker] 파라미터 : 
◈ node_bound[0.020m, 0.150m, 0.005m]
 • approach[0.150m, 0.050m/s, -0.005m, -0.200m, 0.100m]
 • align[(10.000°, 5.000°/s), 50.000°, 30.000°/s), 0.800°, -0.100°]
◈ motion param : 
 • reference_angle[0.000°, 45.000°]
 • threshold_angle[15.000°, 20.000°, 170.000°]
 • threshold_error[0.300°, 5.000°]
 • normal[0.150m/s, 8.000, 0.800m/s, 0.500]
 • angle[0.150m/s, 1.500, 0.800m/s, 2.100]
 • protection_overshoot[0.100m/s, 0.900, 0.500m/s, 0.900]
 • speed_rotation[15.000°/s]
[2026-08-11 17:45:51.338175] [INFO] [framework] 제어 쓰레드 시작
[2026-08-11 17:45:51.338210] [INFO] [path_server] 노드 초기화 성공 : 로봇 좌표[26.011m 11.504m -89.938°] 최단 거리 노드[107] 거리(0.012135m)
[2026-08-11 17:45:51.458009] [INFO] [task::fsm] charging
[2026-08-11 17:45:51.458018] [INFO] [power_system] 충전 프로세스 시작
[2026-08-11 17:45:51.458042] [INFO] [health_monitor] [등록][100015, 100001] : 자동 충전 시작.
[2026-08-11 17:45:56.468331] [INFO] [health_monitor] [삭제][100015, 100001] : 자동 충전 시작.
[2026-08-11 17:46:09.183157] [INFO] [power_system] 충전 완료
[2026-08-11 17:46:09.183178] [INFO] [health_monitor] [등록][100015, 100002] : 배터리 가득.
[2026-08-11 17:46:09.183181] [INFO] [health_monitor] [등록][100015, 100003] : 자동 충전 해제 시작.
[2026-08-11 17:46:14.200500] [INFO] [health_monitor] [삭제][100015, 100002] : 배터리 가득.
[2026-08-11 17:46:14.200507] [INFO] [health_monitor] [삭제][100015, 100003] : 자동 충전 해제 시작.
[2026-08-11 17:46:14.220416] [INFO] [power_system] 충전 해제 완료
[2026-08-11 17:46:14.220432] [INFO] [health_monitor] [등록][100015, 100004] : 자동 충전 해제 완료.
[2026-08-11 17:46:14.240410] [INFO] [task::fsm] discharging
[2026-08-11 17:46:14.240417] [INFO] [power_system] 충전 해제 프로세스 시작
[2026-08-11 17:46:14.240425] [INFO] [health_monitor] [등록][100015, 100003] : 자동 충전 해제 시작.
[2026-08-11 17:46:14.260390] [INFO] [task::fsm] idle
[2026-08-11 17:46:14.260399] [INFO] [path_server] 경로 삭제
[2026-08-11 17:46:14.260397] [INFO] [course_manager] 코스 삭제
[2026-08-11 17:46:14.300323] [INFO] [task::fsm] idle
[2026-08-11 17:46:14.300332] [INFO] [path_server] 경로 삭제
[2026-08-11 17:46:14.300330] [INFO] [course_manager] 코스 삭제
[2026-08-11 17:46:19.230952] [INFO] [health_monitor] [삭제][100015, 100004] : 자동 충전 해제 완료.
[2026-08-11 17:46:19.250840] [INFO] [health_monitor] [삭제][100015, 100003] : 자동 충전 해제 시작.
[2026-08-11 17:50:10.521196] [INFO] [framework] 프로그램 시작
[2026-08-11 17:50:10.521201] [WARNING] [framework] 프로그램 시작
[2026-08-11 17:50:10.521203] [INFO] [framework] 설정 파일 위치 : ../configs/robot_11
[2026-08-11 17:50:10.521203] [CRITICAL] [framework] 프로그램 시작
[2026-08-11 17:50:10.521363] [INFO] [framework] ID[0, 11], 이름[손일일], 제어주기[20ms], 버젼[], 장소[우리집], 환경모드[simulation]
[2026-08-11 17:50:10.521392] [INFO] [mediator] 생성
[2026-08-11 17:50:10.521419] [INFO] [graph_manager] 생성
[2026-08-11 17:50:10.570145] [INFO] [stop_server] 생성
[2026-08-11 17:50:10.570173] [INFO] [health_monitor] 생성
[2026-08-11 17:50:10.570186] [INFO] [path_server] 생성
[2026-08-11 17:50:10.570214] [INFO] [course_manager] 생성
[2026-08-11 17:50:10.570227] [INFO] [task::fsm] 생성
[2026-08-11 17:50:10.570230] [INFO] [course_manager] 코스 삭제
[2026-08-11 17:50:10.570230] [INFO] [path_server] 경로 삭제
[2026-08-11 17:50:10.570229] [INFO] [task::fsm] idle
[2026-08-11 17:50:10.570240] [INFO] [task_manager] 생성
[2026-08-11 17:50:10.570336] [INFO] [mediator] connectors 생성
[2026-08-11 17:50:10.570348] [INFO] [fms] 생성
[2026-08-11 17:50:10.570349] [INFO] [fms] 통신 드라이버 생성
[2026-08-11 17:50:10.570588] [INFO] [motions] 생성
[2026-08-11 17:50:10.570604] [INFO] [localizers] 생성
[2026-08-11 17:50:10.570682] [INFO] [localizers] 파라미터 : 

[2026-08-11 17:50:10.570696] [INFO] [safety_plc] 생성
[2026-08-11 17:50:10.570712] [INFO] [load_handler] 생성
[2026-08-11 17:50:10.570728] [INFO] [power_system] 생성
[2026-08-11 17:50:10.570827] [INFO] [power_system] 설정 정보 : remaining[40%, 10%, 5%]
[2026-08-11 17:50:10.571197] [INFO] [power_system] 알람 목록 : 
 • [100015, 100001] [INFO] 자동 충전 시작.
 • [100015, 100002] [INFO] 배터리 가득.
 • [100015, 400001] [CRIT] 배터리 남은 양 - 위험
 • [100015, 300001] [ERROR] 배터리 남은 양 - 에러
 • [100015, 200001] [WARN] 배터리 남은 양 - 주의
 • [100015, 100004] [INFO] 자동 충전 해제 완료.
 • [100015, 100003] [INFO] 자동 충전 해제 시작.
[2026-08-11 17:50:10.571200] [INFO] [mediator] connector 의존성 주입
[2026-08-11 17:50:10.571213] [INFO] [mediator] any map 등록
[2026-08-11 17:50:10.571218] [INFO] [mediator] any collector 등록
[2026-08-11 17:50:10.571220] [INFO] [mediator] any collector 목록 검사
[2026-08-11 17:50:10.571575] [INFO] [framework] after init 실행
[2026-08-11 17:50:10.571948] [INFO] [course_tracker] 생성
[2026-08-11 17:50:10.571967] [INFO] [course_tracker] 파라미터 : 
◈ node_bound[0.020m, 0.150m, 0.005m]
 • approach[0.150m, 0.050m/s, -0.005m, -0.200m, 0.100m]
 • align[(10.000°, 5.000°/s), 50.000°, 30.000°/s), 0.800°, -0.100°]
◈ motion param : 
 • reference_angle[0.000°, 45.000°]
 • threshold_angle[15.000°, 20.000°, 170.000°]
 • threshold_error[0.300°, 5.000°]
 • normal[0.150m/s, 8.000, 0.800m/s, 0.500]
 • angle[0.150m/s, 1.500, 0.800m/s, 2.100]
 • protection_overshoot[0.100m/s, 0.900, 0.500m/s, 0.900]
 • speed_rotation[15.000°/s]
[2026-08-11 17:50:10.571970] [INFO] [framework] 제어 쓰레드 시작
[2026-08-11 17:50:10.572018] [INFO] [path_server] 노드 초기화 성공 : 로봇 좌표[26.011m 11.504m -89.938°] 최단 거리 노드[107] 거리(0.012135m)
[2026-08-11 17:50:10.691875] [INFO] [task::fsm] charging
[2026-08-11 17:50:10.691890] [INFO] [power_system] 충전 프로세스 시작
[2026-08-11 17:50:10.691926] [INFO] [health_monitor] [등록][100015, 100001] : 자동 충전 시작.
[2026-08-11 17:50:15.703019] [INFO] [health_monitor] [삭제][100015, 100001] : 자동 충전 시작.
[2026-08-11 17:50:28.418442] [INFO] [power_system] 충전 완료
[2026-08-11 17:50:28.418456] [INFO] [health_monitor] [등록][100015, 100002] : 배터리 가득.
[2026-08-11 17:50:28.418459] [INFO] [health_monitor] [등록][100015, 100003] : 자동 충전 해제 시작.
[2026-08-11 17:50:33.428517] [INFO] [health_monitor] [삭제][100015, 100002] : 배터리 가득.
[2026-08-11 17:50:33.428524] [INFO] [health_monitor] [삭제][100015, 100003] : 자동 충전 해제 시작.
[2026-08-11 17:50:33.448413] [INFO] [power_system] 충전 해제 완료
[2026-08-11 17:50:33.448424] [INFO] [health_monitor] [등록][100015, 100004] : 자동 충전 해제 완료.
[2026-08-11 17:50:33.468423] [INFO] [task::fsm] discharging
[2026-08-11 17:50:33.468432] [INFO] [power_system] 충전 해제 프로세스 시작
[2026-08-11 17:50:33.468444] [INFO] [health_monitor] [등록][100015, 100003] : 자동 충전 해제 시작.
[2026-08-11 17:50:33.488384] [INFO] [task::fsm] idle
[2026-08-11 17:50:33.488390] [INFO] [course_manager] 코스 삭제
[2026-08-11 17:50:33.488392] [INFO] [path_server] 경로 삭제
[2026-08-11 17:50:33.528328] [INFO] [task::fsm] idle
[2026-08-11 17:50:33.528335] [INFO] [course_manager] 코스 삭제
[2026-08-11 17:50:33.528337] [INFO] [path_server] 경로 삭제
[2026-08-11 17:50:38.458448] [INFO] [health_monitor] [삭제][100015, 100004] : 자동 충전 해제 완료.
[2026-08-11 17:50:38.478369] [INFO] [health_monitor] [삭제][100015, 100003] : 자동 충전 해제 시작.
[2026-08-11 17:51:28.539823] [INFO] [task::fsm] charging
[2026-08-11 17:51:28.539830] [INFO] [power_system] 충전 프로세스 시작
[2026-08-11 17:51:28.539843] [INFO] [health_monitor] [등록][100015, 100001] : 자동 충전 시작.
[2026-08-11 17:51:33.550294] [INFO] [health_monitor] [삭제][100015, 100001] : 자동 충전 시작.
[2026-08-11 17:51:42.272494] [INFO] [power_system] 충전 완료
[2026-08-11 17:51:42.272522] [INFO] [health_monitor] [등록][100015, 100002] : 배터리 가득.
[2026-08-11 17:51:42.272525] [INFO] [health_monitor] [등록][100015, 100003] : 자동 충전 해제 시작.
[2026-08-11 17:51:47.282254] [INFO] [health_monitor] [삭제][100015, 100002] : 배터리 가득.
[2026-08-11 17:51:47.282261] [INFO] [health_monitor] [삭제][100015, 100003] : 자동 충전 해제 시작.
[2026-08-11 17:51:47.302253] [INFO] [power_system] 충전 해제 완료
[2026-08-11 17:51:47.302267] [INFO] [health_monitor] [등록][100015, 100004] : 자동 충전 해제 완료.
[2026-08-11 17:51:47.322206] [INFO] [task::fsm] discharging
[2026-08-11 17:51:47.322212] [INFO] [power_system] 충전 해제 프로세스 시작
[2026-08-11 17:51:47.322221] [INFO] [health_monitor] [등록][100015, 100003] : 자동 충전 해제 시작.
[2026-08-11 17:51:47.342125] [INFO] [task::fsm] idle
[2026-08-11 17:51:47.342133] [INFO] [course_manager] 코스 삭제
[2026-08-11 17:51:47.342139] [INFO] [path_server] 경로 삭제
[2026-08-11 17:51:47.382087] [INFO] [task::fsm] idle
[2026-08-11 17:51:47.382094] [INFO] [path_server] 경로 삭제
[2026-08-11 17:51:47.382092] [INFO] [course_manager] 코스 삭제
[2026-08-11 17:51:52.312223] [INFO] [health_monitor] [삭제][100015, 100004] : 자동 충전 해제 완료.
[2026-08-11 17:51:52.332238] [INFO] [health_monitor] [삭제][100015, 100003] : 자동 충전 해제 시작.
[2026-08-11 17:52:42.378405] [INFO] [task::fsm] charging
[2026-08-11 17:52:42.378430] [INFO] [health_monitor] [등록][100015, 100001] : 자동 충전 시작.
[2026-08-11 17:52:42.378413] [INFO] [power_system] 충전 프로세스 시작
[2026-08-11 17:52:47.388090] [INFO] [health_monitor] [삭제][100015, 100001] : 자동 충전 시작.
[2026-08-11 17:52:56.090236] [INFO] [power_system] 충전 완료
[2026-08-11 17:52:56.090248] [INFO] [health_monitor] [등록][100015, 100003] : 자동 충전 해제 시작.
[2026-08-11 17:52:56.090246] [INFO] [health_monitor] [등록][100015, 100002] : 배터리 가득.
[2026-08-11 17:53:01.100586] [INFO] [health_monitor] [삭제][100015, 100002] : 배터리 가득.
[2026-08-11 17:53:01.100592] [INFO] [health_monitor] [삭제][100015, 100003] : 자동 충전 해제 시작.
[2026-08-11 17:53:01.120496] [INFO] [power_system] 충전 해제 완료
[2026-08-11 17:53:01.120510] [INFO] [health_monitor] [등록][100015, 100004] : 자동 충전 해제 완료.
[2026-08-11 17:53:01.140507] [INFO] [task::fsm] discharging
[2026-08-11 17:53:01.140515] [INFO] [power_system] 충전 해제 프로세스 시작
[2026-08-11 17:53:01.140527] [INFO] [health_monitor] [등록][100015, 100003] : 자동 충전 해제 시작.
[2026-08-11 17:53:01.160452] [INFO] [task::fsm] idle
[2026-08-11 17:53:01.160459] [INFO] [path_server] 경로 삭제
[2026-08-11 17:53:01.160457] [INFO] [course_manager] 코스 삭제
[2026-08-11 17:53:01.200367] [INFO] [task::fsm] idle
[2026-08-11 17:53:01.200371] [INFO] [course_manager] 코스 삭제
[2026-08-11 17:53:01.200373] [INFO] [path_server] 경로 삭제
[2026-08-11 17:53:06.130612] [INFO] [health_monitor] [삭제][100015, 100004] : 자동 충전 해제 완료.
[2026-08-11 17:53:06.150526] [INFO] [health_monitor] [삭제][100015, 100003] : 자동 충전 해제 시작.
[2026-08-11 17:53:56.214368] [INFO] [task::fsm] charging
[2026-08-11 17:53:56.214376] [INFO] [power_system] 충전 프로세스 시작
[2026-08-11 17:53:56.214391] [INFO] [health_monitor] [등록][100015, 100001] : 자동 충전 시작.
[2026-08-11 17:54:01.224922] [INFO] [health_monitor] [삭제][100015, 100001] : 자동 충전 시작.
[2026-08-11 17:54:09.948939] [INFO] [power_system] 충전 완료
[2026-08-11 17:54:09.948960] [INFO] [health_monitor] [등록][100015, 100002] : 배터리 가득.
[2026-08-11 17:54:09.948963] [INFO] [health_monitor] [등록][100015, 100003] : 자동 충전 해제 시작.
[2026-08-11 17:54:11.046898] [INFO] [path_server] 새로운 경로 설정 : path[107 ➜ 206] time[0s] dist[22.5m] list[16] : 107-1175-1176-1177-1178-1081-1185-1186-1187-1188-1056-1057-1058-1059-1060-206
[2026-08-11 17:54:11.046927] [INFO] [course_tracker] 방향 정렬 완료 
[2026-08-11 17:54:14.899306] [INFO] [path_server] 노드 업데이트 : [1175] ➜ [1176]
[2026-08-11 17:54:14.959187] [INFO] [health_monitor] [삭제][100015, 100002] : 배터리 가득.
[2026-08-11 17:54:14.959192] [INFO] [health_monitor] [삭제][100015, 100003] : 자동 충전 해제 시작.
[2026-08-11 17:54:14.979226] [INFO] [path_server] 새로운 경로 설정 : path[1175 ➜ 206] time[0s] dist[21m] list[15] : 1175-1176-1177-1178-1081-1185-1186-1187-1188-1056-1057-1058-1059-1060-206
[2026-08-11 17:54:18.492008] [INFO] [path_server] 노드 업데이트 : [1176] ➜ [1177]
[2026-08-11 17:54:18.571933] [INFO] [path_server] 새로운 경로 설정 : path[1176 ➜ 206] time[0s] dist[19.5m] list[14] : 1176-1177-1178-1081-1185-1186-1187-1188-1056-1057-1058-1059-1060-206
[2026-08-11 17:54:19.609880] [INFO] [path_server] 노드 업데이트 : [1177] ➜ [1178]
[2026-08-11 17:54:19.669971] [INFO] [path_server] 새로운 경로 설정 : path[1177 ➜ 206] time[0s] dist[18m] list[13] : 1177-1178-1081-1185-1186-1187-1188-1056-1057-1058-1059-1060-206
[2026-08-11 17:54:20.428324] [INFO] [path_server] 노드 업데이트 : [1178] ➜ [1081]
[2026-08-11 17:54:20.508223] [INFO] [path_server] 새로운 경로 설정 : path[1178 ➜ 206] time[0s] dist[16.5m] list[12] : 1178-1081-1185-1186-1187-1188-1056-1057-1058-1059-1060-206
[2026-08-11 17:54:21.186833] [INFO] [path_server] 노드 업데이트 : [1081] ➜ [1185]
[2026-08-11 17:54:21.266692] [INFO] [path_server] 새로운 경로 설정 : path[1081 ➜ 206] time[0s] dist[15m] list[11] : 1081-1185-1186-1187-1188-1056-1057-1058-1059-1060-206
[2026-08-11 17:54:22.584216] [INFO] [path_server] 노드 업데이트 : [1185] ➜ [1186]
[2026-08-11 17:54:22.644148] [INFO] [path_server] 새로운 경로 설정 : path[1185 ➜ 206] time[0s] dist[13.5m] list[10] : 1185-1186-1187-1188-1056-1057-1058-1059-1060-206
[2026-08-11 17:54:26.057655] [INFO] [path_server] 노드 업데이트 : [1186] ➜ [1187]
[2026-08-11 17:54:26.117568] [INFO] [path_server] 새로운 경로 설정 : path[1186 ➜ 206] time[0s] dist[12m] list[9] : 1186-1187-1188-1056-1057-1058-1059-1060-206
[2026-08-11 17:54:27.155481] [INFO] [path_server] 노드 업데이트 : [1187] ➜ [1188]
[2026-08-11 17:54:27.235389] [INFO] [path_server] 새로운 경로 설정 : path[1187 ➜ 206] time[0s] dist[10.5m] list[8] : 1187-1188-1056-1057-1058-1059-1060-206
[2026-08-11 17:54:28.413029] [INFO] [path_server] 노드 업데이트 : [1188] ➜ [1056]
[2026-08-11 17:54:28.492951] [INFO] [path_server] 새로운 경로 설정 : path[1188 ➜ 206] time[0s] dist[9m] list[7] : 1188-1056-1057-1058-1059-1060-206
[2026-08-11 17:54:31.686804] [INFO] [path_server] 노드 업데이트 : [1056] ➜ [1057]
[2026-08-11 17:54:31.746693] [INFO] [path_server] 새로운 경로 설정 : path[1056 ➜ 206] time[0s] dist[7.5m] list[6] : 1056-1057-1058-1059-1060-206
[2026-08-11 17:54:32.844490] [INFO] [path_server] 노드 업데이트 : [1057] ➜ [1058]
[2026-08-11 17:54:32.924406] [INFO] [path_server] 새로운 경로 설정 : path[1057 ➜ 206] time[0s] dist[6m] list[5] : 1057-1058-1059-1060-206
[2026-08-11 17:54:33.682767] [INFO] [path_server] 노드 업데이트 : [1058] ➜ [1059]
[2026-08-11 17:54:33.762679] [INFO] [path_server] 새로운 경로 설정 : path[1058 ➜ 206] time[0s] dist[4.5m] list[4] : 1058-1059-1060-206
[2026-08-11 17:54:34.441302] [INFO] [path_server] 노드 업데이트 : [1059] ➜ [1060]
[2026-08-11 17:54:34.521152] [INFO] [path_server] 새로운 경로 설정 : path[1059 ➜ 206] time[0s] dist[3m] list[3] : 1059-1060-206
[2026-08-11 17:54:37.175806] [INFO] [path_server] 노드 업데이트 : [1060] ➜ [206]
[2026-08-11 17:54:37.235720] [INFO] [path_server] 새로운 경로 설정 : path[1060 ➜ 206] time[0s] dist[1.5m] list[2] : 1060-206
[2026-08-11 17:54:41.367633] [INFO] [path_server] 노드 업데이트 : [206] ➜ [-1]
[2026-08-11 17:54:44.182283] [INFO] [course_tracker] 목적지에서 각도 정렬 : [26.000m 16.000m 0.000°]
[2026-08-11 17:54:45.160388] [INFO] [path_server] 노드 업데이트 : [206] ➜ [-1]
[2026-08-11 17:54:45.180341] [INFO] [task::fsm] push_done
[2026-08-11 17:54:45.240225] [INFO] [task::fsm] idle
[2026-08-11 17:54:45.240235] [INFO] [path_server] 경로 삭제
[2026-08-11 17:54:45.240232] [INFO] [course_manager] 코스 삭제
[2026-08-11 17:56:15.013005] [INFO] [path_server] 새로운 경로 설정 : path[206 ➜ 108] time[0s] dist[57m] list[39] : 206-1060-1061-1062-1063-1064-1065-40-1067-1068-1069-1070-1071-1072-1073-1074-1075-1076-1159-1158-1157-1160-1161-1162-1163-1164-1165-1166-1167-1168-41-1170-1171-1172-1173-1174-1175-1176-108
[2026-08-11 17:56:17.168704] [INFO] [path_server] 노드 업데이트 : [1060] ➜ [1061]
[2026-08-11 17:56:17.228617] [INFO] [path_server] 새로운 경로 설정 : path[1060 ➜ 108] time[0s] dist[55.5m] list[38] : 1060-1061-1062-1063-1064-1065-40-1067-1068-1069-1070-1071-1072-1073-1074-1075-1076-1159-1158-1157-1160-1161-1162-1163-1164-1165-1166-1167-1168-41-1170-1171-1172-1173-1174-1175-1176-108
[2026-08-11 17:56:20.521957] [INFO] [path_server] 노드 업데이트 : [1061] ➜ [1062]
[2026-08-11 17:56:20.581885] [INFO] [path_server] 새로운 경로 설정 : path[1061 ➜ 108] time[0s] dist[54m] list[37] : 1061-1062-1063-1064-1065-40-1067-1068-1069-1070-1071-1072-1073-1074-1075-1076-1159-1158-1157-1160-1161-1162-1163-1164-1165-1166-1167-1168-41-1170-1171-1172-1173-1174-1175-1176-108
[2026-08-11 17:56:21.639746] [INFO] [path_server] 노드 업데이트 : [1062] ➜ [1063]
[2026-08-11 17:56:21.719642] [INFO] [path_server] 새로운 경로 설정 : path[1062 ➜ 108] time[0s] dist[52.5m] list[36] : 1062-1063-1064-1065-40-1067-1068-1069-1070-1071-1072-1073-1074-1075-1076-1159-1158-1157-1160-1161-1162-1163-1164-1165-1166-1167-1168-41-1170-1171-1172-1173-1174-1175-1176-108
[2026-08-11 17:56:22.478076] [INFO] [path_server] 노드 업데이트 : [1063] ➜ [1064]
[2026-08-11 17:56:22.557953] [INFO] [path_server] 새로운 경로 설정 : path[1063 ➜ 108] time[0s] dist[51m] list[35] : 1063-1064-1065-40-1067-1068-1069-1070-1071-1072-1073-1074-1075-1076-1159-1158-1157-1160-1161-1162-1163-1164-1165-1166-1167-1168-41-1170-1171-1172-1173-1174-1175-1176-108
[2026-08-11 17:56:23.216521] [INFO] [path_server] 노드 업데이트 : [1064] ➜ [1065]
[2026-08-11 17:56:23.296412] [INFO] [path_server] 새로운 경로 설정 : path[1064 ➜ 108] time[0s] dist[49.5m] list[34] : 1064-1065-40-1067-1068-1069-1070-1071-1072-1073-1074-1075-1076-1159-1158-1157-1160-1161-1162-1163-1164-1165-1166-1167-1168-41-1170-1171-1172-1173-1174-1175-1176-108
[2026-08-11 17:56:23.975013] [INFO] [path_server] 노드 업데이트 : [1065] ➜ [40]
[2026-08-11 17:56:24.034921] [INFO] [path_server] 새로운 경로 설정 : path[1065 ➜ 108] time[0s] dist[48m] list[33] : 1065-40-1067-1068-1069-1070-1071-1072-1073-1074-1075-1076-1159-1158-1157-1160-1161-1162-1163-1164-1165-1166-1167-1168-41-1170-1171-1172-1173-1174-1175-1176-108
[2026-08-11 17:56:24.713462] [INFO] [path_server] 노드 업데이트 : [40] ➜ [1067]
[2026-08-11 17:56:24.793415] [INFO] [path_server] 새로운 경로 설정 : path[40 ➜ 108] time[0s] dist[46.5m] list[32] : 40-1067-1068-1069-1070-1071-1072-1073-1074-1075-1076-1159-1158-1157-1160-1161-1162-1163-1164-1165-1166-1167-1168-41-1170-1171-1172-1173-1174-1175-1176-108
[2026-08-11 17:56:25.472036] [INFO] [path_server] 노드 업데이트 : [1067] ➜ [1068]
[2026-08-11 17:56:25.531954] [INFO] [path_server] 새로운 경로 설정 : path[1067 ➜ 108] time[0s] dist[45m] list[31] : 1067-1068-1069-1070-1071-1072-1073-1074-1075-1076-1159-1158-1157-1160-1161-1162-1163-1164-1165-1166-1167-1168-41-1170-1171-1172-1173-1174-1175-1176-108
[2026-08-11 17:56:26.210594] [INFO] [path_server] 노드 업데이트 : [1068] ➜ [1069]
[2026-08-11 17:56:26.290542] [INFO] [path_server] 새로운 경로 설정 : path[1068 ➜ 108] time[0s] dist[43.5m] list[30] : 1068-1069-1070-1071-1072-1073-1074-1075-1076-1159-1158-1157-1160-1161-1162-1163-1164-1165-1166-1167-1168-41-1170-1171-1172-1173-1174-1175-1176-108
[2026-08-11 17:56:26.969178] [INFO] [path_server] 노드 업데이트 : [1069] ➜ [1070]
[2026-08-11 17:56:27.029105] [INFO] [path_server] 새로운 경로 설정 : path[1069 ➜ 108] time[0s] dist[42m] list[29] : 1069-1070-1071-1072-1073-1074-1075-1076-1159-1158-1157-1160-1161-1162-1163-1164-1165-1166-1167-1168-41-1170-1171-1172-1173-1174-1175-1176-108
[2026-08-11 17:56:27.727673] [INFO] [path_server] 노드 업데이트 : [1070] ➜ [1071]
[2026-08-11 17:56:27.807573] [INFO] [path_server] 새로운 경로 설정 : path[1070 ➜ 108] time[0s] dist[40.5m] list[28] : 1070-1071-1072-1073-1074-1075-1076-1159-1158-1157-1160-1161-1162-1163-1164-1165-1166-1167-1168-41-1170-1171-1172-1173-1174-1175-1176-108
[2026-08-11 17:56:28.466183] [INFO] [path_server] 노드 업데이트 : [1071] ➜ [1072]
[2026-08-11 17:56:28.526108] [INFO] [path_server] 새로운 경로 설정 : path[1071 ➜ 108] time[0s] dist[39m] list[27] : 1071-1072-1073-1074-1075-1076-1159-1158-1157-1160-1161-1162-1163-1164-1165-1166-1167-1168-41-1170-1171-1172-1173-1174-1175-1176-108
[2026-08-11 17:56:29.225045] [INFO] [path_server] 노드 업데이트 : [1072] ➜ [1073]
[2026-08-11 17:56:29.304927] [INFO] [path_server] 새로운 경로 설정 : path[1072 ➜ 108] time[0s] dist[37.5m] list[26] : 1072-1073-1074-1075-1076-1159-1158-1157-1160-1161-1162-1163-1164-1165-1166-1167-1168-41-1170-1171-1172-1173-1174-1175-1176-108
[2026-08-11 17:56:29.963522] [INFO] [path_server] 노드 업데이트 : [1073] ➜ [1074]
[2026-08-11 17:56:30.023439] [INFO] [path_server] 새로운 경로 설정 : path[1073 ➜ 108] time[0s] dist[36m] list[25] : 1073-1074-1075-1076-1159-1158-1157-1160-1161-1162-1163-1164-1165-1166-1167-1168-41-1170-1171-1172-1173-1174-1175-1176-108
[2026-08-11 17:56:30.721977] [INFO] [path_server] 노드 업데이트 : [1074] ➜ [1075]
[2026-08-11 17:56:30.801842] [INFO] [path_server] 새로운 경로 설정 : path[1074 ➜ 108] time[0s] dist[34.5m] list[24] : 1074-1075-1076-1159-1158-1157-1160-1161-1162-1163-1164-1165-1166-1167-1168-41-1170-1171-1172-1173-1174-1175-1176-108
[2026-08-11 17:56:31.480384] [INFO] [path_server] 노드 업데이트 : [1075] ➜ [1076]
[2026-08-11 17:56:31.560310] [INFO] [path_server] 새로운 경로 설정 : path[1075 ➜ 108] time[0s] dist[33m] list[23] : 1075-1076-1159-1158-1157-1160-1161-1162-1163-1164-1165-1166-1167-1168-41-1170-1171-1172-1173-1174-1175-1176-108
[2026-08-11 17:56:32.877578] [INFO] [path_server] 노드 업데이트 : [1076] ➜ [1159]
[2026-08-11 17:56:32.957461] [INFO] [path_server] 새로운 경로 설정 : path[1076 ➜ 108] time[0s] dist[31.5m] list[22] : 1076-1159-1158-1157-1160-1161-1162-1163-1164-1165-1166-1167-1168-41-1170-1171-1172-1173-1174-1175-1176-108
[2026-08-11 17:56:34.394501] [INFO] [health_monitor] [등록][100015, 200001] : 배터리 남은 양 - 주의
[2026-08-11 17:56:36.350905] [INFO] [path_server] 노드 업데이트 : [1159] ➜ [1158]
[2026-08-11 17:56:36.410847] [INFO] [path_server] 새로운 경로 설정 : path[1159 ➜ 108] time[0s] dist[30m] list[21] : 1159-1158-1157-1160-1161-1162-1163-1164-1165-1166-1167-1168-41-1170-1171-1172-1173-1174-1175-1176-108
[2026-08-11 17:56:37.468689] [INFO] [path_server] 노드 업데이트 : [1158] ➜ [1157]
[2026-08-11 17:56:37.548559] [INFO] [path_server] 새로운 경로 설정 : path[1158 ➜ 108] time[0s] dist[28.5m] list[20] : 1158-1157-1160-1161-1162-1163-1164-1165-1166-1167-1168-41-1170-1171-1172-1173-1174-1175-1176-108
[2026-08-11 17:56:38.885831] [INFO] [path_server] 노드 업데이트 : [1157] ➜ [1160]
[2026-08-11 17:56:38.965766] [INFO] [path_server] 새로운 경로 설정 : path[1157 ➜ 108] time[0s] dist[27m] list[19] : 1157-1160-1161-1162-1163-1164-1165-1166-1167-1168-41-1170-1171-1172-1173-1174-1175-1176-108
[2026-08-11 17:56:42.339188] [INFO] [path_server] 노드 업데이트 : [1160] ➜ [1161]
[2026-08-11 17:56:42.399098] [INFO] [path_server] 새로운 경로 설정 : path[1160 ➜ 108] time[0s] dist[25.5m] list[18] : 1160-1161-1162-1163-1164-1165-1166-1167-1168-41-1170-1171-1172-1173-1174-1175-1176-108
[2026-08-11 17:56:43.436945] [INFO] [path_server] 노드 업데이트 : [1161] ➜ [1162]
[2026-08-11 17:56:43.516855] [INFO] [path_server] 새로운 경로 설정 : path[1161 ➜ 108] time[0s] dist[24m] list[17] : 1161-1162-1163-1164-1165-1166-1167-1168-41-1170-1171-1172-1173-1174-1175-1176-108
[2026-08-11 17:56:44.255335] [INFO] [path_server] 노드 업데이트 : [1162] ➜ [1163]
[2026-08-11 17:56:44.315258] [INFO] [path_server] 새로운 경로 설정 : path[1162 ➜ 108] time[0s] dist[22.5m] list[16] : 1162-1163-1164-1165-1166-1167-1168-41-1170-1171-1172-1173-1174-1175-1176-108
[2026-08-11 17:56:44.993763] [INFO] [path_server] 노드 업데이트 : [1163] ➜ [1164]
[2026-08-11 17:56:45.073684] [INFO] [path_server] 새로운 경로 설정 : path[1163 ➜ 108] time[0s] dist[21m] list[15] : 1163-1164-1165-1166-1167-1168-41-1170-1171-1172-1173-1174-1175-1176-108
[2026-08-11 17:56:45.752332] [INFO] [path_server] 노드 업데이트 : [1164] ➜ [1165]
[2026-08-11 17:56:45.832222] [INFO] [path_server] 새로운 경로 설정 : path[1164 ➜ 108] time[0s] dist[19.5m] list[14] : 1164-1165-1166-1167-1168-41-1170-1171-1172-1173-1174-1175-1176-108
[2026-08-11 17:56:46.490862] [INFO] [path_server] 노드 업데이트 : [1165] ➜ [1166]
[2026-08-11 17:56:46.570742] [INFO] [path_server] 새로운 경로 설정 : path[1165 ➜ 108] time[0s] dist[18m] list[13] : 1165-1166-1167-1168-41-1170-1171-1172-1173-1174-1175-1176-108
[2026-08-11 17:56:47.249307] [INFO] [path_server] 노드 업데이트 : [1166] ➜ [1167]
[2026-08-11 17:56:47.329231] [INFO] [path_server] 새로운 경로 설정 : path[1166 ➜ 108] time[0s] dist[16.5m] list[12] : 1166-1167-1168-41-1170-1171-1172-1173-1174-1175-1176-108
[2026-08-11 17:56:48.007910] [INFO] [path_server] 노드 업데이트 : [1167] ➜ [1168]
[2026-08-11 17:56:48.067819] [INFO] [path_server] 새로운 경로 설정 : path[1167 ➜ 108] time[0s] dist[15m] list[11] : 1167-1168-41-1170-1171-1172-1173-1174-1175-1176-108
[2026-08-11 17:56:48.746381] [INFO] [path_server] 노드 업데이트 : [1168] ➜ [41]
[2026-08-11 17:56:48.826311] [INFO] [path_server] 새로운 경로 설정 : path[1168 ➜ 108] time[0s] dist[13.5m] list[10] : 1168-41-1170-1171-1172-1173-1174-1175-1176-108
[2026-08-11 17:56:49.504926] [INFO] [path_server] 노드 업데이트 : [41] ➜ [1170]
[2026-08-11 17:56:49.564812] [INFO] [path_server] 새로운 경로 설정 : path[41 ➜ 108] time[0s] dist[12m] list[9] : 41-1170-1171-1172-1173-1174-1175-1176-108
[2026-08-11 17:56:50.243393] [INFO] [path_server] 노드 업데이트 : [1170] ➜ [1171]
[2026-08-11 17:56:50.323279] [INFO] [path_server] 새로운 경로 설정 : path[1170 ➜ 108] time[0s] dist[10.5m] list[8] : 1170-1171-1172-1173-1174-1175-1176-108
[2026-08-11 17:56:51.001920] [INFO] [path_server] 노드 업데이트 : [1171] ➜ [1172]
[2026-08-11 17:56:51.061841] [INFO] [path_server] 새로운 경로 설정 : path[1171 ➜ 108] time[0s] dist[9m] list[7] : 1171-1172-1173-1174-1175-1176-108
[2026-08-11 17:56:51.760407] [INFO] [path_server] 노드 업데이트 : [1172] ➜ [1173]
[2026-08-11 17:56:51.840266] [INFO] [path_server] 새로운 경로 설정 : path[1172 ➜ 108] time[0s] dist[7.5m] list[6] : 1172-1173-1174-1175-1176-108
[2026-08-11 17:56:52.498995] [INFO] [path_server] 노드 업데이트 : [1173] ➜ [1174]
[2026-08-11 17:56:52.558886] [INFO] [path_server] 새로운 경로 설정 : path[1173 ➜ 108] time[0s] dist[6m] list[5] : 1173-1174-1175-1176-108
[2026-08-11 17:56:53.257483] [INFO] [path_server] 노드 업데이트 : [1174] ➜ [1175]
[2026-08-11 17:56:53.337353] [INFO] [path_server] 새로운 경로 설정 : path[1174 ➜ 108] time[0s] dist[4.5m] list[4] : 1174-1175-1176-108
[2026-08-11 17:56:53.995929] [INFO] [path_server] 노드 업데이트 : [1175] ➜ [1176]
[2026-08-11 17:56:54.055795] [INFO] [path_server] 새로운 경로 설정 : path[1175 ➜ 108] time[0s] dist[3m] list[3] : 1175-1176-108
[2026-08-11 17:56:55.333194] [INFO] [path_server] 노드 업데이트 : [1176] ➜ [108]
[2026-08-11 17:56:55.413093] [INFO] [path_server] 새로운 경로 설정 : path[1176 ➜ 108] time[0s] dist[1.5m] list[2] : 1176-108
[2026-08-11 17:56:59.306010] [INFO] [path_server] 노드 업데이트 : [108] ➜ [-1]
[2026-08-11 17:57:02.140833] [INFO] [course_tracker] 목적지에서 각도 정렬 : [27.500m 11.500m 0.000°]
[2026-08-11 17:57:03.158715] [INFO] [path_server] 노드 업데이트 : [108] ➜ [-1]
[2026-08-11 17:57:03.178754] [INFO] [task::fsm] push_done
[2026-08-11 17:57:03.238610] [INFO] [task::fsm] charging
[2026-08-11 17:57:03.238647] [INFO] [health_monitor] [등록][100015, 100001] : 자동 충전 시작.
[2026-08-11 17:57:03.238617] [INFO] [power_system] 충전 프로세스 시작
[2026-08-11 17:57:08.249074] [INFO] [health_monitor] [삭제][100015, 100001] : 자동 충전 시작.
[2026-08-11 17:57:15.355818] [INFO] [health_monitor] [삭제][100015, 200001] : 배터리 남은 양 - 주의
[2026-08-11 17:57:39.351059] [INFO] [power_system] 충전 완료
[2026-08-11 17:57:39.351077] [INFO] [health_monitor] [등록][100015, 100002] : 배터리 가득.
[2026-08-11 17:57:39.351080] [INFO] [health_monitor] [등록][100015, 100003] : 자동 충전 해제 시작.
