[2026-08-11 16:38:01.989685] [INFO] [path_server] 생성
[2026-08-11 16:38:01.989776] [INFO] [path_server] 경로 삭제
[2026-08-11 16:38:01.991445] [INFO] [path_server] 노드 초기화 성공 : 로봇 좌표[22.004m 18.998m -179.709°] 최단 거리 노드[108] 거리(0.004003m)
[2026-08-11 16:40:31.659005] [INFO] [path_server] 생성
[2026-08-11 16:40:31.659045] [INFO] [path_server] 경로 삭제
[2026-08-11 16:40:31.660552] [INFO] [path_server] 노드 초기화 성공 : 로봇 좌표[22.004m 18.998m -179.709°] 최단 거리 노드[108] 거리(0.004003m)
[2026-08-11 16:42:49.978869] [INFO] [path_server] 경로 삭제
[2026-08-11 16:42:59.122890] [INFO] [path_server] 경로 삭제
[2026-08-11 16:43:11.840280] [INFO] [path_server] 새로운 경로 설정 : path[108 ➜ 103] time[0s] dist[60m] list[41] : 108-1171-1172-1091-1092-1093-1094-1095-1074-1075-1076-1018-1019-1020-1011-1012-1035-1036-1037-1038-1039-1040-1041-1042-1112-1113-1114-1115-1116-1117-1118-1119-1120-1121-1122-1123-1179-1180-1181-1182-103
[2026-08-11 16:43:16.532213] [INFO] [path_server] 노드 업데이트 : [1171] ➜ [1172]
[2026-08-11 16:43:16.592137] [INFO] [path_server] 새로운 경로 설정 : path[1171 ➜ 103] time[0s] dist[58.5m] list[40] : 1171-1172-1091-1092-1093-1094-1095-1074-1075-1076-1018-1019-1020-1011-1012-1035-1036-1037-1038-1039-1040-1041-1042-1112-1113-1114-1115-1116-1117-1118-1119-1120-1121-1122-1123-1179-1180-1181-1182-103
[2026-08-11 16:43:20.224921] [INFO] [path_server] 노드 업데이트 : [1172] ➜ [1091]
[2026-08-11 16:43:20.304814] [INFO] [path_server] 새로운 경로 설정 : path[1172 ➜ 103] time[0s] dist[57m] list[39] : 1172-1091-1092-1093-1094-1095-1074-1075-1076-1018-1019-1020-1011-1012-1035-1036-1037-1038-1039-1040-1041-1042-1112-1113-1114-1115-1116-1117-1118-1119-1120-1121-1122-1123-1179-1180-1181-1182-103
[2026-08-11 16:43:21.302816] [INFO] [path_server] 노드 업데이트 : [1091] ➜ [1092]
[2026-08-11 16:43:21.382685] [INFO] [path_server] 새로운 경로 설정 : path[1091 ➜ 103] time[0s] dist[55.5m] list[38] : 1091-1092-1093-1094-1095-1074-1075-1076-1018-1019-1020-1011-1012-1035-1036-1037-1038-1039-1040-1041-1042-1112-1113-1114-1115-1116-1117-1118-1119-1120-1121-1122-1123-1179-1180-1181-1182-103
[2026-08-11 16:43:24.556484] [INFO] [path_server] 노드 업데이트 : [1092] ➜ [1093]
[2026-08-11 16:43:24.636453] [INFO] [path_server] 새로운 경로 설정 : path[1092 ➜ 103] time[0s] dist[54m] list[37] : 1092-1093-1094-1095-1074-1075-1076-1018-1019-1020-1011-1012-1035-1036-1037-1038-1039-1040-1041-1042-1112-1113-1114-1115-1116-1117-1118-1119-1120-1121-1122-1123-1179-1180-1181-1182-103
[2026-08-11 16:43:25.814068] [INFO] [path_server] 노드 업데이트 : [1093] ➜ [1094]
[2026-08-11 16:43:25.894010] [INFO] [path_server] 새로운 경로 설정 : path[1093 ➜ 103] time[0s] dist[52.5m] list[36] : 1093-1094-1095-1074-1075-1076-1018-1019-1020-1011-1012-1035-1036-1037-1038-1039-1040-1041-1042-1112-1113-1114-1115-1116-1117-1118-1119-1120-1121-1122-1123-1179-1180-1181-1182-103
[2026-08-11 16:43:26.672648] [INFO] [path_server] 노드 업데이트 : [1094] ➜ [1095]
[2026-08-11 16:43:26.752533] [INFO] [path_server] 새로운 경로 설정 : path[1094 ➜ 103] time[0s] dist[51m] list[35] : 1094-1095-1074-1075-1076-1018-1019-1020-1011-1012-1035-1036-1037-1038-1039-1040-1041-1042-1112-1113-1114-1115-1116-1117-1118-1119-1120-1121-1122-1123-1179-1180-1181-1182-103
[2026-08-11 16:43:27.990044] [INFO] [path_server] 노드 업데이트 : [1095] ➜ [1074]
[2026-08-11 16:43:28.070002] [INFO] [path_server] 새로운 경로 설정 : path[1095 ➜ 103] time[0s] dist[49.5m] list[34] : 1095-1074-1075-1076-1018-1019-1020-1011-1012-1035-1036-1037-1038-1039-1040-1041-1042-1112-1113-1114-1115-1116-1117-1118-1119-1120-1121-1122-1123-1179-1180-1181-1182-103
[2026-08-11 16:43:31.323969] [INFO] [path_server] 노드 업데이트 : [1074] ➜ [1075]
[2026-08-11 16:43:31.403980] [INFO] [path_server] 새로운 경로 설정 : path[1074 ➜ 103] time[0s] dist[48m] list[33] : 1074-1075-1076-1018-1019-1020-1011-1012-1035-1036-1037-1038-1039-1040-1041-1042-1112-1113-1114-1115-1116-1117-1118-1119-1120-1121-1122-1123-1179-1180-1181-1182-103
[2026-08-11 16:43:32.461765] [INFO] [path_server] 노드 업데이트 : [1075] ➜ [1076]
[2026-08-11 16:43:32.541708] [INFO] [path_server] 새로운 경로 설정 : path[1075 ➜ 103] time[0s] dist[46.5m] list[32] : 1075-1076-1018-1019-1020-1011-1012-1035-1036-1037-1038-1039-1040-1041-1042-1112-1113-1114-1115-1116-1117-1118-1119-1120-1121-1122-1123-1179-1180-1181-1182-103
[2026-08-11 16:43:33.280368] [INFO] [path_server] 노드 업데이트 : [1076] ➜ [1018]
[2026-08-11 16:43:33.340281] [INFO] [path_server] 새로운 경로 설정 : path[1076 ➜ 103] time[0s] dist[45m] list[31] : 1076-1018-1019-1020-1011-1012-1035-1036-1037-1038-1039-1040-1041-1042-1112-1113-1114-1115-1116-1117-1118-1119-1120-1121-1122-1123-1179-1180-1181-1182-103
[2026-08-11 16:43:34.039061] [INFO] [path_server] 노드 업데이트 : [1018] ➜ [1019]
[2026-08-11 16:43:34.118920] [INFO] [path_server] 새로운 경로 설정 : path[1018 ➜ 103] time[0s] dist[43.5m] list[30] : 1018-1019-1020-1011-1012-1035-1036-1037-1038-1039-1040-1041-1042-1112-1113-1114-1115-1116-1117-1118-1119-1120-1121-1122-1123-1179-1180-1181-1182-103
[2026-08-11 16:43:34.797668] [INFO] [path_server] 노드 업데이트 : [1019] ➜ [1020]
[2026-08-11 16:43:34.877597] [INFO] [path_server] 새로운 경로 설정 : path[1019 ➜ 103] time[0s] dist[42m] list[29] : 1019-1020-1011-1012-1035-1036-1037-1038-1039-1040-1041-1042-1112-1113-1114-1115-1116-1117-1118-1119-1120-1121-1122-1123-1179-1180-1181-1182-103
[2026-08-11 16:43:35.536249] [INFO] [path_server] 노드 업데이트 : [1020] ➜ [1011]
[2026-08-11 16:43:35.596190] [INFO] [path_server] 새로운 경로 설정 : path[1020 ➜ 103] time[0s] dist[40.5m] list[28] : 1020-1011-1012-1035-1036-1037-1038-1039-1040-1041-1042-1112-1113-1114-1115-1116-1117-1118-1119-1120-1121-1122-1123-1179-1180-1181-1182-103
[2026-08-11 16:43:36.854391] [INFO] [path_server] 노드 업데이트 : [1011] ➜ [1012]
[2026-08-11 16:43:36.914274] [INFO] [path_server] 새로운 경로 설정 : path[1011 ➜ 103] time[0s] dist[39m] list[27] : 1011-1012-1035-1036-1037-1038-1039-1040-1041-1042-1112-1113-1114-1115-1116-1117-1118-1119-1120-1121-1122-1123-1179-1180-1181-1182-103
[2026-08-11 16:43:40.227891] [INFO] [path_server] 노드 업데이트 : [1012] ➜ [1035]
[2026-08-11 16:43:40.307864] [INFO] [path_server] 새로운 경로 설정 : path[1012 ➜ 103] time[0s] dist[37.5m] list[26] : 1012-1035-1036-1037-1038-1039-1040-1041-1042-1112-1113-1114-1115-1116-1117-1118-1119-1120-1121-1122-1123-1179-1180-1181-1182-103
[2026-08-11 16:43:41.345775] [INFO] [path_server] 노드 업데이트 : [1035] ➜ [1036]
[2026-08-11 16:43:41.405688] [INFO] [path_server] 새로운 경로 설정 : path[1035 ➜ 103] time[0s] dist[36m] list[25] : 1035-1036-1037-1038-1039-1040-1041-1042-1112-1113-1114-1115-1116-1117-1118-1119-1120-1121-1122-1123-1179-1180-1181-1182-103
[2026-08-11 16:43:42.164189] [INFO] [path_server] 노드 업데이트 : [1036] ➜ [1037]
[2026-08-11 16:43:42.244058] [INFO] [path_server] 새로운 경로 설정 : path[1036 ➜ 103] time[0s] dist[34.5m] list[24] : 1036-1037-1038-1039-1040-1041-1042-1112-1113-1114-1115-1116-1117-1118-1119-1120-1121-1122-1123-1179-1180-1181-1182-103
[2026-08-11 16:43:42.923050] [INFO] [path_server] 노드 업데이트 : [1037] ➜ [1038]
[2026-08-11 16:43:43.003035] [INFO] [path_server] 새로운 경로 설정 : path[1037 ➜ 103] time[0s] dist[33m] list[23] : 1037-1038-1039-1040-1041-1042-1112-1113-1114-1115-1116-1117-1118-1119-1120-1121-1122-1123-1179-1180-1181-1182-103
[2026-08-11 16:43:43.681610] [INFO] [path_server] 노드 업데이트 : [1038] ➜ [1039]
[2026-08-11 16:43:43.741552] [INFO] [path_server] 새로운 경로 설정 : path[1038 ➜ 103] time[0s] dist[31.5m] list[22] : 1038-1039-1040-1041-1042-1112-1113-1114-1115-1116-1117-1118-1119-1120-1121-1122-1123-1179-1180-1181-1182-103
[2026-08-11 16:43:44.420297] [INFO] [path_server] 노드 업데이트 : [1039] ➜ [1040]
[2026-08-11 16:43:44.500295] [INFO] [path_server] 새로운 경로 설정 : path[1039 ➜ 103] time[0s] dist[30m] list[21] : 1039-1040-1041-1042-1112-1113-1114-1115-1116-1117-1118-1119-1120-1121-1122-1123-1179-1180-1181-1182-103
[2026-08-11 16:43:45.179074] [INFO] [path_server] 노드 업데이트 : [1040] ➜ [1041]
[2026-08-11 16:43:45.238971] [INFO] [path_server] 새로운 경로 설정 : path[1040 ➜ 103] time[0s] dist[28.5m] list[20] : 1040-1041-1042-1112-1113-1114-1115-1116-1117-1118-1119-1120-1121-1122-1123-1179-1180-1181-1182-103
[2026-08-11 16:43:45.917584] [INFO] [path_server] 노드 업데이트 : [1041] ➜ [1042]
[2026-08-11 16:43:45.997519] [INFO] [path_server] 새로운 경로 설정 : path[1041 ➜ 103] time[0s] dist[27m] list[19] : 1041-1042-1112-1113-1114-1115-1116-1117-1118-1119-1120-1121-1122-1123-1179-1180-1181-1182-103
[2026-08-11 16:43:46.676103] [INFO] [path_server] 노드 업데이트 : [1042] ➜ [1112]
[2026-08-11 16:43:46.736041] [INFO] [path_server] 새로운 경로 설정 : path[1042 ➜ 103] time[0s] dist[25.5m] list[18] : 1042-1112-1113-1114-1115-1116-1117-1118-1119-1120-1121-1122-1123-1179-1180-1181-1182-103
[2026-08-11 16:43:47.993379] [INFO] [path_server] 노드 업데이트 : [1112] ➜ [1113]
[2026-08-11 16:43:48.073259] [INFO] [path_server] 새로운 경로 설정 : path[1112 ➜ 103] time[0s] dist[24m] list[17] : 1112-1113-1114-1115-1116-1117-1118-1119-1120-1121-1122-1123-1179-1180-1181-1182-103
[2026-08-11 16:43:51.348803] [INFO] [path_server] 노드 업데이트 : [1113] ➜ [1114]
[2026-08-11 16:43:51.428718] [INFO] [path_server] 새로운 경로 설정 : path[1113 ➜ 103] time[0s] dist[22.5m] list[16] : 1113-1114-1115-1116-1117-1118-1119-1120-1121-1122-1123-1179-1180-1181-1182-103
[2026-08-11 16:43:52.486591] [INFO] [path_server] 노드 업데이트 : [1114] ➜ [1115]
[2026-08-11 16:43:52.566533] [INFO] [path_server] 새로운 경로 설정 : path[1114 ➜ 103] time[0s] dist[21m] list[15] : 1114-1115-1116-1117-1118-1119-1120-1121-1122-1123-1179-1180-1181-1182-103
[2026-08-11 16:43:53.304998] [INFO] [path_server] 노드 업데이트 : [1115] ➜ [1116]
[2026-08-11 16:43:53.364991] [INFO] [path_server] 새로운 경로 설정 : path[1115 ➜ 103] time[0s] dist[19.5m] list[14] : 1115-1116-1117-1118-1119-1120-1121-1122-1123-1179-1180-1181-1182-103
[2026-08-11 16:43:54.063505] [INFO] [path_server] 노드 업데이트 : [1116] ➜ [1117]
[2026-08-11 16:43:54.143405] [INFO] [path_server] 새로운 경로 설정 : path[1116 ➜ 103] time[0s] dist[18m] list[13] : 1116-1117-1118-1119-1120-1121-1122-1123-1179-1180-1181-1182-103
[2026-08-11 16:43:54.822062] [INFO] [path_server] 노드 업데이트 : [1117] ➜ [1118]
[2026-08-11 16:43:54.902084] [INFO] [path_server] 새로운 경로 설정 : path[1117 ➜ 103] time[0s] dist[16.5m] list[12] : 1117-1118-1119-1120-1121-1122-1123-1179-1180-1181-1182-103
[2026-08-11 16:43:55.560980] [INFO] [path_server] 노드 업데이트 : [1118] ➜ [1119]
[2026-08-11 16:43:55.640841] [INFO] [path_server] 새로운 경로 설정 : path[1118 ➜ 103] time[0s] dist[15m] list[11] : 1118-1119-1120-1121-1122-1123-1179-1180-1181-1182-103
[2026-08-11 16:43:56.319542] [INFO] [path_server] 노드 업데이트 : [1119] ➜ [1120]
[2026-08-11 16:43:56.399470] [INFO] [path_server] 새로운 경로 설정 : path[1119 ➜ 103] time[0s] dist[13.5m] list[10] : 1119-1120-1121-1122-1123-1179-1180-1181-1182-103
[2026-08-11 16:43:57.158093] [INFO] [path_server] 노드 업데이트 : [1120] ➜ [1121]
[2026-08-11 16:43:57.238040] [INFO] [path_server] 새로운 경로 설정 : path[1120 ➜ 103] time[0s] dist[12m] list[9] : 1120-1121-1122-1123-1179-1180-1181-1182-103
[2026-08-11 16:44:00.811474] [INFO] [path_server] 노드 업데이트 : [1121] ➜ [1122]
[2026-08-11 16:44:00.891397] [INFO] [path_server] 새로운 경로 설정 : path[1121 ➜ 103] time[0s] dist[10.5m] list[8] : 1121-1122-1123-1179-1180-1181-1182-103
[2026-08-11 16:44:02.169390] [INFO] [path_server] 노드 업데이트 : [1122] ➜ [1123]
[2026-08-11 16:44:02.249316] [INFO] [path_server] 새로운 경로 설정 : path[1122 ➜ 103] time[0s] dist[9m] list[7] : 1122-1123-1179-1180-1181-1182-103
[2026-08-11 16:44:03.227445] [INFO] [path_server] 노드 업데이트 : [1123] ➜ [1179]
[2026-08-11 16:44:03.287432] [INFO] [path_server] 새로운 경로 설정 : path[1123 ➜ 103] time[0s] dist[7.5m] list[6] : 1123-1179-1180-1181-1182-103
[2026-08-11 16:44:06.541821] [INFO] [path_server] 노드 업데이트 : [1179] ➜ [1180]
[2026-08-11 16:44:06.621862] [INFO] [path_server] 새로운 경로 설정 : path[1179 ➜ 103] time[0s] dist[6m] list[5] : 1179-1180-1181-1182-103
[2026-08-11 16:44:07.779622] [INFO] [path_server] 노드 업데이트 : [1180] ➜ [1181]
[2026-08-11 16:44:07.839515] [INFO] [path_server] 새로운 경로 설정 : path[1180 ➜ 103] time[0s] dist[4.5m] list[4] : 1180-1181-1182-103
[2026-08-11 16:44:08.657957] [INFO] [path_server] 노드 업데이트 : [1181] ➜ [1182]
[2026-08-11 16:44:08.737806] [INFO] [path_server] 새로운 경로 설정 : path[1181 ➜ 103] time[0s] dist[3m] list[3] : 1181-1182-103
[2026-08-11 16:44:09.975768] [INFO] [path_server] 노드 업데이트 : [1182] ➜ [103]
[2026-08-11 16:44:10.055609] [INFO] [path_server] 새로운 경로 설정 : path[1182 ➜ 103] time[0s] dist[1.5m] list[2] : 1182-103
[2026-08-11 16:44:15.185769] [INFO] [path_server] 노드 업데이트 : [103] ➜ [-1]
[2026-08-11 16:44:18.120166] [INFO] [path_server] 노드 업데이트 : [103] ➜ [-1]
[2026-08-11 16:44:39.262341] [INFO] [path_server] 경로 삭제
[2026-08-11 16:44:39.322270] [INFO] [path_server] 경로 삭제
[2026-08-11 16:45:50.008738] [INFO] [path_server] 생성
[2026-08-11 16:45:50.008776] [INFO] [path_server] 경로 삭제
[2026-08-11 16:45:50.010446] [INFO] [path_server] 노드 초기화 성공 : 로봇 좌표[5.503m 5.498m -179.419°] 최단 거리 노드[103] 거리(0.003717m)
[2026-08-11 16:45:50.030433] [INFO] [path_server] 경로 삭제
[2026-08-11 16:46:12.207520] [INFO] [path_server] 새로운 경로 설정 : path[103 ➜ 1037] time[0s] dist[27m] list[19] : 103-1182-1183-1184-1045-1046-1047-1048-1001-1002-1003-1004-1005-1010-1011-1012-1035-1036-1037
[2026-08-11 16:46:19.374379] [INFO] [path_server] 노드 업데이트 : [1182] ➜ [1183]
[2026-08-11 16:46:19.434300] [INFO] [path_server] 새로운 경로 설정 : path[1182 ➜ 1037] time[0s] dist[25.5m] list[18] : 1182-1183-1184-1045-1046-1047-1048-1001-1002-1003-1004-1005-1010-1011-1012-1035-1036-1037
[2026-08-11 16:46:22.987849] [INFO] [path_server] 노드 업데이트 : [1183] ➜ [1184]
[2026-08-11 16:46:23.067792] [INFO] [path_server] 새로운 경로 설정 : path[1183 ➜ 1037] time[0s] dist[24m] list[17] : 1183-1184-1045-1046-1047-1048-1001-1002-1003-1004-1005-1010-1011-1012-1035-1036-1037
[2026-08-11 16:46:24.125551] [INFO] [path_server] 노드 업데이트 : [1184] ➜ [1045]
[2026-08-11 16:46:24.205482] [INFO] [path_server] 새로운 경로 설정 : path[1184 ➜ 1037] time[0s] dist[22.5m] list[16] : 1184-1045-1046-1047-1048-1001-1002-1003-1004-1005-1010-1011-1012-1035-1036-1037
[2026-08-11 16:46:25.463251] [INFO] [path_server] 노드 업데이트 : [1045] ➜ [1046]
[2026-08-11 16:46:25.543122] [INFO] [path_server] 새로운 경로 설정 : path[1045 ➜ 1037] time[0s] dist[21m] list[15] : 1045-1046-1047-1048-1001-1002-1003-1004-1005-1010-1011-1012-1035-1036-1037
[2026-08-11 16:46:28.796844] [INFO] [path_server] 노드 업데이트 : [1046] ➜ [1047]
[2026-08-11 16:46:28.876715] [INFO] [path_server] 새로운 경로 설정 : path[1046 ➜ 1037] time[0s] dist[19.5m] list[14] : 1046-1047-1048-1001-1002-1003-1004-1005-1010-1011-1012-1035-1036-1037
[2026-08-11 16:46:29.934585] [INFO] [path_server] 노드 업데이트 : [1047] ➜ [1048]
[2026-08-11 16:46:30.014486] [INFO] [path_server] 새로운 경로 설정 : path[1047 ➜ 1037] time[0s] dist[18m] list[13] : 1047-1048-1001-1002-1003-1004-1005-1010-1011-1012-1035-1036-1037
[2026-08-11 16:46:30.752968] [INFO] [path_server] 노드 업데이트 : [1048] ➜ [1001]
[2026-08-11 16:46:30.832864] [INFO] [path_server] 새로운 경로 설정 : path[1048 ➜ 1037] time[0s] dist[16.5m] list[12] : 1048-1001-1002-1003-1004-1005-1010-1011-1012-1035-1036-1037
[2026-08-11 16:46:31.511555] [INFO] [path_server] 노드 업데이트 : [1001] ➜ [1002]
[2026-08-11 16:46:31.571496] [INFO] [path_server] 새로운 경로 설정 : path[1001 ➜ 1037] time[0s] dist[15m] list[11] : 1001-1002-1003-1004-1005-1010-1011-1012-1035-1036-1037
[2026-08-11 16:46:32.250214] [INFO] [path_server] 노드 업데이트 : [1002] ➜ [1003]
[2026-08-11 16:46:32.330199] [INFO] [path_server] 새로운 경로 설정 : path[1002 ➜ 1037] time[0s] dist[13.5m] list[10] : 1002-1003-1004-1005-1010-1011-1012-1035-1036-1037
[2026-08-11 16:46:33.008871] [INFO] [path_server] 노드 업데이트 : [1003] ➜ [1004]
[2026-08-11 16:46:33.068766] [INFO] [path_server] 새로운 경로 설정 : path[1003 ➜ 1037] time[0s] dist[12m] list[9] : 1003-1004-1005-1010-1011-1012-1035-1036-1037
[2026-08-11 16:46:33.767409] [INFO] [path_server] 노드 업데이트 : [1004] ➜ [1005]
[2026-08-11 16:46:33.847266] [INFO] [path_server] 새로운 경로 설정 : path[1004 ➜ 1037] time[0s] dist[10.5m] list[8] : 1004-1005-1010-1011-1012-1035-1036-1037
[2026-08-11 16:46:35.084938] [INFO] [path_server] 노드 업데이트 : [1005] ➜ [1010]
[2026-08-11 16:46:35.164797] [INFO] [path_server] 새로운 경로 설정 : path[1005 ➜ 1037] time[0s] dist[9m] list[7] : 1005-1010-1011-1012-1035-1036-1037
[2026-08-11 16:46:38.178719] [INFO] [path_server] 노드 업데이트 : [1010] ➜ [1011]
[2026-08-11 16:46:38.258674] [INFO] [path_server] 새로운 경로 설정 : path[1010 ➜ 1037] time[0s] dist[7.5m] list[6] : 1010-1011-1012-1035-1036-1037
[2026-08-11 16:46:41.552866] [INFO] [path_server] 노드 업데이트 : [1011] ➜ [1012]
[2026-08-11 16:46:41.632790] [INFO] [path_server] 새로운 경로 설정 : path[1011 ➜ 1037] time[0s] dist[6m] list[5] : 1011-1012-1035-1036-1037
[2026-08-11 16:46:42.670721] [INFO] [path_server] 노드 업데이트 : [1012] ➜ [1035]
[2026-08-11 16:46:42.750558] [INFO] [path_server] 새로운 경로 설정 : path[1012 ➜ 1037] time[0s] dist[4.5m] list[4] : 1012-1035-1036-1037
[2026-08-11 16:46:43.508923] [INFO] [path_server] 노드 업데이트 : [1035] ➜ [1036]
[2026-08-11 16:46:43.588828] [INFO] [path_server] 새로운 경로 설정 : path[1035 ➜ 1037] time[0s] dist[3m] list[3] : 1035-1036-1037
[2026-08-11 16:46:44.247777] [INFO] [path_server] 노드 업데이트 : [1036] ➜ [1037]
[2026-08-11 16:46:44.307682] [INFO] [path_server] 새로운 경로 설정 : path[1036 ➜ 1037] time[0s] dist[1.5m] list[2] : 1036-1037
[2026-08-11 16:46:46.483555] [INFO] [path_server] 노드 업데이트 : [1037] ➜ [-1]
[2026-08-11 16:46:49.658037] [INFO] [path_server] 노드 업데이트 : [1037] ➜ [-1]
[2026-08-11 16:46:49.737925] [INFO] [path_server] 경로 삭제
[2026-08-11 16:46:59.619251] [INFO] [path_server] 새로운 경로 설정 : path[1037 ➜ 110] time[0s] dist[39m] list[27] : 1037-1038-1039-1040-1041-1042-1112-1113-1043-1044-1045-1046-1047-1048-1001-1002-1003-1004-1005-1006-1021-1022-1007-1167-1168-1169-110
[2026-08-11 16:47:01.955504] [INFO] [path_server] 노드 업데이트 : [1038] ➜ [1039]
[2026-08-11 16:47:02.015426] [INFO] [path_server] 새로운 경로 설정 : path[1038 ➜ 110] time[0s] dist[37.5m] list[26] : 1038-1039-1040-1041-1042-1112-1113-1043-1044-1045-1046-1047-1048-1001-1002-1003-1004-1005-1006-1021-1022-1007-1167-1168-1169-110
[2026-08-11 16:47:03.013384] [INFO] [path_server] 노드 업데이트 : [1039] ➜ [1040]
[2026-08-11 16:47:03.093261] [INFO] [path_server] 새로운 경로 설정 : path[1039 ➜ 110] time[0s] dist[36m] list[25] : 1039-1040-1041-1042-1112-1113-1043-1044-1045-1046-1047-1048-1001-1002-1003-1004-1005-1006-1021-1022-1007-1167-1168-1169-110
[2026-08-11 16:47:03.811793] [INFO] [path_server] 노드 업데이트 : [1040] ➜ [1041]
[2026-08-11 16:47:03.871718] [INFO] [path_server] 새로운 경로 설정 : path[1040 ➜ 110] time[0s] dist[34.5m] list[24] : 1040-1041-1042-1112-1113-1043-1044-1045-1046-1047-1048-1001-1002-1003-1004-1005-1006-1021-1022-1007-1167-1168-1169-110
[2026-08-11 16:47:04.570593] [INFO] [path_server] 노드 업데이트 : [1041] ➜ [1042]
[2026-08-11 16:47:04.650524] [INFO] [path_server] 새로운 경로 설정 : path[1041 ➜ 110] time[0s] dist[33m] list[23] : 1041-1042-1112-1113-1043-1044-1045-1046-1047-1048-1001-1002-1003-1004-1005-1006-1021-1022-1007-1167-1168-1169-110
[2026-08-11 16:47:05.309527] [INFO] [path_server] 노드 업데이트 : [1042] ➜ [1112]
[2026-08-11 16:47:05.369505] [INFO] [path_server] 새로운 경로 설정 : path[1042 ➜ 110] time[0s] dist[31.5m] list[22] : 1042-1112-1113-1043-1044-1045-1046-1047-1048-1001-1002-1003-1004-1005-1006-1021-1022-1007-1167-1168-1169-110
[2026-08-11 16:47:06.627701] [INFO] [path_server] 노드 업데이트 : [1112] ➜ [1113]
[2026-08-11 16:47:06.687750] [INFO] [path_server] 새로운 경로 설정 : path[1112 ➜ 110] time[0s] dist[30m] list[21] : 1112-1113-1043-1044-1045-1046-1047-1048-1001-1002-1003-1004-1005-1006-1021-1022-1007-1167-1168-1169-110
[2026-08-11 16:47:09.701759] [INFO] [path_server] 노드 업데이트 : [1113] ➜ [1043]
[2026-08-11 16:47:09.781698] [INFO] [path_server] 새로운 경로 설정 : path[1113 ➜ 110] time[0s] dist[28.5m] list[20] : 1113-1043-1044-1045-1046-1047-1048-1001-1002-1003-1004-1005-1006-1021-1022-1007-1167-1168-1169-110
[2026-08-11 16:47:13.075070] [INFO] [path_server] 노드 업데이트 : [1043] ➜ [1044]
[2026-08-11 16:47:13.174930] [INFO] [path_server] 새로운 경로 설정 : path[1043 ➜ 110] time[0s] dist[27m] list[19] : 1043-1044-1045-1046-1047-1048-1001-1002-1003-1004-1005-1006-1021-1022-1007-1167-1168-1169-110
[2026-08-11 16:47:14.213038] [INFO] [path_server] 노드 업데이트 : [1044] ➜ [1045]
[2026-08-11 16:47:14.272958] [INFO] [path_server] 새로운 경로 설정 : path[1044 ➜ 110] time[0s] dist[25.5m] list[18] : 1044-1045-1046-1047-1048-1001-1002-1003-1004-1005-1006-1021-1022-1007-1167-1168-1169-110
[2026-08-11 16:47:15.031398] [INFO] [path_server] 노드 업데이트 : [1045] ➜ [1046]
[2026-08-11 16:47:15.111270] [INFO] [path_server] 새로운 경로 설정 : path[1045 ➜ 110] time[0s] dist[24m] list[17] : 1045-1046-1047-1048-1001-1002-1003-1004-1005-1006-1021-1022-1007-1167-1168-1169-110
[2026-08-11 16:47:15.789801] [INFO] [path_server] 노드 업데이트 : [1046] ➜ [1047]
[2026-08-11 16:47:15.869753] [INFO] [path_server] 새로운 경로 설정 : path[1046 ➜ 110] time[0s] dist[22.5m] list[16] : 1046-1047-1048-1001-1002-1003-1004-1005-1006-1021-1022-1007-1167-1168-1169-110
[2026-08-11 16:47:16.548441] [INFO] [path_server] 노드 업데이트 : [1047] ➜ [1048]
[2026-08-11 16:47:16.608335] [INFO] [path_server] 새로운 경로 설정 : path[1047 ➜ 110] time[0s] dist[21m] list[15] : 1047-1048-1001-1002-1003-1004-1005-1006-1021-1022-1007-1167-1168-1169-110
[2026-08-11 16:47:17.286846] [INFO] [path_server] 노드 업데이트 : [1048] ➜ [1001]
[2026-08-11 16:47:17.366743] [INFO] [path_server] 새로운 경로 설정 : path[1048 ➜ 110] time[0s] dist[19.5m] list[14] : 1048-1001-1002-1003-1004-1005-1006-1021-1022-1007-1167-1168-1169-110
[2026-08-11 16:47:18.045506] [INFO] [path_server] 노드 업데이트 : [1001] ➜ [1002]
[2026-08-11 16:47:18.105419] [INFO] [path_server] 새로운 경로 설정 : path[1001 ➜ 110] time[0s] dist[18m] list[13] : 1001-1002-1003-1004-1005-1006-1021-1022-1007-1167-1168-1169-110
[2026-08-11 16:47:18.784041] [INFO] [path_server] 노드 업데이트 : [1002] ➜ [1003]
[2026-08-11 16:47:18.863954] [INFO] [path_server] 새로운 경로 설정 : path[1002 ➜ 110] time[0s] dist[16.5m] list[12] : 1002-1003-1004-1005-1006-1021-1022-1007-1167-1168-1169-110
[2026-08-11 16:47:19.542479] [INFO] [path_server] 노드 업데이트 : [1003] ➜ [1004]
[2026-08-11 16:47:19.602370] [INFO] [path_server] 새로운 경로 설정 : path[1003 ➜ 110] time[0s] dist[15m] list[11] : 1003-1004-1005-1006-1021-1022-1007-1167-1168-1169-110
[2026-08-11 16:47:20.280969] [INFO] [path_server] 노드 업데이트 : [1004] ➜ [1005]
[2026-08-11 16:47:20.360899] [INFO] [path_server] 새로운 경로 설정 : path[1004 ➜ 110] time[0s] dist[13.5m] list[10] : 1004-1005-1006-1021-1022-1007-1167-1168-1169-110
[2026-08-11 16:47:21.039538] [INFO] [path_server] 노드 업데이트 : [1005] ➜ [1006]
[2026-08-11 16:47:21.099446] [INFO] [path_server] 새로운 경로 설정 : path[1005 ➜ 110] time[0s] dist[12m] list[9] : 1005-1006-1021-1022-1007-1167-1168-1169-110
[2026-08-11 16:47:21.797943] [INFO] [path_server] 노드 업데이트 : [1006] ➜ [1021]
[2026-08-11 16:47:21.877850] [INFO] [path_server] 새로운 경로 설정 : path[1006 ➜ 110] time[0s] dist[10.5m] list[8] : 1006-1021-1022-1007-1167-1168-1169-110
[2026-08-11 16:47:22.536472] [INFO] [path_server] 노드 업데이트 : [1021] ➜ [1022]
[2026-08-11 16:47:22.596381] [INFO] [path_server] 새로운 경로 설정 : path[1021 ➜ 110] time[0s] dist[9.00003m] list[7] : 1021-1022-1007-1167-1168-1169-110
[2026-08-11 16:47:23.853773] [INFO] [path_server] 노드 업데이트 : [1022] ➜ [1007]
[2026-08-11 16:47:23.913666] [INFO] [path_server] 새로운 경로 설정 : path[1022 ➜ 110] time[0s] dist[7.50003m] list[6] : 1022-1007-1167-1168-1169-110
[2026-08-11 16:47:27.207306] [INFO] [path_server] 노드 업데이트 : [1007] ➜ [1167]
[2026-08-11 16:47:27.287280] [INFO] [path_server] 새로운 경로 설정 : path[1007 ➜ 110] time[0s] dist[6.00003m] list[5] : 1007-1167-1168-1169-110
[2026-08-11 16:47:28.345105] [INFO] [path_server] 노드 업데이트 : [1167] ➜ [1168]
[2026-08-11 16:47:28.425038] [INFO] [path_server] 새로운 경로 설정 : path[1167 ➜ 110] time[0s] dist[4.50003m] list[4] : 1167-1168-1169-110
[2026-08-11 16:47:29.163448] [INFO] [path_server] 노드 업데이트 : [1168] ➜ [1169]
[2026-08-11 16:47:29.223351] [INFO] [path_server] 새로운 경로 설정 : path[1168 ➜ 110] time[0s] dist[3.00003m] list[3] : 1168-1169-110
[2026-08-11 16:47:30.580670] [INFO] [path_server] 노드 업데이트 : [1169] ➜ [110]
[2026-08-11 16:47:30.660570] [INFO] [path_server] 새로운 경로 설정 : path[1169 ➜ 110] time[0s] dist[1.50003m] list[2] : 1169-110
[2026-08-11 16:47:36.110275] [INFO] [path_server] 노드 업데이트 : [110] ➜ [-1]
[2026-08-11 16:47:39.044591] [INFO] [path_server] 노드 업데이트 : [110] ➜ [-1]
[2026-08-11 16:49:24.421436] [INFO] [path_server] 생성
[2026-08-11 16:49:24.421478] [INFO] [path_server] 경로 삭제
[2026-08-11 16:49:24.423223] [INFO] [path_server] 노드 초기화 성공 : 로봇 좌표[22.004m 15.988m -179.520°] 최단 거리 노드[110] 거리(0.004207m)
[2026-08-11 16:49:58.416147] [INFO] [path_server] 생성
[2026-08-11 16:49:58.416198] [INFO] [path_server] 경로 삭제
[2026-08-11 16:49:58.417683] [INFO] [path_server] 노드 초기화 성공 : 로봇 좌표[22.004m 15.988m -179.520°] 최단 거리 노드[110] 거리(0.004207m)
[2026-08-11 16:50:27.405915] [INFO] [path_server] 새로운 경로 설정 : path[110 ➜ 1087] time[0s] dist[58.5m] list[40] : 110-1169-1170-1171-1172-1091-1092-1093-1094-1095-1074-1075-1076-1018-1019-1020-1011-1004-1005-1006-1021-1022-1023-1024-1025-1026-1027-1028-1148-1077-1078-1079-1080-1081-1082-1083-1084-1085-1086-1087
[2026-08-11 16:50:32.097690] [INFO] [path_server] 노드 업데이트 : [1169] ➜ [1170]
[2026-08-11 16:50:32.177624] [INFO] [path_server] 새로운 경로 설정 : path[1169 ➜ 1087] time[0s] dist[57m] list[39] : 1169-1170-1171-1172-1091-1092-1093-1094-1095-1074-1075-1076-1018-1019-1020-1011-1004-1005-1006-1021-1022-1023-1024-1025-1026-1027-1028-1148-1077-1078-1079-1080-1081-1082-1083-1084-1085-1086-1087
[2026-08-11 16:50:35.790792] [INFO] [path_server] 노드 업데이트 : [1170] ➜ [1171]
[2026-08-11 16:50:35.850767] [INFO] [path_server] 새로운 경로 설정 : path[1170 ➜ 1087] time[0s] dist[55.5m] list[38] : 1170-1171-1172-1091-1092-1093-1094-1095-1074-1075-1076-1018-1019-1020-1011-1004-1005-1006-1021-1022-1023-1024-1025-1026-1027-1028-1148-1077-1078-1079-1080-1081-1082-1083-1084-1085-1086-1087
[2026-08-11 16:50:36.908753] [INFO] [path_server] 노드 업데이트 : [1171] ➜ [1172]
[2026-08-11 16:50:37.008629] [INFO] [path_server] 새로운 경로 설정 : path[1171 ➜ 1087] time[0s] dist[54m] list[37] : 1171-1172-1091-1092-1093-1094-1095-1074-1075-1076-1018-1019-1020-1011-1004-1005-1006-1021-1022-1023-1024-1025-1026-1027-1028-1148-1077-1078-1079-1080-1081-1082-1083-1084-1085-1086-1087
[2026-08-11 16:50:37.727143] [INFO] [path_server] 노드 업데이트 : [1172] ➜ [1091]
[2026-08-11 16:50:37.807069] [INFO] [path_server] 새로운 경로 설정 : path[1172 ➜ 1087] time[0s] dist[52.5m] list[36] : 1172-1091-1092-1093-1094-1095-1074-1075-1076-1018-1019-1020-1011-1004-1005-1006-1021-1022-1023-1024-1025-1026-1027-1028-1148-1077-1078-1079-1080-1081-1082-1083-1084-1085-1086-1087
[2026-08-11 16:50:38.765250] [INFO] [path_server] 노드 업데이트 : [1091] ➜ [1092]
[2026-08-11 16:50:38.825224] [INFO] [path_server] 새로운 경로 설정 : path[1091 ➜ 1087] time[0s] dist[51m] list[35] : 1091-1092-1093-1094-1095-1074-1075-1076-1018-1019-1020-1011-1004-1005-1006-1021-1022-1023-1024-1025-1026-1027-1028-1148-1077-1078-1079-1080-1081-1082-1083-1084-1085-1086-1087
[2026-08-11 16:50:42.038930] [INFO] [path_server] 노드 업데이트 : [1092] ➜ [1093]
[2026-08-11 16:50:42.118821] [INFO] [path_server] 새로운 경로 설정 : path[1092 ➜ 1087] time[0s] dist[49.5m] list[34] : 1092-1093-1094-1095-1074-1075-1076-1018-1019-1020-1011-1004-1005-1006-1021-1022-1023-1024-1025-1026-1027-1028-1148-1077-1078-1079-1080-1081-1082-1083-1084-1085-1086-1087
[2026-08-11 16:50:43.276551] [INFO] [path_server] 노드 업데이트 : [1093] ➜ [1094]
[2026-08-11 16:50:43.356521] [INFO] [path_server] 새로운 경로 설정 : path[1093 ➜ 1087] time[0s] dist[48m] list[33] : 1093-1094-1095-1074-1075-1076-1018-1019-1020-1011-1004-1005-1006-1021-1022-1023-1024-1025-1026-1027-1028-1148-1077-1078-1079-1080-1081-1082-1083-1084-1085-1086-1087
[2026-08-11 16:50:44.155182] [INFO] [path_server] 노드 업데이트 : [1094] ➜ [1095]
[2026-08-11 16:50:44.215124] [INFO] [path_server] 새로운 경로 설정 : path[1094 ➜ 1087] time[0s] dist[46.5m] list[32] : 1094-1095-1074-1075-1076-1018-1019-1020-1011-1004-1005-1006-1021-1022-1023-1024-1025-1026-1027-1028-1148-1077-1078-1079-1080-1081-1082-1083-1084-1085-1086-1087
[2026-08-11 16:50:45.473132] [INFO] [path_server] 노드 업데이트 : [1095] ➜ [1074]
[2026-08-11 16:50:45.533118] [INFO] [path_server] 새로운 경로 설정 : path[1095 ➜ 1087] time[0s] dist[45m] list[31] : 1095-1074-1075-1076-1018-1019-1020-1011-1004-1005-1006-1021-1022-1023-1024-1025-1026-1027-1028-1148-1077-1078-1079-1080-1081-1082-1083-1084-1085-1086-1087
[2026-08-11 16:50:48.806876] [INFO] [path_server] 노드 업데이트 : [1074] ➜ [1075]
[2026-08-11 16:50:48.866779] [INFO] [path_server] 새로운 경로 설정 : path[1074 ➜ 1087] time[0s] dist[43.5m] list[30] : 1074-1075-1076-1018-1019-1020-1011-1004-1005-1006-1021-1022-1023-1024-1025-1026-1027-1028-1148-1077-1078-1079-1080-1081-1082-1083-1084-1085-1086-1087
[2026-08-11 16:50:49.945178] [INFO] [path_server] 노드 업데이트 : [1075] ➜ [1076]
[2026-08-11 16:50:50.005190] [INFO] [path_server] 새로운 경로 설정 : path[1075 ➜ 1087] time[0s] dist[42m] list[29] : 1075-1076-1018-1019-1020-1011-1004-1005-1006-1021-1022-1023-1024-1025-1026-1027-1028-1148-1077-1078-1079-1080-1081-1082-1083-1084-1085-1086-1087
[2026-08-11 16:50:50.763548] [INFO] [path_server] 노드 업데이트 : [1076] ➜ [1018]
[2026-08-11 16:50:50.843406] [INFO] [path_server] 새로운 경로 설정 : path[1076 ➜ 1087] time[0s] dist[40.5m] list[28] : 1076-1018-1019-1020-1011-1004-1005-1006-1021-1022-1023-1024-1025-1026-1027-1028-1148-1077-1078-1079-1080-1081-1082-1083-1084-1085-1086-1087
[2026-08-11 16:50:51.522122] [INFO] [path_server] 노드 업데이트 : [1018] ➜ [1019]
[2026-08-11 16:50:51.602054] [INFO] [path_server] 새로운 경로 설정 : path[1018 ➜ 1087] time[0s] dist[39m] list[27] : 1018-1019-1020-1011-1004-1005-1006-1021-1022-1023-1024-1025-1026-1027-1028-1148-1077-1078-1079-1080-1081-1082-1083-1084-1085-1086-1087
[2026-08-11 16:50:52.280811] [INFO] [path_server] 노드 업데이트 : [1019] ➜ [1020]
[2026-08-11 16:50:52.340744] [INFO] [path_server] 새로운 경로 설정 : path[1019 ➜ 1087] time[0s] dist[37.5m] list[26] : 1019-1020-1011-1004-1005-1006-1021-1022-1023-1024-1025-1026-1027-1028-1148-1077-1078-1079-1080-1081-1082-1083-1084-1085-1086-1087
[2026-08-11 16:50:53.019338] [INFO] [path_server] 노드 업데이트 : [1020] ➜ [1011]
[2026-08-11 16:50:53.099286] [INFO] [path_server] 새로운 경로 설정 : path[1020 ➜ 1087] time[0s] dist[36m] list[25] : 1020-1011-1004-1005-1006-1021-1022-1023-1024-1025-1026-1027-1028-1148-1077-1078-1079-1080-1081-1082-1083-1084-1085-1086-1087
[2026-08-11 16:50:53.777886] [INFO] [path_server] 노드 업데이트 : [1011] ➜ [1004]
[2026-08-11 16:50:53.837784] [INFO] [path_server] 새로운 경로 설정 : path[1011 ➜ 1087] time[0s] dist[34.5m] list[24] : 1011-1004-1005-1006-1021-1022-1023-1024-1025-1026-1027-1028-1148-1077-1078-1079-1080-1081-1082-1083-1084-1085-1086-1087
[2026-08-11 16:50:55.095240] [INFO] [path_server] 노드 업데이트 : [1004] ➜ [1005]
[2026-08-11 16:50:55.155160] [INFO] [path_server] 새로운 경로 설정 : path[1004 ➜ 1087] time[0s] dist[33m] list[23] : 1004-1005-1006-1021-1022-1023-1024-1025-1026-1027-1028-1148-1077-1078-1079-1080-1081-1082-1083-1084-1085-1086-1087
[2026-08-11 16:50:58.449056] [INFO] [path_server] 노드 업데이트 : [1005] ➜ [1006]
[2026-08-11 16:50:58.508993] [INFO] [path_server] 새로운 경로 설정 : path[1005 ➜ 1087] time[0s] dist[31.5m] list[22] : 1005-1006-1021-1022-1023-1024-1025-1026-1027-1028-1148-1077-1078-1079-1080-1081-1082-1083-1084-1085-1086-1087
[2026-08-11 16:50:59.586808] [INFO] [path_server] 노드 업데이트 : [1006] ➜ [1021]
[2026-08-11 16:50:59.646743] [INFO] [path_server] 새로운 경로 설정 : path[1006 ➜ 1087] time[0s] dist[30m] list[21] : 1006-1021-1022-1023-1024-1025-1026-1027-1028-1148-1077-1078-1079-1080-1081-1082-1083-1084-1085-1086-1087
[2026-08-11 16:51:00.405336] [INFO] [path_server] 노드 업데이트 : [1021] ➜ [1022]
[2026-08-11 16:51:00.485366] [INFO] [path_server] 새로운 경로 설정 : path[1021 ➜ 1087] time[0s] dist[28.5m] list[20] : 1021-1022-1023-1024-1025-1026-1027-1028-1148-1077-1078-1079-1080-1081-1082-1083-1084-1085-1086-1087
[2026-08-11 16:51:01.164401] [INFO] [path_server] 노드 업데이트 : [1022] ➜ [1023]
[2026-08-11 16:51:01.244318] [INFO] [path_server] 새로운 경로 설정 : path[1022 ➜ 1087] time[0s] dist[27m] list[19] : 1022-1023-1024-1025-1026-1027-1028-1148-1077-1078-1079-1080-1081-1082-1083-1084-1085-1086-1087
[2026-08-11 16:51:01.903003] [INFO] [path_server] 노드 업데이트 : [1023] ➜ [1024]
[2026-08-11 16:51:01.982850] [INFO] [path_server] 새로운 경로 설정 : path[1023 ➜ 1087] time[0s] dist[25.5m] list[18] : 1023-1024-1025-1026-1027-1028-1148-1077-1078-1079-1080-1081-1082-1083-1084-1085-1086-1087
[2026-08-11 16:51:02.661353] [INFO] [path_server] 노드 업데이트 : [1024] ➜ [1025]
[2026-08-11 16:51:02.741305] [INFO] [path_server] 새로운 경로 설정 : path[1024 ➜ 1087] time[0s] dist[24m] list[17] : 1024-1025-1026-1027-1028-1148-1077-1078-1079-1080-1081-1082-1083-1084-1085-1086-1087
[2026-08-11 16:51:03.419882] [INFO] [path_server] 노드 업데이트 : [1025] ➜ [1026]
[2026-08-11 16:51:03.499784] [INFO] [path_server] 새로운 경로 설정 : path[1025 ➜ 1087] time[0s] dist[22.5m] list[16] : 1025-1026-1027-1028-1148-1077-1078-1079-1080-1081-1082-1083-1084-1085-1086-1087
[2026-08-11 16:51:04.158405] [INFO] [path_server] 노드 업데이트 : [1026] ➜ [1027]
[2026-08-11 16:51:04.238259] [INFO] [path_server] 새로운 경로 설정 : path[1026 ➜ 1087] time[0s] dist[21m] list[15] : 1026-1027-1028-1148-1077-1078-1079-1080-1081-1082-1083-1084-1085-1086-1087
[2026-08-11 16:51:04.916916] [INFO] [path_server] 노드 업데이트 : [1027] ➜ [1028]
[2026-08-11 16:51:04.996847] [INFO] [path_server] 새로운 경로 설정 : path[1027 ➜ 1087] time[0s] dist[19.5m] list[14] : 1027-1028-1148-1077-1078-1079-1080-1081-1082-1083-1084-1085-1086-1087
[2026-08-11 16:51:05.655487] [INFO] [path_server] 노드 업데이트 : [1028] ➜ [1148]
[2026-08-11 16:51:05.735383] [INFO] [path_server] 새로운 경로 설정 : path[1028 ➜ 1087] time[0s] dist[18m] list[13] : 1028-1148-1077-1078-1079-1080-1081-1082-1083-1084-1085-1086-1087
[2026-08-11 16:51:06.992907] [INFO] [path_server] 노드 업데이트 : [1148] ➜ [1077]
[2026-08-11 16:51:07.052810] [INFO] [path_server] 새로운 경로 설정 : path[1148 ➜ 1087] time[0s] dist[16.5m] list[12] : 1148-1077-1078-1079-1080-1081-1082-1083-1084-1085-1086-1087
[2026-08-11 16:51:10.346426] [INFO] [path_server] 노드 업데이트 : [1077] ➜ [1078]
[2026-08-11 16:51:10.406332] [INFO] [path_server] 새로운 경로 설정 : path[1077 ➜ 1087] time[0s] dist[15m] list[11] : 1077-1078-1079-1080-1081-1082-1083-1084-1085-1086-1087
[2026-08-11 16:51:11.484157] [INFO] [path_server] 노드 업데이트 : [1078] ➜ [1079]
[2026-08-11 16:51:11.544085] [INFO] [path_server] 새로운 경로 설정 : path[1078 ➜ 1087] time[0s] dist[13.5m] list[10] : 1078-1079-1080-1081-1082-1083-1084-1085-1086-1087
[2026-08-11 16:51:12.302451] [INFO] [path_server] 노드 업데이트 : [1079] ➜ [1080]
[2026-08-11 16:51:12.382328] [INFO] [path_server] 새로운 경로 설정 : path[1079 ➜ 1087] time[0s] dist[12m] list[9] : 1079-1080-1081-1082-1083-1084-1085-1086-1087
[2026-08-11 16:51:13.060884] [INFO] [path_server] 노드 업데이트 : [1080] ➜ [1081]
[2026-08-11 16:51:13.140749] [INFO] [path_server] 새로운 경로 설정 : path[1080 ➜ 1087] time[0s] dist[10.5m] list[8] : 1080-1081-1082-1083-1084-1085-1086-1087
[2026-08-11 16:51:13.819372] [INFO] [path_server] 노드 업데이트 : [1081] ➜ [1082]
[2026-08-11 16:51:13.899292] [INFO] [path_server] 새로운 경로 설정 : path[1081 ➜ 1087] time[0s] dist[9m] list[7] : 1081-1082-1083-1084-1085-1086-1087
[2026-08-11 16:51:14.558037] [INFO] [path_server] 노드 업데이트 : [1082] ➜ [1083]
[2026-08-11 16:51:14.637892] [INFO] [path_server] 새로운 경로 설정 : path[1082 ➜ 1087] time[0s] dist[7.5m] list[6] : 1082-1083-1084-1085-1086-1087
[2026-08-11 16:51:15.316573] [INFO] [path_server] 노드 업데이트 : [1083] ➜ [1084]
[2026-08-11 16:51:15.396484] [INFO] [path_server] 새로운 경로 설정 : path[1083 ➜ 1087] time[0s] dist[6m] list[5] : 1083-1084-1085-1086-1087
[2026-08-11 16:51:16.714380] [INFO] [path_server] 노드 업데이트 : [1084] ➜ [1085]
[2026-08-11 16:51:16.794242] [INFO] [path_server] 새로운 경로 설정 : path[1084 ➜ 1087] time[0s] dist[4.5m] list[4] : 1084-1085-1086-1087
[2026-08-11 16:51:20.187654] [INFO] [path_server] 노드 업데이트 : [1085] ➜ [1086]
[2026-08-11 16:51:20.267501] [INFO] [path_server] 새로운 경로 설정 : path[1085 ➜ 1087] time[0s] dist[3m] list[3] : 1085-1086-1087
[2026-08-11 16:51:21.305495] [INFO] [path_server] 노드 업데이트 : [1086] ➜ [1087]
[2026-08-11 16:51:21.385394] [INFO] [path_server] 새로운 경로 설정 : path[1086 ➜ 1087] time[0s] dist[1.5m] list[2] : 1086-1087
[2026-08-11 16:51:23.501360] [INFO] [path_server] 노드 업데이트 : [1087] ➜ [-1]
[2026-08-11 16:51:27.015595] [INFO] [path_server] 노드 업데이트 : [1087] ➜ [-1]
[2026-08-11 16:51:27.075468] [INFO] [path_server] 경로 삭제
[2026-08-11 16:51:32.166474] [INFO] [path_server] 새로운 경로 설정 : path[1087 ➜ 202] time[0s] dist[24m] list[17] : 1087-1088-1089-1090-1091-1092-1093-1094-1095-1074-1075-1076-1018-1158-1159-1160-202
[2026-08-11 16:51:34.502158] [INFO] [path_server] 노드 업데이트 : [1088] ➜ [1089]
[2026-08-11 16:51:34.562110] [INFO] [path_server] 새로운 경로 설정 : path[1088 ➜ 202] time[0s] dist[22.5m] list[16] : 1088-1089-1090-1091-1092-1093-1094-1095-1074-1075-1076-1018-1158-1159-1160-202
[2026-08-11 16:51:35.560188] [INFO] [path_server] 노드 업데이트 : [1089] ➜ [1090]
[2026-08-11 16:51:35.640025] [INFO] [path_server] 새로운 경로 설정 : path[1089 ➜ 202] time[0s] dist[21m] list[15] : 1089-1090-1091-1092-1093-1094-1095-1074-1075-1076-1018-1158-1159-1160-202
[2026-08-11 16:51:36.358487] [INFO] [path_server] 노드 업데이트 : [1090] ➜ [1091]
[2026-08-11 16:51:36.418411] [INFO] [path_server] 새로운 경로 설정 : path[1090 ➜ 202] time[0s] dist[19.5m] list[14] : 1090-1091-1092-1093-1094-1095-1074-1075-1076-1018-1158-1159-1160-202
[2026-08-11 16:51:37.116928] [INFO] [path_server] 노드 업데이트 : [1091] ➜ [1092]
[2026-08-11 16:51:37.196798] [INFO] [path_server] 새로운 경로 설정 : path[1091 ➜ 202] time[0s] dist[18m] list[13] : 1091-1092-1093-1094-1095-1074-1075-1076-1018-1158-1159-1160-202
[2026-08-11 16:51:37.855458] [INFO] [path_server] 노드 업데이트 : [1092] ➜ [1093]
[2026-08-11 16:51:37.915362] [INFO] [path_server] 새로운 경로 설정 : path[1092 ➜ 202] time[0s] dist[16.5m] list[12] : 1092-1093-1094-1095-1074-1075-1076-1018-1158-1159-1160-202
[2026-08-11 16:51:38.613824] [INFO] [path_server] 노드 업데이트 : [1093] ➜ [1094]
[2026-08-11 16:51:38.713643] [INFO] [path_server] 새로운 경로 설정 : path[1093 ➜ 202] time[0s] dist[15m] list[11] : 1093-1094-1095-1074-1075-1076-1018-1158-1159-1160-202
[2026-08-11 16:51:39.352306] [INFO] [path_server] 노드 업데이트 : [1094] ➜ [1095]
[2026-08-11 16:51:39.432361] [INFO] [path_server] 새로운 경로 설정 : path[1094 ➜ 202] time[0s] dist[13.5m] list[10] : 1094-1095-1074-1075-1076-1018-1158-1159-1160-202
[2026-08-11 16:51:40.689856] [INFO] [path_server] 노드 업데이트 : [1095] ➜ [1074]
[2026-08-11 16:51:40.769729] [INFO] [path_server] 새로운 경로 설정 : path[1095 ➜ 202] time[0s] dist[12m] list[9] : 1095-1074-1075-1076-1018-1158-1159-1160-202
[2026-08-11 16:51:44.043333] [INFO] [path_server] 노드 업데이트 : [1074] ➜ [1075]
[2026-08-11 16:51:44.123187] [INFO] [path_server] 새로운 경로 설정 : path[1074 ➜ 202] time[0s] dist[10.5m] list[8] : 1074-1075-1076-1018-1158-1159-1160-202
[2026-08-11 16:51:45.181015] [INFO] [path_server] 노드 업데이트 : [1075] ➜ [1076]
[2026-08-11 16:51:45.260856] [INFO] [path_server] 새로운 경로 설정 : path[1075 ➜ 202] time[0s] dist[9m] list[7] : 1075-1076-1018-1158-1159-1160-202
[2026-08-11 16:51:45.999677] [INFO] [path_server] 노드 업데이트 : [1076] ➜ [1018]
[2026-08-11 16:51:46.079594] [INFO] [path_server] 새로운 경로 설정 : path[1076 ➜ 202] time[0s] dist[7.5m] list[6] : 1076-1018-1158-1159-1160-202
[2026-08-11 16:51:47.336977] [INFO] [path_server] 노드 업데이트 : [1018] ➜ [1158]
[2026-08-11 16:51:47.416880] [INFO] [path_server] 새로운 경로 설정 : path[1018 ➜ 202] time[0s] dist[6m] list[5] : 1018-1158-1159-1160-202
[2026-08-11 16:51:50.710668] [INFO] [path_server] 노드 업데이트 : [1158] ➜ [1159]
[2026-08-11 16:51:50.790591] [INFO] [path_server] 새로운 경로 설정 : path[1158 ➜ 202] time[0s] dist[4.5m] list[4] : 1158-1159-1160-202
[2026-08-11 16:51:51.849261] [INFO] [path_server] 노드 업데이트 : [1159] ➜ [1160]
[2026-08-11 16:51:51.929181] [INFO] [path_server] 새로운 경로 설정 : path[1159 ➜ 202] time[0s] dist[3m] list[3] : 1159-1160-202
[2026-08-11 16:51:53.167215] [INFO] [path_server] 노드 업데이트 : [1160] ➜ [202]
[2026-08-11 16:51:53.247181] [INFO] [path_server] 새로운 경로 설정 : path[1160 ➜ 202] time[0s] dist[1.5m] list[2] : 1160-202
[2026-08-11 16:52:17.161799] [INFO] [path_server] 생성
[2026-08-11 16:52:17.161839] [INFO] [path_server] 경로 삭제
[2026-08-11 16:52:17.163698] [INFO] [path_server] 노드 초기화 성공 : 로봇 좌표[13.001m 14.504m -90.087°] 최단 거리 노드[202] 거리(0.004056m)
[2026-08-11 16:52:33.951086] [INFO] [path_server] 새로운 경로 설정 : path[202 ➜ 110] time[0s] dist[46.5m] list[32] : 202-1160-1161-1162-1163-1164-1165-1166-1109-1110-1111-1112-1113-1043-1044-1045-1046-1047-1048-1001-1002-1003-1004-1005-1006-1021-1022-1007-1167-1168-1169-110
[2026-08-11 16:52:38.841011] [INFO] [path_server] 노드 업데이트 : [1160] ➜ [1161]
[2026-08-11 16:52:38.920980] [INFO] [path_server] 새로운 경로 설정 : path[1160 ➜ 110] time[0s] dist[45m] list[31] : 1160-1161-1162-1163-1164-1165-1166-1109-1110-1111-1112-1113-1043-1044-1045-1046-1047-1048-1001-1002-1003-1004-1005-1006-1021-1022-1007-1167-1168-1169-110
[2026-08-11 16:52:42.474390] [INFO] [path_server] 노드 업데이트 : [1161] ➜ [1162]
[2026-08-11 16:52:42.554361] [INFO] [path_server] 새로운 경로 설정 : path[1161 ➜ 110] time[0s] dist[43.5m] list[30] : 1161-1162-1163-1164-1165-1166-1109-1110-1111-1112-1113-1043-1044-1045-1046-1047-1048-1001-1002-1003-1004-1005-1006-1021-1022-1007-1167-1168-1169-110
[2026-08-11 16:52:43.592230] [INFO] [path_server] 노드 업데이트 : [1162] ➜ [1163]
[2026-08-11 16:52:43.652170] [INFO] [path_server] 새로운 경로 설정 : path[1162 ➜ 110] time[0s] dist[42m] list[29] : 1162-1163-1164-1165-1166-1109-1110-1111-1112-1113-1043-1044-1045-1046-1047-1048-1001-1002-1003-1004-1005-1006-1021-1022-1007-1167-1168-1169-110
[2026-08-11 16:52:44.410626] [INFO] [path_server] 노드 업데이트 : [1163] ➜ [1164]
[2026-08-11 16:52:44.490512] [INFO] [path_server] 새로운 경로 설정 : path[1163 ➜ 110] time[0s] dist[40.5m] list[28] : 1163-1164-1165-1166-1109-1110-1111-1112-1113-1043-1044-1045-1046-1047-1048-1001-1002-1003-1004-1005-1006-1021-1022-1007-1167-1168-1169-110
[2026-08-11 16:52:45.169131] [INFO] [path_server] 노드 업데이트 : [1164] ➜ [1165]
[2026-08-11 16:52:45.249070] [INFO] [path_server] 새로운 경로 설정 : path[1164 ➜ 110] time[0s] dist[39m] list[27] : 1164-1165-1166-1109-1110-1111-1112-1113-1043-1044-1045-1046-1047-1048-1001-1002-1003-1004-1005-1006-1021-1022-1007-1167-1168-1169-110
[2026-08-11 16:52:45.927657] [INFO] [path_server] 노드 업데이트 : [1165] ➜ [1166]
[2026-08-11 16:52:45.987578] [INFO] [path_server] 새로운 경로 설정 : path[1165 ➜ 110] time[0s] dist[37.5m] list[26] : 1165-1166-1109-1110-1111-1112-1113-1043-1044-1045-1046-1047-1048-1001-1002-1003-1004-1005-1006-1021-1022-1007-1167-1168-1169-110
[2026-08-11 16:52:46.666107] [INFO] [path_server] 노드 업데이트 : [1166] ➜ [1109]
[2026-08-11 16:52:46.746035] [INFO] [path_server] 새로운 경로 설정 : path[1166 ➜ 110] time[0s] dist[36m] list[25] : 1166-1109-1110-1111-1112-1113-1043-1044-1045-1046-1047-1048-1001-1002-1003-1004-1005-1006-1021-1022-1007-1167-1168-1169-110
[2026-08-11 16:52:47.524500] [INFO] [path_server] 노드 업데이트 : [1109] ➜ [1110]
[2026-08-11 16:52:47.604449] [INFO] [path_server] 새로운 경로 설정 : path[1109 ➜ 110] time[0s] dist[34.5m] list[24] : 1109-1110-1111-1112-1113-1043-1044-1045-1046-1047-1048-1001-1002-1003-1004-1005-1006-1021-1022-1007-1167-1168-1169-110
[2026-08-11 16:52:51.177595] [INFO] [path_server] 노드 업데이트 : [1110] ➜ [1111]
[2026-08-11 16:52:51.257492] [INFO] [path_server] 새로운 경로 설정 : path[1110 ➜ 110] time[0s] dist[33m] list[23] : 1110-1111-1112-1113-1043-1044-1045-1046-1047-1048-1001-1002-1003-1004-1005-1006-1021-1022-1007-1167-1168-1169-110
[2026-08-11 16:52:52.534931] [INFO] [path_server] 노드 업데이트 : [1111] ➜ [1112]
[2026-08-11 16:52:52.614865] [INFO] [path_server] 새로운 경로 설정 : path[1111 ➜ 110] time[0s] dist[31.5m] list[22] : 1111-1112-1113-1043-1044-1045-1046-1047-1048-1001-1002-1003-1004-1005-1006-1021-1022-1007-1167-1168-1169-110
[2026-08-11 16:52:53.433207] [INFO] [path_server] 노드 업데이트 : [1112] ➜ [1113]
[2026-08-11 16:52:53.513143] [INFO] [path_server] 새로운 경로 설정 : path[1112 ➜ 110] time[0s] dist[30m] list[21] : 1112-1113-1043-1044-1045-1046-1047-1048-1001-1002-1003-1004-1005-1006-1021-1022-1007-1167-1168-1169-110
[2026-08-11 16:52:54.750558] [INFO] [path_server] 노드 업데이트 : [1113] ➜ [1043]
[2026-08-11 16:52:54.830460] [INFO] [path_server] 새로운 경로 설정 : path[1113 ➜ 110] time[0s] dist[28.5m] list[20] : 1113-1043-1044-1045-1046-1047-1048-1001-1002-1003-1004-1005-1006-1021-1022-1007-1167-1168-1169-110
[2026-08-11 16:52:58.083922] [INFO] [path_server] 노드 업데이트 : [1043] ➜ [1044]
[2026-08-11 16:52:58.163849] [INFO] [path_server] 새로운 경로 설정 : path[1043 ➜ 110] time[0s] dist[27m] list[19] : 1043-1044-1045-1046-1047-1048-1001-1002-1003-1004-1005-1006-1021-1022-1007-1167-1168-1169-110
[2026-08-11 16:52:59.221593] [INFO] [path_server] 노드 업데이트 : [1044] ➜ [1045]
[2026-08-11 16:52:59.301512] [INFO] [path_server] 새로운 경로 설정 : path[1044 ➜ 110] time[0s] dist[25.5m] list[18] : 1044-1045-1046-1047-1048-1001-1002-1003-1004-1005-1006-1021-1022-1007-1167-1168-1169-110
[2026-08-11 16:53:00.040034] [INFO] [path_server] 노드 업데이트 : [1045] ➜ [1046]
[2026-08-11 16:53:00.099919] [INFO] [path_server] 새로운 경로 설정 : path[1045 ➜ 110] time[0s] dist[24m] list[17] : 1045-1046-1047-1048-1001-1002-1003-1004-1005-1006-1021-1022-1007-1167-1168-1169-110
[2026-08-11 16:53:00.798604] [INFO] [path_server] 노드 업데이트 : [1046] ➜ [1047]
[2026-08-11 16:53:00.878491] [INFO] [path_server] 새로운 경로 설정 : path[1046 ➜ 110] time[0s] dist[22.5m] list[16] : 1046-1047-1048-1001-1002-1003-1004-1005-1006-1021-1022-1007-1167-1168-1169-110
[2026-08-11 16:53:01.557152] [INFO] [path_server] 노드 업데이트 : [1047] ➜ [1048]
[2026-08-11 16:53:01.637109] [INFO] [path_server] 새로운 경로 설정 : path[1047 ➜ 110] time[0s] dist[21m] list[15] : 1047-1048-1001-1002-1003-1004-1005-1006-1021-1022-1007-1167-1168-1169-110
[2026-08-11 16:53:02.299149] [INFO] [path_server] 노드 업데이트 : [1048] ➜ [1001]
[2026-08-11 16:53:02.379532] [INFO] [path_server] 새로운 경로 설정 : path[1048 ➜ 110] time[0s] dist[19.5m] list[14] : 1048-1001-1002-1003-1004-1005-1006-1021-1022-1007-1167-1168-1169-110
[2026-08-11 16:53:03.039950] [INFO] [path_server] 노드 업데이트 : [1001] ➜ [1002]
[2026-08-11 16:53:03.099816] [INFO] [path_server] 새로운 경로 설정 : path[1001 ➜ 110] time[0s] dist[18m] list[13] : 1001-1002-1003-1004-1005-1006-1021-1022-1007-1167-1168-1169-110
[2026-08-11 16:53:03.798384] [INFO] [path_server] 노드 업데이트 : [1002] ➜ [1003]
[2026-08-11 16:53:03.878262] [INFO] [path_server] 새로운 경로 설정 : path[1002 ➜ 110] time[0s] dist[16.5m] list[12] : 1002-1003-1004-1005-1006-1021-1022-1007-1167-1168-1169-110
[2026-08-11 16:53:04.556926] [INFO] [path_server] 노드 업데이트 : [1003] ➜ [1004]
[2026-08-11 16:53:04.636862] [INFO] [path_server] 새로운 경로 설정 : path[1003 ➜ 110] time[0s] dist[15m] list[11] : 1003-1004-1005-1006-1021-1022-1007-1167-1168-1169-110
[2026-08-11 16:53:05.295641] [INFO] [path_server] 노드 업데이트 : [1004] ➜ [1005]
[2026-08-11 16:53:05.375524] [INFO] [path_server] 새로운 경로 설정 : path[1004 ➜ 110] time[0s] dist[13.5m] list[10] : 1004-1005-1006-1021-1022-1007-1167-1168-1169-110
[2026-08-11 16:53:06.054310] [INFO] [path_server] 노드 업데이트 : [1005] ➜ [1006]
[2026-08-11 16:53:06.134275] [INFO] [path_server] 새로운 경로 설정 : path[1005 ➜ 110] time[0s] dist[12m] list[9] : 1005-1006-1021-1022-1007-1167-1168-1169-110
[2026-08-11 16:53:06.793470] [INFO] [path_server] 노드 업데이트 : [1006] ➜ [1021]
[2026-08-11 16:53:06.873342] [INFO] [path_server] 새로운 경로 설정 : path[1006 ➜ 110] time[0s] dist[10.5m] list[8] : 1006-1021-1022-1007-1167-1168-1169-110
[2026-08-11 16:53:07.552233] [INFO] [path_server] 노드 업데이트 : [1021] ➜ [1022]
[2026-08-11 16:53:07.632218] [INFO] [path_server] 새로운 경로 설정 : path[1021 ➜ 110] time[0s] dist[9.00003m] list[7] : 1021-1022-1007-1167-1168-1169-110
[2026-08-11 16:53:08.869779] [INFO] [path_server] 노드 업데이트 : [1022] ➜ [1007]
[2026-08-11 16:53:08.949708] [INFO] [path_server] 새로운 경로 설정 : path[1022 ➜ 110] time[0s] dist[7.50003m] list[6] : 1022-1007-1167-1168-1169-110
[2026-08-11 16:53:12.223657] [INFO] [path_server] 노드 업데이트 : [1007] ➜ [1167]
[2026-08-11 16:53:12.303577] [INFO] [path_server] 새로운 경로 설정 : path[1007 ➜ 110] time[0s] dist[6.00003m] list[5] : 1007-1167-1168-1169-110
[2026-08-11 16:53:13.361464] [INFO] [path_server] 노드 업데이트 : [1167] ➜ [1168]
[2026-08-11 16:53:13.441384] [INFO] [path_server] 새로운 경로 설정 : path[1167 ➜ 110] time[0s] dist[4.50003m] list[4] : 1167-1168-1169-110
[2026-08-11 16:53:14.179879] [INFO] [path_server] 노드 업데이트 : [1168] ➜ [1169]
[2026-08-11 16:53:14.239769] [INFO] [path_server] 새로운 경로 설정 : path[1168 ➜ 110] time[0s] dist[3.00003m] list[3] : 1168-1169-110
[2026-08-11 16:53:15.597334] [INFO] [path_server] 노드 업데이트 : [1169] ➜ [110]
[2026-08-11 16:53:15.657256] [INFO] [path_server] 새로운 경로 설정 : path[1169 ➜ 110] time[0s] dist[1.50003m] list[2] : 1169-110
[2026-08-11 16:53:21.126057] [INFO] [path_server] 노드 업데이트 : [110] ➜ [-1]
[2026-08-11 16:53:24.060226] [INFO] [path_server] 노드 업데이트 : [110] ➜ [-1]
[2026-08-11 16:53:53.022439] [INFO] [path_server] 새로운 경로 설정 : path[110 ➜ 1098] time[0s] dist[18m] list[13] : 110-1169-1170-1171-1172-1091-1092-1093-1094-1095-1096-1097-1098
[2026-08-11 16:53:57.712651] [INFO] [path_server] 노드 업데이트 : [1169] ➜ [1170]
[2026-08-11 16:53:57.792563] [INFO] [path_server] 새로운 경로 설정 : path[1169 ➜ 1098] time[0s] dist[16.5m] list[12] : 1169-1170-1171-1172-1091-1092-1093-1094-1095-1096-1097-1098
[2026-08-11 16:54:01.405304] [INFO] [path_server] 노드 업데이트 : [1170] ➜ [1171]
[2026-08-11 16:54:01.485233] [INFO] [path_server] 새로운 경로 설정 : path[1170 ➜ 1098] time[0s] dist[15m] list[11] : 1170-1171-1172-1091-1092-1093-1094-1095-1096-1097-1098
[2026-08-11 16:54:02.523184] [INFO] [path_server] 노드 업데이트 : [1171] ➜ [1172]
[2026-08-11 16:54:02.583125] [INFO] [path_server] 새로운 경로 설정 : path[1171 ➜ 1098] time[0s] dist[13.5m] list[10] : 1171-1172-1091-1092-1093-1094-1095-1096-1097-1098
[2026-08-11 16:54:03.341598] [INFO] [path_server] 노드 업데이트 : [1172] ➜ [1091]
[2026-08-11 16:54:03.421500] [INFO] [path_server] 새로운 경로 설정 : path[1172 ➜ 1098] time[0s] dist[12m] list[9] : 1172-1091-1092-1093-1094-1095-1096-1097-1098
[2026-08-11 16:54:04.379660] [INFO] [path_server] 노드 업데이트 : [1091] ➜ [1092]
[2026-08-11 16:54:04.439579] [INFO] [path_server] 새로운 경로 설정 : path[1091 ➜ 1098] time[0s] dist[10.5m] list[8] : 1091-1092-1093-1094-1095-1096-1097-1098
[2026-08-11 16:54:07.653758] [INFO] [path_server] 노드 업데이트 : [1092] ➜ [1093]
[2026-08-11 16:54:07.733612] [INFO] [path_server] 새로운 경로 설정 : path[1092 ➜ 1098] time[0s] dist[9m] list[7] : 1092-1093-1094-1095-1096-1097-1098
[2026-08-11 16:54:08.891377] [INFO] [path_server] 노드 업데이트 : [1093] ➜ [1094]
[2026-08-11 16:54:08.971290] [INFO] [path_server] 새로운 경로 설정 : path[1093 ➜ 1098] time[0s] dist[7.5m] list[6] : 1093-1094-1095-1096-1097-1098
[2026-08-11 16:54:09.769855] [INFO] [path_server] 노드 업데이트 : [1094] ➜ [1095]
[2026-08-11 16:54:09.829758] [INFO] [path_server] 새로운 경로 설정 : path[1094 ➜ 1098] time[0s] dist[6m] list[5] : 1094-1095-1096-1097-1098
[2026-08-11 16:54:10.508510] [INFO] [path_server] 노드 업데이트 : [1095] ➜ [1096]
[2026-08-11 16:54:10.588435] [INFO] [path_server] 새로운 경로 설정 : path[1095 ➜ 1098] time[0s] dist[4.5m] list[4] : 1095-1096-1097-1098
[2026-08-11 16:54:11.267286] [INFO] [path_server] 노드 업데이트 : [1096] ➜ [1097]
[2026-08-11 16:54:11.327193] [INFO] [path_server] 새로운 경로 설정 : path[1096 ➜ 1098] time[0s] dist[3m] list[3] : 1096-1097-1098
[2026-08-11 16:54:12.025737] [INFO] [path_server] 노드 업데이트 : [1097] ➜ [1098]
[2026-08-11 16:54:12.105577] [INFO] [path_server] 새로운 경로 설정 : path[1097 ➜ 1098] time[0s] dist[1.5m] list[2] : 1097-1098
[2026-08-11 16:54:14.241668] [INFO] [path_server] 노드 업데이트 : [1098] ➜ [-1]
[2026-08-11 16:54:17.176112] [INFO] [path_server] 노드 업데이트 : [1098] ➜ [-1]
[2026-08-11 16:54:17.236005] [INFO] [path_server] 경로 삭제
[2026-08-11 16:54:22.326210] [INFO] [path_server] 새로운 경로 설정 : path[1098 ➜ 103] time[0s] dist[45.0003m] list[31] : 1098-1099-1100-1101-1102-1103-1104-1105-1106-1107-1108-1109-1110-1111-1112-1113-1114-1115-1116-1117-1118-1119-1120-1121-1122-1123-1179-1180-1181-1182-103
[2026-08-11 16:54:24.661605] [INFO] [path_server] 노드 업데이트 : [1099] ➜ [1100]
[2026-08-11 16:54:24.721557] [INFO] [path_server] 새로운 경로 설정 : path[1099 ➜ 103] time[0s] dist[43.5003m] list[30] : 1099-1100-1101-1102-1103-1104-1105-1106-1107-1108-1109-1110-1111-1112-1113-1114-1115-1116-1117-1118-1119-1120-1121-1122-1123-1179-1180-1181-1182-103
[2026-08-11 16:54:25.719529] [INFO] [path_server] 노드 업데이트 : [1100] ➜ [1101]
[2026-08-11 16:54:25.819342] [INFO] [path_server] 새로운 경로 설정 : path[1100 ➜ 103] time[0s] dist[42.0003m] list[29] : 1100-1101-1102-1103-1104-1105-1106-1107-1108-1109-1110-1111-1112-1113-1114-1115-1116-1117-1118-1119-1120-1121-1122-1123-1179-1180-1181-1182-103
[2026-08-11 16:54:26.518107] [INFO] [path_server] 노드 업데이트 : [1101] ➜ [1102]
[2026-08-11 16:54:26.578161] [INFO] [path_server] 새로운 경로 설정 : path[1101 ➜ 103] time[0s] dist[40.5003m] list[28] : 1101-1102-1103-1104-1105-1106-1107-1108-1109-1110-1111-1112-1113-1114-1115-1116-1117-1118-1119-1120-1121-1122-1123-1179-1180-1181-1182-103
[2026-08-11 16:54:27.276903] [INFO] [path_server] 노드 업데이트 : [1102] ➜ [1103]
[2026-08-11 16:54:27.336816] [INFO] [path_server] 새로운 경로 설정 : path[1102 ➜ 103] time[0s] dist[39.0003m] list[27] : 1102-1103-1104-1105-1106-1107-1108-1109-1110-1111-1112-1113-1114-1115-1116-1117-1118-1119-1120-1121-1122-1123-1179-1180-1181-1182-103
[2026-08-11 16:54:28.015441] [INFO] [path_server] 노드 업데이트 : [1103] ➜ [1104]
[2026-08-11 16:54:28.095368] [INFO] [path_server] 새로운 경로 설정 : path[1103 ➜ 103] time[0s] dist[37.5003m] list[26] : 1103-1104-1105-1106-1107-1108-1109-1110-1111-1112-1113-1114-1115-1116-1117-1118-1119-1120-1121-1122-1123-1179-1180-1181-1182-103
[2026-08-11 16:54:28.774000] [INFO] [path_server] 노드 업데이트 : [1104] ➜ [1105]
[2026-08-11 16:54:28.833933] [INFO] [path_server] 새로운 경로 설정 : path[1104 ➜ 103] time[0s] dist[36.0003m] list[25] : 1104-1105-1106-1107-1108-1109-1110-1111-1112-1113-1114-1115-1116-1117-1118-1119-1120-1121-1122-1123-1179-1180-1181-1182-103
[2026-08-11 16:54:30.171358] [INFO] [path_server] 노드 업데이트 : [1105] ➜ [1106]
[2026-08-11 16:54:30.251332] [INFO] [path_server] 새로운 경로 설정 : path[1105 ➜ 103] time[0s] dist[34.5003m] list[24] : 1105-1106-1107-1108-1109-1110-1111-1112-1113-1114-1115-1116-1117-1118-1119-1120-1121-1122-1123-1179-1180-1181-1182-103
[2026-08-11 16:54:33.624805] [INFO] [path_server] 노드 업데이트 : [1106] ➜ [1107]
[2026-08-11 16:54:33.684665] [INFO] [path_server] 새로운 경로 설정 : path[1106 ➜ 103] time[0s] dist[33.0001m] list[23] : 1106-1107-1108-1109-1110-1111-1112-1113-1114-1115-1116-1117-1118-1119-1120-1121-1122-1123-1179-1180-1181-1182-103
[2026-08-11 16:54:34.742537] [INFO] [path_server] 노드 업데이트 : [1107] ➜ [1108]
[2026-08-11 16:54:34.822432] [INFO] [path_server] 새로운 경로 설정 : path[1107 ➜ 103] time[0s] dist[31.5m] list[22] : 1107-1108-1109-1110-1111-1112-1113-1114-1115-1116-1117-1118-1119-1120-1121-1122-1123-1179-1180-1181-1182-103
[2026-08-11 16:54:35.560973] [INFO] [path_server] 노드 업데이트 : [1108] ➜ [1109]
[2026-08-11 16:54:35.640997] [INFO] [path_server] 새로운 경로 설정 : path[1108 ➜ 103] time[0s] dist[30m] list[21] : 1108-1109-1110-1111-1112-1113-1114-1115-1116-1117-1118-1119-1120-1121-1122-1123-1179-1180-1181-1182-103
[2026-08-11 16:54:36.300082] [INFO] [path_server] 노드 업데이트 : [1109] ➜ [1110]
[2026-08-11 16:54:36.380015] [INFO] [path_server] 새로운 경로 설정 : path[1109 ➜ 103] time[0s] dist[28.5m] list[20] : 1109-1110-1111-1112-1113-1114-1115-1116-1117-1118-1119-1120-1121-1122-1123-1179-1180-1181-1182-103
[2026-08-11 16:54:37.058549] [INFO] [path_server] 노드 업데이트 : [1110] ➜ [1111]
[2026-08-11 16:54:37.138483] [INFO] [path_server] 새로운 경로 설정 : path[1110 ➜ 103] time[0s] dist[27m] list[19] : 1110-1111-1112-1113-1114-1115-1116-1117-1118-1119-1120-1121-1122-1123-1179-1180-1181-1182-103
[2026-08-11 16:54:37.797142] [INFO] [path_server] 노드 업데이트 : [1111] ➜ [1112]
[2026-08-11 16:54:37.877030] [INFO] [path_server] 새로운 경로 설정 : path[1111 ➜ 103] time[0s] dist[25.5m] list[18] : 1111-1112-1113-1114-1115-1116-1117-1118-1119-1120-1121-1122-1123-1179-1180-1181-1182-103
[2026-08-11 16:54:38.555602] [INFO] [path_server] 노드 업데이트 : [1112] ➜ [1113]
[2026-08-11 16:54:38.635506] [INFO] [path_server] 새로운 경로 설정 : path[1112 ➜ 103] time[0s] dist[24m] list[17] : 1112-1113-1114-1115-1116-1117-1118-1119-1120-1121-1122-1123-1179-1180-1181-1182-103
[2026-08-11 16:54:39.314454] [INFO] [path_server] 노드 업데이트 : [1113] ➜ [1114]
[2026-08-11 16:54:39.394319] [INFO] [path_server] 새로운 경로 설정 : path[1113 ➜ 103] time[0s] dist[22.5m] list[16] : 1113-1114-1115-1116-1117-1118-1119-1120-1121-1122-1123-1179-1180-1181-1182-103
[2026-08-11 16:54:40.052911] [INFO] [path_server] 노드 업데이트 : [1114] ➜ [1115]
[2026-08-11 16:54:40.132817] [INFO] [path_server] 새로운 경로 설정 : path[1114 ➜ 103] time[0s] dist[21m] list[15] : 1114-1115-1116-1117-1118-1119-1120-1121-1122-1123-1179-1180-1181-1182-103
[2026-08-11 16:54:40.811389] [INFO] [path_server] 노드 업데이트 : [1115] ➜ [1116]
[2026-08-11 16:54:40.891318] [INFO] [path_server] 새로운 경로 설정 : path[1115 ➜ 103] time[0s] dist[19.5m] list[14] : 1115-1116-1117-1118-1119-1120-1121-1122-1123-1179-1180-1181-1182-103
[2026-08-11 16:54:41.549826] [INFO] [path_server] 노드 업데이트 : [1116] ➜ [1117]
[2026-08-11 16:54:41.629672] [INFO] [path_server] 새로운 경로 설정 : path[1116 ➜ 103] time[0s] dist[18m] list[13] : 1116-1117-1118-1119-1120-1121-1122-1123-1179-1180-1181-1182-103
[2026-08-11 16:54:42.308222] [INFO] [path_server] 노드 업데이트 : [1117] ➜ [1118]
[2026-08-11 16:54:42.388136] [INFO] [path_server] 새로운 경로 설정 : path[1117 ➜ 103] time[0s] dist[16.5m] list[12] : 1117-1118-1119-1120-1121-1122-1123-1179-1180-1181-1182-103
[2026-08-11 16:54:43.046905] [INFO] [path_server] 노드 업데이트 : [1118] ➜ [1119]
[2026-08-11 16:54:43.126790] [INFO] [path_server] 새로운 경로 설정 : path[1118 ➜ 103] time[0s] dist[15m] list[11] : 1118-1119-1120-1121-1122-1123-1179-1180-1181-1182-103
[2026-08-11 16:54:43.805280] [INFO] [path_server] 노드 업데이트 : [1119] ➜ [1120]
[2026-08-11 16:54:43.885168] [INFO] [path_server] 새로운 경로 설정 : path[1119 ➜ 103] time[0s] dist[13.5m] list[10] : 1119-1120-1121-1122-1123-1179-1180-1181-1182-103
[2026-08-11 16:54:44.643593] [INFO] [path_server] 노드 업데이트 : [1120] ➜ [1121]
[2026-08-11 16:54:44.723512] [INFO] [path_server] 새로운 경로 설정 : path[1120 ➜ 103] time[0s] dist[12m] list[9] : 1120-1121-1122-1123-1179-1180-1181-1182-103
[2026-08-11 16:54:48.296855] [INFO] [path_server] 노드 업데이트 : [1121] ➜ [1122]
[2026-08-11 16:54:48.376766] [INFO] [path_server] 새로운 경로 설정 : path[1121 ➜ 103] time[0s] dist[10.5m] list[8] : 1121-1122-1123-1179-1180-1181-1182-103
[2026-08-11 16:54:49.654031] [INFO] [path_server] 노드 업데이트 : [1122] ➜ [1123]
[2026-08-11 16:54:49.713989] [INFO] [path_server] 새로운 경로 설정 : path[1122 ➜ 103] time[0s] dist[9m] list[7] : 1122-1123-1179-1180-1181-1182-103
[2026-08-11 16:54:50.711858] [INFO] [path_server] 노드 업데이트 : [1123] ➜ [1179]
[2026-08-11 16:54:50.771768] [INFO] [path_server] 새로운 경로 설정 : path[1123 ➜ 103] time[0s] dist[7.5m] list[6] : 1123-1179-1180-1181-1182-103
[2026-08-11 16:54:54.024932] [INFO] [path_server] 노드 업데이트 : [1179] ➜ [1180]
[2026-08-11 16:54:54.104833] [INFO] [path_server] 새로운 경로 설정 : path[1179 ➜ 103] time[0s] dist[6m] list[5] : 1179-1180-1181-1182-103
[2026-08-11 16:54:55.282376] [INFO] [path_server] 노드 업데이트 : [1180] ➜ [1181]
[2026-08-11 16:54:55.362288] [INFO] [path_server] 새로운 경로 설정 : path[1180 ➜ 103] time[0s] dist[4.5m] list[4] : 1180-1181-1182-103
[2026-08-11 16:54:56.140698] [INFO] [path_server] 노드 업데이트 : [1181] ➜ [1182]
[2026-08-11 16:54:56.220555] [INFO] [path_server] 새로운 경로 설정 : path[1181 ➜ 103] time[0s] dist[3m] list[3] : 1181-1182-103
[2026-08-11 16:54:57.458107] [INFO] [path_server] 노드 업데이트 : [1182] ➜ [103]
[2026-08-11 16:54:57.537966] [INFO] [path_server] 새로운 경로 설정 : path[1182 ➜ 103] time[0s] dist[1.5m] list[2] : 1182-103
[2026-08-11 16:55:02.667340] [INFO] [path_server] 노드 업데이트 : [103] ➜ [-1]
[2026-08-11 16:55:05.601775] [INFO] [path_server] 노드 업데이트 : [103] ➜ [-1]
[2026-08-11 16:55:37.580111] [INFO] [path_server] 경로 삭제
[2026-08-11 16:55:37.600060] [INFO] [path_server] 경로 삭제
[2026-08-11 16:55:40.374690] [INFO] [path_server] 새로운 경로 설정 : path[103 ➜ 206] time[0s] dist[30m] list[21] : 103-1182-1183-1184-1045-1046-1047-1048-1001-1002-1003-1004-1013-1049-1050-1014-1201-1200-1202-1203-206
[2026-08-11 16:55:47.539733] [INFO] [path_server] 노드 업데이트 : [1182] ➜ [1183]
[2026-08-11 16:55:47.619624] [INFO] [path_server] 새로운 경로 설정 : path[1182 ➜ 206] time[0s] dist[28.5m] list[20] : 1182-1183-1184-1045-1046-1047-1048-1001-1002-1003-1004-1013-1049-1050-1014-1201-1200-1202-1203-206
[2026-08-11 16:55:51.152812] [INFO] [path_server] 노드 업데이트 : [1183] ➜ [1184]
[2026-08-11 16:55:51.212769] [INFO] [path_server] 새로운 경로 설정 : path[1183 ➜ 206] time[0s] dist[27m] list[19] : 1183-1184-1045-1046-1047-1048-1001-1002-1003-1004-1013-1049-1050-1014-1201-1200-1202-1203-206
[2026-08-11 16:55:52.270797] [INFO] [path_server] 노드 업데이트 : [1184] ➜ [1045]
[2026-08-11 16:55:52.350649] [INFO] [path_server] 새로운 경로 설정 : path[1184 ➜ 206] time[0s] dist[25.5m] list[18] : 1184-1045-1046-1047-1048-1001-1002-1003-1004-1013-1049-1050-1014-1201-1200-1202-1203-206
[2026-08-11 16:55:53.608249] [INFO] [path_server] 노드 업데이트 : [1045] ➜ [1046]
[2026-08-11 16:55:53.668087] [INFO] [path_server] 새로운 경로 설정 : path[1045 ➜ 206] time[0s] dist[24m] list[17] : 1045-1046-1047-1048-1001-1002-1003-1004-1013-1049-1050-1014-1201-1200-1202-1203-206
[2026-08-11 16:55:56.941816] [INFO] [path_server] 노드 업데이트 : [1046] ➜ [1047]
[2026-08-11 16:55:57.021645] [INFO] [path_server] 새로운 경로 설정 : path[1046 ➜ 206] time[0s] dist[22.5m] list[16] : 1046-1047-1048-1001-1002-1003-1004-1013-1049-1050-1014-1201-1200-1202-1203-206
[2026-08-11 16:55:58.059571] [INFO] [path_server] 노드 업데이트 : [1047] ➜ [1048]
[2026-08-11 16:55:58.139488] [INFO] [path_server] 새로운 경로 설정 : path[1047 ➜ 206] time[0s] dist[21m] list[15] : 1047-1048-1001-1002-1003-1004-1013-1049-1050-1014-1201-1200-1202-1203-206
[2026-08-11 16:55:58.897824] [INFO] [path_server] 노드 업데이트 : [1048] ➜ [1001]
[2026-08-11 16:55:58.977733] [INFO] [path_server] 새로운 경로 설정 : path[1048 ➜ 206] time[0s] dist[19.5m] list[14] : 1048-1001-1002-1003-1004-1013-1049-1050-1014-1201-1200-1202-1203-206
[2026-08-11 16:55:59.636338] [INFO] [path_server] 노드 업데이트 : [1001] ➜ [1002]
[2026-08-11 16:55:59.716207] [INFO] [path_server] 새로운 경로 설정 : path[1001 ➜ 206] time[0s] dist[18m] list[13] : 1001-1002-1003-1004-1013-1049-1050-1014-1201-1200-1202-1203-206
[2026-08-11 16:56:00.394672] [INFO] [path_server] 노드 업데이트 : [1002] ➜ [1003]
[2026-08-11 16:56:00.474598] [INFO] [path_server] 새로운 경로 설정 : path[1002 ➜ 206] time[0s] dist[16.5m] list[12] : 1002-1003-1004-1013-1049-1050-1014-1201-1200-1202-1203-206
[2026-08-11 16:56:01.133238] [INFO] [path_server] 노드 업데이트 : [1003] ➜ [1004]
[2026-08-11 16:56:01.213102] [INFO] [path_server] 새로운 경로 설정 : path[1003 ➜ 206] time[0s] dist[15m] list[11] : 1003-1004-1013-1049-1050-1014-1201-1200-1202-1203-206
[2026-08-11 16:56:02.470460] [INFO] [path_server] 노드 업데이트 : [1004] ➜ [1013]
[2026-08-11 16:56:02.550511] [INFO] [path_server] 새로운 경로 설정 : path[1004 ➜ 206] time[0s] dist[13.5m] list[10] : 1004-1013-1049-1050-1014-1201-1200-1202-1203-206
[2026-08-11 16:56:05.823696] [INFO] [path_server] 노드 업데이트 : [1013] ➜ [1049]
[2026-08-11 16:56:05.903628] [INFO] [path_server] 새로운 경로 설정 : path[1013 ➜ 206] time[0s] dist[12m] list[9] : 1013-1049-1050-1014-1201-1200-1202-1203-206
[2026-08-11 16:56:06.961835] [INFO] [path_server] 노드 업데이트 : [1049] ➜ [1050]
[2026-08-11 16:56:07.041717] [INFO] [path_server] 새로운 경로 설정 : path[1049 ➜ 206] time[0s] dist[10.5m] list[8] : 1049-1050-1014-1201-1200-1202-1203-206
[2026-08-11 16:56:08.279164] [INFO] [path_server] 노드 업데이트 : [1050] ➜ [1014]
[2026-08-11 16:56:08.359080] [INFO] [path_server] 새로운 경로 설정 : path[1050 ➜ 206] time[0s] dist[9m] list[7] : 1050-1014-1201-1200-1202-1203-206
[2026-08-11 16:56:11.672530] [INFO] [path_server] 노드 업데이트 : [1014] ➜ [1201]
[2026-08-11 16:56:11.732444] [INFO] [path_server] 새로운 경로 설정 : path[1014 ➜ 206] time[0s] dist[7.5m] list[6] : 1014-1201-1200-1202-1203-206
[2026-08-11 16:56:12.790258] [INFO] [path_server] 노드 업데이트 : [1201] ➜ [1200]
[2026-08-11 16:56:12.870138] [INFO] [path_server] 새로운 경로 설정 : path[1201 ➜ 206] time[0s] dist[6m] list[5] : 1201-1200-1202-1203-206
[2026-08-11 16:56:13.608838] [INFO] [path_server] 노드 업데이트 : [1200] ➜ [1202]
[2026-08-11 16:56:13.688715] [INFO] [path_server] 새로운 경로 설정 : path[1200 ➜ 206] time[0s] dist[4.5m] list[4] : 1200-1202-1203-206
[2026-08-11 16:56:14.367344] [INFO] [path_server] 노드 업데이트 : [1202] ➜ [1203]
[2026-08-11 16:56:14.427237] [INFO] [path_server] 새로운 경로 설정 : path[1202 ➜ 206] time[0s] dist[3m] list[3] : 1202-1203-206
[2026-08-11 16:56:15.684909] [INFO] [path_server] 노드 업데이트 : [1203] ➜ [206]
[2026-08-11 16:56:15.764853] [INFO] [path_server] 새로운 경로 설정 : path[1203 ➜ 206] time[0s] dist[1.5m] list[2] : 1203-206
[2026-08-11 16:56:20.894905] [INFO] [path_server] 노드 업데이트 : [206] ➜ [-1]
[2026-08-11 16:56:23.828930] [INFO] [path_server] 노드 업데이트 : [206] ➜ [-1]
[2026-08-11 16:56:23.908803] [INFO] [path_server] 경로 삭제
[2026-08-11 16:58:45.548169] [INFO] [path_server] 새로운 경로 설정 : path[206 ➜ 102] time[0s] dist[73.5m] list[50] : 206-1203-1204-1205-1206-1207-1208-1145-1146-1147-1148-1077-1029-1030-1031-1032-1033-1034-1007-1008-1009-1010-1011-1012-1035-1036-1037-1038-1039-1040-1041-1042-1112-1113-1114-1115-1116-1117-1118-1119-1120-1121-1122-1123-1179-1180-1181-1182-1183-102
[2026-08-11 16:58:50.438474] [INFO] [path_server] 노드 업데이트 : [1203] ➜ [1204]
[2026-08-11 16:58:50.518370] [INFO] [path_server] 새로운 경로 설정 : path[1203 ➜ 102] time[0s] dist[72m] list[49] : 1203-1204-1205-1206-1207-1208-1145-1146-1147-1148-1077-1029-1030-1031-1032-1033-1034-1007-1008-1009-1010-1011-1012-1035-1036-1037-1038-1039-1040-1041-1042-1112-1113-1114-1115-1116-1117-1118-1119-1120-1121-1122-1123-1179-1180-1181-1182-1183-102
[2026-08-11 16:58:54.071285] [INFO] [path_server] 노드 업데이트 : [1204] ➜ [1205]
[2026-08-11 16:58:54.151181] [INFO] [path_server] 새로운 경로 설정 : path[1204 ➜ 102] time[0s] dist[70.5m] list[48] : 1204-1205-1206-1207-1208-1145-1146-1147-1148-1077-1029-1030-1031-1032-1033-1034-1007-1008-1009-1010-1011-1012-1035-1036-1037-1038-1039-1040-1041-1042-1112-1113-1114-1115-1116-1117-1118-1119-1120-1121-1122-1123-1179-1180-1181-1182-1183-102
[2026-08-11 16:58:55.189526] [INFO] [path_server] 노드 업데이트 : [1205] ➜ [1206]
[2026-08-11 16:58:55.269544] [INFO] [path_server] 새로운 경로 설정 : path[1205 ➜ 102] time[0s] dist[69m] list[47] : 1205-1206-1207-1208-1145-1146-1147-1148-1077-1029-1030-1031-1032-1033-1034-1007-1008-1009-1010-1011-1012-1035-1036-1037-1038-1039-1040-1041-1042-1112-1113-1114-1115-1116-1117-1118-1119-1120-1121-1122-1123-1179-1180-1181-1182-1183-102
[2026-08-11 16:58:56.008246] [INFO] [path_server] 노드 업데이트 : [1206] ➜ [1207]
[2026-08-11 16:58:56.068239] [INFO] [path_server] 새로운 경로 설정 : path[1206 ➜ 102] time[0s] dist[67.51m] list[46] : 1206-1207-1208-1145-1146-1147-1148-1077-1029-1030-1031-1032-1033-1034-1007-1008-1009-1010-1011-1012-1035-1036-1037-1038-1039-1040-1041-1042-1112-1113-1114-1115-1116-1117-1118-1119-1120-1121-1122-1123-1179-1180-1181-1182-1183-102
[2026-08-11 16:58:56.767101] [INFO] [path_server] 노드 업데이트 : [1207] ➜ [1208]
[2026-08-11 16:58:56.846923] [INFO] [path_server] 새로운 경로 설정 : path[1207 ➜ 102] time[0s] dist[66m] list[45] : 1207-1208-1145-1146-1147-1148-1077-1029-1030-1031-1032-1033-1034-1007-1008-1009-1010-1011-1012-1035-1036-1037-1038-1039-1040-1041-1042-1112-1113-1114-1115-1116-1117-1118-1119-1120-1121-1122-1123-1179-1180-1181-1182-1183-102
[2026-08-11 16:58:57.525599] [INFO] [path_server] 노드 업데이트 : [1208] ➜ [1145]
[2026-08-11 16:58:57.605576] [INFO] [path_server] 새로운 경로 설정 : path[1208 ➜ 102] time[0s] dist[64.5m] list[44] : 1208-1145-1146-1147-1148-1077-1029-1030-1031-1032-1033-1034-1007-1008-1009-1010-1011-1012-1035-1036-1037-1038-1039-1040-1041-1042-1112-1113-1114-1115-1116-1117-1118-1119-1120-1121-1122-1123-1179-1180-1181-1182-1183-102
[2026-08-11 16:58:58.823060] [INFO] [path_server] 노드 업데이트 : [1145] ➜ [1146]
[2026-08-11 16:58:58.882993] [INFO] [path_server] 새로운 경로 설정 : path[1145 ➜ 102] time[0s] dist[63m] list[43] : 1145-1146-1147-1148-1077-1029-1030-1031-1032-1033-1034-1007-1008-1009-1010-1011-1012-1035-1036-1037-1038-1039-1040-1041-1042-1112-1113-1114-1115-1116-1117-1118-1119-1120-1121-1122-1123-1179-1180-1181-1182-1183-102
[2026-08-11 16:59:02.196021] [INFO] [path_server] 노드 업데이트 : [1146] ➜ [1147]
[2026-08-11 16:59:02.275972] [INFO] [path_server] 새로운 경로 설정 : path[1146 ➜ 102] time[0s] dist[61.5m] list[42] : 1146-1147-1148-1077-1029-1030-1031-1032-1033-1034-1007-1008-1009-1010-1011-1012-1035-1036-1037-1038-1039-1040-1041-1042-1112-1113-1114-1115-1116-1117-1118-1119-1120-1121-1122-1123-1179-1180-1181-1182-1183-102
[2026-08-11 16:59:03.313722] [INFO] [path_server] 노드 업데이트 : [1147] ➜ [1148]
[2026-08-11 16:59:03.373653] [INFO] [path_server] 새로운 경로 설정 : path[1147 ➜ 102] time[0s] dist[60m] list[41] : 1147-1148-1077-1029-1030-1031-1032-1033-1034-1007-1008-1009-1010-1011-1012-1035-1036-1037-1038-1039-1040-1041-1042-1112-1113-1114-1115-1116-1117-1118-1119-1120-1121-1122-1123-1179-1180-1181-1182-1183-102
[2026-08-11 16:59:04.132082] [INFO] [path_server] 노드 업데이트 : [1148] ➜ [1077]
[2026-08-11 16:59:04.211930] [INFO] [path_server] 새로운 경로 설정 : path[1148 ➜ 102] time[0s] dist[58.5m] list[40] : 1148-1077-1029-1030-1031-1032-1033-1034-1007-1008-1009-1010-1011-1012-1035-1036-1037-1038-1039-1040-1041-1042-1112-1113-1114-1115-1116-1117-1118-1119-1120-1121-1122-1123-1179-1180-1181-1182-1183-102
[2026-08-11 16:59:05.469475] [INFO] [path_server] 노드 업데이트 : [1077] ➜ [1029]
[2026-08-11 16:59:05.549403] [INFO] [path_server] 새로운 경로 설정 : path[1077 ➜ 102] time[0s] dist[57m] list[39] : 1077-1029-1030-1031-1032-1033-1034-1007-1008-1009-1010-1011-1012-1035-1036-1037-1038-1039-1040-1041-1042-1112-1113-1114-1115-1116-1117-1118-1119-1120-1121-1122-1123-1179-1180-1181-1182-1183-102
[2026-08-11 16:59:08.805167] [INFO] [path_server] 노드 업데이트 : [1029] ➜ [1030]
[2026-08-11 16:59:08.905094] [INFO] [path_server] 새로운 경로 설정 : path[1029 ➜ 102] time[0s] dist[55.5m] list[38] : 1029-1030-1031-1032-1033-1034-1007-1008-1009-1010-1011-1012-1035-1036-1037-1038-1039-1040-1041-1042-1112-1113-1114-1115-1116-1117-1118-1119-1120-1121-1122-1123-1179-1180-1181-1182-1183-102
[2026-08-11 16:59:09.943231] [INFO] [path_server] 노드 업데이트 : [1030] ➜ [1031]
[2026-08-11 16:59:10.003163] [INFO] [path_server] 새로운 경로 설정 : path[1030 ➜ 102] time[0s] dist[54m] list[37] : 1030-1031-1032-1033-1034-1007-1008-1009-1010-1011-1012-1035-1036-1037-1038-1039-1040-1041-1042-1112-1113-1114-1115-1116-1117-1118-1119-1120-1121-1122-1123-1179-1180-1181-1182-1183-102
[2026-08-11 16:59:10.761889] [INFO] [path_server] 노드 업데이트 : [1031] ➜ [1032]
[2026-08-11 16:59:10.841744] [INFO] [path_server] 새로운 경로 설정 : path[1031 ➜ 102] time[0s] dist[52.5m] list[36] : 1031-1032-1033-1034-1007-1008-1009-1010-1011-1012-1035-1036-1037-1038-1039-1040-1041-1042-1112-1113-1114-1115-1116-1117-1118-1119-1120-1121-1122-1123-1179-1180-1181-1182-1183-102
[2026-08-11 16:59:11.520443] [INFO] [path_server] 노드 업데이트 : [1032] ➜ [1033]
[2026-08-11 16:59:11.600384] [INFO] [path_server] 새로운 경로 설정 : path[1032 ➜ 102] time[0s] dist[51m] list[35] : 1032-1033-1034-1007-1008-1009-1010-1011-1012-1035-1036-1037-1038-1039-1040-1041-1042-1112-1113-1114-1115-1116-1117-1118-1119-1120-1121-1122-1123-1179-1180-1181-1182-1183-102
[2026-08-11 16:59:12.278979] [INFO] [path_server] 노드 업데이트 : [1033] ➜ [1034]
[2026-08-11 16:59:12.338866] [INFO] [path_server] 새로운 경로 설정 : path[1033 ➜ 102] time[0s] dist[49.5m] list[34] : 1033-1034-1007-1008-1009-1010-1011-1012-1035-1036-1037-1038-1039-1040-1041-1042-1112-1113-1114-1115-1116-1117-1118-1119-1120-1121-1122-1123-1179-1180-1181-1182-1183-102
[2026-08-11 16:59:13.017445] [INFO] [path_server] 노드 업데이트 : [1034] ➜ [1007]
[2026-08-11 16:59:13.097399] [INFO] [path_server] 새로운 경로 설정 : path[1034 ➜ 102] time[0s] dist[48m] list[33] : 1034-1007-1008-1009-1010-1011-1012-1035-1036-1037-1038-1039-1040-1041-1042-1112-1113-1114-1115-1116-1117-1118-1119-1120-1121-1122-1123-1179-1180-1181-1182-1183-102
[2026-08-11 16:59:13.775926] [INFO] [path_server] 노드 업데이트 : [1007] ➜ [1008]
[2026-08-11 16:59:13.835814] [INFO] [path_server] 새로운 경로 설정 : path[1007 ➜ 102] time[0s] dist[46.5m] list[32] : 1007-1008-1009-1010-1011-1012-1035-1036-1037-1038-1039-1040-1041-1042-1112-1113-1114-1115-1116-1117-1118-1119-1120-1121-1122-1123-1179-1180-1181-1182-1183-102
[2026-08-11 16:59:14.514490] [INFO] [path_server] 노드 업데이트 : [1008] ➜ [1009]
[2026-08-11 16:59:14.594438] [INFO] [path_server] 새로운 경로 설정 : path[1008 ➜ 102] time[0s] dist[45m] list[31] : 1008-1009-1010-1011-1012-1035-1036-1037-1038-1039-1040-1041-1042-1112-1113-1114-1115-1116-1117-1118-1119-1120-1121-1122-1123-1179-1180-1181-1182-1183-102
[2026-08-11 16:59:15.273161] [INFO] [path_server] 노드 업데이트 : [1009] ➜ [1010]
[2026-08-11 16:59:15.333087] [INFO] [path_server] 새로운 경로 설정 : path[1009 ➜ 102] time[0s] dist[43.5m] list[30] : 1009-1010-1011-1012-1035-1036-1037-1038-1039-1040-1041-1042-1112-1113-1114-1115-1116-1117-1118-1119-1120-1121-1122-1123-1179-1180-1181-1182-1183-102
[2026-08-11 16:59:16.011600] [INFO] [path_server] 노드 업데이트 : [1010] ➜ [1011]
[2026-08-11 16:59:16.091541] [INFO] [path_server] 새로운 경로 설정 : path[1010 ➜ 102] time[0s] dist[42m] list[29] : 1010-1011-1012-1035-1036-1037-1038-1039-1040-1041-1042-1112-1113-1114-1115-1116-1117-1118-1119-1120-1121-1122-1123-1179-1180-1181-1182-1183-102
[2026-08-11 16:59:16.770186] [INFO] [path_server] 노드 업데이트 : [1011] ➜ [1012]
[2026-08-11 16:59:16.830110] [INFO] [path_server] 새로운 경로 설정 : path[1011 ➜ 102] time[0s] dist[40.5m] list[28] : 1011-1012-1035-1036-1037-1038-1039-1040-1041-1042-1112-1113-1114-1115-1116-1117-1118-1119-1120-1121-1122-1123-1179-1180-1181-1182-1183-102
[2026-08-11 16:59:17.528655] [INFO] [path_server] 노드 업데이트 : [1012] ➜ [1035]
[2026-08-11 16:59:17.608522] [INFO] [path_server] 새로운 경로 설정 : path[1012 ➜ 102] time[0s] dist[39m] list[27] : 1012-1035-1036-1037-1038-1039-1040-1041-1042-1112-1113-1114-1115-1116-1117-1118-1119-1120-1121-1122-1123-1179-1180-1181-1182-1183-102
[2026-08-11 16:59:18.267119] [INFO] [path_server] 노드 업데이트 : [1035] ➜ [1036]
[2026-08-11 16:59:18.327018] [INFO] [path_server] 새로운 경로 설정 : path[1035 ➜ 102] time[0s] dist[37.5m] list[26] : 1035-1036-1037-1038-1039-1040-1041-1042-1112-1113-1114-1115-1116-1117-1118-1119-1120-1121-1122-1123-1179-1180-1181-1182-1183-102
[2026-08-11 16:59:19.025513] [INFO] [path_server] 노드 업데이트 : [1036] ➜ [1037]
[2026-08-11 16:59:19.105394] [INFO] [path_server] 새로운 경로 설정 : path[1036 ➜ 102] time[0s] dist[36m] list[25] : 1036-1037-1038-1039-1040-1041-1042-1112-1113-1114-1115-1116-1117-1118-1119-1120-1121-1122-1123-1179-1180-1181-1182-1183-102
[2026-08-11 16:59:19.764108] [INFO] [path_server] 노드 업데이트 : [1037] ➜ [1038]
[2026-08-11 16:59:19.823985] [INFO] [path_server] 새로운 경로 설정 : path[1037 ➜ 102] time[0s] dist[34.5m] list[24] : 1037-1038-1039-1040-1041-1042-1112-1113-1114-1115-1116-1117-1118-1119-1120-1121-1122-1123-1179-1180-1181-1182-1183-102
[2026-08-11 16:59:20.522667] [INFO] [path_server] 노드 업데이트 : [1038] ➜ [1039]
[2026-08-11 16:59:20.602547] [INFO] [path_server] 새로운 경로 설정 : path[1038 ➜ 102] time[0s] dist[33m] list[23] : 1038-1039-1040-1041-1042-1112-1113-1114-1115-1116-1117-1118-1119-1120-1121-1122-1123-1179-1180-1181-1182-1183-102
[2026-08-11 16:59:21.261238] [INFO] [path_server] 노드 업데이트 : [1039] ➜ [1040]
[2026-08-11 16:59:21.321155] [INFO] [path_server] 새로운 경로 설정 : path[1039 ➜ 102] time[0s] dist[31.5m] list[22] : 1039-1040-1041-1042-1112-1113-1114-1115-1116-1117-1118-1119-1120-1121-1122-1123-1179-1180-1181-1182-1183-102
[2026-08-11 16:59:22.019778] [INFO] [path_server] 노드 업데이트 : [1040] ➜ [1041]
[2026-08-11 16:59:22.099658] [INFO] [path_server] 새로운 경로 설정 : path[1040 ➜ 102] time[0s] dist[30m] list[21] : 1040-1041-1042-1112-1113-1114-1115-1116-1117-1118-1119-1120-1121-1122-1123-1179-1180-1181-1182-1183-102
[2026-08-11 16:59:22.778468] [INFO] [path_server] 노드 업데이트 : [1041] ➜ [1042]
[2026-08-11 16:59:22.858408] [INFO] [path_server] 새로운 경로 설정 : path[1041 ➜ 102] time[0s] dist[28.5m] list[20] : 1041-1042-1112-1113-1114-1115-1116-1117-1118-1119-1120-1121-1122-1123-1179-1180-1181-1182-1183-102
[2026-08-11 16:59:23.517024] [INFO] [path_server] 노드 업데이트 : [1042] ➜ [1112]
[2026-08-11 16:59:23.616875] [INFO] [path_server] 새로운 경로 설정 : path[1042 ➜ 102] time[0s] dist[27m] list[19] : 1042-1112-1113-1114-1115-1116-1117-1118-1119-1120-1121-1122-1123-1179-1180-1181-1182-1183-102
[2026-08-11 16:59:24.834626] [INFO] [path_server] 노드 업데이트 : [1112] ➜ [1113]
[2026-08-11 16:59:24.934461] [INFO] [path_server] 새로운 경로 설정 : path[1112 ➜ 102] time[0s] dist[25.5m] list[18] : 1112-1113-1114-1115-1116-1117-1118-1119-1120-1121-1122-1123-1179-1180-1181-1182-1183-102
[2026-08-11 16:59:28.188421] [INFO] [path_server] 노드 업데이트 : [1113] ➜ [1114]
[2026-08-11 16:59:28.248327] [INFO] [path_server] 새로운 경로 설정 : path[1113 ➜ 102] time[0s] dist[24m] list[17] : 1113-1114-1115-1116-1117-1118-1119-1120-1121-1122-1123-1179-1180-1181-1182-1183-102
[2026-08-11 16:59:29.326337] [INFO] [path_server] 노드 업데이트 : [1114] ➜ [1115]
[2026-08-11 16:59:29.386221] [INFO] [path_server] 새로운 경로 설정 : path[1114 ➜ 102] time[0s] dist[22.5m] list[16] : 1114-1115-1116-1117-1118-1119-1120-1121-1122-1123-1179-1180-1181-1182-1183-102
[2026-08-11 16:59:30.144876] [INFO] [path_server] 노드 업데이트 : [1115] ➜ [1116]
[2026-08-11 16:59:30.224783] [INFO] [path_server] 새로운 경로 설정 : path[1115 ➜ 102] time[0s] dist[21m] list[15] : 1115-1116-1117-1118-1119-1120-1121-1122-1123-1179-1180-1181-1182-1183-102
[2026-08-11 16:59:30.903422] [INFO] [path_server] 노드 업데이트 : [1116] ➜ [1117]
[2026-08-11 16:59:30.983339] [INFO] [path_server] 새로운 경로 설정 : path[1116 ➜ 102] time[0s] dist[19.5m] list[14] : 1116-1117-1118-1119-1120-1121-1122-1123-1179-1180-1181-1182-1183-102
[2026-08-11 16:59:31.661950] [INFO] [path_server] 노드 업데이트 : [1117] ➜ [1118]
[2026-08-11 16:59:31.721854] [INFO] [path_server] 새로운 경로 설정 : path[1117 ➜ 102] time[0s] dist[18m] list[13] : 1117-1118-1119-1120-1121-1122-1123-1179-1180-1181-1182-1183-102
[2026-08-11 16:59:32.400537] [INFO] [path_server] 노드 업데이트 : [1118] ➜ [1119]
[2026-08-11 16:59:32.480469] [INFO] [path_server] 새로운 경로 설정 : path[1118 ➜ 102] time[0s] dist[16.5m] list[12] : 1118-1119-1120-1121-1122-1123-1179-1180-1181-1182-1183-102
[2026-08-11 16:59:33.159058] [INFO] [path_server] 노드 업데이트 : [1119] ➜ [1120]
[2026-08-11 16:59:33.218990] [INFO] [path_server] 새로운 경로 설정 : path[1119 ➜ 102] time[0s] dist[15m] list[11] : 1119-1120-1121-1122-1123-1179-1180-1181-1182-1183-102
[2026-08-11 16:59:33.997441] [INFO] [path_server] 노드 업데이트 : [1120] ➜ [1121]
[2026-08-11 16:59:34.057311] [INFO] [path_server] 새로운 경로 설정 : path[1120 ➜ 102] time[0s] dist[13.5m] list[10] : 1120-1121-1122-1123-1179-1180-1181-1182-1183-102
[2026-08-11 16:59:37.650354] [INFO] [path_server] 노드 업데이트 : [1121] ➜ [1122]
[2026-08-11 16:59:37.730231] [INFO] [path_server] 새로운 경로 설정 : path[1121 ➜ 102] time[0s] dist[12m] list[9] : 1121-1122-1123-1179-1180-1181-1182-1183-102
[2026-08-11 16:59:39.007797] [INFO] [path_server] 노드 업데이트 : [1122] ➜ [1123]
[2026-08-11 16:59:39.067678] [INFO] [path_server] 새로운 경로 설정 : path[1122 ➜ 102] time[0s] dist[10.5m] list[8] : 1122-1123-1179-1180-1181-1182-1183-102
[2026-08-11 16:59:40.065816] [INFO] [path_server] 노드 업데이트 : [1123] ➜ [1179]
[2026-08-11 16:59:40.145660] [INFO] [path_server] 새로운 경로 설정 : path[1123 ➜ 102] time[0s] dist[9m] list[7] : 1123-1179-1180-1181-1182-1183-102
[2026-08-11 16:59:43.379672] [INFO] [path_server] 노드 업데이트 : [1179] ➜ [1180]
[2026-08-11 16:59:43.439584] [INFO] [path_server] 새로운 경로 설정 : path[1179 ➜ 102] time[0s] dist[7.5m] list[6] : 1179-1180-1181-1182-1183-102
[2026-08-11 16:59:44.617076] [INFO] [path_server] 노드 업데이트 : [1180] ➜ [1181]
[2026-08-11 16:59:44.696951] [INFO] [path_server] 새로운 경로 설정 : path[1180 ➜ 102] time[0s] dist[6m] list[5] : 1180-1181-1182-1183-102
[2026-08-11 16:59:45.495241] [INFO] [path_server] 노드 업데이트 : [1181] ➜ [1182]
[2026-08-11 16:59:45.575164] [INFO] [path_server] 새로운 경로 설정 : path[1181 ➜ 102] time[0s] dist[4.5m] list[4] : 1181-1182-1183-102
[2026-08-11 16:59:46.253908] [INFO] [path_server] 노드 업데이트 : [1182] ➜ [1183]
[2026-08-11 16:59:46.313805] [INFO] [path_server] 새로운 경로 설정 : path[1182 ➜ 102] time[0s] dist[3m] list[3] : 1182-1183-102
[2026-08-11 16:59:47.551304] [INFO] [path_server] 노드 업데이트 : [1183] ➜ [102]
[2026-08-11 16:59:47.631169] [INFO] [path_server] 새로운 경로 설정 : path[1183 ➜ 102] time[0s] dist[1.5m] list[2] : 1183-102
[2026-08-11 16:59:52.760983] [INFO] [path_server] 노드 업데이트 : [102] ➜ [-1]
[2026-08-11 16:59:55.695970] [INFO] [path_server] 노드 업데이트 : [102] ➜ [-1]
[2026-08-11 17:00:31.325546] [INFO] [path_server] 경로 삭제
[2026-08-11 17:00:31.365503] [INFO] [path_server] 경로 삭제
[2026-08-11 17:00:38.392563] [INFO] [path_server] 새로운 경로 설정 : path[102 ➜ 205] time[0s] dist[27m] list[19] : 102-1183-1184-1045-1046-1047-1048-1001-1002-1003-1004-1013-1049-1050-1014-1201-1200-1202-205
[2026-08-11 17:00:45.558613] [INFO] [path_server] 노드 업데이트 : [1183] ➜ [1184]
[2026-08-11 17:00:45.618568] [INFO] [path_server] 새로운 경로 설정 : path[1183 ➜ 205] time[0s] dist[25.5m] list[18] : 1183-1184-1045-1046-1047-1048-1001-1002-1003-1004-1013-1049-1050-1014-1201-1200-1202-205
[2026-08-11 17:00:49.171294] [INFO] [path_server] 노드 업데이트 : [1184] ➜ [1045]
[2026-08-11 17:00:49.251219] [INFO] [path_server] 새로운 경로 설정 : path[1184 ➜ 205] time[0s] dist[24m] list[17] : 1184-1045-1046-1047-1048-1001-1002-1003-1004-1013-1049-1050-1014-1201-1200-1202-205
[2026-08-11 17:00:50.528601] [INFO] [path_server] 노드 업데이트 : [1045] ➜ [1046]
[2026-08-11 17:00:50.588517] [INFO] [path_server] 새로운 경로 설정 : path[1045 ➜ 205] time[0s] dist[22.5m] list[16] : 1045-1046-1047-1048-1001-1002-1003-1004-1013-1049-1050-1014-1201-1200-1202-205
[2026-08-11 17:00:53.861853] [INFO] [path_server] 노드 업데이트 : [1046] ➜ [1047]
[2026-08-11 17:00:53.921792] [INFO] [path_server] 새로운 경로 설정 : path[1046 ➜ 205] time[0s] dist[21m] list[15] : 1046-1047-1048-1001-1002-1003-1004-1013-1049-1050-1014-1201-1200-1202-205
[2026-08-11 17:00:54.979777] [INFO] [path_server] 노드 업데이트 : [1047] ➜ [1048]
[2026-08-11 17:00:55.059650] [INFO] [path_server] 새로운 경로 설정 : path[1047 ➜ 205] time[0s] dist[19.5m] list[14] : 1047-1048-1001-1002-1003-1004-1013-1049-1050-1014-1201-1200-1202-205
[2026-08-11 17:00:55.798002] [INFO] [path_server] 노드 업데이트 : [1048] ➜ [1001]
[2026-08-11 17:00:55.877920] [INFO] [path_server] 새로운 경로 설정 : path[1048 ➜ 205] time[0s] dist[18m] list[13] : 1048-1001-1002-1003-1004-1013-1049-1050-1014-1201-1200-1202-205
[2026-08-11 17:00:56.556504] [INFO] [path_server] 노드 업데이트 : [1001] ➜ [1002]
[2026-08-11 17:00:56.616389] [INFO] [path_server] 새로운 경로 설정 : path[1001 ➜ 205] time[0s] dist[16.5m] list[12] : 1001-1002-1003-1004-1013-1049-1050-1014-1201-1200-1202-205
[2026-08-11 17:00:57.315015] [INFO] [path_server] 노드 업데이트 : [1002] ➜ [1003]
[2026-08-11 17:00:57.394828] [INFO] [path_server] 새로운 경로 설정 : path[1002 ➜ 205] time[0s] dist[15m] list[11] : 1002-1003-1004-1013-1049-1050-1014-1201-1200-1202-205
[2026-08-11 17:00:58.053465] [INFO] [path_server] 노드 업데이트 : [1003] ➜ [1004]
[2026-08-11 17:00:58.113400] [INFO] [path_server] 새로운 경로 설정 : path[1003 ➜ 205] time[0s] dist[13.5m] list[10] : 1003-1004-1013-1049-1050-1014-1201-1200-1202-205
[2026-08-11 17:00:59.390680] [INFO] [path_server] 노드 업데이트 : [1004] ➜ [1013]
[2026-08-11 17:00:59.470599] [INFO] [path_server] 새로운 경로 설정 : path[1004 ➜ 205] time[0s] dist[12m] list[9] : 1004-1013-1049-1050-1014-1201-1200-1202-205
[2026-08-11 17:01:02.743841] [INFO] [path_server] 노드 업데이트 : [1013] ➜ [1049]
[2026-08-11 17:01:02.823765] [INFO] [path_server] 새로운 경로 설정 : path[1013 ➜ 205] time[0s] dist[10.5m] list[8] : 1013-1049-1050-1014-1201-1200-1202-205
[2026-08-11 17:01:03.881795] [INFO] [path_server] 노드 업데이트 : [1049] ➜ [1050]
[2026-08-11 17:01:03.962028] [INFO] [path_server] 새로운 경로 설정 : path[1049 ➜ 205] time[0s] dist[9m] list[7] : 1049-1050-1014-1201-1200-1202-205
[2026-08-11 17:01:05.201470] [INFO] [path_server] 노드 업데이트 : [1050] ➜ [1014]
[2026-08-11 17:01:05.281384] [INFO] [path_server] 새로운 경로 설정 : path[1050 ➜ 205] time[0s] dist[7.5m] list[6] : 1050-1014-1201-1200-1202-205
[2026-08-11 17:01:08.594602] [INFO] [path_server] 노드 업데이트 : [1014] ➜ [1201]
[2026-08-11 17:01:08.674511] [INFO] [path_server] 새로운 경로 설정 : path[1014 ➜ 205] time[0s] dist[6m] list[5] : 1014-1201-1200-1202-205
[2026-08-11 17:01:09.712288] [INFO] [path_server] 노드 업데이트 : [1201] ➜ [1200]
[2026-08-11 17:01:09.772180] [INFO] [path_server] 새로운 경로 설정 : path[1201 ➜ 205] time[0s] dist[4.5m] list[4] : 1201-1200-1202-205
[2026-08-11 17:01:10.530552] [INFO] [path_server] 노드 업데이트 : [1200] ➜ [1202]
[2026-08-11 17:01:10.610403] [INFO] [path_server] 새로운 경로 설정 : path[1200 ➜ 205] time[0s] dist[3m] list[3] : 1200-1202-205
[2026-08-11 17:01:11.867778] [INFO] [path_server] 노드 업데이트 : [1202] ➜ [205]
[2026-08-11 17:01:11.927677] [INFO] [path_server] 새로운 경로 설정 : path[1202 ➜ 205] time[0s] dist[1.5m] list[2] : 1202-205
[2026-08-11 17:01:17.077343] [INFO] [path_server] 노드 업데이트 : [205] ➜ [-1]
[2026-08-11 17:01:20.012072] [INFO] [path_server] 노드 업데이트 : [205] ➜ [-1]
[2026-08-11 17:01:20.091982] [INFO] [path_server] 경로 삭제
[2026-08-11 17:03:34.398720] [INFO] [path_server] 생성
[2026-08-11 17:03:34.398767] [INFO] [path_server] 경로 삭제
[2026-08-11 17:03:34.400476] [INFO] [path_server] 노드 초기화 성공 : 로봇 좌표[23.498m 6.997m 90.572°] 최단 거리 노드[205] 거리(0.003615m)
[2026-08-11 17:04:47.998851] [INFO] [path_server] 새로운 경로 설정 : path[205 ➜ 103] time[0s] dist[73.5m] list[50] : 205-1202-1203-1204-1205-1206-1207-1208-1145-1146-1147-1148-1077-1029-1030-1031-1032-1033-1034-1007-1008-1009-1010-1011-1012-1035-1036-1037-1038-1039-1040-1041-1042-1112-1113-1114-1115-1116-1117-1118-1119-1120-1121-1122-1123-1179-1180-1181-1182-103
[2026-08-11 17:04:52.909224] [INFO] [path_server] 노드 업데이트 : [1202] ➜ [1203]
[2026-08-11 17:04:52.969152] [INFO] [path_server] 새로운 경로 설정 : path[1202 ➜ 103] time[0s] dist[72m] list[49] : 1202-1203-1204-1205-1206-1207-1208-1145-1146-1147-1148-1077-1029-1030-1031-1032-1033-1034-1007-1008-1009-1010-1011-1012-1035-1036-1037-1038-1039-1040-1041-1042-1112-1113-1114-1115-1116-1117-1118-1119-1120-1121-1122-1123-1179-1180-1181-1182-103
[2026-08-11 17:04:56.521730] [INFO] [path_server] 노드 업데이트 : [1203] ➜ [1204]
[2026-08-11 17:04:56.601675] [INFO] [path_server] 새로운 경로 설정 : path[1203 ➜ 103] time[0s] dist[70.5m] list[48] : 1203-1204-1205-1206-1207-1208-1145-1146-1147-1148-1077-1029-1030-1031-1032-1033-1034-1007-1008-1009-1010-1011-1012-1035-1036-1037-1038-1039-1040-1041-1042-1112-1113-1114-1115-1116-1117-1118-1119-1120-1121-1122-1123-1179-1180-1181-1182-103
[2026-08-11 17:04:57.659404] [INFO] [path_server] 노드 업데이트 : [1204] ➜ [1205]
[2026-08-11 17:04:57.739365] [INFO] [path_server] 새로운 경로 설정 : path[1204 ➜ 103] time[0s] dist[69m] list[47] : 1204-1205-1206-1207-1208-1145-1146-1147-1148-1077-1029-1030-1031-1032-1033-1034-1007-1008-1009-1010-1011-1012-1035-1036-1037-1038-1039-1040-1041-1042-1112-1113-1114-1115-1116-1117-1118-1119-1120-1121-1122-1123-1179-1180-1181-1182-103
[2026-08-11 17:04:58.477818] [INFO] [path_server] 노드 업데이트 : [1205] ➜ [1206]
[2026-08-11 17:04:58.537749] [INFO] [path_server] 새로운 경로 설정 : path[1205 ➜ 103] time[0s] dist[67.5m] list[46] : 1205-1206-1207-1208-1145-1146-1147-1148-1077-1029-1030-1031-1032-1033-1034-1007-1008-1009-1010-1011-1012-1035-1036-1037-1038-1039-1040-1041-1042-1112-1113-1114-1115-1116-1117-1118-1119-1120-1121-1122-1123-1179-1180-1181-1182-103
[2026-08-11 17:04:59.236339] [INFO] [path_server] 노드 업데이트 : [1206] ➜ [1207]
[2026-08-11 17:04:59.316265] [INFO] [path_server] 새로운 경로 설정 : path[1206 ➜ 103] time[0s] dist[66.01m] list[45] : 1206-1207-1208-1145-1146-1147-1148-1077-1029-1030-1031-1032-1033-1034-1007-1008-1009-1010-1011-1012-1035-1036-1037-1038-1039-1040-1041-1042-1112-1113-1114-1115-1116-1117-1118-1119-1120-1121-1122-1123-1179-1180-1181-1182-103
[2026-08-11 17:04:59.994764] [INFO] [path_server] 노드 업데이트 : [1207] ➜ [1208]
[2026-08-11 17:05:00.074744] [INFO] [path_server] 새로운 경로 설정 : path[1207 ➜ 103] time[0s] dist[64.5m] list[44] : 1207-1208-1145-1146-1147-1148-1077-1029-1030-1031-1032-1033-1034-1007-1008-1009-1010-1011-1012-1035-1036-1037-1038-1039-1040-1041-1042-1112-1113-1114-1115-1116-1117-1118-1119-1120-1121-1122-1123-1179-1180-1181-1182-103
[2026-08-11 17:05:00.733359] [INFO] [path_server] 노드 업데이트 : [1208] ➜ [1145]
[2026-08-11 17:05:00.813263] [INFO] [path_server] 새로운 경로 설정 : path[1208 ➜ 103] time[0s] dist[63m] list[43] : 1208-1145-1146-1147-1148-1077-1029-1030-1031-1032-1033-1034-1007-1008-1009-1010-1011-1012-1035-1036-1037-1038-1039-1040-1041-1042-1112-1113-1114-1115-1116-1117-1118-1119-1120-1121-1122-1123-1179-1180-1181-1182-103
[2026-08-11 17:05:02.050730] [INFO] [path_server] 노드 업데이트 : [1145] ➜ [1146]
[2026-08-11 17:05:02.130621] [INFO] [path_server] 새로운 경로 설정 : path[1145 ➜ 103] time[0s] dist[61.5m] list[42] : 1145-1146-1147-1148-1077-1029-1030-1031-1032-1033-1034-1007-1008-1009-1010-1011-1012-1035-1036-1037-1038-1039-1040-1041-1042-1112-1113-1114-1115-1116-1117-1118-1119-1120-1121-1122-1123-1179-1180-1181-1182-103
[2026-08-11 17:05:05.423646] [INFO] [path_server] 노드 업데이트 : [1146] ➜ [1147]
[2026-08-11 17:05:05.503584] [INFO] [path_server] 새로운 경로 설정 : path[1146 ➜ 103] time[0s] dist[60m] list[41] : 1146-1147-1148-1077-1029-1030-1031-1032-1033-1034-1007-1008-1009-1010-1011-1012-1035-1036-1037-1038-1039-1040-1041-1042-1112-1113-1114-1115-1116-1117-1118-1119-1120-1121-1122-1123-1179-1180-1181-1182-103
[2026-08-11 17:05:06.541461] [INFO] [path_server] 노드 업데이트 : [1147] ➜ [1148]
[2026-08-11 17:05:06.601405] [INFO] [path_server] 새로운 경로 설정 : path[1147 ➜ 103] time[0s] dist[58.5m] list[40] : 1147-1148-1077-1029-1030-1031-1032-1033-1034-1007-1008-1009-1010-1011-1012-1035-1036-1037-1038-1039-1040-1041-1042-1112-1113-1114-1115-1116-1117-1118-1119-1120-1121-1122-1123-1179-1180-1181-1182-103
[2026-08-11 17:05:07.359865] [INFO] [path_server] 노드 업데이트 : [1148] ➜ [1077]
[2026-08-11 17:05:07.439760] [INFO] [path_server] 새로운 경로 설정 : path[1148 ➜ 103] time[0s] dist[57m] list[39] : 1148-1077-1029-1030-1031-1032-1033-1034-1007-1008-1009-1010-1011-1012-1035-1036-1037-1038-1039-1040-1041-1042-1112-1113-1114-1115-1116-1117-1118-1119-1120-1121-1122-1123-1179-1180-1181-1182-103
[2026-08-11 17:05:08.697047] [INFO] [path_server] 노드 업데이트 : [1077] ➜ [1029]
[2026-08-11 17:05:08.756975] [INFO] [path_server] 새로운 경로 설정 : path[1077 ➜ 103] time[0s] dist[55.5m] list[38] : 1077-1029-1030-1031-1032-1033-1034-1007-1008-1009-1010-1011-1012-1035-1036-1037-1038-1039-1040-1041-1042-1112-1113-1114-1115-1116-1117-1118-1119-1120-1121-1122-1123-1179-1180-1181-1182-103
[2026-08-11 17:05:12.030109] [INFO] [path_server] 노드 업데이트 : [1029] ➜ [1030]
[2026-08-11 17:05:12.109962] [INFO] [path_server] 새로운 경로 설정 : path[1029 ➜ 103] time[0s] dist[54m] list[37] : 1029-1030-1031-1032-1033-1034-1007-1008-1009-1010-1011-1012-1035-1036-1037-1038-1039-1040-1041-1042-1112-1113-1114-1115-1116-1117-1118-1119-1120-1121-1122-1123-1179-1180-1181-1182-103
[2026-08-11 17:05:13.167858] [INFO] [path_server] 노드 업데이트 : [1030] ➜ [1031]
[2026-08-11 17:05:13.267709] [INFO] [path_server] 새로운 경로 설정 : path[1030 ➜ 103] time[0s] dist[52.5m] list[36] : 1030-1031-1032-1033-1034-1007-1008-1009-1010-1011-1012-1035-1036-1037-1038-1039-1040-1041-1042-1112-1113-1114-1115-1116-1117-1118-1119-1120-1121-1122-1123-1179-1180-1181-1182-103
[2026-08-11 17:05:13.986284] [INFO] [path_server] 노드 업데이트 : [1031] ➜ [1032]
[2026-08-11 17:05:14.066263] [INFO] [path_server] 새로운 경로 설정 : path[1031 ➜ 103] time[0s] dist[51m] list[35] : 1031-1032-1033-1034-1007-1008-1009-1010-1011-1012-1035-1036-1037-1038-1039-1040-1041-1042-1112-1113-1114-1115-1116-1117-1118-1119-1120-1121-1122-1123-1179-1180-1181-1182-103
[2026-08-11 17:05:14.744832] [INFO] [path_server] 노드 업데이트 : [1032] ➜ [1033]
[2026-08-11 17:05:14.824759] [INFO] [path_server] 새로운 경로 설정 : path[1032 ➜ 103] time[0s] dist[49.5m] list[34] : 1032-1033-1034-1007-1008-1009-1010-1011-1012-1035-1036-1037-1038-1039-1040-1041-1042-1112-1113-1114-1115-1116-1117-1118-1119-1120-1121-1122-1123-1179-1180-1181-1182-103
[2026-08-11 17:05:15.503387] [INFO] [path_server] 노드 업데이트 : [1033] ➜ [1034]
[2026-08-11 17:05:15.563330] [INFO] [path_server] 새로운 경로 설정 : path[1033 ➜ 103] time[0s] dist[48m] list[33] : 1033-1034-1007-1008-1009-1010-1011-1012-1035-1036-1037-1038-1039-1040-1041-1042-1112-1113-1114-1115-1116-1117-1118-1119-1120-1121-1122-1123-1179-1180-1181-1182-103
[2026-08-11 17:05:16.242159] [INFO] [path_server] 노드 업데이트 : [1034] ➜ [1007]
[2026-08-11 17:05:16.322102] [INFO] [path_server] 새로운 경로 설정 : path[1034 ➜ 103] time[0s] dist[46.5m] list[32] : 1034-1007-1008-1009-1010-1011-1012-1035-1036-1037-1038-1039-1040-1041-1042-1112-1113-1114-1115-1116-1117-1118-1119-1120-1121-1122-1123-1179-1180-1181-1182-103
[2026-08-11 17:05:17.000929] [INFO] [path_server] 노드 업데이트 : [1007] ➜ [1008]
[2026-08-11 17:05:17.060877] [INFO] [path_server] 새로운 경로 설정 : path[1007 ➜ 103] time[0s] dist[45m] list[31] : 1007-1008-1009-1010-1011-1012-1035-1036-1037-1038-1039-1040-1041-1042-1112-1113-1114-1115-1116-1117-1118-1119-1120-1121-1122-1123-1179-1180-1181-1182-103
[2026-08-11 17:05:17.739525] [INFO] [path_server] 노드 업데이트 : [1008] ➜ [1009]
[2026-08-11 17:05:17.819462] [INFO] [path_server] 새로운 경로 설정 : path[1008 ➜ 103] time[0s] dist[43.5m] list[30] : 1008-1009-1010-1011-1012-1035-1036-1037-1038-1039-1040-1041-1042-1112-1113-1114-1115-1116-1117-1118-1119-1120-1121-1122-1123-1179-1180-1181-1182-103
[2026-08-11 17:05:18.498063] [INFO] [path_server] 노드 업데이트 : [1009] ➜ [1010]
[2026-08-11 17:05:18.557973] [INFO] [path_server] 새로운 경로 설정 : path[1009 ➜ 103] time[0s] dist[42m] list[29] : 1009-1010-1011-1012-1035-1036-1037-1038-1039-1040-1041-1042-1112-1113-1114-1115-1116-1117-1118-1119-1120-1121-1122-1123-1179-1180-1181-1182-103
[2026-08-11 17:05:19.236577] [INFO] [path_server] 노드 업데이트 : [1010] ➜ [1011]
[2026-08-11 17:05:19.316520] [INFO] [path_server] 새로운 경로 설정 : path[1010 ➜ 103] time[0s] dist[40.5m] list[28] : 1010-1011-1012-1035-1036-1037-1038-1039-1040-1041-1042-1112-1113-1114-1115-1116-1117-1118-1119-1120-1121-1122-1123-1179-1180-1181-1182-103
[2026-08-11 17:05:19.995106] [INFO] [path_server] 노드 업데이트 : [1011] ➜ [1012]
[2026-08-11 17:05:20.055018] [INFO] [path_server] 새로운 경로 설정 : path[1011 ➜ 103] time[0s] dist[39m] list[27] : 1011-1012-1035-1036-1037-1038-1039-1040-1041-1042-1112-1113-1114-1115-1116-1117-1118-1119-1120-1121-1122-1123-1179-1180-1181-1182-103
[2026-08-11 17:05:20.753700] [INFO] [path_server] 노드 업데이트 : [1012] ➜ [1035]
[2026-08-11 17:05:20.833569] [INFO] [path_server] 새로운 경로 설정 : path[1012 ➜ 103] time[0s] dist[37.5m] list[26] : 1012-1035-1036-1037-1038-1039-1040-1041-1042-1112-1113-1114-1115-1116-1117-1118-1119-1120-1121-1122-1123-1179-1180-1181-1182-103
[2026-08-11 17:05:21.492175] [INFO] [path_server] 노드 업데이트 : [1035] ➜ [1036]
[2026-08-11 17:05:21.552094] [INFO] [path_server] 새로운 경로 설정 : path[1035 ➜ 103] time[0s] dist[36m] list[25] : 1035-1036-1037-1038-1039-1040-1041-1042-1112-1113-1114-1115-1116-1117-1118-1119-1120-1121-1122-1123-1179-1180-1181-1182-103
[2026-08-11 17:05:22.250712] [INFO] [path_server] 노드 업데이트 : [1036] ➜ [1037]
[2026-08-11 17:05:22.330593] [INFO] [path_server] 새로운 경로 설정 : path[1036 ➜ 103] time[0s] dist[34.5m] list[24] : 1036-1037-1038-1039-1040-1041-1042-1112-1113-1114-1115-1116-1117-1118-1119-1120-1121-1122-1123-1179-1180-1181-1182-103
[2026-08-11 17:05:22.989501] [INFO] [path_server] 노드 업데이트 : [1037] ➜ [1038]
[2026-08-11 17:05:23.049430] [INFO] [path_server] 새로운 경로 설정 : path[1037 ➜ 103] time[0s] dist[33m] list[23] : 1037-1038-1039-1040-1041-1042-1112-1113-1114-1115-1116-1117-1118-1119-1120-1121-1122-1123-1179-1180-1181-1182-103
[2026-08-11 17:05:23.748022] [INFO] [path_server] 노드 업데이트 : [1038] ➜ [1039]
[2026-08-11 17:05:23.827856] [INFO] [path_server] 새로운 경로 설정 : path[1038 ➜ 103] time[0s] dist[31.5m] list[22] : 1038-1039-1040-1041-1042-1112-1113-1114-1115-1116-1117-1118-1119-1120-1121-1122-1123-1179-1180-1181-1182-103
[2026-08-11 17:05:24.486439] [INFO] [path_server] 노드 업데이트 : [1039] ➜ [1040]
[2026-08-11 17:05:24.546399] [INFO] [path_server] 새로운 경로 설정 : path[1039 ➜ 103] time[0s] dist[30m] list[21] : 1039-1040-1041-1042-1112-1113-1114-1115-1116-1117-1118-1119-1120-1121-1122-1123-1179-1180-1181-1182-103
[2026-08-11 17:05:25.244942] [INFO] [path_server] 노드 업데이트 : [1040] ➜ [1041]
[2026-08-11 17:05:25.344822] [INFO] [path_server] 새로운 경로 설정 : path[1040 ➜ 103] time[0s] dist[28.5m] list[20] : 1040-1041-1042-1112-1113-1114-1115-1116-1117-1118-1119-1120-1121-1122-1123-1179-1180-1181-1182-103
[2026-08-11 17:05:26.003625] [INFO] [path_server] 노드 업데이트 : [1041] ➜ [1042]
[2026-08-11 17:05:26.083533] [INFO] [path_server] 새로운 경로 설정 : path[1041 ➜ 103] time[0s] dist[27m] list[19] : 1041-1042-1112-1113-1114-1115-1116-1117-1118-1119-1120-1121-1122-1123-1179-1180-1181-1182-103
[2026-08-11 17:05:26.742094] [INFO] [path_server] 노드 업데이트 : [1042] ➜ [1112]
[2026-08-11 17:05:26.802004] [INFO] [path_server] 새로운 경로 설정 : path[1042 ➜ 103] time[0s] dist[25.5m] list[18] : 1042-1112-1113-1114-1115-1116-1117-1118-1119-1120-1121-1122-1123-1179-1180-1181-1182-103
[2026-08-11 17:05:28.059458] [INFO] [path_server] 노드 업데이트 : [1112] ➜ [1113]
[2026-08-11 17:05:28.119382] [INFO] [path_server] 새로운 경로 설정 : path[1112 ➜ 103] time[0s] dist[24m] list[17] : 1112-1113-1114-1115-1116-1117-1118-1119-1120-1121-1122-1123-1179-1180-1181-1182-103
[2026-08-11 17:05:31.412796] [INFO] [path_server] 노드 업데이트 : [1113] ➜ [1114]
[2026-08-11 17:05:31.472709] [INFO] [path_server] 새로운 경로 설정 : path[1113 ➜ 103] time[0s] dist[22.5m] list[16] : 1113-1114-1115-1116-1117-1118-1119-1120-1121-1122-1123-1179-1180-1181-1182-103
[2026-08-11 17:05:32.550499] [INFO] [path_server] 노드 업데이트 : [1114] ➜ [1115]
[2026-08-11 17:05:32.610420] [INFO] [path_server] 새로운 경로 설정 : path[1114 ➜ 103] time[0s] dist[21m] list[15] : 1114-1115-1116-1117-1118-1119-1120-1121-1122-1123-1179-1180-1181-1182-103
[2026-08-11 17:05:33.368889] [INFO] [path_server] 노드 업데이트 : [1115] ➜ [1116]
[2026-08-11 17:05:33.448731] [INFO] [path_server] 새로운 경로 설정 : path[1115 ➜ 103] time[0s] dist[19.5m] list[14] : 1115-1116-1117-1118-1119-1120-1121-1122-1123-1179-1180-1181-1182-103
[2026-08-11 17:05:34.127266] [INFO] [path_server] 노드 업데이트 : [1116] ➜ [1117]
[2026-08-11 17:05:34.207216] [INFO] [path_server] 새로운 경로 설정 : path[1116 ➜ 103] time[0s] dist[18m] list[13] : 1116-1117-1118-1119-1120-1121-1122-1123-1179-1180-1181-1182-103
[2026-08-11 17:05:34.885744] [INFO] [path_server] 노드 업데이트 : [1117] ➜ [1118]
[2026-08-11 17:05:34.945644] [INFO] [path_server] 새로운 경로 설정 : path[1117 ➜ 103] time[0s] dist[16.5m] list[12] : 1117-1118-1119-1120-1121-1122-1123-1179-1180-1181-1182-103
[2026-08-11 17:05:35.624212] [INFO] [path_server] 노드 업데이트 : [1118] ➜ [1119]
[2026-08-11 17:05:35.704137] [INFO] [path_server] 새로운 경로 설정 : path[1118 ➜ 103] time[0s] dist[15m] list[11] : 1118-1119-1120-1121-1122-1123-1179-1180-1181-1182-103
[2026-08-11 17:05:36.382730] [INFO] [path_server] 노드 업데이트 : [1119] ➜ [1120]
[2026-08-11 17:05:36.442644] [INFO] [path_server] 새로운 경로 설정 : path[1119 ➜ 103] time[0s] dist[13.5m] list[10] : 1119-1120-1121-1122-1123-1179-1180-1181-1182-103
[2026-08-11 17:05:37.221073] [INFO] [path_server] 노드 업데이트 : [1120] ➜ [1121]
[2026-08-11 17:05:37.280986] [INFO] [path_server] 새로운 경로 설정 : path[1120 ➜ 103] time[0s] dist[12m] list[9] : 1120-1121-1122-1123-1179-1180-1181-1182-103
[2026-08-11 17:05:40.873995] [INFO] [path_server] 노드 업데이트 : [1121] ➜ [1122]
[2026-08-11 17:05:40.953899] [INFO] [path_server] 새로운 경로 설정 : path[1121 ➜ 103] time[0s] dist[10.5m] list[8] : 1121-1122-1123-1179-1180-1181-1182-103
[2026-08-11 17:05:42.231251] [INFO] [path_server] 노드 업데이트 : [1122] ➜ [1123]
[2026-08-11 17:05:42.291155] [INFO] [path_server] 새로운 경로 설정 : path[1122 ➜ 103] time[0s] dist[9m] list[7] : 1122-1123-1179-1180-1181-1182-103
[2026-08-11 17:05:43.289121] [INFO] [path_server] 노드 업데이트 : [1123] ➜ [1179]
[2026-08-11 17:05:43.368970] [INFO] [path_server] 새로운 경로 설정 : path[1123 ➜ 103] time[0s] dist[7.5m] list[6] : 1123-1179-1180-1181-1182-103
[2026-08-11 17:05:46.602607] [INFO] [path_server] 노드 업데이트 : [1179] ➜ [1180]
[2026-08-11 17:05:46.662501] [INFO] [path_server] 새로운 경로 설정 : path[1179 ➜ 103] time[0s] dist[6m] list[5] : 1179-1180-1181-1182-103
[2026-08-11 17:05:47.840184] [INFO] [path_server] 노드 업데이트 : [1180] ➜ [1181]
[2026-08-11 17:05:47.920050] [INFO] [path_server] 새로운 경로 설정 : path[1180 ➜ 103] time[0s] dist[4.5m] list[4] : 1180-1181-1182-103
[2026-08-11 17:05:48.718352] [INFO] [path_server] 노드 업데이트 : [1181] ➜ [1182]
[2026-08-11 17:05:48.798260] [INFO] [path_server] 새로운 경로 설정 : path[1181 ➜ 103] time[0s] dist[3m] list[3] : 1181-1182-103
[2026-08-11 17:05:50.035587] [INFO] [path_server] 노드 업데이트 : [1182] ➜ [103]
[2026-08-11 17:05:50.115513] [INFO] [path_server] 새로운 경로 설정 : path[1182 ➜ 103] time[0s] dist[1.5m] list[2] : 1182-103
[2026-08-11 17:05:55.245522] [INFO] [path_server] 노드 업데이트 : [103] ➜ [-1]
[2026-08-11 17:05:58.180220] [INFO] [path_server] 노드 업데이트 : [103] ➜ [-1]
[2026-08-11 17:06:44.369416] [INFO] [path_server] 경로 삭제
[2026-08-11 17:06:44.409382] [INFO] [path_server] 경로 삭제
[2026-08-11 17:07:06.844478] [INFO] [path_server] 새로운 경로 설정 : path[103 ➜ 203] time[0s] dist[19.5m] list[14] : 103-1182-1183-1184-1045-1040-1041-1042-1112-1113-1114-1115-1116-203
[2026-08-11 17:07:14.009672] [INFO] [path_server] 노드 업데이트 : [1182] ➜ [1183]
[2026-08-11 17:07:14.069577] [INFO] [path_server] 새로운 경로 설정 : path[1182 ➜ 203] time[0s] dist[18m] list[13] : 1182-1183-1184-1045-1040-1041-1042-1112-1113-1114-1115-1116-203
[2026-08-11 17:07:17.622353] [INFO] [path_server] 노드 업데이트 : [1183] ➜ [1184]
[2026-08-11 17:07:17.702270] [INFO] [path_server] 새로운 경로 설정 : path[1183 ➜ 203] time[0s] dist[16.5m] list[12] : 1183-1184-1045-1040-1041-1042-1112-1113-1114-1115-1116-203
[2026-08-11 17:07:18.740116] [INFO] [path_server] 노드 업데이트 : [1184] ➜ [1045]
[2026-08-11 17:07:18.800041] [INFO] [path_server] 새로운 경로 설정 : path[1184 ➜ 203] time[0s] dist[15m] list[11] : 1184-1045-1040-1041-1042-1112-1113-1114-1115-1116-203
[2026-08-11 17:07:19.578418] [INFO] [path_server] 노드 업데이트 : [1045] ➜ [1040]
[2026-08-11 17:07:19.638325] [INFO] [path_server] 새로운 경로 설정 : path[1045 ➜ 203] time[0s] dist[13.5m] list[10] : 1045-1040-1041-1042-1112-1113-1114-1115-1116-203
[2026-08-11 17:07:20.875780] [INFO] [path_server] 노드 업데이트 : [1040] ➜ [1041]
[2026-08-11 17:07:20.935680] [INFO] [path_server] 새로운 경로 설정 : path[1040 ➜ 203] time[0s] dist[12m] list[9] : 1040-1041-1042-1112-1113-1114-1115-1116-203
[2026-08-11 17:07:24.249214] [INFO] [path_server] 노드 업데이트 : [1041] ➜ [1042]
[2026-08-11 17:07:24.329121] [INFO] [path_server] 새로운 경로 설정 : path[1041 ➜ 203] time[0s] dist[10.5m] list[8] : 1041-1042-1112-1113-1114-1115-1116-203
[2026-08-11 17:07:25.386863] [INFO] [path_server] 노드 업데이트 : [1042] ➜ [1112]
[2026-08-11 17:07:25.466769] [INFO] [path_server] 새로운 경로 설정 : path[1042 ➜ 203] time[0s] dist[9m] list[7] : 1042-1112-1113-1114-1115-1116-203
[2026-08-11 17:07:26.724199] [INFO] [path_server] 노드 업데이트 : [1112] ➜ [1113]
[2026-08-11 17:07:26.804062] [INFO] [path_server] 새로운 경로 설정 : path[1112 ➜ 203] time[0s] dist[7.5m] list[6] : 1112-1113-1114-1115-1116-203
[2026-08-11 17:07:30.057354] [INFO] [path_server] 노드 업데이트 : [1113] ➜ [1114]
[2026-08-11 17:07:30.137270] [INFO] [path_server] 새로운 경로 설정 : path[1113 ➜ 203] time[0s] dist[6m] list[5] : 1113-1114-1115-1116-203
[2026-08-11 17:07:31.194992] [INFO] [path_server] 노드 업데이트 : [1114] ➜ [1115]
[2026-08-11 17:07:31.274895] [INFO] [path_server] 새로운 경로 설정 : path[1114 ➜ 203] time[0s] dist[4.5m] list[4] : 1114-1115-1116-203
[2026-08-11 17:07:32.013298] [INFO] [path_server] 노드 업데이트 : [1115] ➜ [1116]
[2026-08-11 17:07:32.073358] [INFO] [path_server] 새로운 경로 설정 : path[1115 ➜ 203] time[0s] dist[3m] list[3] : 1115-1116-203
[2026-08-11 17:07:33.350908] [INFO] [path_server] 노드 업데이트 : [1116] ➜ [203]
[2026-08-11 17:07:33.430764] [INFO] [path_server] 새로운 경로 설정 : path[1116 ➜ 203] time[0s] dist[1.5m] list[2] : 1116-203
[2026-08-11 17:07:38.599999] [INFO] [path_server] 노드 업데이트 : [203] ➜ [-1]
[2026-08-11 17:07:41.534115] [INFO] [path_server] 노드 업데이트 : [203] ➜ [-1]
[2026-08-11 17:07:41.613994] [INFO] [path_server] 경로 삭제
[2026-08-11 17:08:11.695090] [INFO] [path_server] 새로운 경로 설정 : path[203 ➜ 110] time[0s] dist[46.5m] list[32] : 203-1116-1117-1118-1119-1120-1121-1122-1123-1179-1180-1181-1182-1183-1184-1045-1046-1047-1048-1001-1002-1003-1004-1005-1006-1021-1022-1007-1167-1168-1169-110
[2026-08-11 17:08:16.585197] [INFO] [path_server] 노드 업데이트 : [1116] ➜ [1117]
[2026-08-11 17:08:16.665102] [INFO] [path_server] 새로운 경로 설정 : path[1116 ➜ 110] time[0s] dist[45m] list[31] : 1116-1117-1118-1119-1120-1121-1122-1123-1179-1180-1181-1182-1183-1184-1045-1046-1047-1048-1001-1002-1003-1004-1005-1006-1021-1022-1007-1167-1168-1169-110
[2026-08-11 17:08:20.198100] [INFO] [path_server] 노드 업데이트 : [1117] ➜ [1118]
[2026-08-11 17:08:20.258039] [INFO] [path_server] 새로운 경로 설정 : path[1117 ➜ 110] time[0s] dist[43.5m] list[30] : 1117-1118-1119-1120-1121-1122-1123-1179-1180-1181-1182-1183-1184-1045-1046-1047-1048-1001-1002-1003-1004-1005-1006-1021-1022-1007-1167-1168-1169-110
[2026-08-11 17:08:21.335736] [INFO] [path_server] 노드 업데이트 : [1118] ➜ [1119]
[2026-08-11 17:08:21.395634] [INFO] [path_server] 새로운 경로 설정 : path[1118 ➜ 110] time[0s] dist[42m] list[29] : 1118-1119-1120-1121-1122-1123-1179-1180-1181-1182-1183-1184-1045-1046-1047-1048-1001-1002-1003-1004-1005-1006-1021-1022-1007-1167-1168-1169-110
[2026-08-11 17:08:22.154083] [INFO] [path_server] 노드 업데이트 : [1119] ➜ [1120]
[2026-08-11 17:08:22.233992] [INFO] [path_server] 새로운 경로 설정 : path[1119 ➜ 110] time[0s] dist[40.5m] list[28] : 1119-1120-1121-1122-1123-1179-1180-1181-1182-1183-1184-1045-1046-1047-1048-1001-1002-1003-1004-1005-1006-1021-1022-1007-1167-1168-1169-110
[2026-08-11 17:08:23.012370] [INFO] [path_server] 노드 업데이트 : [1120] ➜ [1121]
[2026-08-11 17:08:23.072253] [INFO] [path_server] 새로운 경로 설정 : path[1120 ➜ 110] time[0s] dist[39m] list[27] : 1120-1121-1122-1123-1179-1180-1181-1182-1183-1184-1045-1046-1047-1048-1001-1002-1003-1004-1005-1006-1021-1022-1007-1167-1168-1169-110
[2026-08-11 17:08:26.684947] [INFO] [path_server] 노드 업데이트 : [1121] ➜ [1122]
[2026-08-11 17:08:26.764826] [INFO] [path_server] 새로운 경로 설정 : path[1121 ➜ 110] time[0s] dist[37.5m] list[26] : 1121-1122-1123-1179-1180-1181-1182-1183-1184-1045-1046-1047-1048-1001-1002-1003-1004-1005-1006-1021-1022-1007-1167-1168-1169-110
[2026-08-11 17:08:28.042187] [INFO] [path_server] 노드 업데이트 : [1122] ➜ [1123]
[2026-08-11 17:08:28.122248] [INFO] [path_server] 새로운 경로 설정 : path[1122 ➜ 110] time[0s] dist[36m] list[25] : 1122-1123-1179-1180-1181-1182-1183-1184-1045-1046-1047-1048-1001-1002-1003-1004-1005-1006-1021-1022-1007-1167-1168-1169-110
[2026-08-11 17:08:29.100204] [INFO] [path_server] 노드 업데이트 : [1123] ➜ [1179]
[2026-08-11 17:08:29.160118] [INFO] [path_server] 새로운 경로 설정 : path[1123 ➜ 110] time[0s] dist[34.5m] list[24] : 1123-1179-1180-1181-1182-1183-1184-1045-1046-1047-1048-1001-1002-1003-1004-1005-1006-1021-1022-1007-1167-1168-1169-110
[2026-08-11 17:08:34.748869] [INFO] [path_server] 노드 업데이트 : [1179] ➜ [1180]
[2026-08-11 17:08:34.828820] [INFO] [path_server] 새로운 경로 설정 : path[1179 ➜ 110] time[0s] dist[33m] list[23] : 1179-1180-1181-1182-1183-1184-1045-1046-1047-1048-1001-1002-1003-1004-1005-1006-1021-1022-1007-1167-1168-1169-110
[2026-08-11 17:08:49.440941] [INFO] [path_server] 노드 업데이트 : [1180] ➜ [1181]
[2026-08-11 17:08:49.501080] [INFO] [path_server] 새로운 경로 설정 : path[1180 ➜ 110] time[0s] dist[31.5m] list[22] : 1180-1181-1182-1183-1184-1045-1046-1047-1048-1001-1002-1003-1004-1005-1006-1021-1022-1007-1167-1168-1169-110
[2026-08-11 17:08:51.816482] [INFO] [path_server] 노드 업데이트 : [1181] ➜ [1182]
[2026-08-11 17:08:51.876393] [INFO] [path_server] 새로운 경로 설정 : path[1181 ➜ 110] time[0s] dist[30m] list[21] : 1181-1182-1183-1184-1045-1046-1047-1048-1001-1002-1003-1004-1005-1006-1021-1022-1007-1167-1168-1169-110
[2026-08-11 17:08:54.251524] [INFO] [path_server] 노드 업데이트 : [1182] ➜ [1183]
[2026-08-11 17:08:54.331386] [INFO] [path_server] 새로운 경로 설정 : path[1182 ➜ 110] time[0s] dist[28.5m] list[20] : 1182-1183-1184-1045-1046-1047-1048-1001-1002-1003-1004-1005-1006-1021-1022-1007-1167-1168-1169-110
[2026-08-11 17:08:56.107690] [INFO] [path_server] 노드 업데이트 : [1183] ➜ [1184]
[2026-08-11 17:08:56.187563] [INFO] [path_server] 새로운 경로 설정 : path[1183 ➜ 110] time[0s] dist[27m] list[19] : 1183-1184-1045-1046-1047-1048-1001-1002-1003-1004-1005-1006-1021-1022-1007-1167-1168-1169-110
[2026-08-11 17:08:58.862244] [INFO] [path_server] 노드 업데이트 : [1184] ➜ [1045]
[2026-08-11 17:08:58.942126] [INFO] [path_server] 새로운 경로 설정 : path[1184 ➜ 110] time[0s] dist[25.5m] list[18] : 1184-1045-1046-1047-1048-1001-1002-1003-1004-1005-1006-1021-1022-1007-1167-1168-1169-110
[2026-08-11 17:09:00.359281] [INFO] [path_server] 노드 업데이트 : [1045] ➜ [1046]
[2026-08-11 17:09:00.439149] [INFO] [path_server] 새로운 경로 설정 : path[1045 ➜ 110] time[0s] dist[24m] list[17] : 1045-1046-1047-1048-1001-1002-1003-1004-1005-1006-1021-1022-1007-1167-1168-1169-110
[2026-08-11 17:09:03.712485] [INFO] [path_server] 노드 업데이트 : [1046] ➜ [1047]
[2026-08-11 17:09:03.772410] [INFO] [path_server] 새로운 경로 설정 : path[1046 ➜ 110] time[0s] dist[22.5m] list[16] : 1046-1047-1048-1001-1002-1003-1004-1005-1006-1021-1022-1007-1167-1168-1169-110
[2026-08-11 17:09:05.568918] [INFO] [path_server] 노드 업데이트 : [1047] ➜ [1048]
[2026-08-11 17:09:05.628850] [INFO] [path_server] 새로운 경로 설정 : path[1047 ➜ 110] time[0s] dist[21m] list[15] : 1047-1048-1001-1002-1003-1004-1005-1006-1021-1022-1007-1167-1168-1169-110
[2026-08-11 17:09:08.802999] [INFO] [path_server] 노드 업데이트 : [1048] ➜ [1001]
[2026-08-11 17:09:08.863227] [INFO] [path_server] 새로운 경로 설정 : path[1048 ➜ 110] time[0s] dist[19.5m] list[14] : 1048-1001-1002-1003-1004-1005-1006-1021-1022-1007-1167-1168-1169-110
[2026-08-11 17:09:13.633502] [INFO] [path_server] 노드 업데이트 : [1001] ➜ [1002]
[2026-08-11 17:09:13.713346] [INFO] [path_server] 새로운 경로 설정 : path[1001 ➜ 110] time[0s] dist[18m] list[13] : 1001-1002-1003-1004-1005-1006-1021-1022-1007-1167-1168-1169-110
[2026-08-11 17:09:47.869166] [INFO] [path_server] 노드 업데이트 : [1002] ➜ [1003]
[2026-08-11 17:09:47.949098] [INFO] [path_server] 새로운 경로 설정 : path[1002 ➜ 110] time[0s] dist[16.5m] list[12] : 1002-1003-1004-1005-1006-1021-1022-1007-1167-1168-1169-110
[2026-08-11 17:09:57.590131] [INFO] [path_server] 새로운 경로 설정 : path[1003 ➜ 207] time[0s] dist[25.5m] list[19] : 1002-1003-1004-1005-1006-1021-1022-1023-1024-1025-1026-1027-1028-1148-1077-1078-1079-1080-207
[2026-08-11 17:10:17.849083] [INFO] [path_server] 노드 업데이트 : [1003] ➜ [1004]
[2026-08-11 17:10:17.928947] [INFO] [path_server] 새로운 경로 설정 : path[1003 ➜ 207] time[0s] dist[25.5m] list[18] : 1003-1004-1005-1006-1021-1022-1023-1024-1025-1026-1027-1028-1148-1077-1078-1079-1080-207
[2026-08-11 17:10:19.186410] [INFO] [path_server] 노드 업데이트 : [1004] ➜ [1005]
[2026-08-11 17:10:19.246345] [INFO] [path_server] 새로운 경로 설정 : path[1004 ➜ 207] time[0s] dist[24m] list[17] : 1004-1005-1006-1021-1022-1023-1024-1025-1026-1027-1028-1148-1077-1078-1079-1080-207
[2026-08-11 17:10:20.064817] [INFO] [path_server] 노드 업데이트 : [1005] ➜ [1006]
[2026-08-11 17:10:20.164610] [INFO] [path_server] 새로운 경로 설정 : path[1005 ➜ 207] time[0s] dist[22.5m] list[16] : 1005-1006-1021-1022-1023-1024-1025-1026-1027-1028-1148-1077-1078-1079-1080-207
[2026-08-11 17:10:20.823310] [INFO] [path_server] 노드 업데이트 : [1006] ➜ [1021]
[2026-08-11 17:10:20.903188] [INFO] [path_server] 새로운 경로 설정 : path[1006 ➜ 207] time[0s] dist[21m] list[15] : 1006-1021-1022-1023-1024-1025-1026-1027-1028-1148-1077-1078-1079-1080-207
[2026-08-11 17:10:21.561782] [INFO] [path_server] 노드 업데이트 : [1021] ➜ [1022]
[2026-08-11 17:10:21.621691] [INFO] [path_server] 새로운 경로 설정 : path[1021 ➜ 207] time[0s] dist[19.5m] list[14] : 1021-1022-1023-1024-1025-1026-1027-1028-1148-1077-1078-1079-1080-207
[2026-08-11 17:10:22.320271] [INFO] [path_server] 노드 업데이트 : [1022] ➜ [1023]
[2026-08-11 17:10:22.400120] [INFO] [path_server] 새로운 경로 설정 : path[1022 ➜ 207] time[0s] dist[18m] list[13] : 1022-1023-1024-1025-1026-1027-1028-1148-1077-1078-1079-1080-207
[2026-08-11 17:10:23.078664] [INFO] [path_server] 노드 업데이트 : [1023] ➜ [1024]
[2026-08-11 17:10:23.158595] [INFO] [path_server] 새로운 경로 설정 : path[1023 ➜ 207] time[0s] dist[16.5m] list[12] : 1023-1024-1025-1026-1027-1028-1148-1077-1078-1079-1080-207
[2026-08-11 17:10:23.817402] [INFO] [path_server] 노드 업데이트 : [1024] ➜ [1025]
[2026-08-11 17:10:23.897343] [INFO] [path_server] 새로운 경로 설정 : path[1024 ➜ 207] time[0s] dist[15m] list[11] : 1024-1025-1026-1027-1028-1148-1077-1078-1079-1080-207
[2026-08-11 17:10:24.576000] [INFO] [path_server] 노드 업데이트 : [1025] ➜ [1026]
[2026-08-11 17:10:24.655911] [INFO] [path_server] 새로운 경로 설정 : path[1025 ➜ 207] time[0s] dist[13.5m] list[10] : 1025-1026-1027-1028-1148-1077-1078-1079-1080-207
[2026-08-11 17:10:25.314562] [INFO] [path_server] 노드 업데이트 : [1026] ➜ [1027]
[2026-08-11 17:10:25.394430] [INFO] [path_server] 새로운 경로 설정 : path[1026 ➜ 207] time[0s] dist[12m] list[9] : 1026-1027-1028-1148-1077-1078-1079-1080-207
[2026-08-11 17:10:26.073013] [INFO] [path_server] 노드 업데이트 : [1027] ➜ [1028]
[2026-08-11 17:10:26.152932] [INFO] [path_server] 새로운 경로 설정 : path[1027 ➜ 207] time[0s] dist[10.5m] list[8] : 1027-1028-1148-1077-1078-1079-1080-207
[2026-08-11 17:10:26.811683] [INFO] [path_server] 노드 업데이트 : [1028] ➜ [1148]
[2026-08-11 17:10:26.891521] [INFO] [path_server] 새로운 경로 설정 : path[1028 ➜ 207] time[0s] dist[9m] list[7] : 1028-1148-1077-1078-1079-1080-207
[2026-08-11 17:10:28.149223] [INFO] [path_server] 노드 업데이트 : [1148] ➜ [1077]
[2026-08-11 17:10:28.209117] [INFO] [path_server] 새로운 경로 설정 : path[1148 ➜ 207] time[0s] dist[7.5m] list[6] : 1148-1077-1078-1079-1080-207
[2026-08-11 17:10:31.502593] [INFO] [path_server] 노드 업데이트 : [1077] ➜ [1078]
[2026-08-11 17:10:31.562527] [INFO] [path_server] 새로운 경로 설정 : path[1077 ➜ 207] time[0s] dist[6m] list[5] : 1077-1078-1079-1080-207
[2026-08-11 17:10:32.640334] [INFO] [path_server] 노드 업데이트 : [1078] ➜ [1079]
[2026-08-11 17:10:32.720209] [INFO] [path_server] 새로운 경로 설정 : path[1078 ➜ 207] time[0s] dist[4.5m] list[4] : 1078-1079-1080-207
[2026-08-11 17:10:33.458665] [INFO] [path_server] 노드 업데이트 : [1079] ➜ [1080]
[2026-08-11 17:10:33.518569] [INFO] [path_server] 새로운 경로 설정 : path[1079 ➜ 207] time[0s] dist[3m] list[3] : 1079-1080-207
[2026-08-11 17:10:34.795913] [INFO] [path_server] 노드 업데이트 : [1080] ➜ [207]
[2026-08-11 17:10:34.875822] [INFO] [path_server] 새로운 경로 설정 : path[1080 ➜ 207] time[0s] dist[1.5m] list[2] : 1080-207
[2026-08-11 17:10:40.025655] [INFO] [path_server] 노드 업데이트 : [207] ➜ [-1]
[2026-08-11 17:10:42.959963] [INFO] [path_server] 노드 업데이트 : [207] ➜ [-1]
[2026-08-11 17:10:43.039790] [INFO] [path_server] 경로 삭제
[2026-08-11 17:10:52.762359] [INFO] [path_server] 새로운 경로 설정 : path[207 ➜ 110] time[0s] dist[34.5m] list[24] : 207-1080-1081-1082-1083-1084-1085-1086-1173-1174-1175-1176-1177-1178-1030-1031-1032-1033-1034-1007-1167-1168-1169-110
[2026-08-11 17:10:57.652647] [INFO] [path_server] 노드 업데이트 : [1080] ➜ [1081]
[2026-08-11 17:10:57.732588] [INFO] [path_server] 새로운 경로 설정 : path[1080 ➜ 110] time[0s] dist[33m] list[23] : 1080-1081-1082-1083-1084-1085-1086-1173-1174-1175-1176-1177-1178-1030-1031-1032-1033-1034-1007-1167-1168-1169-110
[2026-08-11 17:11:01.286019] [INFO] [path_server] 노드 업데이트 : [1081] ➜ [1082]
[2026-08-11 17:11:01.365972] [INFO] [path_server] 새로운 경로 설정 : path[1081 ➜ 110] time[0s] dist[31.5m] list[22] : 1081-1082-1083-1084-1085-1086-1173-1174-1175-1176-1177-1178-1030-1031-1032-1033-1034-1007-1167-1168-1169-110
[2026-08-11 17:11:02.403819] [INFO] [path_server] 노드 업데이트 : [1082] ➜ [1083]
[2026-08-11 17:11:02.463727] [INFO] [path_server] 새로운 경로 설정 : path[1082 ➜ 110] time[0s] dist[30m] list[21] : 1082-1083-1084-1085-1086-1173-1174-1175-1176-1177-1178-1030-1031-1032-1033-1034-1007-1167-1168-1169-110
[2026-08-11 17:11:03.222178] [INFO] [path_server] 노드 업데이트 : [1083] ➜ [1084]
[2026-08-11 17:11:03.302085] [INFO] [path_server] 새로운 경로 설정 : path[1083 ➜ 110] time[0s] dist[28.5m] list[20] : 1083-1084-1085-1086-1173-1174-1175-1176-1177-1178-1030-1031-1032-1033-1034-1007-1167-1168-1169-110
[2026-08-11 17:11:04.639258] [INFO] [path_server] 노드 업데이트 : [1084] ➜ [1085]
[2026-08-11 17:11:04.719193] [INFO] [path_server] 새로운 경로 설정 : path[1084 ➜ 110] time[0s] dist[27m] list[19] : 1084-1085-1086-1173-1174-1175-1176-1177-1178-1030-1031-1032-1033-1034-1007-1167-1168-1169-110
[2026-08-11 17:11:08.092337] [INFO] [path_server] 노드 업데이트 : [1085] ➜ [1086]
[2026-08-11 17:11:08.152266] [INFO] [path_server] 새로운 경로 설정 : path[1085 ➜ 110] time[0s] dist[25.5m] list[18] : 1085-1086-1173-1174-1175-1176-1177-1178-1030-1031-1032-1033-1034-1007-1167-1168-1169-110
[2026-08-11 17:11:09.529473] [INFO] [path_server] 노드 업데이트 : [1086] ➜ [1173]
[2026-08-11 17:11:09.589389] [INFO] [path_server] 새로운 경로 설정 : path[1086 ➜ 110] time[0s] dist[24m] list[17] : 1086-1173-1174-1175-1176-1177-1178-1030-1031-1032-1033-1034-1007-1167-1168-1169-110
[2026-08-11 17:11:12.942748] [INFO] [path_server] 노드 업데이트 : [1173] ➜ [1174]
[2026-08-11 17:11:13.022697] [INFO] [path_server] 새로운 경로 설정 : path[1173 ➜ 110] time[0s] dist[22.5m] list[16] : 1173-1174-1175-1176-1177-1178-1030-1031-1032-1033-1034-1007-1167-1168-1169-110
[2026-08-11 17:11:14.040569] [INFO] [path_server] 노드 업데이트 : [1174] ➜ [1175]
[2026-08-11 17:11:14.120507] [INFO] [path_server] 새로운 경로 설정 : path[1174 ➜ 110] time[0s] dist[21m] list[15] : 1174-1175-1176-1177-1178-1030-1031-1032-1033-1034-1007-1167-1168-1169-110
[2026-08-11 17:11:14.859095] [INFO] [path_server] 노드 업데이트 : [1175] ➜ [1176]
[2026-08-11 17:11:14.939030] [INFO] [path_server] 새로운 경로 설정 : path[1175 ➜ 110] time[0s] dist[19.5m] list[14] : 1175-1176-1177-1178-1030-1031-1032-1033-1034-1007-1167-1168-1169-110
[2026-08-11 17:11:15.617696] [INFO] [path_server] 노드 업데이트 : [1176] ➜ [1177]
[2026-08-11 17:11:15.677638] [INFO] [path_server] 새로운 경로 설정 : path[1176 ➜ 110] time[0s] dist[18m] list[13] : 1176-1177-1178-1030-1031-1032-1033-1034-1007-1167-1168-1169-110
[2026-08-11 17:11:16.356239] [INFO] [path_server] 노드 업데이트 : [1177] ➜ [1178]
[2026-08-11 17:11:16.436198] [INFO] [path_server] 새로운 경로 설정 : path[1177 ➜ 110] time[0s] dist[16.5m] list[12] : 1177-1178-1030-1031-1032-1033-1034-1007-1167-1168-1169-110
[2026-08-11 17:11:17.114897] [INFO] [path_server] 노드 업데이트 : [1178] ➜ [1030]
[2026-08-11 17:11:17.174841] [INFO] [path_server] 새로운 경로 설정 : path[1178 ➜ 110] time[0s] dist[15m] list[11] : 1178-1030-1031-1032-1033-1034-1007-1167-1168-1169-110
[2026-08-11 17:11:18.432478] [INFO] [path_server] 노드 업데이트 : [1030] ➜ [1031]
[2026-08-11 17:11:18.492415] [INFO] [path_server] 새로운 경로 설정 : path[1030 ➜ 110] time[0s] dist[13.5m] list[10] : 1030-1031-1032-1033-1034-1007-1167-1168-1169-110
[2026-08-11 17:11:21.805911] [INFO] [path_server] 노드 업데이트 : [1031] ➜ [1032]
[2026-08-11 17:11:21.885823] [INFO] [path_server] 새로운 경로 설정 : path[1031 ➜ 110] time[0s] dist[12m] list[9] : 1031-1032-1033-1034-1007-1167-1168-1169-110
[2026-08-11 17:11:23.003592] [INFO] [path_server] 노드 업데이트 : [1032] ➜ [1033]
[2026-08-11 17:11:23.083545] [INFO] [path_server] 새로운 경로 설정 : path[1032 ➜ 110] time[0s] dist[10.5m] list[8] : 1032-1033-1034-1007-1167-1168-1169-110
[2026-08-11 17:11:24.520773] [INFO] [path_server] 노드 업데이트 : [1033] ➜ [1034]
[2026-08-11 17:11:25.678521] [INFO] [path_server] 노드 업데이트 : [1034] ➜ [1007]
[2026-08-11 17:11:25.758432] [INFO] [path_server] 새로운 경로 설정 : path[-1 ➜ -1] time[0s] dist[0m] list[0] : 
[2026-08-11 17:11:38.093476] [INFO] [path_server] 새로운 경로 설정 : path[1034 ➜ 104] time[0s] dist[45m] list[31] : 1034-1007-1008-1009-1010-1011-1012-1035-1036-1037-1038-1039-1040-1041-1042-1112-1113-1114-1115-1116-1117-1118-1119-1120-1121-1122-1123-1179-1180-1181-104
[2026-08-11 17:11:40.448555] [INFO] [path_server] 노드 업데이트 : [1007] ➜ [1008]
[2026-08-11 17:11:40.528488] [INFO] [path_server] 새로운 경로 설정 : path[1007 ➜ 104] time[0s] dist[43.5m] list[30] : 1007-1008-1009-1010-1011-1012-1035-1036-1037-1038-1039-1040-1041-1042-1112-1113-1114-1115-1116-1117-1118-1119-1120-1121-1122-1123-1179-1180-1181-104
[2026-08-11 17:11:41.506592] [INFO] [path_server] 노드 업데이트 : [1008] ➜ [1009]
[2026-08-11 17:11:41.566513] [INFO] [path_server] 새로운 경로 설정 : path[1008 ➜ 104] time[0s] dist[42m] list[29] : 1008-1009-1010-1011-1012-1035-1036-1037-1038-1039-1040-1041-1042-1112-1113-1114-1115-1116-1117-1118-1119-1120-1121-1122-1123-1179-1180-1181-104
[2026-08-11 17:11:42.285076] [INFO] [path_server] 노드 업데이트 : [1009] ➜ [1010]
[2026-08-11 17:11:42.344937] [INFO] [path_server] 새로운 경로 설정 : path[1009 ➜ 104] time[0s] dist[40.5m] list[28] : 1009-1010-1011-1012-1035-1036-1037-1038-1039-1040-1041-1042-1112-1113-1114-1115-1116-1117-1118-1119-1120-1121-1122-1123-1179-1180-1181-104
[2026-08-11 17:11:43.043486] [INFO] [path_server] 노드 업데이트 : [1010] ➜ [1011]
[2026-08-11 17:11:43.123362] [INFO] [path_server] 새로운 경로 설정 : path[1010 ➜ 104] time[0s] dist[39m] list[27] : 1010-1011-1012-1035-1036-1037-1038-1039-1040-1041-1042-1112-1113-1114-1115-1116-1117-1118-1119-1120-1121-1122-1123-1179-1180-1181-104
[2026-08-11 17:11:43.801915] [INFO] [path_server] 노드 업데이트 : [1011] ➜ [1012]
[2026-08-11 17:11:43.881901] [INFO] [path_server] 새로운 경로 설정 : path[1011 ➜ 104] time[0s] dist[37.5m] list[26] : 1011-1012-1035-1036-1037-1038-1039-1040-1041-1042-1112-1113-1114-1115-1116-1117-1118-1119-1120-1121-1122-1123-1179-1180-1181-104
[2026-08-11 17:11:44.540527] [INFO] [path_server] 노드 업데이트 : [1012] ➜ [1035]
[2026-08-11 17:11:44.600426] [INFO] [path_server] 새로운 경로 설정 : path[1012 ➜ 104] time[0s] dist[36m] list[25] : 1012-1035-1036-1037-1038-1039-1040-1041-1042-1112-1113-1114-1115-1116-1117-1118-1119-1120-1121-1122-1123-1179-1180-1181-104
[2026-08-11 17:11:45.299006] [INFO] [path_server] 노드 업데이트 : [1035] ➜ [1036]
[2026-08-11 17:11:45.378847] [INFO] [path_server] 새로운 경로 설정 : path[1035 ➜ 104] time[0s] dist[34.5m] list[24] : 1035-1036-1037-1038-1039-1040-1041-1042-1112-1113-1114-1115-1116-1117-1118-1119-1120-1121-1122-1123-1179-1180-1181-104
[2026-08-11 17:11:46.037526] [INFO] [path_server] 노드 업데이트 : [1036] ➜ [1037]
[2026-08-11 17:11:46.097437] [INFO] [path_server] 새로운 경로 설정 : path[1036 ➜ 104] time[0s] dist[33m] list[23] : 1036-1037-1038-1039-1040-1041-1042-1112-1113-1114-1115-1116-1117-1118-1119-1120-1121-1122-1123-1179-1180-1181-104
[2026-08-11 17:11:46.795939] [INFO] [path_server] 노드 업데이트 : [1037] ➜ [1038]
[2026-08-11 17:11:46.875796] [INFO] [path_server] 새로운 경로 설정 : path[1037 ➜ 104] time[0s] dist[31.5m] list[22] : 1037-1038-1039-1040-1041-1042-1112-1113-1114-1115-1116-1117-1118-1119-1120-1121-1122-1123-1179-1180-1181-104
[2026-08-11 17:11:47.554363] [INFO] [path_server] 노드 업데이트 : [1038] ➜ [1039]
[2026-08-11 17:11:47.634338] [INFO] [path_server] 새로운 경로 설정 : path[1038 ➜ 104] time[0s] dist[30m] list[21] : 1038-1039-1040-1041-1042-1112-1113-1114-1115-1116-1117-1118-1119-1120-1121-1122-1123-1179-1180-1181-104
[2026-08-11 17:11:48.292958] [INFO] [path_server] 노드 업데이트 : [1039] ➜ [1040]
[2026-08-11 17:11:48.372841] [INFO] [path_server] 새로운 경로 설정 : path[1039 ➜ 104] time[0s] dist[28.5m] list[20] : 1039-1040-1041-1042-1112-1113-1114-1115-1116-1117-1118-1119-1120-1121-1122-1123-1179-1180-1181-104
[2026-08-11 17:11:49.051367] [INFO] [path_server] 노드 업데이트 : [1040] ➜ [1041]
[2026-08-11 17:11:49.131296] [INFO] [path_server] 새로운 경로 설정 : path[1040 ➜ 104] time[0s] dist[27m] list[19] : 1040-1041-1042-1112-1113-1114-1115-1116-1117-1118-1119-1120-1121-1122-1123-1179-1180-1181-104
[2026-08-11 17:11:49.789995] [INFO] [path_server] 노드 업데이트 : [1041] ➜ [1042]
[2026-08-11 17:11:49.869852] [INFO] [path_server] 새로운 경로 설정 : path[1041 ➜ 104] time[0s] dist[25.5m] list[18] : 1041-1042-1112-1113-1114-1115-1116-1117-1118-1119-1120-1121-1122-1123-1179-1180-1181-104
[2026-08-11 17:11:50.548429] [INFO] [path_server] 노드 업데이트 : [1042] ➜ [1112]
[2026-08-11 17:11:50.628390] [INFO] [path_server] 새로운 경로 설정 : path[1042 ➜ 104] time[0s] dist[24m] list[17] : 1042-1112-1113-1114-1115-1116-1117-1118-1119-1120-1121-1122-1123-1179-1180-1181-104
[2026-08-11 17:11:51.865894] [INFO] [path_server] 노드 업데이트 : [1112] ➜ [1113]
[2026-08-11 17:11:51.945772] [INFO] [path_server] 새로운 경로 설정 : path[1112 ➜ 104] time[0s] dist[22.5m] list[16] : 1112-1113-1114-1115-1116-1117-1118-1119-1120-1121-1122-1123-1179-1180-1181-104
[2026-08-11 17:11:55.219173] [INFO] [path_server] 노드 업데이트 : [1113] ➜ [1114]
[2026-08-11 17:11:55.299125] [INFO] [path_server] 새로운 경로 설정 : path[1113 ➜ 104] time[0s] dist[21m] list[15] : 1113-1114-1115-1116-1117-1118-1119-1120-1121-1122-1123-1179-1180-1181-104
[2026-08-11 17:11:56.356886] [INFO] [path_server] 노드 업데이트 : [1114] ➜ [1115]
[2026-08-11 17:11:56.436772] [INFO] [path_server] 새로운 경로 설정 : path[1114 ➜ 104] time[0s] dist[19.5m] list[14] : 1114-1115-1116-1117-1118-1119-1120-1121-1122-1123-1179-1180-1181-104
[2026-08-11 17:11:57.175331] [INFO] [path_server] 노드 업데이트 : [1115] ➜ [1116]
[2026-08-11 17:11:57.235226] [INFO] [path_server] 새로운 경로 설정 : path[1115 ➜ 104] time[0s] dist[18m] list[13] : 1115-1116-1117-1118-1119-1120-1121-1122-1123-1179-1180-1181-104
[2026-08-11 17:11:57.933779] [INFO] [path_server] 노드 업데이트 : [1116] ➜ [1117]
[2026-08-11 17:11:58.033609] [INFO] [path_server] 새로운 경로 설정 : path[1116 ➜ 104] time[0s] dist[16.5m] list[12] : 1116-1117-1118-1119-1120-1121-1122-1123-1179-1180-1181-104
[2026-08-11 17:11:58.692447] [INFO] [path_server] 노드 업데이트 : [1117] ➜ [1118]
[2026-08-11 17:11:58.772361] [INFO] [path_server] 새로운 경로 설정 : path[1117 ➜ 104] time[0s] dist[15m] list[11] : 1117-1118-1119-1120-1121-1122-1123-1179-1180-1181-104
[2026-08-11 17:11:59.431170] [INFO] [path_server] 노드 업데이트 : [1118] ➜ [1119]
[2026-08-11 17:11:59.491081] [INFO] [path_server] 새로운 경로 설정 : path[1118 ➜ 104] time[0s] dist[13.5m] list[10] : 1118-1119-1120-1121-1122-1123-1179-1180-1181-104
[2026-08-11 17:12:00.189693] [INFO] [path_server] 노드 업데이트 : [1119] ➜ [1120]
[2026-08-11 17:12:00.269553] [INFO] [path_server] 새로운 경로 설정 : path[1119 ➜ 104] time[0s] dist[12m] list[9] : 1119-1120-1121-1122-1123-1179-1180-1181-104
[2026-08-11 17:12:01.027968] [INFO] [path_server] 노드 업데이트 : [1120] ➜ [1121]
[2026-08-11 17:12:01.107846] [INFO] [path_server] 새로운 경로 설정 : path[1120 ➜ 104] time[0s] dist[10.5m] list[8] : 1120-1121-1122-1123-1179-1180-1181-104
[2026-08-11 17:12:04.680797] [INFO] [path_server] 노드 업데이트 : [1121] ➜ [1122]
[2026-08-11 17:12:04.760640] [INFO] [path_server] 새로운 경로 설정 : path[1121 ➜ 104] time[0s] dist[9m] list[7] : 1121-1122-1123-1179-1180-1181-104
[2026-08-11 17:12:06.038229] [INFO] [path_server] 노드 업데이트 : [1122] ➜ [1123]
[2026-08-11 17:12:06.118121] [INFO] [path_server] 새로운 경로 설정 : path[1122 ➜ 104] time[0s] dist[7.5m] list[6] : 1122-1123-1179-1180-1181-104
[2026-08-11 17:12:07.096154] [INFO] [path_server] 노드 업데이트 : [1123] ➜ [1179]
[2026-08-11 17:12:07.156027] [INFO] [path_server] 새로운 경로 설정 : path[1123 ➜ 104] time[0s] dist[6m] list[5] : 1123-1179-1180-1181-104
[2026-08-11 17:12:10.409605] [INFO] [path_server] 노드 업데이트 : [1179] ➜ [1180]
[2026-08-11 17:12:10.489520] [INFO] [path_server] 새로운 경로 설정 : path[1179 ➜ 104] time[0s] dist[4.5m] list[4] : 1179-1180-1181-104
[2026-08-11 17:12:11.647405] [INFO] [path_server] 노드 업데이트 : [1180] ➜ [1181]
[2026-08-11 17:12:11.727333] [INFO] [path_server] 새로운 경로 설정 : path[1180 ➜ 104] time[0s] dist[3m] list[3] : 1180-1181-104
[2026-08-11 17:12:12.984885] [INFO] [path_server] 노드 업데이트 : [1181] ➜ [104]
[2026-08-11 17:12:13.064843] [INFO] [path_server] 새로운 경로 설정 : path[1181 ➜ 104] time[0s] dist[1.5m] list[2] : 1181-104
[2026-08-11 17:12:18.174432] [INFO] [path_server] 노드 업데이트 : [104] ➜ [-1]
[2026-08-11 17:12:21.108608] [INFO] [path_server] 노드 업데이트 : [104] ➜ [-1]
