[2026-08-11 16:38:01.989240] [INFO] [path_server] 생성
[2026-08-11 16:38:01.989321] [INFO] [path_server] 경로 삭제
[2026-08-11 16:38:01.990991] [INFO] [path_server] 노드 초기화 성공 : 로봇 좌표[22.004m 17.498m -179.840°] 최단 거리 노드[109] 거리(0.004142m)
[2026-08-11 16:45:50.009185] [INFO] [path_server] 생성
[2026-08-11 16:45:50.009224] [INFO] [path_server] 경로 삭제
[2026-08-11 16:45:50.010696] [INFO] [path_server] 노드 초기화 성공 : 로봇 좌표[22.004m 17.498m -179.840°] 최단 거리 노드[109] 거리(0.004142m)
[2026-08-11 16:46:22.928075] [INFO] [path_server] 경로 삭제
[2026-08-11 16:46:22.968047] [INFO] [path_server] 경로 삭제
[2026-08-11 16:47:36.744582] [INFO] [path_server] 경로 삭제
[2026-08-11 16:47:36.784525] [INFO] [path_server] 경로 삭제
[2026-08-11 16:49:24.443230] [INFO] [path_server] 생성
[2026-08-11 16:49:24.443276] [INFO] [path_server] 경로 삭제
[2026-08-11 16:49:24.445380] [INFO] [path_server] 노드 초기화 성공 : 로봇 좌표[22.004m 17.498m -179.840°] 최단 거리 노드[109] 거리(0.004142m)
[2026-08-11 16:49:58.418656] [INFO] [path_server] 생성
[2026-08-11 16:49:58.418697] [INFO] [path_server] 경로 삭제
[2026-08-11 16:49:58.420298] [INFO] [path_server] 노드 초기화 성공 : 로봇 좌표[22.004m 17.498m -179.840°] 최단 거리 노드[109] 거리(0.004142m)
[2026-08-11 16:50:30.221362] [INFO] [path_server] 새로운 경로 설정 : path[109 ➜ 1096] time[0s] dist[13.5m] list[10] : 109-1170-1171-1172-1091-1092-1093-1094-1095-1096
[2026-08-11 16:50:34.911928] [INFO] [path_server] 노드 업데이트 : [1170] ➜ [1171]
[2026-08-11 16:50:34.991807] [INFO] [path_server] 새로운 경로 설정 : path[1170 ➜ 1096] time[0s] dist[12m] list[9] : 1170-1171-1172-1091-1092-1093-1094-1095-1096
[2026-08-11 16:50:38.605113] [INFO] [path_server] 노드 업데이트 : [1171] ➜ [1172]
[2026-08-11 16:50:38.685047] [INFO] [path_server] 새로운 경로 설정 : path[1171 ➜ 1096] time[0s] dist[10.5m] list[8] : 1171-1172-1091-1092-1093-1094-1095-1096
[2026-08-11 16:50:39.723313] [INFO] [path_server] 노드 업데이트 : [1172] ➜ [1091]
[2026-08-11 16:50:39.783260] [INFO] [path_server] 새로운 경로 설정 : path[1172 ➜ 1096] time[0s] dist[9m] list[7] : 1172-1091-1092-1093-1094-1095-1096
[2026-08-11 16:50:40.761903] [INFO] [path_server] 노드 업데이트 : [1091] ➜ [1092]
[2026-08-11 16:50:40.841843] [INFO] [path_server] 새로운 경로 설정 : path[1091 ➜ 1096] time[0s] dist[7.5m] list[6] : 1091-1092-1093-1094-1095-1096
[2026-08-11 16:50:44.017332] [INFO] [path_server] 노드 업데이트 : [1092] ➜ [1093]
[2026-08-11 16:50:44.097173] [INFO] [path_server] 새로운 경로 설정 : path[1092 ➜ 1096] time[0s] dist[6m] list[5] : 1092-1093-1094-1095-1096
[2026-08-11 16:50:45.274866] [INFO] [path_server] 노드 업데이트 : [1093] ➜ [1094]
[2026-08-11 16:50:45.354733] [INFO] [path_server] 새로운 경로 설정 : path[1093 ➜ 1096] time[0s] dist[4.5m] list[4] : 1093-1094-1095-1096
[2026-08-11 16:50:46.133184] [INFO] [path_server] 노드 업데이트 : [1094] ➜ [1095]
[2026-08-11 16:50:46.193109] [INFO] [path_server] 새로운 경로 설정 : path[1094 ➜ 1096] time[0s] dist[3m] list[3] : 1094-1095-1096
[2026-08-11 16:50:46.891785] [INFO] [path_server] 노드 업데이트 : [1095] ➜ [1096]
[2026-08-11 16:50:46.971648] [INFO] [path_server] 새로운 경로 설정 : path[1095 ➜ 1096] time[0s] dist[1.5m] list[2] : 1095-1096
[2026-08-11 16:50:49.107297] [INFO] [path_server] 노드 업데이트 : [1096] ➜ [-1]
[2026-08-11 16:50:52.280978] [INFO] [path_server] 노드 업데이트 : [1096] ➜ [-1]
[2026-08-11 16:50:52.340816] [INFO] [path_server] 경로 삭제
[2026-08-11 16:50:57.430972] [INFO] [path_server] 새로운 경로 설정 : path[1096 ➜ 103] time[0s] dist[48.0003m] list[33] : 1096-1097-1098-1099-1100-1101-1102-1103-1104-1105-1106-1107-1108-1109-1110-1111-1112-1113-1114-1115-1116-1117-1118-1119-1120-1121-1122-1123-1179-1180-1181-1182-103
[2026-08-11 16:50:59.766390] [INFO] [path_server] 노드 업데이트 : [1097] ➜ [1098]
[2026-08-11 16:50:59.826310] [INFO] [path_server] 새로운 경로 설정 : path[1097 ➜ 103] time[0s] dist[46.5003m] list[32] : 1097-1098-1099-1100-1101-1102-1103-1104-1105-1106-1107-1108-1109-1110-1111-1112-1113-1114-1115-1116-1117-1118-1119-1120-1121-1122-1123-1179-1180-1181-1182-103
[2026-08-11 16:51:00.824223] [INFO] [path_server] 노드 업데이트 : [1098] ➜ [1099]
[2026-08-11 16:51:00.904099] [INFO] [path_server] 새로운 경로 설정 : path[1098 ➜ 103] time[0s] dist[45.0003m] list[31] : 1098-1099-1100-1101-1102-1103-1104-1105-1106-1107-1108-1109-1110-1111-1112-1113-1114-1115-1116-1117-1118-1119-1120-1121-1122-1123-1179-1180-1181-1182-103
[2026-08-11 16:51:01.622574] [INFO] [path_server] 노드 업데이트 : [1099] ➜ [1100]
[2026-08-11 16:51:01.702509] [INFO] [path_server] 새로운 경로 설정 : path[1099 ➜ 103] time[0s] dist[43.5003m] list[30] : 1099-1100-1101-1102-1103-1104-1105-1106-1107-1108-1109-1110-1111-1112-1113-1114-1115-1116-1117-1118-1119-1120-1121-1122-1123-1179-1180-1181-1182-103
[2026-08-11 16:51:02.381103] [INFO] [path_server] 노드 업데이트 : [1100] ➜ [1101]
[2026-08-11 16:51:02.441038] [INFO] [path_server] 새로운 경로 설정 : path[1100 ➜ 103] time[0s] dist[42.0003m] list[29] : 1100-1101-1102-1103-1104-1105-1106-1107-1108-1109-1110-1111-1112-1113-1114-1115-1116-1117-1118-1119-1120-1121-1122-1123-1179-1180-1181-1182-103
[2026-08-11 16:51:03.119718] [INFO] [path_server] 노드 업데이트 : [1101] ➜ [1102]
[2026-08-11 16:51:03.199651] [INFO] [path_server] 새로운 경로 설정 : path[1101 ➜ 103] time[0s] dist[40.5003m] list[28] : 1101-1102-1103-1104-1105-1106-1107-1108-1109-1110-1111-1112-1113-1114-1115-1116-1117-1118-1119-1120-1121-1122-1123-1179-1180-1181-1182-103
[2026-08-11 16:51:03.878223] [INFO] [path_server] 노드 업데이트 : [1102] ➜ [1103]
[2026-08-11 16:51:03.938130] [INFO] [path_server] 새로운 경로 설정 : path[1102 ➜ 103] time[0s] dist[39.0003m] list[27] : 1102-1103-1104-1105-1106-1107-1108-1109-1110-1111-1112-1113-1114-1115-1116-1117-1118-1119-1120-1121-1122-1123-1179-1180-1181-1182-103
[2026-08-11 16:51:04.616713] [INFO] [path_server] 노드 업데이트 : [1103] ➜ [1104]
[2026-08-11 16:51:04.696715] [INFO] [path_server] 새로운 경로 설정 : path[1103 ➜ 103] time[0s] dist[37.5003m] list[26] : 1103-1104-1105-1106-1107-1108-1109-1110-1111-1112-1113-1114-1115-1116-1117-1118-1119-1120-1121-1122-1123-1179-1180-1181-1182-103
[2026-08-11 16:51:05.375505] [INFO] [path_server] 노드 업데이트 : [1104] ➜ [1105]
[2026-08-11 16:51:05.435423] [INFO] [path_server] 새로운 경로 설정 : path[1104 ➜ 103] time[0s] dist[36.0003m] list[25] : 1104-1105-1106-1107-1108-1109-1110-1111-1112-1113-1114-1115-1116-1117-1118-1119-1120-1121-1122-1123-1179-1180-1181-1182-103
[2026-08-11 16:51:06.772889] [INFO] [path_server] 노드 업데이트 : [1105] ➜ [1106]
[2026-08-11 16:51:06.853090] [INFO] [path_server] 새로운 경로 설정 : path[1105 ➜ 103] time[0s] dist[34.5003m] list[24] : 1105-1106-1107-1108-1109-1110-1111-1112-1113-1114-1115-1116-1117-1118-1119-1120-1121-1122-1123-1179-1180-1181-1182-103
[2026-08-11 16:51:10.226787] [INFO] [path_server] 노드 업데이트 : [1106] ➜ [1107]
[2026-08-11 16:51:10.286765] [INFO] [path_server] 새로운 경로 설정 : path[1106 ➜ 103] time[0s] dist[33.0001m] list[23] : 1106-1107-1108-1109-1110-1111-1112-1113-1114-1115-1116-1117-1118-1119-1120-1121-1122-1123-1179-1180-1181-1182-103
[2026-08-11 16:51:11.344850] [INFO] [path_server] 노드 업데이트 : [1107] ➜ [1108]
[2026-08-11 16:51:11.424740] [INFO] [path_server] 새로운 경로 설정 : path[1107 ➜ 103] time[0s] dist[31.5m] list[22] : 1107-1108-1109-1110-1111-1112-1113-1114-1115-1116-1117-1118-1119-1120-1121-1122-1123-1179-1180-1181-1182-103
[2026-08-11 16:51:12.163242] [INFO] [path_server] 노드 업데이트 : [1108] ➜ [1109]
[2026-08-11 16:51:12.243168] [INFO] [path_server] 새로운 경로 설정 : path[1108 ➜ 103] time[0s] dist[30m] list[21] : 1108-1109-1110-1111-1112-1113-1114-1115-1116-1117-1118-1119-1120-1121-1122-1123-1179-1180-1181-1182-103
[2026-08-11 16:51:12.901796] [INFO] [path_server] 노드 업데이트 : [1109] ➜ [1110]
[2026-08-11 16:51:13.001619] [INFO] [path_server] 새로운 경로 설정 : path[1109 ➜ 103] time[0s] dist[28.5m] list[20] : 1109-1110-1111-1112-1113-1114-1115-1116-1117-1118-1119-1120-1121-1122-1123-1179-1180-1181-1182-103
[2026-08-11 16:51:13.660268] [INFO] [path_server] 노드 업데이트 : [1110] ➜ [1111]
[2026-08-11 16:51:13.740140] [INFO] [path_server] 새로운 경로 설정 : path[1110 ➜ 103] time[0s] dist[27m] list[19] : 1110-1111-1112-1113-1114-1115-1116-1117-1118-1119-1120-1121-1122-1123-1179-1180-1181-1182-103
[2026-08-11 16:51:14.401134] [INFO] [path_server] 노드 업데이트 : [1111] ➜ [1112]
[2026-08-11 16:51:14.482048] [INFO] [path_server] 새로운 경로 설정 : path[1111 ➜ 103] time[0s] dist[25.5m] list[18] : 1111-1112-1113-1114-1115-1116-1117-1118-1119-1120-1121-1122-1123-1179-1180-1181-1182-103
[2026-08-11 16:51:15.161727] [INFO] [path_server] 노드 업데이트 : [1112] ➜ [1113]
[2026-08-11 16:51:15.241685] [INFO] [path_server] 새로운 경로 설정 : path[1112 ➜ 103] time[0s] dist[24m] list[17] : 1112-1113-1114-1115-1116-1117-1118-1119-1120-1121-1122-1123-1179-1180-1181-1182-103
[2026-08-11 16:51:15.900442] [INFO] [path_server] 노드 업데이트 : [1113] ➜ [1114]
[2026-08-11 16:51:15.980311] [INFO] [path_server] 새로운 경로 설정 : path[1113 ➜ 103] time[0s] dist[22.5m] list[16] : 1113-1114-1115-1116-1117-1118-1119-1120-1121-1122-1123-1179-1180-1181-1182-103
[2026-08-11 16:51:16.658899] [INFO] [path_server] 노드 업데이트 : [1114] ➜ [1115]
[2026-08-11 16:51:16.738807] [INFO] [path_server] 새로운 경로 설정 : path[1114 ➜ 103] time[0s] dist[21m] list[15] : 1114-1115-1116-1117-1118-1119-1120-1121-1122-1123-1179-1180-1181-1182-103
[2026-08-11 16:51:17.397515] [INFO] [path_server] 노드 업데이트 : [1115] ➜ [1116]
[2026-08-11 16:51:17.477364] [INFO] [path_server] 새로운 경로 설정 : path[1115 ➜ 103] time[0s] dist[19.5m] list[14] : 1115-1116-1117-1118-1119-1120-1121-1122-1123-1179-1180-1181-1182-103
[2026-08-11 16:51:18.155897] [INFO] [path_server] 노드 업데이트 : [1116] ➜ [1117]
[2026-08-11 16:51:18.235824] [INFO] [path_server] 새로운 경로 설정 : path[1116 ➜ 103] time[0s] dist[18m] list[13] : 1116-1117-1118-1119-1120-1121-1122-1123-1179-1180-1181-1182-103
[2026-08-11 16:51:18.914453] [INFO] [path_server] 노드 업데이트 : [1117] ➜ [1118]
[2026-08-11 16:51:18.994378] [INFO] [path_server] 새로운 경로 설정 : path[1117 ➜ 103] time[0s] dist[16.5m] list[12] : 1117-1118-1119-1120-1121-1122-1123-1179-1180-1181-1182-103
[2026-08-11 16:51:19.652987] [INFO] [path_server] 노드 업데이트 : [1118] ➜ [1119]
[2026-08-11 16:51:19.732889] [INFO] [path_server] 새로운 경로 설정 : path[1118 ➜ 103] time[0s] dist[15m] list[11] : 1118-1119-1120-1121-1122-1123-1179-1180-1181-1182-103
[2026-08-11 16:51:20.411431] [INFO] [path_server] 노드 업데이트 : [1119] ➜ [1120]
[2026-08-11 16:51:20.491342] [INFO] [path_server] 새로운 경로 설정 : path[1119 ➜ 103] time[0s] dist[13.5m] list[10] : 1119-1120-1121-1122-1123-1179-1180-1181-1182-103
[2026-08-11 16:51:21.249740] [INFO] [path_server] 노드 업데이트 : [1120] ➜ [1121]
[2026-08-11 16:51:21.329629] [INFO] [path_server] 새로운 경로 설정 : path[1120 ➜ 103] time[0s] dist[12m] list[9] : 1120-1121-1122-1123-1179-1180-1181-1182-103
[2026-08-11 16:51:24.902757] [INFO] [path_server] 노드 업데이트 : [1121] ➜ [1122]
[2026-08-11 16:51:24.982693] [INFO] [path_server] 새로운 경로 설정 : path[1121 ➜ 103] time[0s] dist[10.5m] list[8] : 1121-1122-1123-1179-1180-1181-1182-103
[2026-08-11 16:51:26.260263] [INFO] [path_server] 노드 업데이트 : [1122] ➜ [1123]
[2026-08-11 16:51:26.320162] [INFO] [path_server] 새로운 경로 설정 : path[1122 ➜ 103] time[0s] dist[9m] list[7] : 1122-1123-1179-1180-1181-1182-103
[2026-08-11 16:51:27.318453] [INFO] [path_server] 노드 업데이트 : [1123] ➜ [1179]
[2026-08-11 16:51:27.398328] [INFO] [path_server] 새로운 경로 설정 : path[1123 ➜ 103] time[0s] dist[7.5m] list[6] : 1123-1179-1180-1181-1182-103
[2026-08-11 16:51:30.631764] [INFO] [path_server] 노드 업데이트 : [1179] ➜ [1180]
[2026-08-11 16:51:30.711714] [INFO] [path_server] 새로운 경로 설정 : path[1179 ➜ 103] time[0s] dist[6m] list[5] : 1179-1180-1181-1182-103
[2026-08-11 16:51:31.869532] [INFO] [path_server] 노드 업데이트 : [1180] ➜ [1181]
[2026-08-11 16:51:31.929440] [INFO] [path_server] 새로운 경로 설정 : path[1180 ➜ 103] time[0s] dist[4.5m] list[4] : 1180-1181-1182-103
[2026-08-11 16:51:32.747898] [INFO] [path_server] 노드 업데이트 : [1181] ➜ [1182]
[2026-08-11 16:51:32.827765] [INFO] [path_server] 새로운 경로 설정 : path[1181 ➜ 103] time[0s] dist[3m] list[3] : 1181-1182-103
[2026-08-11 16:51:34.065316] [INFO] [path_server] 노드 업데이트 : [1182] ➜ [103]
[2026-08-11 16:51:34.145132] [INFO] [path_server] 새로운 경로 설정 : path[1182 ➜ 103] time[0s] dist[1.5m] list[2] : 1182-103
[2026-08-11 16:51:39.274883] [INFO] [path_server] 노드 업데이트 : [103] ➜ [-1]
[2026-08-11 16:51:42.209308] [INFO] [path_server] 노드 업데이트 : [103] ➜ [-1]
[2026-08-11 16:52:17.175932] [INFO] [path_server] 생성
[2026-08-11 16:52:17.175958] [INFO] [path_server] 경로 삭제
[2026-08-11 16:52:17.177436] [INFO] [path_server] 노드 초기화 성공 : 로봇 좌표[5.503m 5.498m -179.414°] 최단 거리 노드[103] 거리(0.003727m)
[2026-08-11 16:52:56.604318] [INFO] [path_server] 새로운 경로 설정 : path[103 ➜ 204] time[0s] dist[21m] list[15] : 103-1182-1183-1184-1045-1040-1041-1042-1112-1113-1114-1115-1116-1117-204
[2026-08-11 16:53:03.770147] [INFO] [path_server] 노드 업데이트 : [1182] ➜ [1183]
[2026-08-11 16:53:03.850034] [INFO] [path_server] 새로운 경로 설정 : path[1182 ➜ 204] time[0s] dist[19.5m] list[14] : 1182-1183-1184-1045-1040-1041-1042-1112-1113-1114-1115-1116-1117-204
[2026-08-11 16:53:07.383073] [INFO] [path_server] 노드 업데이트 : [1183] ➜ [1184]
[2026-08-11 16:53:07.442994] [INFO] [path_server] 새로운 경로 설정 : path[1183 ➜ 204] time[0s] dist[18m] list[13] : 1183-1184-1045-1040-1041-1042-1112-1113-1114-1115-1116-1117-204
[2026-08-11 16:53:08.500816] [INFO] [path_server] 노드 업데이트 : [1184] ➜ [1045]
[2026-08-11 16:53:08.580694] [INFO] [path_server] 새로운 경로 설정 : path[1184 ➜ 204] time[0s] dist[16.5m] list[12] : 1184-1045-1040-1041-1042-1112-1113-1114-1115-1116-1117-204
[2026-08-11 16:53:09.339235] [INFO] [path_server] 노드 업데이트 : [1045] ➜ [1040]
[2026-08-11 16:53:09.419089] [INFO] [path_server] 새로운 경로 설정 : path[1045 ➜ 204] time[0s] dist[15m] list[11] : 1045-1040-1041-1042-1112-1113-1114-1115-1116-1117-204
[2026-08-11 16:53:10.636543] [INFO] [path_server] 노드 업데이트 : [1040] ➜ [1041]
[2026-08-11 16:53:10.716475] [INFO] [path_server] 새로운 경로 설정 : path[1040 ➜ 204] time[0s] dist[13.5m] list[10] : 1040-1041-1042-1112-1113-1114-1115-1116-1117-204
[2026-08-11 16:53:14.009971] [INFO] [path_server] 노드 업데이트 : [1041] ➜ [1042]
[2026-08-11 16:53:14.089817] [INFO] [path_server] 새로운 경로 설정 : path[1041 ➜ 204] time[0s] dist[12m] list[9] : 1041-1042-1112-1113-1114-1115-1116-1117-204
[2026-08-11 16:53:15.147870] [INFO] [path_server] 노드 업데이트 : [1042] ➜ [1112]
[2026-08-11 16:53:15.207794] [INFO] [path_server] 새로운 경로 설정 : path[1042 ➜ 204] time[0s] dist[10.5m] list[8] : 1042-1112-1113-1114-1115-1116-1117-204
[2026-08-11 16:53:16.485328] [INFO] [path_server] 노드 업데이트 : [1112] ➜ [1113]
[2026-08-11 16:53:16.565270] [INFO] [path_server] 새로운 경로 설정 : path[1112 ➜ 204] time[0s] dist[9m] list[7] : 1112-1113-1114-1115-1116-1117-204
[2026-08-11 16:53:19.819042] [INFO] [path_server] 노드 업데이트 : [1113] ➜ [1114]
[2026-08-11 16:53:19.878941] [INFO] [path_server] 새로운 경로 설정 : path[1113 ➜ 204] time[0s] dist[7.5m] list[6] : 1113-1114-1115-1116-1117-204
[2026-08-11 16:53:20.956695] [INFO] [path_server] 노드 업데이트 : [1114] ➜ [1115]
[2026-08-11 16:53:21.016596] [INFO] [path_server] 새로운 경로 설정 : path[1114 ➜ 204] time[0s] dist[6m] list[5] : 1114-1115-1116-1117-204
[2026-08-11 16:53:21.775162] [INFO] [path_server] 노드 업데이트 : [1115] ➜ [1116]
[2026-08-11 16:53:21.855035] [INFO] [path_server] 새로운 경로 설정 : path[1115 ➜ 204] time[0s] dist[4.5m] list[4] : 1115-1116-1117-204
[2026-08-11 16:53:22.533606] [INFO] [path_server] 노드 업데이트 : [1116] ➜ [1117]
[2026-08-11 16:53:22.613550] [INFO] [path_server] 새로운 경로 설정 : path[1116 ➜ 204] time[0s] dist[3m] list[3] : 1116-1117-204
[2026-08-11 16:53:23.851072] [INFO] [path_server] 노드 업데이트 : [1117] ➜ [204]
[2026-08-11 16:53:23.930983] [INFO] [path_server] 새로운 경로 설정 : path[1117 ➜ 204] time[0s] dist[1.5m] list[2] : 1117-204
[2026-08-11 16:53:29.081231] [INFO] [path_server] 노드 업데이트 : [204] ➜ [-1]
[2026-08-11 16:53:32.015739] [INFO] [path_server] 노드 업데이트 : [204] ➜ [-1]
[2026-08-11 16:53:32.075608] [INFO] [path_server] 경로 삭제
[2026-08-11 16:53:51.797050] [INFO] [path_server] 새로운 경로 설정 : path[204 ➜ 108] time[0s] dist[48m] list[33] : 204-1117-1118-1119-1120-1121-1122-1123-1179-1180-1181-1182-1183-1184-1045-1046-1047-1048-1001-1002-1003-1004-1005-1006-1021-1022-1007-1167-1168-1169-1170-1171-108
[2026-08-11 16:53:56.688642] [INFO] [path_server] 노드 업데이트 : [1117] ➜ [1118]
[2026-08-11 16:53:56.768514] [INFO] [path_server] 새로운 경로 설정 : path[1117 ➜ 108] time[0s] dist[46.5m] list[32] : 1117-1118-1119-1120-1121-1122-1123-1179-1180-1181-1182-1183-1184-1045-1046-1047-1048-1001-1002-1003-1004-1005-1006-1021-1022-1007-1167-1168-1169-1170-1171-108
[2026-08-11 16:54:00.321496] [INFO] [path_server] 노드 업데이트 : [1118] ➜ [1119]
[2026-08-11 16:54:00.401457] [INFO] [path_server] 새로운 경로 설정 : path[1118 ➜ 108] time[0s] dist[45m] list[31] : 1118-1119-1120-1121-1122-1123-1179-1180-1181-1182-1183-1184-1045-1046-1047-1048-1001-1002-1003-1004-1005-1006-1021-1022-1007-1167-1168-1169-1170-1171-108
[2026-08-11 16:54:01.439317] [INFO] [path_server] 노드 업데이트 : [1119] ➜ [1120]
[2026-08-11 16:54:01.499243] [INFO] [path_server] 새로운 경로 설정 : path[1119 ➜ 108] time[0s] dist[43.5m] list[30] : 1119-1120-1121-1122-1123-1179-1180-1181-1182-1183-1184-1045-1046-1047-1048-1001-1002-1003-1004-1005-1006-1021-1022-1007-1167-1168-1169-1170-1171-108
[2026-08-11 16:54:02.297650] [INFO] [path_server] 노드 업데이트 : [1120] ➜ [1121]
[2026-08-11 16:54:02.377632] [INFO] [path_server] 새로운 경로 설정 : path[1120 ➜ 108] time[0s] dist[42m] list[29] : 1120-1121-1122-1123-1179-1180-1181-1182-1183-1184-1045-1046-1047-1048-1001-1002-1003-1004-1005-1006-1021-1022-1007-1167-1168-1169-1170-1171-108
[2026-08-11 16:54:05.990883] [INFO] [path_server] 노드 업데이트 : [1121] ➜ [1122]
[2026-08-11 16:54:06.070848] [INFO] [path_server] 새로운 경로 설정 : path[1121 ➜ 108] time[0s] dist[40.5m] list[28] : 1121-1122-1123-1179-1180-1181-1182-1183-1184-1045-1046-1047-1048-1001-1002-1003-1004-1005-1006-1021-1022-1007-1167-1168-1169-1170-1171-108
[2026-08-11 16:54:07.348419] [INFO] [path_server] 노드 업데이트 : [1122] ➜ [1123]
[2026-08-11 16:54:07.408380] [INFO] [path_server] 새로운 경로 설정 : path[1122 ➜ 108] time[0s] dist[39m] list[27] : 1122-1123-1179-1180-1181-1182-1183-1184-1045-1046-1047-1048-1001-1002-1003-1004-1005-1006-1021-1022-1007-1167-1168-1169-1170-1171-108
[2026-08-11 16:54:08.406342] [INFO] [path_server] 노드 업데이트 : [1123] ➜ [1179]
[2026-08-11 16:54:08.486213] [INFO] [path_server] 새로운 경로 설정 : path[1123 ➜ 108] time[0s] dist[37.5m] list[26] : 1123-1179-1180-1181-1182-1183-1184-1045-1046-1047-1048-1001-1002-1003-1004-1005-1006-1021-1022-1007-1167-1168-1169-1170-1171-108
[2026-08-11 16:54:11.719787] [INFO] [path_server] 노드 업데이트 : [1179] ➜ [1180]
[2026-08-11 16:54:11.779706] [INFO] [path_server] 새로운 경로 설정 : path[1179 ➜ 108] time[0s] dist[36m] list[25] : 1179-1180-1181-1182-1183-1184-1045-1046-1047-1048-1001-1002-1003-1004-1005-1006-1021-1022-1007-1167-1168-1169-1170-1171-108
[2026-08-11 16:54:12.957586] [INFO] [path_server] 노드 업데이트 : [1180] ➜ [1181]
[2026-08-11 16:54:13.037455] [INFO] [path_server] 새로운 경로 설정 : path[1180 ➜ 108] time[0s] dist[34.5m] list[24] : 1180-1181-1182-1183-1184-1045-1046-1047-1048-1001-1002-1003-1004-1005-1006-1021-1022-1007-1167-1168-1169-1170-1171-108
[2026-08-11 16:54:13.835732] [INFO] [path_server] 노드 업데이트 : [1181] ➜ [1182]
[2026-08-11 16:54:13.915655] [INFO] [path_server] 새로운 경로 설정 : path[1181 ➜ 108] time[0s] dist[33m] list[23] : 1181-1182-1183-1184-1045-1046-1047-1048-1001-1002-1003-1004-1005-1006-1021-1022-1007-1167-1168-1169-1170-1171-108
[2026-08-11 16:54:14.574316] [INFO] [path_server] 노드 업데이트 : [1182] ➜ [1183]
[2026-08-11 16:54:14.654204] [INFO] [path_server] 새로운 경로 설정 : path[1182 ➜ 108] time[0s] dist[31.5m] list[22] : 1182-1183-1184-1045-1046-1047-1048-1001-1002-1003-1004-1005-1006-1021-1022-1007-1167-1168-1169-1170-1171-108
[2026-08-11 16:54:15.332879] [INFO] [path_server] 노드 업데이트 : [1183] ➜ [1184]
[2026-08-11 16:54:15.412794] [INFO] [path_server] 새로운 경로 설정 : path[1183 ➜ 108] time[0s] dist[30m] list[21] : 1183-1184-1045-1046-1047-1048-1001-1002-1003-1004-1005-1006-1021-1022-1007-1167-1168-1169-1170-1171-108
[2026-08-11 16:54:16.091459] [INFO] [path_server] 노드 업데이트 : [1184] ➜ [1045]
[2026-08-11 16:54:16.151370] [INFO] [path_server] 새로운 경로 설정 : path[1184 ➜ 108] time[0s] dist[28.5m] list[20] : 1184-1045-1046-1047-1048-1001-1002-1003-1004-1005-1006-1021-1022-1007-1167-1168-1169-1170-1171-108
[2026-08-11 16:54:17.389217] [INFO] [path_server] 노드 업데이트 : [1045] ➜ [1046]
[2026-08-11 16:54:17.489211] [INFO] [path_server] 새로운 경로 설정 : path[1045 ➜ 108] time[0s] dist[27m] list[19] : 1045-1046-1047-1048-1001-1002-1003-1004-1005-1006-1021-1022-1007-1167-1168-1169-1170-1171-108
[2026-08-11 16:54:20.742959] [INFO] [path_server] 노드 업데이트 : [1046] ➜ [1047]
[2026-08-11 16:54:20.802873] [INFO] [path_server] 새로운 경로 설정 : path[1046 ➜ 108] time[0s] dist[25.5m] list[18] : 1046-1047-1048-1001-1002-1003-1004-1005-1006-1021-1022-1007-1167-1168-1169-1170-1171-108
[2026-08-11 16:54:21.880882] [INFO] [path_server] 노드 업데이트 : [1047] ➜ [1048]
[2026-08-11 16:54:21.940820] [INFO] [path_server] 새로운 경로 설정 : path[1047 ➜ 108] time[0s] dist[24m] list[17] : 1047-1048-1001-1002-1003-1004-1005-1006-1021-1022-1007-1167-1168-1169-1170-1171-108
[2026-08-11 16:54:22.699306] [INFO] [path_server] 노드 업데이트 : [1048] ➜ [1001]
[2026-08-11 16:54:22.779153] [INFO] [path_server] 새로운 경로 설정 : path[1048 ➜ 108] time[0s] dist[22.5m] list[16] : 1048-1001-1002-1003-1004-1005-1006-1021-1022-1007-1167-1168-1169-1170-1171-108
[2026-08-11 16:54:23.457687] [INFO] [path_server] 노드 업데이트 : [1001] ➜ [1002]
[2026-08-11 16:54:23.537623] [INFO] [path_server] 새로운 경로 설정 : path[1001 ➜ 108] time[0s] dist[21m] list[15] : 1001-1002-1003-1004-1005-1006-1021-1022-1007-1167-1168-1169-1170-1171-108
[2026-08-11 16:54:24.216221] [INFO] [path_server] 노드 업데이트 : [1002] ➜ [1003]
[2026-08-11 16:54:24.276124] [INFO] [path_server] 새로운 경로 설정 : path[1002 ➜ 108] time[0s] dist[19.5m] list[14] : 1002-1003-1004-1005-1006-1021-1022-1007-1167-1168-1169-1170-1171-108
[2026-08-11 16:54:24.954682] [INFO] [path_server] 노드 업데이트 : [1003] ➜ [1004]
[2026-08-11 16:54:25.034597] [INFO] [path_server] 새로운 경로 설정 : path[1003 ➜ 108] time[0s] dist[18m] list[13] : 1003-1004-1005-1006-1021-1022-1007-1167-1168-1169-1170-1171-108
[2026-08-11 16:54:25.713206] [INFO] [path_server] 노드 업데이트 : [1004] ➜ [1005]
[2026-08-11 16:54:25.773124] [INFO] [path_server] 새로운 경로 설정 : path[1004 ➜ 108] time[0s] dist[16.5m] list[12] : 1004-1005-1006-1021-1022-1007-1167-1168-1169-1170-1171-108
[2026-08-11 16:54:26.451609] [INFO] [path_server] 노드 업데이트 : [1005] ➜ [1006]
[2026-08-11 16:54:26.531562] [INFO] [path_server] 새로운 경로 설정 : path[1005 ➜ 108] time[0s] dist[15m] list[11] : 1005-1006-1021-1022-1007-1167-1168-1169-1170-1171-108
[2026-08-11 16:54:27.210141] [INFO] [path_server] 노드 업데이트 : [1006] ➜ [1021]
[2026-08-11 16:54:27.270071] [INFO] [path_server] 새로운 경로 설정 : path[1006 ➜ 108] time[0s] dist[13.5m] list[10] : 1006-1021-1022-1007-1167-1168-1169-1170-1171-108
[2026-08-11 16:54:27.948578] [INFO] [path_server] 노드 업데이트 : [1021] ➜ [1022]
[2026-08-11 16:54:28.028493] [INFO] [path_server] 새로운 경로 설정 : path[1021 ➜ 108] time[0s] dist[12m] list[9] : 1021-1022-1007-1167-1168-1169-1170-1171-108
[2026-08-11 16:54:29.286099] [INFO] [path_server] 노드 업데이트 : [1022] ➜ [1007]
[2026-08-11 16:54:29.365972] [INFO] [path_server] 새로운 경로 설정 : path[1022 ➜ 108] time[0s] dist[10.5m] list[8] : 1022-1007-1167-1168-1169-1170-1171-108
[2026-08-11 16:54:32.639780] [INFO] [path_server] 노드 업데이트 : [1007] ➜ [1167]
[2026-08-11 16:54:32.699675] [INFO] [path_server] 새로운 경로 설정 : path[1007 ➜ 108] time[0s] dist[9m] list[7] : 1007-1167-1168-1169-1170-1171-108
[2026-08-11 16:54:33.777503] [INFO] [path_server] 노드 업데이트 : [1167] ➜ [1168]
[2026-08-11 16:54:33.837395] [INFO] [path_server] 새로운 경로 설정 : path[1167 ➜ 108] time[0s] dist[7.5m] list[6] : 1167-1168-1169-1170-1171-108
[2026-08-11 16:54:34.595925] [INFO] [path_server] 노드 업데이트 : [1168] ➜ [1169]
[2026-08-11 16:54:34.675770] [INFO] [path_server] 새로운 경로 설정 : path[1168 ➜ 108] time[0s] dist[6m] list[5] : 1168-1169-1170-1171-108
[2026-08-11 16:54:35.354443] [INFO] [path_server] 노드 업데이트 : [1169] ➜ [1170]
[2026-08-11 16:54:35.434398] [INFO] [path_server] 새로운 경로 설정 : path[1169 ➜ 108] time[0s] dist[4.5m] list[4] : 1169-1170-1171-108
[2026-08-11 16:54:36.113053] [INFO] [path_server] 노드 업데이트 : [1170] ➜ [1171]
[2026-08-11 16:54:36.172969] [INFO] [path_server] 새로운 경로 설정 : path[1170 ➜ 108] time[0s] dist[3m] list[3] : 1170-1171-108
[2026-08-11 16:54:37.510794] [INFO] [path_server] 노드 업데이트 : [1171] ➜ [108]
[2026-08-11 16:54:37.590751] [INFO] [path_server] 새로운 경로 설정 : path[1171 ➜ 108] time[0s] dist[1.5m] list[2] : 1171-108
[2026-08-11 16:54:43.040248] [INFO] [path_server] 노드 업데이트 : [108] ➜ [-1]
[2026-08-11 16:54:45.975588] [INFO] [path_server] 노드 업데이트 : [108] ➜ [-1]
[2026-08-11 16:55:19.868835] [INFO] [path_server] 경로 삭제
[2026-08-11 16:55:19.888758] [INFO] [path_server] 경로 삭제
[2026-08-11 16:56:33.724565] [INFO] [path_server] 경로 삭제
[2026-08-11 16:56:33.764528] [INFO] [path_server] 경로 삭제
[2026-08-11 16:57:47.576577] [INFO] [path_server] 경로 삭제
[2026-08-11 16:57:47.596534] [INFO] [path_server] 경로 삭제
[2026-08-11 16:59:01.451054] [INFO] [path_server] 경로 삭제
[2026-08-11 16:59:01.491027] [INFO] [path_server] 경로 삭제
[2026-08-11 17:00:11.312737] [INFO] [path_server] 새로운 경로 설정 : path[108 ➜ 206] time[0s] dist[36m] list[25] : 108-1171-1172-1091-1092-1093-1094-1095-1074-1075-1076-1018-1019-1020-1011-1004-1013-1049-1050-1014-1201-1200-1202-1203-206
[2026-08-11 17:00:16.003305] [INFO] [path_server] 노드 업데이트 : [1171] ➜ [1172]
[2026-08-11 17:00:16.083228] [INFO] [path_server] 새로운 경로 설정 : path[1171 ➜ 206] time[0s] dist[34.5m] list[24] : 1171-1172-1091-1092-1093-1094-1095-1074-1075-1076-1018-1019-1020-1011-1004-1013-1049-1050-1014-1201-1200-1202-1203-206
[2026-08-11 17:00:19.695853] [INFO] [path_server] 노드 업데이트 : [1172] ➜ [1091]
[2026-08-11 17:00:19.755789] [INFO] [path_server] 새로운 경로 설정 : path[1172 ➜ 206] time[0s] dist[33m] list[23] : 1172-1091-1092-1093-1094-1095-1074-1075-1076-1018-1019-1020-1011-1004-1013-1049-1050-1014-1201-1200-1202-1203-206
[2026-08-11 17:00:20.773702] [INFO] [path_server] 노드 업데이트 : [1091] ➜ [1092]
[2026-08-11 17:00:20.833642] [INFO] [path_server] 새로운 경로 설정 : path[1091 ➜ 206] time[0s] dist[31.5m] list[22] : 1091-1092-1093-1094-1095-1074-1075-1076-1018-1019-1020-1011-1004-1013-1049-1050-1014-1201-1200-1202-1203-206
[2026-08-11 17:00:24.027897] [INFO] [path_server] 노드 업데이트 : [1092] ➜ [1093]
[2026-08-11 17:00:24.107800] [INFO] [path_server] 새로운 경로 설정 : path[1092 ➜ 206] time[0s] dist[30m] list[21] : 1092-1093-1094-1095-1074-1075-1076-1018-1019-1020-1011-1004-1013-1049-1050-1014-1201-1200-1202-1203-206
[2026-08-11 17:00:25.266086] [INFO] [path_server] 노드 업데이트 : [1093] ➜ [1094]
[2026-08-11 17:00:25.346045] [INFO] [path_server] 새로운 경로 설정 : path[1093 ➜ 206] time[0s] dist[28.5m] list[20] : 1093-1094-1095-1074-1075-1076-1018-1019-1020-1011-1004-1013-1049-1050-1014-1201-1200-1202-1203-206
[2026-08-11 17:00:26.144652] [INFO] [path_server] 노드 업데이트 : [1094] ➜ [1095]
[2026-08-11 17:00:26.204587] [INFO] [path_server] 새로운 경로 설정 : path[1094 ➜ 206] time[0s] dist[27m] list[19] : 1094-1095-1074-1075-1076-1018-1019-1020-1011-1004-1013-1049-1050-1014-1201-1200-1202-1203-206
[2026-08-11 17:00:27.461986] [INFO] [path_server] 노드 업데이트 : [1095] ➜ [1074]
[2026-08-11 17:00:27.521852] [INFO] [path_server] 새로운 경로 설정 : path[1095 ➜ 206] time[0s] dist[25.5m] list[18] : 1095-1074-1075-1076-1018-1019-1020-1011-1004-1013-1049-1050-1014-1201-1200-1202-1203-206
[2026-08-11 17:00:30.795157] [INFO] [path_server] 노드 업데이트 : [1074] ➜ [1075]
[2026-08-11 17:00:30.875033] [INFO] [path_server] 새로운 경로 설정 : path[1074 ➜ 206] time[0s] dist[24m] list[17] : 1074-1075-1076-1018-1019-1020-1011-1004-1013-1049-1050-1014-1201-1200-1202-1203-206
[2026-08-11 17:00:31.932785] [INFO] [path_server] 노드 업데이트 : [1075] ➜ [1076]
[2026-08-11 17:00:32.012625] [INFO] [path_server] 새로운 경로 설정 : path[1075 ➜ 206] time[0s] dist[22.5m] list[16] : 1075-1076-1018-1019-1020-1011-1004-1013-1049-1050-1014-1201-1200-1202-1203-206
[2026-08-11 17:00:32.751056] [INFO] [path_server] 노드 업데이트 : [1076] ➜ [1018]
[2026-08-11 17:00:32.830985] [INFO] [path_server] 새로운 경로 설정 : path[1076 ➜ 206] time[0s] dist[21m] list[15] : 1076-1018-1019-1020-1011-1004-1013-1049-1050-1014-1201-1200-1202-1203-206
[2026-08-11 17:00:33.509649] [INFO] [path_server] 노드 업데이트 : [1018] ➜ [1019]
[2026-08-11 17:00:33.569548] [INFO] [path_server] 새로운 경로 설정 : path[1018 ➜ 206] time[0s] dist[19.5m] list[14] : 1018-1019-1020-1011-1004-1013-1049-1050-1014-1201-1200-1202-1203-206
[2026-08-11 17:00:34.268087] [INFO] [path_server] 노드 업데이트 : [1019] ➜ [1020]
[2026-08-11 17:00:34.347946] [INFO] [path_server] 새로운 경로 설정 : path[1019 ➜ 206] time[0s] dist[18m] list[13] : 1019-1020-1011-1004-1013-1049-1050-1014-1201-1200-1202-1203-206
[2026-08-11 17:00:35.006524] [INFO] [path_server] 노드 업데이트 : [1020] ➜ [1011]
[2026-08-11 17:00:35.066437] [INFO] [path_server] 새로운 경로 설정 : path[1020 ➜ 206] time[0s] dist[16.5m] list[12] : 1020-1011-1004-1013-1049-1050-1014-1201-1200-1202-1203-206
[2026-08-11 17:00:35.764991] [INFO] [path_server] 노드 업데이트 : [1011] ➜ [1004]
[2026-08-11 17:00:35.864803] [INFO] [path_server] 새로운 경로 설정 : path[1011 ➜ 206] time[0s] dist[15m] list[11] : 1011-1004-1013-1049-1050-1014-1201-1200-1202-1203-206
[2026-08-11 17:00:36.503412] [INFO] [path_server] 노드 업데이트 : [1004] ➜ [1013]
[2026-08-11 17:00:36.583328] [INFO] [path_server] 새로운 경로 설정 : path[1004 ➜ 206] time[0s] dist[13.5m] list[10] : 1004-1013-1049-1050-1014-1201-1200-1202-1203-206
[2026-08-11 17:00:37.262061] [INFO] [path_server] 노드 업데이트 : [1013] ➜ [1049]
[2026-08-11 17:00:37.321966] [INFO] [path_server] 새로운 경로 설정 : path[1013 ➜ 206] time[0s] dist[12m] list[9] : 1013-1049-1050-1014-1201-1200-1202-1203-206
[2026-08-11 17:00:38.000467] [INFO] [path_server] 노드 업데이트 : [1049] ➜ [1050]
[2026-08-11 17:00:38.080386] [INFO] [path_server] 새로운 경로 설정 : path[1049 ➜ 206] time[0s] dist[10.5m] list[8] : 1049-1050-1014-1201-1200-1202-1203-206
[2026-08-11 17:00:39.337948] [INFO] [path_server] 노드 업데이트 : [1050] ➜ [1014]
[2026-08-11 17:00:39.417817] [INFO] [path_server] 새로운 경로 설정 : path[1050 ➜ 206] time[0s] dist[9m] list[7] : 1050-1014-1201-1200-1202-1203-206
[2026-08-11 17:00:42.691107] [INFO] [path_server] 노드 업데이트 : [1014] ➜ [1201]
[2026-08-11 17:00:42.770963] [INFO] [path_server] 새로운 경로 설정 : path[1014 ➜ 206] time[0s] dist[7.5m] list[6] : 1014-1201-1200-1202-1203-206
[2026-08-11 17:00:43.828793] [INFO] [path_server] 노드 업데이트 : [1201] ➜ [1200]
[2026-08-11 17:00:43.908646] [INFO] [path_server] 새로운 경로 설정 : path[1201 ➜ 206] time[0s] dist[6m] list[5] : 1201-1200-1202-1203-206
[2026-08-11 17:00:44.647090] [INFO] [path_server] 노드 업데이트 : [1200] ➜ [1202]
[2026-08-11 17:00:44.727005] [INFO] [path_server] 새로운 경로 설정 : path[1200 ➜ 206] time[0s] dist[4.5m] list[4] : 1200-1202-1203-206
[2026-08-11 17:00:45.405669] [INFO] [path_server] 노드 업데이트 : [1202] ➜ [1203]
[2026-08-11 17:00:45.465525] [INFO] [path_server] 새로운 경로 설정 : path[1202 ➜ 206] time[0s] dist[3m] list[3] : 1202-1203-206
[2026-08-11 17:00:46.722950] [INFO] [path_server] 노드 업데이트 : [1203] ➜ [206]
[2026-08-11 17:00:46.782835] [INFO] [path_server] 새로운 경로 설정 : path[1203 ➜ 206] time[0s] dist[1.5m] list[2] : 1203-206
[2026-08-11 17:00:51.932481] [INFO] [path_server] 노드 업데이트 : [206] ➜ [-1]
[2026-08-11 17:00:54.866761] [INFO] [path_server] 노드 업데이트 : [206] ➜ [-1]
[2026-08-11 17:00:54.946648] [INFO] [path_server] 경로 삭제
[2026-08-11 17:01:13.309846] [INFO] [path_server] 새로운 경로 설정 : path[206 ➜ 111] time[0s] dist[31.5m] list[22] : 206-1203-1204-1205-1206-1207-1208-1145-1146-1147-1148-1077-1029-1030-1031-1032-1033-1034-1007-1167-1168-111
[2026-08-11 17:01:18.200011] [INFO] [path_server] 노드 업데이트 : [1203] ➜ [1204]
[2026-08-11 17:01:18.279858] [INFO] [path_server] 새로운 경로 설정 : path[1203 ➜ 111] time[0s] dist[30m] list[21] : 1203-1204-1205-1206-1207-1208-1145-1146-1147-1148-1077-1029-1030-1031-1032-1033-1034-1007-1167-1168-111
[2026-08-11 17:01:21.832979] [INFO] [path_server] 노드 업데이트 : [1204] ➜ [1205]
[2026-08-11 17:01:21.912903] [INFO] [path_server] 새로운 경로 설정 : path[1204 ➜ 111] time[0s] dist[28.5m] list[20] : 1204-1205-1206-1207-1208-1145-1146-1147-1148-1077-1029-1030-1031-1032-1033-1034-1007-1167-1168-111
[2026-08-11 17:01:22.950697] [INFO] [path_server] 노드 업데이트 : [1205] ➜ [1206]
[2026-08-11 17:01:23.030575] [INFO] [path_server] 새로운 경로 설정 : path[1205 ➜ 111] time[0s] dist[27m] list[19] : 1205-1206-1207-1208-1145-1146-1147-1148-1077-1029-1030-1031-1032-1033-1034-1007-1167-1168-111
[2026-08-11 17:01:23.769039] [INFO] [path_server] 노드 업데이트 : [1206] ➜ [1207]
[2026-08-11 17:01:23.868826] [INFO] [path_server] 새로운 경로 설정 : path[1206 ➜ 111] time[0s] dist[25.51m] list[18] : 1206-1207-1208-1145-1146-1147-1148-1077-1029-1030-1031-1032-1033-1034-1007-1167-1168-111
[2026-08-11 17:01:24.527404] [INFO] [path_server] 노드 업데이트 : [1207] ➜ [1208]
[2026-08-11 17:01:24.607264] [INFO] [path_server] 새로운 경로 설정 : path[1207 ➜ 111] time[0s] dist[24m] list[17] : 1207-1208-1145-1146-1147-1148-1077-1029-1030-1031-1032-1033-1034-1007-1167-1168-111
[2026-08-11 17:01:25.285804] [INFO] [path_server] 노드 업데이트 : [1208] ➜ [1145]
[2026-08-11 17:01:25.365735] [INFO] [path_server] 새로운 경로 설정 : path[1208 ➜ 111] time[0s] dist[22.5m] list[16] : 1208-1145-1146-1147-1148-1077-1029-1030-1031-1032-1033-1034-1007-1167-1168-111
[2026-08-11 17:01:26.583249] [INFO] [path_server] 노드 업데이트 : [1145] ➜ [1146]
[2026-08-11 17:01:26.643156] [INFO] [path_server] 새로운 경로 설정 : path[1145 ➜ 111] time[0s] dist[21m] list[15] : 1145-1146-1147-1148-1077-1029-1030-1031-1032-1033-1034-1007-1167-1168-111
[2026-08-11 17:01:29.956568] [INFO] [path_server] 노드 업데이트 : [1146] ➜ [1147]
[2026-08-11 17:01:30.036500] [INFO] [path_server] 새로운 경로 설정 : path[1146 ➜ 111] time[0s] dist[19.5m] list[14] : 1146-1147-1148-1077-1029-1030-1031-1032-1033-1034-1007-1167-1168-111
[2026-08-11 17:01:31.074333] [INFO] [path_server] 노드 업데이트 : [1147] ➜ [1148]
[2026-08-11 17:01:31.134247] [INFO] [path_server] 새로운 경로 설정 : path[1147 ➜ 111] time[0s] dist[18m] list[13] : 1147-1148-1077-1029-1030-1031-1032-1033-1034-1007-1167-1168-111
[2026-08-11 17:01:31.893029] [INFO] [path_server] 노드 업데이트 : [1148] ➜ [1077]
[2026-08-11 17:01:31.972897] [INFO] [path_server] 새로운 경로 설정 : path[1148 ➜ 111] time[0s] dist[16.5m] list[12] : 1148-1077-1029-1030-1031-1032-1033-1034-1007-1167-1168-111
[2026-08-11 17:01:33.230599] [INFO] [path_server] 노드 업데이트 : [1077] ➜ [1029]
[2026-08-11 17:01:33.290500] [INFO] [path_server] 새로운 경로 설정 : path[1077 ➜ 111] time[0s] dist[15m] list[11] : 1077-1029-1030-1031-1032-1033-1034-1007-1167-1168-111
[2026-08-11 17:01:36.564021] [INFO] [path_server] 노드 업데이트 : [1029] ➜ [1030]
[2026-08-11 17:01:36.623927] [INFO] [path_server] 새로운 경로 설정 : path[1029 ➜ 111] time[0s] dist[13.5m] list[10] : 1029-1030-1031-1032-1033-1034-1007-1167-1168-111
[2026-08-11 17:01:37.701866] [INFO] [path_server] 노드 업데이트 : [1030] ➜ [1031]
[2026-08-11 17:01:37.761777] [INFO] [path_server] 새로운 경로 설정 : path[1030 ➜ 111] time[0s] dist[12m] list[9] : 1030-1031-1032-1033-1034-1007-1167-1168-111
[2026-08-11 17:01:38.520241] [INFO] [path_server] 노드 업데이트 : [1031] ➜ [1032]
[2026-08-11 17:01:38.600128] [INFO] [path_server] 새로운 경로 설정 : path[1031 ➜ 111] time[0s] dist[10.5m] list[8] : 1031-1032-1033-1034-1007-1167-1168-111
[2026-08-11 17:01:39.278645] [INFO] [path_server] 노드 업데이트 : [1032] ➜ [1033]
[2026-08-11 17:01:39.358572] [INFO] [path_server] 새로운 경로 설정 : path[1032 ➜ 111] time[0s] dist[9m] list[7] : 1032-1033-1034-1007-1167-1168-111
[2026-08-11 17:01:40.037183] [INFO] [path_server] 노드 업데이트 : [1033] ➜ [1034]
[2026-08-11 17:01:40.097085] [INFO] [path_server] 새로운 경로 설정 : path[1033 ➜ 111] time[0s] dist[7.5m] list[6] : 1033-1034-1007-1167-1168-111
[2026-08-11 17:01:40.775588] [INFO] [path_server] 노드 업데이트 : [1034] ➜ [1007]
[2026-08-11 17:01:40.855517] [INFO] [path_server] 새로운 경로 설정 : path[1034 ➜ 111] time[0s] dist[6m] list[5] : 1034-1007-1167-1168-111
[2026-08-11 17:01:42.092861] [INFO] [path_server] 노드 업데이트 : [1007] ➜ [1167]
[2026-08-11 17:01:42.172841] [INFO] [path_server] 새로운 경로 설정 : path[1007 ➜ 111] time[0s] dist[4.5m] list[4] : 1007-1167-1168-111
[2026-08-11 17:01:45.466308] [INFO] [path_server] 노드 업데이트 : [1167] ➜ [1168]
[2026-08-11 17:01:45.546149] [INFO] [path_server] 새로운 경로 설정 : path[1167 ➜ 111] time[0s] dist[3m] list[3] : 1167-1168-111
[2026-08-11 17:01:46.883752] [INFO] [path_server] 노드 업데이트 : [1168] ➜ [111]
[2026-08-11 17:01:46.963946] [INFO] [path_server] 새로운 경로 설정 : path[1168 ➜ 111] time[0s] dist[1.5m] list[2] : 1168-111
[2026-08-11 17:01:52.473223] [INFO] [path_server] 노드 업데이트 : [111] ➜ [-1]
[2026-08-11 17:01:55.407872] [INFO] [path_server] 노드 업데이트 : [111] ➜ [-1]
[2026-08-11 17:02:27.883090] [INFO] [path_server] 경로 삭제
[2026-08-11 17:02:27.923065] [INFO] [path_server] 경로 삭제
[2026-08-11 17:03:34.388828] [INFO] [path_server] 생성
[2026-08-11 17:03:34.388872] [INFO] [path_server] 경로 삭제
[2026-08-11 17:03:34.390605] [INFO] [path_server] 노드 초기화 성공 : 로봇 좌표[22.003m 14.499m -179.563°] 최단 거리 노드[111] 거리(0.003347m)
[2026-08-11 17:04:08.625003] [INFO] [path_server] 경로 삭제
[2026-08-11 17:04:08.644862] [INFO] [path_server] 경로 삭제
[2026-08-11 17:04:10.700992] [INFO] [path_server] 새로운 경로 설정 : path[111 ➜ 201] time[0s] dist[28.5m] list[20] : 111-1168-1169-1170-1171-1172-1091-1092-1093-1094-1095-1074-1075-1076-1018-1158-1159-1160-1161-201
[2026-08-11 17:04:15.391673] [INFO] [path_server] 노드 업데이트 : [1168] ➜ [1169]
[2026-08-11 17:04:15.451559] [INFO] [path_server] 새로운 경로 설정 : path[1168 ➜ 201] time[0s] dist[27m] list[19] : 1168-1169-1170-1171-1172-1091-1092-1093-1094-1095-1074-1075-1076-1018-1158-1159-1160-1161-201
[2026-08-11 17:04:19.084198] [INFO] [path_server] 노드 업데이트 : [1169] ➜ [1170]
[2026-08-11 17:04:19.164013] [INFO] [path_server] 새로운 경로 설정 : path[1169 ➜ 201] time[0s] dist[25.5m] list[18] : 1169-1170-1171-1172-1091-1092-1093-1094-1095-1074-1075-1076-1018-1158-1159-1160-1161-201
[2026-08-11 17:04:20.202105] [INFO] [path_server] 노드 업데이트 : [1170] ➜ [1171]
[2026-08-11 17:04:20.282202] [INFO] [path_server] 새로운 경로 설정 : path[1170 ➜ 201] time[0s] dist[24m] list[17] : 1170-1171-1172-1091-1092-1093-1094-1095-1074-1075-1076-1018-1158-1159-1160-1161-201
[2026-08-11 17:04:21.020531] [INFO] [path_server] 노드 업데이트 : [1171] ➜ [1172]
[2026-08-11 17:04:21.080480] [INFO] [path_server] 새로운 경로 설정 : path[1171 ➜ 201] time[0s] dist[22.5m] list[16] : 1171-1172-1091-1092-1093-1094-1095-1074-1075-1076-1018-1158-1159-1160-1161-201
[2026-08-11 17:04:21.758980] [INFO] [path_server] 노드 업데이트 : [1172] ➜ [1091]
[2026-08-11 17:04:21.838897] [INFO] [path_server] 새로운 경로 설정 : path[1172 ➜ 201] time[0s] dist[21m] list[15] : 1172-1091-1092-1093-1094-1095-1074-1075-1076-1018-1158-1159-1160-1161-201
[2026-08-11 17:04:22.816785] [INFO] [path_server] 노드 업데이트 : [1091] ➜ [1092]
[2026-08-11 17:04:22.876688] [INFO] [path_server] 새로운 경로 설정 : path[1091 ➜ 201] time[0s] dist[19.5m] list[14] : 1091-1092-1093-1094-1095-1074-1075-1076-1018-1158-1159-1160-1161-201
[2026-08-11 17:04:26.090815] [INFO] [path_server] 노드 업데이트 : [1092] ➜ [1093]
[2026-08-11 17:04:26.150743] [INFO] [path_server] 새로운 경로 설정 : path[1092 ➜ 201] time[0s] dist[18m] list[13] : 1092-1093-1094-1095-1074-1075-1076-1018-1158-1159-1160-1161-201
[2026-08-11 17:04:27.328345] [INFO] [path_server] 노드 업데이트 : [1093] ➜ [1094]
[2026-08-11 17:04:27.408198] [INFO] [path_server] 새로운 경로 설정 : path[1093 ➜ 201] time[0s] dist[16.5m] list[12] : 1093-1094-1095-1074-1075-1076-1018-1158-1159-1160-1161-201
[2026-08-11 17:04:28.206573] [INFO] [path_server] 노드 업데이트 : [1094] ➜ [1095]
[2026-08-11 17:04:28.286499] [INFO] [path_server] 새로운 경로 설정 : path[1094 ➜ 201] time[0s] dist[15m] list[11] : 1094-1095-1074-1075-1076-1018-1158-1159-1160-1161-201
[2026-08-11 17:04:29.523933] [INFO] [path_server] 노드 업데이트 : [1095] ➜ [1074]
[2026-08-11 17:04:29.603846] [INFO] [path_server] 새로운 경로 설정 : path[1095 ➜ 201] time[0s] dist[13.5m] list[10] : 1095-1074-1075-1076-1018-1158-1159-1160-1161-201
[2026-08-11 17:04:32.857190] [INFO] [path_server] 노드 업데이트 : [1074] ➜ [1075]
[2026-08-11 17:04:32.917107] [INFO] [path_server] 새로운 경로 설정 : path[1074 ➜ 201] time[0s] dist[12m] list[9] : 1074-1075-1076-1018-1158-1159-1160-1161-201
[2026-08-11 17:04:33.994952] [INFO] [path_server] 노드 업데이트 : [1075] ➜ [1076]
[2026-08-11 17:04:34.054874] [INFO] [path_server] 새로운 경로 설정 : path[1075 ➜ 201] time[0s] dist[10.5m] list[8] : 1075-1076-1018-1158-1159-1160-1161-201
[2026-08-11 17:04:34.813360] [INFO] [path_server] 노드 업데이트 : [1076] ➜ [1018]
[2026-08-11 17:04:34.893258] [INFO] [path_server] 새로운 경로 설정 : path[1076 ➜ 201] time[0s] dist[9m] list[7] : 1076-1018-1158-1159-1160-1161-201
[2026-08-11 17:04:36.150812] [INFO] [path_server] 노드 업데이트 : [1018] ➜ [1158]
[2026-08-11 17:04:36.230636] [INFO] [path_server] 새로운 경로 설정 : path[1018 ➜ 201] time[0s] dist[7.5m] list[6] : 1018-1158-1159-1160-1161-201
[2026-08-11 17:04:39.523891] [INFO] [path_server] 노드 업데이트 : [1158] ➜ [1159]
[2026-08-11 17:04:39.603748] [INFO] [path_server] 새로운 경로 설정 : path[1158 ➜ 201] time[0s] dist[6m] list[5] : 1158-1159-1160-1161-201
[2026-08-11 17:04:40.661633] [INFO] [path_server] 노드 업데이트 : [1159] ➜ [1160]
[2026-08-11 17:04:40.741506] [INFO] [path_server] 새로운 경로 설정 : path[1159 ➜ 201] time[0s] dist[4.5m] list[4] : 1159-1160-1161-201
[2026-08-11 17:04:41.479964] [INFO] [path_server] 노드 업데이트 : [1160] ➜ [1161]
[2026-08-11 17:04:41.559876] [INFO] [path_server] 새로운 경로 설정 : path[1160 ➜ 201] time[0s] dist[3m] list[3] : 1160-1161-201
[2026-08-11 17:04:42.817345] [INFO] [path_server] 노드 업데이트 : [1161] ➜ [201]
[2026-08-11 17:04:42.897202] [INFO] [path_server] 새로운 경로 설정 : path[1161 ➜ 201] time[0s] dist[1.5m] list[2] : 1161-201
[2026-08-11 17:04:48.066866] [INFO] [path_server] 노드 업데이트 : [201] ➜ [-1]
[2026-08-11 17:04:51.001422] [INFO] [path_server] 노드 업데이트 : [201] ➜ [-1]
[2026-08-11 17:04:51.081320] [INFO] [path_server] 경로 삭제
[2026-08-11 17:08:32.400529] [INFO] [path_server] 새로운 경로 설정 : path[201 ➜ 104] time[0s] dist[37.5m] list[26] : 201-1161-1162-1163-1164-1165-1166-1109-1110-1111-1112-1113-1114-1115-1116-1117-1118-1119-1120-1121-1122-1123-1179-1180-1181-104
[2026-08-11 17:08:37.290660] [INFO] [path_server] 노드 업데이트 : [1161] ➜ [1162]
[2026-08-11 17:08:37.370543] [INFO] [path_server] 새로운 경로 설정 : path[1161 ➜ 104] time[0s] dist[36m] list[25] : 1161-1162-1163-1164-1165-1166-1109-1110-1111-1112-1113-1114-1115-1116-1117-1118-1119-1120-1121-1122-1123-1179-1180-1181-104
[2026-08-11 17:08:40.906903] [INFO] [path_server] 노드 업데이트 : [1162] ➜ [1163]
[2026-08-11 17:08:40.966832] [INFO] [path_server] 새로운 경로 설정 : path[1162 ➜ 104] time[0s] dist[34.5m] list[24] : 1162-1163-1164-1165-1166-1109-1110-1111-1112-1113-1114-1115-1116-1117-1118-1119-1120-1121-1122-1123-1179-1180-1181-104
[2026-08-11 17:08:42.044574] [INFO] [path_server] 노드 업데이트 : [1163] ➜ [1164]
[2026-08-11 17:08:42.104518] [INFO] [path_server] 새로운 경로 설정 : path[1163 ➜ 104] time[0s] dist[33m] list[23] : 1163-1164-1165-1166-1109-1110-1111-1112-1113-1114-1115-1116-1117-1118-1119-1120-1121-1122-1123-1179-1180-1181-104
[2026-08-11 17:08:42.862954] [INFO] [path_server] 노드 업데이트 : [1164] ➜ [1165]
[2026-08-11 17:08:42.942831] [INFO] [path_server] 새로운 경로 설정 : path[1164 ➜ 104] time[0s] dist[31.5m] list[22] : 1164-1165-1166-1109-1110-1111-1112-1113-1114-1115-1116-1117-1118-1119-1120-1121-1122-1123-1179-1180-1181-104
[2026-08-11 17:08:43.621437] [INFO] [path_server] 노드 업데이트 : [1165] ➜ [1166]
[2026-08-11 17:08:43.701372] [INFO] [path_server] 새로운 경로 설정 : path[1165 ➜ 104] time[0s] dist[30m] list[21] : 1165-1166-1109-1110-1111-1112-1113-1114-1115-1116-1117-1118-1119-1120-1121-1122-1123-1179-1180-1181-104
[2026-08-11 17:08:44.380045] [INFO] [path_server] 노드 업데이트 : [1166] ➜ [1109]
[2026-08-11 17:08:44.439963] [INFO] [path_server] 새로운 경로 설정 : path[1166 ➜ 104] time[0s] dist[28.5m] list[20] : 1166-1109-1110-1111-1112-1113-1114-1115-1116-1117-1118-1119-1120-1121-1122-1123-1179-1180-1181-104
[2026-08-11 17:08:45.198400] [INFO] [path_server] 노드 업데이트 : [1109] ➜ [1110]
[2026-08-11 17:08:45.278243] [INFO] [path_server] 새로운 경로 설정 : path[1109 ➜ 104] time[0s] dist[27m] list[19] : 1109-1110-1111-1112-1113-1114-1115-1116-1117-1118-1119-1120-1121-1122-1123-1179-1180-1181-104
[2026-08-11 17:08:48.851196] [INFO] [path_server] 노드 업데이트 : [1110] ➜ [1111]
[2026-08-11 17:08:48.951019] [INFO] [path_server] 새로운 경로 설정 : path[1110 ➜ 104] time[0s] dist[25.5m] list[18] : 1110-1111-1112-1113-1114-1115-1116-1117-1118-1119-1120-1121-1122-1123-1179-1180-1181-104
[2026-08-11 17:08:50.208524] [INFO] [path_server] 노드 업데이트 : [1111] ➜ [1112]
[2026-08-11 17:08:50.288394] [INFO] [path_server] 새로운 경로 설정 : path[1111 ➜ 104] time[0s] dist[24m] list[17] : 1111-1112-1113-1114-1115-1116-1117-1118-1119-1120-1121-1122-1123-1179-1180-1181-104
[2026-08-11 17:08:51.106811] [INFO] [path_server] 노드 업데이트 : [1112] ➜ [1113]
[2026-08-11 17:08:51.186703] [INFO] [path_server] 새로운 경로 설정 : path[1112 ➜ 104] time[0s] dist[22.5m] list[16] : 1112-1113-1114-1115-1116-1117-1118-1119-1120-1121-1122-1123-1179-1180-1181-104
[2026-08-11 17:08:51.865190] [INFO] [path_server] 노드 업데이트 : [1113] ➜ [1114]
[2026-08-11 17:08:51.945114] [INFO] [path_server] 새로운 경로 설정 : path[1113 ➜ 104] time[0s] dist[21m] list[15] : 1113-1114-1115-1116-1117-1118-1119-1120-1121-1122-1123-1179-1180-1181-104
[2026-08-11 17:08:52.603607] [INFO] [path_server] 노드 업데이트 : [1114] ➜ [1115]
[2026-08-11 17:08:52.683497] [INFO] [path_server] 새로운 경로 설정 : path[1114 ➜ 104] time[0s] dist[19.5m] list[14] : 1114-1115-1116-1117-1118-1119-1120-1121-1122-1123-1179-1180-1181-104
[2026-08-11 17:08:53.362453] [INFO] [path_server] 노드 업데이트 : [1115] ➜ [1116]
[2026-08-11 17:08:53.442525] [INFO] [path_server] 새로운 경로 설정 : path[1115 ➜ 104] time[0s] dist[18m] list[13] : 1115-1116-1117-1118-1119-1120-1121-1122-1123-1179-1180-1181-104
[2026-08-11 17:08:54.101074] [INFO] [path_server] 노드 업데이트 : [1116] ➜ [1117]
[2026-08-11 17:08:54.180931] [INFO] [path_server] 새로운 경로 설정 : path[1116 ➜ 104] time[0s] dist[16.5m] list[12] : 1116-1117-1118-1119-1120-1121-1122-1123-1179-1180-1181-104
[2026-08-11 17:08:54.859441] [INFO] [path_server] 노드 업데이트 : [1117] ➜ [1118]
[2026-08-11 17:08:54.939362] [INFO] [path_server] 새로운 경로 설정 : path[1117 ➜ 104] time[0s] dist[15m] list[11] : 1117-1118-1119-1120-1121-1122-1123-1179-1180-1181-104
[2026-08-11 17:08:55.598038] [INFO] [path_server] 노드 업데이트 : [1118] ➜ [1119]
[2026-08-11 17:08:55.677871] [INFO] [path_server] 새로운 경로 설정 : path[1118 ➜ 104] time[0s] dist[13.5m] list[10] : 1118-1119-1120-1121-1122-1123-1179-1180-1181-104
[2026-08-11 17:08:56.356453] [INFO] [path_server] 노드 업데이트 : [1119] ➜ [1120]
[2026-08-11 17:08:56.436380] [INFO] [path_server] 새로운 경로 설정 : path[1119 ➜ 104] time[0s] dist[12m] list[9] : 1119-1120-1121-1122-1123-1179-1180-1181-104
[2026-08-11 17:08:57.194736] [INFO] [path_server] 노드 업데이트 : [1120] ➜ [1121]
[2026-08-11 17:08:57.274636] [INFO] [path_server] 새로운 경로 설정 : path[1120 ➜ 104] time[0s] dist[10.5m] list[8] : 1120-1121-1122-1123-1179-1180-1181-104
[2026-08-11 17:09:00.847623] [INFO] [path_server] 노드 업데이트 : [1121] ➜ [1122]
[2026-08-11 17:09:00.927519] [INFO] [path_server] 새로운 경로 설정 : path[1121 ➜ 104] time[0s] dist[9m] list[7] : 1121-1122-1123-1179-1180-1181-104
[2026-08-11 17:09:02.205269] [INFO] [path_server] 노드 업데이트 : [1122] ➜ [1123]
[2026-08-11 17:09:02.285258] [INFO] [path_server] 새로운 경로 설정 : path[1122 ➜ 104] time[0s] dist[7.5m] list[6] : 1122-1123-1179-1180-1181-104
[2026-08-11 17:09:03.263267] [INFO] [path_server] 노드 업데이트 : [1123] ➜ [1179]
[2026-08-11 17:09:03.323186] [INFO] [path_server] 새로운 경로 설정 : path[1123 ➜ 104] time[0s] dist[6m] list[5] : 1123-1179-1180-1181-104
[2026-08-11 17:09:06.576647] [INFO] [path_server] 노드 업데이트 : [1179] ➜ [1180]
[2026-08-11 17:09:06.656567] [INFO] [path_server] 새로운 경로 설정 : path[1179 ➜ 104] time[0s] dist[4.5m] list[4] : 1179-1180-1181-104
[2026-08-11 17:09:07.834135] [INFO] [path_server] 노드 업데이트 : [1180] ➜ [1181]
[2026-08-11 17:09:07.914046] [INFO] [path_server] 새로운 경로 설정 : path[1180 ➜ 104] time[0s] dist[3m] list[3] : 1180-1181-104
[2026-08-11 17:09:09.151433] [INFO] [path_server] 노드 업데이트 : [1181] ➜ [104]
[2026-08-11 17:09:09.231332] [INFO] [path_server] 새로운 경로 설정 : path[1181 ➜ 104] time[0s] dist[1.5m] list[2] : 1181-104
[2026-08-11 17:09:14.341147] [INFO] [path_server] 노드 업데이트 : [104] ➜ [-1]
[2026-08-11 17:09:17.275024] [INFO] [path_server] 노드 업데이트 : [104] ➜ [-1]
[2026-08-11 17:10:03.065770] [INFO] [path_server] 경로 삭제
[2026-08-11 17:10:03.105687] [INFO] [path_server] 경로 삭제
[2026-08-11 17:11:16.919521] [INFO] [path_server] 경로 삭제
[2026-08-11 17:11:16.959493] [INFO] [path_server] 경로 삭제
[2026-08-11 17:11:25.743455] [INFO] [path_server] 경로 삭제
[2026-08-11 17:11:30.813255] [INFO] [path_server] 새로운 경로 설정 : path[104 ➜ 204] time[0s] dist[22.5m] list[16] : 104-1181-1182-1183-1184-1045-1040-1041-1042-1112-1113-1114-1115-1116-1117-204
[2026-08-11 17:11:30.913072] [INFO] [path_server] 새로운 경로 설정 : path[1181 ➜ 206] time[0s] dist[30m] list[22] : 104-1181-1182-1183-1184-1045-1046-1047-1048-1001-1002-1003-1004-1013-1049-1050-1014-1201-1200-1202-1203-206
[2026-08-11 17:11:37.979458] [INFO] [path_server] 노드 업데이트 : [1181] ➜ [1182]
[2026-08-11 17:11:38.059310] [INFO] [path_server] 새로운 경로 설정 : path[1181 ➜ 206] time[0s] dist[30m] list[21] : 1181-1182-1183-1184-1045-1046-1047-1048-1001-1002-1003-1004-1013-1049-1050-1014-1201-1200-1202-1203-206
[2026-08-11 17:11:41.592132] [INFO] [path_server] 노드 업데이트 : [1182] ➜ [1183]
[2026-08-11 17:11:41.672053] [INFO] [path_server] 새로운 경로 설정 : path[1182 ➜ 206] time[0s] dist[28.5m] list[20] : 1182-1183-1184-1045-1046-1047-1048-1001-1002-1003-1004-1013-1049-1050-1014-1201-1200-1202-1203-206
[2026-08-11 17:11:42.729823] [INFO] [path_server] 노드 업데이트 : [1183] ➜ [1184]
[2026-08-11 17:11:42.809732] [INFO] [path_server] 새로운 경로 설정 : path[1183 ➜ 206] time[0s] dist[27m] list[19] : 1183-1184-1045-1046-1047-1048-1001-1002-1003-1004-1013-1049-1050-1014-1201-1200-1202-1203-206
[2026-08-11 17:11:43.548151] [INFO] [path_server] 노드 업데이트 : [1184] ➜ [1045]
[2026-08-11 17:11:43.608058] [INFO] [path_server] 새로운 경로 설정 : path[1184 ➜ 206] time[0s] dist[25.5m] list[18] : 1184-1045-1046-1047-1048-1001-1002-1003-1004-1013-1049-1050-1014-1201-1200-1202-1203-206
[2026-08-11 17:11:44.885371] [INFO] [path_server] 노드 업데이트 : [1045] ➜ [1046]
[2026-08-11 17:11:44.965316] [INFO] [path_server] 새로운 경로 설정 : path[1045 ➜ 206] time[0s] dist[24m] list[17] : 1045-1046-1047-1048-1001-1002-1003-1004-1013-1049-1050-1014-1201-1200-1202-1203-206
[2026-08-11 17:11:48.218558] [INFO] [path_server] 노드 업데이트 : [1046] ➜ [1047]
[2026-08-11 17:11:48.278440] [INFO] [path_server] 새로운 경로 설정 : path[1046 ➜ 206] time[0s] dist[22.5m] list[16] : 1046-1047-1048-1001-1002-1003-1004-1013-1049-1050-1014-1201-1200-1202-1203-206
[2026-08-11 17:11:49.356229] [INFO] [path_server] 노드 업데이트 : [1047] ➜ [1048]
[2026-08-11 17:11:49.416162] [INFO] [path_server] 새로운 경로 설정 : path[1047 ➜ 206] time[0s] dist[21m] list[15] : 1047-1048-1001-1002-1003-1004-1013-1049-1050-1014-1201-1200-1202-1203-206
[2026-08-11 17:11:50.174571] [INFO] [path_server] 노드 업데이트 : [1048] ➜ [1001]
[2026-08-11 17:11:50.254459] [INFO] [path_server] 새로운 경로 설정 : path[1048 ➜ 206] time[0s] dist[19.5m] list[14] : 1048-1001-1002-1003-1004-1013-1049-1050-1014-1201-1200-1202-1203-206
[2026-08-11 17:11:50.933155] [INFO] [path_server] 노드 업데이트 : [1001] ➜ [1002]
[2026-08-11 17:11:51.013058] [INFO] [path_server] 새로운 경로 설정 : path[1001 ➜ 206] time[0s] dist[18m] list[13] : 1001-1002-1003-1004-1013-1049-1050-1014-1201-1200-1202-1203-206
[2026-08-11 17:11:51.691697] [INFO] [path_server] 노드 업데이트 : [1002] ➜ [1003]
[2026-08-11 17:11:51.751607] [INFO] [path_server] 새로운 경로 설정 : path[1002 ➜ 206] time[0s] dist[16.5m] list[12] : 1002-1003-1004-1013-1049-1050-1014-1201-1200-1202-1203-206
[2026-08-11 17:11:52.430479] [INFO] [path_server] 노드 업데이트 : [1003] ➜ [1004]
[2026-08-11 17:11:52.510489] [INFO] [path_server] 새로운 경로 설정 : path[1003 ➜ 206] time[0s] dist[15m] list[11] : 1003-1004-1013-1049-1050-1014-1201-1200-1202-1203-206
[2026-08-11 17:11:53.748104] [INFO] [path_server] 노드 업데이트 : [1004] ➜ [1013]
[2026-08-11 17:11:53.827969] [INFO] [path_server] 새로운 경로 설정 : path[1004 ➜ 206] time[0s] dist[13.5m] list[10] : 1004-1013-1049-1050-1014-1201-1200-1202-1203-206
[2026-08-11 17:11:57.101482] [INFO] [path_server] 노드 업데이트 : [1013] ➜ [1049]
[2026-08-11 17:11:57.181363] [INFO] [path_server] 새로운 경로 설정 : path[1013 ➜ 206] time[0s] dist[12m] list[9] : 1013-1049-1050-1014-1201-1200-1202-1203-206
[2026-08-11 17:11:58.219242] [INFO] [path_server] 노드 업데이트 : [1049] ➜ [1050]
[2026-08-11 17:11:58.299158] [INFO] [path_server] 새로운 경로 설정 : path[1049 ➜ 206] time[0s] dist[10.5m] list[8] : 1049-1050-1014-1201-1200-1202-1203-206
[2026-08-11 17:11:59.556842] [INFO] [path_server] 노드 업데이트 : [1050] ➜ [1014]
[2026-08-11 17:11:59.636643] [INFO] [path_server] 새로운 경로 설정 : path[1050 ➜ 206] time[0s] dist[9m] list[7] : 1050-1014-1201-1200-1202-1203-206
[2026-08-11 17:12:02.949996] [INFO] [path_server] 노드 업데이트 : [1014] ➜ [1201]
[2026-08-11 17:12:03.029902] [INFO] [path_server] 새로운 경로 설정 : path[1014 ➜ 206] time[0s] dist[7.5m] list[6] : 1014-1201-1200-1202-1203-206
[2026-08-11 17:12:04.067810] [INFO] [path_server] 노드 업데이트 : [1201] ➜ [1200]
[2026-08-11 17:12:04.127704] [INFO] [path_server] 새로운 경로 설정 : path[1201 ➜ 206] time[0s] dist[6m] list[5] : 1201-1200-1202-1203-206
[2026-08-11 17:12:04.886242] [INFO] [path_server] 노드 업데이트 : [1200] ➜ [1202]
[2026-08-11 17:12:04.966081] [INFO] [path_server] 새로운 경로 설정 : path[1200 ➜ 206] time[0s] dist[4.5m] list[4] : 1200-1202-1203-206
[2026-08-11 17:12:05.644736] [INFO] [path_server] 노드 업데이트 : [1202] ➜ [1203]
[2026-08-11 17:12:05.724643] [INFO] [path_server] 새로운 경로 설정 : path[1202 ➜ 206] time[0s] dist[3m] list[3] : 1202-1203-206
[2026-08-11 17:12:06.962249] [INFO] [path_server] 노드 업데이트 : [1203] ➜ [206]
[2026-08-11 17:12:07.042129] [INFO] [path_server] 새로운 경로 설정 : path[1203 ➜ 206] time[0s] dist[1.5m] list[2] : 1203-206
[2026-08-11 17:12:12.172030] [INFO] [path_server] 노드 업데이트 : [206] ➜ [-1]
[2026-08-11 17:12:15.106197] [INFO] [path_server] 노드 업데이트 : [206] ➜ [-1]
[2026-08-11 17:12:15.186081] [INFO] [path_server] 경로 삭제
[2026-08-11 17:24:37.868213] [INFO] [path_server] 생성
[2026-08-11 17:24:37.868738] [INFO] [path_server] 경로 삭제
[2026-08-11 17:24:37.871287] [INFO] [path_server] 노드 초기화 성공 : 로봇 좌표[22.004m 17.498m -179.840°] 최단 거리 노드[1063] 거리(0.503722m)
[2026-08-11 17:24:42.981114] [INFO] [path_server] 새로운 경로 설정 : path[1063 ➜ 102] time[0s] dist[16.5m] list[12] : 1063-1064-1065-40-1067-1068-1069-1070-1071-1072-1073-102
[2026-08-11 17:24:45.735463] [INFO] [path_server] 노드 업데이트 : [1064] ➜ [1065]
[2026-08-11 17:24:45.795628] [INFO] [path_server] 새로운 경로 설정 : path[1064 ➜ 102] time[0s] dist[15m] list[11] : 1064-1065-40-1067-1068-1069-1070-1071-1072-1073-102
[2026-08-11 17:24:46.673939] [INFO] [path_server] 노드 업데이트 : [1065] ➜ [40]
[2026-08-11 17:24:46.753777] [INFO] [path_server] 새로운 경로 설정 : path[1065 ➜ 102] time[0s] dist[13.5m] list[10] : 1065-40-1067-1068-1069-1070-1071-1072-1073-102
[2026-08-11 17:24:47.452407] [INFO] [path_server] 노드 업데이트 : [40] ➜ [1067]
[2026-08-11 17:24:47.532269] [INFO] [path_server] 새로운 경로 설정 : path[40 ➜ 102] time[0s] dist[12m] list[9] : 40-1067-1068-1069-1070-1071-1072-1073-102
[2026-08-11 17:24:48.191008] [INFO] [path_server] 노드 업데이트 : [1067] ➜ [1068]
[2026-08-11 17:24:48.250966] [INFO] [path_server] 새로운 경로 설정 : path[1067 ➜ 102] time[0s] dist[10.5m] list[8] : 1067-1068-1069-1070-1071-1072-1073-102
[2026-08-11 17:24:48.949578] [INFO] [path_server] 노드 업데이트 : [1068] ➜ [1069]
[2026-08-11 17:24:49.029468] [INFO] [path_server] 새로운 경로 설정 : path[1068 ➜ 102] time[0s] dist[9m] list[7] : 1068-1069-1070-1071-1072-1073-102
[2026-08-11 17:24:49.688207] [INFO] [path_server] 노드 업데이트 : [1069] ➜ [1070]
[2026-08-11 17:24:49.748082] [INFO] [path_server] 새로운 경로 설정 : path[1069 ➜ 102] time[0s] dist[7.5m] list[6] : 1069-1070-1071-1072-1073-102
[2026-08-11 17:24:50.446819] [INFO] [path_server] 노드 업데이트 : [1070] ➜ [1071]
[2026-08-11 17:24:50.526682] [INFO] [path_server] 새로운 경로 설정 : path[1070 ➜ 102] time[0s] dist[6m] list[5] : 1070-1071-1072-1073-102
[2026-08-11 17:24:51.185406] [INFO] [path_server] 노드 업데이트 : [1071] ➜ [1072]
[2026-08-11 17:24:51.245312] [INFO] [path_server] 새로운 경로 설정 : path[1071 ➜ 102] time[0s] dist[4.5m] list[4] : 1071-1072-1073-102
[2026-08-11 17:24:51.943903] [INFO] [path_server] 노드 업데이트 : [1072] ➜ [1073]
[2026-08-11 17:24:52.023779] [INFO] [path_server] 새로운 경로 설정 : path[1072 ➜ 102] time[0s] dist[3m] list[3] : 1072-1073-102
[2026-08-11 17:24:53.261714] [INFO] [path_server] 노드 업데이트 : [1073] ➜ [102]
[2026-08-11 17:24:53.341560] [INFO] [path_server] 새로운 경로 설정 : path[1073 ➜ 102] time[0s] dist[1.5m] list[2] : 1073-102
[2026-08-11 17:24:57.234044] [INFO] [path_server] 노드 업데이트 : [102] ➜ [-1]
[2026-08-11 17:25:01.067801] [INFO] [path_server] 노드 업데이트 : [102] ➜ [-1]
[2026-08-11 17:25:38.634970] [INFO] [path_server] 경로 삭제
[2026-08-11 17:25:38.654960] [INFO] [path_server] 경로 삭제
[2026-08-11 17:27:18.536165] [INFO] [path_server] 생성
[2026-08-11 17:27:18.536203] [INFO] [path_server] 경로 삭제
[2026-08-11 17:27:18.537850] [INFO] [path_server] 노드 초기화 성공 : 로봇 좌표[6.489m 18.997m 90.006°] 최단 거리 노드[102] 거리(0.011677m)
[2026-08-11 17:27:55.468455] [INFO] [path_server] 생성
[2026-08-11 17:27:55.468501] [INFO] [path_server] 경로 삭제
[2026-08-11 17:27:55.470498] [INFO] [path_server] 노드 초기화 성공 : 로봇 좌표[6.489m 18.997m 90.006°] 최단 거리 노드[102] 거리(0.011677m)
[2026-08-11 17:28:14.313499] [INFO] [path_server] 새로운 경로 설정 : path[102 ➜ 31] time[0s] dist[49.3m] list[34] : 102-1073-1074-1075-1076-1159-1158-1157-1160-1161-1162-1163-1164-1165-1166-1167-1168-41-1170-1171-1172-1173-1174-1175-1176-1177-1178-1081-1185-1186-1187-1188-1189-31
[2026-08-11 17:28:18.185799] [INFO] [path_server] 노드 업데이트 : [1073] ➜ [1074]
[2026-08-11 17:28:18.265669] [INFO] [path_server] 새로운 경로 설정 : path[1073 ➜ 31] time[0s] dist[47.8m] list[33] : 1073-1074-1075-1076-1159-1158-1157-1160-1161-1162-1163-1164-1165-1166-1167-1168-41-1170-1171-1172-1173-1174-1175-1176-1177-1178-1081-1185-1186-1187-1188-1189-31
[2026-08-11 17:28:21.758824] [INFO] [path_server] 노드 업데이트 : [1074] ➜ [1075]
[2026-08-11 17:28:21.838746] [INFO] [path_server] 새로운 경로 설정 : path[1074 ➜ 31] time[0s] dist[46.3m] list[32] : 1074-1075-1076-1159-1158-1157-1160-1161-1162-1163-1164-1165-1166-1167-1168-41-1170-1171-1172-1173-1174-1175-1176-1177-1178-1081-1185-1186-1187-1188-1189-31
[2026-08-11 17:28:22.896521] [INFO] [path_server] 노드 업데이트 : [1075] ➜ [1076]
[2026-08-11 17:28:22.976500] [INFO] [path_server] 새로운 경로 설정 : path[1075 ➜ 31] time[0s] dist[44.8m] list[31] : 1075-1076-1159-1158-1157-1160-1161-1162-1163-1164-1165-1166-1167-1168-41-1170-1171-1172-1173-1174-1175-1176-1177-1178-1081-1185-1186-1187-1188-1189-31
[2026-08-11 17:28:24.313990] [INFO] [path_server] 노드 업데이트 : [1076] ➜ [1159]
[2026-08-11 17:28:24.373885] [INFO] [path_server] 새로운 경로 설정 : path[1076 ➜ 31] time[0s] dist[43.3m] list[30] : 1076-1159-1158-1157-1160-1161-1162-1163-1164-1165-1166-1167-1168-41-1170-1171-1172-1173-1174-1175-1176-1177-1178-1081-1185-1186-1187-1188-1189-31
[2026-08-11 17:28:27.747196] [INFO] [path_server] 노드 업데이트 : [1159] ➜ [1158]
[2026-08-11 17:28:27.827158] [INFO] [path_server] 새로운 경로 설정 : path[1159 ➜ 31] time[0s] dist[41.8m] list[29] : 1159-1158-1157-1160-1161-1162-1163-1164-1165-1166-1167-1168-41-1170-1171-1172-1173-1174-1175-1176-1177-1178-1081-1185-1186-1187-1188-1189-31
[2026-08-11 17:28:28.864943] [INFO] [path_server] 노드 업데이트 : [1158] ➜ [1157]
[2026-08-11 17:28:28.944841] [INFO] [path_server] 새로운 경로 설정 : path[1158 ➜ 31] time[0s] dist[40.3m] list[28] : 1158-1157-1160-1161-1162-1163-1164-1165-1166-1167-1168-41-1170-1171-1172-1173-1174-1175-1176-1177-1178-1081-1185-1186-1187-1188-1189-31
[2026-08-11 17:28:30.262145] [INFO] [path_server] 노드 업데이트 : [1157] ➜ [1160]
[2026-08-11 17:28:30.342041] [INFO] [path_server] 새로운 경로 설정 : path[1157 ➜ 31] time[0s] dist[38.8m] list[27] : 1157-1160-1161-1162-1163-1164-1165-1166-1167-1168-41-1170-1171-1172-1173-1174-1175-1176-1177-1178-1081-1185-1186-1187-1188-1189-31
[2026-08-11 17:28:33.715382] [INFO] [path_server] 노드 업데이트 : [1160] ➜ [1161]
[2026-08-11 17:28:33.795344] [INFO] [path_server] 새로운 경로 설정 : path[1160 ➜ 31] time[0s] dist[37.3m] list[26] : 1160-1161-1162-1163-1164-1165-1166-1167-1168-41-1170-1171-1172-1173-1174-1175-1176-1177-1178-1081-1185-1186-1187-1188-1189-31
[2026-08-11 17:28:34.813205] [INFO] [path_server] 노드 업데이트 : [1161] ➜ [1162]
[2026-08-11 17:28:34.893077] [INFO] [path_server] 새로운 경로 설정 : path[1161 ➜ 31] time[0s] dist[35.8m] list[25] : 1161-1162-1163-1164-1165-1166-1167-1168-41-1170-1171-1172-1173-1174-1175-1176-1177-1178-1081-1185-1186-1187-1188-1189-31
[2026-08-11 17:28:35.631489] [INFO] [path_server] 노드 업데이트 : [1162] ➜ [1163]
[2026-08-11 17:28:35.711426] [INFO] [path_server] 새로운 경로 설정 : path[1162 ➜ 31] time[0s] dist[34.3m] list[24] : 1162-1163-1164-1165-1166-1167-1168-41-1170-1171-1172-1173-1174-1175-1176-1177-1178-1081-1185-1186-1187-1188-1189-31
[2026-08-11 17:28:36.370082] [INFO] [path_server] 노드 업데이트 : [1163] ➜ [1164]
[2026-08-11 17:28:36.449960] [INFO] [path_server] 새로운 경로 설정 : path[1163 ➜ 31] time[0s] dist[32.8m] list[23] : 1163-1164-1165-1166-1167-1168-41-1170-1171-1172-1173-1174-1175-1176-1177-1178-1081-1185-1186-1187-1188-1189-31
[2026-08-11 17:28:37.128885] [INFO] [path_server] 노드 업데이트 : [1164] ➜ [1165]
[2026-08-11 17:28:37.208773] [INFO] [path_server] 새로운 경로 설정 : path[1164 ➜ 31] time[0s] dist[31.3m] list[22] : 1164-1165-1166-1167-1168-41-1170-1171-1172-1173-1174-1175-1176-1177-1178-1081-1185-1186-1187-1188-1189-31
[2026-08-11 17:28:37.887286] [INFO] [path_server] 노드 업데이트 : [1165] ➜ [1166]
[2026-08-11 17:28:37.947231] [INFO] [path_server] 새로운 경로 설정 : path[1165 ➜ 31] time[0s] dist[29.8m] list[21] : 1165-1166-1167-1168-41-1170-1171-1172-1173-1174-1175-1176-1177-1178-1081-1185-1186-1187-1188-1189-31
[2026-08-11 17:28:38.625726] [INFO] [path_server] 노드 업데이트 : [1166] ➜ [1167]
[2026-08-11 17:28:38.705704] [INFO] [path_server] 새로운 경로 설정 : path[1166 ➜ 31] time[0s] dist[28.3m] list[20] : 1166-1167-1168-41-1170-1171-1172-1173-1174-1175-1176-1177-1178-1081-1185-1186-1187-1188-1189-31
[2026-08-11 17:28:39.384365] [INFO] [path_server] 노드 업데이트 : [1167] ➜ [1168]
[2026-08-11 17:28:39.444302] [INFO] [path_server] 새로운 경로 설정 : path[1167 ➜ 31] time[0s] dist[26.8m] list[19] : 1167-1168-41-1170-1171-1172-1173-1174-1175-1176-1177-1178-1081-1185-1186-1187-1188-1189-31
[2026-08-11 17:28:40.123063] [INFO] [path_server] 노드 업데이트 : [1168] ➜ [41]
[2026-08-11 17:28:40.203027] [INFO] [path_server] 새로운 경로 설정 : path[1168 ➜ 31] time[0s] dist[25.3m] list[18] : 1168-41-1170-1171-1172-1173-1174-1175-1176-1177-1178-1081-1185-1186-1187-1188-1189-31
[2026-08-11 17:28:40.881787] [INFO] [path_server] 노드 업데이트 : [41] ➜ [1170]
[2026-08-11 17:28:40.961657] [INFO] [path_server] 새로운 경로 설정 : path[41 ➜ 31] time[0s] dist[23.8m] list[17] : 41-1170-1171-1172-1173-1174-1175-1176-1177-1178-1081-1185-1186-1187-1188-1189-31
[2026-08-11 17:28:41.620373] [INFO] [path_server] 노드 업데이트 : [1170] ➜ [1171]
[2026-08-11 17:28:41.700256] [INFO] [path_server] 새로운 경로 설정 : path[1170 ➜ 31] time[0s] dist[22.3m] list[16] : 1170-1171-1172-1173-1174-1175-1176-1177-1178-1081-1185-1186-1187-1188-1189-31
[2026-08-11 17:28:42.378818] [INFO] [path_server] 노드 업데이트 : [1171] ➜ [1172]
[2026-08-11 17:28:42.458787] [INFO] [path_server] 새로운 경로 설정 : path[1171 ➜ 31] time[0s] dist[20.8m] list[15] : 1171-1172-1173-1174-1175-1176-1177-1178-1081-1185-1186-1187-1188-1189-31
[2026-08-11 17:28:43.137365] [INFO] [path_server] 노드 업데이트 : [1172] ➜ [1173]
[2026-08-11 17:28:43.197330] [INFO] [path_server] 새로운 경로 설정 : path[1172 ➜ 31] time[0s] dist[19.3m] list[14] : 1172-1173-1174-1175-1176-1177-1178-1081-1185-1186-1187-1188-1189-31
[2026-08-11 17:28:43.875833] [INFO] [path_server] 노드 업데이트 : [1173] ➜ [1174]
[2026-08-11 17:28:43.955718] [INFO] [path_server] 새로운 경로 설정 : path[1173 ➜ 31] time[0s] dist[17.8m] list[13] : 1173-1174-1175-1176-1177-1178-1081-1185-1186-1187-1188-1189-31
[2026-08-11 17:28:44.634462] [INFO] [path_server] 노드 업데이트 : [1174] ➜ [1175]
[2026-08-11 17:28:44.694376] [INFO] [path_server] 새로운 경로 설정 : path[1174 ➜ 31] time[0s] dist[16.3m] list[12] : 1174-1175-1176-1177-1178-1081-1185-1186-1187-1188-1189-31
[2026-08-11 17:28:45.373004] [INFO] [path_server] 노드 업데이트 : [1175] ➜ [1176]
[2026-08-11 17:28:45.452928] [INFO] [path_server] 새로운 경로 설정 : path[1175 ➜ 31] time[0s] dist[14.8m] list[11] : 1175-1176-1177-1178-1081-1185-1186-1187-1188-1189-31
[2026-08-11 17:28:46.131607] [INFO] [path_server] 노드 업데이트 : [1176] ➜ [1177]
[2026-08-11 17:28:46.191519] [INFO] [path_server] 새로운 경로 설정 : path[1176 ➜ 31] time[0s] dist[13.3m] list[10] : 1176-1177-1178-1081-1185-1186-1187-1188-1189-31
[2026-08-11 17:28:46.870053] [INFO] [path_server] 노드 업데이트 : [1177] ➜ [1178]
[2026-08-11 17:28:46.949998] [INFO] [path_server] 새로운 경로 설정 : path[1177 ➜ 31] time[0s] dist[11.8m] list[9] : 1177-1178-1081-1185-1186-1187-1188-1189-31
[2026-08-11 17:28:47.628738] [INFO] [path_server] 노드 업데이트 : [1178] ➜ [1081]
[2026-08-11 17:28:47.688637] [INFO] [path_server] 새로운 경로 설정 : path[1178 ➜ 31] time[0s] dist[10.3m] list[8] : 1178-1081-1185-1186-1187-1188-1189-31
[2026-08-11 17:28:48.387161] [INFO] [path_server] 노드 업데이트 : [1081] ➜ [1185]
[2026-08-11 17:28:48.467051] [INFO] [path_server] 새로운 경로 설정 : path[1081 ➜ 31] time[0s] dist[8.8m] list[7] : 1081-1185-1186-1187-1188-1189-31
[2026-08-11 17:28:49.784307] [INFO] [path_server] 노드 업데이트 : [1185] ➜ [1186]
[2026-08-11 17:28:49.844320] [INFO] [path_server] 새로운 경로 설정 : path[1185 ➜ 31] time[0s] dist[7.3m] list[6] : 1185-1186-1187-1188-1189-31
[2026-08-11 17:28:53.257428] [INFO] [path_server] 노드 업데이트 : [1186] ➜ [1187]
[2026-08-11 17:28:53.337347] [INFO] [path_server] 새로운 경로 설정 : path[1186 ➜ 31] time[0s] dist[5.8m] list[5] : 1186-1187-1188-1189-31
[2026-08-11 17:28:54.375363] [INFO] [path_server] 노드 업데이트 : [1187] ➜ [1188]
[2026-08-11 17:28:54.435260] [INFO] [path_server] 새로운 경로 설정 : path[1187 ➜ 31] time[0s] dist[4.3m] list[4] : 1187-1188-1189-31
[2026-08-11 17:28:55.193897] [INFO] [path_server] 노드 업데이트 : [1188] ➜ [1189]
[2026-08-11 17:28:55.273721] [INFO] [path_server] 새로운 경로 설정 : path[1188 ➜ 31] time[0s] dist[2.8m] list[3] : 1188-1189-31
[2026-08-11 17:28:56.431426] [INFO] [path_server] 노드 업데이트 : [1189] ➜ [31]
[2026-08-11 17:28:56.511331] [INFO] [path_server] 새로운 경로 설정 : path[1189 ➜ 31] time[0s] dist[1.3m] list[2] : 1189-31
[2026-08-11 17:29:00.024471] [INFO] [path_server] 노드 업데이트 : [31] ➜ [-1]
[2026-08-11 17:29:03.599695] [INFO] [path_server] 노드 업데이트 : [31] ➜ [-1]
[2026-08-11 17:29:05.775485] [INFO] [path_server] 새로운 경로 설정 : path[31 ➜ 35] time[0s] dist[42.3362m] list[15] : 31-1314-1315-1316-1317-1318-1319-1341-1342-1343-1344-1345-1346-1347-35
[2026-08-11 17:29:07.691820] [INFO] [path_server] 노드 업데이트 : [1314] ➜ [1315]
[2026-08-11 17:29:07.771694] [INFO] [path_server] 새로운 경로 설정 : path[1314 ➜ 35] time[0s] dist[41.1362m] list[14] : 1314-1315-1316-1317-1318-1319-1341-1342-1343-1344-1345-1346-1347-35
[2026-08-11 17:29:10.805746] [INFO] [path_server] 노드 업데이트 : [1315] ➜ [1316]
[2026-08-11 17:29:10.885622] [INFO] [path_server] 새로운 경로 설정 : path[1315 ➜ 35] time[0s] dist[38.9001m] list[13] : 1315-1316-1317-1318-1319-1341-1342-1343-1344-1345-1346-1347-35
[2026-08-11 17:29:17.293351] [INFO] [path_server] 노드 업데이트 : [1316] ➜ [1317]
[2026-08-11 17:29:17.353262] [INFO] [path_server] 새로운 경로 설정 : path[1316 ➜ 35] time[0s] dist[34.428m] list[12] : 1316-1317-1318-1319-1341-1342-1343-1344-1345-1346-1347-35
[2026-08-11 17:29:23.721247] [INFO] [path_server] 노드 업데이트 : [1317] ➜ [1318]
[2026-08-11 17:29:23.801119] [INFO] [path_server] 새로운 경로 설정 : path[1317 ➜ 35] time[0s] dist[29.9559m] list[11] : 1317-1318-1319-1341-1342-1343-1344-1345-1346-1347-35
[2026-08-11 17:29:30.149232] [INFO] [path_server] 노드 업데이트 : [1318] ➜ [1319]
[2026-08-11 17:29:30.229161] [INFO] [path_server] 새로운 경로 설정 : path[1318 ➜ 35] time[0s] dist[25.4792m] list[10] : 1318-1319-1341-1342-1343-1344-1345-1346-1347-35
[2026-08-11 17:29:34.999649] [INFO] [path_server] 노드 업데이트 : [1319] ➜ [1341]
[2026-08-11 17:29:35.079575] [INFO] [path_server] 새로운 경로 설정 : path[1319 ➜ 35] time[0s] dist[23.2476m] list[9] : 1319-1341-1342-1343-1344-1345-1346-1347-35
[2026-08-11 17:29:37.974006] [INFO] [path_server] 노드 업데이트 : [1341] ➜ [1342]
[2026-08-11 17:29:38.033911] [INFO] [path_server] 새로운 경로 설정 : path[1341 ➜ 35] time[0s] dist[21.7476m] list[8] : 1341-1342-1343-1344-1345-1346-1347-35
[2026-08-11 17:29:41.108308] [INFO] [path_server] 노드 업데이트 : [1342] ➜ [1343]
[2026-08-11 17:29:41.188144] [INFO] [path_server] 새로운 경로 설정 : path[1342 ➜ 35] time[0s] dist[19.6861m] list[7] : 1342-1343-1344-1345-1346-1347-35
[2026-08-11 17:29:49.292454] [INFO] [path_server] 노드 업데이트 : [1343] ➜ [1344]
[2026-08-11 17:29:49.372351] [INFO] [path_server] 새로운 경로 설정 : path[1343 ➜ 35] time[0s] dist[15.6549m] list[6] : 1343-1344-1345-1346-1347-35
[2026-08-11 17:30:08.176814] [INFO] [path_server] 노드 업데이트 : [1344] ➜ [1345]
[2026-08-11 17:30:08.257032] [INFO] [path_server] 새로운 경로 설정 : path[1344 ➜ 35] time[0s] dist[11.6238m] list[5] : 1344-1345-1346-1347-35
[2026-08-11 17:30:26.881112] [INFO] [path_server] 노드 업데이트 : [1345] ➜ [1346]
[2026-08-11 17:30:26.941046] [INFO] [path_server] 새로운 경로 설정 : path[1345 ➜ 35] time[0s] dist[7.59268m] list[4] : 1345-1346-1347-35
[2026-08-11 17:30:44.190015] [INFO] [path_server] 노드 업데이트 : [1346] ➜ [1347]
[2026-08-11 17:30:44.269942] [INFO] [path_server] 새로운 경로 설정 : path[1346 ➜ 35] time[0s] dist[3.56155m] list[3] : 1346-1347-35
[2026-08-11 17:30:49.360434] [INFO] [path_server] 노드 업데이트 : [1347] ➜ [35]
[2026-08-11 17:30:49.440264] [INFO] [path_server] 새로운 경로 설정 : path[1347 ➜ 35] time[0s] dist[1.5m] list[2] : 1347-35
[2026-08-11 17:30:53.133581] [INFO] [path_server] 노드 업데이트 : [35] ➜ [-1]
[2026-08-11 17:30:56.906450] [INFO] [path_server] 노드 업데이트 : [35] ➜ [-1]
[2026-08-11 17:30:59.062381] [INFO] [path_server] 경로 삭제
[2026-08-11 17:31:08.146149] [INFO] [path_server] 새로운 경로 설정 : path[35 ➜ 104] time[0s] dist[64.5m] list[44] : 35-1221-1218-1217-1216-1215-1214-1213-1212-1211-1210-1209-1208-1207-1206-1205-1204-1203-1202-1195-1196-1197-1198-1199-1053-1054-1055-1056-1057-1058-1059-1060-1061-1062-1063-1064-1065-40-1067-1068-1069-1070-1071-104
[2026-08-11 17:31:09.623511] [INFO] [path_server] 노드 업데이트 : [1221] ➜ [1218]
[2026-08-11 17:31:09.703438] [INFO] [path_server] 새로운 경로 설정 : path[1221 ➜ 104] time[0s] dist[63m] list[43] : 1221-1218-1217-1216-1215-1214-1213-1212-1211-1210-1209-1208-1207-1206-1205-1204-1203-1202-1195-1196-1197-1198-1199-1053-1054-1055-1056-1057-1058-1059-1060-1061-1062-1063-1064-1065-40-1067-1068-1069-1070-1071-104
[2026-08-11 17:31:13.296911] [INFO] [path_server] 노드 업데이트 : [1218] ➜ [1217]
[2026-08-11 17:31:13.356796] [INFO] [path_server] 새로운 경로 설정 : path[1218 ➜ 104] time[0s] dist[61.5m] list[42] : 1218-1217-1216-1215-1214-1213-1212-1211-1210-1209-1208-1207-1206-1205-1204-1203-1202-1195-1196-1197-1198-1199-1053-1054-1055-1056-1057-1058-1059-1060-1061-1062-1063-1064-1065-40-1067-1068-1069-1070-1071-104
[2026-08-11 17:31:14.654434] [INFO] [path_server] 노드 업데이트 : [1217] ➜ [1216]
[2026-08-11 17:31:14.734337] [INFO] [path_server] 새로운 경로 설정 : path[1217 ➜ 104] time[0s] dist[60m] list[41] : 1217-1216-1215-1214-1213-1212-1211-1210-1209-1208-1207-1206-1205-1204-1203-1202-1195-1196-1197-1198-1199-1053-1054-1055-1056-1057-1058-1059-1060-1061-1062-1063-1064-1065-40-1067-1068-1069-1070-1071-104
[2026-08-11 17:31:15.552770] [INFO] [path_server] 노드 업데이트 : [1216] ➜ [1215]
[2026-08-11 17:31:15.632680] [INFO] [path_server] 새로운 경로 설정 : path[1216 ➜ 104] time[0s] dist[58.5m] list[40] : 1216-1215-1214-1213-1212-1211-1210-1209-1208-1207-1206-1205-1204-1203-1202-1195-1196-1197-1198-1199-1053-1054-1055-1056-1057-1058-1059-1060-1061-1062-1063-1064-1065-40-1067-1068-1069-1070-1071-104
[2026-08-11 17:31:16.291337] [INFO] [path_server] 노드 업데이트 : [1215] ➜ [1214]
[2026-08-11 17:31:16.351285] [INFO] [path_server] 새로운 경로 설정 : path[1215 ➜ 104] time[0s] dist[57m] list[39] : 1215-1214-1213-1212-1211-1210-1209-1208-1207-1206-1205-1204-1203-1202-1195-1196-1197-1198-1199-1053-1054-1055-1056-1057-1058-1059-1060-1061-1062-1063-1064-1065-40-1067-1068-1069-1070-1071-104
[2026-08-11 17:31:17.049954] [INFO] [path_server] 노드 업데이트 : [1214] ➜ [1213]
[2026-08-11 17:31:17.129852] [INFO] [path_server] 새로운 경로 설정 : path[1214 ➜ 104] time[0s] dist[55.5m] list[38] : 1214-1213-1212-1211-1210-1209-1208-1207-1206-1205-1204-1203-1202-1195-1196-1197-1198-1199-1053-1054-1055-1056-1057-1058-1059-1060-1061-1062-1063-1064-1065-40-1067-1068-1069-1070-1071-104
[2026-08-11 17:31:17.888481] [INFO] [path_server] 노드 업데이트 : [1213] ➜ [1212]
[2026-08-11 17:31:17.968394] [INFO] [path_server] 새로운 경로 설정 : path[1213 ➜ 104] time[0s] dist[54m] list[37] : 1213-1212-1211-1210-1209-1208-1207-1206-1205-1204-1203-1202-1195-1196-1197-1198-1199-1053-1054-1055-1056-1057-1058-1059-1060-1061-1062-1063-1064-1065-40-1067-1068-1069-1070-1071-104
[2026-08-11 17:31:21.542388] [INFO] [path_server] 노드 업데이트 : [1212] ➜ [1211]
[2026-08-11 17:31:21.602348] [INFO] [path_server] 새로운 경로 설정 : path[1212 ➜ 104] time[0s] dist[52.5m] list[36] : 1212-1211-1210-1209-1208-1207-1206-1205-1204-1203-1202-1195-1196-1197-1198-1199-1053-1054-1055-1056-1057-1058-1059-1060-1061-1062-1063-1064-1065-40-1067-1068-1069-1070-1071-104
[2026-08-11 17:31:22.899840] [INFO] [path_server] 노드 업데이트 : [1211] ➜ [1210]
[2026-08-11 17:31:22.979656] [INFO] [path_server] 새로운 경로 설정 : path[1211 ➜ 104] time[0s] dist[51m] list[35] : 1211-1210-1209-1208-1207-1206-1205-1204-1203-1202-1195-1196-1197-1198-1199-1053-1054-1055-1056-1057-1058-1059-1060-1061-1062-1063-1064-1065-40-1067-1068-1069-1070-1071-104
[2026-08-11 17:31:23.798107] [INFO] [path_server] 노드 업데이트 : [1210] ➜ [1209]
[2026-08-11 17:31:23.878018] [INFO] [path_server] 새로운 경로 설정 : path[1210 ➜ 104] time[0s] dist[49.5m] list[34] : 1210-1209-1208-1207-1206-1205-1204-1203-1202-1195-1196-1197-1198-1199-1053-1054-1055-1056-1057-1058-1059-1060-1061-1062-1063-1064-1065-40-1067-1068-1069-1070-1071-104
[2026-08-11 17:31:24.556683] [INFO] [path_server] 노드 업데이트 : [1209] ➜ [1208]
[2026-08-11 17:31:24.636666] [INFO] [path_server] 새로운 경로 설정 : path[1209 ➜ 104] time[0s] dist[48m] list[33] : 1209-1208-1207-1206-1205-1204-1203-1202-1195-1196-1197-1198-1199-1053-1054-1055-1056-1057-1058-1059-1060-1061-1062-1063-1064-1065-40-1067-1068-1069-1070-1071-104
[2026-08-11 17:31:25.295483] [INFO] [path_server] 노드 업데이트 : [1208] ➜ [1207]
[2026-08-11 17:31:25.375327] [INFO] [path_server] 새로운 경로 설정 : path[1208 ➜ 104] time[0s] dist[46.5m] list[32] : 1208-1207-1206-1205-1204-1203-1202-1195-1196-1197-1198-1199-1053-1054-1055-1056-1057-1058-1059-1060-1061-1062-1063-1064-1065-40-1067-1068-1069-1070-1071-104
[2026-08-11 17:31:26.054034] [INFO] [path_server] 노드 업데이트 : [1207] ➜ [1206]
[2026-08-11 17:31:26.133953] [INFO] [path_server] 새로운 경로 설정 : path[1207 ➜ 104] time[0s] dist[45m] list[31] : 1207-1206-1205-1204-1203-1202-1195-1196-1197-1198-1199-1053-1054-1055-1056-1057-1058-1059-1060-1061-1062-1063-1064-1065-40-1067-1068-1069-1070-1071-104
[2026-08-11 17:31:26.792809] [INFO] [path_server] 노드 업데이트 : [1206] ➜ [1205]
[2026-08-11 17:31:26.872670] [INFO] [path_server] 새로운 경로 설정 : path[1206 ➜ 104] time[0s] dist[43.5m] list[30] : 1206-1205-1204-1203-1202-1195-1196-1197-1198-1199-1053-1054-1055-1056-1057-1058-1059-1060-1061-1062-1063-1064-1065-40-1067-1068-1069-1070-1071-104
[2026-08-11 17:31:27.551332] [INFO] [path_server] 노드 업데이트 : [1205] ➜ [1204]
[2026-08-11 17:31:27.631316] [INFO] [path_server] 새로운 경로 설정 : path[1205 ➜ 104] time[0s] dist[42m] list[29] : 1205-1204-1203-1202-1195-1196-1197-1198-1199-1053-1054-1055-1056-1057-1058-1059-1060-1061-1062-1063-1064-1065-40-1067-1068-1069-1070-1071-104
[2026-08-11 17:31:28.289983] [INFO] [path_server] 노드 업데이트 : [1204] ➜ [1203]
[2026-08-11 17:31:28.369836] [INFO] [path_server] 새로운 경로 설정 : path[1204 ➜ 104] time[0s] dist[40.5m] list[28] : 1204-1203-1202-1195-1196-1197-1198-1199-1053-1054-1055-1056-1057-1058-1059-1060-1061-1062-1063-1064-1065-40-1067-1068-1069-1070-1071-104
[2026-08-11 17:31:29.048431] [INFO] [path_server] 노드 업데이트 : [1203] ➜ [1202]
[2026-08-11 17:31:29.128391] [INFO] [path_server] 새로운 경로 설정 : path[1203 ➜ 104] time[0s] dist[39m] list[27] : 1203-1202-1195-1196-1197-1198-1199-1053-1054-1055-1056-1057-1058-1059-1060-1061-1062-1063-1064-1065-40-1067-1068-1069-1070-1071-104
[2026-08-11 17:31:29.807119] [INFO] [path_server] 노드 업데이트 : [1202] ➜ [1195]
[2026-08-11 17:31:29.867034] [INFO] [path_server] 새로운 경로 설정 : path[1202 ➜ 104] time[0s] dist[37.5m] list[26] : 1202-1195-1196-1197-1198-1199-1053-1054-1055-1056-1057-1058-1059-1060-1061-1062-1063-1064-1065-40-1067-1068-1069-1070-1071-104
[2026-08-11 17:31:30.545672] [INFO] [path_server] 노드 업데이트 : [1195] ➜ [1196]
[2026-08-11 17:31:30.625622] [INFO] [path_server] 새로운 경로 설정 : path[1195 ➜ 104] time[0s] dist[36m] list[25] : 1195-1196-1197-1198-1199-1053-1054-1055-1056-1057-1058-1059-1060-1061-1062-1063-1064-1065-40-1067-1068-1069-1070-1071-104
[2026-08-11 17:31:31.783446] [INFO] [path_server] 노드 업데이트 : [1196] ➜ [1197]
[2026-08-11 17:31:31.843368] [INFO] [path_server] 새로운 경로 설정 : path[1196 ➜ 104] time[0s] dist[34.5m] list[24] : 1196-1197-1198-1199-1053-1054-1055-1056-1057-1058-1059-1060-1061-1062-1063-1064-1065-40-1067-1068-1069-1070-1071-104
[2026-08-11 17:31:35.076880] [INFO] [path_server] 노드 업데이트 : [1197] ➜ [1198]
[2026-08-11 17:31:35.156793] [INFO] [path_server] 새로운 경로 설정 : path[1197 ➜ 104] time[0s] dist[33m] list[23] : 1197-1198-1199-1053-1054-1055-1056-1057-1058-1059-1060-1061-1062-1063-1064-1065-40-1067-1068-1069-1070-1071-104
[2026-08-11 17:31:36.234622] [INFO] [path_server] 노드 업데이트 : [1198] ➜ [1199]
[2026-08-11 17:31:36.314540] [INFO] [path_server] 새로운 경로 설정 : path[1198 ➜ 104] time[0s] dist[31.5m] list[22] : 1198-1199-1053-1054-1055-1056-1057-1058-1059-1060-1061-1062-1063-1064-1065-40-1067-1068-1069-1070-1071-104
[2026-08-11 17:31:37.073089] [INFO] [path_server] 노드 업데이트 : [1199] ➜ [1053]
[2026-08-11 17:31:37.152974] [INFO] [path_server] 새로운 경로 설정 : path[1199 ➜ 104] time[0s] dist[30m] list[21] : 1199-1053-1054-1055-1056-1057-1058-1059-1060-1061-1062-1063-1064-1065-40-1067-1068-1069-1070-1071-104
[2026-08-11 17:31:37.831451] [INFO] [path_server] 노드 업데이트 : [1053] ➜ [1054]
[2026-08-11 17:31:37.911405] [INFO] [path_server] 새로운 경로 설정 : path[1053 ➜ 104] time[0s] dist[28.5m] list[20] : 1053-1054-1055-1056-1057-1058-1059-1060-1061-1062-1063-1064-1065-40-1067-1068-1069-1070-1071-104
[2026-08-11 17:31:38.569949] [INFO] [path_server] 노드 업데이트 : [1054] ➜ [1055]
[2026-08-11 17:31:38.649818] [INFO] [path_server] 새로운 경로 설정 : path[1054 ➜ 104] time[0s] dist[27m] list[19] : 1054-1055-1056-1057-1058-1059-1060-1061-1062-1063-1064-1065-40-1067-1068-1069-1070-1071-104
[2026-08-11 17:31:39.328279] [INFO] [path_server] 노드 업데이트 : [1055] ➜ [1056]
[2026-08-11 17:31:39.408225] [INFO] [path_server] 새로운 경로 설정 : path[1055 ➜ 104] time[0s] dist[25.5m] list[18] : 1055-1056-1057-1058-1059-1060-1061-1062-1063-1064-1065-40-1067-1068-1069-1070-1071-104
[2026-08-11 17:31:40.546010] [INFO] [path_server] 노드 업데이트 : [1056] ➜ [1057]
[2026-08-11 17:31:40.625840] [INFO] [path_server] 새로운 경로 설정 : path[1056 ➜ 104] time[0s] dist[24m] list[17] : 1056-1057-1058-1059-1060-1061-1062-1063-1064-1065-40-1067-1068-1069-1070-1071-104
[2026-08-11 17:31:43.839165] [INFO] [path_server] 노드 업데이트 : [1057] ➜ [1058]
[2026-08-11 17:31:43.919202] [INFO] [path_server] 새로운 경로 설정 : path[1057 ➜ 104] time[0s] dist[22.5m] list[16] : 1057-1058-1059-1060-1061-1062-1063-1064-1065-40-1067-1068-1069-1070-1071-104
[2026-08-11 17:31:44.997045] [INFO] [path_server] 노드 업데이트 : [1058] ➜ [1059]
[2026-08-11 17:31:45.056946] [INFO] [path_server] 새로운 경로 설정 : path[1058 ➜ 104] time[0s] dist[21m] list[15] : 1058-1059-1060-1061-1062-1063-1064-1065-40-1067-1068-1069-1070-1071-104
[2026-08-11 17:31:45.835320] [INFO] [path_server] 노드 업데이트 : [1059] ➜ [1060]
[2026-08-11 17:31:45.915265] [INFO] [path_server] 새로운 경로 설정 : path[1059 ➜ 104] time[0s] dist[19.5m] list[14] : 1059-1060-1061-1062-1063-1064-1065-40-1067-1068-1069-1070-1071-104
[2026-08-11 17:31:46.594052] [INFO] [path_server] 노드 업데이트 : [1060] ➜ [1061]
[2026-08-11 17:31:46.653966] [INFO] [path_server] 새로운 경로 설정 : path[1060 ➜ 104] time[0s] dist[18m] list[13] : 1060-1061-1062-1063-1064-1065-40-1067-1068-1069-1070-1071-104
[2026-08-11 17:31:47.334330] [INFO] [path_server] 노드 업데이트 : [1061] ➜ [1062]
[2026-08-11 17:31:47.414269] [INFO] [path_server] 새로운 경로 설정 : path[1061 ➜ 104] time[0s] dist[16.5m] list[12] : 1061-1062-1063-1064-1065-40-1067-1068-1069-1070-1071-104
[2026-08-11 17:31:48.093044] [INFO] [path_server] 노드 업데이트 : [1062] ➜ [1063]
[2026-08-11 17:31:48.152975] [INFO] [path_server] 새로운 경로 설정 : path[1062 ➜ 104] time[0s] dist[15m] list[11] : 1062-1063-1064-1065-40-1067-1068-1069-1070-1071-104
[2026-08-11 17:31:48.831998] [INFO] [path_server] 노드 업데이트 : [1063] ➜ [1064]
[2026-08-11 17:31:48.911910] [INFO] [path_server] 새로운 경로 설정 : path[1063 ➜ 104] time[0s] dist[13.5m] list[10] : 1063-1064-1065-40-1067-1068-1069-1070-1071-104
[2026-08-11 17:31:49.590519] [INFO] [path_server] 노드 업데이트 : [1064] ➜ [1065]
[2026-08-11 17:31:49.650408] [INFO] [path_server] 새로운 경로 설정 : path[1064 ➜ 104] time[0s] dist[12m] list[9] : 1064-1065-40-1067-1068-1069-1070-1071-104
[2026-08-11 17:31:50.329047] [INFO] [path_server] 노드 업데이트 : [1065] ➜ [40]
[2026-08-11 17:31:50.408965] [INFO] [path_server] 새로운 경로 설정 : path[1065 ➜ 104] time[0s] dist[10.5m] list[8] : 1065-40-1067-1068-1069-1070-1071-104
[2026-08-11 17:31:51.087579] [INFO] [path_server] 노드 업데이트 : [40] ➜ [1067]
[2026-08-11 17:31:51.147491] [INFO] [path_server] 새로운 경로 설정 : path[40 ➜ 104] time[0s] dist[9m] list[7] : 40-1067-1068-1069-1070-1071-104
[2026-08-11 17:31:51.846111] [INFO] [path_server] 노드 업데이트 : [1067] ➜ [1068]
[2026-08-11 17:31:51.925968] [INFO] [path_server] 새로운 경로 설정 : path[1067 ➜ 104] time[0s] dist[7.5m] list[6] : 1067-1068-1069-1070-1071-104
[2026-08-11 17:31:52.584695] [INFO] [path_server] 노드 업데이트 : [1068] ➜ [1069]
[2026-08-11 17:31:52.644568] [INFO] [path_server] 새로운 경로 설정 : path[1068 ➜ 104] time[0s] dist[6m] list[5] : 1068-1069-1070-1071-104
[2026-08-11 17:31:53.343156] [INFO] [path_server] 노드 업데이트 : [1069] ➜ [1070]
[2026-08-11 17:31:53.423010] [INFO] [path_server] 새로운 경로 설정 : path[1069 ➜ 104] time[0s] dist[4.5m] list[4] : 1069-1070-1071-104
[2026-08-11 17:31:54.081880] [INFO] [path_server] 노드 업데이트 : [1070] ➜ [1071]
[2026-08-11 17:31:54.141783] [INFO] [path_server] 새로운 경로 설정 : path[1070 ➜ 104] time[0s] dist[3m] list[3] : 1070-1071-104
[2026-08-11 17:31:55.419162] [INFO] [path_server] 노드 업데이트 : [1071] ➜ [104]
[2026-08-11 17:31:55.499081] [INFO] [path_server] 새로운 경로 설정 : path[1071 ➜ 104] time[0s] dist[1.5m] list[2] : 1071-104
[2026-08-11 17:31:59.391182] [INFO] [path_server] 노드 업데이트 : [104] ➜ [-1]
[2026-08-11 17:32:03.243335] [INFO] [path_server] 노드 업데이트 : [104] ➜ [-1]
[2026-08-11 17:32:49.034446] [INFO] [path_server] 경로 삭제
[2026-08-11 17:32:49.074371] [INFO] [path_server] 경로 삭제
[2026-08-11 17:32:49.633325] [INFO] [path_server] 새로운 경로 설정 : path[104 ➜ 201] time[0s] dist[18m] list[13] : 104-1071-1072-1073-1074-1075-1076-1159-1158-1157-1160-1161-201
[2026-08-11 17:32:53.485959] [INFO] [path_server] 노드 업데이트 : [1071] ➜ [1072]
[2026-08-11 17:32:53.565787] [INFO] [path_server] 새로운 경로 설정 : path[1071 ➜ 201] time[0s] dist[16.5m] list[12] : 1071-1072-1073-1074-1075-1076-1159-1158-1157-1160-1161-201
[2026-08-11 17:32:57.078662] [INFO] [path_server] 노드 업데이트 : [1072] ➜ [1073]
[2026-08-11 17:32:57.158544] [INFO] [path_server] 새로운 경로 설정 : path[1072 ➜ 201] time[0s] dist[15m] list[11] : 1072-1073-1074-1075-1076-1159-1158-1157-1160-1161-201
[2026-08-11 17:32:58.196516] [INFO] [path_server] 노드 업데이트 : [1073] ➜ [1074]
[2026-08-11 17:32:58.276437] [INFO] [path_server] 새로운 경로 설정 : path[1073 ➜ 201] time[0s] dist[13.5m] list[10] : 1073-1074-1075-1076-1159-1158-1157-1160-1161-201
[2026-08-11 17:32:59.014936] [INFO] [path_server] 노드 업데이트 : [1074] ➜ [1075]
[2026-08-11 17:32:59.074814] [INFO] [path_server] 새로운 경로 설정 : path[1074 ➜ 201] time[0s] dist[12m] list[9] : 1074-1075-1076-1159-1158-1157-1160-1161-201
[2026-08-11 17:32:59.773365] [INFO] [path_server] 노드 업데이트 : [1075] ➜ [1076]
[2026-08-11 17:32:59.853264] [INFO] [path_server] 새로운 경로 설정 : path[1075 ➜ 201] time[0s] dist[10.5m] list[8] : 1075-1076-1159-1158-1157-1160-1161-201
[2026-08-11 17:33:01.170617] [INFO] [path_server] 노드 업데이트 : [1076] ➜ [1159]
[2026-08-11 17:33:01.250504] [INFO] [path_server] 새로운 경로 설정 : path[1076 ➜ 201] time[0s] dist[9m] list[7] : 1076-1159-1158-1157-1160-1161-201
[2026-08-11 17:33:04.644600] [INFO] [path_server] 노드 업데이트 : [1159] ➜ [1158]
[2026-08-11 17:33:04.724514] [INFO] [path_server] 새로운 경로 설정 : path[1159 ➜ 201] time[0s] dist[7.5m] list[6] : 1159-1158-1157-1160-1161-201
[2026-08-11 17:33:05.742475] [INFO] [path_server] 노드 업데이트 : [1158] ➜ [1157]
[2026-08-11 17:33:05.822366] [INFO] [path_server] 새로운 경로 설정 : path[1158 ➜ 201] time[0s] dist[6m] list[5] : 1158-1157-1160-1161-201
[2026-08-11 17:33:07.159499] [INFO] [path_server] 노드 업데이트 : [1157] ➜ [1160]
[2026-08-11 17:33:07.239399] [INFO] [path_server] 새로운 경로 설정 : path[1157 ➜ 201] time[0s] dist[4.5m] list[4] : 1157-1160-1161-201
[2026-08-11 17:33:10.612599] [INFO] [path_server] 노드 업데이트 : [1160] ➜ [1161]
[2026-08-11 17:33:10.672497] [INFO] [path_server] 새로운 경로 설정 : path[1160 ➜ 201] time[0s] dist[3m] list[3] : 1160-1161-201
[2026-08-11 17:33:13.367012] [INFO] [path_server] 노드 업데이트 : [1161] ➜ [201]
[2026-08-11 17:33:13.426899] [INFO] [path_server] 새로운 경로 설정 : path[1161 ➜ 201] time[0s] dist[1.5m] list[2] : 1161-201
[2026-08-11 17:33:17.538581] [INFO] [path_server] 노드 업데이트 : [201] ➜ [-1]
[2026-08-11 17:33:21.470536] [INFO] [path_server] 노드 업데이트 : [201] ➜ [-1]
[2026-08-11 17:33:21.550390] [INFO] [path_server] 경로 삭제
[2026-08-11 17:34:11.056327] [INFO] [path_server] 새로운 경로 설정 : path[201 ➜ 107] time[0s] dist[24m] list[17] : 201-1161-1162-1163-1164-1165-1166-1167-1168-41-1170-1171-1172-1173-1174-1175-107
[2026-08-11 17:34:13.211858] [INFO] [path_server] 노드 업데이트 : [1161] ➜ [1162]
[2026-08-11 17:34:13.271788] [INFO] [path_server] 새로운 경로 설정 : path[1161 ➜ 107] time[0s] dist[22.5m] list[16] : 1161-1162-1163-1164-1165-1166-1167-1168-41-1170-1171-1172-1173-1174-1175-107
[2026-08-11 17:34:16.565017] [INFO] [path_server] 노드 업데이트 : [1162] ➜ [1163]
[2026-08-11 17:34:16.624925] [INFO] [path_server] 새로운 경로 설정 : path[1162 ➜ 107] time[0s] dist[21m] list[15] : 1162-1163-1164-1165-1166-1167-1168-41-1170-1171-1172-1173-1174-1175-107
[2026-08-11 17:34:17.682751] [INFO] [path_server] 노드 업데이트 : [1163] ➜ [1164]
[2026-08-11 17:34:17.762582] [INFO] [path_server] 새로운 경로 설정 : path[1163 ➜ 107] time[0s] dist[19.5m] list[14] : 1163-1164-1165-1166-1167-1168-41-1170-1171-1172-1173-1174-1175-107
[2026-08-11 17:34:18.521195] [INFO] [path_server] 노드 업데이트 : [1164] ➜ [1165]
[2026-08-11 17:34:18.621060] [INFO] [path_server] 새로운 경로 설정 : path[1164 ➜ 107] time[0s] dist[18m] list[13] : 1164-1165-1166-1167-1168-41-1170-1171-1172-1173-1174-1175-107
[2026-08-11 17:34:19.259771] [INFO] [path_server] 노드 업데이트 : [1165] ➜ [1166]
[2026-08-11 17:34:19.339678] [INFO] [path_server] 새로운 경로 설정 : path[1165 ➜ 107] time[0s] dist[16.5m] list[12] : 1165-1166-1167-1168-41-1170-1171-1172-1173-1174-1175-107
[2026-08-11 17:34:20.018311] [INFO] [path_server] 노드 업데이트 : [1166] ➜ [1167]
[2026-08-11 17:34:20.078225] [INFO] [path_server] 새로운 경로 설정 : path[1166 ➜ 107] time[0s] dist[15m] list[11] : 1166-1167-1168-41-1170-1171-1172-1173-1174-1175-107
[2026-08-11 17:34:20.756784] [INFO] [path_server] 노드 업데이트 : [1167] ➜ [1168]
[2026-08-11 17:34:20.836691] [INFO] [path_server] 새로운 경로 설정 : path[1167 ➜ 107] time[0s] dist[13.5m] list[10] : 1167-1168-41-1170-1171-1172-1173-1174-1175-107
[2026-08-11 17:34:21.515326] [INFO] [path_server] 노드 업데이트 : [1168] ➜ [41]
[2026-08-11 17:34:21.575229] [INFO] [path_server] 새로운 경로 설정 : path[1168 ➜ 107] time[0s] dist[12m] list[9] : 1168-41-1170-1171-1172-1173-1174-1175-107
[2026-08-11 17:34:22.253721] [INFO] [path_server] 노드 업데이트 : [41] ➜ [1170]
[2026-08-11 17:34:22.333667] [INFO] [path_server] 새로운 경로 설정 : path[41 ➜ 107] time[0s] dist[10.5m] list[8] : 41-1170-1171-1172-1173-1174-1175-107
[2026-08-11 17:34:23.012288] [INFO] [path_server] 노드 업데이트 : [1170] ➜ [1171]
[2026-08-11 17:34:23.072194] [INFO] [path_server] 새로운 경로 설정 : path[1170 ➜ 107] time[0s] dist[9m] list[7] : 1170-1171-1172-1173-1174-1175-107
[2026-08-11 17:34:23.770802] [INFO] [path_server] 노드 업데이트 : [1171] ➜ [1172]
[2026-08-11 17:34:23.850634] [INFO] [path_server] 새로운 경로 설정 : path[1171 ➜ 107] time[0s] dist[7.5m] list[6] : 1171-1172-1173-1174-1175-107
[2026-08-11 17:34:24.509321] [INFO] [path_server] 노드 업데이트 : [1172] ➜ [1173]
[2026-08-11 17:34:24.569202] [INFO] [path_server] 새로운 경로 설정 : path[1172 ➜ 107] time[0s] dist[6m] list[5] : 1172-1173-1174-1175-107
[2026-08-11 17:34:25.267764] [INFO] [path_server] 노드 업데이트 : [1173] ➜ [1174]
[2026-08-11 17:34:25.347597] [INFO] [path_server] 새로운 경로 설정 : path[1173 ➜ 107] time[0s] dist[4.5m] list[4] : 1173-1174-1175-107
[2026-08-11 17:40:32.827107] [INFO] [path_server] 생성
[2026-08-11 17:40:32.827418] [INFO] [path_server] 경로 삭제
[2026-08-11 17:40:32.830814] [INFO] [path_server] 노드 초기화 성공 : 로봇 좌표[26.032m 11.827m -91.385°] 최단 거리 노드[107] 거리(0.328638m)
[2026-08-11 17:40:42.012738] [INFO] [path_server] 새로운 경로 설정 : path[107 ➜ 206] time[0s] dist[22.5m] list[16] : 107-1175-1176-1177-1178-1081-1185-1186-1187-1188-1056-1057-1058-1059-1060-206
[2026-08-11 17:40:45.625312] [INFO] [path_server] 노드 업데이트 : [1175] ➜ [1176]
[2026-08-11 17:40:45.705212] [INFO] [path_server] 새로운 경로 설정 : path[1175 ➜ 206] time[0s] dist[21m] list[15] : 1175-1176-1177-1178-1081-1185-1186-1187-1188-1056-1057-1058-1059-1060-206
[2026-08-11 17:40:49.178353] [INFO] [path_server] 노드 업데이트 : [1176] ➜ [1177]
[2026-08-11 17:40:49.258215] [INFO] [path_server] 새로운 경로 설정 : path[1176 ➜ 206] time[0s] dist[19.5m] list[14] : 1176-1177-1178-1081-1185-1186-1187-1188-1056-1057-1058-1059-1060-206
[2026-08-11 17:40:50.316049] [INFO] [path_server] 노드 업데이트 : [1177] ➜ [1178]
[2026-08-11 17:40:50.395888] [INFO] [path_server] 새로운 경로 설정 : path[1177 ➜ 206] time[0s] dist[18m] list[13] : 1177-1178-1081-1185-1186-1187-1188-1056-1057-1058-1059-1060-206
[2026-08-11 17:40:51.134249] [INFO] [path_server] 노드 업데이트 : [1178] ➜ [1081]
[2026-08-11 17:40:51.214174] [INFO] [path_server] 새로운 경로 설정 : path[1178 ➜ 206] time[0s] dist[16.5m] list[12] : 1178-1081-1185-1186-1187-1188-1056-1057-1058-1059-1060-206
[2026-08-11 17:40:51.892921] [INFO] [path_server] 노드 업데이트 : [1081] ➜ [1185]
[2026-08-11 17:40:51.952853] [INFO] [path_server] 새로운 경로 설정 : path[1081 ➜ 206] time[0s] dist[15m] list[11] : 1081-1185-1186-1187-1188-1056-1057-1058-1059-1060-206
[2026-08-11 17:40:53.290009] [INFO] [path_server] 노드 업데이트 : [1185] ➜ [1186]
[2026-08-11 17:40:53.370046] [INFO] [path_server] 새로운 경로 설정 : path[1185 ➜ 206] time[0s] dist[13.5m] list[10] : 1185-1186-1187-1188-1056-1057-1058-1059-1060-206
[2026-08-11 17:40:56.763291] [INFO] [path_server] 노드 업데이트 : [1186] ➜ [1187]
[2026-08-11 17:40:56.843209] [INFO] [path_server] 새로운 경로 설정 : path[1186 ➜ 206] time[0s] dist[12m] list[9] : 1186-1187-1188-1056-1057-1058-1059-1060-206
[2026-08-11 17:40:57.861233] [INFO] [path_server] 노드 업데이트 : [1187] ➜ [1188]
[2026-08-11 17:40:57.921120] [INFO] [path_server] 새로운 경로 설정 : path[1187 ➜ 206] time[0s] dist[10.5m] list[8] : 1187-1188-1056-1057-1058-1059-1060-206
[2026-08-11 17:40:59.118629] [INFO] [path_server] 노드 업데이트 : [1188] ➜ [1056]
[2026-08-11 17:40:59.178593] [INFO] [path_server] 새로운 경로 설정 : path[1188 ➜ 206] time[0s] dist[9m] list[7] : 1188-1056-1057-1058-1059-1060-206
[2026-08-11 17:41:02.392072] [INFO] [path_server] 노드 업데이트 : [1056] ➜ [1057]
[2026-08-11 17:41:02.471925] [INFO] [path_server] 새로운 경로 설정 : path[1056 ➜ 206] time[0s] dist[7.5m] list[6] : 1056-1057-1058-1059-1060-206
[2026-08-11 17:41:03.549687] [INFO] [path_server] 노드 업데이트 : [1057] ➜ [1058]
[2026-08-11 17:41:03.609601] [INFO] [path_server] 새로운 경로 설정 : path[1057 ➜ 206] time[0s] dist[6m] list[5] : 1057-1058-1059-1060-206
[2026-08-11 17:41:04.387970] [INFO] [path_server] 노드 업데이트 : [1058] ➜ [1059]
[2026-08-11 17:41:04.447844] [INFO] [path_server] 새로운 경로 설정 : path[1058 ➜ 206] time[0s] dist[4.5m] list[4] : 1058-1059-1060-206
[2026-08-11 17:41:05.146701] [INFO] [path_server] 노드 업데이트 : [1059] ➜ [1060]
[2026-08-11 17:41:05.226543] [INFO] [path_server] 새로운 경로 설정 : path[1059 ➜ 206] time[0s] dist[3m] list[3] : 1059-1060-206
[2026-08-11 17:41:07.881446] [INFO] [path_server] 노드 업데이트 : [1060] ➜ [206]
[2026-08-11 17:41:07.961310] [INFO] [path_server] 새로운 경로 설정 : path[1060 ➜ 206] time[0s] dist[1.5m] list[2] : 1060-206
[2026-08-11 17:41:12.073128] [INFO] [path_server] 노드 업데이트 : [206] ➜ [-1]
[2026-08-11 17:41:15.865385] [INFO] [path_server] 노드 업데이트 : [206] ➜ [-1]
[2026-08-11 17:41:15.925278] [INFO] [path_server] 경로 삭제
[2026-08-11 17:41:25.107303] [INFO] [path_server] 새로운 경로 설정 : path[206 ➜ 101] time[0s] dist[24m] list[17] : 206-1060-1061-1062-1063-1064-1065-40-1067-1068-1069-1070-1071-1072-1073-1074-101
[2026-08-11 17:44:21.701187] [INFO] [path_server] 생성
[2026-08-11 17:44:21.701217] [INFO] [path_server] 경로 삭제
[2026-08-11 17:44:21.702877] [INFO] [path_server] 노드 초기화 성공 : 로봇 좌표[9.489m 18.997m 90.045°] 최단 거리 노드[104] 거리(0.011735m)
[2026-08-11 17:44:37.134853] [INFO] [path_server] 새로운 경로 설정 : path[104 ➜ 201] time[0s] dist[18m] list[13] : 104-1071-1072-1073-1074-1075-1076-1159-1158-1157-1160-1161-201
[2026-08-11 17:44:41.007617] [INFO] [path_server] 노드 업데이트 : [1071] ➜ [1072]
[2026-08-11 17:44:41.087563] [INFO] [path_server] 새로운 경로 설정 : path[1071 ➜ 201] time[0s] dist[16.5m] list[12] : 1071-1072-1073-1074-1075-1076-1159-1158-1157-1160-1161-201
[2026-08-11 17:44:44.580527] [INFO] [path_server] 노드 업데이트 : [1072] ➜ [1073]
[2026-08-11 17:44:44.640441] [INFO] [path_server] 새로운 경로 설정 : path[1072 ➜ 201] time[0s] dist[15m] list[11] : 1072-1073-1074-1075-1076-1159-1158-1157-1160-1161-201
[2026-08-11 17:44:45.718300] [INFO] [path_server] 노드 업데이트 : [1073] ➜ [1074]
[2026-08-11 17:44:45.778228] [INFO] [path_server] 새로운 경로 설정 : path[1073 ➜ 201] time[0s] dist[13.5m] list[10] : 1073-1074-1075-1076-1159-1158-1157-1160-1161-201
[2026-08-11 17:44:46.536696] [INFO] [path_server] 노드 업데이트 : [1074] ➜ [1075]
[2026-08-11 17:44:46.616580] [INFO] [path_server] 새로운 경로 설정 : path[1074 ➜ 201] time[0s] dist[12m] list[9] : 1074-1075-1076-1159-1158-1157-1160-1161-201
[2026-08-11 17:44:47.295413] [INFO] [path_server] 노드 업데이트 : [1075] ➜ [1076]
[2026-08-11 17:44:47.375337] [INFO] [path_server] 새로운 경로 설정 : path[1075 ➜ 201] time[0s] dist[10.5m] list[8] : 1075-1076-1159-1158-1157-1160-1161-201
[2026-08-11 17:44:48.693100] [INFO] [path_server] 노드 업데이트 : [1076] ➜ [1159]
[2026-08-11 17:44:48.753022] [INFO] [path_server] 새로운 경로 설정 : path[1076 ➜ 201] time[0s] dist[9m] list[7] : 1076-1159-1158-1157-1160-1161-201
[2026-08-11 17:44:52.166958] [INFO] [path_server] 노드 업데이트 : [1159] ➜ [1158]
[2026-08-11 17:44:52.226826] [INFO] [path_server] 새로운 경로 설정 : path[1159 ➜ 201] time[0s] dist[7.5m] list[6] : 1159-1158-1157-1160-1161-201
[2026-08-11 17:44:53.265043] [INFO] [path_server] 노드 업데이트 : [1158] ➜ [1157]
[2026-08-11 17:44:53.345106] [INFO] [path_server] 새로운 경로 설정 : path[1158 ➜ 201] time[0s] dist[6m] list[5] : 1158-1157-1160-1161-201
[2026-08-11 17:44:54.682617] [INFO] [path_server] 노드 업데이트 : [1157] ➜ [1160]
[2026-08-11 17:44:54.742626] [INFO] [path_server] 새로운 경로 설정 : path[1157 ➜ 201] time[0s] dist[4.5m] list[4] : 1157-1160-1161-201
[2026-08-11 17:44:58.137825] [INFO] [path_server] 노드 업데이트 : [1160] ➜ [1161]
[2026-08-11 17:44:58.217673] [INFO] [path_server] 새로운 경로 설정 : path[1160 ➜ 201] time[0s] dist[3m] list[3] : 1160-1161-201
[2026-08-11 17:45:00.892776] [INFO] [path_server] 노드 업데이트 : [1161] ➜ [201]
[2026-08-11 17:45:00.952664] [INFO] [path_server] 새로운 경로 설정 : path[1161 ➜ 201] time[0s] dist[1.5m] list[2] : 1161-201
[2026-08-11 17:45:05.064770] [INFO] [path_server] 노드 업데이트 : [201] ➜ [-1]
[2026-08-11 17:45:08.997336] [INFO] [path_server] 노드 업데이트 : [201] ➜ [-1]
[2026-08-11 17:45:09.077223] [INFO] [path_server] 경로 삭제
[2026-08-11 17:45:51.331885] [INFO] [path_server] 생성
[2026-08-11 17:45:51.331926] [INFO] [path_server] 경로 삭제
[2026-08-11 17:45:51.333961] [INFO] [path_server] 노드 초기화 성공 : 로봇 좌표[4.988m 14.496m -89.973°] 최단 거리 노드[201] 거리(0.012276m)
[2026-08-11 17:50:10.545561] [INFO] [path_server] 생성
[2026-08-11 17:50:10.545988] [INFO] [path_server] 경로 삭제
[2026-08-11 17:50:10.549485] [INFO] [path_server] 노드 초기화 성공 : 로봇 좌표[4.988m 14.496m -89.973°] 최단 거리 노드[201] 거리(0.012276m)
[2026-08-11 17:50:22.108343] [INFO] [path_server] 새로운 경로 설정 : path[201 ➜ 104] time[0s] dist[60m] list[41] : 201-1161-1162-1163-1164-1165-1166-1167-1168-41-1170-1171-1172-1173-1174-1175-1176-1177-1178-1081-1185-1186-1187-1188-1056-1057-1058-1059-1060-1061-1062-1063-1064-1065-40-1067-1068-1069-1070-1071-104
[2026-08-11 17:50:24.283883] [INFO] [path_server] 노드 업데이트 : [1161] ➜ [1162]
[2026-08-11 17:50:24.343816] [INFO] [path_server] 새로운 경로 설정 : path[1161 ➜ 104] time[0s] dist[58.5m] list[40] : 1161-1162-1163-1164-1165-1166-1167-1168-41-1170-1171-1172-1173-1174-1175-1176-1177-1178-1081-1185-1186-1187-1188-1056-1057-1058-1059-1060-1061-1062-1063-1064-1065-40-1067-1068-1069-1070-1071-104
[2026-08-11 17:50:27.637343] [INFO] [path_server] 노드 업데이트 : [1162] ➜ [1163]
[2026-08-11 17:50:27.697281] [INFO] [path_server] 새로운 경로 설정 : path[1162 ➜ 104] time[0s] dist[57m] list[39] : 1162-1163-1164-1165-1166-1167-1168-41-1170-1171-1172-1173-1174-1175-1176-1177-1178-1081-1185-1186-1187-1188-1056-1057-1058-1059-1060-1061-1062-1063-1064-1065-40-1067-1068-1069-1070-1071-104
[2026-08-11 17:50:28.755300] [INFO] [path_server] 노드 업데이트 : [1163] ➜ [1164]
[2026-08-11 17:50:28.855393] [INFO] [path_server] 새로운 경로 설정 : path[1163 ➜ 104] time[0s] dist[55.5m] list[38] : 1163-1164-1165-1166-1167-1168-41-1170-1171-1172-1173-1174-1175-1176-1177-1178-1081-1185-1186-1187-1188-1056-1057-1058-1059-1060-1061-1062-1063-1064-1065-40-1067-1068-1069-1070-1071-104
[2026-08-11 17:50:29.594186] [INFO] [path_server] 노드 업데이트 : [1164] ➜ [1165]
[2026-08-11 17:50:29.654126] [INFO] [path_server] 새로운 경로 설정 : path[1164 ➜ 104] time[0s] dist[54m] list[37] : 1164-1165-1166-1167-1168-41-1170-1171-1172-1173-1174-1175-1176-1177-1178-1081-1185-1186-1187-1188-1056-1057-1058-1059-1060-1061-1062-1063-1064-1065-40-1067-1068-1069-1070-1071-104
[2026-08-11 17:50:30.332940] [INFO] [path_server] 노드 업데이트 : [1165] ➜ [1166]
[2026-08-11 17:50:30.412868] [INFO] [path_server] 새로운 경로 설정 : path[1165 ➜ 104] time[0s] dist[52.5m] list[36] : 1165-1166-1167-1168-41-1170-1171-1172-1173-1174-1175-1176-1177-1178-1081-1185-1186-1187-1188-1056-1057-1058-1059-1060-1061-1062-1063-1064-1065-40-1067-1068-1069-1070-1071-104
[2026-08-11 17:50:31.091773] [INFO] [path_server] 노드 업데이트 : [1166] ➜ [1167]
[2026-08-11 17:50:31.151687] [INFO] [path_server] 새로운 경로 설정 : path[1166 ➜ 104] time[0s] dist[51m] list[35] : 1166-1167-1168-41-1170-1171-1172-1173-1174-1175-1176-1177-1178-1081-1185-1186-1187-1188-1056-1057-1058-1059-1060-1061-1062-1063-1064-1065-40-1067-1068-1069-1070-1071-104
[2026-08-11 17:50:31.830276] [INFO] [path_server] 노드 업데이트 : [1167] ➜ [1168]
[2026-08-11 17:50:31.910204] [INFO] [path_server] 새로운 경로 설정 : path[1167 ➜ 104] time[0s] dist[49.5m] list[34] : 1167-1168-41-1170-1171-1172-1173-1174-1175-1176-1177-1178-1081-1185-1186-1187-1188-1056-1057-1058-1059-1060-1061-1062-1063-1064-1065-40-1067-1068-1069-1070-1071-104
[2026-08-11 17:50:32.588817] [INFO] [path_server] 노드 업데이트 : [1168] ➜ [41]
[2026-08-11 17:50:32.648720] [INFO] [path_server] 새로운 경로 설정 : path[1168 ➜ 104] time[0s] dist[48m] list[33] : 1168-41-1170-1171-1172-1173-1174-1175-1176-1177-1178-1081-1185-1186-1187-1188-1056-1057-1058-1059-1060-1061-1062-1063-1064-1065-40-1067-1068-1069-1070-1071-104
[2026-08-11 17:50:33.327244] [INFO] [path_server] 노드 업데이트 : [41] ➜ [1170]
[2026-08-11 17:50:33.407195] [INFO] [path_server] 새로운 경로 설정 : path[41 ➜ 104] time[0s] dist[46.5m] list[32] : 41-1170-1171-1172-1173-1174-1175-1176-1177-1178-1081-1185-1186-1187-1188-1056-1057-1058-1059-1060-1061-1062-1063-1064-1065-40-1067-1068-1069-1070-1071-104
[2026-08-11 17:50:34.085767] [INFO] [path_server] 노드 업데이트 : [1170] ➜ [1171]
[2026-08-11 17:50:34.145679] [INFO] [path_server] 새로운 경로 설정 : path[1170 ➜ 104] time[0s] dist[45m] list[31] : 1170-1171-1172-1173-1174-1175-1176-1177-1178-1081-1185-1186-1187-1188-1056-1057-1058-1059-1060-1061-1062-1063-1064-1065-40-1067-1068-1069-1070-1071-104
[2026-08-11 17:50:34.844254] [INFO] [path_server] 노드 업데이트 : [1171] ➜ [1172]
[2026-08-11 17:50:34.924151] [INFO] [path_server] 새로운 경로 설정 : path[1171 ➜ 104] time[0s] dist[43.5m] list[30] : 1171-1172-1173-1174-1175-1176-1177-1178-1081-1185-1186-1187-1188-1056-1057-1058-1059-1060-1061-1062-1063-1064-1065-40-1067-1068-1069-1070-1071-104
[2026-08-11 17:50:35.582895] [INFO] [path_server] 노드 업데이트 : [1172] ➜ [1173]
[2026-08-11 17:50:35.642799] [INFO] [path_server] 새로운 경로 설정 : path[1172 ➜ 104] time[0s] dist[42m] list[29] : 1172-1173-1174-1175-1176-1177-1178-1081-1185-1186-1187-1188-1056-1057-1058-1059-1060-1061-1062-1063-1064-1065-40-1067-1068-1069-1070-1071-104
[2026-08-11 17:50:36.341457] [INFO] [path_server] 노드 업데이트 : [1173] ➜ [1174]
[2026-08-11 17:50:36.421326] [INFO] [path_server] 새로운 경로 설정 : path[1173 ➜ 104] time[0s] dist[40.5m] list[28] : 1173-1174-1175-1176-1177-1178-1081-1185-1186-1187-1188-1056-1057-1058-1059-1060-1061-1062-1063-1064-1065-40-1067-1068-1069-1070-1071-104
[2026-08-11 17:50:37.079965] [INFO] [path_server] 노드 업데이트 : [1174] ➜ [1175]
[2026-08-11 17:50:37.139923] [INFO] [path_server] 새로운 경로 설정 : path[1174 ➜ 104] time[0s] dist[39m] list[27] : 1174-1175-1176-1177-1178-1081-1185-1186-1187-1188-1056-1057-1058-1059-1060-1061-1062-1063-1064-1065-40-1067-1068-1069-1070-1071-104
[2026-08-11 17:50:37.838607] [INFO] [path_server] 노드 업데이트 : [1175] ➜ [1176]
[2026-08-11 17:50:37.918490] [INFO] [path_server] 새로운 경로 설정 : path[1175 ➜ 104] time[0s] dist[37.5m] list[26] : 1175-1176-1177-1178-1081-1185-1186-1187-1188-1056-1057-1058-1059-1060-1061-1062-1063-1064-1065-40-1067-1068-1069-1070-1071-104
[2026-08-11 17:50:38.577198] [INFO] [path_server] 노드 업데이트 : [1176] ➜ [1177]
[2026-08-11 17:50:38.637104] [INFO] [path_server] 새로운 경로 설정 : path[1176 ➜ 104] time[0s] dist[36m] list[25] : 1176-1177-1178-1081-1185-1186-1187-1188-1056-1057-1058-1059-1060-1061-1062-1063-1064-1065-40-1067-1068-1069-1070-1071-104
[2026-08-11 17:50:39.335640] [INFO] [path_server] 노드 업데이트 : [1177] ➜ [1178]
[2026-08-11 17:50:39.415520] [INFO] [path_server] 새로운 경로 설정 : path[1177 ➜ 104] time[0s] dist[34.5m] list[24] : 1177-1178-1081-1185-1186-1187-1188-1056-1057-1058-1059-1060-1061-1062-1063-1064-1065-40-1067-1068-1069-1070-1071-104
[2026-08-11 17:50:40.094120] [INFO] [path_server] 노드 업데이트 : [1178] ➜ [1081]
[2026-08-11 17:50:40.174035] [INFO] [path_server] 새로운 경로 설정 : path[1178 ➜ 104] time[0s] dist[33m] list[23] : 1178-1081-1185-1186-1187-1188-1056-1057-1058-1059-1060-1061-1062-1063-1064-1065-40-1067-1068-1069-1070-1071-104
[2026-08-11 17:50:40.832686] [INFO] [path_server] 노드 업데이트 : [1081] ➜ [1185]
[2026-08-11 17:50:40.932522] [INFO] [path_server] 새로운 경로 설정 : path[1081 ➜ 104] time[0s] dist[31.5m] list[22] : 1081-1185-1186-1187-1188-1056-1057-1058-1059-1060-1061-1062-1063-1064-1065-40-1067-1068-1069-1070-1071-104
[2026-08-11 17:50:42.249847] [INFO] [path_server] 노드 업데이트 : [1185] ➜ [1186]
[2026-08-11 17:50:42.329720] [INFO] [path_server] 새로운 경로 설정 : path[1185 ➜ 104] time[0s] dist[30m] list[21] : 1185-1186-1187-1188-1056-1057-1058-1059-1060-1061-1062-1063-1064-1065-40-1067-1068-1069-1070-1071-104
[2026-08-11 17:50:45.723113] [INFO] [path_server] 노드 업데이트 : [1186] ➜ [1187]
[2026-08-11 17:50:45.802974] [INFO] [path_server] 새로운 경로 설정 : path[1186 ➜ 104] time[0s] dist[28.5m] list[20] : 1186-1187-1188-1056-1057-1058-1059-1060-1061-1062-1063-1064-1065-40-1067-1068-1069-1070-1071-104
[2026-08-11 17:50:46.840904] [INFO] [path_server] 노드 업데이트 : [1187] ➜ [1188]
[2026-08-11 17:50:46.920824] [INFO] [path_server] 새로운 경로 설정 : path[1187 ➜ 104] time[0s] dist[27m] list[19] : 1187-1188-1056-1057-1058-1059-1060-1061-1062-1063-1064-1065-40-1067-1068-1069-1070-1071-104
[2026-08-11 17:50:48.078547] [INFO] [path_server] 노드 업데이트 : [1188] ➜ [1056]
[2026-08-11 17:50:48.138444] [INFO] [path_server] 새로운 경로 설정 : path[1188 ➜ 104] time[0s] dist[25.5m] list[18] : 1188-1056-1057-1058-1059-1060-1061-1062-1063-1064-1065-40-1067-1068-1069-1070-1071-104
[2026-08-11 17:50:51.352095] [INFO] [path_server] 노드 업데이트 : [1056] ➜ [1057]
[2026-08-11 17:50:51.431984] [INFO] [path_server] 새로운 경로 설정 : path[1056 ➜ 104] time[0s] dist[24m] list[17] : 1056-1057-1058-1059-1060-1061-1062-1063-1064-1065-40-1067-1068-1069-1070-1071-104
[2026-08-11 17:50:52.509830] [INFO] [path_server] 노드 업데이트 : [1057] ➜ [1058]
[2026-08-11 17:50:52.569762] [INFO] [path_server] 새로운 경로 설정 : path[1057 ➜ 104] time[0s] dist[22.5m] list[16] : 1057-1058-1059-1060-1061-1062-1063-1064-1065-40-1067-1068-1069-1070-1071-104
[2026-08-11 17:50:53.348215] [INFO] [path_server] 노드 업데이트 : [1058] ➜ [1059]
[2026-08-11 17:50:53.408097] [INFO] [path_server] 새로운 경로 설정 : path[1058 ➜ 104] time[0s] dist[21m] list[15] : 1058-1059-1060-1061-1062-1063-1064-1065-40-1067-1068-1069-1070-1071-104
[2026-08-11 17:50:54.106645] [INFO] [path_server] 노드 업데이트 : [1059] ➜ [1060]
[2026-08-11 17:50:54.206474] [INFO] [path_server] 새로운 경로 설정 : path[1059 ➜ 104] time[0s] dist[19.5m] list[14] : 1059-1060-1061-1062-1063-1064-1065-40-1067-1068-1069-1070-1071-104
[2026-08-11 17:50:54.845261] [INFO] [path_server] 노드 업데이트 : [1060] ➜ [1061]
[2026-08-11 17:50:54.925118] [INFO] [path_server] 새로운 경로 설정 : path[1060 ➜ 104] time[0s] dist[18m] list[13] : 1060-1061-1062-1063-1064-1065-40-1067-1068-1069-1070-1071-104
[2026-08-11 17:50:55.603916] [INFO] [path_server] 노드 업데이트 : [1061] ➜ [1062]
[2026-08-11 17:50:55.663817] [INFO] [path_server] 새로운 경로 설정 : path[1061 ➜ 104] time[0s] dist[16.5m] list[12] : 1061-1062-1063-1064-1065-40-1067-1068-1069-1070-1071-104
[2026-08-11 17:50:56.342374] [INFO] [path_server] 노드 업데이트 : [1062] ➜ [1063]
[2026-08-11 17:50:56.422334] [INFO] [path_server] 새로운 경로 설정 : path[1062 ➜ 104] time[0s] dist[15m] list[11] : 1062-1063-1064-1065-40-1067-1068-1069-1070-1071-104
[2026-08-11 17:50:57.100890] [INFO] [path_server] 노드 업데이트 : [1063] ➜ [1064]
[2026-08-11 17:50:57.160812] [INFO] [path_server] 새로운 경로 설정 : path[1063 ➜ 104] time[0s] dist[13.5m] list[10] : 1063-1064-1065-40-1067-1068-1069-1070-1071-104
[2026-08-11 17:50:57.839537] [INFO] [path_server] 노드 업데이트 : [1064] ➜ [1065]
[2026-08-11 17:50:57.919462] [INFO] [path_server] 새로운 경로 설정 : path[1064 ➜ 104] time[0s] dist[12m] list[9] : 1064-1065-40-1067-1068-1069-1070-1071-104
[2026-08-11 17:50:58.598060] [INFO] [path_server] 노드 업데이트 : [1065] ➜ [40]
[2026-08-11 17:50:58.657979] [INFO] [path_server] 새로운 경로 설정 : path[1065 ➜ 104] time[0s] dist[10.5m] list[8] : 1065-40-1067-1068-1069-1070-1071-104
[2026-08-11 17:50:59.356521] [INFO] [path_server] 노드 업데이트 : [40] ➜ [1067]
[2026-08-11 17:50:59.436384] [INFO] [path_server] 새로운 경로 설정 : path[40 ➜ 104] time[0s] dist[9m] list[7] : 40-1067-1068-1069-1070-1071-104
[2026-08-11 17:51:00.095025] [INFO] [path_server] 노드 업데이트 : [1067] ➜ [1068]
[2026-08-11 17:51:00.154936] [INFO] [path_server] 새로운 경로 설정 : path[1067 ➜ 104] time[0s] dist[7.5m] list[6] : 1067-1068-1069-1070-1071-104
[2026-08-11 17:51:00.853442] [INFO] [path_server] 노드 업데이트 : [1068] ➜ [1069]
[2026-08-11 17:51:00.933298] [INFO] [path_server] 새로운 경로 설정 : path[1068 ➜ 104] time[0s] dist[6m] list[5] : 1068-1069-1070-1071-104
[2026-08-11 17:51:01.592064] [INFO] [path_server] 노드 업데이트 : [1069] ➜ [1070]
[2026-08-11 17:51:01.651952] [INFO] [path_server] 새로운 경로 설정 : path[1069 ➜ 104] time[0s] dist[4.5m] list[4] : 1069-1070-1071-104
[2026-08-11 17:51:02.350506] [INFO] [path_server] 노드 업데이트 : [1070] ➜ [1071]
[2026-08-11 17:51:02.430368] [INFO] [path_server] 새로운 경로 설정 : path[1070 ➜ 104] time[0s] dist[3m] list[3] : 1070-1071-104
[2026-08-11 17:51:03.667918] [INFO] [path_server] 노드 업데이트 : [1071] ➜ [104]
[2026-08-11 17:51:03.747753] [INFO] [path_server] 새로운 경로 설정 : path[1071 ➜ 104] time[0s] dist[1.5m] list[2] : 1071-104
[2026-08-11 17:51:07.640233] [INFO] [path_server] 노드 업데이트 : [104] ➜ [-1]
[2026-08-11 17:51:11.492442] [INFO] [path_server] 노드 업데이트 : [104] ➜ [-1]
[2026-08-11 17:51:56.882498] [INFO] [path_server] 경로 삭제
[2026-08-11 17:51:56.922434] [INFO] [path_server] 경로 삭제
[2026-08-11 17:53:10.738504] [INFO] [path_server] 경로 삭제
[2026-08-11 17:53:10.778460] [INFO] [path_server] 경로 삭제
[2026-08-11 17:54:24.569795] [INFO] [path_server] 경로 삭제
[2026-08-11 17:54:24.589791] [INFO] [path_server] 경로 삭제
[2026-08-11 17:55:38.386633] [INFO] [path_server] 경로 삭제
[2026-08-11 17:55:38.426577] [INFO] [path_server] 경로 삭제
[2026-08-11 17:55:41.041947] [INFO] [path_server] 새로운 경로 설정 : path[104 ➜ 202] time[0s] dist[19.5m] list[14] : 104-1071-1072-1073-1074-1075-1076-1159-1158-1157-1160-1161-1162-202
[2026-08-11 17:55:44.894238] [INFO] [path_server] 노드 업데이트 : [1071] ➜ [1072]
[2026-08-11 17:55:44.954144] [INFO] [path_server] 새로운 경로 설정 : path[1071 ➜ 202] time[0s] dist[18m] list[13] : 1071-1072-1073-1074-1075-1076-1159-1158-1157-1160-1161-1162-202
[2026-08-11 17:55:48.487194] [INFO] [path_server] 노드 업데이트 : [1072] ➜ [1073]
[2026-08-11 17:55:48.547096] [INFO] [path_server] 새로운 경로 설정 : path[1072 ➜ 202] time[0s] dist[16.5m] list[12] : 1072-1073-1074-1075-1076-1159-1158-1157-1160-1161-1162-202
[2026-08-11 17:55:49.605048] [INFO] [path_server] 노드 업데이트 : [1073] ➜ [1074]
[2026-08-11 17:55:49.704872] [INFO] [path_server] 새로운 경로 설정 : path[1073 ➜ 202] time[0s] dist[15m] list[11] : 1073-1074-1075-1076-1159-1158-1157-1160-1161-1162-202
[2026-08-11 17:55:50.423558] [INFO] [path_server] 노드 업데이트 : [1074] ➜ [1075]
[2026-08-11 17:55:50.503496] [INFO] [path_server] 새로운 경로 설정 : path[1074 ➜ 202] time[0s] dist[13.5m] list[10] : 1074-1075-1076-1159-1158-1157-1160-1161-1162-202
[2026-08-11 17:55:51.182206] [INFO] [path_server] 노드 업데이트 : [1075] ➜ [1076]
[2026-08-11 17:55:51.262126] [INFO] [path_server] 새로운 경로 설정 : path[1075 ➜ 202] time[0s] dist[12m] list[9] : 1075-1076-1159-1158-1157-1160-1161-1162-202
[2026-08-11 17:55:52.579430] [INFO] [path_server] 노드 업데이트 : [1076] ➜ [1159]
[2026-08-11 17:55:52.659291] [INFO] [path_server] 새로운 경로 설정 : path[1076 ➜ 202] time[0s] dist[10.5m] list[8] : 1076-1159-1158-1157-1160-1161-1162-202
[2026-08-11 17:55:56.052545] [INFO] [path_server] 노드 업데이트 : [1159] ➜ [1158]
[2026-08-11 17:55:56.132381] [INFO] [path_server] 새로운 경로 설정 : path[1159 ➜ 202] time[0s] dist[9m] list[7] : 1159-1158-1157-1160-1161-1162-202
[2026-08-11 17:55:57.150413] [INFO] [path_server] 노드 업데이트 : [1158] ➜ [1157]
[2026-08-11 17:55:57.210311] [INFO] [path_server] 새로운 경로 설정 : path[1158 ➜ 202] time[0s] dist[7.5m] list[6] : 1158-1157-1160-1161-1162-202
[2026-08-11 17:55:58.567591] [INFO] [path_server] 노드 업데이트 : [1157] ➜ [1160]
[2026-08-11 17:55:58.647487] [INFO] [path_server] 새로운 경로 설정 : path[1157 ➜ 202] time[0s] dist[6m] list[5] : 1157-1160-1161-1162-202
[2026-08-11 17:56:02.020810] [INFO] [path_server] 노드 업데이트 : [1160] ➜ [1161]
[2026-08-11 17:56:02.100803] [INFO] [path_server] 새로운 경로 설정 : path[1160 ➜ 202] time[0s] dist[4.5m] list[4] : 1160-1161-1162-202
[2026-08-11 17:56:03.118907] [INFO] [path_server] 노드 업데이트 : [1161] ➜ [1162]
[2026-08-11 17:56:03.178823] [INFO] [path_server] 새로운 경로 설정 : path[1161 ➜ 202] time[0s] dist[3m] list[3] : 1161-1162-202
[2026-08-11 17:56:05.833514] [INFO] [path_server] 노드 업데이트 : [1162] ➜ [202]
[2026-08-11 17:56:05.913438] [INFO] [path_server] 새로운 경로 설정 : path[1162 ➜ 202] time[0s] dist[1.5m] list[2] : 1162-202
[2026-08-11 17:56:10.005498] [INFO] [path_server] 노드 업데이트 : [202] ➜ [-1]
[2026-08-11 17:56:13.878073] [INFO] [path_server] 노드 업데이트 : [202] ➜ [-1]
[2026-08-11 17:56:13.938079] [INFO] [path_server] 경로 삭제
[2026-08-11 17:57:15.063393] [INFO] [path_server] 새로운 경로 설정 : path[202 ➜ 106] time[0s] dist[21m] list[15] : 202-1162-1163-1164-1165-1166-1167-1168-41-1170-1171-1172-1173-1174-106
[2026-08-11 17:57:17.219375] [INFO] [path_server] 노드 업데이트 : [1162] ➜ [1163]
[2026-08-11 17:57:17.299482] [INFO] [path_server] 새로운 경로 설정 : path[1162 ➜ 106] time[0s] dist[19.5m] list[14] : 1162-1163-1164-1165-1166-1167-1168-41-1170-1171-1172-1173-1174-106
[2026-08-11 17:57:20.573643] [INFO] [path_server] 노드 업데이트 : [1163] ➜ [1164]
[2026-08-11 17:57:20.653570] [INFO] [path_server] 새로운 경로 설정 : path[1163 ➜ 106] time[0s] dist[18m] list[13] : 1163-1164-1165-1166-1167-1168-41-1170-1171-1172-1173-1174-106
[2026-08-11 17:57:21.691569] [INFO] [path_server] 노드 업데이트 : [1164] ➜ [1165]
[2026-08-11 17:57:21.751486] [INFO] [path_server] 새로운 경로 설정 : path[1164 ➜ 106] time[0s] dist[16.5m] list[12] : 1164-1165-1166-1167-1168-41-1170-1171-1172-1173-1174-106
[2026-08-11 17:57:22.529987] [INFO] [path_server] 노드 업데이트 : [1165] ➜ [1166]
[2026-08-11 17:57:22.589903] [INFO] [path_server] 새로운 경로 설정 : path[1165 ➜ 106] time[0s] dist[15m] list[11] : 1165-1166-1167-1168-41-1170-1171-1172-1173-1174-106
[2026-08-11 17:57:23.268529] [INFO] [path_server] 노드 업데이트 : [1166] ➜ [1167]
[2026-08-11 17:57:23.348472] [INFO] [path_server] 새로운 경로 설정 : path[1166 ➜ 106] time[0s] dist[13.5m] list[10] : 1166-1167-1168-41-1170-1171-1172-1173-1174-106
[2026-08-11 17:57:24.027088] [INFO] [path_server] 노드 업데이트 : [1167] ➜ [1168]
[2026-08-11 17:57:24.086983] [INFO] [path_server] 새로운 경로 설정 : path[1167 ➜ 106] time[0s] dist[12m] list[9] : 1167-1168-41-1170-1171-1172-1173-1174-106
[2026-08-11 17:57:24.765672] [INFO] [path_server] 노드 업데이트 : [1168] ➜ [41]
[2026-08-11 17:57:24.845603] [INFO] [path_server] 새로운 경로 설정 : path[1168 ➜ 106] time[0s] dist[10.5m] list[8] : 1168-41-1170-1171-1172-1173-1174-106
[2026-08-11 17:57:25.524230] [INFO] [path_server] 노드 업데이트 : [41] ➜ [1170]
[2026-08-11 17:57:25.584125] [INFO] [path_server] 새로운 경로 설정 : path[41 ➜ 106] time[0s] dist[9m] list[7] : 41-1170-1171-1172-1173-1174-106
[2026-08-11 17:57:26.262629] [INFO] [path_server] 노드 업데이트 : [1170] ➜ [1171]
[2026-08-11 17:57:26.342585] [INFO] [path_server] 새로운 경로 설정 : path[1170 ➜ 106] time[0s] dist[7.5m] list[6] : 1170-1171-1172-1173-1174-106
[2026-08-11 17:57:27.021196] [INFO] [path_server] 노드 업데이트 : [1171] ➜ [1172]
[2026-08-11 17:57:27.081087] [INFO] [path_server] 새로운 경로 설정 : path[1171 ➜ 106] time[0s] dist[6m] list[5] : 1171-1172-1173-1174-106
[2026-08-11 17:57:27.779700] [INFO] [path_server] 노드 업데이트 : [1172] ➜ [1173]
[2026-08-11 17:57:27.859577] [INFO] [path_server] 새로운 경로 설정 : path[1172 ➜ 106] time[0s] dist[4.5m] list[4] : 1172-1173-1174-106
[2026-08-11 17:57:28.518379] [INFO] [path_server] 노드 업데이트 : [1173] ➜ [1174]
[2026-08-11 17:57:28.578259] [INFO] [path_server] 새로운 경로 설정 : path[1173 ➜ 106] time[0s] dist[3m] list[3] : 1173-1174-106
[2026-08-11 17:57:29.836096] [INFO] [path_server] 노드 업데이트 : [1174] ➜ [106]
[2026-08-11 17:57:29.915994] [INFO] [path_server] 새로운 경로 설정 : path[1174 ➜ 106] time[0s] dist[1.5m] list[2] : 1174-106
[2026-08-11 17:57:33.808438] [INFO] [path_server] 노드 업데이트 : [106] ➜ [-1]
[2026-08-11 17:57:37.641324] [INFO] [path_server] 노드 업데이트 : [106] ➜ [-1]
