[2026-08-11 16:38:02.009523] [INFO] [path_server] 생성
[2026-08-11 16:38:02.009580] [INFO] [path_server] 경로 삭제
[2026-08-11 16:38:02.011220] [INFO] [path_server] 노드 초기화 성공 : 로봇 좌표[22.004m 17.498m -179.934°] 최단 거리 노드[109] 거리(0.004143m)
[2026-08-11 16:45:50.025702] [INFO] [path_server] 생성
[2026-08-11 16:45:50.025768] [INFO] [path_server] 경로 삭제
[2026-08-11 16:45:50.028005] [INFO] [path_server] 노드 초기화 성공 : 로봇 좌표[22.004m 17.498m -179.934°] 최단 거리 노드[109] 거리(0.004143m)
[2026-08-11 16:46:34.923512] [INFO] [path_server] 경로 삭제
[2026-08-11 16:46:34.963448] [INFO] [path_server] 경로 삭제
[2026-08-11 16:49:24.433327] [INFO] [path_server] 생성
[2026-08-11 16:49:24.433367] [INFO] [path_server] 경로 삭제
[2026-08-11 16:49:24.434935] [INFO] [path_server] 노드 초기화 성공 : 로봇 좌표[5.504m 6.998m -179.385°] 최단 거리 노드[102] 거리(0.004241m)
[2026-08-11 16:49:58.415624] [INFO] [path_server] 생성
[2026-08-11 16:49:58.415663] [INFO] [path_server] 경로 삭제
[2026-08-11 16:49:58.417448] [INFO] [path_server] 노드 초기화 성공 : 로봇 좌표[5.504m 6.998m -179.385°] 최단 거리 노드[102] 거리(0.004241m)
[2026-08-11 16:50:08.838252] [INFO] [path_server] 새로운 경로 설정 : path[102 ➜ 1159] time[0s] dist[27m] list[19] : 102-1183-1184-1045-1046-1047-1048-1001-1002-1003-1004-1005-1010-1017-1063-1064-1018-1158-1159
[2026-08-11 16:50:16.004863] [INFO] [path_server] 노드 업데이트 : [1183] ➜ [1184]
[2026-08-11 16:50:16.084827] [INFO] [path_server] 새로운 경로 설정 : path[1183 ➜ 1159] time[0s] dist[25.5m] list[18] : 1183-1184-1045-1046-1047-1048-1001-1002-1003-1004-1005-1010-1017-1063-1064-1018-1158-1159
[2026-08-11 16:50:19.618030] [INFO] [path_server] 노드 업데이트 : [1184] ➜ [1045]
[2026-08-11 16:50:19.717879] [INFO] [path_server] 새로운 경로 설정 : path[1184 ➜ 1159] time[0s] dist[24m] list[17] : 1184-1045-1046-1047-1048-1001-1002-1003-1004-1005-1010-1017-1063-1064-1018-1158-1159
[2026-08-11 16:50:20.975426] [INFO] [path_server] 노드 업데이트 : [1045] ➜ [1046]
[2026-08-11 16:50:21.055311] [INFO] [path_server] 새로운 경로 설정 : path[1045 ➜ 1159] time[0s] dist[22.5m] list[16] : 1045-1046-1047-1048-1001-1002-1003-1004-1005-1010-1017-1063-1064-1018-1158-1159
[2026-08-11 16:50:24.310366] [INFO] [path_server] 노드 업데이트 : [1046] ➜ [1047]
[2026-08-11 16:50:24.390310] [INFO] [path_server] 새로운 경로 설정 : path[1046 ➜ 1159] time[0s] dist[21m] list[15] : 1046-1047-1048-1001-1002-1003-1004-1005-1010-1017-1063-1064-1018-1158-1159
[2026-08-11 16:50:25.428277] [INFO] [path_server] 노드 업데이트 : [1047] ➜ [1048]
[2026-08-11 16:50:25.488219] [INFO] [path_server] 새로운 경로 설정 : path[1047 ➜ 1159] time[0s] dist[19.5m] list[14] : 1047-1048-1001-1002-1003-1004-1005-1010-1017-1063-1064-1018-1158-1159
[2026-08-11 16:50:26.246755] [INFO] [path_server] 노드 업데이트 : [1048] ➜ [1001]
[2026-08-11 16:50:26.326645] [INFO] [path_server] 새로운 경로 설정 : path[1048 ➜ 1159] time[0s] dist[18m] list[13] : 1048-1001-1002-1003-1004-1005-1010-1017-1063-1064-1018-1158-1159
[2026-08-11 16:50:27.005246] [INFO] [path_server] 노드 업데이트 : [1001] ➜ [1002]
[2026-08-11 16:50:27.085157] [INFO] [path_server] 새로운 경로 설정 : path[1001 ➜ 1159] time[0s] dist[16.5m] list[12] : 1001-1002-1003-1004-1005-1010-1017-1063-1064-1018-1158-1159
[2026-08-11 16:50:27.763850] [INFO] [path_server] 노드 업데이트 : [1002] ➜ [1003]
[2026-08-11 16:50:27.823782] [INFO] [path_server] 새로운 경로 설정 : path[1002 ➜ 1159] time[0s] dist[15m] list[11] : 1002-1003-1004-1005-1010-1017-1063-1064-1018-1158-1159
[2026-08-11 16:50:28.502422] [INFO] [path_server] 노드 업데이트 : [1003] ➜ [1004]
[2026-08-11 16:50:28.582366] [INFO] [path_server] 새로운 경로 설정 : path[1003 ➜ 1159] time[0s] dist[13.5m] list[10] : 1003-1004-1005-1010-1017-1063-1064-1018-1158-1159
[2026-08-11 16:50:29.261029] [INFO] [path_server] 노드 업데이트 : [1004] ➜ [1005]
[2026-08-11 16:50:29.320942] [INFO] [path_server] 새로운 경로 설정 : path[1004 ➜ 1159] time[0s] dist[12m] list[9] : 1004-1005-1010-1017-1063-1064-1018-1158-1159
[2026-08-11 16:50:30.578530] [INFO] [path_server] 노드 업데이트 : [1005] ➜ [1010]
[2026-08-11 16:50:30.638444] [INFO] [path_server] 새로운 경로 설정 : path[1005 ➜ 1159] time[0s] dist[10.5m] list[8] : 1005-1010-1017-1063-1064-1018-1158-1159
[2026-08-11 16:50:33.951951] [INFO] [path_server] 노드 업데이트 : [1010] ➜ [1017]
[2026-08-11 16:50:34.031907] [INFO] [path_server] 새로운 경로 설정 : path[1010 ➜ 1159] time[0s] dist[9m] list[7] : 1010-1017-1063-1064-1018-1158-1159
[2026-08-11 16:50:35.069868] [INFO] [path_server] 노드 업데이트 : [1017] ➜ [1063]
[2026-08-11 16:50:35.149790] [INFO] [path_server] 새로운 경로 설정 : path[1017 ➜ 1159] time[0s] dist[7.5m] list[6] : 1017-1063-1064-1018-1158-1159
[2026-08-11 16:50:35.888678] [INFO] [path_server] 노드 업데이트 : [1063] ➜ [1064]
[2026-08-11 16:50:35.948576] [INFO] [path_server] 새로운 경로 설정 : path[1063 ➜ 1159] time[0s] dist[6m] list[5] : 1063-1064-1018-1158-1159
[2026-08-11 16:50:37.226025] [INFO] [path_server] 노드 업데이트 : [1064] ➜ [1018]
[2026-08-11 16:50:37.305957] [INFO] [path_server] 새로운 경로 설정 : path[1064 ➜ 1159] time[0s] dist[4.5m] list[4] : 1064-1018-1158-1159
[2026-08-11 16:50:40.559666] [INFO] [path_server] 노드 업데이트 : [1018] ➜ [1158]
[2026-08-11 16:50:40.619573] [INFO] [path_server] 새로운 경로 설정 : path[1018 ➜ 1159] time[0s] dist[3m] list[3] : 1018-1158-1159
[2026-08-11 16:50:41.697479] [INFO] [path_server] 노드 업데이트 : [1158] ➜ [1159]
[2026-08-11 16:50:41.757372] [INFO] [path_server] 새로운 경로 설정 : path[1158 ➜ 1159] time[0s] dist[1.5m] list[2] : 1158-1159
[2026-08-11 16:50:43.913512] [INFO] [path_server] 노드 업데이트 : [1159] ➜ [-1]
[2026-08-11 16:50:47.426872] [INFO] [path_server] 노드 업데이트 : [1159] ➜ [-1]
[2026-08-11 16:50:47.486756] [INFO] [path_server] 경로 삭제
[2026-08-11 16:50:52.577648] [INFO] [path_server] 새로운 경로 설정 : path[1159 ➜ 104] time[0s] dist[39m] list[27] : 1159-1160-1161-1162-1163-1164-1165-1166-1109-1110-1111-1112-1113-1114-1115-1116-1117-1118-1119-1120-1121-1122-1123-1179-1180-1181-104
[2026-08-11 16:50:54.913274] [INFO] [path_server] 노드 업데이트 : [1160] ➜ [1161]
[2026-08-11 16:50:54.973224] [INFO] [path_server] 새로운 경로 설정 : path[1160 ➜ 104] time[0s] dist[37.5m] list[26] : 1160-1161-1162-1163-1164-1165-1166-1109-1110-1111-1112-1113-1114-1115-1116-1117-1118-1119-1120-1121-1122-1123-1179-1180-1181-104
[2026-08-11 16:50:55.971291] [INFO] [path_server] 노드 업데이트 : [1161] ➜ [1162]
[2026-08-11 16:50:56.051170] [INFO] [path_server] 새로운 경로 설정 : path[1161 ➜ 104] time[0s] dist[36m] list[25] : 1161-1162-1163-1164-1165-1166-1109-1110-1111-1112-1113-1114-1115-1116-1117-1118-1119-1120-1121-1122-1123-1179-1180-1181-104
[2026-08-11 16:50:56.769720] [INFO] [path_server] 노드 업데이트 : [1162] ➜ [1163]
[2026-08-11 16:50:56.829614] [INFO] [path_server] 새로운 경로 설정 : path[1162 ➜ 104] time[0s] dist[34.5m] list[24] : 1162-1163-1164-1165-1166-1109-1110-1111-1112-1113-1114-1115-1116-1117-1118-1119-1120-1121-1122-1123-1179-1180-1181-104
[2026-08-11 16:50:57.528311] [INFO] [path_server] 노드 업데이트 : [1163] ➜ [1164]
[2026-08-11 16:50:57.608156] [INFO] [path_server] 새로운 경로 설정 : path[1163 ➜ 104] time[0s] dist[33m] list[23] : 1163-1164-1165-1166-1109-1110-1111-1112-1113-1114-1115-1116-1117-1118-1119-1120-1121-1122-1123-1179-1180-1181-104
[2026-08-11 16:50:58.266792] [INFO] [path_server] 노드 업데이트 : [1164] ➜ [1165]
[2026-08-11 16:50:58.346641] [INFO] [path_server] 새로운 경로 설정 : path[1164 ➜ 104] time[0s] dist[31.5m] list[22] : 1164-1165-1166-1109-1110-1111-1112-1113-1114-1115-1116-1117-1118-1119-1120-1121-1122-1123-1179-1180-1181-104
[2026-08-11 16:50:59.025417] [INFO] [path_server] 노드 업데이트 : [1165] ➜ [1166]
[2026-08-11 16:50:59.125291] [INFO] [path_server] 새로운 경로 설정 : path[1165 ➜ 104] time[0s] dist[30m] list[21] : 1165-1166-1109-1110-1111-1112-1113-1114-1115-1116-1117-1118-1119-1120-1121-1122-1123-1179-1180-1181-104
[2026-08-11 16:50:59.763926] [INFO] [path_server] 노드 업데이트 : [1166] ➜ [1109]
[2026-08-11 16:50:59.843841] [INFO] [path_server] 새로운 경로 설정 : path[1166 ➜ 104] time[0s] dist[28.5m] list[20] : 1166-1109-1110-1111-1112-1113-1114-1115-1116-1117-1118-1119-1120-1121-1122-1123-1179-1180-1181-104
[2026-08-11 16:51:00.622232] [INFO] [path_server] 노드 업데이트 : [1109] ➜ [1110]
[2026-08-11 16:51:00.702105] [INFO] [path_server] 새로운 경로 설정 : path[1109 ➜ 104] time[0s] dist[27m] list[19] : 1109-1110-1111-1112-1113-1114-1115-1116-1117-1118-1119-1120-1121-1122-1123-1179-1180-1181-104
[2026-08-11 16:51:04.275045] [INFO] [path_server] 노드 업데이트 : [1110] ➜ [1111]
[2026-08-11 16:51:04.354919] [INFO] [path_server] 새로운 경로 설정 : path[1110 ➜ 104] time[0s] dist[25.5m] list[18] : 1110-1111-1112-1113-1114-1115-1116-1117-1118-1119-1120-1121-1122-1123-1179-1180-1181-104
[2026-08-11 16:51:05.632317] [INFO] [path_server] 노드 업데이트 : [1111] ➜ [1112]
[2026-08-11 16:51:05.712232] [INFO] [path_server] 새로운 경로 설정 : path[1111 ➜ 104] time[0s] dist[24m] list[17] : 1111-1112-1113-1114-1115-1116-1117-1118-1119-1120-1121-1122-1123-1179-1180-1181-104
[2026-08-11 16:51:06.530563] [INFO] [path_server] 노드 업데이트 : [1112] ➜ [1113]
[2026-08-11 16:51:06.610502] [INFO] [path_server] 새로운 경로 설정 : path[1112 ➜ 104] time[0s] dist[22.5m] list[16] : 1112-1113-1114-1115-1116-1117-1118-1119-1120-1121-1122-1123-1179-1180-1181-104
[2026-08-11 16:51:07.289229] [INFO] [path_server] 노드 업데이트 : [1113] ➜ [1114]
[2026-08-11 16:51:07.349134] [INFO] [path_server] 새로운 경로 설정 : path[1113 ➜ 104] time[0s] dist[21m] list[15] : 1113-1114-1115-1116-1117-1118-1119-1120-1121-1122-1123-1179-1180-1181-104
[2026-08-11 16:51:08.027691] [INFO] [path_server] 노드 업데이트 : [1114] ➜ [1115]
[2026-08-11 16:51:08.107614] [INFO] [path_server] 새로운 경로 설정 : path[1114 ➜ 104] time[0s] dist[19.5m] list[14] : 1114-1115-1116-1117-1118-1119-1120-1121-1122-1123-1179-1180-1181-104
[2026-08-11 16:51:08.786248] [INFO] [path_server] 노드 업데이트 : [1115] ➜ [1116]
[2026-08-11 16:51:08.846138] [INFO] [path_server] 새로운 경로 설정 : path[1115 ➜ 104] time[0s] dist[18m] list[13] : 1115-1116-1117-1118-1119-1120-1121-1122-1123-1179-1180-1181-104
[2026-08-11 16:51:09.524922] [INFO] [path_server] 노드 업데이트 : [1116] ➜ [1117]
[2026-08-11 16:51:09.604868] [INFO] [path_server] 새로운 경로 설정 : path[1116 ➜ 104] time[0s] dist[16.5m] list[12] : 1116-1117-1118-1119-1120-1121-1122-1123-1179-1180-1181-104
[2026-08-11 16:51:10.283461] [INFO] [path_server] 노드 업데이트 : [1117] ➜ [1118]
[2026-08-11 16:51:10.363362] [INFO] [path_server] 새로운 경로 설정 : path[1117 ➜ 104] time[0s] dist[15m] list[11] : 1117-1118-1119-1120-1121-1122-1123-1179-1180-1181-104
[2026-08-11 16:51:11.022076] [INFO] [path_server] 노드 업데이트 : [1118] ➜ [1119]
[2026-08-11 16:51:11.101937] [INFO] [path_server] 새로운 경로 설정 : path[1118 ➜ 104] time[0s] dist[13.5m] list[10] : 1118-1119-1120-1121-1122-1123-1179-1180-1181-104
[2026-08-11 16:51:11.780551] [INFO] [path_server] 노드 업데이트 : [1119] ➜ [1120]
[2026-08-11 16:51:11.860480] [INFO] [path_server] 새로운 경로 설정 : path[1119 ➜ 104] time[0s] dist[12m] list[9] : 1119-1120-1121-1122-1123-1179-1180-1181-104
[2026-08-11 16:51:12.618901] [INFO] [path_server] 노드 업데이트 : [1120] ➜ [1121]
[2026-08-11 16:51:12.698841] [INFO] [path_server] 새로운 경로 설정 : path[1120 ➜ 104] time[0s] dist[10.5m] list[8] : 1120-1121-1122-1123-1179-1180-1181-104
[2026-08-11 16:51:16.271542] [INFO] [path_server] 노드 업데이트 : [1121] ➜ [1122]
[2026-08-11 16:51:16.351458] [INFO] [path_server] 새로운 경로 설정 : path[1121 ➜ 104] time[0s] dist[9m] list[7] : 1121-1122-1123-1179-1180-1181-104
[2026-08-11 16:51:17.628987] [INFO] [path_server] 노드 업데이트 : [1122] ➜ [1123]
[2026-08-11 16:51:17.688931] [INFO] [path_server] 새로운 경로 설정 : path[1122 ➜ 104] time[0s] dist[7.5m] list[6] : 1122-1123-1179-1180-1181-104
[2026-08-11 16:51:18.686818] [INFO] [path_server] 노드 업데이트 : [1123] ➜ [1179]
[2026-08-11 16:51:18.766807] [INFO] [path_server] 새로운 경로 설정 : path[1123 ➜ 104] time[0s] dist[6m] list[5] : 1123-1179-1180-1181-104
[2026-08-11 16:51:22.001020] [INFO] [path_server] 노드 업데이트 : [1179] ➜ [1180]
[2026-08-11 16:51:22.081020] [INFO] [path_server] 새로운 경로 설정 : path[1179 ➜ 104] time[0s] dist[4.5m] list[4] : 1179-1180-1181-104
[2026-08-11 16:51:23.238948] [INFO] [path_server] 노드 업데이트 : [1180] ➜ [1181]
[2026-08-11 16:51:23.298797] [INFO] [path_server] 새로운 경로 설정 : path[1180 ➜ 104] time[0s] dist[3m] list[3] : 1180-1181-104
[2026-08-11 16:51:24.577641] [INFO] [path_server] 노드 업데이트 : [1181] ➜ [104]
[2026-08-11 16:51:24.657986] [INFO] [path_server] 새로운 경로 설정 : path[1181 ➜ 104] time[0s] dist[1.5m] list[2] : 1181-104
[2026-08-11 16:51:29.775543] [INFO] [path_server] 노드 업데이트 : [104] ➜ [-1]
[2026-08-11 16:51:32.709694] [INFO] [path_server] 노드 업데이트 : [104] ➜ [-1]
[2026-08-11 16:52:17.176968] [INFO] [path_server] 생성
[2026-08-11 16:52:17.177040] [INFO] [path_server] 경로 삭제
[2026-08-11 16:52:17.179065] [INFO] [path_server] 노드 초기화 성공 : 로봇 좌표[5.504m 3.998m -179.421°] 최단 거리 노드[104] 거리(0.004267m)
[2026-08-11 16:53:09.458595] [INFO] [path_server] 경로 삭제
[2026-08-11 16:53:09.478566] [INFO] [path_server] 경로 삭제
[2026-08-11 16:54:02.615883] [INFO] [path_server] 새로운 경로 설정 : path[104 ➜ 1003] time[0s] dist[16.5m] list[12] : 104-1181-1182-1183-1184-1045-1046-1047-1048-1001-1002-1003
[2026-08-11 16:54:09.781758] [INFO] [path_server] 노드 업데이트 : [1181] ➜ [1182]
[2026-08-11 16:54:09.861606] [INFO] [path_server] 새로운 경로 설정 : path[1181 ➜ 1003] time[0s] dist[15m] list[11] : 1181-1182-1183-1184-1045-1046-1047-1048-1001-1002-1003
[2026-08-11 16:54:13.394895] [INFO] [path_server] 노드 업데이트 : [1182] ➜ [1183]
[2026-08-11 16:54:13.454764] [INFO] [path_server] 새로운 경로 설정 : path[1182 ➜ 1003] time[0s] dist[13.5m] list[10] : 1182-1183-1184-1045-1046-1047-1048-1001-1002-1003
[2026-08-11 16:54:14.532544] [INFO] [path_server] 노드 업데이트 : [1183] ➜ [1184]
[2026-08-11 16:54:14.612409] [INFO] [path_server] 새로운 경로 설정 : path[1183 ➜ 1003] time[0s] dist[12m] list[9] : 1183-1184-1045-1046-1047-1048-1001-1002-1003
[2026-08-11 16:54:15.350974] [INFO] [path_server] 노드 업데이트 : [1184] ➜ [1045]
[2026-08-11 16:54:15.450819] [INFO] [path_server] 새로운 경로 설정 : path[1184 ➜ 1003] time[0s] dist[10.5m] list[8] : 1184-1045-1046-1047-1048-1001-1002-1003
[2026-08-11 16:54:16.688740] [INFO] [path_server] 노드 업데이트 : [1045] ➜ [1046]
[2026-08-11 16:54:16.768661] [INFO] [path_server] 새로운 경로 설정 : path[1045 ➜ 1003] time[0s] dist[9m] list[7] : 1045-1046-1047-1048-1001-1002-1003
[2026-08-11 16:54:20.022356] [INFO] [path_server] 노드 업데이트 : [1046] ➜ [1047]
[2026-08-11 16:54:20.082271] [INFO] [path_server] 새로운 경로 설정 : path[1046 ➜ 1003] time[0s] dist[7.5m] list[6] : 1046-1047-1048-1001-1002-1003
[2026-08-11 16:54:21.160137] [INFO] [path_server] 노드 업데이트 : [1047] ➜ [1048]
[2026-08-11 16:54:21.220058] [INFO] [path_server] 새로운 경로 설정 : path[1047 ➜ 1003] time[0s] dist[6m] list[5] : 1047-1048-1001-1002-1003
[2026-08-11 16:54:21.978517] [INFO] [path_server] 노드 업데이트 : [1048] ➜ [1001]
[2026-08-11 16:54:22.058399] [INFO] [path_server] 새로운 경로 설정 : path[1048 ➜ 1003] time[0s] dist[4.5m] list[4] : 1048-1001-1002-1003
[2026-08-11 16:54:22.737005] [INFO] [path_server] 노드 업데이트 : [1001] ➜ [1002]
[2026-08-11 16:54:22.816879] [INFO] [path_server] 새로운 경로 설정 : path[1001 ➜ 1003] time[0s] dist[3m] list[3] : 1001-1002-1003
[2026-08-11 16:54:23.495487] [INFO] [path_server] 노드 업데이트 : [1002] ➜ [1003]
[2026-08-11 16:54:23.555396] [INFO] [path_server] 새로운 경로 설정 : path[1002 ➜ 1003] time[0s] dist[1.5m] list[2] : 1002-1003
[2026-08-11 16:54:25.710998] [INFO] [path_server] 노드 업데이트 : [1003] ➜ [-1]
[2026-08-11 16:54:28.645340] [INFO] [path_server] 노드 업데이트 : [1003] ➜ [-1]
[2026-08-11 16:54:28.725285] [INFO] [path_server] 경로 삭제
[2026-08-11 16:54:33.815645] [INFO] [path_server] 새로운 경로 설정 : path[1003 ➜ 109] time[0s] dist[16.5m] list[12] : 1003-1004-1005-1006-1021-1022-1007-1167-1168-1169-1170-109
[2026-08-11 16:54:36.151427] [INFO] [path_server] 노드 업데이트 : [1004] ➜ [1005]
[2026-08-11 16:54:36.231308] [INFO] [path_server] 새로운 경로 설정 : path[1004 ➜ 109] time[0s] dist[15m] list[11] : 1004-1005-1006-1021-1022-1007-1167-1168-1169-1170-109
[2026-08-11 16:54:37.209360] [INFO] [path_server] 노드 업데이트 : [1005] ➜ [1006]
[2026-08-11 16:54:37.289276] [INFO] [path_server] 새로운 경로 설정 : path[1005 ➜ 109] time[0s] dist[13.5m] list[10] : 1005-1006-1021-1022-1007-1167-1168-1169-1170-109
[2026-08-11 16:54:38.007983] [INFO] [path_server] 노드 업데이트 : [1006] ➜ [1021]
[2026-08-11 16:54:38.087871] [INFO] [path_server] 새로운 경로 설정 : path[1006 ➜ 109] time[0s] dist[12m] list[9] : 1006-1021-1022-1007-1167-1168-1169-1170-109
[2026-08-11 16:54:38.766453] [INFO] [path_server] 노드 업데이트 : [1021] ➜ [1022]
[2026-08-11 16:54:38.846379] [INFO] [path_server] 새로운 경로 설정 : path[1021 ➜ 109] time[0s] dist[10.5m] list[8] : 1021-1022-1007-1167-1168-1169-1170-109
[2026-08-11 16:54:40.063918] [INFO] [path_server] 노드 업데이트 : [1022] ➜ [1007]
[2026-08-11 16:54:40.123809] [INFO] [path_server] 새로운 경로 설정 : path[1022 ➜ 109] time[0s] dist[9m] list[7] : 1022-1007-1167-1168-1169-1170-109
[2026-08-11 16:54:43.417396] [INFO] [path_server] 노드 업데이트 : [1007] ➜ [1167]
[2026-08-11 16:54:43.497309] [INFO] [path_server] 새로운 경로 설정 : path[1007 ➜ 109] time[0s] dist[7.5m] list[6] : 1007-1167-1168-1169-1170-109
[2026-08-11 16:54:44.555314] [INFO] [path_server] 노드 업데이트 : [1167] ➜ [1168]
[2026-08-11 16:54:44.635243] [INFO] [path_server] 새로운 경로 설정 : path[1167 ➜ 109] time[0s] dist[6m] list[5] : 1167-1168-1169-1170-109
[2026-08-11 16:54:45.373750] [INFO] [path_server] 노드 업데이트 : [1168] ➜ [1169]
[2026-08-11 16:54:45.433683] [INFO] [path_server] 새로운 경로 설정 : path[1168 ➜ 109] time[0s] dist[4.5m] list[4] : 1168-1169-1170-109
[2026-08-11 16:54:46.132299] [INFO] [path_server] 노드 업데이트 : [1169] ➜ [1170]
[2026-08-11 16:54:46.212158] [INFO] [path_server] 새로운 경로 설정 : path[1169 ➜ 109] time[0s] dist[3m] list[3] : 1169-1170-109
[2026-08-11 16:54:47.529616] [INFO] [path_server] 노드 업데이트 : [1170] ➜ [109]
[2026-08-11 16:54:47.589513] [INFO] [path_server] 새로운 경로 설정 : path[1170 ➜ 109] time[0s] dist[1.5m] list[2] : 1170-109
[2026-08-11 16:54:53.059301] [INFO] [path_server] 노드 업데이트 : [109] ➜ [-1]
[2026-08-11 16:54:55.993552] [INFO] [path_server] 노드 업데이트 : [109] ➜ [-1]
[2026-08-11 16:55:26.013325] [INFO] [path_server] 경로 삭제
[2026-08-11 16:55:26.033248] [INFO] [path_server] 경로 삭제
[2026-08-11 16:56:39.831681] [INFO] [path_server] 경로 삭제
[2026-08-11 16:56:39.871642] [INFO] [path_server] 경로 삭제
[2026-08-11 16:57:53.704494] [INFO] [path_server] 경로 삭제
[2026-08-11 16:57:53.744396] [INFO] [path_server] 경로 삭제
[2026-08-11 16:59:07.561616] [INFO] [path_server] 경로 삭제
[2026-08-11 16:59:07.601605] [INFO] [path_server] 경로 삭제
[2026-08-11 17:00:21.436164] [INFO] [path_server] 경로 삭제
[2026-08-11 17:00:21.476071] [INFO] [path_server] 경로 삭제
[2026-08-11 17:01:35.291875] [INFO] [path_server] 경로 삭제
[2026-08-11 17:01:35.331803] [INFO] [path_server] 경로 삭제
[2026-08-11 17:02:49.144557] [INFO] [path_server] 경로 삭제
[2026-08-11 17:02:49.164501] [INFO] [path_server] 경로 삭제
[2026-08-11 17:03:34.403547] [INFO] [path_server] 생성
[2026-08-11 17:03:34.403626] [INFO] [path_server] 경로 삭제
[2026-08-11 17:03:34.405593] [INFO] [path_server] 노드 초기화 성공 : 로봇 좌표[22.004m 17.498m -179.835°] 최단 거리 노드[109] 거리(0.003972m)
[2026-08-11 17:04:20.617271] [INFO] [path_server] 경로 삭제
[2026-08-11 17:04:20.637247] [INFO] [path_server] 경로 삭제
[2026-08-11 17:05:34.434320] [INFO] [path_server] 경로 삭제
[2026-08-11 17:05:34.474244] [INFO] [path_server] 경로 삭제
[2026-08-11 17:06:48.248171] [INFO] [path_server] 경로 삭제
[2026-08-11 17:06:48.268109] [INFO] [path_server] 경로 삭제
[2026-08-11 17:08:02.063876] [INFO] [path_server] 경로 삭제
[2026-08-11 17:08:02.103812] [INFO] [path_server] 경로 삭제
[2026-08-11 17:09:15.881354] [INFO] [path_server] 경로 삭제
[2026-08-11 17:09:15.901316] [INFO] [path_server] 경로 삭제
[2026-08-11 17:10:29.735220] [INFO] [path_server] 경로 삭제
[2026-08-11 17:10:29.775156] [INFO] [path_server] 경로 삭제
[2026-08-11 17:11:25.747056] [INFO] [path_server] 경로 삭제
[2026-08-11 17:11:44.730441] [INFO] [path_server] 경로 삭제
[2026-08-11 17:11:44.750423] [INFO] [path_server] 경로 삭제
[2026-08-11 17:12:00.839482] [INFO] [path_server] 새로운 경로 설정 : path[109 ➜ 202] time[0s] dist[24m] list[17] : 109-1170-1171-1172-1091-1092-1093-1094-1095-1074-1075-1076-1018-1158-1159-1160-202
[2026-08-11 17:12:05.530167] [INFO] [path_server] 노드 업데이트 : [1170] ➜ [1171]
[2026-08-11 17:12:05.610100] [INFO] [path_server] 새로운 경로 설정 : path[1170 ➜ 202] time[0s] dist[22.5m] list[16] : 1170-1171-1172-1091-1092-1093-1094-1095-1074-1075-1076-1018-1158-1159-1160-202
[2026-08-11 17:12:09.223397] [INFO] [path_server] 노드 업데이트 : [1171] ➜ [1172]
[2026-08-11 17:12:09.283319] [INFO] [path_server] 새로운 경로 설정 : path[1171 ➜ 202] time[0s] dist[21m] list[15] : 1171-1172-1091-1092-1093-1094-1095-1074-1075-1076-1018-1158-1159-1160-202
[2026-08-11 17:12:10.341205] [INFO] [path_server] 노드 업데이트 : [1172] ➜ [1091]
[2026-08-11 17:12:10.421034] [INFO] [path_server] 새로운 경로 설정 : path[1172 ➜ 202] time[0s] dist[19.5m] list[14] : 1172-1091-1092-1093-1094-1095-1074-1075-1076-1018-1158-1159-1160-202
[2026-08-11 17:12:11.379185] [INFO] [path_server] 노드 업데이트 : [1091] ➜ [1092]
[2026-08-11 17:12:11.439057] [INFO] [path_server] 새로운 경로 설정 : path[1091 ➜ 202] time[0s] dist[18m] list[13] : 1091-1092-1093-1094-1095-1074-1075-1076-1018-1158-1159-1160-202
[2026-08-11 17:12:14.632867] [INFO] [path_server] 노드 업데이트 : [1092] ➜ [1093]
[2026-08-11 17:12:14.712755] [INFO] [path_server] 새로운 경로 설정 : path[1092 ➜ 202] time[0s] dist[16.5m] list[12] : 1092-1093-1094-1095-1074-1075-1076-1018-1158-1159-1160-202
[2026-08-11 17:12:15.890504] [INFO] [path_server] 노드 업데이트 : [1093] ➜ [1094]
[2026-08-11 17:12:15.970374] [INFO] [path_server] 새로운 경로 설정 : path[1093 ➜ 202] time[0s] dist[15m] list[11] : 1093-1094-1095-1074-1075-1076-1018-1158-1159-1160-202
[2026-08-11 17:12:16.748745] [INFO] [path_server] 노드 업데이트 : [1094] ➜ [1095]
[2026-08-11 17:12:16.808651] [INFO] [path_server] 새로운 경로 설정 : path[1094 ➜ 202] time[0s] dist[13.5m] list[10] : 1094-1095-1074-1075-1076-1018-1158-1159-1160-202
[2026-08-11 17:12:18.066236] [INFO] [path_server] 노드 업데이트 : [1095] ➜ [1074]
[2026-08-11 17:12:18.126139] [INFO] [path_server] 새로운 경로 설정 : path[1095 ➜ 202] time[0s] dist[12m] list[9] : 1095-1074-1075-1076-1018-1158-1159-1160-202
[2026-08-11 17:12:21.399440] [INFO] [path_server] 노드 업데이트 : [1074] ➜ [1075]
[2026-08-11 17:12:21.479295] [INFO] [path_server] 새로운 경로 설정 : path[1074 ➜ 202] time[0s] dist[10.5m] list[8] : 1074-1075-1076-1018-1158-1159-1160-202
[2026-08-11 17:12:22.537120] [INFO] [path_server] 노드 업데이트 : [1075] ➜ [1076]
[2026-08-11 17:12:22.616989] [INFO] [path_server] 새로운 경로 설정 : path[1075 ➜ 202] time[0s] dist[9m] list[7] : 1075-1076-1018-1158-1159-1160-202
[2026-08-11 17:12:23.355419] [INFO] [path_server] 노드 업데이트 : [1076] ➜ [1018]
[2026-08-11 17:12:23.435333] [INFO] [path_server] 새로운 경로 설정 : path[1076 ➜ 202] time[0s] dist[7.5m] list[6] : 1076-1018-1158-1159-1160-202
[2026-08-11 17:12:24.692863] [INFO] [path_server] 노드 업데이트 : [1018] ➜ [1158]
[2026-08-11 17:12:24.772711] [INFO] [path_server] 새로운 경로 설정 : path[1018 ➜ 202] time[0s] dist[6m] list[5] : 1018-1158-1159-1160-202
[2026-08-11 17:12:28.066157] [INFO] [path_server] 노드 업데이트 : [1158] ➜ [1159]
[2026-08-11 17:12:28.146075] [INFO] [path_server] 새로운 경로 설정 : path[1158 ➜ 202] time[0s] dist[4.5m] list[4] : 1158-1159-1160-202
[2026-08-11 17:12:29.204115] [INFO] [path_server] 노드 업데이트 : [1159] ➜ [1160]
[2026-08-11 17:12:29.284039] [INFO] [path_server] 새로운 경로 설정 : path[1159 ➜ 202] time[0s] dist[3m] list[3] : 1159-1160-202
[2026-08-11 17:12:30.541408] [INFO] [path_server] 노드 업데이트 : [1160] ➜ [202]
[2026-08-11 17:12:30.621269] [INFO] [path_server] 새로운 경로 설정 : path[1160 ➜ 202] time[0s] dist[1.5m] list[2] : 1160-202
[2026-08-11 17:12:35.790649] [INFO] [path_server] 노드 업데이트 : [202] ➜ [-1]
[2026-08-11 17:12:38.724475] [INFO] [path_server] 노드 업데이트 : [202] ➜ [-1]
[2026-08-11 17:12:38.804369] [INFO] [path_server] 경로 삭제
[2026-08-11 17:24:37.849862] [INFO] [path_server] 생성
[2026-08-11 17:24:37.849908] [INFO] [path_server] 경로 삭제
[2026-08-11 17:24:37.852083] [INFO] [path_server] 노드 초기화 성공 : 로봇 좌표[22.004m 17.498m -179.934°] 최단 거리 노드[1063] 거리(0.503610m)
[2026-08-11 17:24:42.941826] [INFO] [path_server] 새로운 경로 설정 : path[1063 ➜ 104] time[0s] dist[13.5m] list[10] : 1063-1064-1065-40-1067-1068-1069-1070-1071-104
[2026-08-11 17:24:45.696588] [INFO] [path_server] 노드 업데이트 : [1064] ➜ [1065]
[2026-08-11 17:24:45.776516] [INFO] [path_server] 새로운 경로 설정 : path[1064 ➜ 104] time[0s] dist[12m] list[9] : 1064-1065-40-1067-1068-1069-1070-1071-104
[2026-08-11 17:24:46.634751] [INFO] [path_server] 노드 업데이트 : [1065] ➜ [40]
[2026-08-11 17:24:46.694742] [INFO] [path_server] 새로운 경로 설정 : path[1065 ➜ 104] time[0s] dist[10.5m] list[8] : 1065-40-1067-1068-1069-1070-1071-104
[2026-08-11 17:24:47.413366] [INFO] [path_server] 노드 업데이트 : [40] ➜ [1067]
[2026-08-11 17:24:47.473270] [INFO] [path_server] 새로운 경로 설정 : path[40 ➜ 104] time[0s] dist[9m] list[7] : 40-1067-1068-1069-1070-1071-104
[2026-08-11 17:24:48.151902] [INFO] [path_server] 노드 업데이트 : [1067] ➜ [1068]
[2026-08-11 17:24:48.231799] [INFO] [path_server] 새로운 경로 설정 : path[1067 ➜ 104] time[0s] dist[7.5m] list[6] : 1067-1068-1069-1070-1071-104
[2026-08-11 17:24:48.910428] [INFO] [path_server] 노드 업데이트 : [1068] ➜ [1069]
[2026-08-11 17:24:48.970330] [INFO] [path_server] 새로운 경로 설정 : path[1068 ➜ 104] time[0s] dist[6m] list[5] : 1068-1069-1070-1071-104
[2026-08-11 17:24:49.648880] [INFO] [path_server] 노드 업데이트 : [1069] ➜ [1070]
[2026-08-11 17:24:49.728766] [INFO] [path_server] 새로운 경로 설정 : path[1069 ➜ 104] time[0s] dist[4.5m] list[4] : 1069-1070-1071-104
[2026-08-11 17:24:50.407496] [INFO] [path_server] 노드 업데이트 : [1070] ➜ [1071]
[2026-08-11 17:24:50.467402] [INFO] [path_server] 새로운 경로 설정 : path[1070 ➜ 104] time[0s] dist[3m] list[3] : 1070-1071-104
[2026-08-11 17:24:51.725050] [INFO] [path_server] 노드 업데이트 : [1071] ➜ [104]
[2026-08-11 17:24:51.784945] [INFO] [path_server] 새로운 경로 설정 : path[1071 ➜ 104] time[0s] dist[1.5m] list[2] : 1071-104
[2026-08-11 17:24:55.696879] [INFO] [path_server] 노드 업데이트 : [104] ➜ [-1]
[2026-08-11 17:24:59.549070] [INFO] [path_server] 노드 업데이트 : [104] ➜ [-1]
[2026-08-11 17:25:44.923646] [INFO] [path_server] 경로 삭제
[2026-08-11 17:25:44.943628] [INFO] [path_server] 경로 삭제
[2026-08-11 17:27:18.536267] [INFO] [path_server] 생성
[2026-08-11 17:27:18.536295] [INFO] [path_server] 경로 삭제
[2026-08-11 17:27:18.537675] [INFO] [path_server] 노드 초기화 성공 : 로봇 좌표[9.489m 18.997m 90.045°] 최단 거리 노드[104] 거리(0.011735m)
[2026-08-11 17:27:55.455932] [INFO] [path_server] 생성
[2026-08-11 17:27:55.455968] [INFO] [path_server] 경로 삭제
[2026-08-11 17:27:55.457531] [INFO] [path_server] 노드 초기화 성공 : 로봇 좌표[9.489m 18.997m 90.045°] 최단 거리 노드[104] 거리(0.011735m)
[2026-08-11 17:28:36.638185] [INFO] [path_server] 새로운 경로 설정 : path[104 ➜ 1] time[0s] dist[37m] list[23] : 104-1071-1072-1073-1074-1075-1076-1077-1078-1390-1391-1001-1002-1003-1004-1005-1006-1007-1008-1010-1016-1022-1
[2026-08-11 17:28:40.510933] [INFO] [path_server] 노드 업데이트 : [1071] ➜ [1072]
[2026-08-11 17:28:40.590799] [INFO] [path_server] 새로운 경로 설정 : path[1071 ➜ 1] time[0s] dist[35.5m] list[22] : 1071-1072-1073-1074-1075-1076-1077-1078-1390-1391-1001-1002-1003-1004-1005-1006-1007-1008-1010-1016-1022-1
[2026-08-11 17:28:44.084224] [INFO] [path_server] 노드 업데이트 : [1072] ➜ [1073]
[2026-08-11 17:28:44.164184] [INFO] [path_server] 새로운 경로 설정 : path[1072 ➜ 1] time[0s] dist[34m] list[21] : 1072-1073-1074-1075-1076-1077-1078-1390-1391-1001-1002-1003-1004-1005-1006-1007-1008-1010-1016-1022-1
[2026-08-11 17:28:45.222031] [INFO] [path_server] 노드 업데이트 : [1073] ➜ [1074]
[2026-08-11 17:28:45.301998] [INFO] [path_server] 새로운 경로 설정 : path[1073 ➜ 1] time[0s] dist[32.5m] list[20] : 1073-1074-1075-1076-1077-1078-1390-1391-1001-1002-1003-1004-1005-1006-1007-1008-1010-1016-1022-1
[2026-08-11 17:28:46.040484] [INFO] [path_server] 노드 업데이트 : [1074] ➜ [1075]
[2026-08-11 17:28:46.100399] [INFO] [path_server] 새로운 경로 설정 : path[1074 ➜ 1] time[0s] dist[31m] list[19] : 1074-1075-1076-1077-1078-1390-1391-1001-1002-1003-1004-1005-1006-1007-1008-1010-1016-1022-1
[2026-08-11 17:28:46.799011] [INFO] [path_server] 노드 업데이트 : [1075] ➜ [1076]
[2026-08-11 17:28:46.878795] [INFO] [path_server] 새로운 경로 설정 : path[1075 ➜ 1] time[0s] dist[29.5m] list[18] : 1075-1076-1077-1078-1390-1391-1001-1002-1003-1004-1005-1006-1007-1008-1010-1016-1022-1
[2026-08-11 17:28:48.196036] [INFO] [path_server] 노드 업데이트 : [1076] ➜ [1077]
[2026-08-11 17:28:48.276019] [INFO] [path_server] 새로운 경로 설정 : path[1076 ➜ 1] time[0s] dist[28m] list[17] : 1076-1077-1078-1390-1391-1001-1002-1003-1004-1005-1006-1007-1008-1010-1016-1022-1
[2026-08-11 17:28:51.709815] [INFO] [path_server] 노드 업데이트 : [1077] ➜ [1078]
[2026-08-11 17:28:51.769800] [INFO] [path_server] 새로운 경로 설정 : path[1077 ➜ 1] time[0s] dist[26.5m] list[16] : 1077-1078-1390-1391-1001-1002-1003-1004-1005-1006-1007-1008-1010-1016-1022-1
[2026-08-11 17:28:52.807944] [INFO] [path_server] 노드 업데이트 : [1078] ➜ [1390]
[2026-08-11 17:28:52.887921] [INFO] [path_server] 새로운 경로 설정 : path[1078 ➜ 1] time[0s] dist[25m] list[15] : 1078-1390-1391-1001-1002-1003-1004-1005-1006-1007-1008-1010-1016-1022-1
[2026-08-11 17:28:53.626562] [INFO] [path_server] 노드 업데이트 : [1390] ➜ [1391]
[2026-08-11 17:28:53.686508] [INFO] [path_server] 새로운 경로 설정 : path[1390 ➜ 1] time[0s] dist[23.5m] list[14] : 1390-1391-1001-1002-1003-1004-1005-1006-1007-1008-1010-1016-1022-1
[2026-08-11 17:28:54.385213] [INFO] [path_server] 노드 업데이트 : [1391] ➜ [1001]
[2026-08-11 17:28:54.465064] [INFO] [path_server] 새로운 경로 설정 : path[1391 ➜ 1] time[0s] dist[22m] list[13] : 1391-1001-1002-1003-1004-1005-1006-1007-1008-1010-1016-1022-1
[2026-08-11 17:28:55.782748] [INFO] [path_server] 노드 업데이트 : [1001] ➜ [1002]
[2026-08-11 17:28:55.842686] [INFO] [path_server] 새로운 경로 설정 : path[1001 ➜ 1] time[0s] dist[20.5m] list[12] : 1001-1002-1003-1004-1005-1006-1007-1008-1010-1016-1022-1
[2026-08-11 17:28:59.256905] [INFO] [path_server] 노드 업데이트 : [1002] ➜ [1003]
[2026-08-11 17:28:59.316772] [INFO] [path_server] 새로운 경로 설정 : path[1002 ➜ 1] time[0s] dist[19m] list[11] : 1002-1003-1004-1005-1006-1007-1008-1010-1016-1022-1
[2026-08-11 17:29:00.354858] [INFO] [path_server] 노드 업데이트 : [1003] ➜ [1004]
[2026-08-11 17:29:00.434833] [INFO] [path_server] 새로운 경로 설정 : path[1003 ➜ 1] time[0s] dist[17.5m] list[10] : 1003-1004-1005-1006-1007-1008-1010-1016-1022-1
[2026-08-11 17:29:01.173603] [INFO] [path_server] 노드 업데이트 : [1004] ➜ [1005]
[2026-08-11 17:29:01.233515] [INFO] [path_server] 새로운 경로 설정 : path[1004 ➜ 1] time[0s] dist[16m] list[9] : 1004-1005-1006-1007-1008-1010-1016-1022-1
[2026-08-11 17:29:01.932278] [INFO] [path_server] 노드 업데이트 : [1005] ➜ [1006]
[2026-08-11 17:29:02.012124] [INFO] [path_server] 새로운 경로 설정 : path[1005 ➜ 1] time[0s] dist[14.5m] list[8] : 1005-1006-1007-1008-1010-1016-1022-1
[2026-08-11 17:29:02.671107] [INFO] [path_server] 노드 업데이트 : [1006] ➜ [1007]
[2026-08-11 17:29:02.731007] [INFO] [path_server] 새로운 경로 설정 : path[1006 ➜ 1] time[0s] dist[13m] list[7] : 1006-1007-1008-1010-1016-1022-1
[2026-08-11 17:29:03.429885] [INFO] [path_server] 노드 업데이트 : [1007] ➜ [1008]
[2026-08-11 17:29:03.509772] [INFO] [path_server] 새로운 경로 설정 : path[1007 ➜ 1] time[0s] dist[11.5m] list[6] : 1007-1008-1010-1016-1022-1
[2026-08-11 17:29:04.188616] [INFO] [path_server] 노드 업데이트 : [1008] ➜ [1010]
[2026-08-11 17:29:04.268547] [INFO] [path_server] 새로운 경로 설정 : path[1008 ➜ 1] time[0s] dist[10m] list[5] : 1008-1010-1016-1022-1
[2026-08-11 17:29:05.007292] [INFO] [path_server] 노드 업데이트 : [1010] ➜ [1016]
[2026-08-11 17:29:05.067269] [INFO] [path_server] 새로운 경로 설정 : path[1010 ➜ 1] time[0s] dist[8.5m] list[4] : 1010-1016-1022-1
[2026-08-11 17:29:11.395967] [INFO] [path_server] 노드 업데이트 : [1016] ➜ [1022]
[2026-08-11 17:29:11.455847] [INFO] [path_server] 새로운 경로 설정 : path[1016 ➜ 1] time[0s] dist[3.5m] list[3] : 1016-1022-1
[2026-08-11 17:29:15.588050] [INFO] [path_server] 노드 업데이트 : [1022] ➜ [1]
[2026-08-11 17:29:15.647924] [INFO] [path_server] 새로운 경로 설정 : path[1022 ➜ 1] time[0s] dist[1.5m] list[2] : 1022-1
[2026-08-11 17:29:17.803790] [INFO] [path_server] 노드 업데이트 : [1] ➜ [-1]
[2026-08-11 17:29:21.417302] [INFO] [path_server] 노드 업데이트 : [1] ➜ [-1]
[2026-08-11 17:29:23.594180] [INFO] [path_server] 새로운 경로 설정 : path[1 ➜ 12] time[0s] dist[84.9541m] list[50] : 1-1028-1046-1129-1049-1050-1051-1052-1198-1199-1053-1054-1055-1056-1057-1058-1059-1060-1061-1062-1063-1064-1065-40-1067-1068-1069-1070-1071-1072-1073-1074-1075-1076-1077-1078-1390-1391-1001-1002-1003-1004-1005-1006-1007-1008-1010-1017-1039-12
[2026-08-11 17:29:26.330185] [INFO] [path_server] 노드 업데이트 : [1028] ➜ [1046]
[2026-08-11 17:29:26.410122] [INFO] [path_server] 새로운 경로 설정 : path[1028 ➜ 12] time[0s] dist[82.9541m] list[49] : 1028-1046-1129-1049-1050-1051-1052-1198-1199-1053-1054-1055-1056-1057-1058-1059-1060-1061-1062-1063-1064-1065-40-1067-1068-1069-1070-1071-1072-1073-1074-1075-1076-1077-1078-1390-1391-1001-1002-1003-1004-1005-1006-1007-1008-1010-1017-1039-12
[2026-08-11 17:29:28.066763] [INFO] [path_server] 노드 업데이트 : [1046] ➜ [1129]
[2026-08-11 17:29:28.146656] [INFO] [path_server] 새로운 경로 설정 : path[1046 ➜ 12] time[0s] dist[80.4541m] list[48] : 1046-1129-1049-1050-1051-1052-1198-1199-1053-1054-1055-1056-1057-1058-1059-1060-1061-1062-1063-1064-1065-40-1067-1068-1069-1070-1071-1072-1073-1074-1075-1076-1077-1078-1390-1391-1001-1002-1003-1004-1005-1006-1007-1008-1010-1017-1039-12
[2026-08-11 17:29:33.536346] [INFO] [path_server] 노드 업데이트 : [1129] ➜ [1049]
[2026-08-11 17:29:33.616315] [INFO] [path_server] 새로운 경로 설정 : path[1129 ➜ 12] time[0s] dist[77.5386m] list[47] : 1129-1049-1050-1051-1052-1198-1199-1053-1054-1055-1056-1057-1058-1059-1060-1061-1062-1063-1064-1065-40-1067-1068-1069-1070-1071-1072-1073-1074-1075-1076-1077-1078-1390-1391-1001-1002-1003-1004-1005-1006-1007-1008-1010-1017-1039-12
[2026-08-11 17:29:35.552416] [INFO] [path_server] 노드 업데이트 : [1049] ➜ [1050]
[2026-08-11 17:29:35.612338] [INFO] [path_server] 새로운 경로 설정 : path[1049 ➜ 12] time[0s] dist[74.6231m] list[46] : 1049-1050-1051-1052-1198-1199-1053-1054-1055-1056-1057-1058-1059-1060-1061-1062-1063-1064-1065-40-1067-1068-1069-1070-1071-1072-1073-1074-1075-1076-1077-1078-1390-1391-1001-1002-1003-1004-1005-1006-1007-1008-1010-1017-1039-12
[2026-08-11 17:29:40.702499] [INFO] [path_server] 노드 업데이트 : [1050] ➜ [1051]
[2026-08-11 17:29:40.762402] [INFO] [path_server] 새로운 경로 설정 : path[1050 ➜ 12] time[0s] dist[72.1231m] list[45] : 1050-1051-1052-1198-1199-1053-1054-1055-1056-1057-1058-1059-1060-1061-1062-1063-1064-1065-40-1067-1068-1069-1070-1071-1072-1073-1074-1075-1076-1077-1078-1390-1391-1001-1002-1003-1004-1005-1006-1007-1008-1010-1017-1039-12
[2026-08-11 17:29:41.700483] [INFO] [path_server] 노드 업데이트 : [1051] ➜ [1052]
[2026-08-11 17:29:41.780343] [INFO] [path_server] 새로운 경로 설정 : path[1051 ➜ 12] time[0s] dist[70.6231m] list[44] : 1051-1052-1198-1199-1053-1054-1055-1056-1057-1058-1059-1060-1061-1062-1063-1064-1065-40-1067-1068-1069-1070-1071-1072-1073-1074-1075-1076-1077-1078-1390-1391-1001-1002-1003-1004-1005-1006-1007-1008-1010-1017-1039-12
[2026-08-11 17:29:42.478879] [INFO] [path_server] 노드 업데이트 : [1052] ➜ [1198]
[2026-08-11 17:29:42.558793] [INFO] [path_server] 새로운 경로 설정 : path[1052 ➜ 12] time[0s] dist[69.1231m] list[43] : 1052-1198-1199-1053-1054-1055-1056-1057-1058-1059-1060-1061-1062-1063-1064-1065-40-1067-1068-1069-1070-1071-1072-1073-1074-1075-1076-1077-1078-1390-1391-1001-1002-1003-1004-1005-1006-1007-1008-1010-1017-1039-12
[2026-08-11 17:29:43.876290] [INFO] [path_server] 노드 업데이트 : [1198] ➜ [1199]
[2026-08-11 17:29:43.956334] [INFO] [path_server] 새로운 경로 설정 : path[1198 ➜ 12] time[0s] dist[67.6231m] list[42] : 1198-1199-1053-1054-1055-1056-1057-1058-1059-1060-1061-1062-1063-1064-1065-40-1067-1068-1069-1070-1071-1072-1073-1074-1075-1076-1077-1078-1390-1391-1001-1002-1003-1004-1005-1006-1007-1008-1010-1017-1039-12
[2026-08-11 17:29:47.369803] [INFO] [path_server] 노드 업데이트 : [1199] ➜ [1053]
[2026-08-11 17:29:47.449706] [INFO] [path_server] 새로운 경로 설정 : path[1199 ➜ 12] time[0s] dist[66.1231m] list[41] : 1199-1053-1054-1055-1056-1057-1058-1059-1060-1061-1062-1063-1064-1065-40-1067-1068-1069-1070-1071-1072-1073-1074-1075-1076-1077-1078-1390-1391-1001-1002-1003-1004-1005-1006-1007-1008-1010-1017-1039-12
[2026-08-11 17:29:48.487517] [INFO] [path_server] 노드 업데이트 : [1053] ➜ [1054]
[2026-08-11 17:29:48.567492] [INFO] [path_server] 새로운 경로 설정 : path[1053 ➜ 12] time[0s] dist[64.6231m] list[40] : 1053-1054-1055-1056-1057-1058-1059-1060-1061-1062-1063-1064-1065-40-1067-1068-1069-1070-1071-1072-1073-1074-1075-1076-1077-1078-1390-1391-1001-1002-1003-1004-1005-1006-1007-1008-1010-1017-1039-12
[2026-08-11 17:29:49.306111] [INFO] [path_server] 노드 업데이트 : [1054] ➜ [1055]
[2026-08-11 17:29:49.366060] [INFO] [path_server] 새로운 경로 설정 : path[1054 ➜ 12] time[0s] dist[63.1231m] list[39] : 1054-1055-1056-1057-1058-1059-1060-1061-1062-1063-1064-1065-40-1067-1068-1069-1070-1071-1072-1073-1074-1075-1076-1077-1078-1390-1391-1001-1002-1003-1004-1005-1006-1007-1008-1010-1017-1039-12
[2026-08-11 17:29:50.064830] [INFO] [path_server] 노드 업데이트 : [1055] ➜ [1056]
[2026-08-11 17:29:50.144690] [INFO] [path_server] 새로운 경로 설정 : path[1055 ➜ 12] time[0s] dist[61.6231m] list[38] : 1055-1056-1057-1058-1059-1060-1061-1062-1063-1064-1065-40-1067-1068-1069-1070-1071-1072-1073-1074-1075-1076-1077-1078-1390-1391-1001-1002-1003-1004-1005-1006-1007-1008-1010-1017-1039-12
[2026-08-11 17:29:51.282546] [INFO] [path_server] 노드 업데이트 : [1056] ➜ [1057]
[2026-08-11 17:29:51.342439] [INFO] [path_server] 새로운 경로 설정 : path[1056 ➜ 12] time[0s] dist[60.1231m] list[37] : 1056-1057-1058-1059-1060-1061-1062-1063-1064-1065-40-1067-1068-1069-1070-1071-1072-1073-1074-1075-1076-1077-1078-1390-1391-1001-1002-1003-1004-1005-1006-1007-1008-1010-1017-1039-12
[2026-08-11 17:29:54.556443] [INFO] [path_server] 노드 업데이트 : [1057] ➜ [1058]
[2026-08-11 17:29:54.636313] [INFO] [path_server] 새로운 경로 설정 : path[1057 ➜ 12] time[0s] dist[58.6231m] list[36] : 1057-1058-1059-1060-1061-1062-1063-1064-1065-40-1067-1068-1069-1070-1071-1072-1073-1074-1075-1076-1077-1078-1390-1391-1001-1002-1003-1004-1005-1006-1007-1008-1010-1017-1039-12
[2026-08-11 17:29:55.734161] [INFO] [path_server] 노드 업데이트 : [1058] ➜ [1059]
[2026-08-11 17:29:55.814080] [INFO] [path_server] 새로운 경로 설정 : path[1058 ➜ 12] time[0s] dist[57.1231m] list[35] : 1058-1059-1060-1061-1062-1063-1064-1065-40-1067-1068-1069-1070-1071-1072-1073-1074-1075-1076-1077-1078-1390-1391-1001-1002-1003-1004-1005-1006-1007-1008-1010-1017-1039-12
[2026-08-11 17:29:56.572605] [INFO] [path_server] 노드 업데이트 : [1059] ➜ [1060]
[2026-08-11 17:29:56.652570] [INFO] [path_server] 새로운 경로 설정 : path[1059 ➜ 12] time[0s] dist[55.6231m] list[34] : 1059-1060-1061-1062-1063-1064-1065-40-1067-1068-1069-1070-1071-1072-1073-1074-1075-1076-1077-1078-1390-1391-1001-1002-1003-1004-1005-1006-1007-1008-1010-1017-1039-12
[2026-08-11 17:29:57.311436] [INFO] [path_server] 노드 업데이트 : [1060] ➜ [1061]
[2026-08-11 17:29:57.391307] [INFO] [path_server] 새로운 경로 설정 : path[1060 ➜ 12] time[0s] dist[54.1231m] list[33] : 1060-1061-1062-1063-1064-1065-40-1067-1068-1069-1070-1071-1072-1073-1074-1075-1076-1077-1078-1390-1391-1001-1002-1003-1004-1005-1006-1007-1008-1010-1017-1039-12
[2026-08-11 17:29:58.069959] [INFO] [path_server] 노드 업데이트 : [1061] ➜ [1062]
[2026-08-11 17:29:58.149887] [INFO] [path_server] 새로운 경로 설정 : path[1061 ➜ 12] time[0s] dist[52.6231m] list[32] : 1061-1062-1063-1064-1065-40-1067-1068-1069-1070-1071-1072-1073-1074-1075-1076-1077-1078-1390-1391-1001-1002-1003-1004-1005-1006-1007-1008-1010-1017-1039-12
[2026-08-11 17:29:58.828568] [INFO] [path_server] 노드 업데이트 : [1062] ➜ [1063]
[2026-08-11 17:29:58.908527] [INFO] [path_server] 새로운 경로 설정 : path[1062 ➜ 12] time[0s] dist[51.1231m] list[31] : 1062-1063-1064-1065-40-1067-1068-1069-1070-1071-1072-1073-1074-1075-1076-1077-1078-1390-1391-1001-1002-1003-1004-1005-1006-1007-1008-1010-1017-1039-12
[2026-08-11 17:29:59.567283] [INFO] [path_server] 노드 업데이트 : [1063] ➜ [1064]
[2026-08-11 17:29:59.647128] [INFO] [path_server] 새로운 경로 설정 : path[1063 ➜ 12] time[0s] dist[49.6231m] list[30] : 1063-1064-1065-40-1067-1068-1069-1070-1071-1072-1073-1074-1075-1076-1077-1078-1390-1391-1001-1002-1003-1004-1005-1006-1007-1008-1010-1017-1039-12
[2026-08-11 17:30:00.325865] [INFO] [path_server] 노드 업데이트 : [1064] ➜ [1065]
[2026-08-11 17:30:00.405795] [INFO] [path_server] 새로운 경로 설정 : path[1064 ➜ 12] time[0s] dist[48.1231m] list[29] : 1064-1065-40-1067-1068-1069-1070-1071-1072-1073-1074-1075-1076-1077-1078-1390-1391-1001-1002-1003-1004-1005-1006-1007-1008-1010-1017-1039-12
[2026-08-11 17:30:01.064539] [INFO] [path_server] 노드 업데이트 : [1065] ➜ [40]
[2026-08-11 17:30:01.144417] [INFO] [path_server] 새로운 경로 설정 : path[1065 ➜ 12] time[0s] dist[46.6231m] list[28] : 1065-40-1067-1068-1069-1070-1071-1072-1073-1074-1075-1076-1077-1078-1390-1391-1001-1002-1003-1004-1005-1006-1007-1008-1010-1017-1039-12
[2026-08-11 17:30:01.823096] [INFO] [path_server] 노드 업데이트 : [40] ➜ [1067]
[2026-08-11 17:30:01.903037] [INFO] [path_server] 새로운 경로 설정 : path[40 ➜ 12] time[0s] dist[45.1231m] list[27] : 40-1067-1068-1069-1070-1071-1072-1073-1074-1075-1076-1077-1078-1390-1391-1001-1002-1003-1004-1005-1006-1007-1008-1010-1017-1039-12
[2026-08-11 17:30:02.561693] [INFO] [path_server] 노드 업데이트 : [1067] ➜ [1068]
[2026-08-11 17:30:02.641587] [INFO] [path_server] 새로운 경로 설정 : path[1067 ➜ 12] time[0s] dist[43.6231m] list[26] : 1067-1068-1069-1070-1071-1072-1073-1074-1075-1076-1077-1078-1390-1391-1001-1002-1003-1004-1005-1006-1007-1008-1010-1017-1039-12
[2026-08-11 17:30:03.320196] [INFO] [path_server] 노드 업데이트 : [1068] ➜ [1069]
[2026-08-11 17:30:03.400127] [INFO] [path_server] 새로운 경로 설정 : path[1068 ➜ 12] time[0s] dist[42.1231m] list[25] : 1068-1069-1070-1071-1072-1073-1074-1075-1076-1077-1078-1390-1391-1001-1002-1003-1004-1005-1006-1007-1008-1010-1017-1039-12
[2026-08-11 17:30:04.078805] [INFO] [path_server] 노드 업데이트 : [1069] ➜ [1070]
[2026-08-11 17:30:04.138730] [INFO] [path_server] 새로운 경로 설정 : path[1069 ➜ 12] time[0s] dist[40.6231m] list[24] : 1069-1070-1071-1072-1073-1074-1075-1076-1077-1078-1390-1391-1001-1002-1003-1004-1005-1006-1007-1008-1010-1017-1039-12
[2026-08-11 17:30:04.817397] [INFO] [path_server] 노드 업데이트 : [1070] ➜ [1071]
[2026-08-11 17:30:04.897356] [INFO] [path_server] 새로운 경로 설정 : path[1070 ➜ 12] time[0s] dist[39.1231m] list[23] : 1070-1071-1072-1073-1074-1075-1076-1077-1078-1390-1391-1001-1002-1003-1004-1005-1006-1007-1008-1010-1017-1039-12
[2026-08-11 17:30:05.576054] [INFO] [path_server] 노드 업데이트 : [1071] ➜ [1072]
[2026-08-11 17:30:05.635966] [INFO] [path_server] 새로운 경로 설정 : path[1071 ➜ 12] time[0s] dist[37.6231m] list[22] : 1071-1072-1073-1074-1075-1076-1077-1078-1390-1391-1001-1002-1003-1004-1005-1006-1007-1008-1010-1017-1039-12
[2026-08-11 17:30:06.314627] [INFO] [path_server] 노드 업데이트 : [1072] ➜ [1073]
[2026-08-11 17:30:06.394533] [INFO] [path_server] 새로운 경로 설정 : path[1072 ➜ 12] time[0s] dist[36.1231m] list[21] : 1072-1073-1074-1075-1076-1077-1078-1390-1391-1001-1002-1003-1004-1005-1006-1007-1008-1010-1017-1039-12
[2026-08-11 17:30:07.073266] [INFO] [path_server] 노드 업데이트 : [1073] ➜ [1074]
[2026-08-11 17:30:07.133177] [INFO] [path_server] 새로운 경로 설정 : path[1073 ➜ 12] time[0s] dist[34.6231m] list[20] : 1073-1074-1075-1076-1077-1078-1390-1391-1001-1002-1003-1004-1005-1006-1007-1008-1010-1017-1039-12
[2026-08-11 17:30:07.811769] [INFO] [path_server] 노드 업데이트 : [1074] ➜ [1075]
[2026-08-11 17:30:07.891714] [INFO] [path_server] 새로운 경로 설정 : path[1074 ➜ 12] time[0s] dist[33.1231m] list[19] : 1074-1075-1076-1077-1078-1390-1391-1001-1002-1003-1004-1005-1006-1007-1008-1010-1017-1039-12
[2026-08-11 17:30:08.570346] [INFO] [path_server] 노드 업데이트 : [1075] ➜ [1076]
[2026-08-11 17:30:08.630275] [INFO] [path_server] 새로운 경로 설정 : path[1075 ➜ 12] time[0s] dist[31.6231m] list[18] : 1075-1076-1077-1078-1390-1391-1001-1002-1003-1004-1005-1006-1007-1008-1010-1017-1039-12
[2026-08-11 17:30:09.967472] [INFO] [path_server] 노드 업데이트 : [1076] ➜ [1077]
[2026-08-11 17:30:10.047428] [INFO] [path_server] 새로운 경로 설정 : path[1076 ➜ 12] time[0s] dist[30.1231m] list[17] : 1076-1077-1078-1390-1391-1001-1002-1003-1004-1005-1006-1007-1008-1010-1017-1039-12
[2026-08-11 17:30:13.441509] [INFO] [path_server] 노드 업데이트 : [1077] ➜ [1078]
[2026-08-11 17:30:13.521437] [INFO] [path_server] 새로운 경로 설정 : path[1077 ➜ 12] time[0s] dist[28.6231m] list[16] : 1077-1078-1390-1391-1001-1002-1003-1004-1005-1006-1007-1008-1010-1017-1039-12
[2026-08-11 17:30:14.559254] [INFO] [path_server] 노드 업데이트 : [1078] ➜ [1390]
[2026-08-11 17:30:14.639186] [INFO] [path_server] 새로운 경로 설정 : path[1078 ➜ 12] time[0s] dist[27.1231m] list[15] : 1078-1390-1391-1001-1002-1003-1004-1005-1006-1007-1008-1010-1017-1039-12
[2026-08-11 17:30:15.377709] [INFO] [path_server] 노드 업데이트 : [1390] ➜ [1391]
[2026-08-11 17:30:15.437639] [INFO] [path_server] 새로운 경로 설정 : path[1390 ➜ 12] time[0s] dist[25.6231m] list[14] : 1390-1391-1001-1002-1003-1004-1005-1006-1007-1008-1010-1017-1039-12
[2026-08-11 17:30:16.136239] [INFO] [path_server] 노드 업데이트 : [1391] ➜ [1001]
[2026-08-11 17:30:16.216122] [INFO] [path_server] 새로운 경로 설정 : path[1391 ➜ 12] time[0s] dist[24.1231m] list[13] : 1391-1001-1002-1003-1004-1005-1006-1007-1008-1010-1017-1039-12
[2026-08-11 17:30:17.513563] [INFO] [path_server] 노드 업데이트 : [1001] ➜ [1002]
[2026-08-11 17:30:17.593446] [INFO] [path_server] 새로운 경로 설정 : path[1001 ➜ 12] time[0s] dist[22.6231m] list[12] : 1001-1002-1003-1004-1005-1006-1007-1008-1010-1017-1039-12
[2026-08-11 17:30:20.986899] [INFO] [path_server] 노드 업데이트 : [1002] ➜ [1003]
[2026-08-11 17:30:21.066711] [INFO] [path_server] 새로운 경로 설정 : path[1002 ➜ 12] time[0s] dist[21.1231m] list[11] : 1002-1003-1004-1005-1006-1007-1008-1010-1017-1039-12
[2026-08-11 17:30:22.084978] [INFO] [path_server] 노드 업데이트 : [1003] ➜ [1004]
[2026-08-11 17:30:22.145209] [INFO] [path_server] 새로운 경로 설정 : path[1003 ➜ 12] time[0s] dist[19.6231m] list[10] : 1003-1004-1005-1006-1007-1008-1010-1017-1039-12
[2026-08-11 17:30:22.904502] [INFO] [path_server] 노드 업데이트 : [1004] ➜ [1005]
[2026-08-11 17:30:22.984374] [INFO] [path_server] 새로운 경로 설정 : path[1004 ➜ 12] time[0s] dist[18.1231m] list[9] : 1004-1005-1006-1007-1008-1010-1017-1039-12
[2026-08-11 17:30:23.662974] [INFO] [path_server] 노드 업데이트 : [1005] ➜ [1006]
[2026-08-11 17:30:23.742906] [INFO] [path_server] 새로운 경로 설정 : path[1005 ➜ 12] time[0s] dist[16.6231m] list[8] : 1005-1006-1007-1008-1010-1017-1039-12
[2026-08-11 17:30:24.401529] [INFO] [path_server] 노드 업데이트 : [1006] ➜ [1007]
[2026-08-11 17:30:24.481395] [INFO] [path_server] 새로운 경로 설정 : path[1006 ➜ 12] time[0s] dist[15.1231m] list[7] : 1006-1007-1008-1010-1017-1039-12
[2026-08-11 17:30:25.159934] [INFO] [path_server] 노드 업데이트 : [1007] ➜ [1008]
[2026-08-11 17:30:25.239843] [INFO] [path_server] 새로운 경로 설정 : path[1007 ➜ 12] time[0s] dist[13.6231m] list[6] : 1007-1008-1010-1017-1039-12
[2026-08-11 17:30:25.918471] [INFO] [path_server] 노드 업데이트 : [1008] ➜ [1010]
[2026-08-11 17:30:25.978386] [INFO] [path_server] 새로운 경로 설정 : path[1008 ➜ 12] time[0s] dist[12.1231m] list[5] : 1008-1010-1017-1039-12
[2026-08-11 17:30:26.736816] [INFO] [path_server] 노드 업데이트 : [1010] ➜ [1017]
[2026-08-11 17:30:26.836641] [INFO] [path_server] 새로운 경로 설정 : path[1010 ➜ 12] time[0s] dist[10.6231m] list[4] : 1010-1017-1039-12
[2026-08-11 17:30:32.665548] [INFO] [path_server] 노드 업데이트 : [1017] ➜ [1039]
[2026-08-11 17:30:32.725485] [INFO] [path_server] 새로운 경로 설정 : path[1017 ➜ 12] time[0s] dist[6.5m] list[3] : 1017-1039-12
[2026-08-11 17:30:39.072859] [INFO] [path_server] 노드 업데이트 : [1039] ➜ [12]
[2026-08-11 17:30:39.132783] [INFO] [path_server] 새로운 경로 설정 : path[1039 ➜ 12] time[0s] dist[1.5m] list[2] : 1039-12
[2026-08-11 17:30:41.289172] [INFO] [path_server] 노드 업데이트 : [12] ➜ [-1]
[2026-08-11 17:30:44.522540] [INFO] [path_server] 노드 업데이트 : [12] ➜ [-1]
[2026-08-11 17:30:46.698110] [INFO] [path_server] 경로 삭제
[2026-08-11 17:30:46.817926] [INFO] [path_server] 새로운 경로 설정 : path[12 ➜ 107] time[0s] dist[80m] list[52] : 12-1045-1048-1130-1051-1052-1198-1199-1053-1054-1055-1056-1057-1058-1059-1060-1061-1062-1063-1064-1065-40-1067-1068-1069-1070-1071-1072-1073-1074-1075-1076-1159-1158-1157-1160-1161-1162-1163-1164-1165-1166-1167-1168-41-1170-1171-1172-1173-1174-1175-107
[2026-08-11 17:30:49.552266] [INFO] [path_server] 노드 업데이트 : [1045] ➜ [1048]
[2026-08-11 17:30:49.632328] [INFO] [path_server] 새로운 경로 설정 : path[1045 ➜ 107] time[0s] dist[78m] list[51] : 1045-1048-1130-1051-1052-1198-1199-1053-1054-1055-1056-1057-1058-1059-1060-1061-1062-1063-1064-1065-40-1067-1068-1069-1070-1071-1072-1073-1074-1075-1076-1159-1158-1157-1160-1161-1162-1163-1164-1165-1166-1167-1168-41-1170-1171-1172-1173-1174-1175-107
[2026-08-11 17:30:51.289252] [INFO] [path_server] 노드 업데이트 : [1048] ➜ [1130]
[2026-08-11 17:30:51.369365] [INFO] [path_server] 새로운 경로 설정 : path[1048 ➜ 107] time[0s] dist[75.5m] list[50] : 1048-1130-1051-1052-1198-1199-1053-1054-1055-1056-1057-1058-1059-1060-1061-1062-1063-1064-1065-40-1067-1068-1069-1070-1071-1072-1073-1074-1075-1076-1159-1158-1157-1160-1161-1162-1163-1164-1165-1166-1167-1168-41-1170-1171-1172-1173-1174-1175-107
[2026-08-11 17:30:56.499391] [INFO] [path_server] 노드 업데이트 : [1130] ➜ [1051]
[2026-08-11 17:30:56.579258] [INFO] [path_server] 새로운 경로 설정 : path[1130 ➜ 107] time[0s] dist[73m] list[49] : 1130-1051-1052-1198-1199-1053-1054-1055-1056-1057-1058-1059-1060-1061-1062-1063-1064-1065-40-1067-1068-1069-1070-1071-1072-1073-1074-1075-1076-1159-1158-1157-1160-1161-1162-1163-1164-1165-1166-1167-1168-41-1170-1171-1172-1173-1174-1175-107
[2026-08-11 17:30:58.235827] [INFO] [path_server] 노드 업데이트 : [1051] ➜ [1052]
[2026-08-11 17:30:58.315715] [INFO] [path_server] 새로운 경로 설정 : path[1051 ➜ 107] time[0s] dist[70.5m] list[48] : 1051-1052-1198-1199-1053-1054-1055-1056-1057-1058-1059-1060-1061-1062-1063-1064-1065-40-1067-1068-1069-1070-1071-1072-1073-1074-1075-1076-1159-1158-1157-1160-1161-1162-1163-1164-1165-1166-1167-1168-41-1170-1171-1172-1173-1174-1175-107
[2026-08-11 17:31:02.467446] [INFO] [path_server] 노드 업데이트 : [1052] ➜ [1198]
[2026-08-11 17:31:02.547421] [INFO] [path_server] 새로운 경로 설정 : path[1052 ➜ 107] time[0s] dist[69m] list[47] : 1052-1198-1199-1053-1054-1055-1056-1057-1058-1059-1060-1061-1062-1063-1064-1065-40-1067-1068-1069-1070-1071-1072-1073-1074-1075-1076-1159-1158-1157-1160-1161-1162-1163-1164-1165-1166-1167-1168-41-1170-1171-1172-1173-1174-1175-107
[2026-08-11 17:31:03.984770] [INFO] [path_server] 노드 업데이트 : [1198] ➜ [1199]
[2026-08-11 17:31:04.064637] [INFO] [path_server] 새로운 경로 설정 : path[1198 ➜ 107] time[0s] dist[67.5m] list[46] : 1198-1199-1053-1054-1055-1056-1057-1058-1059-1060-1061-1062-1063-1064-1065-40-1067-1068-1069-1070-1071-1072-1073-1074-1075-1076-1159-1158-1157-1160-1161-1162-1163-1164-1165-1166-1167-1168-41-1170-1171-1172-1173-1174-1175-107
[2026-08-11 17:31:07.438916] [INFO] [path_server] 노드 업데이트 : [1199] ➜ [1053]
[2026-08-11 17:31:07.518781] [INFO] [path_server] 새로운 경로 설정 : path[1199 ➜ 107] time[0s] dist[66m] list[45] : 1199-1053-1054-1055-1056-1057-1058-1059-1060-1061-1062-1063-1064-1065-40-1067-1068-1069-1070-1071-1072-1073-1074-1075-1076-1159-1158-1157-1160-1161-1162-1163-1164-1165-1166-1167-1168-41-1170-1171-1172-1173-1174-1175-107
[2026-08-11 17:31:08.536663] [INFO] [path_server] 노드 업데이트 : [1053] ➜ [1054]
[2026-08-11 17:31:08.596646] [INFO] [path_server] 새로운 경로 설정 : path[1053 ➜ 107] time[0s] dist[64.5m] list[44] : 1053-1054-1055-1056-1057-1058-1059-1060-1061-1062-1063-1064-1065-40-1067-1068-1069-1070-1071-1072-1073-1074-1075-1076-1159-1158-1157-1160-1161-1162-1163-1164-1165-1166-1167-1168-41-1170-1171-1172-1173-1174-1175-107
[2026-08-11 17:31:09.355411] [INFO] [path_server] 노드 업데이트 : [1054] ➜ [1055]
[2026-08-11 17:31:09.435334] [INFO] [path_server] 새로운 경로 설정 : path[1054 ➜ 107] time[0s] dist[63m] list[43] : 1054-1055-1056-1057-1058-1059-1060-1061-1062-1063-1064-1065-40-1067-1068-1069-1070-1071-1072-1073-1074-1075-1076-1159-1158-1157-1160-1161-1162-1163-1164-1165-1166-1167-1168-41-1170-1171-1172-1173-1174-1175-107
[2026-08-11 17:31:10.093922] [INFO] [path_server] 노드 업데이트 : [1055] ➜ [1056]
[2026-08-11 17:31:10.153817] [INFO] [path_server] 새로운 경로 설정 : path[1055 ➜ 107] time[0s] dist[61.5m] list[42] : 1055-1056-1057-1058-1059-1060-1061-1062-1063-1064-1065-40-1067-1068-1069-1070-1071-1072-1073-1074-1075-1076-1159-1158-1157-1160-1161-1162-1163-1164-1165-1166-1167-1168-41-1170-1171-1172-1173-1174-1175-107
[2026-08-11 17:31:11.351309] [INFO] [path_server] 노드 업데이트 : [1056] ➜ [1057]
[2026-08-11 17:31:11.411215] [INFO] [path_server] 새로운 경로 설정 : path[1056 ➜ 107] time[0s] dist[60m] list[41] : 1056-1057-1058-1059-1060-1061-1062-1063-1064-1065-40-1067-1068-1069-1070-1071-1072-1073-1074-1075-1076-1159-1158-1157-1160-1161-1162-1163-1164-1165-1166-1167-1168-41-1170-1171-1172-1173-1174-1175-107
[2026-08-11 17:31:14.645019] [INFO] [path_server] 노드 업데이트 : [1057] ➜ [1058]
[2026-08-11 17:31:14.704963] [INFO] [path_server] 새로운 경로 설정 : path[1057 ➜ 107] time[0s] dist[58.5m] list[40] : 1057-1058-1059-1060-1061-1062-1063-1064-1065-40-1067-1068-1069-1070-1071-1072-1073-1074-1075-1076-1159-1158-1157-1160-1161-1162-1163-1164-1165-1166-1167-1168-41-1170-1171-1172-1173-1174-1175-107
[2026-08-11 17:31:15.802563] [INFO] [path_server] 노드 업데이트 : [1058] ➜ [1059]
[2026-08-11 17:31:15.882504] [INFO] [path_server] 새로운 경로 설정 : path[1058 ➜ 107] time[0s] dist[57m] list[39] : 1058-1059-1060-1061-1062-1063-1064-1065-40-1067-1068-1069-1070-1071-1072-1073-1074-1075-1076-1159-1158-1157-1160-1161-1162-1163-1164-1165-1166-1167-1168-41-1170-1171-1172-1173-1174-1175-107
[2026-08-11 17:31:16.640957] [INFO] [path_server] 노드 업데이트 : [1059] ➜ [1060]
[2026-08-11 17:31:16.720902] [INFO] [path_server] 새로운 경로 설정 : path[1059 ➜ 107] time[0s] dist[55.5m] list[38] : 1059-1060-1061-1062-1063-1064-1065-40-1067-1068-1069-1070-1071-1072-1073-1074-1075-1076-1159-1158-1157-1160-1161-1162-1163-1164-1165-1166-1167-1168-41-1170-1171-1172-1173-1174-1175-107
[2026-08-11 17:31:17.379622] [INFO] [path_server] 노드 업데이트 : [1060] ➜ [1061]
[2026-08-11 17:31:17.459508] [INFO] [path_server] 새로운 경로 설정 : path[1060 ➜ 107] time[0s] dist[54m] list[37] : 1060-1061-1062-1063-1064-1065-40-1067-1068-1069-1070-1071-1072-1073-1074-1075-1076-1159-1158-1157-1160-1161-1162-1163-1164-1165-1166-1167-1168-41-1170-1171-1172-1173-1174-1175-107
[2026-08-11 17:31:18.138175] [INFO] [path_server] 노드 업데이트 : [1061] ➜ [1062]
[2026-08-11 17:31:18.218128] [INFO] [path_server] 새로운 경로 설정 : path[1061 ➜ 107] time[0s] dist[52.5m] list[36] : 1061-1062-1063-1064-1065-40-1067-1068-1069-1070-1071-1072-1073-1074-1075-1076-1159-1158-1157-1160-1161-1162-1163-1164-1165-1166-1167-1168-41-1170-1171-1172-1173-1174-1175-107
[2026-08-11 17:31:18.896755] [INFO] [path_server] 노드 업데이트 : [1062] ➜ [1063]
[2026-08-11 17:31:18.956672] [INFO] [path_server] 새로운 경로 설정 : path[1062 ➜ 107] time[0s] dist[51m] list[35] : 1062-1063-1064-1065-40-1067-1068-1069-1070-1071-1072-1073-1074-1075-1076-1159-1158-1157-1160-1161-1162-1163-1164-1165-1166-1167-1168-41-1170-1171-1172-1173-1174-1175-107
[2026-08-11 17:31:19.635369] [INFO] [path_server] 노드 업데이트 : [1063] ➜ [1064]
[2026-08-11 17:31:19.715278] [INFO] [path_server] 새로운 경로 설정 : path[1063 ➜ 107] time[0s] dist[49.5m] list[34] : 1063-1064-1065-40-1067-1068-1069-1070-1071-1072-1073-1074-1075-1076-1159-1158-1157-1160-1161-1162-1163-1164-1165-1166-1167-1168-41-1170-1171-1172-1173-1174-1175-107
[2026-08-11 17:31:20.393815] [INFO] [path_server] 노드 업데이트 : [1064] ➜ [1065]
[2026-08-11 17:31:20.473739] [INFO] [path_server] 새로운 경로 설정 : path[1064 ➜ 107] time[0s] dist[48m] list[33] : 1064-1065-40-1067-1068-1069-1070-1071-1072-1073-1074-1075-1076-1159-1158-1157-1160-1161-1162-1163-1164-1165-1166-1167-1168-41-1170-1171-1172-1173-1174-1175-107
[2026-08-11 17:31:21.132462] [INFO] [path_server] 노드 업데이트 : [1065] ➜ [40]
[2026-08-11 17:31:21.212464] [INFO] [path_server] 새로운 경로 설정 : path[1065 ➜ 107] time[0s] dist[46.5m] list[32] : 1065-40-1067-1068-1069-1070-1071-1072-1073-1074-1075-1076-1159-1158-1157-1160-1161-1162-1163-1164-1165-1166-1167-1168-41-1170-1171-1172-1173-1174-1175-107
[2026-08-11 17:31:21.890935] [INFO] [path_server] 노드 업데이트 : [40] ➜ [1067]
[2026-08-11 17:31:21.970847] [INFO] [path_server] 새로운 경로 설정 : path[40 ➜ 107] time[0s] dist[45m] list[31] : 40-1067-1068-1069-1070-1071-1072-1073-1074-1075-1076-1159-1158-1157-1160-1161-1162-1163-1164-1165-1166-1167-1168-41-1170-1171-1172-1173-1174-1175-107
[2026-08-11 17:31:22.630658] [INFO] [path_server] 노드 업데이트 : [1067] ➜ [1068]
[2026-08-11 17:31:22.710529] [INFO] [path_server] 새로운 경로 설정 : path[1067 ➜ 107] time[0s] dist[43.5m] list[30] : 1067-1068-1069-1070-1071-1072-1073-1074-1075-1076-1159-1158-1157-1160-1161-1162-1163-1164-1165-1166-1167-1168-41-1170-1171-1172-1173-1174-1175-107
[2026-08-11 17:31:23.389049] [INFO] [path_server] 노드 업데이트 : [1068] ➜ [1069]
[2026-08-11 17:31:23.468993] [INFO] [path_server] 새로운 경로 설정 : path[1068 ➜ 107] time[0s] dist[42m] list[29] : 1068-1069-1070-1071-1072-1073-1074-1075-1076-1159-1158-1157-1160-1161-1162-1163-1164-1165-1166-1167-1168-41-1170-1171-1172-1173-1174-1175-107
[2026-08-11 17:31:24.147541] [INFO] [path_server] 노드 업데이트 : [1069] ➜ [1070]
[2026-08-11 17:31:24.207460] [INFO] [path_server] 새로운 경로 설정 : path[1069 ➜ 107] time[0s] dist[40.5m] list[28] : 1069-1070-1071-1072-1073-1074-1075-1076-1159-1158-1157-1160-1161-1162-1163-1164-1165-1166-1167-1168-41-1170-1171-1172-1173-1174-1175-107
[2026-08-11 17:31:24.886117] [INFO] [path_server] 노드 업데이트 : [1070] ➜ [1071]
[2026-08-11 17:31:24.966029] [INFO] [path_server] 새로운 경로 설정 : path[1070 ➜ 107] time[0s] dist[39m] list[27] : 1070-1071-1072-1073-1074-1075-1076-1159-1158-1157-1160-1161-1162-1163-1164-1165-1166-1167-1168-41-1170-1171-1172-1173-1174-1175-107
[2026-08-11 17:31:25.644673] [INFO] [path_server] 노드 업데이트 : [1071] ➜ [1072]
[2026-08-11 17:31:25.704604] [INFO] [path_server] 새로운 경로 설정 : path[1071 ➜ 107] time[0s] dist[37.5m] list[26] : 1071-1072-1073-1074-1075-1076-1159-1158-1157-1160-1161-1162-1163-1164-1165-1166-1167-1168-41-1170-1171-1172-1173-1174-1175-107
[2026-08-11 17:31:26.383088] [INFO] [path_server] 노드 업데이트 : [1072] ➜ [1073]
[2026-08-11 17:31:26.463008] [INFO] [path_server] 새로운 경로 설정 : path[1072 ➜ 107] time[0s] dist[36m] list[25] : 1072-1073-1074-1075-1076-1159-1158-1157-1160-1161-1162-1163-1164-1165-1166-1167-1168-41-1170-1171-1172-1173-1174-1175-107
[2026-08-11 17:31:27.141592] [INFO] [path_server] 노드 업데이트 : [1073] ➜ [1074]
[2026-08-11 17:31:27.201544] [INFO] [path_server] 새로운 경로 설정 : path[1073 ➜ 107] time[0s] dist[34.5m] list[24] : 1073-1074-1075-1076-1159-1158-1157-1160-1161-1162-1163-1164-1165-1166-1167-1168-41-1170-1171-1172-1173-1174-1175-107
[2026-08-11 17:31:27.880061] [INFO] [path_server] 노드 업데이트 : [1074] ➜ [1075]
[2026-08-11 17:31:27.960010] [INFO] [path_server] 새로운 경로 설정 : path[1074 ➜ 107] time[0s] dist[33m] list[23] : 1074-1075-1076-1159-1158-1157-1160-1161-1162-1163-1164-1165-1166-1167-1168-41-1170-1171-1172-1173-1174-1175-107
[2026-08-11 17:31:28.638600] [INFO] [path_server] 노드 업데이트 : [1075] ➜ [1076]
[2026-08-11 17:31:28.698531] [INFO] [path_server] 새로운 경로 설정 : path[1075 ➜ 107] time[0s] dist[31.5m] list[22] : 1075-1076-1159-1158-1157-1160-1161-1162-1163-1164-1165-1166-1167-1168-41-1170-1171-1172-1173-1174-1175-107
[2026-08-11 17:31:30.035990] [INFO] [path_server] 노드 업데이트 : [1076] ➜ [1159]
[2026-08-11 17:31:30.115948] [INFO] [path_server] 새로운 경로 설정 : path[1076 ➜ 107] time[0s] dist[30m] list[21] : 1076-1159-1158-1157-1160-1161-1162-1163-1164-1165-1166-1167-1168-41-1170-1171-1172-1173-1174-1175-107
[2026-08-11 17:31:33.509182] [INFO] [path_server] 노드 업데이트 : [1159] ➜ [1158]
[2026-08-11 17:31:33.589046] [INFO] [path_server] 새로운 경로 설정 : path[1159 ➜ 107] time[0s] dist[28.5m] list[20] : 1159-1158-1157-1160-1161-1162-1163-1164-1165-1166-1167-1168-41-1170-1171-1172-1173-1174-1175-107
[2026-08-11 17:31:34.626761] [INFO] [path_server] 노드 업데이트 : [1158] ➜ [1157]
[2026-08-11 17:31:34.706670] [INFO] [path_server] 새로운 경로 설정 : path[1158 ➜ 107] time[0s] dist[27m] list[19] : 1158-1157-1160-1161-1162-1163-1164-1165-1166-1167-1168-41-1170-1171-1172-1173-1174-1175-107
[2026-08-11 17:31:36.044060] [INFO] [path_server] 노드 업데이트 : [1157] ➜ [1160]
[2026-08-11 17:31:36.103975] [INFO] [path_server] 새로운 경로 설정 : path[1157 ➜ 107] time[0s] dist[25.5m] list[18] : 1157-1160-1161-1162-1163-1164-1165-1166-1167-1168-41-1170-1171-1172-1173-1174-1175-107
[2026-08-11 17:31:39.477441] [INFO] [path_server] 노드 업데이트 : [1160] ➜ [1161]
[2026-08-11 17:31:39.557360] [INFO] [path_server] 새로운 경로 설정 : path[1160 ➜ 107] time[0s] dist[24m] list[17] : 1160-1161-1162-1163-1164-1165-1166-1167-1168-41-1170-1171-1172-1173-1174-1175-107
[2026-08-11 17:31:40.595212] [INFO] [path_server] 노드 업데이트 : [1161] ➜ [1162]
[2026-08-11 17:31:40.655127] [INFO] [path_server] 새로운 경로 설정 : path[1161 ➜ 107] time[0s] dist[22.5m] list[16] : 1161-1162-1163-1164-1165-1166-1167-1168-41-1170-1171-1172-1173-1174-1175-107
[2026-08-11 17:31:41.413558] [INFO] [path_server] 노드 업데이트 : [1162] ➜ [1163]
[2026-08-11 17:31:41.493419] [INFO] [path_server] 새로운 경로 설정 : path[1162 ➜ 107] time[0s] dist[21m] list[15] : 1162-1163-1164-1165-1166-1167-1168-41-1170-1171-1172-1173-1174-1175-107
[2026-08-11 17:31:42.152189] [INFO] [path_server] 노드 업데이트 : [1163] ➜ [1164]
[2026-08-11 17:31:42.212095] [INFO] [path_server] 새로운 경로 설정 : path[1163 ➜ 107] time[0s] dist[19.5m] list[14] : 1163-1164-1165-1166-1167-1168-41-1170-1171-1172-1173-1174-1175-107
[2026-08-11 17:31:42.910631] [INFO] [path_server] 노드 업데이트 : [1164] ➜ [1165]
[2026-08-11 17:31:42.990521] [INFO] [path_server] 새로운 경로 설정 : path[1164 ➜ 107] time[0s] dist[18m] list[13] : 1164-1165-1166-1167-1168-41-1170-1171-1172-1173-1174-1175-107
[2026-08-11 17:31:43.649069] [INFO] [path_server] 노드 업데이트 : [1165] ➜ [1166]
[2026-08-11 17:31:43.709015] [INFO] [path_server] 새로운 경로 설정 : path[1165 ➜ 107] time[0s] dist[16.5m] list[12] : 1165-1166-1167-1168-41-1170-1171-1172-1173-1174-1175-107
[2026-08-11 17:31:44.407529] [INFO] [path_server] 노드 업데이트 : [1166] ➜ [1167]
[2026-08-11 17:31:44.507347] [INFO] [path_server] 새로운 경로 설정 : path[1166 ➜ 107] time[0s] dist[15m] list[11] : 1166-1167-1168-41-1170-1171-1172-1173-1174-1175-107
[2026-08-11 17:31:45.166105] [INFO] [path_server] 노드 업데이트 : [1167] ➜ [1168]
[2026-08-11 17:31:45.245946] [INFO] [path_server] 새로운 경로 설정 : path[1167 ➜ 107] time[0s] dist[13.5m] list[10] : 1167-1168-41-1170-1171-1172-1173-1174-1175-107
[2026-08-11 17:31:45.904574] [INFO] [path_server] 노드 업데이트 : [1168] ➜ [41]
[2026-08-11 17:31:45.964463] [INFO] [path_server] 새로운 경로 설정 : path[1168 ➜ 107] time[0s] dist[12m] list[9] : 1168-41-1170-1171-1172-1173-1174-1175-107
[2026-08-11 17:31:46.662950] [INFO] [path_server] 노드 업데이트 : [41] ➜ [1170]
[2026-08-11 17:31:46.742800] [INFO] [path_server] 새로운 경로 설정 : path[41 ➜ 107] time[0s] dist[10.5m] list[8] : 41-1170-1171-1172-1173-1174-1175-107
[2026-08-11 17:31:47.401387] [INFO] [path_server] 노드 업데이트 : [1170] ➜ [1171]
[2026-08-11 17:31:47.461279] [INFO] [path_server] 새로운 경로 설정 : path[1170 ➜ 107] time[0s] dist[9m] list[7] : 1170-1171-1172-1173-1174-1175-107
[2026-08-11 17:31:48.159935] [INFO] [path_server] 노드 업데이트 : [1171] ➜ [1172]
[2026-08-11 17:31:48.239749] [INFO] [path_server] 새로운 경로 설정 : path[1171 ➜ 107] time[0s] dist[7.5m] list[6] : 1171-1172-1173-1174-1175-107
[2026-08-11 17:31:48.898408] [INFO] [path_server] 노드 업데이트 : [1172] ➜ [1173]
[2026-08-11 17:31:48.958279] [INFO] [path_server] 새로운 경로 설정 : path[1172 ➜ 107] time[0s] dist[6m] list[5] : 1172-1173-1174-1175-107
[2026-08-11 17:31:49.656814] [INFO] [path_server] 노드 업데이트 : [1173] ➜ [1174]
[2026-08-11 17:31:49.736695] [INFO] [path_server] 새로운 경로 설정 : path[1173 ➜ 107] time[0s] dist[4.5m] list[4] : 1173-1174-1175-107
[2026-08-11 17:31:50.415205] [INFO] [path_server] 노드 업데이트 : [1174] ➜ [1175]
[2026-08-11 17:31:50.495120] [INFO] [path_server] 새로운 경로 설정 : path[1174 ➜ 107] time[0s] dist[3m] list[3] : 1174-1175-107
[2026-08-11 17:31:51.732380] [INFO] [path_server] 노드 업데이트 : [1175] ➜ [107]
[2026-08-11 17:31:51.812275] [INFO] [path_server] 새로운 경로 설정 : path[1175 ➜ 107] time[0s] dist[1.5m] list[2] : 1175-107
[2026-08-11 17:31:55.704421] [INFO] [path_server] 노드 업데이트 : [107] ➜ [-1]
[2026-08-11 17:31:59.557108] [INFO] [path_server] 노드 업데이트 : [107] ➜ [-1]
[2026-08-11 17:32:44.947297] [INFO] [path_server] 경로 삭제
[2026-08-11 17:32:44.967274] [INFO] [path_server] 경로 삭제
[2026-08-11 17:33:58.767882] [INFO] [path_server] 경로 삭제
[2026-08-11 17:33:58.807795] [INFO] [path_server] 경로 삭제
[2026-08-11 17:34:07.094603] [INFO] [path_server] 새로운 경로 설정 : path[107 ➜ 208] time[0s] dist[19.5m] list[14] : 107-1175-1176-1177-1178-1081-1185-1186-1187-1188-1056-1057-1058-208
[2026-08-11 17:34:10.946806] [INFO] [path_server] 노드 업데이트 : [1175] ➜ [1176]
[2026-08-11 17:34:11.026681] [INFO] [path_server] 새로운 경로 설정 : path[1175 ➜ 208] time[0s] dist[18m] list[13] : 1175-1176-1177-1178-1081-1185-1186-1187-1188-1056-1057-1058-208
[2026-08-11 17:34:14.539625] [INFO] [path_server] 노드 업데이트 : [1176] ➜ [1177]
[2026-08-11 17:34:14.619448] [INFO] [path_server] 새로운 경로 설정 : path[1176 ➜ 208] time[0s] dist[16.5m] list[12] : 1176-1177-1178-1081-1185-1186-1187-1188-1056-1057-1058-208
[2026-08-11 17:34:15.657358] [INFO] [path_server] 노드 업데이트 : [1177] ➜ [1178]
[2026-08-11 17:34:15.737276] [INFO] [path_server] 새로운 경로 설정 : path[1177 ➜ 208] time[0s] dist[15m] list[11] : 1177-1178-1081-1185-1186-1187-1188-1056-1057-1058-208
[2026-08-11 17:34:16.475691] [INFO] [path_server] 노드 업데이트 : [1178] ➜ [1081]
[2026-08-11 17:34:16.535603] [INFO] [path_server] 새로운 경로 설정 : path[1178 ➜ 208] time[0s] dist[13.5m] list[10] : 1178-1081-1185-1186-1187-1188-1056-1057-1058-208
[2026-08-11 17:34:17.234143] [INFO] [path_server] 노드 업데이트 : [1081] ➜ [1185]
[2026-08-11 17:34:17.313998] [INFO] [path_server] 새로운 경로 설정 : path[1081 ➜ 208] time[0s] dist[12m] list[9] : 1081-1185-1186-1187-1188-1056-1057-1058-208
[2026-08-11 17:34:18.631305] [INFO] [path_server] 노드 업데이트 : [1185] ➜ [1186]
[2026-08-11 17:34:18.691204] [INFO] [path_server] 새로운 경로 설정 : path[1185 ➜ 208] time[0s] dist[10.5m] list[8] : 1185-1186-1187-1188-1056-1057-1058-208
[2026-08-11 17:34:22.106138] [INFO] [path_server] 노드 업데이트 : [1186] ➜ [1187]
[2026-08-11 17:34:22.186127] [INFO] [path_server] 새로운 경로 설정 : path[1186 ➜ 208] time[0s] dist[9m] list[7] : 1186-1187-1188-1056-1057-1058-208
[2026-08-11 17:34:23.204370] [INFO] [path_server] 노드 업데이트 : [1187] ➜ [1188]
[2026-08-11 17:34:23.284220] [INFO] [path_server] 새로운 경로 설정 : path[1187 ➜ 208] time[0s] dist[7.5m] list[6] : 1187-1188-1056-1057-1058-208
[2026-08-11 17:34:24.461954] [INFO] [path_server] 노드 업데이트 : [1188] ➜ [1056]
[2026-08-11 17:34:24.541842] [INFO] [path_server] 새로운 경로 설정 : path[1188 ➜ 208] time[0s] dist[6m] list[5] : 1188-1056-1057-1058-208
[2026-08-11 17:34:46.298316] [INFO] [path_server] 생성
[2026-08-11 17:34:46.298361] [INFO] [path_server] 경로 삭제
[2026-08-11 17:34:46.300014] [INFO] [path_server] 노드 초기화 성공 : 로봇 좌표[28.671m 17.515m -178.722°] 최단 거리 노드[1058] 거리(0.329662m)
[2026-08-11 17:34:54.884380] [INFO] [path_server] 새로운 경로 설정 : path[1058 ➜ 105] time[0s] dist[54m] list[37] : 1058-1059-1060-1061-1062-1063-1064-1065-40-1067-1068-1069-1070-1071-1072-1073-1074-1075-1076-1159-1158-1157-1160-1161-1162-1163-1164-1165-1166-1167-1168-41-1170-1171-1172-1173-105
[2026-08-11 17:34:57.019939] [INFO] [path_server] 노드 업데이트 : [1059] ➜ [1060]
[2026-08-11 17:34:57.099863] [INFO] [path_server] 새로운 경로 설정 : path[1059 ➜ 105] time[0s] dist[52.5m] list[36] : 1059-1060-1061-1062-1063-1064-1065-40-1067-1068-1069-1070-1071-1072-1073-1074-1075-1076-1159-1158-1157-1160-1161-1162-1163-1164-1165-1166-1167-1168-41-1170-1171-1172-1173-105
[2026-08-11 17:34:58.177621] [INFO] [path_server] 노드 업데이트 : [1060] ➜ [1061]
[2026-08-11 17:34:58.257517] [INFO] [path_server] 새로운 경로 설정 : path[1060 ➜ 105] time[0s] dist[51m] list[35] : 1060-1061-1062-1063-1064-1065-40-1067-1068-1069-1070-1071-1072-1073-1074-1075-1076-1159-1158-1157-1160-1161-1162-1163-1164-1165-1166-1167-1168-41-1170-1171-1172-1173-105
[2026-08-11 17:34:59.015989] [INFO] [path_server] 노드 업데이트 : [1061] ➜ [1062]
[2026-08-11 17:34:59.095894] [INFO] [path_server] 새로운 경로 설정 : path[1061 ➜ 105] time[0s] dist[49.5m] list[34] : 1061-1062-1063-1064-1065-40-1067-1068-1069-1070-1071-1072-1073-1074-1075-1076-1159-1158-1157-1160-1161-1162-1163-1164-1165-1166-1167-1168-41-1170-1171-1172-1173-105
[2026-08-11 17:34:59.754503] [INFO] [path_server] 노드 업데이트 : [1062] ➜ [1063]
[2026-08-11 17:34:59.814427] [INFO] [path_server] 새로운 경로 설정 : path[1062 ➜ 105] time[0s] dist[48m] list[33] : 1062-1063-1064-1065-40-1067-1068-1069-1070-1071-1072-1073-1074-1075-1076-1159-1158-1157-1160-1161-1162-1163-1164-1165-1166-1167-1168-41-1170-1171-1172-1173-105
[2026-08-11 17:35:00.513076] [INFO] [path_server] 노드 업데이트 : [1063] ➜ [1064]
[2026-08-11 17:35:00.592950] [INFO] [path_server] 새로운 경로 설정 : path[1063 ➜ 105] time[0s] dist[46.5m] list[32] : 1063-1064-1065-40-1067-1068-1069-1070-1071-1072-1073-1074-1075-1076-1159-1158-1157-1160-1161-1162-1163-1164-1165-1166-1167-1168-41-1170-1171-1172-1173-105
[2026-08-11 17:35:01.251603] [INFO] [path_server] 노드 업데이트 : [1064] ➜ [1065]
[2026-08-11 17:35:01.331577] [INFO] [path_server] 새로운 경로 설정 : path[1064 ➜ 105] time[0s] dist[45m] list[31] : 1064-1065-40-1067-1068-1069-1070-1071-1072-1073-1074-1075-1076-1159-1158-1157-1160-1161-1162-1163-1164-1165-1166-1167-1168-41-1170-1171-1172-1173-105
[2026-08-11 17:35:02.010437] [INFO] [path_server] 노드 업데이트 : [1065] ➜ [40]
[2026-08-11 17:35:02.070349] [INFO] [path_server] 새로운 경로 설정 : path[1065 ➜ 105] time[0s] dist[43.5m] list[30] : 1065-40-1067-1068-1069-1070-1071-1072-1073-1074-1075-1076-1159-1158-1157-1160-1161-1162-1163-1164-1165-1166-1167-1168-41-1170-1171-1172-1173-105
[2026-08-11 17:35:02.769227] [INFO] [path_server] 노드 업데이트 : [40] ➜ [1067]
[2026-08-11 17:35:02.849132] [INFO] [path_server] 새로운 경로 설정 : path[40 ➜ 105] time[0s] dist[42m] list[29] : 40-1067-1068-1069-1070-1071-1072-1073-1074-1075-1076-1159-1158-1157-1160-1161-1162-1163-1164-1165-1166-1167-1168-41-1170-1171-1172-1173-105
[2026-08-11 17:35:03.507789] [INFO] [path_server] 노드 업데이트 : [1067] ➜ [1068]
[2026-08-11 17:35:03.567708] [INFO] [path_server] 새로운 경로 설정 : path[1067 ➜ 105] time[0s] dist[40.5m] list[28] : 1067-1068-1069-1070-1071-1072-1073-1074-1075-1076-1159-1158-1157-1160-1161-1162-1163-1164-1165-1166-1167-1168-41-1170-1171-1172-1173-105
[2026-08-11 17:35:04.266380] [INFO] [path_server] 노드 업데이트 : [1068] ➜ [1069]
[2026-08-11 17:35:04.346286] [INFO] [path_server] 새로운 경로 설정 : path[1068 ➜ 105] time[0s] dist[39m] list[27] : 1068-1069-1070-1071-1072-1073-1074-1075-1076-1159-1158-1157-1160-1161-1162-1163-1164-1165-1166-1167-1168-41-1170-1171-1172-1173-105
[2026-08-11 17:35:05.004887] [INFO] [path_server] 노드 업데이트 : [1069] ➜ [1070]
[2026-08-11 17:35:05.064809] [INFO] [path_server] 새로운 경로 설정 : path[1069 ➜ 105] time[0s] dist[37.5m] list[26] : 1069-1070-1071-1072-1073-1074-1075-1076-1159-1158-1157-1160-1161-1162-1163-1164-1165-1166-1167-1168-41-1170-1171-1172-1173-105
[2026-08-11 17:35:05.763377] [INFO] [path_server] 노드 업데이트 : [1070] ➜ [1071]
[2026-08-11 17:35:05.843225] [INFO] [path_server] 새로운 경로 설정 : path[1070 ➜ 105] time[0s] dist[36m] list[25] : 1070-1071-1072-1073-1074-1075-1076-1159-1158-1157-1160-1161-1162-1163-1164-1165-1166-1167-1168-41-1170-1171-1172-1173-105
[2026-08-11 17:35:06.501802] [INFO] [path_server] 노드 업데이트 : [1071] ➜ [1072]
[2026-08-11 17:35:06.561736] [INFO] [path_server] 새로운 경로 설정 : path[1071 ➜ 105] time[0s] dist[34.5m] list[24] : 1071-1072-1073-1074-1075-1076-1159-1158-1157-1160-1161-1162-1163-1164-1165-1166-1167-1168-41-1170-1171-1172-1173-105
[2026-08-11 17:35:07.260501] [INFO] [path_server] 노드 업데이트 : [1072] ➜ [1073]
[2026-08-11 17:35:07.340361] [INFO] [path_server] 새로운 경로 설정 : path[1072 ➜ 105] time[0s] dist[33m] list[23] : 1072-1073-1074-1075-1076-1159-1158-1157-1160-1161-1162-1163-1164-1165-1166-1167-1168-41-1170-1171-1172-1173-105
[2026-08-11 17:35:08.018928] [INFO] [path_server] 노드 업데이트 : [1073] ➜ [1074]
[2026-08-11 17:35:08.098875] [INFO] [path_server] 새로운 경로 설정 : path[1073 ➜ 105] time[0s] dist[31.5m] list[22] : 1073-1074-1075-1076-1159-1158-1157-1160-1161-1162-1163-1164-1165-1166-1167-1168-41-1170-1171-1172-1173-105
[2026-08-11 17:35:08.757541] [INFO] [path_server] 노드 업데이트 : [1074] ➜ [1075]
[2026-08-11 17:35:08.837477] [INFO] [path_server] 새로운 경로 설정 : path[1074 ➜ 105] time[0s] dist[30m] list[21] : 1074-1075-1076-1159-1158-1157-1160-1161-1162-1163-1164-1165-1166-1167-1168-41-1170-1171-1172-1173-105
[2026-08-11 17:35:09.516061] [INFO] [path_server] 노드 업데이트 : [1075] ➜ [1076]
[2026-08-11 17:35:09.595981] [INFO] [path_server] 새로운 경로 설정 : path[1075 ➜ 105] time[0s] dist[28.5m] list[20] : 1075-1076-1159-1158-1157-1160-1161-1162-1163-1164-1165-1166-1167-1168-41-1170-1171-1172-1173-105
[2026-08-11 17:35:10.913485] [INFO] [path_server] 노드 업데이트 : [1076] ➜ [1159]
[2026-08-11 17:35:10.993337] [INFO] [path_server] 새로운 경로 설정 : path[1076 ➜ 105] time[0s] dist[27m] list[19] : 1076-1159-1158-1157-1160-1161-1162-1163-1164-1165-1166-1167-1168-41-1170-1171-1172-1173-105
[2026-08-11 17:35:14.386438] [INFO] [path_server] 노드 업데이트 : [1159] ➜ [1158]
[2026-08-11 17:35:14.446352] [INFO] [path_server] 새로운 경로 설정 : path[1159 ➜ 105] time[0s] dist[25.5m] list[18] : 1159-1158-1157-1160-1161-1162-1163-1164-1165-1166-1167-1168-41-1170-1171-1172-1173-105
[2026-08-11 17:35:15.504222] [INFO] [path_server] 노드 업데이트 : [1158] ➜ [1157]
[2026-08-11 17:35:15.584104] [INFO] [path_server] 새로운 경로 설정 : path[1158 ➜ 105] time[0s] dist[24m] list[17] : 1158-1157-1160-1161-1162-1163-1164-1165-1166-1167-1168-41-1170-1171-1172-1173-105
[2026-08-11 17:35:16.921342] [INFO] [path_server] 노드 업데이트 : [1157] ➜ [1160]
[2026-08-11 17:35:17.001267] [INFO] [path_server] 새로운 경로 설정 : path[1157 ➜ 105] time[0s] dist[22.5m] list[16] : 1157-1160-1161-1162-1163-1164-1165-1166-1167-1168-41-1170-1171-1172-1173-105
[2026-08-11 17:35:20.374377] [INFO] [path_server] 노드 업데이트 : [1160] ➜ [1161]
[2026-08-11 17:35:20.434304] [INFO] [path_server] 새로운 경로 설정 : path[1160 ➜ 105] time[0s] dist[21m] list[15] : 1160-1161-1162-1163-1164-1165-1166-1167-1168-41-1170-1171-1172-1173-105
[2026-08-11 17:35:21.472033] [INFO] [path_server] 노드 업데이트 : [1161] ➜ [1162]
[2026-08-11 17:35:21.551944] [INFO] [path_server] 새로운 경로 설정 : path[1161 ➜ 105] time[0s] dist[19.5m] list[14] : 1161-1162-1163-1164-1165-1166-1167-1168-41-1170-1171-1172-1173-105
[2026-08-11 17:35:22.290418] [INFO] [path_server] 노드 업데이트 : [1162] ➜ [1163]
[2026-08-11 17:35:22.350328] [INFO] [path_server] 새로운 경로 설정 : path[1162 ➜ 105] time[0s] dist[18m] list[13] : 1162-1163-1164-1165-1166-1167-1168-41-1170-1171-1172-1173-105
[2026-08-11 17:35:23.028893] [INFO] [path_server] 노드 업데이트 : [1163] ➜ [1164]
[2026-08-11 17:35:23.108827] [INFO] [path_server] 새로운 경로 설정 : path[1163 ➜ 105] time[0s] dist[16.5m] list[12] : 1163-1164-1165-1166-1167-1168-41-1170-1171-1172-1173-105
[2026-08-11 17:35:23.787493] [INFO] [path_server] 노드 업데이트 : [1164] ➜ [1165]
[2026-08-11 17:35:23.847407] [INFO] [path_server] 새로운 경로 설정 : path[1164 ➜ 105] time[0s] dist[15m] list[11] : 1164-1165-1166-1167-1168-41-1170-1171-1172-1173-105
[2026-08-11 17:35:24.525951] [INFO] [path_server] 노드 업데이트 : [1165] ➜ [1166]
[2026-08-11 17:35:24.605897] [INFO] [path_server] 새로운 경로 설정 : path[1165 ➜ 105] time[0s] dist[13.5m] list[10] : 1165-1166-1167-1168-41-1170-1171-1172-1173-105
[2026-08-11 17:35:25.284441] [INFO] [path_server] 노드 업데이트 : [1166] ➜ [1167]
[2026-08-11 17:35:25.364369] [INFO] [path_server] 새로운 경로 설정 : path[1166 ➜ 105] time[0s] dist[12m] list[9] : 1166-1167-1168-41-1170-1171-1172-1173-105
[2026-08-11 17:35:26.043052] [INFO] [path_server] 노드 업데이트 : [1167] ➜ [1168]
[2026-08-11 17:35:26.142969] [INFO] [path_server] 새로운 경로 설정 : path[1167 ➜ 105] time[0s] dist[10.5m] list[8] : 1167-1168-41-1170-1171-1172-1173-105
[2026-08-11 17:35:26.781644] [INFO] [path_server] 노드 업데이트 : [1168] ➜ [41]
[2026-08-11 17:35:26.861543] [INFO] [path_server] 새로운 경로 설정 : path[1168 ➜ 105] time[0s] dist[9m] list[7] : 1168-41-1170-1171-1172-1173-105
[2026-08-11 17:35:27.540161] [INFO] [path_server] 노드 업데이트 : [41] ➜ [1170]
[2026-08-11 17:35:27.600034] [INFO] [path_server] 새로운 경로 설정 : path[41 ➜ 105] time[0s] dist[7.5m] list[6] : 41-1170-1171-1172-1173-105
[2026-08-11 17:35:28.278718] [INFO] [path_server] 노드 업데이트 : [1170] ➜ [1171]
[2026-08-11 17:35:28.358621] [INFO] [path_server] 새로운 경로 설정 : path[1170 ➜ 105] time[0s] dist[6m] list[5] : 1170-1171-1172-1173-105
[2026-08-11 17:35:29.037301] [INFO] [path_server] 노드 업데이트 : [1171] ➜ [1172]
[2026-08-11 17:35:29.097204] [INFO] [path_server] 새로운 경로 설정 : path[1171 ➜ 105] time[0s] dist[4.5m] list[4] : 1171-1172-1173-105
[2026-08-11 17:35:29.775761] [INFO] [path_server] 노드 업데이트 : [1172] ➜ [1173]
[2026-08-11 17:35:29.855700] [INFO] [path_server] 새로운 경로 설정 : path[1172 ➜ 105] time[0s] dist[3m] list[3] : 1172-1173-105
[2026-08-11 17:35:31.113089] [INFO] [path_server] 노드 업데이트 : [1173] ➜ [105]
[2026-08-11 17:35:31.192947] [INFO] [path_server] 새로운 경로 설정 : path[1173 ➜ 105] time[0s] dist[1.5m] list[2] : 1173-105
[2026-08-11 17:35:35.085356] [INFO] [path_server] 노드 업데이트 : [105] ➜ [-1]
[2026-08-11 17:35:38.937518] [INFO] [path_server] 노드 업데이트 : [105] ➜ [-1]
[2026-08-11 17:36:24.333181] [INFO] [path_server] 경로 삭제
[2026-08-11 17:36:24.353118] [INFO] [path_server] 경로 삭제
[2026-08-11 17:37:38.192855] [INFO] [path_server] 경로 삭제
[2026-08-11 17:37:38.232790] [INFO] [path_server] 경로 삭제
[2026-08-11 17:38:52.058248] [INFO] [path_server] 경로 삭제
[2026-08-11 17:38:52.098165] [INFO] [path_server] 경로 삭제
[2026-08-11 17:40:05.931547] [INFO] [path_server] 경로 삭제
[2026-08-11 17:40:05.971440] [INFO] [path_server] 경로 삭제
[2026-08-11 17:40:32.837386] [INFO] [path_server] 생성
[2026-08-11 17:40:32.837422] [INFO] [path_server] 경로 삭제
[2026-08-11 17:40:32.839013] [INFO] [path_server] 노드 초기화 성공 : 로봇 좌표[23.011m 11.503m -89.940°] 최단 거리 노드[105] 거리(0.011708m)
[2026-08-11 17:41:17.731737] [INFO] [path_server] 경로 삭제
[2026-08-11 17:41:17.751686] [INFO] [path_server] 경로 삭제
[2026-08-11 17:42:31.587927] [INFO] [path_server] 경로 삭제
[2026-08-11 17:44:21.681103] [INFO] [path_server] 생성
[2026-08-11 17:44:21.681140] [INFO] [path_server] 경로 삭제
[2026-08-11 17:44:21.682702] [INFO] [path_server] 노드 초기화 성공 : 로봇 좌표[23.011m 11.503m -89.940°] 최단 거리 노드[105] 거리(0.011708m)
[2026-08-11 17:45:06.582822] [INFO] [path_server] 경로 삭제
[2026-08-11 17:45:06.622773] [INFO] [path_server] 경로 삭제
[2026-08-11 17:45:27.793480] [INFO] [path_server] 생성
[2026-08-11 17:45:27.793520] [INFO] [path_server] 경로 삭제
[2026-08-11 17:45:27.795141] [INFO] [path_server] 경로 삭제
[2026-08-11 17:45:27.795159] [INFO] [path_server] 노드 초기화 성공 : 로봇 좌표[23.011m 11.503m -89.940°] 최단 거리 노드[105] 거리(0.011708m)
[2026-08-11 17:45:51.352194] [INFO] [path_server] 생성
[2026-08-11 17:45:51.352240] [INFO] [path_server] 경로 삭제
[2026-08-11 17:45:51.354921] [INFO] [path_server] 노드 초기화 성공 : 로봇 좌표[23.011m 11.503m -89.940°] 최단 거리 노드[105] 거리(0.011708m)
[2026-08-11 17:46:36.246216] [INFO] [path_server] 경로 삭제
[2026-08-11 17:46:36.286176] [INFO] [path_server] 경로 삭제
[2026-08-11 17:50:10.558080] [INFO] [path_server] 생성
[2026-08-11 17:50:10.558115] [INFO] [path_server] 경로 삭제
[2026-08-11 17:50:10.560117] [INFO] [path_server] 노드 초기화 성공 : 로봇 좌표[23.011m 11.503m -89.940°] 최단 거리 노드[105] 거리(0.011708m)
[2026-08-11 17:50:55.456134] [INFO] [path_server] 경로 삭제
[2026-08-11 17:50:55.476104] [INFO] [path_server] 경로 삭제
[2026-08-11 17:52:09.312814] [INFO] [path_server] 경로 삭제
[2026-08-11 17:52:09.352752] [INFO] [path_server] 경로 삭제
[2026-08-11 17:52:10.690248] [INFO] [path_server] 새로운 경로 설정 : path[105 ➜ 208] time[0s] dist[22.5m] list[16] : 105-1173-1174-1175-1176-1177-1178-1081-1185-1186-1187-1188-1056-1057-1058-208
[2026-08-11 17:52:14.542897] [INFO] [path_server] 노드 업데이트 : [1173] ➜ [1174]
[2026-08-11 17:52:14.622779] [INFO] [path_server] 새로운 경로 설정 : path[1173 ➜ 208] time[0s] dist[21m] list[15] : 1173-1174-1175-1176-1177-1178-1081-1185-1186-1187-1188-1056-1057-1058-208
[2026-08-11 17:52:18.116974] [INFO] [path_server] 노드 업데이트 : [1174] ➜ [1175]
[2026-08-11 17:52:18.196904] [INFO] [path_server] 새로운 경로 설정 : path[1174 ➜ 208] time[0s] dist[19.5m] list[14] : 1174-1175-1176-1177-1178-1081-1185-1186-1187-1188-1056-1057-1058-208
[2026-08-11 17:52:19.254641] [INFO] [path_server] 노드 업데이트 : [1175] ➜ [1176]
[2026-08-11 17:52:19.334576] [INFO] [path_server] 새로운 경로 설정 : path[1175 ➜ 208] time[0s] dist[18m] list[13] : 1175-1176-1177-1178-1081-1185-1186-1187-1188-1056-1057-1058-208
[2026-08-11 17:52:20.073101] [INFO] [path_server] 노드 업데이트 : [1176] ➜ [1177]
[2026-08-11 17:52:20.133017] [INFO] [path_server] 새로운 경로 설정 : path[1176 ➜ 208] time[0s] dist[16.5m] list[12] : 1176-1177-1178-1081-1185-1186-1187-1188-1056-1057-1058-208
[2026-08-11 17:52:20.831641] [INFO] [path_server] 노드 업데이트 : [1177] ➜ [1178]
[2026-08-11 17:52:20.911537] [INFO] [path_server] 새로운 경로 설정 : path[1177 ➜ 208] time[0s] dist[15m] list[11] : 1177-1178-1081-1185-1186-1187-1188-1056-1057-1058-208
[2026-08-11 17:52:21.590220] [INFO] [path_server] 노드 업데이트 : [1178] ➜ [1081]
[2026-08-11 17:52:21.670142] [INFO] [path_server] 새로운 경로 설정 : path[1178 ➜ 208] time[0s] dist[13.5m] list[10] : 1178-1081-1185-1186-1187-1188-1056-1057-1058-208
[2026-08-11 17:52:22.328794] [INFO] [path_server] 노드 업데이트 : [1081] ➜ [1185]
[2026-08-11 17:52:22.408647] [INFO] [path_server] 새로운 경로 설정 : path[1081 ➜ 208] time[0s] dist[12m] list[9] : 1081-1185-1186-1187-1188-1056-1057-1058-208
[2026-08-11 17:52:23.745896] [INFO] [path_server] 노드 업데이트 : [1185] ➜ [1186]
[2026-08-11 17:52:23.825817] [INFO] [path_server] 새로운 경로 설정 : path[1185 ➜ 208] time[0s] dist[10.5m] list[8] : 1185-1186-1187-1188-1056-1057-1058-208
[2026-08-11 17:52:27.219184] [INFO] [path_server] 노드 업데이트 : [1186] ➜ [1187]
[2026-08-11 17:52:27.299072] [INFO] [path_server] 새로운 경로 설정 : path[1186 ➜ 208] time[0s] dist[9m] list[7] : 1186-1187-1188-1056-1057-1058-208
[2026-08-11 17:52:28.337353] [INFO] [path_server] 노드 업데이트 : [1187] ➜ [1188]
[2026-08-11 17:52:28.417267] [INFO] [path_server] 새로운 경로 설정 : path[1187 ➜ 208] time[0s] dist[7.5m] list[6] : 1187-1188-1056-1057-1058-208
[2026-08-11 17:52:29.574804] [INFO] [path_server] 노드 업데이트 : [1188] ➜ [1056]
[2026-08-11 17:52:29.634712] [INFO] [path_server] 새로운 경로 설정 : path[1188 ➜ 208] time[0s] dist[6m] list[5] : 1188-1056-1057-1058-208
[2026-08-11 17:52:32.847986] [INFO] [path_server] 노드 업데이트 : [1056] ➜ [1057]
[2026-08-11 17:52:32.927792] [INFO] [path_server] 새로운 경로 설정 : path[1056 ➜ 208] time[0s] dist[4.5m] list[4] : 1056-1057-1058-208
[2026-08-11 17:52:34.005629] [INFO] [path_server] 노드 업데이트 : [1057] ➜ [1058]
[2026-08-11 17:52:34.065524] [INFO] [path_server] 새로운 경로 설정 : path[1057 ➜ 208] time[0s] dist[3m] list[3] : 1057-1058-208
[2026-08-11 17:52:36.740149] [INFO] [path_server] 노드 업데이트 : [1058] ➜ [208]
[2026-08-11 17:52:36.820017] [INFO] [path_server] 새로운 경로 설정 : path[1058 ➜ 208] time[0s] dist[1.5m] list[2] : 1058-208
[2026-08-11 17:52:40.912123] [INFO] [path_server] 노드 업데이트 : [208] ➜ [-1]
[2026-08-11 17:52:44.804373] [INFO] [path_server] 노드 업데이트 : [208] ➜ [-1]
[2026-08-11 17:52:44.884222] [INFO] [path_server] 경로 삭제
[2026-08-11 17:53:14.706179] [INFO] [path_server] 새로운 경로 설정 : path[208 ➜ 108] time[0s] dist[60m] list[41] : 208-1058-1059-1060-1061-1062-1063-1064-1065-40-1067-1068-1069-1070-1071-1072-1073-1074-1075-1076-1159-1158-1157-1160-1161-1162-1163-1164-1165-1166-1167-1168-41-1170-1171-1172-1173-1174-1175-1176-108
[2026-08-11 17:53:16.862090] [INFO] [path_server] 노드 업데이트 : [1058] ➜ [1059]
[2026-08-11 17:53:16.922006] [INFO] [path_server] 새로운 경로 설정 : path[1058 ➜ 108] time[0s] dist[58.5m] list[40] : 1058-1059-1060-1061-1062-1063-1064-1065-40-1067-1068-1069-1070-1071-1072-1073-1074-1075-1076-1159-1158-1157-1160-1161-1162-1163-1164-1165-1166-1167-1168-41-1170-1171-1172-1173-1174-1175-1176-108
[2026-08-11 17:53:20.215551] [INFO] [path_server] 노드 업데이트 : [1059] ➜ [1060]
[2026-08-11 17:53:20.275448] [INFO] [path_server] 새로운 경로 설정 : path[1059 ➜ 108] time[0s] dist[57m] list[39] : 1059-1060-1061-1062-1063-1064-1065-40-1067-1068-1069-1070-1071-1072-1073-1074-1075-1076-1159-1158-1157-1160-1161-1162-1163-1164-1165-1166-1167-1168-41-1170-1171-1172-1173-1174-1175-1176-108
[2026-08-11 17:53:21.333348] [INFO] [path_server] 노드 업데이트 : [1060] ➜ [1061]
[2026-08-11 17:53:21.413254] [INFO] [path_server] 새로운 경로 설정 : path[1060 ➜ 108] time[0s] dist[55.5m] list[38] : 1060-1061-1062-1063-1064-1065-40-1067-1068-1069-1070-1071-1072-1073-1074-1075-1076-1159-1158-1157-1160-1161-1162-1163-1164-1165-1166-1167-1168-41-1170-1171-1172-1173-1174-1175-1176-108
[2026-08-11 17:53:22.171751] [INFO] [path_server] 노드 업데이트 : [1061] ➜ [1062]
[2026-08-11 17:53:22.251612] [INFO] [path_server] 새로운 경로 설정 : path[1061 ➜ 108] time[0s] dist[54m] list[37] : 1061-1062-1063-1064-1065-40-1067-1068-1069-1070-1071-1072-1073-1074-1075-1076-1159-1158-1157-1160-1161-1162-1163-1164-1165-1166-1167-1168-41-1170-1171-1172-1173-1174-1175-1176-108
[2026-08-11 17:53:22.910322] [INFO] [path_server] 노드 업데이트 : [1062] ➜ [1063]
[2026-08-11 17:53:22.970240] [INFO] [path_server] 새로운 경로 설정 : path[1062 ➜ 108] time[0s] dist[52.5m] list[36] : 1062-1063-1064-1065-40-1067-1068-1069-1070-1071-1072-1073-1074-1075-1076-1159-1158-1157-1160-1161-1162-1163-1164-1165-1166-1167-1168-41-1170-1171-1172-1173-1174-1175-1176-108
[2026-08-11 17:53:23.668826] [INFO] [path_server] 노드 업데이트 : [1063] ➜ [1064]
[2026-08-11 17:53:23.768676] [INFO] [path_server] 새로운 경로 설정 : path[1063 ➜ 108] time[0s] dist[51m] list[35] : 1063-1064-1065-40-1067-1068-1069-1070-1071-1072-1073-1074-1075-1076-1159-1158-1157-1160-1161-1162-1163-1164-1165-1166-1167-1168-41-1170-1171-1172-1173-1174-1175-1176-108
[2026-08-11 17:53:24.407296] [INFO] [path_server] 노드 업데이트 : [1064] ➜ [1065]
[2026-08-11 17:53:24.487250] [INFO] [path_server] 새로운 경로 설정 : path[1064 ➜ 108] time[0s] dist[49.5m] list[34] : 1064-1065-40-1067-1068-1069-1070-1071-1072-1073-1074-1075-1076-1159-1158-1157-1160-1161-1162-1163-1164-1165-1166-1167-1168-41-1170-1171-1172-1173-1174-1175-1176-108
[2026-08-11 17:53:25.165846] [INFO] [path_server] 노드 업데이트 : [1065] ➜ [40]
[2026-08-11 17:53:25.225741] [INFO] [path_server] 새로운 경로 설정 : path[1065 ➜ 108] time[0s] dist[48m] list[33] : 1065-40-1067-1068-1069-1070-1071-1072-1073-1074-1075-1076-1159-1158-1157-1160-1161-1162-1163-1164-1165-1166-1167-1168-41-1170-1171-1172-1173-1174-1175-1176-108
[2026-08-11 17:53:25.904335] [INFO] [path_server] 노드 업데이트 : [40] ➜ [1067]
[2026-08-11 17:53:25.984285] [INFO] [path_server] 새로운 경로 설정 : path[40 ➜ 108] time[0s] dist[46.5m] list[32] : 40-1067-1068-1069-1070-1071-1072-1073-1074-1075-1076-1159-1158-1157-1160-1161-1162-1163-1164-1165-1166-1167-1168-41-1170-1171-1172-1173-1174-1175-1176-108
[2026-08-11 17:53:26.663119] [INFO] [path_server] 노드 업데이트 : [1067] ➜ [1068]
[2026-08-11 17:53:26.723044] [INFO] [path_server] 새로운 경로 설정 : path[1067 ➜ 108] time[0s] dist[45m] list[31] : 1067-1068-1069-1070-1071-1072-1073-1074-1075-1076-1159-1158-1157-1160-1161-1162-1163-1164-1165-1166-1167-1168-41-1170-1171-1172-1173-1174-1175-1176-108
[2026-08-11 17:53:27.421706] [INFO] [path_server] 노드 업데이트 : [1068] ➜ [1069]
[2026-08-11 17:53:27.501601] [INFO] [path_server] 새로운 경로 설정 : path[1068 ➜ 108] time[0s] dist[43.5m] list[30] : 1068-1069-1070-1071-1072-1073-1074-1075-1076-1159-1158-1157-1160-1161-1162-1163-1164-1165-1166-1167-1168-41-1170-1171-1172-1173-1174-1175-1176-108
[2026-08-11 17:53:28.160281] [INFO] [path_server] 노드 업데이트 : [1069] ➜ [1070]
[2026-08-11 17:53:28.220196] [INFO] [path_server] 새로운 경로 설정 : path[1069 ➜ 108] time[0s] dist[42m] list[29] : 1069-1070-1071-1072-1073-1074-1075-1076-1159-1158-1157-1160-1161-1162-1163-1164-1165-1166-1167-1168-41-1170-1171-1172-1173-1174-1175-1176-108
[2026-08-11 17:53:28.918757] [INFO] [path_server] 노드 업데이트 : [1070] ➜ [1071]
[2026-08-11 17:53:28.998696] [INFO] [path_server] 새로운 경로 설정 : path[1070 ➜ 108] time[0s] dist[40.5m] list[28] : 1070-1071-1072-1073-1074-1075-1076-1159-1158-1157-1160-1161-1162-1163-1164-1165-1166-1167-1168-41-1170-1171-1172-1173-1174-1175-1176-108
[2026-08-11 17:53:29.657269] [INFO] [path_server] 노드 업데이트 : [1071] ➜ [1072]
[2026-08-11 17:53:29.717215] [INFO] [path_server] 새로운 경로 설정 : path[1071 ➜ 108] time[0s] dist[39m] list[27] : 1071-1072-1073-1074-1075-1076-1159-1158-1157-1160-1161-1162-1163-1164-1165-1166-1167-1168-41-1170-1171-1172-1173-1174-1175-1176-108
[2026-08-11 17:53:30.415782] [INFO] [path_server] 노드 업데이트 : [1072] ➜ [1073]
[2026-08-11 17:53:30.495668] [INFO] [path_server] 새로운 경로 설정 : path[1072 ➜ 108] time[0s] dist[37.5m] list[26] : 1072-1073-1074-1075-1076-1159-1158-1157-1160-1161-1162-1163-1164-1165-1166-1167-1168-41-1170-1171-1172-1173-1174-1175-1176-108
[2026-08-11 17:53:31.154322] [INFO] [path_server] 노드 업데이트 : [1073] ➜ [1074]
[2026-08-11 17:53:31.214244] [INFO] [path_server] 새로운 경로 설정 : path[1073 ➜ 108] time[0s] dist[36m] list[25] : 1073-1074-1075-1076-1159-1158-1157-1160-1161-1162-1163-1164-1165-1166-1167-1168-41-1170-1171-1172-1173-1174-1175-1176-108
[2026-08-11 17:53:31.912741] [INFO] [path_server] 노드 업데이트 : [1074] ➜ [1075]
[2026-08-11 17:53:31.992613] [INFO] [path_server] 새로운 경로 설정 : path[1074 ➜ 108] time[0s] dist[34.5m] list[24] : 1074-1075-1076-1159-1158-1157-1160-1161-1162-1163-1164-1165-1166-1167-1168-41-1170-1171-1172-1173-1174-1175-1176-108
[2026-08-11 17:53:32.671071] [INFO] [path_server] 노드 업데이트 : [1075] ➜ [1076]
[2026-08-11 17:53:32.750966] [INFO] [path_server] 새로운 경로 설정 : path[1075 ➜ 108] time[0s] dist[33m] list[23] : 1075-1076-1159-1158-1157-1160-1161-1162-1163-1164-1165-1166-1167-1168-41-1170-1171-1172-1173-1174-1175-1176-108
[2026-08-11 17:53:34.068255] [INFO] [path_server] 노드 업데이트 : [1076] ➜ [1159]
[2026-08-11 17:53:34.148094] [INFO] [path_server] 새로운 경로 설정 : path[1076 ➜ 108] time[0s] dist[31.5m] list[22] : 1076-1159-1158-1157-1160-1161-1162-1163-1164-1165-1166-1167-1168-41-1170-1171-1172-1173-1174-1175-1176-108
[2026-08-11 17:53:37.541426] [INFO] [path_server] 노드 업데이트 : [1159] ➜ [1158]
[2026-08-11 17:53:37.601308] [INFO] [path_server] 새로운 경로 설정 : path[1159 ➜ 108] time[0s] dist[30m] list[21] : 1159-1158-1157-1160-1161-1162-1163-1164-1165-1166-1167-1168-41-1170-1171-1172-1173-1174-1175-1176-108
[2026-08-11 17:53:38.659132] [INFO] [path_server] 노드 업데이트 : [1158] ➜ [1157]
[2026-08-11 17:53:38.739008] [INFO] [path_server] 새로운 경로 설정 : path[1158 ➜ 108] time[0s] dist[28.5m] list[20] : 1158-1157-1160-1161-1162-1163-1164-1165-1166-1167-1168-41-1170-1171-1172-1173-1174-1175-1176-108
[2026-08-11 17:53:40.076221] [INFO] [path_server] 노드 업데이트 : [1157] ➜ [1160]
[2026-08-11 17:53:40.156160] [INFO] [path_server] 새로운 경로 설정 : path[1157 ➜ 108] time[0s] dist[27m] list[19] : 1157-1160-1161-1162-1163-1164-1165-1166-1167-1168-41-1170-1171-1172-1173-1174-1175-1176-108
[2026-08-11 17:53:43.529296] [INFO] [path_server] 노드 업데이트 : [1160] ➜ [1161]
[2026-08-11 17:53:43.589225] [INFO] [path_server] 새로운 경로 설정 : path[1160 ➜ 108] time[0s] dist[25.5m] list[18] : 1160-1161-1162-1163-1164-1165-1166-1167-1168-41-1170-1171-1172-1173-1174-1175-1176-108
[2026-08-11 17:53:44.627110] [INFO] [path_server] 노드 업데이트 : [1161] ➜ [1162]
[2026-08-11 17:53:44.707046] [INFO] [path_server] 새로운 경로 설정 : path[1161 ➜ 108] time[0s] dist[24m] list[17] : 1161-1162-1163-1164-1165-1166-1167-1168-41-1170-1171-1172-1173-1174-1175-1176-108
[2026-08-11 17:53:45.445422] [INFO] [path_server] 노드 업데이트 : [1162] ➜ [1163]
[2026-08-11 17:53:45.505327] [INFO] [path_server] 새로운 경로 설정 : path[1162 ➜ 108] time[0s] dist[22.5m] list[16] : 1162-1163-1164-1165-1166-1167-1168-41-1170-1171-1172-1173-1174-1175-1176-108
[2026-08-11 17:53:46.183887] [INFO] [path_server] 노드 업데이트 : [1163] ➜ [1164]
[2026-08-11 17:53:46.263769] [INFO] [path_server] 새로운 경로 설정 : path[1163 ➜ 108] time[0s] dist[21m] list[15] : 1163-1164-1165-1166-1167-1168-41-1170-1171-1172-1173-1174-1175-1176-108
[2026-08-11 17:53:46.942393] [INFO] [path_server] 노드 업데이트 : [1164] ➜ [1165]
[2026-08-11 17:53:47.002285] [INFO] [path_server] 새로운 경로 설정 : path[1164 ➜ 108] time[0s] dist[19.5m] list[14] : 1164-1165-1166-1167-1168-41-1170-1171-1172-1173-1174-1175-1176-108
[2026-08-11 17:53:47.680894] [INFO] [path_server] 노드 업데이트 : [1165] ➜ [1166]
[2026-08-11 17:53:47.760824] [INFO] [path_server] 새로운 경로 설정 : path[1165 ➜ 108] time[0s] dist[18m] list[13] : 1165-1166-1167-1168-41-1170-1171-1172-1173-1174-1175-1176-108
[2026-08-11 17:53:48.439510] [INFO] [path_server] 노드 업데이트 : [1166] ➜ [1167]
[2026-08-11 17:53:48.519468] [INFO] [path_server] 새로운 경로 설정 : path[1166 ➜ 108] time[0s] dist[16.5m] list[12] : 1166-1167-1168-41-1170-1171-1172-1173-1174-1175-1176-108
[2026-08-11 17:53:49.198094] [INFO] [path_server] 노드 업데이트 : [1167] ➜ [1168]
[2026-08-11 17:53:49.257992] [INFO] [path_server] 새로운 경로 설정 : path[1167 ➜ 108] time[0s] dist[15m] list[11] : 1167-1168-41-1170-1171-1172-1173-1174-1175-1176-108
[2026-08-11 17:53:49.936523] [INFO] [path_server] 노드 업데이트 : [1168] ➜ [41]
[2026-08-11 17:53:50.016450] [INFO] [path_server] 새로운 경로 설정 : path[1168 ➜ 108] time[0s] dist[13.5m] list[10] : 1168-41-1170-1171-1172-1173-1174-1175-1176-108
[2026-08-11 17:53:50.695077] [INFO] [path_server] 노드 업데이트 : [41] ➜ [1170]
[2026-08-11 17:53:50.754988] [INFO] [path_server] 새로운 경로 설정 : path[41 ➜ 108] time[0s] dist[12m] list[9] : 41-1170-1171-1172-1173-1174-1175-1176-108
[2026-08-11 17:53:51.433538] [INFO] [path_server] 노드 업데이트 : [1170] ➜ [1171]
[2026-08-11 17:53:51.513464] [INFO] [path_server] 새로운 경로 설정 : path[1170 ➜ 108] time[0s] dist[10.5m] list[8] : 1170-1171-1172-1173-1174-1175-1176-108
[2026-08-11 17:53:52.192121] [INFO] [path_server] 노드 업데이트 : [1171] ➜ [1172]
[2026-08-11 17:53:52.252013] [INFO] [path_server] 새로운 경로 설정 : path[1171 ➜ 108] time[0s] dist[9m] list[7] : 1171-1172-1173-1174-1175-1176-108
[2026-08-11 17:53:52.930620] [INFO] [path_server] 노드 업데이트 : [1172] ➜ [1173]
[2026-08-11 17:53:53.010529] [INFO] [path_server] 새로운 경로 설정 : path[1172 ➜ 108] time[0s] dist[7.5m] list[6] : 1172-1173-1174-1175-1176-108
[2026-08-11 17:53:53.689203] [INFO] [path_server] 노드 업데이트 : [1173] ➜ [1174]
[2026-08-11 17:53:53.749112] [INFO] [path_server] 새로운 경로 설정 : path[1173 ➜ 108] time[0s] dist[6m] list[5] : 1173-1174-1175-1176-108
[2026-08-11 17:53:54.447654] [INFO] [path_server] 노드 업데이트 : [1174] ➜ [1175]
[2026-08-11 17:53:54.527515] [INFO] [path_server] 새로운 경로 설정 : path[1174 ➜ 108] time[0s] dist[4.5m] list[4] : 1174-1175-1176-108
[2026-08-11 17:53:55.186141] [INFO] [path_server] 노드 업데이트 : [1175] ➜ [1176]
[2026-08-11 17:53:55.246036] [INFO] [path_server] 새로운 경로 설정 : path[1175 ➜ 108] time[0s] dist[3m] list[3] : 1175-1176-108
[2026-08-11 17:53:56.523414] [INFO] [path_server] 노드 업데이트 : [1176] ➜ [108]
[2026-08-11 17:53:56.603349] [INFO] [path_server] 새로운 경로 설정 : path[1176 ➜ 108] time[0s] dist[1.5m] list[2] : 1176-108
[2026-08-11 17:54:00.495609] [INFO] [path_server] 노드 업데이트 : [108] ➜ [-1]
[2026-08-11 17:54:04.348064] [INFO] [path_server] 노드 업데이트 : [108] ➜ [-1]
[2026-08-11 17:54:38.662502] [INFO] [path_server] 경로 삭제
[2026-08-11 17:54:38.702470] [INFO] [path_server] 경로 삭제
[2026-08-11 17:54:40.977998] [INFO] [path_server] 새로운 경로 설정 : path[108 ➜ 205] time[0s] dist[22.5m] list[16] : 108-1176-1177-1178-1081-1185-1186-1187-1188-1056-1057-1058-1059-1060-1061-205
[2026-08-11 17:54:44.830376] [INFO] [path_server] 노드 업데이트 : [1176] ➜ [1177]
[2026-08-11 17:54:44.910222] [INFO] [path_server] 새로운 경로 설정 : path[1176 ➜ 205] time[0s] dist[21m] list[15] : 1176-1177-1178-1081-1185-1186-1187-1188-1056-1057-1058-1059-1060-1061-205
[2026-08-11 17:54:48.423078] [INFO] [path_server] 노드 업데이트 : [1177] ➜ [1178]
[2026-08-11 17:54:48.502945] [INFO] [path_server] 새로운 경로 설정 : path[1177 ➜ 205] time[0s] dist[19.5m] list[14] : 1177-1178-1081-1185-1186-1187-1188-1056-1057-1058-1059-1060-1061-205
[2026-08-11 17:54:49.540816] [INFO] [path_server] 노드 업데이트 : [1178] ➜ [1081]
[2026-08-11 17:54:49.620854] [INFO] [path_server] 새로운 경로 설정 : path[1178 ➜ 205] time[0s] dist[18m] list[13] : 1178-1081-1185-1186-1187-1188-1056-1057-1058-1059-1060-1061-205
[2026-08-11 17:54:50.359199] [INFO] [path_server] 노드 업데이트 : [1081] ➜ [1185]
[2026-08-11 17:54:50.419100] [INFO] [path_server] 새로운 경로 설정 : path[1081 ➜ 205] time[0s] dist[16.5m] list[12] : 1081-1185-1186-1187-1188-1056-1057-1058-1059-1060-1061-205
[2026-08-11 17:54:51.776272] [INFO] [path_server] 노드 업데이트 : [1185] ➜ [1186]
[2026-08-11 17:54:51.856131] [INFO] [path_server] 새로운 경로 설정 : path[1185 ➜ 205] time[0s] dist[15m] list[11] : 1185-1186-1187-1188-1056-1057-1058-1059-1060-1061-205
[2026-08-11 17:54:55.229522] [INFO] [path_server] 노드 업데이트 : [1186] ➜ [1187]
[2026-08-11 17:54:55.309451] [INFO] [path_server] 새로운 경로 설정 : path[1186 ➜ 205] time[0s] dist[13.5m] list[10] : 1186-1187-1188-1056-1057-1058-1059-1060-1061-205
[2026-08-11 17:54:56.327374] [INFO] [path_server] 노드 업데이트 : [1187] ➜ [1188]
[2026-08-11 17:54:56.407247] [INFO] [path_server] 새로운 경로 설정 : path[1187 ➜ 205] time[0s] dist[12m] list[9] : 1187-1188-1056-1057-1058-1059-1060-1061-205
[2026-08-11 17:54:57.584774] [INFO] [path_server] 노드 업데이트 : [1188] ➜ [1056]
[2026-08-11 17:54:57.644686] [INFO] [path_server] 새로운 경로 설정 : path[1188 ➜ 205] time[0s] dist[10.5m] list[8] : 1188-1056-1057-1058-1059-1060-1061-205
[2026-08-11 17:55:00.858259] [INFO] [path_server] 노드 업데이트 : [1056] ➜ [1057]
[2026-08-11 17:55:00.938141] [INFO] [path_server] 새로운 경로 설정 : path[1056 ➜ 205] time[0s] dist[9m] list[7] : 1056-1057-1058-1059-1060-1061-205
[2026-08-11 17:55:02.015970] [INFO] [path_server] 노드 업데이트 : [1057] ➜ [1058]
[2026-08-11 17:55:02.075846] [INFO] [path_server] 새로운 경로 설정 : path[1057 ➜ 205] time[0s] dist[7.5m] list[6] : 1057-1058-1059-1060-1061-205
[2026-08-11 17:55:02.854256] [INFO] [path_server] 노드 업데이트 : [1058] ➜ [1059]
[2026-08-11 17:55:02.914153] [INFO] [path_server] 새로운 경로 설정 : path[1058 ➜ 205] time[0s] dist[6m] list[5] : 1058-1059-1060-1061-205
[2026-08-11 17:55:03.612689] [INFO] [path_server] 노드 업데이트 : [1059] ➜ [1060]
[2026-08-11 17:55:03.692567] [INFO] [path_server] 새로운 경로 설정 : path[1059 ➜ 205] time[0s] dist[4.5m] list[4] : 1059-1060-1061-205
[2026-08-11 17:55:04.351216] [INFO] [path_server] 노드 업데이트 : [1060] ➜ [1061]
[2026-08-11 17:55:04.411076] [INFO] [path_server] 새로운 경로 설정 : path[1060 ➜ 205] time[0s] dist[3m] list[3] : 1060-1061-205
[2026-08-11 17:55:07.105553] [INFO] [path_server] 노드 업데이트 : [1061] ➜ [205]
[2026-08-11 17:55:07.165437] [INFO] [path_server] 새로운 경로 설정 : path[1061 ➜ 205] time[0s] dist[1.5m] list[2] : 1061-205
[2026-08-11 17:55:11.317685] [INFO] [path_server] 노드 업데이트 : [205] ➜ [-1]
[2026-08-11 17:55:15.070215] [INFO] [path_server] 노드 업데이트 : [205] ➜ [-1]
[2026-08-11 17:55:15.150105] [INFO] [path_server] 경로 삭제
[2026-08-11 17:55:44.991590] [INFO] [path_server] 새로운 경로 설정 : path[205 ➜ 104] time[0s] dist[18m] list[13] : 205-1061-1062-1063-1064-1065-40-1067-1068-1069-1070-1071-104
[2026-08-11 17:55:47.147116] [INFO] [path_server] 노드 업데이트 : [1061] ➜ [1062]
[2026-08-11 17:55:47.207037] [INFO] [path_server] 새로운 경로 설정 : path[1061 ➜ 104] time[0s] dist[16.5m] list[12] : 1061-1062-1063-1064-1065-40-1067-1068-1069-1070-1071-104
[2026-08-11 17:55:50.500248] [INFO] [path_server] 노드 업데이트 : [1062] ➜ [1063]
[2026-08-11 17:55:50.560144] [INFO] [path_server] 새로운 경로 설정 : path[1062 ➜ 104] time[0s] dist[15m] list[11] : 1062-1063-1064-1065-40-1067-1068-1069-1070-1071-104
[2026-08-11 17:55:51.618239] [INFO] [path_server] 노드 업데이트 : [1063] ➜ [1064]
[2026-08-11 17:55:51.698101] [INFO] [path_server] 새로운 경로 설정 : path[1063 ➜ 104] time[0s] dist[13.5m] list[10] : 1063-1064-1065-40-1067-1068-1069-1070-1071-104
[2026-08-11 17:55:52.456697] [INFO] [path_server] 노드 업데이트 : [1064] ➜ [1065]
[2026-08-11 17:55:52.536618] [INFO] [path_server] 새로운 경로 설정 : path[1064 ➜ 104] time[0s] dist[12m] list[9] : 1064-1065-40-1067-1068-1069-1070-1071-104
[2026-08-11 17:55:53.195221] [INFO] [path_server] 노드 업데이트 : [1065] ➜ [40]
[2026-08-11 17:55:53.255122] [INFO] [path_server] 새로운 경로 설정 : path[1065 ➜ 104] time[0s] dist[10.5m] list[8] : 1065-40-1067-1068-1069-1070-1071-104
[2026-08-11 17:55:53.953874] [INFO] [path_server] 노드 업데이트 : [40] ➜ [1067]
[2026-08-11 17:55:54.033717] [INFO] [path_server] 새로운 경로 설정 : path[40 ➜ 104] time[0s] dist[9m] list[7] : 40-1067-1068-1069-1070-1071-104
[2026-08-11 17:55:54.692316] [INFO] [path_server] 노드 업데이트 : [1067] ➜ [1068]
[2026-08-11 17:55:54.752231] [INFO] [path_server] 새로운 경로 설정 : path[1067 ➜ 104] time[0s] dist[7.5m] list[6] : 1067-1068-1069-1070-1071-104
[2026-08-11 17:55:55.450748] [INFO] [path_server] 노드 업데이트 : [1068] ➜ [1069]
[2026-08-11 17:55:55.530586] [INFO] [path_server] 새로운 경로 설정 : path[1068 ➜ 104] time[0s] dist[6m] list[5] : 1068-1069-1070-1071-104
[2026-08-11 17:55:56.189255] [INFO] [path_server] 노드 업데이트 : [1069] ➜ [1070]
[2026-08-11 17:55:56.249176] [INFO] [path_server] 새로운 경로 설정 : path[1069 ➜ 104] time[0s] dist[4.5m] list[4] : 1069-1070-1071-104
[2026-08-11 17:55:56.947778] [INFO] [path_server] 노드 업데이트 : [1070] ➜ [1071]
[2026-08-11 17:55:57.047583] [INFO] [path_server] 새로운 경로 설정 : path[1070 ➜ 104] time[0s] dist[3m] list[3] : 1070-1071-104
[2026-08-11 17:55:58.265518] [INFO] [path_server] 노드 업데이트 : [1071] ➜ [104]
[2026-08-11 17:55:58.345655] [INFO] [path_server] 새로운 경로 설정 : path[1071 ➜ 104] time[0s] dist[1.5m] list[2] : 1071-104
[2026-08-11 17:56:02.238844] [INFO] [path_server] 노드 업데이트 : [104] ➜ [-1]
[2026-08-11 17:56:06.071146] [INFO] [path_server] 노드 업데이트 : [104] ➜ [-1]
[2026-08-11 17:56:34.156703] [INFO] [path_server] 경로 삭제
[2026-08-11 17:56:34.196660] [INFO] [path_server] 경로 삭제
