[2026-08-11 16:38:02.001596] [INFO] [path_server] 생성
[2026-08-11 16:38:02.001716] [INFO] [path_server] 경로 삭제
[2026-08-11 16:38:02.004462] [INFO] [path_server] 노드 초기화 성공 : 로봇 좌표[22.004m 17.498m -179.646°] 최단 거리 노드[109] 거리(0.004150m)
[2026-08-11 16:40:31.673169] [INFO] [path_server] 생성
[2026-08-11 16:40:31.673222] [INFO] [path_server] 경로 삭제
[2026-08-11 16:40:31.675642] [INFO] [path_server] 노드 초기화 성공 : 로봇 좌표[22.004m 17.498m -179.646°] 최단 거리 노드[109] 거리(0.004150m)
[2026-08-11 16:42:26.456387] [INFO] [path_server] 경로 삭제
[2026-08-11 16:42:59.123106] [INFO] [path_server] 경로 삭제
[2026-08-11 16:43:09.444006] [INFO] [path_server] 새로운 경로 설정 : path[109 ➜ 102] time[0s] dist[63m] list[43] : 109-1170-1171-1172-1091-1092-1093-1094-1095-1074-1075-1076-1018-1019-1020-1011-1012-1035-1036-1037-1038-1039-1040-1041-1042-1112-1113-1114-1115-1116-1117-1118-1119-1120-1121-1122-1123-1179-1180-1181-1182-1183-102
[2026-08-11 16:43:14.136063] [INFO] [path_server] 노드 업데이트 : [1170] ➜ [1171]
[2026-08-11 16:43:14.195957] [INFO] [path_server] 새로운 경로 설정 : path[1170 ➜ 102] time[0s] dist[61.5m] list[42] : 1170-1171-1172-1091-1092-1093-1094-1095-1074-1075-1076-1018-1019-1020-1011-1012-1035-1036-1037-1038-1039-1040-1041-1042-1112-1113-1114-1115-1116-1117-1118-1119-1120-1121-1122-1123-1179-1180-1181-1182-1183-102
[2026-08-11 16:43:17.829246] [INFO] [path_server] 노드 업데이트 : [1171] ➜ [1172]
[2026-08-11 16:43:17.909134] [INFO] [path_server] 새로운 경로 설정 : path[1171 ➜ 102] time[0s] dist[60m] list[41] : 1171-1172-1091-1092-1093-1094-1095-1074-1075-1076-1018-1019-1020-1011-1012-1035-1036-1037-1038-1039-1040-1041-1042-1112-1113-1114-1115-1116-1117-1118-1119-1120-1121-1122-1123-1179-1180-1181-1182-1183-102
[2026-08-11 16:43:18.947099] [INFO] [path_server] 노드 업데이트 : [1172] ➜ [1091]
[2026-08-11 16:43:19.027059] [INFO] [path_server] 새로운 경로 설정 : path[1172 ➜ 102] time[0s] dist[58.5m] list[40] : 1172-1091-1092-1093-1094-1095-1074-1075-1076-1018-1019-1020-1011-1012-1035-1036-1037-1038-1039-1040-1041-1042-1112-1113-1114-1115-1116-1117-1118-1119-1120-1121-1122-1123-1179-1180-1181-1182-1183-102
[2026-08-11 16:43:19.985235] [INFO] [path_server] 노드 업데이트 : [1091] ➜ [1092]
[2026-08-11 16:43:20.065164] [INFO] [path_server] 새로운 경로 설정 : path[1091 ➜ 102] time[0s] dist[57m] list[39] : 1091-1092-1093-1094-1095-1074-1075-1076-1018-1019-1020-1011-1012-1035-1036-1037-1038-1039-1040-1041-1042-1112-1113-1114-1115-1116-1117-1118-1119-1120-1121-1122-1123-1179-1180-1181-1182-1183-102
[2026-08-11 16:43:23.238760] [INFO] [path_server] 노드 업데이트 : [1092] ➜ [1093]
[2026-08-11 16:43:23.318714] [INFO] [path_server] 새로운 경로 설정 : path[1092 ➜ 102] time[0s] dist[55.5m] list[38] : 1092-1093-1094-1095-1074-1075-1076-1018-1019-1020-1011-1012-1035-1036-1037-1038-1039-1040-1041-1042-1112-1113-1114-1115-1116-1117-1118-1119-1120-1121-1122-1123-1179-1180-1181-1182-1183-102
[2026-08-11 16:43:24.496257] [INFO] [path_server] 노드 업데이트 : [1093] ➜ [1094]
[2026-08-11 16:43:24.576187] [INFO] [path_server] 새로운 경로 설정 : path[1093 ➜ 102] time[0s] dist[54m] list[37] : 1093-1094-1095-1074-1075-1076-1018-1019-1020-1011-1012-1035-1036-1037-1038-1039-1040-1041-1042-1112-1113-1114-1115-1116-1117-1118-1119-1120-1121-1122-1123-1179-1180-1181-1182-1183-102
[2026-08-11 16:43:25.354586] [INFO] [path_server] 노드 업데이트 : [1094] ➜ [1095]
[2026-08-11 16:43:25.434471] [INFO] [path_server] 새로운 경로 설정 : path[1094 ➜ 102] time[0s] dist[52.5m] list[36] : 1094-1095-1074-1075-1076-1018-1019-1020-1011-1012-1035-1036-1037-1038-1039-1040-1041-1042-1112-1113-1114-1115-1116-1117-1118-1119-1120-1121-1122-1123-1179-1180-1181-1182-1183-102
[2026-08-11 16:43:26.671983] [INFO] [path_server] 노드 업데이트 : [1095] ➜ [1074]
[2026-08-11 16:43:26.751868] [INFO] [path_server] 새로운 경로 설정 : path[1095 ➜ 102] time[0s] dist[51m] list[35] : 1095-1074-1075-1076-1018-1019-1020-1011-1012-1035-1036-1037-1038-1039-1040-1041-1042-1112-1113-1114-1115-1116-1117-1118-1119-1120-1121-1122-1123-1179-1180-1181-1182-1183-102
[2026-08-11 16:43:30.005941] [INFO] [path_server] 노드 업데이트 : [1074] ➜ [1075]
[2026-08-11 16:43:30.085879] [INFO] [path_server] 새로운 경로 설정 : path[1074 ➜ 102] time[0s] dist[49.5m] list[34] : 1074-1075-1076-1018-1019-1020-1011-1012-1035-1036-1037-1038-1039-1040-1041-1042-1112-1113-1114-1115-1116-1117-1118-1119-1120-1121-1122-1123-1179-1180-1181-1182-1183-102
[2026-08-11 16:43:31.143996] [INFO] [path_server] 노드 업데이트 : [1075] ➜ [1076]
[2026-08-11 16:43:31.223944] [INFO] [path_server] 새로운 경로 설정 : path[1075 ➜ 102] time[0s] dist[48m] list[33] : 1075-1076-1018-1019-1020-1011-1012-1035-1036-1037-1038-1039-1040-1041-1042-1112-1113-1114-1115-1116-1117-1118-1119-1120-1121-1122-1123-1179-1180-1181-1182-1183-102
[2026-08-11 16:43:31.962511] [INFO] [path_server] 노드 업데이트 : [1076] ➜ [1018]
[2026-08-11 16:43:32.022427] [INFO] [path_server] 새로운 경로 설정 : path[1076 ➜ 102] time[0s] dist[46.5m] list[32] : 1076-1018-1019-1020-1011-1012-1035-1036-1037-1038-1039-1040-1041-1042-1112-1113-1114-1115-1116-1117-1118-1119-1120-1121-1122-1123-1179-1180-1181-1182-1183-102
[2026-08-11 16:43:32.721037] [INFO] [path_server] 노드 업데이트 : [1018] ➜ [1019]
[2026-08-11 16:43:32.800871] [INFO] [path_server] 새로운 경로 설정 : path[1018 ➜ 102] time[0s] dist[45m] list[31] : 1018-1019-1020-1011-1012-1035-1036-1037-1038-1039-1040-1041-1042-1112-1113-1114-1115-1116-1117-1118-1119-1120-1121-1122-1123-1179-1180-1181-1182-1183-102
[2026-08-11 16:43:33.479646] [INFO] [path_server] 노드 업데이트 : [1019] ➜ [1020]
[2026-08-11 16:43:33.559629] [INFO] [path_server] 새로운 경로 설정 : path[1019 ➜ 102] time[0s] dist[43.5m] list[30] : 1019-1020-1011-1012-1035-1036-1037-1038-1039-1040-1041-1042-1112-1113-1114-1115-1116-1117-1118-1119-1120-1121-1122-1123-1179-1180-1181-1182-1183-102
[2026-08-11 16:43:34.218438] [INFO] [path_server] 노드 업데이트 : [1020] ➜ [1011]
[2026-08-11 16:43:34.298435] [INFO] [path_server] 새로운 경로 설정 : path[1020 ➜ 102] time[0s] dist[42m] list[29] : 1020-1011-1012-1035-1036-1037-1038-1039-1040-1041-1042-1112-1113-1114-1115-1116-1117-1118-1119-1120-1121-1122-1123-1179-1180-1181-1182-1183-102
[2026-08-11 16:43:35.536789] [INFO] [path_server] 노드 업데이트 : [1011] ➜ [1012]
[2026-08-11 16:43:35.636691] [INFO] [path_server] 새로운 경로 설정 : path[1011 ➜ 102] time[0s] dist[40.5m] list[28] : 1011-1012-1035-1036-1037-1038-1039-1040-1041-1042-1112-1113-1114-1115-1116-1117-1118-1119-1120-1121-1122-1123-1179-1180-1181-1182-1183-102
[2026-08-11 16:43:38.910682] [INFO] [path_server] 노드 업데이트 : [1012] ➜ [1035]
[2026-08-11 16:43:38.990620] [INFO] [path_server] 새로운 경로 설정 : path[1012 ➜ 102] time[0s] dist[39m] list[27] : 1012-1035-1036-1037-1038-1039-1040-1041-1042-1112-1113-1114-1115-1116-1117-1118-1119-1120-1121-1122-1123-1179-1180-1181-1182-1183-102
[2026-08-11 16:43:40.028906] [INFO] [path_server] 노드 업데이트 : [1035] ➜ [1036]
[2026-08-11 16:43:40.088839] [INFO] [path_server] 새로운 경로 설정 : path[1035 ➜ 102] time[0s] dist[37.5m] list[26] : 1035-1036-1037-1038-1039-1040-1041-1042-1112-1113-1114-1115-1116-1117-1118-1119-1120-1121-1122-1123-1179-1180-1181-1182-1183-102
[2026-08-11 16:43:40.847589] [INFO] [path_server] 노드 업데이트 : [1036] ➜ [1037]
[2026-08-11 16:43:40.927474] [INFO] [path_server] 새로운 경로 설정 : path[1036 ➜ 102] time[0s] dist[36m] list[25] : 1036-1037-1038-1039-1040-1041-1042-1112-1113-1114-1115-1116-1117-1118-1119-1120-1121-1122-1123-1179-1180-1181-1182-1183-102
[2026-08-11 16:43:41.606115] [INFO] [path_server] 노드 업데이트 : [1037] ➜ [1038]
[2026-08-11 16:43:41.686055] [INFO] [path_server] 새로운 경로 설정 : path[1037 ➜ 102] time[0s] dist[34.5m] list[24] : 1037-1038-1039-1040-1041-1042-1112-1113-1114-1115-1116-1117-1118-1119-1120-1121-1122-1123-1179-1180-1181-1182-1183-102
[2026-08-11 16:43:42.364780] [INFO] [path_server] 노드 업데이트 : [1038] ➜ [1039]
[2026-08-11 16:43:42.424685] [INFO] [path_server] 새로운 경로 설정 : path[1038 ➜ 102] time[0s] dist[33m] list[23] : 1038-1039-1040-1041-1042-1112-1113-1114-1115-1116-1117-1118-1119-1120-1121-1122-1123-1179-1180-1181-1182-1183-102
[2026-08-11 16:43:43.103311] [INFO] [path_server] 노드 업데이트 : [1039] ➜ [1040]
[2026-08-11 16:43:43.183246] [INFO] [path_server] 새로운 경로 설정 : path[1039 ➜ 102] time[0s] dist[31.5m] list[22] : 1039-1040-1041-1042-1112-1113-1114-1115-1116-1117-1118-1119-1120-1121-1122-1123-1179-1180-1181-1182-1183-102
[2026-08-11 16:43:43.861920] [INFO] [path_server] 노드 업데이트 : [1040] ➜ [1041]
[2026-08-11 16:43:43.921853] [INFO] [path_server] 새로운 경로 설정 : path[1040 ➜ 102] time[0s] dist[30m] list[21] : 1040-1041-1042-1112-1113-1114-1115-1116-1117-1118-1119-1120-1121-1122-1123-1179-1180-1181-1182-1183-102
[2026-08-11 16:43:44.600397] [INFO] [path_server] 노드 업데이트 : [1041] ➜ [1042]
[2026-08-11 16:43:44.680328] [INFO] [path_server] 새로운 경로 설정 : path[1041 ➜ 102] time[0s] dist[28.5m] list[20] : 1041-1042-1112-1113-1114-1115-1116-1117-1118-1119-1120-1121-1122-1123-1179-1180-1181-1182-1183-102
[2026-08-11 16:43:45.358940] [INFO] [path_server] 노드 업데이트 : [1042] ➜ [1112]
[2026-08-11 16:43:45.418852] [INFO] [path_server] 새로운 경로 설정 : path[1042 ➜ 102] time[0s] dist[27m] list[19] : 1042-1112-1113-1114-1115-1116-1117-1118-1119-1120-1121-1122-1123-1179-1180-1181-1182-1183-102
[2026-08-11 16:43:46.676314] [INFO] [path_server] 노드 업데이트 : [1112] ➜ [1113]
[2026-08-11 16:43:46.736253] [INFO] [path_server] 새로운 경로 설정 : path[1112 ➜ 102] time[0s] dist[25.5m] list[18] : 1112-1113-1114-1115-1116-1117-1118-1119-1120-1121-1122-1123-1179-1180-1181-1182-1183-102
[2026-08-11 16:43:50.029734] [INFO] [path_server] 노드 업데이트 : [1113] ➜ [1114]
[2026-08-11 16:43:50.109665] [INFO] [path_server] 새로운 경로 설정 : path[1113 ➜ 102] time[0s] dist[24m] list[17] : 1113-1114-1115-1116-1117-1118-1119-1120-1121-1122-1123-1179-1180-1181-1182-1183-102
[2026-08-11 16:43:51.167621] [INFO] [path_server] 노드 업데이트 : [1114] ➜ [1115]
[2026-08-11 16:43:51.247640] [INFO] [path_server] 새로운 경로 설정 : path[1114 ➜ 102] time[0s] dist[22.5m] list[16] : 1114-1115-1116-1117-1118-1119-1120-1121-1122-1123-1179-1180-1181-1182-1183-102
[2026-08-11 16:43:51.986355] [INFO] [path_server] 노드 업데이트 : [1115] ➜ [1116]
[2026-08-11 16:43:52.046249] [INFO] [path_server] 새로운 경로 설정 : path[1115 ➜ 102] time[0s] dist[21m] list[15] : 1115-1116-1117-1118-1119-1120-1121-1122-1123-1179-1180-1181-1182-1183-102
[2026-08-11 16:43:52.744864] [INFO] [path_server] 노드 업데이트 : [1116] ➜ [1117]
[2026-08-11 16:43:52.824738] [INFO] [path_server] 새로운 경로 설정 : path[1116 ➜ 102] time[0s] dist[19.5m] list[14] : 1116-1117-1118-1119-1120-1121-1122-1123-1179-1180-1181-1182-1183-102
[2026-08-11 16:43:53.503414] [INFO] [path_server] 노드 업데이트 : [1117] ➜ [1118]
[2026-08-11 16:43:53.583360] [INFO] [path_server] 새로운 경로 설정 : path[1117 ➜ 102] time[0s] dist[18m] list[13] : 1117-1118-1119-1120-1121-1122-1123-1179-1180-1181-1182-1183-102
[2026-08-11 16:43:54.242191] [INFO] [path_server] 노드 업데이트 : [1118] ➜ [1119]
[2026-08-11 16:43:54.322223] [INFO] [path_server] 새로운 경로 설정 : path[1118 ➜ 102] time[0s] dist[16.5m] list[12] : 1118-1119-1120-1121-1122-1123-1179-1180-1181-1182-1183-102
[2026-08-11 16:43:55.000967] [INFO] [path_server] 노드 업데이트 : [1119] ➜ [1120]
[2026-08-11 16:43:55.080950] [INFO] [path_server] 새로운 경로 설정 : path[1119 ➜ 102] time[0s] dist[15m] list[11] : 1119-1120-1121-1122-1123-1179-1180-1181-1182-1183-102
[2026-08-11 16:43:55.839517] [INFO] [path_server] 노드 업데이트 : [1120] ➜ [1121]
[2026-08-11 16:43:55.919451] [INFO] [path_server] 새로운 경로 설정 : path[1120 ➜ 102] time[0s] dist[13.5m] list[10] : 1120-1121-1122-1123-1179-1180-1181-1182-1183-102
[2026-08-11 16:43:59.493365] [INFO] [path_server] 노드 업데이트 : [1121] ➜ [1122]
[2026-08-11 16:43:59.573313] [INFO] [path_server] 새로운 경로 설정 : path[1121 ➜ 102] time[0s] dist[12m] list[9] : 1121-1122-1123-1179-1180-1181-1182-1183-102
[2026-08-11 16:44:00.850813] [INFO] [path_server] 노드 업데이트 : [1122] ➜ [1123]
[2026-08-11 16:44:00.910752] [INFO] [path_server] 새로운 경로 설정 : path[1122 ➜ 102] time[0s] dist[10.5m] list[8] : 1122-1123-1179-1180-1181-1182-1183-102
[2026-08-11 16:44:01.908874] [INFO] [path_server] 노드 업데이트 : [1123] ➜ [1179]
[2026-08-11 16:44:01.968859] [INFO] [path_server] 새로운 경로 설정 : path[1123 ➜ 102] time[0s] dist[9m] list[7] : 1123-1179-1180-1181-1182-1183-102
[2026-08-11 16:44:05.223010] [INFO] [path_server] 노드 업데이트 : [1179] ➜ [1180]
[2026-08-11 16:44:05.302943] [INFO] [path_server] 새로운 경로 설정 : path[1179 ➜ 102] time[0s] dist[7.5m] list[6] : 1179-1180-1181-1182-1183-102
[2026-08-11 16:44:06.460817] [INFO] [path_server] 노드 업데이트 : [1180] ➜ [1181]
[2026-08-11 16:44:06.520768] [INFO] [path_server] 새로운 경로 설정 : path[1180 ➜ 102] time[0s] dist[6m] list[5] : 1180-1181-1182-1183-102
[2026-08-11 16:44:07.339351] [INFO] [path_server] 노드 업데이트 : [1181] ➜ [1182]
[2026-08-11 16:44:07.419256] [INFO] [path_server] 새로운 경로 설정 : path[1181 ➜ 102] time[0s] dist[4.5m] list[4] : 1181-1182-1183-102
[2026-08-11 16:44:08.077977] [INFO] [path_server] 노드 업데이트 : [1182] ➜ [1183]
[2026-08-11 16:44:08.137882] [INFO] [path_server] 새로운 경로 설정 : path[1182 ➜ 102] time[0s] dist[3m] list[3] : 1182-1183-102
[2026-08-11 16:44:09.415378] [INFO] [path_server] 노드 업데이트 : [1183] ➜ [102]
[2026-08-11 16:44:09.495304] [INFO] [path_server] 새로운 경로 설정 : path[1183 ➜ 102] time[0s] dist[1.5m] list[2] : 1183-102
[2026-08-11 16:44:14.625546] [INFO] [path_server] 노드 업데이트 : [102] ➜ [-1]
[2026-08-11 16:44:17.559978] [INFO] [path_server] 노드 업데이트 : [102] ➜ [-1]
[2026-08-11 16:44:40.379764] [INFO] [path_server] 경로 삭제
[2026-08-11 16:44:40.419800] [INFO] [path_server] 경로 삭제
[2026-08-11 16:45:50.022487] [INFO] [path_server] 생성
[2026-08-11 16:45:50.022523] [INFO] [path_server] 경로 삭제
[2026-08-11 16:45:50.024065] [INFO] [path_server] 노드 초기화 성공 : 로봇 좌표[5.504m 6.998m -179.385°] 최단 거리 노드[102] 거리(0.004241m)
[2026-08-11 16:45:50.044084] [INFO] [path_server] 경로 삭제
[2026-08-11 16:46:16.655160] [INFO] [path_server] 새로운 경로 설정 : path[102 ➜ 1041] time[0s] dist[7.5m] list[6] : 102-1183-1184-1045-1040-1041
[2026-08-11 16:46:23.821041] [INFO] [path_server] 노드 업데이트 : [1183] ➜ [1184]
[2026-08-11 16:46:23.900857] [INFO] [path_server] 새로운 경로 설정 : path[1183 ➜ 1041] time[0s] dist[6m] list[5] : 1183-1184-1045-1040-1041
[2026-08-11 16:46:27.434403] [INFO] [path_server] 노드 업데이트 : [1184] ➜ [1045]
[2026-08-11 16:46:27.494333] [INFO] [path_server] 새로운 경로 설정 : path[1184 ➜ 1041] time[0s] dist[4.5m] list[4] : 1184-1045-1040-1041
[2026-08-11 16:46:28.572609] [INFO] [path_server] 노드 업데이트 : [1045] ➜ [1040]
[2026-08-11 16:46:28.632510] [INFO] [path_server] 새로운 경로 설정 : path[1045 ➜ 1041] time[0s] dist[3m] list[3] : 1045-1040-1041
[2026-08-11 16:46:29.910520] [INFO] [path_server] 노드 업데이트 : [1040] ➜ [1041]
[2026-08-11 16:46:29.990415] [INFO] [path_server] 새로운 경로 설정 : path[1040 ➜ 1041] time[0s] dist[1.5m] list[2] : 1040-1041
[2026-08-11 16:46:33.902868] [INFO] [path_server] 노드 업데이트 : [1041] ➜ [-1]
[2026-08-11 16:46:37.735753] [INFO] [path_server] 노드 업데이트 : [1041] ➜ [-1]
[2026-08-11 16:46:37.795632] [INFO] [path_server] 경로 삭제
[2026-08-11 16:46:42.907072] [INFO] [path_server] 새로운 경로 설정 : path[1041 ➜ 102] time[0s] dist[28.5m] list[20] : 1041-1042-1112-1113-1114-1115-1116-1117-1118-1119-1120-1121-1122-1123-1179-1180-1181-1182-1183-102
[2026-08-11 16:46:45.242873] [INFO] [path_server] 노드 업데이트 : [1042] ➜ [1112]
[2026-08-11 16:46:45.322749] [INFO] [path_server] 새로운 경로 설정 : path[1042 ➜ 102] time[0s] dist[27m] list[19] : 1042-1112-1113-1114-1115-1116-1117-1118-1119-1120-1121-1122-1123-1179-1180-1181-1182-1183-102
[2026-08-11 16:46:46.600301] [INFO] [path_server] 노드 업데이트 : [1112] ➜ [1113]
[2026-08-11 16:46:46.680226] [INFO] [path_server] 새로운 경로 설정 : path[1112 ➜ 102] time[0s] dist[25.5m] list[18] : 1112-1113-1114-1115-1116-1117-1118-1119-1120-1121-1122-1123-1179-1180-1181-1182-1183-102
[2026-08-11 16:46:49.974194] [INFO] [path_server] 노드 업데이트 : [1113] ➜ [1114]
[2026-08-11 16:46:50.054101] [INFO] [path_server] 새로운 경로 설정 : path[1113 ➜ 102] time[0s] dist[24m] list[17] : 1113-1114-1115-1116-1117-1118-1119-1120-1121-1122-1123-1179-1180-1181-1182-1183-102
[2026-08-11 16:46:51.092257] [INFO] [path_server] 노드 업데이트 : [1114] ➜ [1115]
[2026-08-11 16:46:51.172239] [INFO] [path_server] 새로운 경로 설정 : path[1114 ➜ 102] time[0s] dist[22.5m] list[16] : 1114-1115-1116-1117-1118-1119-1120-1121-1122-1123-1179-1180-1181-1182-1183-102
[2026-08-11 16:46:51.910843] [INFO] [path_server] 노드 업데이트 : [1115] ➜ [1116]
[2026-08-11 16:46:51.970816] [INFO] [path_server] 새로운 경로 설정 : path[1115 ➜ 102] time[0s] dist[21m] list[15] : 1115-1116-1117-1118-1119-1120-1121-1122-1123-1179-1180-1181-1182-1183-102
[2026-08-11 16:46:52.669462] [INFO] [path_server] 노드 업데이트 : [1116] ➜ [1117]
[2026-08-11 16:46:52.749365] [INFO] [path_server] 새로운 경로 설정 : path[1116 ➜ 102] time[0s] dist[19.5m] list[14] : 1116-1117-1118-1119-1120-1121-1122-1123-1179-1180-1181-1182-1183-102
[2026-08-11 16:46:53.428006] [INFO] [path_server] 노드 업데이트 : [1117] ➜ [1118]
[2026-08-11 16:46:53.507925] [INFO] [path_server] 새로운 경로 설정 : path[1117 ➜ 102] time[0s] dist[18m] list[13] : 1117-1118-1119-1120-1121-1122-1123-1179-1180-1181-1182-1183-102
[2026-08-11 16:46:54.166508] [INFO] [path_server] 노드 업데이트 : [1118] ➜ [1119]
[2026-08-11 16:46:54.266333] [INFO] [path_server] 새로운 경로 설정 : path[1118 ➜ 102] time[0s] dist[16.5m] list[12] : 1118-1119-1120-1121-1122-1123-1179-1180-1181-1182-1183-102
[2026-08-11 16:46:54.925090] [INFO] [path_server] 노드 업데이트 : [1119] ➜ [1120]
[2026-08-11 16:46:55.004946] [INFO] [path_server] 새로운 경로 설정 : path[1119 ➜ 102] time[0s] dist[15m] list[11] : 1119-1120-1121-1122-1123-1179-1180-1181-1182-1183-102
[2026-08-11 16:46:55.763714] [INFO] [path_server] 노드 업데이트 : [1120] ➜ [1121]
[2026-08-11 16:46:55.843574] [INFO] [path_server] 새로운 경로 설정 : path[1120 ➜ 102] time[0s] dist[13.5m] list[10] : 1120-1121-1122-1123-1179-1180-1181-1182-1183-102
[2026-08-11 16:46:59.416402] [INFO] [path_server] 노드 업데이트 : [1121] ➜ [1122]
[2026-08-11 16:46:59.496256] [INFO] [path_server] 새로운 경로 설정 : path[1121 ➜ 102] time[0s] dist[12m] list[9] : 1121-1122-1123-1179-1180-1181-1182-1183-102
[2026-08-11 16:47:00.773766] [INFO] [path_server] 노드 업데이트 : [1122] ➜ [1123]
[2026-08-11 16:47:00.853692] [INFO] [path_server] 새로운 경로 설정 : path[1122 ➜ 102] time[0s] dist[10.5m] list[8] : 1122-1123-1179-1180-1181-1182-1183-102
[2026-08-11 16:47:01.831955] [INFO] [path_server] 노드 업데이트 : [1123] ➜ [1179]
[2026-08-11 16:47:01.891838] [INFO] [path_server] 새로운 경로 설정 : path[1123 ➜ 102] time[0s] dist[9m] list[7] : 1123-1179-1180-1181-1182-1183-102
[2026-08-11 16:47:05.145652] [INFO] [path_server] 노드 업데이트 : [1179] ➜ [1180]
[2026-08-11 16:47:05.225547] [INFO] [path_server] 새로운 경로 설정 : path[1179 ➜ 102] time[0s] dist[7.5m] list[6] : 1179-1180-1181-1182-1183-102
[2026-08-11 16:47:06.383502] [INFO] [path_server] 노드 업데이트 : [1180] ➜ [1181]
[2026-08-11 16:47:06.443394] [INFO] [path_server] 새로운 경로 설정 : path[1180 ➜ 102] time[0s] dist[6m] list[5] : 1180-1181-1182-1183-102
[2026-08-11 16:47:07.261895] [INFO] [path_server] 노드 업데이트 : [1181] ➜ [1182]
[2026-08-11 16:47:07.361800] [INFO] [path_server] 새로운 경로 설정 : path[1181 ➜ 102] time[0s] dist[4.5m] list[4] : 1181-1182-1183-102
[2026-08-11 16:47:08.020519] [INFO] [path_server] 노드 업데이트 : [1182] ➜ [1183]
[2026-08-11 16:47:08.100373] [INFO] [path_server] 새로운 경로 설정 : path[1182 ➜ 102] time[0s] dist[3m] list[3] : 1182-1183-102
[2026-08-11 16:47:09.317891] [INFO] [path_server] 노드 업데이트 : [1183] ➜ [102]
[2026-08-11 16:47:09.397782] [INFO] [path_server] 새로운 경로 설정 : path[1183 ➜ 102] time[0s] dist[1.5m] list[2] : 1183-102
[2026-08-11 16:47:14.527721] [INFO] [path_server] 노드 업데이트 : [102] ➜ [-1]
[2026-08-11 16:47:17.462155] [INFO] [path_server] 노드 업데이트 : [102] ➜ [-1]
[2026-08-11 16:47:42.785269] [INFO] [path_server] 생성
[2026-08-11 16:47:42.785524] [INFO] [path_server] 경로 삭제
[2026-08-11 16:47:42.787851] [INFO] [path_server] 노드 초기화 성공 : 로봇 좌표[5.504m 6.998m -179.354°] 최단 거리 노드[102] 거리(0.004144m)
[2026-08-11 16:47:59.259538] [INFO] [path_server] 경로 삭제
[2026-08-11 16:48:11.437428] [INFO] [path_server] 경로 삭제
[2026-08-11 16:48:32.321789] [INFO] [path_server] 새로운 경로 설정 : path[102 ➜ 205] time[0s] dist[27m] list[19] : 102-1183-1184-1045-1046-1047-1048-1001-1002-1003-1004-1013-1049-1050-1014-1201-1200-1202-205
[2026-08-11 16:48:39.488543] [INFO] [path_server] 노드 업데이트 : [1183] ➜ [1184]
[2026-08-11 16:48:39.568421] [INFO] [path_server] 새로운 경로 설정 : path[1183 ➜ 205] time[0s] dist[25.5m] list[18] : 1183-1184-1045-1046-1047-1048-1001-1002-1003-1004-1013-1049-1050-1014-1201-1200-1202-205
[2026-08-11 16:48:43.102380] [INFO] [path_server] 노드 업데이트 : [1184] ➜ [1045]
[2026-08-11 16:48:43.162325] [INFO] [path_server] 새로운 경로 설정 : path[1184 ➜ 205] time[0s] dist[24m] list[17] : 1184-1045-1046-1047-1048-1001-1002-1003-1004-1013-1049-1050-1014-1201-1200-1202-205
[2026-08-11 16:48:44.460085] [INFO] [path_server] 노드 업데이트 : [1045] ➜ [1046]
[2026-08-11 16:48:44.539947] [INFO] [path_server] 새로운 경로 설정 : path[1045 ➜ 205] time[0s] dist[22.5m] list[16] : 1045-1046-1047-1048-1001-1002-1003-1004-1013-1049-1050-1014-1201-1200-1202-205
[2026-08-11 16:48:47.781520] [INFO] [path_server] 노드 업데이트 : [1046] ➜ [1047]
[2026-08-11 16:48:47.841486] [INFO] [path_server] 새로운 경로 설정 : path[1046 ➜ 205] time[0s] dist[21m] list[15] : 1046-1047-1048-1001-1002-1003-1004-1013-1049-1050-1014-1201-1200-1202-205
[2026-08-11 16:48:48.919808] [INFO] [path_server] 노드 업데이트 : [1047] ➜ [1048]
[2026-08-11 16:48:48.979711] [INFO] [path_server] 새로운 경로 설정 : path[1047 ➜ 205] time[0s] dist[19.5m] list[14] : 1047-1048-1001-1002-1003-1004-1013-1049-1050-1014-1201-1200-1202-205
[2026-08-11 16:48:49.738254] [INFO] [path_server] 노드 업데이트 : [1048] ➜ [1001]
[2026-08-11 16:48:49.818133] [INFO] [path_server] 새로운 경로 설정 : path[1048 ➜ 205] time[0s] dist[18m] list[13] : 1048-1001-1002-1003-1004-1013-1049-1050-1014-1201-1200-1202-205
[2026-08-11 16:48:50.496747] [INFO] [path_server] 노드 업데이트 : [1001] ➜ [1002]
[2026-08-11 16:48:50.576711] [INFO] [path_server] 새로운 경로 설정 : path[1001 ➜ 205] time[0s] dist[16.5m] list[12] : 1001-1002-1003-1004-1013-1049-1050-1014-1201-1200-1202-205
[2026-08-11 16:48:51.255576] [INFO] [path_server] 노드 업데이트 : [1002] ➜ [1003]
[2026-08-11 16:48:51.315513] [INFO] [path_server] 새로운 경로 설정 : path[1002 ➜ 205] time[0s] dist[15m] list[11] : 1002-1003-1004-1013-1049-1050-1014-1201-1200-1202-205
[2026-08-11 16:48:51.994034] [INFO] [path_server] 노드 업데이트 : [1003] ➜ [1004]
[2026-08-11 16:48:52.073954] [INFO] [path_server] 새로운 경로 설정 : path[1003 ➜ 205] time[0s] dist[13.5m] list[10] : 1003-1004-1013-1049-1050-1014-1201-1200-1202-205
[2026-08-11 16:48:53.311548] [INFO] [path_server] 노드 업데이트 : [1004] ➜ [1013]
[2026-08-11 16:48:53.391484] [INFO] [path_server] 새로운 경로 설정 : path[1004 ➜ 205] time[0s] dist[12m] list[9] : 1004-1013-1049-1050-1014-1201-1200-1202-205
[2026-08-11 16:48:56.665209] [INFO] [path_server] 노드 업데이트 : [1013] ➜ [1049]
[2026-08-11 16:48:56.745077] [INFO] [path_server] 새로운 경로 설정 : path[1013 ➜ 205] time[0s] dist[10.5m] list[8] : 1013-1049-1050-1014-1201-1200-1202-205
[2026-08-11 16:48:57.783084] [INFO] [path_server] 노드 업데이트 : [1049] ➜ [1050]
[2026-08-11 16:48:57.863008] [INFO] [path_server] 새로운 경로 설정 : path[1049 ➜ 205] time[0s] dist[9m] list[7] : 1049-1050-1014-1201-1200-1202-205
[2026-08-11 16:48:59.120519] [INFO] [path_server] 노드 업데이트 : [1050] ➜ [1014]
[2026-08-11 16:48:59.200398] [INFO] [path_server] 새로운 경로 설정 : path[1050 ➜ 205] time[0s] dist[7.5m] list[6] : 1050-1014-1201-1200-1202-205
[2026-08-11 16:49:02.514619] [INFO] [path_server] 노드 업데이트 : [1014] ➜ [1201]
[2026-08-11 16:49:02.594545] [INFO] [path_server] 새로운 경로 설정 : path[1014 ➜ 205] time[0s] dist[6m] list[5] : 1014-1201-1200-1202-205
[2026-08-11 16:49:03.632790] [INFO] [path_server] 노드 업데이트 : [1201] ➜ [1200]
[2026-08-11 16:49:03.692653] [INFO] [path_server] 새로운 경로 설정 : path[1201 ➜ 205] time[0s] dist[4.5m] list[4] : 1201-1200-1202-205
[2026-08-11 16:49:04.451774] [INFO] [path_server] 노드 업데이트 : [1200] ➜ [1202]
[2026-08-11 16:49:04.531634] [INFO] [path_server] 새로운 경로 설정 : path[1200 ➜ 205] time[0s] dist[3m] list[3] : 1200-1202-205
[2026-08-11 16:49:05.789626] [INFO] [path_server] 노드 업데이트 : [1202] ➜ [205]
[2026-08-11 16:49:05.849579] [INFO] [path_server] 새로운 경로 설정 : path[1202 ➜ 205] time[0s] dist[1.5m] list[2] : 1202-205
[2026-08-11 16:49:11.000291] [INFO] [path_server] 노드 업데이트 : [205] ➜ [-1]
[2026-08-11 16:49:24.435694] [INFO] [path_server] 생성
[2026-08-11 16:49:24.435748] [INFO] [path_server] 경로 삭제
[2026-08-11 16:49:24.438111] [INFO] [path_server] 노드 초기화 성공 : 로봇 좌표[23.498m 6.996m 90.562°] 최단 거리 노드[205] 거리(0.004452m)
[2026-08-11 16:49:24.458254] [INFO] [path_server] 새로운 경로 설정 : path[205 ➜ 110] time[0s] dist[34.5m] list[24] : 205-1202-1203-1204-1205-1206-1207-1208-1145-1146-1147-1148-1077-1029-1030-1031-1032-1033-1034-1007-1167-1168-1169-110
[2026-08-11 16:49:29.368490] [INFO] [path_server] 노드 업데이트 : [1202] ➜ [1203]
[2026-08-11 16:49:29.448430] [INFO] [path_server] 새로운 경로 설정 : path[1202 ➜ 110] time[0s] dist[33m] list[23] : 1202-1203-1204-1205-1206-1207-1208-1145-1146-1147-1148-1077-1029-1030-1031-1032-1033-1034-1007-1167-1168-1169-110
[2026-08-11 16:49:33.001418] [INFO] [path_server] 노드 업데이트 : [1203] ➜ [1204]
[2026-08-11 16:49:33.061334] [INFO] [path_server] 새로운 경로 설정 : path[1203 ➜ 110] time[0s] dist[31.5m] list[22] : 1203-1204-1205-1206-1207-1208-1145-1146-1147-1148-1077-1029-1030-1031-1032-1033-1034-1007-1167-1168-1169-110
[2026-08-11 16:49:34.119799] [INFO] [path_server] 노드 업데이트 : [1204] ➜ [1205]
[2026-08-11 16:49:34.199687] [INFO] [path_server] 새로운 경로 설정 : path[1204 ➜ 110] time[0s] dist[30m] list[21] : 1204-1205-1206-1207-1208-1145-1146-1147-1148-1077-1029-1030-1031-1032-1033-1034-1007-1167-1168-1169-110
[2026-08-11 16:49:46.528770] [INFO] [path_server] 생성
[2026-08-11 16:49:46.528826] [INFO] [path_server] 경로 삭제
[2026-08-11 16:49:46.531158] [INFO] [path_server] 노드 초기화 성공 : 로봇 좌표[34.022m 9.693m 90.358°] 최단 거리 노드[1148] 거리(0.308163m)
[2026-08-11 16:49:51.642351] [INFO] [path_server] 새로운 경로 설정 : path[1148 ➜ 110] time[0s] dist[18m] list[13] : 1148-1077-1029-1030-1031-1032-1033-1034-1007-1167-1168-1169-110
[2026-08-11 16:49:54.177523] [INFO] [path_server] 노드 업데이트 : [1077] ➜ [1029]
[2026-08-11 16:49:54.257505] [INFO] [path_server] 새로운 경로 설정 : path[1077 ➜ 110] time[0s] dist[16.5m] list[12] : 1077-1029-1030-1031-1032-1033-1034-1007-1167-1168-1169-110
[2026-08-11 16:52:17.151194] [INFO] [path_server] 생성
[2026-08-11 16:52:17.151225] [INFO] [path_server] 경로 삭제
[2026-08-11 16:52:17.153083] [INFO] [path_server] 노드 초기화 성공 : 로봇 좌표[33.534m 11.488m 169.760°] 최단 거리 노드[1077] 거리(0.466079m)
[2026-08-11 16:52:29.150303] [INFO] [path_server] 새로운 경로 설정 : path[1077 ➜ 207] time[0s] dist[6m] list[5] : 1077-1078-1079-1080-207
[2026-08-11 16:52:39.731063] [INFO] [path_server] 노드 업데이트 : [1078] ➜ [1079]
[2026-08-11 16:52:39.810931] [INFO] [path_server] 새로운 경로 설정 : path[1078 ➜ 207] time[0s] dist[4.5m] list[4] : 1078-1079-1080-207
[2026-08-11 16:52:41.587302] [INFO] [path_server] 노드 업데이트 : [1079] ➜ [1080]
[2026-08-11 16:52:41.667191] [INFO] [path_server] 새로운 경로 설정 : path[1079 ➜ 207] time[0s] dist[3m] list[3] : 1079-1080-207
[2026-08-11 16:52:42.924680] [INFO] [path_server] 노드 업데이트 : [1080] ➜ [207]
[2026-08-11 16:52:42.984590] [INFO] [path_server] 새로운 경로 설정 : path[1080 ➜ 207] time[0s] dist[1.5m] list[2] : 1080-207
[2026-08-11 16:52:48.157597] [INFO] [path_server] 노드 업데이트 : [207] ➜ [-1]
[2026-08-11 16:52:51.084004] [INFO] [path_server] 노드 업데이트 : [207] ➜ [-1]
[2026-08-11 16:52:51.143878] [INFO] [path_server] 경로 삭제
[2026-08-11 16:53:00.325684] [INFO] [path_server] 새로운 경로 설정 : path[207 ➜ 102] time[0s] dist[75m] list[51] : 207-1080-1081-1082-1083-1084-1085-1086-1087-1088-1089-1090-1091-1092-1093-1094-1095-1074-1075-1076-1018-1019-1020-1011-1012-1035-1036-1037-1038-1039-1040-1041-1042-1112-1113-1114-1115-1116-1117-1118-1119-1120-1121-1122-1123-1179-1180-1181-1182-1183-102
[2026-08-11 16:53:05.215943] [INFO] [path_server] 노드 업데이트 : [1080] ➜ [1081]
[2026-08-11 16:53:05.295892] [INFO] [path_server] 새로운 경로 설정 : path[1080 ➜ 102] time[0s] dist[73.5m] list[50] : 1080-1081-1082-1083-1084-1085-1086-1087-1088-1089-1090-1091-1092-1093-1094-1095-1074-1075-1076-1018-1019-1020-1011-1012-1035-1036-1037-1038-1039-1040-1041-1042-1112-1113-1114-1115-1116-1117-1118-1119-1120-1121-1122-1123-1179-1180-1181-1182-1183-102
[2026-08-11 16:53:08.848758] [INFO] [path_server] 노드 업데이트 : [1081] ➜ [1082]
[2026-08-11 16:53:08.908698] [INFO] [path_server] 새로운 경로 설정 : path[1081 ➜ 102] time[0s] dist[72m] list[49] : 1081-1082-1083-1084-1085-1086-1087-1088-1089-1090-1091-1092-1093-1094-1095-1074-1075-1076-1018-1019-1020-1011-1012-1035-1036-1037-1038-1039-1040-1041-1042-1112-1113-1114-1115-1116-1117-1118-1119-1120-1121-1122-1123-1179-1180-1181-1182-1183-102
[2026-08-11 16:53:09.966556] [INFO] [path_server] 노드 업데이트 : [1082] ➜ [1083]
[2026-08-11 16:53:10.046456] [INFO] [path_server] 새로운 경로 설정 : path[1082 ➜ 102] time[0s] dist[70.5m] list[48] : 1082-1083-1084-1085-1086-1087-1088-1089-1090-1091-1092-1093-1094-1095-1074-1075-1076-1018-1019-1020-1011-1012-1035-1036-1037-1038-1039-1040-1041-1042-1112-1113-1114-1115-1116-1117-1118-1119-1120-1121-1122-1123-1179-1180-1181-1182-1183-102
[2026-08-11 16:53:10.784873] [INFO] [path_server] 노드 업데이트 : [1083] ➜ [1084]
[2026-08-11 16:53:10.864806] [INFO] [path_server] 새로운 경로 설정 : path[1083 ➜ 102] time[0s] dist[69m] list[47] : 1083-1084-1085-1086-1087-1088-1089-1090-1091-1092-1093-1094-1095-1074-1075-1076-1018-1019-1020-1011-1012-1035-1036-1037-1038-1039-1040-1041-1042-1112-1113-1114-1115-1116-1117-1118-1119-1120-1121-1122-1123-1179-1180-1181-1182-1183-102
[2026-08-11 16:53:12.202080] [INFO] [path_server] 노드 업데이트 : [1084] ➜ [1085]
[2026-08-11 16:53:12.281973] [INFO] [path_server] 새로운 경로 설정 : path[1084 ➜ 102] time[0s] dist[67.5m] list[46] : 1084-1085-1086-1087-1088-1089-1090-1091-1092-1093-1094-1095-1074-1075-1076-1018-1019-1020-1011-1012-1035-1036-1037-1038-1039-1040-1041-1042-1112-1113-1114-1115-1116-1117-1118-1119-1120-1121-1122-1123-1179-1180-1181-1182-1183-102
[2026-08-11 16:53:15.655193] [INFO] [path_server] 노드 업데이트 : [1085] ➜ [1086]
[2026-08-11 16:53:15.715096] [INFO] [path_server] 새로운 경로 설정 : path[1085 ➜ 102] time[0s] dist[66m] list[45] : 1085-1086-1087-1088-1089-1090-1091-1092-1093-1094-1095-1074-1075-1076-1018-1019-1020-1011-1012-1035-1036-1037-1038-1039-1040-1041-1042-1112-1113-1114-1115-1116-1117-1118-1119-1120-1121-1122-1123-1179-1180-1181-1182-1183-102
[2026-08-11 16:53:16.752922] [INFO] [path_server] 노드 업데이트 : [1086] ➜ [1087]
[2026-08-11 16:53:16.832837] [INFO] [path_server] 새로운 경로 설정 : path[1086 ➜ 102] time[0s] dist[64.5m] list[44] : 1086-1087-1088-1089-1090-1091-1092-1093-1094-1095-1074-1075-1076-1018-1019-1020-1011-1012-1035-1036-1037-1038-1039-1040-1041-1042-1112-1113-1114-1115-1116-1117-1118-1119-1120-1121-1122-1123-1179-1180-1181-1182-1183-102
[2026-08-11 16:53:17.571291] [INFO] [path_server] 노드 업데이트 : [1087] ➜ [1088]
[2026-08-11 16:53:17.631230] [INFO] [path_server] 새로운 경로 설정 : path[1087 ➜ 102] time[0s] dist[63m] list[43] : 1087-1088-1089-1090-1091-1092-1093-1094-1095-1074-1075-1076-1018-1019-1020-1011-1012-1035-1036-1037-1038-1039-1040-1041-1042-1112-1113-1114-1115-1116-1117-1118-1119-1120-1121-1122-1123-1179-1180-1181-1182-1183-102
[2026-08-11 16:53:18.329750] [INFO] [path_server] 노드 업데이트 : [1088] ➜ [1089]
[2026-08-11 16:53:18.409623] [INFO] [path_server] 새로운 경로 설정 : path[1088 ➜ 102] time[0s] dist[61.5m] list[42] : 1088-1089-1090-1091-1092-1093-1094-1095-1074-1075-1076-1018-1019-1020-1011-1012-1035-1036-1037-1038-1039-1040-1041-1042-1112-1113-1114-1115-1116-1117-1118-1119-1120-1121-1122-1123-1179-1180-1181-1182-1183-102
[2026-08-11 16:53:19.068210] [INFO] [path_server] 노드 업데이트 : [1089] ➜ [1090]
[2026-08-11 16:53:19.128152] [INFO] [path_server] 새로운 경로 설정 : path[1089 ➜ 102] time[0s] dist[60m] list[41] : 1089-1090-1091-1092-1093-1094-1095-1074-1075-1076-1018-1019-1020-1011-1012-1035-1036-1037-1038-1039-1040-1041-1042-1112-1113-1114-1115-1116-1117-1118-1119-1120-1121-1122-1123-1179-1180-1181-1182-1183-102
[2026-08-11 16:53:19.826654] [INFO] [path_server] 노드 업데이트 : [1090] ➜ [1091]
[2026-08-11 16:53:19.906571] [INFO] [path_server] 새로운 경로 설정 : path[1090 ➜ 102] time[0s] dist[58.5m] list[40] : 1090-1091-1092-1093-1094-1095-1074-1075-1076-1018-1019-1020-1011-1012-1035-1036-1037-1038-1039-1040-1041-1042-1112-1113-1114-1115-1116-1117-1118-1119-1120-1121-1122-1123-1179-1180-1181-1182-1183-102
[2026-08-11 16:53:20.585131] [INFO] [path_server] 노드 업데이트 : [1091] ➜ [1092]
[2026-08-11 16:53:20.665069] [INFO] [path_server] 새로운 경로 설정 : path[1091 ➜ 102] time[0s] dist[57m] list[39] : 1091-1092-1093-1094-1095-1074-1075-1076-1018-1019-1020-1011-1012-1035-1036-1037-1038-1039-1040-1041-1042-1112-1113-1114-1115-1116-1117-1118-1119-1120-1121-1122-1123-1179-1180-1181-1182-1183-102
[2026-08-11 16:53:21.323663] [INFO] [path_server] 노드 업데이트 : [1092] ➜ [1093]
[2026-08-11 16:53:21.403582] [INFO] [path_server] 새로운 경로 설정 : path[1092 ➜ 102] time[0s] dist[55.5m] list[38] : 1092-1093-1094-1095-1074-1075-1076-1018-1019-1020-1011-1012-1035-1036-1037-1038-1039-1040-1041-1042-1112-1113-1114-1115-1116-1117-1118-1119-1120-1121-1122-1123-1179-1180-1181-1182-1183-102
[2026-08-11 16:53:22.082249] [INFO] [path_server] 노드 업데이트 : [1093] ➜ [1094]
[2026-08-11 16:53:22.162185] [INFO] [path_server] 새로운 경로 설정 : path[1093 ➜ 102] time[0s] dist[54m] list[37] : 1093-1094-1095-1074-1075-1076-1018-1019-1020-1011-1012-1035-1036-1037-1038-1039-1040-1041-1042-1112-1113-1114-1115-1116-1117-1118-1119-1120-1121-1122-1123-1179-1180-1181-1182-1183-102
[2026-08-11 16:53:22.820788] [INFO] [path_server] 노드 업데이트 : [1094] ➜ [1095]
[2026-08-11 16:53:22.900668] [INFO] [path_server] 새로운 경로 설정 : path[1094 ➜ 102] time[0s] dist[52.5m] list[36] : 1094-1095-1074-1075-1076-1018-1019-1020-1011-1012-1035-1036-1037-1038-1039-1040-1041-1042-1112-1113-1114-1115-1116-1117-1118-1119-1120-1121-1122-1123-1179-1180-1181-1182-1183-102
[2026-08-11 16:53:24.158033] [INFO] [path_server] 노드 업데이트 : [1095] ➜ [1074]
[2026-08-11 16:53:24.237908] [INFO] [path_server] 새로운 경로 설정 : path[1095 ➜ 102] time[0s] dist[51m] list[35] : 1095-1074-1075-1076-1018-1019-1020-1011-1012-1035-1036-1037-1038-1039-1040-1041-1042-1112-1113-1114-1115-1116-1117-1118-1119-1120-1121-1122-1123-1179-1180-1181-1182-1183-102
[2026-08-11 16:53:27.511183] [INFO] [path_server] 노드 업데이트 : [1074] ➜ [1075]
[2026-08-11 16:53:27.591121] [INFO] [path_server] 새로운 경로 설정 : path[1074 ➜ 102] time[0s] dist[49.5m] list[34] : 1074-1075-1076-1018-1019-1020-1011-1012-1035-1036-1037-1038-1039-1040-1041-1042-1112-1113-1114-1115-1116-1117-1118-1119-1120-1121-1122-1123-1179-1180-1181-1182-1183-102
[2026-08-11 16:53:28.648998] [INFO] [path_server] 노드 업데이트 : [1075] ➜ [1076]
[2026-08-11 16:53:28.728949] [INFO] [path_server] 새로운 경로 설정 : path[1075 ➜ 102] time[0s] dist[48m] list[33] : 1075-1076-1018-1019-1020-1011-1012-1035-1036-1037-1038-1039-1040-1041-1042-1112-1113-1114-1115-1116-1117-1118-1119-1120-1121-1122-1123-1179-1180-1181-1182-1183-102
[2026-08-11 16:53:29.467459] [INFO] [path_server] 노드 업데이트 : [1076] ➜ [1018]
[2026-08-11 16:53:29.527385] [INFO] [path_server] 새로운 경로 설정 : path[1076 ➜ 102] time[0s] dist[46.5m] list[32] : 1076-1018-1019-1020-1011-1012-1035-1036-1037-1038-1039-1040-1041-1042-1112-1113-1114-1115-1116-1117-1118-1119-1120-1121-1122-1123-1179-1180-1181-1182-1183-102
[2026-08-11 16:53:30.225893] [INFO] [path_server] 노드 업데이트 : [1018] ➜ [1019]
[2026-08-11 16:53:30.305734] [INFO] [path_server] 새로운 경로 설정 : path[1018 ➜ 102] time[0s] dist[45m] list[31] : 1018-1019-1020-1011-1012-1035-1036-1037-1038-1039-1040-1041-1042-1112-1113-1114-1115-1116-1117-1118-1119-1120-1121-1122-1123-1179-1180-1181-1182-1183-102
[2026-08-11 16:53:30.984248] [INFO] [path_server] 노드 업데이트 : [1019] ➜ [1020]
[2026-08-11 16:53:31.064191] [INFO] [path_server] 새로운 경로 설정 : path[1019 ➜ 102] time[0s] dist[43.5m] list[30] : 1019-1020-1011-1012-1035-1036-1037-1038-1039-1040-1041-1042-1112-1113-1114-1115-1116-1117-1118-1119-1120-1121-1122-1123-1179-1180-1181-1182-1183-102
[2026-08-11 16:53:31.722813] [INFO] [path_server] 노드 업데이트 : [1020] ➜ [1011]
[2026-08-11 16:53:31.802689] [INFO] [path_server] 새로운 경로 설정 : path[1020 ➜ 102] time[0s] dist[42m] list[29] : 1020-1011-1012-1035-1036-1037-1038-1039-1040-1041-1042-1112-1113-1114-1115-1116-1117-1118-1119-1120-1121-1122-1123-1179-1180-1181-1182-1183-102
[2026-08-11 16:53:33.040181] [INFO] [path_server] 노드 업데이트 : [1011] ➜ [1012]
[2026-08-11 16:53:33.120073] [INFO] [path_server] 새로운 경로 설정 : path[1011 ➜ 102] time[0s] dist[40.5m] list[28] : 1011-1012-1035-1036-1037-1038-1039-1040-1041-1042-1112-1113-1114-1115-1116-1117-1118-1119-1120-1121-1122-1123-1179-1180-1181-1182-1183-102
[2026-08-11 16:53:36.413736] [INFO] [path_server] 노드 업데이트 : [1012] ➜ [1035]
[2026-08-11 16:53:36.493618] [INFO] [path_server] 새로운 경로 설정 : path[1012 ➜ 102] time[0s] dist[39m] list[27] : 1012-1035-1036-1037-1038-1039-1040-1041-1042-1112-1113-1114-1115-1116-1117-1118-1119-1120-1121-1122-1123-1179-1180-1181-1182-1183-102
[2026-08-11 16:53:37.531420] [INFO] [path_server] 노드 업데이트 : [1035] ➜ [1036]
[2026-08-11 16:53:37.591342] [INFO] [path_server] 새로운 경로 설정 : path[1035 ➜ 102] time[0s] dist[37.5m] list[26] : 1035-1036-1037-1038-1039-1040-1041-1042-1112-1113-1114-1115-1116-1117-1118-1119-1120-1121-1122-1123-1179-1180-1181-1182-1183-102
[2026-08-11 16:53:38.349761] [INFO] [path_server] 노드 업데이트 : [1036] ➜ [1037]
[2026-08-11 16:53:38.429627] [INFO] [path_server] 새로운 경로 설정 : path[1036 ➜ 102] time[0s] dist[36m] list[25] : 1036-1037-1038-1039-1040-1041-1042-1112-1113-1114-1115-1116-1117-1118-1119-1120-1121-1122-1123-1179-1180-1181-1182-1183-102
[2026-08-11 16:53:39.108311] [INFO] [path_server] 노드 업데이트 : [1037] ➜ [1038]
[2026-08-11 16:53:39.188253] [INFO] [path_server] 새로운 경로 설정 : path[1037 ➜ 102] time[0s] dist[34.5m] list[24] : 1037-1038-1039-1040-1041-1042-1112-1113-1114-1115-1116-1117-1118-1119-1120-1121-1122-1123-1179-1180-1181-1182-1183-102
[2026-08-11 16:53:39.866863] [INFO] [path_server] 노드 업데이트 : [1038] ➜ [1039]
[2026-08-11 16:53:39.926772] [INFO] [path_server] 새로운 경로 설정 : path[1038 ➜ 102] time[0s] dist[33m] list[23] : 1038-1039-1040-1041-1042-1112-1113-1114-1115-1116-1117-1118-1119-1120-1121-1122-1123-1179-1180-1181-1182-1183-102
[2026-08-11 16:53:40.605364] [INFO] [path_server] 노드 업데이트 : [1039] ➜ [1040]
[2026-08-11 16:53:40.685291] [INFO] [path_server] 새로운 경로 설정 : path[1039 ➜ 102] time[0s] dist[31.5m] list[22] : 1039-1040-1041-1042-1112-1113-1114-1115-1116-1117-1118-1119-1120-1121-1122-1123-1179-1180-1181-1182-1183-102
[2026-08-11 16:53:41.363949] [INFO] [path_server] 노드 업데이트 : [1040] ➜ [1041]
[2026-08-11 16:53:41.423859] [INFO] [path_server] 새로운 경로 설정 : path[1040 ➜ 102] time[0s] dist[30m] list[21] : 1040-1041-1042-1112-1113-1114-1115-1116-1117-1118-1119-1120-1121-1122-1123-1179-1180-1181-1182-1183-102
[2026-08-11 16:53:42.102479] [INFO] [path_server] 노드 업데이트 : [1041] ➜ [1042]
[2026-08-11 16:53:42.182421] [INFO] [path_server] 새로운 경로 설정 : path[1041 ➜ 102] time[0s] dist[28.5m] list[20] : 1041-1042-1112-1113-1114-1115-1116-1117-1118-1119-1120-1121-1122-1123-1179-1180-1181-1182-1183-102
[2026-08-11 16:53:42.861192] [INFO] [path_server] 노드 업데이트 : [1042] ➜ [1112]
[2026-08-11 16:53:42.921071] [INFO] [path_server] 새로운 경로 설정 : path[1042 ➜ 102] time[0s] dist[27m] list[19] : 1042-1112-1113-1114-1115-1116-1117-1118-1119-1120-1121-1122-1123-1179-1180-1181-1182-1183-102
[2026-08-11 16:53:44.178590] [INFO] [path_server] 노드 업데이트 : [1112] ➜ [1113]
[2026-08-11 16:53:44.238502] [INFO] [path_server] 새로운 경로 설정 : path[1112 ➜ 102] time[0s] dist[25.5m] list[18] : 1112-1113-1114-1115-1116-1117-1118-1119-1120-1121-1122-1123-1179-1180-1181-1182-1183-102
[2026-08-11 16:53:47.531906] [INFO] [path_server] 노드 업데이트 : [1113] ➜ [1114]
[2026-08-11 16:53:47.591826] [INFO] [path_server] 새로운 경로 설정 : path[1113 ➜ 102] time[0s] dist[24m] list[17] : 1113-1114-1115-1116-1117-1118-1119-1120-1121-1122-1123-1179-1180-1181-1182-1183-102
[2026-08-11 16:53:48.670007] [INFO] [path_server] 노드 업데이트 : [1114] ➜ [1115]
[2026-08-11 16:53:48.750031] [INFO] [path_server] 새로운 경로 설정 : path[1114 ➜ 102] time[0s] dist[22.5m] list[16] : 1114-1115-1116-1117-1118-1119-1120-1121-1122-1123-1179-1180-1181-1182-1183-102
[2026-08-11 16:53:49.488912] [INFO] [path_server] 노드 업데이트 : [1115] ➜ [1116]
[2026-08-11 16:53:49.548801] [INFO] [path_server] 새로운 경로 설정 : path[1115 ➜ 102] time[0s] dist[21m] list[15] : 1115-1116-1117-1118-1119-1120-1121-1122-1123-1179-1180-1181-1182-1183-102
[2026-08-11 16:53:50.247332] [INFO] [path_server] 노드 업데이트 : [1116] ➜ [1117]
[2026-08-11 16:53:50.327179] [INFO] [path_server] 새로운 경로 설정 : path[1116 ➜ 102] time[0s] dist[19.5m] list[14] : 1116-1117-1118-1119-1120-1121-1122-1123-1179-1180-1181-1182-1183-102
[2026-08-11 16:53:51.005727] [INFO] [path_server] 노드 업데이트 : [1117] ➜ [1118]
[2026-08-11 16:53:51.085650] [INFO] [path_server] 새로운 경로 설정 : path[1117 ➜ 102] time[0s] dist[18m] list[13] : 1117-1118-1119-1120-1121-1122-1123-1179-1180-1181-1182-1183-102
[2026-08-11 16:53:51.744293] [INFO] [path_server] 노드 업데이트 : [1118] ➜ [1119]
[2026-08-11 16:53:51.824187] [INFO] [path_server] 새로운 경로 설정 : path[1118 ➜ 102] time[0s] dist[16.5m] list[12] : 1118-1119-1120-1121-1122-1123-1179-1180-1181-1182-1183-102
[2026-08-11 16:53:52.502744] [INFO] [path_server] 노드 업데이트 : [1119] ➜ [1120]
[2026-08-11 16:53:52.582655] [INFO] [path_server] 새로운 경로 설정 : path[1119 ➜ 102] time[0s] dist[15m] list[11] : 1119-1120-1121-1122-1123-1179-1180-1181-1182-1183-102
[2026-08-11 16:53:53.341004] [INFO] [path_server] 노드 업데이트 : [1120] ➜ [1121]
[2026-08-11 16:53:53.420912] [INFO] [path_server] 새로운 경로 설정 : path[1120 ➜ 102] time[0s] dist[13.5m] list[10] : 1120-1121-1122-1123-1179-1180-1181-1182-1183-102
[2026-08-11 16:53:56.993559] [INFO] [path_server] 노드 업데이트 : [1121] ➜ [1122]
[2026-08-11 16:53:57.073463] [INFO] [path_server] 새로운 경로 설정 : path[1121 ➜ 102] time[0s] dist[12m] list[9] : 1121-1122-1123-1179-1180-1181-1182-1183-102
[2026-08-11 16:53:58.350830] [INFO] [path_server] 노드 업데이트 : [1122] ➜ [1123]
[2026-08-11 16:53:58.410711] [INFO] [path_server] 새로운 경로 설정 : path[1122 ➜ 102] time[0s] dist[10.5m] list[8] : 1122-1123-1179-1180-1181-1182-1183-102
[2026-08-11 16:53:59.408986] [INFO] [path_server] 노드 업데이트 : [1123] ➜ [1179]
[2026-08-11 16:53:59.488887] [INFO] [path_server] 새로운 경로 설정 : path[1123 ➜ 102] time[0s] dist[9m] list[7] : 1123-1179-1180-1181-1182-1183-102
[2026-08-11 16:54:02.722600] [INFO] [path_server] 노드 업데이트 : [1179] ➜ [1180]
[2026-08-11 16:54:02.802526] [INFO] [path_server] 새로운 경로 설정 : path[1179 ➜ 102] time[0s] dist[7.5m] list[6] : 1179-1180-1181-1182-1183-102
[2026-08-11 16:54:03.960426] [INFO] [path_server] 노드 업데이트 : [1180] ➜ [1181]
[2026-08-11 16:54:04.020326] [INFO] [path_server] 새로운 경로 설정 : path[1180 ➜ 102] time[0s] dist[6m] list[5] : 1180-1181-1182-1183-102
[2026-08-11 16:54:04.840812] [INFO] [path_server] 노드 업데이트 : [1181] ➜ [1182]
[2026-08-11 16:54:04.920709] [INFO] [path_server] 새로운 경로 설정 : path[1181 ➜ 102] time[0s] dist[4.5m] list[4] : 1181-1182-1183-102
[2026-08-11 16:54:05.579466] [INFO] [path_server] 노드 업데이트 : [1182] ➜ [1183]
[2026-08-11 16:54:05.639353] [INFO] [path_server] 새로운 경로 설정 : path[1182 ➜ 102] time[0s] dist[3m] list[3] : 1182-1183-102
[2026-08-11 16:54:06.916779] [INFO] [path_server] 노드 업데이트 : [1183] ➜ [102]
[2026-08-11 16:54:06.996693] [INFO] [path_server] 새로운 경로 설정 : path[1183 ➜ 102] time[0s] dist[1.5m] list[2] : 1183-102
[2026-08-11 16:54:12.126300] [INFO] [path_server] 노드 업데이트 : [102] ➜ [-1]
[2026-08-11 16:54:15.060472] [INFO] [path_server] 노드 업데이트 : [102] ➜ [-1]
[2026-08-11 16:54:45.880928] [INFO] [path_server] 경로 삭제
[2026-08-11 16:54:45.920843] [INFO] [path_server] 경로 삭제
[2026-08-11 16:55:10.332440] [INFO] [path_server] 새로운 경로 설정 : path[102 ➜ 205] time[0s] dist[27m] list[19] : 102-1183-1184-1045-1046-1047-1048-1001-1002-1003-1004-1013-1049-1050-1014-1201-1200-1202-205
[2026-08-11 16:55:17.498194] [INFO] [path_server] 노드 업데이트 : [1183] ➜ [1184]
[2026-08-11 16:55:17.558080] [INFO] [path_server] 새로운 경로 설정 : path[1183 ➜ 205] time[0s] dist[25.5m] list[18] : 1183-1184-1045-1046-1047-1048-1001-1002-1003-1004-1013-1049-1050-1014-1201-1200-1202-205
[2026-08-11 16:55:21.111092] [INFO] [path_server] 노드 업데이트 : [1184] ➜ [1045]
[2026-08-11 16:55:21.191022] [INFO] [path_server] 새로운 경로 설정 : path[1184 ➜ 205] time[0s] dist[24m] list[17] : 1184-1045-1046-1047-1048-1001-1002-1003-1004-1013-1049-1050-1014-1201-1200-1202-205
[2026-08-11 16:55:22.468492] [INFO] [path_server] 노드 업데이트 : [1045] ➜ [1046]
[2026-08-11 16:55:22.528412] [INFO] [path_server] 새로운 경로 설정 : path[1045 ➜ 205] time[0s] dist[22.5m] list[16] : 1045-1046-1047-1048-1001-1002-1003-1004-1013-1049-1050-1014-1201-1200-1202-205
[2026-08-11 16:55:25.802149] [INFO] [path_server] 노드 업데이트 : [1046] ➜ [1047]
[2026-08-11 16:55:25.882025] [INFO] [path_server] 새로운 경로 설정 : path[1046 ➜ 205] time[0s] dist[21m] list[15] : 1046-1047-1048-1001-1002-1003-1004-1013-1049-1050-1014-1201-1200-1202-205
[2026-08-11 16:55:26.919921] [INFO] [path_server] 노드 업데이트 : [1047] ➜ [1048]
[2026-08-11 16:55:26.999825] [INFO] [path_server] 새로운 경로 설정 : path[1047 ➜ 205] time[0s] dist[19.5m] list[14] : 1047-1048-1001-1002-1003-1004-1013-1049-1050-1014-1201-1200-1202-205
[2026-08-11 16:55:27.738389] [INFO] [path_server] 노드 업데이트 : [1048] ➜ [1001]
[2026-08-11 16:55:27.818278] [INFO] [path_server] 새로운 경로 설정 : path[1048 ➜ 205] time[0s] dist[18m] list[13] : 1048-1001-1002-1003-1004-1013-1049-1050-1014-1201-1200-1202-205
[2026-08-11 16:55:28.497049] [INFO] [path_server] 노드 업데이트 : [1001] ➜ [1002]
[2026-08-11 16:55:28.557002] [INFO] [path_server] 새로운 경로 설정 : path[1001 ➜ 205] time[0s] dist[16.5m] list[12] : 1001-1002-1003-1004-1013-1049-1050-1014-1201-1200-1202-205
[2026-08-11 16:55:29.255642] [INFO] [path_server] 노드 업데이트 : [1002] ➜ [1003]
[2026-08-11 16:55:29.335530] [INFO] [path_server] 새로운 경로 설정 : path[1002 ➜ 205] time[0s] dist[15m] list[11] : 1002-1003-1004-1013-1049-1050-1014-1201-1200-1202-205
[2026-08-11 16:55:29.994278] [INFO] [path_server] 노드 업데이트 : [1003] ➜ [1004]
[2026-08-11 16:55:30.054168] [INFO] [path_server] 새로운 경로 설정 : path[1003 ➜ 205] time[0s] dist[13.5m] list[10] : 1003-1004-1013-1049-1050-1014-1201-1200-1202-205
[2026-08-11 16:55:31.311694] [INFO] [path_server] 노드 업데이트 : [1004] ➜ [1013]
[2026-08-11 16:55:31.371617] [INFO] [path_server] 새로운 경로 설정 : path[1004 ➜ 205] time[0s] dist[12m] list[9] : 1004-1013-1049-1050-1014-1201-1200-1202-205
[2026-08-11 16:55:34.665004] [INFO] [path_server] 노드 업데이트 : [1013] ➜ [1049]
[2026-08-11 16:55:34.724913] [INFO] [path_server] 새로운 경로 설정 : path[1013 ➜ 205] time[0s] dist[10.5m] list[8] : 1013-1049-1050-1014-1201-1200-1202-205
[2026-08-11 16:55:35.782703] [INFO] [path_server] 노드 업데이트 : [1049] ➜ [1050]
[2026-08-11 16:55:35.862600] [INFO] [path_server] 새로운 경로 설정 : path[1049 ➜ 205] time[0s] dist[9m] list[7] : 1049-1050-1014-1201-1200-1202-205
[2026-08-11 16:55:37.120179] [INFO] [path_server] 노드 업데이트 : [1050] ➜ [1014]
[2026-08-11 16:55:37.180086] [INFO] [path_server] 새로운 경로 설정 : path[1050 ➜ 205] time[0s] dist[7.5m] list[6] : 1050-1014-1201-1200-1202-205
[2026-08-11 16:55:40.513541] [INFO] [path_server] 노드 업데이트 : [1014] ➜ [1201]
[2026-08-11 16:55:40.573451] [INFO] [path_server] 새로운 경로 설정 : path[1014 ➜ 205] time[0s] dist[6m] list[5] : 1014-1201-1200-1202-205
[2026-08-11 16:55:41.631367] [INFO] [path_server] 노드 업데이트 : [1201] ➜ [1200]
[2026-08-11 16:55:41.711214] [INFO] [path_server] 새로운 경로 설정 : path[1201 ➜ 205] time[0s] dist[4.5m] list[4] : 1201-1200-1202-205
[2026-08-11 16:55:42.449654] [INFO] [path_server] 노드 업데이트 : [1200] ➜ [1202]
[2026-08-11 16:55:42.529591] [INFO] [path_server] 새로운 경로 설정 : path[1200 ➜ 205] time[0s] dist[3m] list[3] : 1200-1202-205
[2026-08-11 16:55:43.787114] [INFO] [path_server] 노드 업데이트 : [1202] ➜ [205]
[2026-08-11 16:55:43.866976] [INFO] [path_server] 새로운 경로 설정 : path[1202 ➜ 205] time[0s] dist[1.5m] list[2] : 1202-205
[2026-08-11 16:55:48.996663] [INFO] [path_server] 노드 업데이트 : [205] ➜ [-1]
[2026-08-11 16:55:51.931185] [INFO] [path_server] 노드 업데이트 : [205] ➜ [-1]
[2026-08-11 16:55:51.991070] [INFO] [path_server] 경로 삭제
[2026-08-11 16:56:15.184610] [INFO] [path_server] 새로운 경로 설정 : path[205 ➜ 111] time[0s] dist[33m] list[23] : 205-1202-1203-1204-1205-1206-1207-1208-1145-1146-1147-1148-1077-1029-1030-1031-1032-1033-1034-1007-1167-1168-111
[2026-08-11 16:56:20.074925] [INFO] [path_server] 노드 업데이트 : [1202] ➜ [1203]
[2026-08-11 16:56:20.154754] [INFO] [path_server] 새로운 경로 설정 : path[1202 ➜ 111] time[0s] dist[31.5m] list[22] : 1202-1203-1204-1205-1206-1207-1208-1145-1146-1147-1148-1077-1029-1030-1031-1032-1033-1034-1007-1167-1168-111
[2026-08-11 16:56:23.687659] [INFO] [path_server] 노드 업데이트 : [1203] ➜ [1204]
[2026-08-11 16:56:23.747587] [INFO] [path_server] 새로운 경로 설정 : path[1203 ➜ 111] time[0s] dist[30m] list[21] : 1203-1204-1205-1206-1207-1208-1145-1146-1147-1148-1077-1029-1030-1031-1032-1033-1034-1007-1167-1168-111
[2026-08-11 16:56:24.825477] [INFO] [path_server] 노드 업데이트 : [1204] ➜ [1205]
[2026-08-11 16:56:24.885405] [INFO] [path_server] 새로운 경로 설정 : path[1204 ➜ 111] time[0s] dist[28.5m] list[20] : 1204-1205-1206-1207-1208-1145-1146-1147-1148-1077-1029-1030-1031-1032-1033-1034-1007-1167-1168-111
[2026-08-11 16:56:25.643784] [INFO] [path_server] 노드 업데이트 : [1205] ➜ [1206]
[2026-08-11 16:56:25.723666] [INFO] [path_server] 새로운 경로 설정 : path[1205 ➜ 111] time[0s] dist[27m] list[19] : 1205-1206-1207-1208-1145-1146-1147-1148-1077-1029-1030-1031-1032-1033-1034-1007-1167-1168-111
[2026-08-11 16:56:26.402385] [INFO] [path_server] 노드 업데이트 : [1206] ➜ [1207]
[2026-08-11 16:56:26.482286] [INFO] [path_server] 새로운 경로 설정 : path[1206 ➜ 111] time[0s] dist[25.51m] list[18] : 1206-1207-1208-1145-1146-1147-1148-1077-1029-1030-1031-1032-1033-1034-1007-1167-1168-111
[2026-08-11 16:56:27.160874] [INFO] [path_server] 노드 업데이트 : [1207] ➜ [1208]
[2026-08-11 16:56:27.240798] [INFO] [path_server] 새로운 경로 설정 : path[1207 ➜ 111] time[0s] dist[24m] list[17] : 1207-1208-1145-1146-1147-1148-1077-1029-1030-1031-1032-1033-1034-1007-1167-1168-111
[2026-08-11 16:56:27.899470] [INFO] [path_server] 노드 업데이트 : [1208] ➜ [1145]
[2026-08-11 16:56:27.979371] [INFO] [path_server] 새로운 경로 설정 : path[1208 ➜ 111] time[0s] dist[22.5m] list[16] : 1208-1145-1146-1147-1148-1077-1029-1030-1031-1032-1033-1034-1007-1167-1168-111
[2026-08-11 16:56:29.217070] [INFO] [path_server] 노드 업데이트 : [1145] ➜ [1146]
[2026-08-11 16:56:29.296958] [INFO] [path_server] 새로운 경로 설정 : path[1145 ➜ 111] time[0s] dist[21m] list[15] : 1145-1146-1147-1148-1077-1029-1030-1031-1032-1033-1034-1007-1167-1168-111
[2026-08-11 16:56:32.590326] [INFO] [path_server] 노드 업데이트 : [1146] ➜ [1147]
[2026-08-11 16:56:32.650267] [INFO] [path_server] 새로운 경로 설정 : path[1146 ➜ 111] time[0s] dist[19.5m] list[14] : 1146-1147-1148-1077-1029-1030-1031-1032-1033-1034-1007-1167-1168-111
[2026-08-11 16:56:33.708148] [INFO] [path_server] 노드 업데이트 : [1147] ➜ [1148]
[2026-08-11 16:56:33.787995] [INFO] [path_server] 새로운 경로 설정 : path[1147 ➜ 111] time[0s] dist[18m] list[13] : 1147-1148-1077-1029-1030-1031-1032-1033-1034-1007-1167-1168-111
[2026-08-11 16:56:34.526449] [INFO] [path_server] 노드 업데이트 : [1148] ➜ [1077]
[2026-08-11 16:56:34.606384] [INFO] [path_server] 새로운 경로 설정 : path[1148 ➜ 111] time[0s] dist[16.5m] list[12] : 1148-1077-1029-1030-1031-1032-1033-1034-1007-1167-1168-111
[2026-08-11 16:56:35.863807] [INFO] [path_server] 노드 업데이트 : [1077] ➜ [1029]
[2026-08-11 16:56:35.943668] [INFO] [path_server] 새로운 경로 설정 : path[1077 ➜ 111] time[0s] dist[15m] list[11] : 1077-1029-1030-1031-1032-1033-1034-1007-1167-1168-111
[2026-08-11 16:56:39.197032] [INFO] [path_server] 노드 업데이트 : [1029] ➜ [1030]
[2026-08-11 16:56:39.276948] [INFO] [path_server] 새로운 경로 설정 : path[1029 ➜ 111] time[0s] dist[13.5m] list[10] : 1029-1030-1031-1032-1033-1034-1007-1167-1168-111
[2026-08-11 16:56:40.335233] [INFO] [path_server] 노드 업데이트 : [1030] ➜ [1031]
[2026-08-11 16:56:40.415113] [INFO] [path_server] 새로운 경로 설정 : path[1030 ➜ 111] time[0s] dist[12m] list[9] : 1030-1031-1032-1033-1034-1007-1167-1168-111
[2026-08-11 16:56:41.153526] [INFO] [path_server] 노드 업데이트 : [1031] ➜ [1032]
[2026-08-11 16:56:41.233467] [INFO] [path_server] 새로운 경로 설정 : path[1031 ➜ 111] time[0s] dist[10.5m] list[8] : 1031-1032-1033-1034-1007-1167-1168-111
[2026-08-11 16:56:41.912050] [INFO] [path_server] 노드 업데이트 : [1032] ➜ [1033]
[2026-08-11 16:56:41.971952] [INFO] [path_server] 새로운 경로 설정 : path[1032 ➜ 111] time[0s] dist[9m] list[7] : 1032-1033-1034-1007-1167-1168-111
[2026-08-11 16:56:42.670680] [INFO] [path_server] 노드 업데이트 : [1033] ➜ [1034]
[2026-08-11 16:56:42.750528] [INFO] [path_server] 새로운 경로 설정 : path[1033 ➜ 111] time[0s] dist[7.5m] list[6] : 1033-1034-1007-1167-1168-111
[2026-08-11 16:56:43.409173] [INFO] [path_server] 노드 업데이트 : [1034] ➜ [1007]
[2026-08-11 16:56:43.469081] [INFO] [path_server] 새로운 경로 설정 : path[1034 ➜ 111] time[0s] dist[6m] list[5] : 1034-1007-1167-1168-111
[2026-08-11 16:56:44.726502] [INFO] [path_server] 노드 업데이트 : [1007] ➜ [1167]
[2026-08-11 16:56:44.786417] [INFO] [path_server] 새로운 경로 설정 : path[1007 ➜ 111] time[0s] dist[4.5m] list[4] : 1007-1167-1168-111
[2026-08-11 16:56:48.099906] [INFO] [path_server] 노드 업데이트 : [1167] ➜ [1168]
[2026-08-11 16:56:48.179840] [INFO] [path_server] 새로운 경로 설정 : path[1167 ➜ 111] time[0s] dist[3m] list[3] : 1167-1168-111
[2026-08-11 16:56:49.517468] [INFO] [path_server] 노드 업데이트 : [1168] ➜ [111]
[2026-08-11 16:56:49.577370] [INFO] [path_server] 새로운 경로 설정 : path[1168 ➜ 111] time[0s] dist[1.5m] list[2] : 1168-111
[2026-08-11 16:56:55.106102] [INFO] [path_server] 노드 업데이트 : [111] ➜ [-1]
[2026-08-11 16:56:58.041072] [INFO] [path_server] 노드 업데이트 : [111] ➜ [-1]
[2026-08-11 16:57:23.350140] [INFO] [path_server] 경로 삭제
[2026-08-11 16:57:23.390063] [INFO] [path_server] 경로 삭제
[2026-08-11 16:59:36.843344] [INFO] [path_server] 경로 삭제
[2026-08-11 16:59:36.883296] [INFO] [path_server] 경로 삭제
[2026-08-11 16:59:38.340566] [INFO] [path_server] 새로운 경로 설정 : path[111 ➜ 206] time[0s] dist[40.5m] list[28] : 111-1168-1169-1170-1171-1172-1091-1092-1093-1094-1095-1074-1075-1076-1018-1019-1020-1011-1004-1013-1049-1050-1014-1201-1200-1202-1203-206
[2026-08-11 16:59:41.294742] [INFO] [path_server] 새로운 경로 설정 : path[1168 ➜ 203] time[0s] dist[46.5m] list[33] : 111-1168-1169-1170-1171-1172-1091-1092-1093-1094-1095-1074-1075-1076-1018-1019-1020-1011-1012-1035-1036-1037-1038-1039-1040-1041-1042-1112-1113-1114-1115-1116-203
[2026-08-11 16:59:43.031368] [INFO] [path_server] 노드 업데이트 : [1168] ➜ [1169]
[2026-08-11 16:59:43.111215] [INFO] [path_server] 새로운 경로 설정 : path[1168 ➜ 203] time[0s] dist[46.5m] list[32] : 1168-1169-1170-1171-1172-1091-1092-1093-1094-1095-1074-1075-1076-1018-1019-1020-1011-1012-1035-1036-1037-1038-1039-1040-1041-1042-1112-1113-1114-1115-1116-203
[2026-08-11 16:59:46.723876] [INFO] [path_server] 노드 업데이트 : [1169] ➜ [1170]
[2026-08-11 16:59:46.803798] [INFO] [path_server] 새로운 경로 설정 : path[1169 ➜ 203] time[0s] dist[45m] list[31] : 1169-1170-1171-1172-1091-1092-1093-1094-1095-1074-1075-1076-1018-1019-1020-1011-1012-1035-1036-1037-1038-1039-1040-1041-1042-1112-1113-1114-1115-1116-203
[2026-08-11 16:59:47.841672] [INFO] [path_server] 노드 업데이트 : [1170] ➜ [1171]
[2026-08-11 16:59:47.901626] [INFO] [path_server] 새로운 경로 설정 : path[1170 ➜ 203] time[0s] dist[43.5m] list[30] : 1170-1171-1172-1091-1092-1093-1094-1095-1074-1075-1076-1018-1019-1020-1011-1012-1035-1036-1037-1038-1039-1040-1041-1042-1112-1113-1114-1115-1116-203
[2026-08-11 16:59:48.660034] [INFO] [path_server] 노드 업데이트 : [1171] ➜ [1172]
[2026-08-11 16:59:48.739924] [INFO] [path_server] 새로운 경로 설정 : path[1171 ➜ 203] time[0s] dist[42m] list[29] : 1171-1172-1091-1092-1093-1094-1095-1074-1075-1076-1018-1019-1020-1011-1012-1035-1036-1037-1038-1039-1040-1041-1042-1112-1113-1114-1115-1116-203
[2026-08-11 16:59:49.398556] [INFO] [path_server] 노드 업데이트 : [1172] ➜ [1091]
[2026-08-11 16:59:49.458466] [INFO] [path_server] 새로운 경로 설정 : path[1172 ➜ 203] time[0s] dist[40.5m] list[28] : 1172-1091-1092-1093-1094-1095-1074-1075-1076-1018-1019-1020-1011-1012-1035-1036-1037-1038-1039-1040-1041-1042-1112-1113-1114-1115-1116-203
[2026-08-11 16:59:50.456324] [INFO] [path_server] 노드 업데이트 : [1091] ➜ [1092]
[2026-08-11 16:59:50.516270] [INFO] [path_server] 새로운 경로 설정 : path[1091 ➜ 203] time[0s] dist[39m] list[27] : 1091-1092-1093-1094-1095-1074-1075-1076-1018-1019-1020-1011-1012-1035-1036-1037-1038-1039-1040-1041-1042-1112-1113-1114-1115-1116-203
[2026-08-11 16:59:53.729745] [INFO] [path_server] 노드 업데이트 : [1092] ➜ [1093]
[2026-08-11 16:59:53.809612] [INFO] [path_server] 새로운 경로 설정 : path[1092 ➜ 203] time[0s] dist[37.5m] list[26] : 1092-1093-1094-1095-1074-1075-1076-1018-1019-1020-1011-1012-1035-1036-1037-1038-1039-1040-1041-1042-1112-1113-1114-1115-1116-203
[2026-08-11 16:59:54.987244] [INFO] [path_server] 노드 업데이트 : [1093] ➜ [1094]
[2026-08-11 16:59:55.067124] [INFO] [path_server] 새로운 경로 설정 : path[1093 ➜ 203] time[0s] dist[36m] list[25] : 1093-1094-1095-1074-1075-1076-1018-1019-1020-1011-1012-1035-1036-1037-1038-1039-1040-1041-1042-1112-1113-1114-1115-1116-203
[2026-08-11 16:59:55.845423] [INFO] [path_server] 노드 업데이트 : [1094] ➜ [1095]
[2026-08-11 16:59:55.905400] [INFO] [path_server] 새로운 경로 설정 : path[1094 ➜ 203] time[0s] dist[34.5m] list[24] : 1094-1095-1074-1075-1076-1018-1019-1020-1011-1012-1035-1036-1037-1038-1039-1040-1041-1042-1112-1113-1114-1115-1116-203
[2026-08-11 16:59:57.162731] [INFO] [path_server] 노드 업데이트 : [1095] ➜ [1074]
[2026-08-11 16:59:57.222624] [INFO] [path_server] 새로운 경로 설정 : path[1095 ➜ 203] time[0s] dist[33m] list[23] : 1095-1074-1075-1076-1018-1019-1020-1011-1012-1035-1036-1037-1038-1039-1040-1041-1042-1112-1113-1114-1115-1116-203
[2026-08-11 17:00:00.496036] [INFO] [path_server] 노드 업데이트 : [1074] ➜ [1075]
[2026-08-11 17:00:00.575856] [INFO] [path_server] 새로운 경로 설정 : path[1074 ➜ 203] time[0s] dist[31.5m] list[22] : 1074-1075-1076-1018-1019-1020-1011-1012-1035-1036-1037-1038-1039-1040-1041-1042-1112-1113-1114-1115-1116-203
[2026-08-11 17:00:01.633659] [INFO] [path_server] 노드 업데이트 : [1075] ➜ [1076]
[2026-08-11 17:00:01.733525] [INFO] [path_server] 새로운 경로 설정 : path[1075 ➜ 203] time[0s] dist[30m] list[21] : 1075-1076-1018-1019-1020-1011-1012-1035-1036-1037-1038-1039-1040-1041-1042-1112-1113-1114-1115-1116-203
[2026-08-11 17:00:02.452056] [INFO] [path_server] 노드 업데이트 : [1076] ➜ [1018]
[2026-08-11 17:00:02.531926] [INFO] [path_server] 새로운 경로 설정 : path[1076 ➜ 203] time[0s] dist[28.5m] list[20] : 1076-1018-1019-1020-1011-1012-1035-1036-1037-1038-1039-1040-1041-1042-1112-1113-1114-1115-1116-203
[2026-08-11 17:00:03.210493] [INFO] [path_server] 노드 업데이트 : [1018] ➜ [1019]
[2026-08-11 17:00:03.290471] [INFO] [path_server] 새로운 경로 설정 : path[1018 ➜ 203] time[0s] dist[27m] list[19] : 1018-1019-1020-1011-1012-1035-1036-1037-1038-1039-1040-1041-1042-1112-1113-1114-1115-1116-203
[2026-08-11 17:00:03.969074] [INFO] [path_server] 노드 업데이트 : [1019] ➜ [1020]
[2026-08-11 17:00:04.028990] [INFO] [path_server] 새로운 경로 설정 : path[1019 ➜ 203] time[0s] dist[25.5m] list[18] : 1019-1020-1011-1012-1035-1036-1037-1038-1039-1040-1041-1042-1112-1113-1114-1115-1116-203
[2026-08-11 17:00:04.707542] [INFO] [path_server] 노드 업데이트 : [1020] ➜ [1011]
[2026-08-11 17:00:04.787468] [INFO] [path_server] 새로운 경로 설정 : path[1020 ➜ 203] time[0s] dist[24m] list[17] : 1020-1011-1012-1035-1036-1037-1038-1039-1040-1041-1042-1112-1113-1114-1115-1116-203
[2026-08-11 17:00:06.024920] [INFO] [path_server] 노드 업데이트 : [1011] ➜ [1012]
[2026-08-11 17:00:06.104838] [INFO] [path_server] 새로운 경로 설정 : path[1011 ➜ 203] time[0s] dist[22.5m] list[16] : 1011-1012-1035-1036-1037-1038-1039-1040-1041-1042-1112-1113-1114-1115-1116-203
[2026-08-11 17:00:09.398287] [INFO] [path_server] 노드 업데이트 : [1012] ➜ [1035]
[2026-08-11 17:00:09.478142] [INFO] [path_server] 새로운 경로 설정 : path[1012 ➜ 203] time[0s] dist[21m] list[15] : 1012-1035-1036-1037-1038-1039-1040-1041-1042-1112-1113-1114-1115-1116-203
[2026-08-11 17:00:10.515981] [INFO] [path_server] 노드 업데이트 : [1035] ➜ [1036]
[2026-08-11 17:00:10.595913] [INFO] [path_server] 새로운 경로 설정 : path[1035 ➜ 203] time[0s] dist[19.5m] list[14] : 1035-1036-1037-1038-1039-1040-1041-1042-1112-1113-1114-1115-1116-203
[2026-08-11 17:00:11.334505] [INFO] [path_server] 노드 업데이트 : [1036] ➜ [1037]
[2026-08-11 17:00:11.394363] [INFO] [path_server] 새로운 경로 설정 : path[1036 ➜ 203] time[0s] dist[18m] list[13] : 1036-1037-1038-1039-1040-1041-1042-1112-1113-1114-1115-1116-203
[2026-08-11 17:00:12.092996] [INFO] [path_server] 노드 업데이트 : [1037] ➜ [1038]
[2026-08-11 17:00:12.172855] [INFO] [path_server] 새로운 경로 설정 : path[1037 ➜ 203] time[0s] dist[16.5m] list[12] : 1037-1038-1039-1040-1041-1042-1112-1113-1114-1115-1116-203
[2026-08-11 17:00:12.851449] [INFO] [path_server] 노드 업데이트 : [1038] ➜ [1039]
[2026-08-11 17:00:12.931393] [INFO] [path_server] 새로운 경로 설정 : path[1038 ➜ 203] time[0s] dist[15m] list[11] : 1038-1039-1040-1041-1042-1112-1113-1114-1115-1116-203
[2026-08-11 17:00:13.590045] [INFO] [path_server] 노드 업데이트 : [1039] ➜ [1040]
[2026-08-11 17:00:13.669909] [INFO] [path_server] 새로운 경로 설정 : path[1039 ➜ 203] time[0s] dist[13.5m] list[10] : 1039-1040-1041-1042-1112-1113-1114-1115-1116-203
[2026-08-11 17:00:14.348630] [INFO] [path_server] 노드 업데이트 : [1040] ➜ [1041]
[2026-08-11 17:00:14.428498] [INFO] [path_server] 새로운 경로 설정 : path[1040 ➜ 203] time[0s] dist[12m] list[9] : 1040-1041-1042-1112-1113-1114-1115-1116-203
[2026-08-11 17:00:15.087165] [INFO] [path_server] 노드 업데이트 : [1041] ➜ [1042]
[2026-08-11 17:00:15.147070] [INFO] [path_server] 새로운 경로 설정 : path[1041 ➜ 203] time[0s] dist[10.5m] list[8] : 1041-1042-1112-1113-1114-1115-1116-203
[2026-08-11 17:00:15.845658] [INFO] [path_server] 노드 업데이트 : [1042] ➜ [1112]
[2026-08-11 17:00:15.925498] [INFO] [path_server] 새로운 경로 설정 : path[1042 ➜ 203] time[0s] dist[9m] list[7] : 1042-1112-1113-1114-1115-1116-203
[2026-08-11 17:00:17.163220] [INFO] [path_server] 노드 업데이트 : [1112] ➜ [1113]
[2026-08-11 17:00:17.243064] [INFO] [path_server] 새로운 경로 설정 : path[1112 ➜ 203] time[0s] dist[7.5m] list[6] : 1112-1113-1114-1115-1116-203
[2026-08-11 17:00:20.516632] [INFO] [path_server] 노드 업데이트 : [1113] ➜ [1114]
[2026-08-11 17:00:20.596500] [INFO] [path_server] 새로운 경로 설정 : path[1113 ➜ 203] time[0s] dist[6m] list[5] : 1113-1114-1115-1116-203
[2026-08-11 17:00:21.654483] [INFO] [path_server] 노드 업데이트 : [1114] ➜ [1115]
[2026-08-11 17:00:21.734355] [INFO] [path_server] 새로운 경로 설정 : path[1114 ➜ 203] time[0s] dist[4.5m] list[4] : 1114-1115-1116-203
[2026-08-11 17:00:22.472888] [INFO] [path_server] 노드 업데이트 : [1115] ➜ [1116]
[2026-08-11 17:00:22.552792] [INFO] [path_server] 새로운 경로 설정 : path[1115 ➜ 203] time[0s] dist[3m] list[3] : 1115-1116-203
[2026-08-11 17:00:23.810559] [INFO] [path_server] 노드 업데이트 : [1116] ➜ [203]
[2026-08-11 17:00:23.890408] [INFO] [path_server] 새로운 경로 설정 : path[1116 ➜ 203] time[0s] dist[1.5m] list[2] : 1116-203
[2026-08-11 17:00:29.040127] [INFO] [path_server] 노드 업데이트 : [203] ➜ [-1]
[2026-08-11 17:00:31.994169] [INFO] [path_server] 노드 업데이트 : [203] ➜ [-1]
[2026-08-11 17:00:32.074040] [INFO] [path_server] 경로 삭제
[2026-08-11 17:00:45.648029] [INFO] [path_server] 새로운 경로 설정 : path[203 ➜ 102] time[0s] dist[21m] list[15] : 203-1116-1117-1118-1119-1120-1121-1122-1123-1179-1180-1181-1182-1183-102
[2026-08-11 17:00:50.538277] [INFO] [path_server] 노드 업데이트 : [1116] ➜ [1117]
[2026-08-11 17:00:50.618152] [INFO] [path_server] 새로운 경로 설정 : path[1116 ➜ 102] time[0s] dist[19.5m] list[14] : 1116-1117-1118-1119-1120-1121-1122-1123-1179-1180-1181-1182-1183-102
[2026-08-11 17:00:54.151142] [INFO] [path_server] 노드 업데이트 : [1117] ➜ [1118]
[2026-08-11 17:00:54.231066] [INFO] [path_server] 새로운 경로 설정 : path[1117 ➜ 102] time[0s] dist[18m] list[13] : 1117-1118-1119-1120-1121-1122-1123-1179-1180-1181-1182-1183-102
[2026-08-11 17:00:55.289094] [INFO] [path_server] 노드 업데이트 : [1118] ➜ [1119]
[2026-08-11 17:00:55.369009] [INFO] [path_server] 새로운 경로 설정 : path[1118 ➜ 102] time[0s] dist[16.5m] list[12] : 1118-1119-1120-1121-1122-1123-1179-1180-1181-1182-1183-102
[2026-08-11 17:00:56.107519] [INFO] [path_server] 노드 업데이트 : [1119] ➜ [1120]
[2026-08-11 17:00:56.167421] [INFO] [path_server] 새로운 경로 설정 : path[1119 ➜ 102] time[0s] dist[15m] list[11] : 1119-1120-1121-1122-1123-1179-1180-1181-1182-1183-102
[2026-08-11 17:00:56.965825] [INFO] [path_server] 노드 업데이트 : [1120] ➜ [1121]
[2026-08-11 17:00:57.045731] [INFO] [path_server] 새로운 경로 설정 : path[1120 ➜ 102] time[0s] dist[13.5m] list[10] : 1120-1121-1122-1123-1179-1180-1181-1182-1183-102
[2026-08-11 17:01:00.638526] [INFO] [path_server] 노드 업데이트 : [1121] ➜ [1122]
[2026-08-11 17:01:00.718399] [INFO] [path_server] 새로운 경로 설정 : path[1121 ➜ 102] time[0s] dist[12m] list[9] : 1121-1122-1123-1179-1180-1181-1182-1183-102
[2026-08-11 17:01:01.995777] [INFO] [path_server] 노드 업데이트 : [1122] ➜ [1123]
[2026-08-11 17:01:02.075687] [INFO] [path_server] 새로운 경로 설정 : path[1122 ➜ 102] time[0s] dist[10.5m] list[8] : 1122-1123-1179-1180-1181-1182-1183-102
[2026-08-11 17:01:03.053932] [INFO] [path_server] 노드 업데이트 : [1123] ➜ [1179]
[2026-08-11 17:01:03.113829] [INFO] [path_server] 새로운 경로 설정 : path[1123 ➜ 102] time[0s] dist[9m] list[7] : 1123-1179-1180-1181-1182-1183-102
[2026-08-11 17:01:06.367714] [INFO] [path_server] 노드 업데이트 : [1179] ➜ [1180]
[2026-08-11 17:01:06.447631] [INFO] [path_server] 새로운 경로 설정 : path[1179 ➜ 102] time[0s] dist[7.5m] list[6] : 1179-1180-1181-1182-1183-102
[2026-08-11 17:01:07.605376] [INFO] [path_server] 노드 업데이트 : [1180] ➜ [1181]
[2026-08-11 17:01:07.685299] [INFO] [path_server] 새로운 경로 설정 : path[1180 ➜ 102] time[0s] dist[6m] list[5] : 1180-1181-1182-1183-102
[2026-08-11 17:01:08.483820] [INFO] [path_server] 노드 업데이트 : [1181] ➜ [1182]
[2026-08-11 17:01:08.543682] [INFO] [path_server] 새로운 경로 설정 : path[1181 ➜ 102] time[0s] dist[4.5m] list[4] : 1181-1182-1183-102
[2026-08-11 17:01:09.242251] [INFO] [path_server] 노드 업데이트 : [1182] ➜ [1183]
[2026-08-11 17:01:09.322082] [INFO] [path_server] 새로운 경로 설정 : path[1182 ➜ 102] time[0s] dist[3m] list[3] : 1182-1183-102
[2026-08-11 17:01:10.539642] [INFO] [path_server] 노드 업데이트 : [1183] ➜ [102]
[2026-08-11 17:01:10.619547] [INFO] [path_server] 새로운 경로 설정 : path[1183 ➜ 102] time[0s] dist[1.5m] list[2] : 1183-102
[2026-08-11 17:01:15.749380] [INFO] [path_server] 노드 업데이트 : [102] ➜ [-1]
[2026-08-11 17:01:18.684408] [INFO] [path_server] 노드 업데이트 : [102] ➜ [-1]
[2026-08-11 17:01:38.544494] [INFO] [path_server] 새로운 경로 설정 : path[102 ➜ 203] time[0s] dist[18m] list[13] : 102-1183-1184-1045-1040-1041-1042-1112-1113-1114-1115-1116-203
[2026-08-11 17:01:45.710383] [INFO] [path_server] 노드 업데이트 : [1183] ➜ [1184]
[2026-08-11 17:01:45.790232] [INFO] [path_server] 새로운 경로 설정 : path[1183 ➜ 203] time[0s] dist[16.5m] list[12] : 1183-1184-1045-1040-1041-1042-1112-1113-1114-1115-1116-203
[2026-08-11 17:01:49.323171] [INFO] [path_server] 노드 업데이트 : [1184] ➜ [1045]
[2026-08-11 17:01:49.383074] [INFO] [path_server] 새로운 경로 설정 : path[1184 ➜ 203] time[0s] dist[15m] list[11] : 1184-1045-1040-1041-1042-1112-1113-1114-1115-1116-203
[2026-08-11 17:01:50.461065] [INFO] [path_server] 노드 업데이트 : [1045] ➜ [1040]
[2026-08-11 17:01:50.520981] [INFO] [path_server] 새로운 경로 설정 : path[1045 ➜ 203] time[0s] dist[13.5m] list[10] : 1045-1040-1041-1042-1112-1113-1114-1115-1116-203
[2026-08-11 17:01:51.798342] [INFO] [path_server] 노드 업데이트 : [1040] ➜ [1041]
[2026-08-11 17:01:51.878255] [INFO] [path_server] 새로운 경로 설정 : path[1040 ➜ 203] time[0s] dist[12m] list[9] : 1040-1041-1042-1112-1113-1114-1115-1116-203
[2026-08-11 17:01:55.191563] [INFO] [path_server] 노드 업데이트 : [1041] ➜ [1042]
[2026-08-11 17:01:55.271503] [INFO] [path_server] 새로운 경로 설정 : path[1041 ➜ 203] time[0s] dist[10.5m] list[8] : 1041-1042-1112-1113-1114-1115-1116-203
[2026-08-11 17:01:56.309337] [INFO] [path_server] 노드 업데이트 : [1042] ➜ [1112]
[2026-08-11 17:01:56.369239] [INFO] [path_server] 새로운 경로 설정 : path[1042 ➜ 203] time[0s] dist[9m] list[7] : 1042-1112-1113-1114-1115-1116-203
[2026-08-11 17:01:57.646710] [INFO] [path_server] 노드 업데이트 : [1112] ➜ [1113]
[2026-08-11 17:01:57.726619] [INFO] [path_server] 새로운 경로 설정 : path[1112 ➜ 203] time[0s] dist[7.5m] list[6] : 1112-1113-1114-1115-1116-203
[2026-08-11 17:02:00.979967] [INFO] [path_server] 노드 업데이트 : [1113] ➜ [1114]
[2026-08-11 17:02:01.039913] [INFO] [path_server] 새로운 경로 설정 : path[1113 ➜ 203] time[0s] dist[6m] list[5] : 1113-1114-1115-1116-203
[2026-08-11 17:02:02.098140] [INFO] [path_server] 노드 업데이트 : [1114] ➜ [1115]
[2026-08-11 17:02:02.177998] [INFO] [path_server] 새로운 경로 설정 : path[1114 ➜ 203] time[0s] dist[4.5m] list[4] : 1114-1115-1116-203
[2026-08-11 17:02:02.936581] [INFO] [path_server] 노드 업데이트 : [1115] ➜ [1116]
[2026-08-11 17:02:03.016480] [INFO] [path_server] 새로운 경로 설정 : path[1115 ➜ 203] time[0s] dist[3m] list[3] : 1115-1116-203
[2026-08-11 17:02:04.234219] [INFO] [path_server] 노드 업데이트 : [1116] ➜ [203]
[2026-08-11 17:02:04.314128] [INFO] [path_server] 새로운 경로 설정 : path[1116 ➜ 203] time[0s] dist[1.5m] list[2] : 1116-203
[2026-08-11 17:02:09.464924] [INFO] [path_server] 노드 업데이트 : [203] ➜ [-1]
[2026-08-11 17:02:12.399062] [INFO] [path_server] 노드 업데이트 : [203] ➜ [-1]
[2026-08-11 17:02:12.458951] [INFO] [path_server] 경로 삭제
[2026-08-11 17:03:34.395276] [INFO] [path_server] 생성
[2026-08-11 17:03:34.395299] [INFO] [path_server] 경로 삭제
[2026-08-11 17:03:34.397224] [INFO] [path_server] 노드 초기화 성공 : 로봇 좌표[1.004m 5.501m 179.227°] 최단 거리 노드[203] 거리(0.004202m)
[2026-08-11 17:04:15.479719] [INFO] [path_server] 새로운 경로 설정 : path[203 ➜ 111] time[0s] dist[45m] list[31] : 203-1116-1117-1118-1119-1120-1121-1122-1123-1179-1180-1181-1182-1183-1184-1045-1046-1047-1048-1001-1002-1003-1004-1005-1006-1021-1022-1007-1167-1168-111
[2026-08-11 17:04:20.390187] [INFO] [path_server] 노드 업데이트 : [1116] ➜ [1117]
[2026-08-11 17:04:20.450115] [INFO] [path_server] 새로운 경로 설정 : path[1116 ➜ 111] time[0s] dist[43.5m] list[30] : 1116-1117-1118-1119-1120-1121-1122-1123-1179-1180-1181-1182-1183-1184-1045-1046-1047-1048-1001-1002-1003-1004-1005-1006-1021-1022-1007-1167-1168-111
[2026-08-11 17:04:24.023285] [INFO] [path_server] 노드 업데이트 : [1117] ➜ [1118]
[2026-08-11 17:04:24.083252] [INFO] [path_server] 새로운 경로 설정 : path[1117 ➜ 111] time[0s] dist[42m] list[29] : 1117-1118-1119-1120-1121-1122-1123-1179-1180-1181-1182-1183-1184-1045-1046-1047-1048-1001-1002-1003-1004-1005-1006-1021-1022-1007-1167-1168-111
[2026-08-11 17:04:25.141203] [INFO] [path_server] 노드 업데이트 : [1118] ➜ [1119]
[2026-08-11 17:04:25.221103] [INFO] [path_server] 새로운 경로 설정 : path[1118 ➜ 111] time[0s] dist[40.5m] list[28] : 1118-1119-1120-1121-1122-1123-1179-1180-1181-1182-1183-1184-1045-1046-1047-1048-1001-1002-1003-1004-1005-1006-1021-1022-1007-1167-1168-111
[2026-08-11 17:04:25.959626] [INFO] [path_server] 노드 업데이트 : [1119] ➜ [1120]
[2026-08-11 17:04:26.039644] [INFO] [path_server] 새로운 경로 설정 : path[1119 ➜ 111] time[0s] dist[39m] list[27] : 1119-1120-1121-1122-1123-1179-1180-1181-1182-1183-1184-1045-1046-1047-1048-1001-1002-1003-1004-1005-1006-1021-1022-1007-1167-1168-111
[2026-08-11 17:04:26.818068] [INFO] [path_server] 노드 업데이트 : [1120] ➜ [1121]
[2026-08-11 17:04:26.897962] [INFO] [path_server] 새로운 경로 설정 : path[1120 ➜ 111] time[0s] dist[37.5m] list[26] : 1120-1121-1122-1123-1179-1180-1181-1182-1183-1184-1045-1046-1047-1048-1001-1002-1003-1004-1005-1006-1021-1022-1007-1167-1168-111
[2026-08-11 17:04:30.491160] [INFO] [path_server] 노드 업데이트 : [1121] ➜ [1122]
[2026-08-11 17:04:30.551087] [INFO] [path_server] 새로운 경로 설정 : path[1121 ➜ 111] time[0s] dist[36m] list[25] : 1121-1122-1123-1179-1180-1181-1182-1183-1184-1045-1046-1047-1048-1001-1002-1003-1004-1005-1006-1021-1022-1007-1167-1168-111
[2026-08-11 17:04:31.848383] [INFO] [path_server] 노드 업데이트 : [1122] ➜ [1123]
[2026-08-11 17:04:31.928269] [INFO] [path_server] 새로운 경로 설정 : path[1122 ➜ 111] time[0s] dist[34.5m] list[24] : 1122-1123-1179-1180-1181-1182-1183-1184-1045-1046-1047-1048-1001-1002-1003-1004-1005-1006-1021-1022-1007-1167-1168-111
[2026-08-11 17:04:32.906271] [INFO] [path_server] 노드 업데이트 : [1123] ➜ [1179]
[2026-08-11 17:04:32.986199] [INFO] [path_server] 새로운 경로 설정 : path[1123 ➜ 111] time[0s] dist[33m] list[23] : 1123-1179-1180-1181-1182-1183-1184-1045-1046-1047-1048-1001-1002-1003-1004-1005-1006-1021-1022-1007-1167-1168-111
[2026-08-11 17:04:36.219934] [INFO] [path_server] 노드 업데이트 : [1179] ➜ [1180]
[2026-08-11 17:04:36.279839] [INFO] [path_server] 새로운 경로 설정 : path[1179 ➜ 111] time[0s] dist[31.5m] list[22] : 1179-1180-1181-1182-1183-1184-1045-1046-1047-1048-1001-1002-1003-1004-1005-1006-1021-1022-1007-1167-1168-111
[2026-08-11 17:04:37.457385] [INFO] [path_server] 노드 업데이트 : [1180] ➜ [1181]
[2026-08-11 17:04:37.537279] [INFO] [path_server] 새로운 경로 설정 : path[1180 ➜ 111] time[0s] dist[30m] list[21] : 1180-1181-1182-1183-1184-1045-1046-1047-1048-1001-1002-1003-1004-1005-1006-1021-1022-1007-1167-1168-111
[2026-08-11 17:04:38.335538] [INFO] [path_server] 노드 업데이트 : [1181] ➜ [1182]
[2026-08-11 17:04:38.415457] [INFO] [path_server] 새로운 경로 설정 : path[1181 ➜ 111] time[0s] dist[28.5m] list[20] : 1181-1182-1183-1184-1045-1046-1047-1048-1001-1002-1003-1004-1005-1006-1021-1022-1007-1167-1168-111
[2026-08-11 17:04:39.094251] [INFO] [path_server] 노드 업데이트 : [1182] ➜ [1183]
[2026-08-11 17:04:39.154186] [INFO] [path_server] 새로운 경로 설정 : path[1182 ➜ 111] time[0s] dist[27m] list[19] : 1182-1183-1184-1045-1046-1047-1048-1001-1002-1003-1004-1005-1006-1021-1022-1007-1167-1168-111
[2026-08-11 17:04:39.832694] [INFO] [path_server] 노드 업데이트 : [1183] ➜ [1184]
[2026-08-11 17:04:39.912646] [INFO] [path_server] 새로운 경로 설정 : path[1183 ➜ 111] time[0s] dist[25.5m] list[18] : 1183-1184-1045-1046-1047-1048-1001-1002-1003-1004-1005-1006-1021-1022-1007-1167-1168-111
[2026-08-11 17:04:40.591178] [INFO] [path_server] 노드 업데이트 : [1184] ➜ [1045]
[2026-08-11 17:04:40.651077] [INFO] [path_server] 새로운 경로 설정 : path[1184 ➜ 111] time[0s] dist[24m] list[17] : 1184-1045-1046-1047-1048-1001-1002-1003-1004-1005-1006-1021-1022-1007-1167-1168-111
[2026-08-11 17:04:41.908472] [INFO] [path_server] 노드 업데이트 : [1045] ➜ [1046]
[2026-08-11 17:04:41.968372] [INFO] [path_server] 새로운 경로 설정 : path[1045 ➜ 111] time[0s] dist[22.5m] list[16] : 1045-1046-1047-1048-1001-1002-1003-1004-1005-1006-1021-1022-1007-1167-1168-111
[2026-08-11 17:04:45.281594] [INFO] [path_server] 노드 업데이트 : [1046] ➜ [1047]
[2026-08-11 17:04:45.361540] [INFO] [path_server] 새로운 경로 설정 : path[1046 ➜ 111] time[0s] dist[21m] list[15] : 1046-1047-1048-1001-1002-1003-1004-1005-1006-1021-1022-1007-1167-1168-111
[2026-08-11 17:04:46.399388] [INFO] [path_server] 노드 업데이트 : [1047] ➜ [1048]
[2026-08-11 17:04:46.459305] [INFO] [path_server] 새로운 경로 설정 : path[1047 ➜ 111] time[0s] dist[19.5m] list[14] : 1047-1048-1001-1002-1003-1004-1005-1006-1021-1022-1007-1167-1168-111
[2026-08-11 17:04:47.217755] [INFO] [path_server] 노드 업데이트 : [1048] ➜ [1001]
[2026-08-11 17:04:47.277648] [INFO] [path_server] 새로운 경로 설정 : path[1048 ➜ 111] time[0s] dist[18m] list[13] : 1048-1001-1002-1003-1004-1005-1006-1021-1022-1007-1167-1168-111
[2026-08-11 17:04:47.976382] [INFO] [path_server] 노드 업데이트 : [1001] ➜ [1002]
[2026-08-11 17:04:48.056243] [INFO] [path_server] 새로운 경로 설정 : path[1001 ➜ 111] time[0s] dist[16.5m] list[12] : 1001-1002-1003-1004-1005-1006-1021-1022-1007-1167-1168-111
[2026-08-11 17:04:48.734744] [INFO] [path_server] 노드 업데이트 : [1002] ➜ [1003]
[2026-08-11 17:04:48.814657] [INFO] [path_server] 새로운 경로 설정 : path[1002 ➜ 111] time[0s] dist[15m] list[11] : 1002-1003-1004-1005-1006-1021-1022-1007-1167-1168-111
[2026-08-11 17:04:49.473232] [INFO] [path_server] 노드 업데이트 : [1003] ➜ [1004]
[2026-08-11 17:04:49.553111] [INFO] [path_server] 새로운 경로 설정 : path[1003 ➜ 111] time[0s] dist[13.5m] list[10] : 1003-1004-1005-1006-1021-1022-1007-1167-1168-111
[2026-08-11 17:04:50.231597] [INFO] [path_server] 노드 업데이트 : [1004] ➜ [1005]
[2026-08-11 17:04:50.311507] [INFO] [path_server] 새로운 경로 설정 : path[1004 ➜ 111] time[0s] dist[12m] list[9] : 1004-1005-1006-1021-1022-1007-1167-1168-111
[2026-08-11 17:04:50.970093] [INFO] [path_server] 노드 업데이트 : [1005] ➜ [1006]
[2026-08-11 17:04:51.049946] [INFO] [path_server] 새로운 경로 설정 : path[1005 ➜ 111] time[0s] dist[10.5m] list[8] : 1005-1006-1021-1022-1007-1167-1168-111
[2026-08-11 17:04:51.728474] [INFO] [path_server] 노드 업데이트 : [1006] ➜ [1021]
[2026-08-11 17:04:51.808386] [INFO] [path_server] 새로운 경로 설정 : path[1006 ➜ 111] time[0s] dist[9m] list[7] : 1006-1021-1022-1007-1167-1168-111
[2026-08-11 17:04:52.486899] [INFO] [path_server] 노드 업데이트 : [1021] ➜ [1022]
[2026-08-11 17:04:52.546787] [INFO] [path_server] 새로운 경로 설정 : path[1021 ➜ 111] time[0s] dist[7.5m] list[6] : 1021-1022-1007-1167-1168-111
[2026-08-11 17:04:53.784033] [INFO] [path_server] 노드 업데이트 : [1022] ➜ [1007]
[2026-08-11 17:04:53.863893] [INFO] [path_server] 새로운 경로 설정 : path[1022 ➜ 111] time[0s] dist[6m] list[5] : 1022-1007-1167-1168-111
[2026-08-11 17:04:57.137341] [INFO] [path_server] 노드 업데이트 : [1007] ➜ [1167]
[2026-08-11 17:04:57.217184] [INFO] [path_server] 새로운 경로 설정 : path[1007 ➜ 111] time[0s] dist[4.5m] list[4] : 1007-1167-1168-111
[2026-08-11 17:04:58.274992] [INFO] [path_server] 노드 업데이트 : [1167] ➜ [1168]
[2026-08-11 17:04:58.354845] [INFO] [path_server] 새로운 경로 설정 : path[1167 ➜ 111] time[0s] dist[3m] list[3] : 1167-1168-111
[2026-08-11 17:04:59.692074] [INFO] [path_server] 노드 업데이트 : [1168] ➜ [111]
[2026-08-11 17:04:59.771932] [INFO] [path_server] 새로운 경로 설정 : path[1168 ➜ 111] time[0s] dist[1.5m] list[2] : 1168-111
[2026-08-11 17:05:05.201059] [INFO] [path_server] 노드 업데이트 : [111] ➜ [-1]
[2026-08-11 17:05:08.135262] [INFO] [path_server] 노드 업데이트 : [111] ➜ [-1]
[2026-08-11 17:05:34.426436] [INFO] [path_server] 경로 삭제
[2026-08-11 17:05:34.466426] [INFO] [path_server] 경로 삭제
[2026-08-11 17:07:47.924325] [INFO] [path_server] 경로 삭제
[2026-08-11 17:07:47.964259] [INFO] [path_server] 경로 삭제
[2026-08-11 17:10:01.404733] [INFO] [path_server] 경로 삭제
[2026-08-11 17:10:01.424715] [INFO] [path_server] 경로 삭제
[2026-08-11 17:11:25.758599] [INFO] [path_server] 경로 삭제
[2026-08-11 17:12:14.882101] [INFO] [path_server] 경로 삭제
[2026-08-11 17:12:14.922065] [INFO] [path_server] 경로 삭제
[2026-08-11 17:24:37.860599] [INFO] [path_server] 생성
[2026-08-11 17:24:37.860633] [INFO] [path_server] 경로 삭제
[2026-08-11 17:24:37.864969] [ERROR] [path_server] 노드 초기화 실패 : 로봇 좌표[22.004m 14.498m -179.974°] 최단 거리 노드[1172] 거리(1.580218m)
[2026-08-11 17:26:43.259621] [INFO] [path_server] 생성
[2026-08-11 17:26:43.259660] [INFO] [path_server] 경로 삭제
[2026-08-11 17:26:43.261605] [ERROR] [path_server] 노드 초기화 실패 : 로봇 좌표[22.004m 14.498m -179.974°] 최단 거리 노드[1172] 거리(1.580218m)
[2026-08-11 17:27:18.542226] [INFO] [path_server] 생성
[2026-08-11 17:27:18.542290] [INFO] [path_server] 경로 삭제
[2026-08-11 17:27:18.544782] [INFO] [path_server] 노드 초기화 성공 : 로봇 좌표[9.489m 18.997m 90.045°] 최단 거리 노드[104] 거리(0.011735m)
[2026-08-11 17:27:55.461883] [INFO] [path_server] 생성
[2026-08-11 17:27:55.461944] [INFO] [path_server] 경로 삭제
[2026-08-11 17:27:55.465002] [INFO] [path_server] 노드 초기화 성공 : 로봇 좌표[9.489m 18.997m 90.045°] 최단 거리 노드[104] 거리(0.011735m)
[2026-08-11 17:28:18.741568] [INFO] [path_server] 새로운 경로 설정 : path[104 ➜ 3] time[0s] dist[37.6056m] list[23] : 104-1071-1072-1073-1074-1075-1076-1077-1078-1390-1391-1001-1002-1003-1004-1005-1006-1007-1008-1010-1014-1024-3
[2026-08-11 17:28:22.614339] [INFO] [path_server] 노드 업데이트 : [1071] ➜ [1072]
[2026-08-11 17:28:22.694216] [INFO] [path_server] 새로운 경로 설정 : path[1071 ➜ 3] time[0s] dist[36.1056m] list[22] : 1071-1072-1073-1074-1075-1076-1077-1078-1390-1391-1001-1002-1003-1004-1005-1006-1007-1008-1010-1014-1024-3
[2026-08-11 17:28:26.187377] [INFO] [path_server] 노드 업데이트 : [1072] ➜ [1073]
[2026-08-11 17:28:26.267229] [INFO] [path_server] 새로운 경로 설정 : path[1072 ➜ 3] time[0s] dist[34.6056m] list[21] : 1072-1073-1074-1075-1076-1077-1078-1390-1391-1001-1002-1003-1004-1005-1006-1007-1008-1010-1014-1024-3
[2026-08-11 17:28:27.325330] [INFO] [path_server] 노드 업데이트 : [1073] ➜ [1074]
[2026-08-11 17:28:27.405257] [INFO] [path_server] 새로운 경로 설정 : path[1073 ➜ 3] time[0s] dist[33.1056m] list[20] : 1073-1074-1075-1076-1077-1078-1390-1391-1001-1002-1003-1004-1005-1006-1007-1008-1010-1014-1024-3
[2026-08-11 17:28:28.143888] [INFO] [path_server] 노드 업데이트 : [1074] ➜ [1075]
[2026-08-11 17:28:28.223801] [INFO] [path_server] 새로운 경로 설정 : path[1074 ➜ 3] time[0s] dist[31.6056m] list[19] : 1074-1075-1076-1077-1078-1390-1391-1001-1002-1003-1004-1005-1006-1007-1008-1010-1014-1024-3
[2026-08-11 17:28:28.902578] [INFO] [path_server] 노드 업데이트 : [1075] ➜ [1076]
[2026-08-11 17:28:28.962495] [INFO] [path_server] 새로운 경로 설정 : path[1075 ➜ 3] time[0s] dist[30.1056m] list[18] : 1075-1076-1077-1078-1390-1391-1001-1002-1003-1004-1005-1006-1007-1008-1010-1014-1024-3
[2026-08-11 17:28:30.300153] [INFO] [path_server] 노드 업데이트 : [1076] ➜ [1077]
[2026-08-11 17:28:30.380088] [INFO] [path_server] 새로운 경로 설정 : path[1076 ➜ 3] time[0s] dist[28.6056m] list[17] : 1076-1077-1078-1390-1391-1001-1002-1003-1004-1005-1006-1007-1008-1010-1014-1024-3
[2026-08-11 17:28:33.813801] [INFO] [path_server] 노드 업데이트 : [1077] ➜ [1078]
[2026-08-11 17:28:33.873731] [INFO] [path_server] 새로운 경로 설정 : path[1077 ➜ 3] time[0s] dist[27.1056m] list[16] : 1077-1078-1390-1391-1001-1002-1003-1004-1005-1006-1007-1008-1010-1014-1024-3
[2026-08-11 17:28:34.911561] [INFO] [path_server] 노드 업데이트 : [1078] ➜ [1390]
[2026-08-11 17:28:34.991486] [INFO] [path_server] 새로운 경로 설정 : path[1078 ➜ 3] time[0s] dist[25.6056m] list[15] : 1078-1390-1391-1001-1002-1003-1004-1005-1006-1007-1008-1010-1014-1024-3
[2026-08-11 17:28:35.730151] [INFO] [path_server] 노드 업데이트 : [1390] ➜ [1391]
[2026-08-11 17:28:35.790067] [INFO] [path_server] 새로운 경로 설정 : path[1390 ➜ 3] time[0s] dist[24.1056m] list[14] : 1390-1391-1001-1002-1003-1004-1005-1006-1007-1008-1010-1014-1024-3
[2026-08-11 17:28:36.488767] [INFO] [path_server] 노드 업데이트 : [1391] ➜ [1001]
[2026-08-11 17:28:36.568604] [INFO] [path_server] 새로운 경로 설정 : path[1391 ➜ 3] time[0s] dist[22.6056m] list[13] : 1391-1001-1002-1003-1004-1005-1006-1007-1008-1010-1014-1024-3
[2026-08-11 17:28:37.886132] [INFO] [path_server] 노드 업데이트 : [1001] ➜ [1002]
[2026-08-11 17:28:37.946027] [INFO] [path_server] 새로운 경로 설정 : path[1001 ➜ 3] time[0s] dist[21.1056m] list[12] : 1001-1002-1003-1004-1005-1006-1007-1008-1010-1014-1024-3
[2026-08-11 17:28:41.359529] [INFO] [path_server] 노드 업데이트 : [1002] ➜ [1003]
[2026-08-11 17:28:41.439459] [INFO] [path_server] 새로운 경로 설정 : path[1002 ➜ 3] time[0s] dist[19.6056m] list[11] : 1002-1003-1004-1005-1006-1007-1008-1010-1014-1024-3
[2026-08-11 17:28:42.457524] [INFO] [path_server] 노드 업데이트 : [1003] ➜ [1004]
[2026-08-11 17:28:42.537390] [INFO] [path_server] 새로운 경로 설정 : path[1003 ➜ 3] time[0s] dist[18.1056m] list[10] : 1003-1004-1005-1006-1007-1008-1010-1014-1024-3
[2026-08-11 17:28:43.275929] [INFO] [path_server] 노드 업데이트 : [1004] ➜ [1005]
[2026-08-11 17:28:43.355840] [INFO] [path_server] 새로운 경로 설정 : path[1004 ➜ 3] time[0s] dist[16.6056m] list[9] : 1004-1005-1006-1007-1008-1010-1014-1024-3
[2026-08-11 17:28:44.034492] [INFO] [path_server] 노드 업데이트 : [1005] ➜ [1006]
[2026-08-11 17:28:44.094366] [INFO] [path_server] 새로운 경로 설정 : path[1005 ➜ 3] time[0s] dist[15.1056m] list[8] : 1005-1006-1007-1008-1010-1014-1024-3
[2026-08-11 17:28:44.792974] [INFO] [path_server] 노드 업데이트 : [1006] ➜ [1007]
[2026-08-11 17:28:44.872829] [INFO] [path_server] 새로운 경로 설정 : path[1006 ➜ 3] time[0s] dist[13.6056m] list[7] : 1006-1007-1008-1010-1014-1024-3
[2026-08-11 17:28:45.531556] [INFO] [path_server] 노드 업데이트 : [1007] ➜ [1008]
[2026-08-11 17:28:45.591458] [INFO] [path_server] 새로운 경로 설정 : path[1007 ➜ 3] time[0s] dist[12.1056m] list[6] : 1007-1008-1010-1014-1024-3
[2026-08-11 17:28:46.290020] [INFO] [path_server] 노드 업데이트 : [1008] ➜ [1010]
[2026-08-11 17:28:46.369892] [INFO] [path_server] 새로운 경로 설정 : path[1008 ➜ 3] time[0s] dist[10.6056m] list[5] : 1008-1010-1014-1024-3
[2026-08-11 17:28:47.128440] [INFO] [path_server] 노드 업데이트 : [1010] ➜ [1014]
[2026-08-11 17:28:47.208339] [INFO] [path_server] 새로운 경로 설정 : path[1010 ➜ 3] time[0s] dist[9.10555m] list[4] : 1010-1014-1024-3
[2026-08-11 17:28:52.318249] [INFO] [path_server] 노드 업데이트 : [1014] ➜ [1024]
[2026-08-11 17:28:52.398111] [INFO] [path_server] 새로운 경로 설정 : path[1014 ➜ 3] time[0s] dist[5.5m] list[3] : 1014-1024-3
[2026-08-11 17:28:57.987326] [INFO] [path_server] 노드 업데이트 : [1024] ➜ [3]
[2026-08-11 17:28:58.067229] [INFO] [path_server] 새로운 경로 설정 : path[1024 ➜ 3] time[0s] dist[1.5m] list[2] : 1024-3
[2026-08-11 17:29:00.183329] [INFO] [path_server] 노드 업데이트 : [3] ➜ [-1]
[2026-08-11 17:29:03.677107] [INFO] [path_server] 노드 업데이트 : [3] ➜ [-1]
[2026-08-11 17:29:05.853066] [INFO] [path_server] 새로운 경로 설정 : path[3 ➜ 10] time[0s] dist[83.1381m] list[50] : 3-1030-1046-1129-1049-1050-1051-1052-1198-1199-1053-1054-1055-1056-1057-1058-1059-1060-1061-1062-1063-1064-1065-40-1067-1068-1069-1070-1071-1072-1073-1074-1075-1076-1077-1078-1390-1391-1001-1002-1003-1004-1005-1006-1007-1008-1010-1040-1037-10
[2026-08-11 17:29:08.028825] [INFO] [path_server] 노드 업데이트 : [1030] ➜ [1046]
[2026-08-11 17:29:08.108779] [INFO] [path_server] 새로운 경로 설정 : path[1030 ➜ 10] time[0s] dist[81.1381m] list[49] : 1030-1046-1129-1049-1050-1051-1052-1198-1199-1053-1054-1055-1056-1057-1058-1059-1060-1061-1062-1063-1064-1065-40-1067-1068-1069-1070-1071-1072-1073-1074-1075-1076-1077-1078-1390-1391-1001-1002-1003-1004-1005-1006-1007-1008-1010-1040-1037-10
[2026-08-11 17:29:13.398498] [INFO] [path_server] 노드 업데이트 : [1046] ➜ [1129]
[2026-08-11 17:29:13.458442] [INFO] [path_server] 새로운 경로 설정 : path[1046 ➜ 10] time[0s] dist[77.9365m] list[48] : 1046-1129-1049-1050-1051-1052-1198-1199-1053-1054-1055-1056-1057-1058-1059-1060-1061-1062-1063-1064-1065-40-1067-1068-1069-1070-1071-1072-1073-1074-1075-1076-1077-1078-1390-1391-1001-1002-1003-1004-1005-1006-1007-1008-1010-1040-1037-10
[2026-08-11 17:29:18.149969] [INFO] [path_server] 노드 업데이트 : [1129] ➜ [1049]
[2026-08-11 17:29:18.229842] [INFO] [path_server] 새로운 경로 설정 : path[1129 ➜ 10] time[0s] dist[75.021m] list[47] : 1129-1049-1050-1051-1052-1198-1199-1053-1054-1055-1056-1057-1058-1059-1060-1061-1062-1063-1064-1065-40-1067-1068-1069-1070-1071-1072-1073-1074-1075-1076-1077-1078-1390-1391-1001-1002-1003-1004-1005-1006-1007-1008-1010-1040-1037-10
[2026-08-11 17:29:20.166386] [INFO] [path_server] 노드 업데이트 : [1049] ➜ [1050]
[2026-08-11 17:29:20.246342] [INFO] [path_server] 새로운 경로 설정 : path[1049 ➜ 10] time[0s] dist[72.1056m] list[46] : 1049-1050-1051-1052-1198-1199-1053-1054-1055-1056-1057-1058-1059-1060-1061-1062-1063-1064-1065-40-1067-1068-1069-1070-1071-1072-1073-1074-1075-1076-1077-1078-1390-1391-1001-1002-1003-1004-1005-1006-1007-1008-1010-1040-1037-10
[2026-08-11 17:29:25.316371] [INFO] [path_server] 노드 업데이트 : [1050] ➜ [1051]
[2026-08-11 17:29:25.396319] [INFO] [path_server] 새로운 경로 설정 : path[1050 ➜ 10] time[0s] dist[69.6056m] list[45] : 1050-1051-1052-1198-1199-1053-1054-1055-1056-1057-1058-1059-1060-1061-1062-1063-1064-1065-40-1067-1068-1069-1070-1071-1072-1073-1074-1075-1076-1077-1078-1390-1391-1001-1002-1003-1004-1005-1006-1007-1008-1010-1040-1037-10
[2026-08-11 17:29:26.314350] [INFO] [path_server] 노드 업데이트 : [1051] ➜ [1052]
[2026-08-11 17:29:26.394301] [INFO] [path_server] 새로운 경로 설정 : path[1051 ➜ 10] time[0s] dist[68.1056m] list[44] : 1051-1052-1198-1199-1053-1054-1055-1056-1057-1058-1059-1060-1061-1062-1063-1064-1065-40-1067-1068-1069-1070-1071-1072-1073-1074-1075-1076-1077-1078-1390-1391-1001-1002-1003-1004-1005-1006-1007-1008-1010-1040-1037-10
[2026-08-11 17:29:27.092832] [INFO] [path_server] 노드 업데이트 : [1052] ➜ [1198]
[2026-08-11 17:29:27.172787] [INFO] [path_server] 새로운 경로 설정 : path[1052 ➜ 10] time[0s] dist[66.6056m] list[43] : 1052-1198-1199-1053-1054-1055-1056-1057-1058-1059-1060-1061-1062-1063-1064-1065-40-1067-1068-1069-1070-1071-1072-1073-1074-1075-1076-1077-1078-1390-1391-1001-1002-1003-1004-1005-1006-1007-1008-1010-1040-1037-10
[2026-08-11 17:29:28.490108] [INFO] [path_server] 노드 업데이트 : [1198] ➜ [1199]
[2026-08-11 17:29:28.569985] [INFO] [path_server] 새로운 경로 설정 : path[1198 ➜ 10] time[0s] dist[65.1056m] list[42] : 1198-1199-1053-1054-1055-1056-1057-1058-1059-1060-1061-1062-1063-1064-1065-40-1067-1068-1069-1070-1071-1072-1073-1074-1075-1076-1077-1078-1390-1391-1001-1002-1003-1004-1005-1006-1007-1008-1010-1040-1037-10
[2026-08-11 17:29:31.984084] [INFO] [path_server] 노드 업데이트 : [1199] ➜ [1053]
[2026-08-11 17:29:32.043991] [INFO] [path_server] 새로운 경로 설정 : path[1199 ➜ 10] time[0s] dist[63.6056m] list[41] : 1199-1053-1054-1055-1056-1057-1058-1059-1060-1061-1062-1063-1064-1065-40-1067-1068-1069-1070-1071-1072-1073-1074-1075-1076-1077-1078-1390-1391-1001-1002-1003-1004-1005-1006-1007-1008-1010-1040-1037-10
[2026-08-11 17:29:33.102114] [INFO] [path_server] 노드 업데이트 : [1053] ➜ [1054]
[2026-08-11 17:29:33.182015] [INFO] [path_server] 새로운 경로 설정 : path[1053 ➜ 10] time[0s] dist[62.1056m] list[40] : 1053-1054-1055-1056-1057-1058-1059-1060-1061-1062-1063-1064-1065-40-1067-1068-1069-1070-1071-1072-1073-1074-1075-1076-1077-1078-1390-1391-1001-1002-1003-1004-1005-1006-1007-1008-1010-1040-1037-10
[2026-08-11 17:29:33.920375] [INFO] [path_server] 노드 업데이트 : [1054] ➜ [1055]
[2026-08-11 17:29:34.000311] [INFO] [path_server] 새로운 경로 설정 : path[1054 ➜ 10] time[0s] dist[60.6056m] list[39] : 1054-1055-1056-1057-1058-1059-1060-1061-1062-1063-1064-1065-40-1067-1068-1069-1070-1071-1072-1073-1074-1075-1076-1077-1078-1390-1391-1001-1002-1003-1004-1005-1006-1007-1008-1010-1040-1037-10
[2026-08-11 17:29:34.678833] [INFO] [path_server] 노드 업데이트 : [1055] ➜ [1056]
[2026-08-11 17:29:34.738705] [INFO] [path_server] 새로운 경로 설정 : path[1055 ➜ 10] time[0s] dist[59.1056m] list[38] : 1055-1056-1057-1058-1059-1060-1061-1062-1063-1064-1065-40-1067-1068-1069-1070-1071-1072-1073-1074-1075-1076-1077-1078-1390-1391-1001-1002-1003-1004-1005-1006-1007-1008-1010-1040-1037-10
[2026-08-11 17:29:35.896399] [INFO] [path_server] 노드 업데이트 : [1056] ➜ [1057]
[2026-08-11 17:29:35.976332] [INFO] [path_server] 새로운 경로 설정 : path[1056 ➜ 10] time[0s] dist[57.6056m] list[37] : 1056-1057-1058-1059-1060-1061-1062-1063-1064-1065-40-1067-1068-1069-1070-1071-1072-1073-1074-1075-1076-1077-1078-1390-1391-1001-1002-1003-1004-1005-1006-1007-1008-1010-1040-1037-10
[2026-08-11 17:29:39.169803] [INFO] [path_server] 노드 업데이트 : [1057] ➜ [1058]
[2026-08-11 17:29:39.249732] [INFO] [path_server] 새로운 경로 설정 : path[1057 ➜ 10] time[0s] dist[56.1056m] list[36] : 1057-1058-1059-1060-1061-1062-1063-1064-1065-40-1067-1068-1069-1070-1071-1072-1073-1074-1075-1076-1077-1078-1390-1391-1001-1002-1003-1004-1005-1006-1007-1008-1010-1040-1037-10
[2026-08-11 17:29:40.347651] [INFO] [path_server] 노드 업데이트 : [1058] ➜ [1059]
[2026-08-11 17:29:40.407598] [INFO] [path_server] 새로운 경로 설정 : path[1058 ➜ 10] time[0s] dist[54.6056m] list[35] : 1058-1059-1060-1061-1062-1063-1064-1065-40-1067-1068-1069-1070-1071-1072-1073-1074-1075-1076-1077-1078-1390-1391-1001-1002-1003-1004-1005-1006-1007-1008-1010-1040-1037-10
[2026-08-11 17:29:41.185988] [INFO] [path_server] 노드 업데이트 : [1059] ➜ [1060]
[2026-08-11 17:29:41.245883] [INFO] [path_server] 새로운 경로 설정 : path[1059 ➜ 10] time[0s] dist[53.1056m] list[34] : 1059-1060-1061-1062-1063-1064-1065-40-1067-1068-1069-1070-1071-1072-1073-1074-1075-1076-1077-1078-1390-1391-1001-1002-1003-1004-1005-1006-1007-1008-1010-1040-1037-10
[2026-08-11 17:29:41.924450] [INFO] [path_server] 노드 업데이트 : [1060] ➜ [1061]
[2026-08-11 17:29:42.004395] [INFO] [path_server] 새로운 경로 설정 : path[1060 ➜ 10] time[0s] dist[51.6056m] list[33] : 1060-1061-1062-1063-1064-1065-40-1067-1068-1069-1070-1071-1072-1073-1074-1075-1076-1077-1078-1390-1391-1001-1002-1003-1004-1005-1006-1007-1008-1010-1040-1037-10
[2026-08-11 17:29:42.682984] [INFO] [path_server] 노드 업데이트 : [1061] ➜ [1062]
[2026-08-11 17:29:42.742866] [INFO] [path_server] 새로운 경로 설정 : path[1061 ➜ 10] time[0s] dist[50.1056m] list[32] : 1061-1062-1063-1064-1065-40-1067-1068-1069-1070-1071-1072-1073-1074-1075-1076-1077-1078-1390-1391-1001-1002-1003-1004-1005-1006-1007-1008-1010-1040-1037-10
[2026-08-11 17:29:43.441346] [INFO] [path_server] 노드 업데이트 : [1062] ➜ [1063]
[2026-08-11 17:29:43.521195] [INFO] [path_server] 새로운 경로 설정 : path[1062 ➜ 10] time[0s] dist[48.6056m] list[31] : 1062-1063-1064-1065-40-1067-1068-1069-1070-1071-1072-1073-1074-1075-1076-1077-1078-1390-1391-1001-1002-1003-1004-1005-1006-1007-1008-1010-1040-1037-10
[2026-08-11 17:29:44.179861] [INFO] [path_server] 노드 업데이트 : [1063] ➜ [1064]
[2026-08-11 17:29:44.239800] [INFO] [path_server] 새로운 경로 설정 : path[1063 ➜ 10] time[0s] dist[47.1056m] list[30] : 1063-1064-1065-40-1067-1068-1069-1070-1071-1072-1073-1074-1075-1076-1077-1078-1390-1391-1001-1002-1003-1004-1005-1006-1007-1008-1010-1040-1037-10
[2026-08-11 17:29:44.938363] [INFO] [path_server] 노드 업데이트 : [1064] ➜ [1065]
[2026-08-11 17:29:45.018254] [INFO] [path_server] 새로운 경로 설정 : path[1064 ➜ 10] time[0s] dist[45.6056m] list[29] : 1064-1065-40-1067-1068-1069-1070-1071-1072-1073-1074-1075-1076-1077-1078-1390-1391-1001-1002-1003-1004-1005-1006-1007-1008-1010-1040-1037-10
[2026-08-11 17:29:45.676896] [INFO] [path_server] 노드 업데이트 : [1065] ➜ [40]
[2026-08-11 17:29:45.736810] [INFO] [path_server] 새로운 경로 설정 : path[1065 ➜ 10] time[0s] dist[44.1056m] list[28] : 1065-40-1067-1068-1069-1070-1071-1072-1073-1074-1075-1076-1077-1078-1390-1391-1001-1002-1003-1004-1005-1006-1007-1008-1010-1040-1037-10
[2026-08-11 17:29:46.435342] [INFO] [path_server] 노드 업데이트 : [40] ➜ [1067]
[2026-08-11 17:29:46.515211] [INFO] [path_server] 새로운 경로 설정 : path[40 ➜ 10] time[0s] dist[42.6056m] list[27] : 40-1067-1068-1069-1070-1071-1072-1073-1074-1075-1076-1077-1078-1390-1391-1001-1002-1003-1004-1005-1006-1007-1008-1010-1040-1037-10
[2026-08-11 17:29:47.173957] [INFO] [path_server] 노드 업데이트 : [1067] ➜ [1068]
[2026-08-11 17:29:47.233867] [INFO] [path_server] 새로운 경로 설정 : path[1067 ➜ 10] time[0s] dist[41.1056m] list[26] : 1067-1068-1069-1070-1071-1072-1073-1074-1075-1076-1077-1078-1390-1391-1001-1002-1003-1004-1005-1006-1007-1008-1010-1040-1037-10
[2026-08-11 17:29:47.932441] [INFO] [path_server] 노드 업데이트 : [1068] ➜ [1069]
[2026-08-11 17:29:48.012338] [INFO] [path_server] 새로운 경로 설정 : path[1068 ➜ 10] time[0s] dist[39.6056m] list[25] : 1068-1069-1070-1071-1072-1073-1074-1075-1076-1077-1078-1390-1391-1001-1002-1003-1004-1005-1006-1007-1008-1010-1040-1037-10
[2026-08-11 17:29:48.690857] [INFO] [path_server] 노드 업데이트 : [1069] ➜ [1070]
[2026-08-11 17:29:48.770796] [INFO] [path_server] 새로운 경로 설정 : path[1069 ➜ 10] time[0s] dist[38.1056m] list[24] : 1069-1070-1071-1072-1073-1074-1075-1076-1077-1078-1390-1391-1001-1002-1003-1004-1005-1006-1007-1008-1010-1040-1037-10
[2026-08-11 17:29:49.429622] [INFO] [path_server] 노드 업데이트 : [1070] ➜ [1071]
[2026-08-11 17:29:49.529589] [INFO] [path_server] 새로운 경로 설정 : path[1070 ➜ 10] time[0s] dist[36.6056m] list[23] : 1070-1071-1072-1073-1074-1075-1076-1077-1078-1390-1391-1001-1002-1003-1004-1005-1006-1007-1008-1010-1040-1037-10
[2026-08-11 17:29:50.188316] [INFO] [path_server] 노드 업데이트 : [1071] ➜ [1072]
[2026-08-11 17:29:50.268181] [INFO] [path_server] 새로운 경로 설정 : path[1071 ➜ 10] time[0s] dist[35.1056m] list[22] : 1071-1072-1073-1074-1075-1076-1077-1078-1390-1391-1001-1002-1003-1004-1005-1006-1007-1008-1010-1040-1037-10
[2026-08-11 17:29:50.926822] [INFO] [path_server] 노드 업데이트 : [1072] ➜ [1073]
[2026-08-11 17:29:50.986773] [INFO] [path_server] 새로운 경로 설정 : path[1072 ➜ 10] time[0s] dist[33.6056m] list[21] : 1072-1073-1074-1075-1076-1077-1078-1390-1391-1001-1002-1003-1004-1005-1006-1007-1008-1010-1040-1037-10
[2026-08-11 17:29:51.685375] [INFO] [path_server] 노드 업데이트 : [1073] ➜ [1074]
[2026-08-11 17:29:51.765266] [INFO] [path_server] 새로운 경로 설정 : path[1073 ➜ 10] time[0s] dist[32.1056m] list[20] : 1073-1074-1075-1076-1077-1078-1390-1391-1001-1002-1003-1004-1005-1006-1007-1008-1010-1040-1037-10
[2026-08-11 17:29:52.443732] [INFO] [path_server] 노드 업데이트 : [1074] ➜ [1075]
[2026-08-11 17:29:52.523660] [INFO] [path_server] 새로운 경로 설정 : path[1074 ➜ 10] time[0s] dist[30.6056m] list[19] : 1074-1075-1076-1077-1078-1390-1391-1001-1002-1003-1004-1005-1006-1007-1008-1010-1040-1037-10
[2026-08-11 17:29:53.182222] [INFO] [path_server] 노드 업데이트 : [1075] ➜ [1076]
[2026-08-11 17:29:53.262097] [INFO] [path_server] 새로운 경로 설정 : path[1075 ➜ 10] time[0s] dist[29.1056m] list[18] : 1075-1076-1077-1078-1390-1391-1001-1002-1003-1004-1005-1006-1007-1008-1010-1040-1037-10
[2026-08-11 17:29:54.579344] [INFO] [path_server] 노드 업데이트 : [1076] ➜ [1077]
[2026-08-11 17:29:54.639278] [INFO] [path_server] 새로운 경로 설정 : path[1076 ➜ 10] time[0s] dist[27.6056m] list[17] : 1076-1077-1078-1390-1391-1001-1002-1003-1004-1005-1006-1007-1008-1010-1040-1037-10
[2026-08-11 17:29:58.052372] [INFO] [path_server] 노드 업데이트 : [1077] ➜ [1078]
[2026-08-11 17:29:58.112301] [INFO] [path_server] 새로운 경로 설정 : path[1077 ➜ 10] time[0s] dist[26.1056m] list[16] : 1077-1078-1390-1391-1001-1002-1003-1004-1005-1006-1007-1008-1010-1040-1037-10
[2026-08-11 17:29:59.170128] [INFO] [path_server] 노드 업데이트 : [1078] ➜ [1390]
[2026-08-11 17:29:59.250026] [INFO] [path_server] 새로운 경로 설정 : path[1078 ➜ 10] time[0s] dist[24.6056m] list[15] : 1078-1390-1391-1001-1002-1003-1004-1005-1006-1007-1008-1010-1040-1037-10
[2026-08-11 17:29:59.988370] [INFO] [path_server] 노드 업데이트 : [1390] ➜ [1391]
[2026-08-11 17:30:00.068309] [INFO] [path_server] 새로운 경로 설정 : path[1390 ➜ 10] time[0s] dist[23.1056m] list[14] : 1390-1391-1001-1002-1003-1004-1005-1006-1007-1008-1010-1040-1037-10
[2026-08-11 17:30:00.747014] [INFO] [path_server] 노드 업데이트 : [1391] ➜ [1001]
[2026-08-11 17:30:00.806958] [INFO] [path_server] 새로운 경로 설정 : path[1391 ➜ 10] time[0s] dist[21.6056m] list[13] : 1391-1001-1002-1003-1004-1005-1006-1007-1008-1010-1040-1037-10
[2026-08-11 17:30:02.124744] [INFO] [path_server] 노드 업데이트 : [1001] ➜ [1002]
[2026-08-11 17:30:02.204606] [INFO] [path_server] 새로운 경로 설정 : path[1001 ➜ 10] time[0s] dist[20.1056m] list[12] : 1001-1002-1003-1004-1005-1006-1007-1008-1010-1040-1037-10
[2026-08-11 17:30:05.597847] [INFO] [path_server] 노드 업데이트 : [1002] ➜ [1003]
[2026-08-11 17:30:05.677736] [INFO] [path_server] 새로운 경로 설정 : path[1002 ➜ 10] time[0s] dist[18.6056m] list[11] : 1002-1003-1004-1005-1006-1007-1008-1010-1040-1037-10
[2026-08-11 17:30:06.695828] [INFO] [path_server] 노드 업데이트 : [1003] ➜ [1004]
[2026-08-11 17:30:06.775672] [INFO] [path_server] 새로운 경로 설정 : path[1003 ➜ 10] time[0s] dist[17.1056m] list[10] : 1003-1004-1005-1006-1007-1008-1010-1040-1037-10
[2026-08-11 17:30:07.515665] [INFO] [path_server] 노드 업데이트 : [1004] ➜ [1005]
[2026-08-11 17:30:07.596137] [INFO] [path_server] 새로운 경로 설정 : path[1004 ➜ 10] time[0s] dist[15.6056m] list[9] : 1004-1005-1006-1007-1008-1010-1040-1037-10
[2026-08-11 17:30:08.279018] [INFO] [path_server] 노드 업데이트 : [1005] ➜ [1006]
[2026-08-11 17:30:08.359183] [INFO] [path_server] 새로운 경로 설정 : path[1005 ➜ 10] time[0s] dist[14.1056m] list[8] : 1005-1006-1007-1008-1010-1040-1037-10
[2026-08-11 17:30:09.018749] [INFO] [path_server] 노드 업데이트 : [1006] ➜ [1007]
[2026-08-11 17:30:09.078641] [INFO] [path_server] 새로운 경로 설정 : path[1006 ➜ 10] time[0s] dist[12.6056m] list[7] : 1006-1007-1008-1010-1040-1037-10
[2026-08-11 17:30:09.777235] [INFO] [path_server] 노드 업데이트 : [1007] ➜ [1008]
[2026-08-11 17:30:09.857092] [INFO] [path_server] 새로운 경로 설정 : path[1007 ➜ 10] time[0s] dist[11.1056m] list[6] : 1007-1008-1010-1040-1037-10
[2026-08-11 17:30:10.515810] [INFO] [path_server] 노드 업데이트 : [1008] ➜ [1010]
[2026-08-11 17:30:10.575731] [INFO] [path_server] 새로운 경로 설정 : path[1008 ➜ 10] time[0s] dist[9.60555m] list[5] : 1008-1010-1040-1037-10
[2026-08-11 17:30:11.374234] [INFO] [path_server] 노드 업데이트 : [1010] ➜ [1040]
[2026-08-11 17:30:11.454084] [INFO] [path_server] 새로운 경로 설정 : path[1010 ➜ 10] time[0s] dist[8.10555m] list[4] : 1010-1040-1037-10
[2026-08-11 17:30:17.103522] [INFO] [path_server] 노드 업데이트 : [1040] ➜ [1037]
[2026-08-11 17:30:17.183442] [INFO] [path_server] 새로운 경로 설정 : path[1040 ➜ 10] time[0s] dist[4.5m] list[3] : 1040-1037-10
[2026-08-11 17:30:22.593567] [INFO] [path_server] 노드 업데이트 : [1037] ➜ [10]
[2026-08-11 17:30:22.653466] [INFO] [path_server] 새로운 경로 설정 : path[1037 ➜ 10] time[0s] dist[1.5m] list[2] : 1037-10
[2026-08-11 17:30:24.829106] [INFO] [path_server] 노드 업데이트 : [10] ➜ [-1]
[2026-08-11 17:30:28.122453] [INFO] [path_server] 노드 업데이트 : [10] ➜ [-1]
[2026-08-11 17:30:30.298346] [INFO] [path_server] 경로 삭제
[2026-08-11 17:30:30.418137] [INFO] [path_server] 새로운 경로 설정 : path[10 ➜ 103] time[0s] dist[46.2016m] list[29] : 10-1043-1048-1130-1051-1052-1198-1199-1053-1054-1055-1056-1057-1058-1059-1060-1061-1062-1063-1064-1065-40-1067-1068-1069-1070-1071-1072-103
[2026-08-11 17:30:32.593880] [INFO] [path_server] 노드 업데이트 : [1043] ➜ [1048]
[2026-08-11 17:30:32.673797] [INFO] [path_server] 새로운 경로 설정 : path[1043 ➜ 103] time[0s] dist[44.2016m] list[28] : 1043-1048-1130-1051-1052-1198-1199-1053-1054-1055-1056-1057-1058-1059-1060-1061-1062-1063-1064-1065-40-1067-1068-1069-1070-1071-1072-103
[2026-08-11 17:30:37.963429] [INFO] [path_server] 노드 업데이트 : [1048] ➜ [1130]
[2026-08-11 17:30:38.023346] [INFO] [path_server] 새로운 경로 설정 : path[1048 ➜ 103] time[0s] dist[41m] list[27] : 1048-1130-1051-1052-1198-1199-1053-1054-1055-1056-1057-1058-1059-1060-1061-1062-1063-1064-1065-40-1067-1068-1069-1070-1071-1072-103
[2026-08-11 17:30:42.536190] [INFO] [path_server] 노드 업데이트 : [1130] ➜ [1051]
[2026-08-11 17:30:42.616118] [INFO] [path_server] 새로운 경로 설정 : path[1130 ➜ 103] time[0s] dist[38.5m] list[26] : 1130-1051-1052-1198-1199-1053-1054-1055-1056-1057-1058-1059-1060-1061-1062-1063-1064-1065-40-1067-1068-1069-1070-1071-1072-103
[2026-08-11 17:30:44.273283] [INFO] [path_server] 노드 업데이트 : [1051] ➜ [1052]
[2026-08-11 17:30:44.353134] [INFO] [path_server] 새로운 경로 설정 : path[1051 ➜ 103] time[0s] dist[36m] list[25] : 1051-1052-1198-1199-1053-1054-1055-1056-1057-1058-1059-1060-1061-1062-1063-1064-1065-40-1067-1068-1069-1070-1071-1072-103
[2026-08-11 17:30:48.504763] [INFO] [path_server] 노드 업데이트 : [1052] ➜ [1198]
[2026-08-11 17:30:48.584700] [INFO] [path_server] 새로운 경로 설정 : path[1052 ➜ 103] time[0s] dist[34.5m] list[24] : 1052-1198-1199-1053-1054-1055-1056-1057-1058-1059-1060-1061-1062-1063-1064-1065-40-1067-1068-1069-1070-1071-1072-103
[2026-08-11 17:30:50.041865] [INFO] [path_server] 노드 업데이트 : [1198] ➜ [1199]
[2026-08-11 17:30:50.101832] [INFO] [path_server] 새로운 경로 설정 : path[1198 ➜ 103] time[0s] dist[33m] list[23] : 1198-1199-1053-1054-1055-1056-1057-1058-1059-1060-1061-1062-1063-1064-1065-40-1067-1068-1069-1070-1071-1072-103
[2026-08-11 17:30:53.495242] [INFO] [path_server] 노드 업데이트 : [1199] ➜ [1053]
[2026-08-11 17:30:53.555168] [INFO] [path_server] 새로운 경로 설정 : path[1199 ➜ 103] time[0s] dist[31.5m] list[22] : 1199-1053-1054-1055-1056-1057-1058-1059-1060-1061-1062-1063-1064-1065-40-1067-1068-1069-1070-1071-1072-103
[2026-08-11 17:30:54.593175] [INFO] [path_server] 노드 업데이트 : [1053] ➜ [1054]
[2026-08-11 17:30:54.673103] [INFO] [path_server] 새로운 경로 설정 : path[1053 ➜ 103] time[0s] dist[30m] list[21] : 1053-1054-1055-1056-1057-1058-1059-1060-1061-1062-1063-1064-1065-40-1067-1068-1069-1070-1071-1072-103
[2026-08-11 17:30:55.411594] [INFO] [path_server] 노드 업데이트 : [1054] ➜ [1055]
[2026-08-11 17:30:55.471522] [INFO] [path_server] 새로운 경로 설정 : path[1054 ➜ 103] time[0s] dist[28.5m] list[20] : 1054-1055-1056-1057-1058-1059-1060-1061-1062-1063-1064-1065-40-1067-1068-1069-1070-1071-1072-103
[2026-08-11 17:30:56.150073] [INFO] [path_server] 노드 업데이트 : [1055] ➜ [1056]
[2026-08-11 17:30:56.230009] [INFO] [path_server] 새로운 경로 설정 : path[1055 ➜ 103] time[0s] dist[27m] list[19] : 1055-1056-1057-1058-1059-1060-1061-1062-1063-1064-1065-40-1067-1068-1069-1070-1071-1072-103
[2026-08-11 17:30:57.407458] [INFO] [path_server] 노드 업데이트 : [1056] ➜ [1057]
[2026-08-11 17:30:57.487393] [INFO] [path_server] 새로운 경로 설정 : path[1056 ➜ 103] time[0s] dist[25.5m] list[18] : 1056-1057-1058-1059-1060-1061-1062-1063-1064-1065-40-1067-1068-1069-1070-1071-1072-103
[2026-08-11 17:31:00.701173] [INFO] [path_server] 노드 업데이트 : [1057] ➜ [1058]
[2026-08-11 17:31:00.781101] [INFO] [path_server] 새로운 경로 설정 : path[1057 ➜ 103] time[0s] dist[24m] list[17] : 1057-1058-1059-1060-1061-1062-1063-1064-1065-40-1067-1068-1069-1070-1071-1072-103
[2026-08-11 17:31:01.858943] [INFO] [path_server] 노드 업데이트 : [1058] ➜ [1059]
[2026-08-11 17:31:01.938776] [INFO] [path_server] 새로운 경로 설정 : path[1058 ➜ 103] time[0s] dist[22.5m] list[16] : 1058-1059-1060-1061-1062-1063-1064-1065-40-1067-1068-1069-1070-1071-1072-103
[2026-08-11 17:31:02.697212] [INFO] [path_server] 노드 업데이트 : [1059] ➜ [1060]
[2026-08-11 17:31:02.777121] [INFO] [path_server] 새로운 경로 설정 : path[1059 ➜ 103] time[0s] dist[21m] list[15] : 1059-1060-1061-1062-1063-1064-1065-40-1067-1068-1069-1070-1071-1072-103
[2026-08-11 17:31:03.436028] [INFO] [path_server] 노드 업데이트 : [1060] ➜ [1061]
[2026-08-11 17:31:03.495836] [INFO] [path_server] 새로운 경로 설정 : path[1060 ➜ 103] time[0s] dist[19.5m] list[14] : 1060-1061-1062-1063-1064-1065-40-1067-1068-1069-1070-1071-1072-103
[2026-08-11 17:31:04.195223] [INFO] [path_server] 노드 업데이트 : [1061] ➜ [1062]
[2026-08-11 17:31:04.275084] [INFO] [path_server] 새로운 경로 설정 : path[1061 ➜ 103] time[0s] dist[18m] list[13] : 1061-1062-1063-1064-1065-40-1067-1068-1069-1070-1071-1072-103
[2026-08-11 17:31:04.953756] [INFO] [path_server] 노드 업데이트 : [1062] ➜ [1063]
[2026-08-11 17:31:05.033699] [INFO] [path_server] 새로운 경로 설정 : path[1062 ➜ 103] time[0s] dist[16.5m] list[12] : 1062-1063-1064-1065-40-1067-1068-1069-1070-1071-1072-103
[2026-08-11 17:31:05.692522] [INFO] [path_server] 노드 업데이트 : [1063] ➜ [1064]
[2026-08-11 17:31:05.772418] [INFO] [path_server] 새로운 경로 설정 : path[1063 ➜ 103] time[0s] dist[15m] list[11] : 1063-1064-1065-40-1067-1068-1069-1070-1071-1072-103
[2026-08-11 17:31:06.451137] [INFO] [path_server] 노드 업데이트 : [1064] ➜ [1065]
[2026-08-11 17:31:06.531034] [INFO] [path_server] 새로운 경로 설정 : path[1064 ➜ 103] time[0s] dist[13.5m] list[10] : 1064-1065-40-1067-1068-1069-1070-1071-1072-103
[2026-08-11 17:31:07.189803] [INFO] [path_server] 노드 업데이트 : [1065] ➜ [40]
[2026-08-11 17:31:07.249708] [INFO] [path_server] 새로운 경로 설정 : path[1065 ➜ 103] time[0s] dist[12m] list[9] : 1065-40-1067-1068-1069-1070-1071-1072-103
[2026-08-11 17:31:07.948376] [INFO] [path_server] 노드 업데이트 : [40] ➜ [1067]
[2026-08-11 17:31:08.028240] [INFO] [path_server] 새로운 경로 설정 : path[40 ➜ 103] time[0s] dist[10.5m] list[8] : 40-1067-1068-1069-1070-1071-1072-103
[2026-08-11 17:31:08.687042] [INFO] [path_server] 노드 업데이트 : [1067] ➜ [1068]
[2026-08-11 17:31:08.746956] [INFO] [path_server] 새로운 경로 설정 : path[1067 ➜ 103] time[0s] dist[9m] list[7] : 1067-1068-1069-1070-1071-1072-103
[2026-08-11 17:31:09.445526] [INFO] [path_server] 노드 업데이트 : [1068] ➜ [1069]
[2026-08-11 17:31:09.525405] [INFO] [path_server] 새로운 경로 설정 : path[1068 ➜ 103] time[0s] dist[7.5m] list[6] : 1068-1069-1070-1071-1072-103
[2026-08-11 17:31:10.203943] [INFO] [path_server] 노드 업데이트 : [1069] ➜ [1070]
[2026-08-11 17:31:10.283831] [INFO] [path_server] 새로운 경로 설정 : path[1069 ➜ 103] time[0s] dist[6m] list[5] : 1069-1070-1071-1072-103
[2026-08-11 17:31:10.942538] [INFO] [path_server] 노드 업데이트 : [1070] ➜ [1071]
[2026-08-11 17:31:11.022413] [INFO] [path_server] 새로운 경로 설정 : path[1070 ➜ 103] time[0s] dist[4.5m] list[4] : 1070-1071-1072-103
[2026-08-11 17:31:11.701044] [INFO] [path_server] 노드 업데이트 : [1071] ➜ [1072]
[2026-08-11 17:31:11.780999] [INFO] [path_server] 새로운 경로 설정 : path[1071 ➜ 103] time[0s] dist[3m] list[3] : 1071-1072-103
[2026-08-11 17:31:13.018565] [INFO] [path_server] 노드 업데이트 : [1072] ➜ [103]
[2026-08-11 17:31:13.098478] [INFO] [path_server] 새로운 경로 설정 : path[1072 ➜ 103] time[0s] dist[1.5m] list[2] : 1072-103
[2026-08-11 17:31:16.990821] [INFO] [path_server] 노드 업데이트 : [103] ➜ [-1]
[2026-08-11 17:31:20.844260] [INFO] [path_server] 노드 업데이트 : [103] ➜ [-1]
[2026-08-11 17:32:02.901435] [INFO] [path_server] 경로 삭제
[2026-08-11 17:32:02.921383] [INFO] [path_server] 경로 삭제
[2026-08-11 17:34:16.381589] [INFO] [path_server] 경로 삭제
[2026-08-11 17:34:16.421552] [INFO] [path_server] 경로 삭제
[2026-08-11 17:34:46.293342] [INFO] [path_server] 생성
[2026-08-11 17:34:46.293390] [INFO] [path_server] 경로 삭제
[2026-08-11 17:34:46.295286] [INFO] [path_server] 노드 초기화 성공 : 로봇 좌표[7.989m 18.996m 90.086°] 최단 거리 노드[103] 거리(0.012097m)
[2026-08-11 17:35:34.843278] [INFO] [path_server] 경로 삭제
[2026-08-11 17:35:34.883202] [INFO] [path_server] 경로 삭제
[2026-08-11 17:37:48.353205] [INFO] [path_server] 경로 삭제
[2026-08-11 17:37:48.393144] [INFO] [path_server] 경로 삭제
[2026-08-11 17:40:01.852362] [INFO] [path_server] 경로 삭제
[2026-08-11 17:40:01.892364] [INFO] [path_server] 경로 삭제
[2026-08-11 17:40:32.828154] [INFO] [path_server] 생성
[2026-08-11 17:40:32.828189] [INFO] [path_server] 경로 삭제
[2026-08-11 17:40:32.830003] [INFO] [path_server] 노드 초기화 성공 : 로봇 좌표[7.989m 18.996m 90.086°] 최단 거리 노드[103] 거리(0.012097m)
[2026-08-11 17:41:21.376337] [INFO] [path_server] 경로 삭제
[2026-08-11 17:41:21.416322] [INFO] [path_server] 경로 삭제
[2026-08-11 17:41:27.464678] [INFO] [path_server] 새로운 경로 설정 : path[103 ➜ 203] time[0s] dist[19.5m] list[14] : 103-1072-1073-1074-1075-1076-1159-1158-1157-1160-1161-1162-1163-203
[2026-08-11 17:41:31.337534] [INFO] [path_server] 노드 업데이트 : [1072] ➜ [1073]
[2026-08-11 17:41:31.417404] [INFO] [path_server] 새로운 경로 설정 : path[1072 ➜ 203] time[0s] dist[18m] list[13] : 1072-1073-1074-1075-1076-1159-1158-1157-1160-1161-1162-1163-203
[2026-08-11 17:41:34.930184] [INFO] [path_server] 노드 업데이트 : [1073] ➜ [1074]
[2026-08-11 17:41:34.990089] [INFO] [path_server] 새로운 경로 설정 : path[1073 ➜ 203] time[0s] dist[16.5m] list[12] : 1073-1074-1075-1076-1159-1158-1157-1160-1161-1162-1163-203
[2026-08-11 17:41:36.048033] [INFO] [path_server] 노드 업데이트 : [1074] ➜ [1075]
[2026-08-11 17:41:36.127870] [INFO] [path_server] 새로운 경로 설정 : path[1074 ➜ 203] time[0s] dist[15m] list[11] : 1074-1075-1076-1159-1158-1157-1160-1161-1162-1163-203
[2026-08-11 17:41:36.866261] [INFO] [path_server] 노드 업데이트 : [1075] ➜ [1076]
[2026-08-11 17:41:36.946177] [INFO] [path_server] 새로운 경로 설정 : path[1075 ➜ 203] time[0s] dist[13.5m] list[10] : 1075-1076-1159-1158-1157-1160-1161-1162-1163-203
[2026-08-11 17:41:38.283544] [INFO] [path_server] 노드 업데이트 : [1076] ➜ [1159]
[2026-08-11 17:41:38.343467] [INFO] [path_server] 새로운 경로 설정 : path[1076 ➜ 203] time[0s] dist[12m] list[9] : 1076-1159-1158-1157-1160-1161-1162-1163-203
[2026-08-11 17:41:41.736665] [INFO] [path_server] 노드 업데이트 : [1159] ➜ [1158]
[2026-08-11 17:41:41.816521] [INFO] [path_server] 새로운 경로 설정 : path[1159 ➜ 203] time[0s] dist[10.5m] list[8] : 1159-1158-1157-1160-1161-1162-1163-203
[2026-08-11 17:41:42.834431] [INFO] [path_server] 노드 업데이트 : [1158] ➜ [1157]
[2026-08-11 17:41:42.894314] [INFO] [path_server] 새로운 경로 설정 : path[1158 ➜ 203] time[0s] dist[9m] list[7] : 1158-1157-1160-1161-1162-1163-203
[2026-08-11 17:41:44.251574] [INFO] [path_server] 노드 업데이트 : [1157] ➜ [1160]
[2026-08-11 17:41:44.351422] [INFO] [path_server] 새로운 경로 설정 : path[1157 ➜ 203] time[0s] dist[7.5m] list[6] : 1157-1160-1161-1162-1163-203
[2026-08-11 17:41:47.684758] [INFO] [path_server] 노드 업데이트 : [1160] ➜ [1161]
[2026-08-11 17:41:47.764647] [INFO] [path_server] 새로운 경로 설정 : path[1160 ➜ 203] time[0s] dist[6m] list[5] : 1160-1161-1162-1163-203
[2026-08-11 17:41:48.802657] [INFO] [path_server] 노드 업데이트 : [1161] ➜ [1162]
[2026-08-11 17:41:48.862548] [INFO] [path_server] 새로운 경로 설정 : path[1161 ➜ 203] time[0s] dist[4.5m] list[4] : 1161-1162-1163-203
[2026-08-11 17:41:49.620975] [INFO] [path_server] 노드 업데이트 : [1162] ➜ [1163]
[2026-08-11 17:41:49.700779] [INFO] [path_server] 새로운 경로 설정 : path[1162 ➜ 203] time[0s] dist[3m] list[3] : 1162-1163-203
[2026-08-11 17:41:52.355479] [INFO] [path_server] 노드 업데이트 : [1163] ➜ [203]
[2026-08-11 17:41:52.435369] [INFO] [path_server] 새로운 경로 설정 : path[1163 ➜ 203] time[0s] dist[1.5m] list[2] : 1163-203
[2026-08-11 17:41:56.527507] [INFO] [path_server] 노드 업데이트 : [203] ➜ [-1]
[2026-08-11 17:42:00.359902] [INFO] [path_server] 노드 업데이트 : [203] ➜ [-1]
[2026-08-11 17:42:00.439793] [INFO] [path_server] 경로 삭제
[2026-08-11 17:43:43.883643] [INFO] [path_server] 생성
[2026-08-11 17:43:43.883697] [INFO] [path_server] 경로 삭제
[2026-08-11 17:43:43.886332] [INFO] [path_server] 노드 초기화 성공 : 로봇 좌표[7.989m 14.496m -89.973°] 최단 거리 노드[203] 거리(0.011661m)
[2026-08-11 17:44:21.700912] [INFO] [path_server] 생성
[2026-08-11 17:44:21.700969] [INFO] [path_server] 경로 삭제
[2026-08-11 17:44:21.703317] [INFO] [path_server] 노드 초기화 성공 : 로봇 좌표[7.989m 14.496m -89.973°] 최단 거리 노드[203] 거리(0.011661m)
[2026-08-11 17:44:56.818892] [INFO] [path_server] 새로운 경로 설정 : path[203 ➜ 104] time[0s] dist[57m] list[39] : 203-1163-1164-1165-1166-1167-1168-41-1170-1171-1172-1173-1174-1175-1176-1177-1178-1081-1185-1186-1187-1188-1056-1057-1058-1059-1060-1061-1062-1063-1064-1065-40-1067-1068-1069-1070-1071-104
[2026-08-11 17:45:51.347272] [INFO] [path_server] 생성
[2026-08-11 17:45:51.347316] [INFO] [path_server] 경로 삭제
[2026-08-11 17:45:51.349778] [INFO] [path_server] 노드 초기화 성공 : 로봇 좌표[9.489m 18.997m 90.045°] 최단 거리 노드[104] 거리(0.011735m)
[2026-08-11 17:46:39.897113] [INFO] [path_server] 경로 삭제
[2026-08-11 17:46:39.937116] [INFO] [path_server] 경로 삭제
[2026-08-11 17:50:10.554381] [INFO] [path_server] 생성
[2026-08-11 17:50:10.554467] [INFO] [path_server] 경로 삭제
[2026-08-11 17:50:10.557953] [INFO] [path_server] 노드 초기화 성공 : 로봇 좌표[9.489m 18.997m 90.045°] 최단 거리 노드[104] 거리(0.011735m)
[2026-08-11 17:50:10.598037] [INFO] [path_server] 새로운 경로 설정 : path[205 ➜ 12] time[0s] dist[54.1231m] list[32] : 1061-1062-1063-1064-1065-40-1067-1068-1069-1070-1071-1072-1073-1074-1075-1076-1077-1078-1390-1391-1001-1002-1003-1004-1005-1006-1007-1008-1010-1017-1039-12
[2026-08-11 17:50:10.617986] [INFO] [path_server] 새로운 경로 설정 : path[104 ➜ 12] time[0s] dist[39.1231m] list[23] : 104-1071-1072-1073-1074-1075-1076-1077-1078-1390-1391-1001-1002-1003-1004-1005-1006-1007-1008-1010-1017-1039-12
[2026-08-11 17:50:15.749274] [INFO] [path_server] 새로운 경로 설정 : path[1071 ➜ 208] time[0s] dist[54m] list[38] : 104-1071-1072-1073-1074-1075-1076-1159-1158-1157-1160-1161-1162-1163-1164-1165-1166-1167-1168-41-1170-1171-1172-1173-1174-1175-1176-1177-1178-1081-1185-1186-1187-1188-1056-1057-1058-208
[2026-08-11 17:50:21.997277] [INFO] [path_server] 노드 업데이트 : [1071] ➜ [1072]
[2026-08-11 17:50:22.077264] [INFO] [path_server] 새로운 경로 설정 : path[1071 ➜ 208] time[0s] dist[54m] list[37] : 1071-1072-1073-1074-1075-1076-1159-1158-1157-1160-1161-1162-1163-1164-1165-1166-1167-1168-41-1170-1171-1172-1173-1174-1175-1176-1177-1178-1081-1185-1186-1187-1188-1056-1057-1058-208
[2026-08-11 17:50:25.590324] [INFO] [path_server] 노드 업데이트 : [1072] ➜ [1073]
[2026-08-11 17:50:25.670265] [INFO] [path_server] 새로운 경로 설정 : path[1072 ➜ 208] time[0s] dist[52.5m] list[36] : 1072-1073-1074-1075-1076-1159-1158-1157-1160-1161-1162-1163-1164-1165-1166-1167-1168-41-1170-1171-1172-1173-1174-1175-1176-1177-1178-1081-1185-1186-1187-1188-1056-1057-1058-208
[2026-08-11 17:50:26.708212] [INFO] [path_server] 노드 업데이트 : [1073] ➜ [1074]
[2026-08-11 17:50:26.768126] [INFO] [path_server] 새로운 경로 설정 : path[1073 ➜ 208] time[0s] dist[51m] list[35] : 1073-1074-1075-1076-1159-1158-1157-1160-1161-1162-1163-1164-1165-1166-1167-1168-41-1170-1171-1172-1173-1174-1175-1176-1177-1178-1081-1185-1186-1187-1188-1056-1057-1058-208
[2026-08-11 17:50:27.526598] [INFO] [path_server] 노드 업데이트 : [1074] ➜ [1075]
[2026-08-11 17:50:27.626457] [INFO] [path_server] 새로운 경로 설정 : path[1074 ➜ 208] time[0s] dist[49.5m] list[34] : 1074-1075-1076-1159-1158-1157-1160-1161-1162-1163-1164-1165-1166-1167-1168-41-1170-1171-1172-1173-1174-1175-1176-1177-1178-1081-1185-1186-1187-1188-1056-1057-1058-208
[2026-08-11 17:50:28.285160] [INFO] [path_server] 노드 업데이트 : [1075] ➜ [1076]
[2026-08-11 17:50:28.365064] [INFO] [path_server] 새로운 경로 설정 : path[1075 ➜ 208] time[0s] dist[48m] list[33] : 1075-1076-1159-1158-1157-1160-1161-1162-1163-1164-1165-1166-1167-1168-41-1170-1171-1172-1173-1174-1175-1176-1177-1178-1081-1185-1186-1187-1188-1056-1057-1058-208
[2026-08-11 17:50:29.682450] [INFO] [path_server] 노드 업데이트 : [1076] ➜ [1159]
[2026-08-11 17:50:29.742375] [INFO] [path_server] 새로운 경로 설정 : path[1076 ➜ 208] time[0s] dist[46.5m] list[32] : 1076-1159-1158-1157-1160-1161-1162-1163-1164-1165-1166-1167-1168-41-1170-1171-1172-1173-1174-1175-1176-1177-1178-1081-1185-1186-1187-1188-1056-1057-1058-208
[2026-08-11 17:50:33.155614] [INFO] [path_server] 노드 업데이트 : [1159] ➜ [1158]
[2026-08-11 17:50:33.215538] [INFO] [path_server] 새로운 경로 설정 : path[1159 ➜ 208] time[0s] dist[45m] list[31] : 1159-1158-1157-1160-1161-1162-1163-1164-1165-1166-1167-1168-41-1170-1171-1172-1173-1174-1175-1176-1177-1178-1081-1185-1186-1187-1188-1056-1057-1058-208
[2026-08-11 17:50:34.253390] [INFO] [path_server] 노드 업데이트 : [1158] ➜ [1157]
[2026-08-11 17:50:34.333333] [INFO] [path_server] 새로운 경로 설정 : path[1158 ➜ 208] time[0s] dist[43.5m] list[30] : 1158-1157-1160-1161-1162-1163-1164-1165-1166-1167-1168-41-1170-1171-1172-1173-1174-1175-1176-1177-1178-1081-1185-1186-1187-1188-1056-1057-1058-208
[2026-08-11 17:50:35.670801] [INFO] [path_server] 노드 업데이트 : [1157] ➜ [1160]
[2026-08-11 17:50:35.730749] [INFO] [path_server] 새로운 경로 설정 : path[1157 ➜ 208] time[0s] dist[42m] list[29] : 1157-1160-1161-1162-1163-1164-1165-1166-1167-1168-41-1170-1171-1172-1173-1174-1175-1176-1177-1178-1081-1185-1186-1187-1188-1056-1057-1058-208
[2026-08-11 17:50:39.123943] [INFO] [path_server] 노드 업데이트 : [1160] ➜ [1161]
[2026-08-11 17:50:39.183823] [INFO] [path_server] 새로운 경로 설정 : path[1160 ➜ 208] time[0s] dist[40.5m] list[28] : 1160-1161-1162-1163-1164-1165-1166-1167-1168-41-1170-1171-1172-1173-1174-1175-1176-1177-1178-1081-1185-1186-1187-1188-1056-1057-1058-208
[2026-08-11 17:50:40.221572] [INFO] [path_server] 노드 업데이트 : [1161] ➜ [1162]
[2026-08-11 17:50:40.301504] [INFO] [path_server] 새로운 경로 설정 : path[1161 ➜ 208] time[0s] dist[39m] list[27] : 1161-1162-1163-1164-1165-1166-1167-1168-41-1170-1171-1172-1173-1174-1175-1176-1177-1178-1081-1185-1186-1187-1188-1056-1057-1058-208
[2026-08-11 17:50:41.039993] [INFO] [path_server] 노드 업데이트 : [1162] ➜ [1163]
[2026-08-11 17:50:41.099920] [INFO] [path_server] 새로운 경로 설정 : path[1162 ➜ 208] time[0s] dist[37.5m] list[26] : 1162-1163-1164-1165-1166-1167-1168-41-1170-1171-1172-1173-1174-1175-1176-1177-1178-1081-1185-1186-1187-1188-1056-1057-1058-208
[2026-08-11 17:50:41.778402] [INFO] [path_server] 노드 업데이트 : [1163] ➜ [1164]
[2026-08-11 17:50:41.858336] [INFO] [path_server] 새로운 경로 설정 : path[1163 ➜ 208] time[0s] dist[36m] list[25] : 1163-1164-1165-1166-1167-1168-41-1170-1171-1172-1173-1174-1175-1176-1177-1178-1081-1185-1186-1187-1188-1056-1057-1058-208
[2026-08-11 17:50:42.537051] [INFO] [path_server] 노드 업데이트 : [1164] ➜ [1165]
[2026-08-11 17:50:42.596971] [INFO] [path_server] 새로운 경로 설정 : path[1164 ➜ 208] time[0s] dist[34.5m] list[24] : 1164-1165-1166-1167-1168-41-1170-1171-1172-1173-1174-1175-1176-1177-1178-1081-1185-1186-1187-1188-1056-1057-1058-208
[2026-08-11 17:50:43.295561] [INFO] [path_server] 노드 업데이트 : [1165] ➜ [1166]
[2026-08-11 17:50:43.375462] [INFO] [path_server] 새로운 경로 설정 : path[1165 ➜ 208] time[0s] dist[33m] list[23] : 1165-1166-1167-1168-41-1170-1171-1172-1173-1174-1175-1176-1177-1178-1081-1185-1186-1187-1188-1056-1057-1058-208
[2026-08-11 17:50:44.034070] [INFO] [path_server] 노드 업데이트 : [1166] ➜ [1167]
[2026-08-11 17:50:44.093992] [INFO] [path_server] 새로운 경로 설정 : path[1166 ➜ 208] time[0s] dist[31.5m] list[22] : 1166-1167-1168-41-1170-1171-1172-1173-1174-1175-1176-1177-1178-1081-1185-1186-1187-1188-1056-1057-1058-208
[2026-08-11 17:50:44.792542] [INFO] [path_server] 노드 업데이트 : [1167] ➜ [1168]
[2026-08-11 17:50:44.872409] [INFO] [path_server] 새로운 경로 설정 : path[1167 ➜ 208] time[0s] dist[30m] list[21] : 1167-1168-41-1170-1171-1172-1173-1174-1175-1176-1177-1178-1081-1185-1186-1187-1188-1056-1057-1058-208
[2026-08-11 17:50:45.531072] [INFO] [path_server] 노드 업데이트 : [1168] ➜ [41]
[2026-08-11 17:50:45.590956] [INFO] [path_server] 새로운 경로 설정 : path[1168 ➜ 208] time[0s] dist[28.5m] list[20] : 1168-41-1170-1171-1172-1173-1174-1175-1176-1177-1178-1081-1185-1186-1187-1188-1056-1057-1058-208
[2026-08-11 17:50:46.289639] [INFO] [path_server] 노드 업데이트 : [41] ➜ [1170]
[2026-08-11 17:50:46.369536] [INFO] [path_server] 새로운 경로 설정 : path[41 ➜ 208] time[0s] dist[27m] list[19] : 41-1170-1171-1172-1173-1174-1175-1176-1177-1178-1081-1185-1186-1187-1188-1056-1057-1058-208
[2026-08-11 17:50:47.028185] [INFO] [path_server] 노드 업데이트 : [1170] ➜ [1171]
[2026-08-11 17:50:47.088076] [INFO] [path_server] 새로운 경로 설정 : path[1170 ➜ 208] time[0s] dist[25.5m] list[18] : 1170-1171-1172-1173-1174-1175-1176-1177-1178-1081-1185-1186-1187-1188-1056-1057-1058-208
[2026-08-11 17:50:47.786660] [INFO] [path_server] 노드 업데이트 : [1171] ➜ [1172]
[2026-08-11 17:50:47.866475] [INFO] [path_server] 새로운 경로 설정 : path[1171 ➜ 208] time[0s] dist[24m] list[17] : 1171-1172-1173-1174-1175-1176-1177-1178-1081-1185-1186-1187-1188-1056-1057-1058-208
[2026-08-11 17:50:48.545115] [INFO] [path_server] 노드 업데이트 : [1172] ➜ [1173]
[2026-08-11 17:50:48.625247] [INFO] [path_server] 새로운 경로 설정 : path[1172 ➜ 208] time[0s] dist[22.5m] list[16] : 1172-1173-1174-1175-1176-1177-1178-1081-1185-1186-1187-1188-1056-1057-1058-208
[2026-08-11 17:50:49.284179] [INFO] [path_server] 노드 업데이트 : [1173] ➜ [1174]
[2026-08-11 17:50:49.364010] [INFO] [path_server] 새로운 경로 설정 : path[1173 ➜ 208] time[0s] dist[21m] list[15] : 1173-1174-1175-1176-1177-1178-1081-1185-1186-1187-1188-1056-1057-1058-208
[2026-08-11 17:50:50.042604] [INFO] [path_server] 노드 업데이트 : [1174] ➜ [1175]
[2026-08-11 17:50:50.122538] [INFO] [path_server] 새로운 경로 설정 : path[1174 ➜ 208] time[0s] dist[19.5m] list[14] : 1174-1175-1176-1177-1178-1081-1185-1186-1187-1188-1056-1057-1058-208
[2026-08-11 17:50:50.781196] [INFO] [path_server] 노드 업데이트 : [1175] ➜ [1176]
[2026-08-11 17:50:50.861083] [INFO] [path_server] 새로운 경로 설정 : path[1175 ➜ 208] time[0s] dist[18m] list[13] : 1175-1176-1177-1178-1081-1185-1186-1187-1188-1056-1057-1058-208
[2026-08-11 17:50:51.539699] [INFO] [path_server] 노드 업데이트 : [1176] ➜ [1177]
[2026-08-11 17:50:51.619615] [INFO] [path_server] 새로운 경로 설정 : path[1176 ➜ 208] time[0s] dist[16.5m] list[12] : 1176-1177-1178-1081-1185-1186-1187-1188-1056-1057-1058-208
[2026-08-11 17:50:52.278344] [INFO] [path_server] 노드 업데이트 : [1177] ➜ [1178]
[2026-08-11 17:50:52.338257] [INFO] [path_server] 새로운 경로 설정 : path[1177 ➜ 208] time[0s] dist[15m] list[11] : 1177-1178-1081-1185-1186-1187-1188-1056-1057-1058-208
[2026-08-11 17:50:53.036829] [INFO] [path_server] 노드 업데이트 : [1178] ➜ [1081]
[2026-08-11 17:50:53.116693] [INFO] [path_server] 새로운 경로 설정 : path[1178 ➜ 208] time[0s] dist[13.5m] list[10] : 1178-1081-1185-1186-1187-1188-1056-1057-1058-208
[2026-08-11 17:50:53.795317] [INFO] [path_server] 노드 업데이트 : [1081] ➜ [1185]
[2026-08-11 17:50:53.875247] [INFO] [path_server] 새로운 경로 설정 : path[1081 ➜ 208] time[0s] dist[12m] list[9] : 1081-1185-1186-1187-1188-1056-1057-1058-208
[2026-08-11 17:50:55.192652] [INFO] [path_server] 노드 업데이트 : [1185] ➜ [1186]
[2026-08-11 17:50:55.272522] [INFO] [path_server] 새로운 경로 설정 : path[1185 ➜ 208] time[0s] dist[10.5m] list[8] : 1185-1186-1187-1188-1056-1057-1058-208
[2026-08-11 17:50:58.666144] [INFO] [path_server] 노드 업데이트 : [1186] ➜ [1187]
[2026-08-11 17:50:58.746018] [INFO] [path_server] 새로운 경로 설정 : path[1186 ➜ 208] time[0s] dist[9m] list[7] : 1186-1187-1188-1056-1057-1058-208
[2026-08-11 17:50:59.784228] [INFO] [path_server] 노드 업데이트 : [1187] ➜ [1188]
[2026-08-11 17:50:59.864160] [INFO] [path_server] 새로운 경로 설정 : path[1187 ➜ 208] time[0s] dist[7.5m] list[6] : 1187-1188-1056-1057-1058-208
[2026-08-11 17:51:01.021856] [INFO] [path_server] 노드 업데이트 : [1188] ➜ [1056]
[2026-08-11 17:51:01.081813] [INFO] [path_server] 새로운 경로 설정 : path[1188 ➜ 208] time[0s] dist[6m] list[5] : 1188-1056-1057-1058-208
[2026-08-11 17:51:04.295215] [INFO] [path_server] 노드 업데이트 : [1056] ➜ [1057]
[2026-08-11 17:51:04.375085] [INFO] [path_server] 새로운 경로 설정 : path[1056 ➜ 208] time[0s] dist[4.5m] list[4] : 1056-1057-1058-208
[2026-08-11 17:51:05.452933] [INFO] [path_server] 노드 업데이트 : [1057] ➜ [1058]
[2026-08-11 17:51:05.532863] [INFO] [path_server] 새로운 경로 설정 : path[1057 ➜ 208] time[0s] dist[3m] list[3] : 1057-1058-208
[2026-08-11 17:51:08.187875] [INFO] [path_server] 노드 업데이트 : [1058] ➜ [208]
[2026-08-11 17:51:08.247806] [INFO] [path_server] 새로운 경로 설정 : path[1058 ➜ 208] time[0s] dist[1.5m] list[2] : 1058-208
[2026-08-11 17:51:12.359847] [INFO] [path_server] 노드 업데이트 : [208] ➜ [-1]
[2026-08-11 17:51:16.252170] [INFO] [path_server] 노드 업데이트 : [208] ➜ [-1]
[2026-08-11 17:51:16.332014] [INFO] [path_server] 경로 삭제
[2026-08-11 17:51:44.659428] [INFO] [path_server] 새로운 경로 설정 : path[208 ➜ 103] time[0s] dist[24m] list[17] : 208-1058-1059-1060-1061-1062-1063-1064-1065-40-1067-1068-1069-1070-1071-1072-103
[2026-08-11 17:51:46.815202] [INFO] [path_server] 노드 업데이트 : [1058] ➜ [1059]
[2026-08-11 17:51:46.875119] [INFO] [path_server] 새로운 경로 설정 : path[1058 ➜ 103] time[0s] dist[22.5m] list[16] : 1058-1059-1060-1061-1062-1063-1064-1065-40-1067-1068-1069-1070-1071-1072-103
[2026-08-11 17:51:50.168585] [INFO] [path_server] 노드 업데이트 : [1059] ➜ [1060]
[2026-08-11 17:51:50.228483] [INFO] [path_server] 새로운 경로 설정 : path[1059 ➜ 103] time[0s] dist[21m] list[15] : 1059-1060-1061-1062-1063-1064-1065-40-1067-1068-1069-1070-1071-1072-103
[2026-08-11 17:51:51.286674] [INFO] [path_server] 노드 업데이트 : [1060] ➜ [1061]
[2026-08-11 17:51:51.366542] [INFO] [path_server] 새로운 경로 설정 : path[1060 ➜ 103] time[0s] dist[19.5m] list[14] : 1060-1061-1062-1063-1064-1065-40-1067-1068-1069-1070-1071-1072-103
[2026-08-11 17:51:52.125296] [INFO] [path_server] 노드 업데이트 : [1061] ➜ [1062]
[2026-08-11 17:51:52.205513] [INFO] [path_server] 새로운 경로 설정 : path[1061 ➜ 103] time[0s] dist[18m] list[13] : 1061-1062-1063-1064-1065-40-1067-1068-1069-1070-1071-1072-103
[2026-08-11 17:51:52.864603] [INFO] [path_server] 노드 업데이트 : [1062] ➜ [1063]
[2026-08-11 17:51:52.924545] [INFO] [path_server] 새로운 경로 설정 : path[1062 ➜ 103] time[0s] dist[16.5m] list[12] : 1062-1063-1064-1065-40-1067-1068-1069-1070-1071-1072-103
[2026-08-11 17:51:53.623429] [INFO] [path_server] 노드 업데이트 : [1063] ➜ [1064]
[2026-08-11 17:51:53.703308] [INFO] [path_server] 새로운 경로 설정 : path[1063 ➜ 103] time[0s] dist[15m] list[11] : 1063-1064-1065-40-1067-1068-1069-1070-1071-1072-103
[2026-08-11 17:51:54.361946] [INFO] [path_server] 노드 업데이트 : [1064] ➜ [1065]
[2026-08-11 17:51:54.421840] [INFO] [path_server] 새로운 경로 설정 : path[1064 ➜ 103] time[0s] dist[13.5m] list[10] : 1064-1065-40-1067-1068-1069-1070-1071-1072-103
[2026-08-11 17:51:55.120398] [INFO] [path_server] 노드 업데이트 : [1065] ➜ [40]
[2026-08-11 17:51:55.200258] [INFO] [path_server] 새로운 경로 설정 : path[1065 ➜ 103] time[0s] dist[12m] list[9] : 1065-40-1067-1068-1069-1070-1071-1072-103
[2026-08-11 17:51:55.858875] [INFO] [path_server] 노드 업데이트 : [40] ➜ [1067]
[2026-08-11 17:51:55.918773] [INFO] [path_server] 새로운 경로 설정 : path[40 ➜ 103] time[0s] dist[10.5m] list[8] : 40-1067-1068-1069-1070-1071-1072-103
[2026-08-11 17:51:56.617359] [INFO] [path_server] 노드 업데이트 : [1067] ➜ [1068]
[2026-08-11 17:51:56.697216] [INFO] [path_server] 새로운 경로 설정 : path[1067 ➜ 103] time[0s] dist[9m] list[7] : 1067-1068-1069-1070-1071-1072-103
[2026-08-11 17:51:57.375770] [INFO] [path_server] 노드 업데이트 : [1068] ➜ [1069]
[2026-08-11 17:51:57.455718] [INFO] [path_server] 새로운 경로 설정 : path[1068 ➜ 103] time[0s] dist[7.5m] list[6] : 1068-1069-1070-1071-1072-103
[2026-08-11 17:51:58.114367] [INFO] [path_server] 노드 업데이트 : [1069] ➜ [1070]
[2026-08-11 17:51:58.194223] [INFO] [path_server] 새로운 경로 설정 : path[1069 ➜ 103] time[0s] dist[6m] list[5] : 1069-1070-1071-1072-103
[2026-08-11 17:51:58.872798] [INFO] [path_server] 노드 업데이트 : [1070] ➜ [1071]
[2026-08-11 17:51:58.952743] [INFO] [path_server] 새로운 경로 설정 : path[1070 ➜ 103] time[0s] dist[4.5m] list[4] : 1070-1071-1072-103
[2026-08-11 17:51:59.611478] [INFO] [path_server] 노드 업데이트 : [1071] ➜ [1072]
[2026-08-11 17:51:59.691333] [INFO] [path_server] 새로운 경로 설정 : path[1071 ➜ 103] time[0s] dist[3m] list[3] : 1071-1072-103
[2026-08-11 17:52:00.949043] [INFO] [path_server] 노드 업데이트 : [1072] ➜ [103]
[2026-08-11 17:52:01.028969] [INFO] [path_server] 새로운 경로 설정 : path[1072 ➜ 103] time[0s] dist[1.5m] list[2] : 1072-103
[2026-08-11 17:52:04.921048] [INFO] [path_server] 노드 업데이트 : [103] ➜ [-1]
[2026-08-11 17:52:08.773475] [INFO] [path_server] 노드 업데이트 : [103] ➜ [-1]
[2026-08-11 17:52:38.638986] [INFO] [path_server] 경로 삭제
[2026-08-11 17:52:38.678982] [INFO] [path_server] 경로 삭제
[2026-08-11 17:52:40.714958] [INFO] [path_server] 새로운 경로 설정 : path[103 ➜ 202] time[0s] dist[18m] list[13] : 103-1072-1073-1074-1075-1076-1159-1158-1157-1160-1161-1162-202
[2026-08-11 17:52:44.567409] [INFO] [path_server] 노드 업데이트 : [1072] ➜ [1073]
[2026-08-11 17:52:44.647275] [INFO] [path_server] 새로운 경로 설정 : path[1072 ➜ 202] time[0s] dist[16.5m] list[12] : 1072-1073-1074-1075-1076-1159-1158-1157-1160-1161-1162-202
[2026-08-11 17:52:48.160378] [INFO] [path_server] 노드 업데이트 : [1073] ➜ [1074]
[2026-08-11 17:52:48.240249] [INFO] [path_server] 새로운 경로 설정 : path[1073 ➜ 202] time[0s] dist[15m] list[11] : 1073-1074-1075-1076-1159-1158-1157-1160-1161-1162-202
[2026-08-11 17:52:49.278137] [INFO] [path_server] 노드 업데이트 : [1074] ➜ [1075]
[2026-08-11 17:52:49.358075] [INFO] [path_server] 새로운 경로 설정 : path[1074 ➜ 202] time[0s] dist[13.5m] list[10] : 1074-1075-1076-1159-1158-1157-1160-1161-1162-202
[2026-08-11 17:52:50.096572] [INFO] [path_server] 노드 업데이트 : [1075] ➜ [1076]
[2026-08-11 17:52:50.156563] [INFO] [path_server] 새로운 경로 설정 : path[1075 ➜ 202] time[0s] dist[12m] list[9] : 1075-1076-1159-1158-1157-1160-1161-1162-202
[2026-08-11 17:52:51.513829] [INFO] [path_server] 노드 업데이트 : [1076] ➜ [1159]
[2026-08-11 17:52:51.593708] [INFO] [path_server] 새로운 경로 설정 : path[1076 ➜ 202] time[0s] dist[10.5m] list[8] : 1076-1159-1158-1157-1160-1161-1162-202
[2026-08-11 17:52:54.967232] [INFO] [path_server] 노드 업데이트 : [1159] ➜ [1158]
[2026-08-11 17:52:55.047105] [INFO] [path_server] 새로운 경로 설정 : path[1159 ➜ 202] time[0s] dist[9m] list[7] : 1159-1158-1157-1160-1161-1162-202
[2026-08-11 17:52:56.065038] [INFO] [path_server] 노드 업데이트 : [1158] ➜ [1157]
[2026-08-11 17:52:56.124926] [INFO] [path_server] 새로운 경로 설정 : path[1158 ➜ 202] time[0s] dist[7.5m] list[6] : 1158-1157-1160-1161-1162-202
[2026-08-11 17:52:57.482143] [INFO] [path_server] 노드 업데이트 : [1157] ➜ [1160]
[2026-08-11 17:52:57.562067] [INFO] [path_server] 새로운 경로 설정 : path[1157 ➜ 202] time[0s] dist[6m] list[5] : 1157-1160-1161-1162-202
[2026-08-11 17:53:00.935210] [INFO] [path_server] 노드 업데이트 : [1160] ➜ [1161]
[2026-08-11 17:53:01.015115] [INFO] [path_server] 새로운 경로 설정 : path[1160 ➜ 202] time[0s] dist[4.5m] list[4] : 1160-1161-1162-202
[2026-08-11 17:53:02.033055] [INFO] [path_server] 노드 업데이트 : [1161] ➜ [1162]
[2026-08-11 17:53:02.112915] [INFO] [path_server] 새로운 경로 설정 : path[1161 ➜ 202] time[0s] dist[3m] list[3] : 1161-1162-202
[2026-08-11 17:53:04.748084] [INFO] [path_server] 노드 업데이트 : [1162] ➜ [202]
[2026-08-11 17:53:04.828003] [INFO] [path_server] 새로운 경로 설정 : path[1162 ➜ 202] time[0s] dist[1.5m] list[2] : 1162-202
[2026-08-11 17:53:08.919928] [INFO] [path_server] 노드 업데이트 : [202] ➜ [-1]
[2026-08-11 17:53:12.792471] [INFO] [path_server] 노드 업데이트 : [202] ➜ [-1]
[2026-08-11 17:53:12.872343] [INFO] [path_server] 경로 삭제
[2026-08-11 17:54:15.011961] [INFO] [path_server] 새로운 경로 설정 : path[202 ➜ 107] time[0s] dist[22.5m] list[16] : 202-1162-1163-1164-1165-1166-1167-1168-41-1170-1171-1172-1173-1174-1175-107
[2026-08-11 17:54:17.167594] [INFO] [path_server] 노드 업데이트 : [1162] ➜ [1163]
[2026-08-11 17:54:17.247472] [INFO] [path_server] 새로운 경로 설정 : path[1162 ➜ 107] time[0s] dist[21m] list[15] : 1162-1163-1164-1165-1166-1167-1168-41-1170-1171-1172-1173-1174-1175-107
[2026-08-11 17:54:20.521099] [INFO] [path_server] 노드 업데이트 : [1163] ➜ [1164]
[2026-08-11 17:54:20.600975] [INFO] [path_server] 새로운 경로 설정 : path[1163 ➜ 107] time[0s] dist[19.5m] list[14] : 1163-1164-1165-1166-1167-1168-41-1170-1171-1172-1173-1174-1175-107
[2026-08-11 17:54:21.638848] [INFO] [path_server] 노드 업데이트 : [1164] ➜ [1165]
[2026-08-11 17:54:21.718784] [INFO] [path_server] 새로운 경로 설정 : path[1164 ➜ 107] time[0s] dist[18m] list[13] : 1164-1165-1166-1167-1168-41-1170-1171-1172-1173-1174-1175-107
[2026-08-11 17:54:22.478099] [INFO] [path_server] 노드 업데이트 : [1165] ➜ [1166]
[2026-08-11 17:54:22.557994] [INFO] [path_server] 새로운 경로 설정 : path[1165 ➜ 107] time[0s] dist[16.5m] list[12] : 1165-1166-1167-1168-41-1170-1171-1172-1173-1174-1175-107
[2026-08-11 17:54:23.216739] [INFO] [path_server] 노드 업데이트 : [1166] ➜ [1167]
[2026-08-11 17:54:23.296605] [INFO] [path_server] 새로운 경로 설정 : path[1166 ➜ 107] time[0s] dist[15m] list[11] : 1166-1167-1168-41-1170-1171-1172-1173-1174-1175-107
[2026-08-11 17:54:23.975276] [INFO] [path_server] 노드 업데이트 : [1167] ➜ [1168]
[2026-08-11 17:54:24.055213] [INFO] [path_server] 새로운 경로 설정 : path[1167 ➜ 107] time[0s] dist[13.5m] list[10] : 1167-1168-41-1170-1171-1172-1173-1174-1175-107
[2026-08-11 17:54:24.713962] [INFO] [path_server] 노드 업데이트 : [1168] ➜ [41]
[2026-08-11 17:54:24.793813] [INFO] [path_server] 새로운 경로 설정 : path[1168 ➜ 107] time[0s] dist[12m] list[9] : 1168-41-1170-1171-1172-1173-1174-1175-107
[2026-08-11 17:54:25.472436] [INFO] [path_server] 노드 업데이트 : [41] ➜ [1170]
[2026-08-11 17:54:25.552380] [INFO] [path_server] 새로운 경로 설정 : path[41 ➜ 107] time[0s] dist[10.5m] list[8] : 41-1170-1171-1172-1173-1174-1175-107
[2026-08-11 17:54:26.211294] [INFO] [path_server] 노드 업데이트 : [1170] ➜ [1171]
[2026-08-11 17:54:26.311121] [INFO] [path_server] 새로운 경로 설정 : path[1170 ➜ 107] time[0s] dist[9m] list[7] : 1170-1171-1172-1173-1174-1175-107
[2026-08-11 17:54:26.969964] [INFO] [path_server] 노드 업데이트 : [1171] ➜ [1172]
[2026-08-11 17:54:27.049840] [INFO] [path_server] 새로운 경로 설정 : path[1171 ➜ 107] time[0s] dist[7.5m] list[6] : 1171-1172-1173-1174-1175-107
[2026-08-11 17:54:27.728588] [INFO] [path_server] 노드 업데이트 : [1172] ➜ [1173]
[2026-08-11 17:54:27.808552] [INFO] [path_server] 새로운 경로 설정 : path[1172 ➜ 107] time[0s] dist[6m] list[5] : 1172-1173-1174-1175-107
[2026-08-11 17:54:28.467349] [INFO] [path_server] 노드 업데이트 : [1173] ➜ [1174]
[2026-08-11 17:54:28.547205] [INFO] [path_server] 새로운 경로 설정 : path[1173 ➜ 107] time[0s] dist[4.5m] list[4] : 1173-1174-1175-107
[2026-08-11 17:54:29.225771] [INFO] [path_server] 노드 업데이트 : [1174] ➜ [1175]
[2026-08-11 17:54:29.305685] [INFO] [path_server] 새로운 경로 설정 : path[1174 ➜ 107] time[0s] dist[3m] list[3] : 1174-1175-107
[2026-08-11 17:54:30.543261] [INFO] [path_server] 노드 업데이트 : [1175] ➜ [107]
[2026-08-11 17:54:30.623144] [INFO] [path_server] 새로운 경로 설정 : path[1175 ➜ 107] time[0s] dist[1.5m] list[2] : 1175-107
[2026-08-11 17:54:34.515252] [INFO] [path_server] 노드 업데이트 : [107] ➜ [-1]
[2026-08-11 17:54:38.369203] [INFO] [path_server] 노드 업데이트 : [107] ➜ [-1]
[2026-08-11 17:55:00.886035] [INFO] [path_server] 경로 삭제
[2026-08-11 17:55:00.905996] [INFO] [path_server] 경로 삭제
[2026-08-11 17:55:11.006247] [INFO] [path_server] 새로운 경로 설정 : path[107 ➜ 208] time[0s] dist[19.5m] list[14] : 107-1175-1176-1177-1178-1081-1185-1186-1187-1188-1056-1057-1058-208
[2026-08-11 17:55:14.858332] [INFO] [path_server] 노드 업데이트 : [1175] ➜ [1176]
[2026-08-11 17:55:14.938301] [INFO] [path_server] 새로운 경로 설정 : path[1175 ➜ 208] time[0s] dist[18m] list[13] : 1175-1176-1177-1178-1081-1185-1186-1187-1188-1056-1057-1058-208
[2026-08-11 17:55:18.451021] [INFO] [path_server] 노드 업데이트 : [1176] ➜ [1177]
[2026-08-11 17:55:18.530951] [INFO] [path_server] 새로운 경로 설정 : path[1176 ➜ 208] time[0s] dist[16.5m] list[12] : 1176-1177-1178-1081-1185-1186-1187-1188-1056-1057-1058-208
[2026-08-11 17:55:19.568766] [INFO] [path_server] 노드 업데이트 : [1177] ➜ [1178]
[2026-08-11 17:55:19.648691] [INFO] [path_server] 새로운 경로 설정 : path[1177 ➜ 208] time[0s] dist[15m] list[11] : 1177-1178-1081-1185-1186-1187-1188-1056-1057-1058-208
[2026-08-11 17:55:20.387154] [INFO] [path_server] 노드 업데이트 : [1178] ➜ [1081]
[2026-08-11 17:55:20.447018] [INFO] [path_server] 새로운 경로 설정 : path[1178 ➜ 208] time[0s] dist[13.5m] list[10] : 1178-1081-1185-1186-1187-1188-1056-1057-1058-208
[2026-08-11 17:55:21.145647] [INFO] [path_server] 노드 업데이트 : [1081] ➜ [1185]
[2026-08-11 17:55:21.225514] [INFO] [path_server] 새로운 경로 설정 : path[1081 ➜ 208] time[0s] dist[12m] list[9] : 1081-1185-1186-1187-1188-1056-1057-1058-208
[2026-08-11 17:55:22.542937] [INFO] [path_server] 노드 업데이트 : [1185] ➜ [1186]
[2026-08-11 17:55:22.602843] [INFO] [path_server] 새로운 경로 설정 : path[1185 ➜ 208] time[0s] dist[10.5m] list[8] : 1185-1186-1187-1188-1056-1057-1058-208
[2026-08-11 17:55:26.016024] [INFO] [path_server] 노드 업데이트 : [1186] ➜ [1187]
[2026-08-11 17:55:26.075934] [INFO] [path_server] 새로운 경로 설정 : path[1186 ➜ 208] time[0s] dist[9m] list[7] : 1186-1187-1188-1056-1057-1058-208
[2026-08-11 17:55:27.113998] [INFO] [path_server] 노드 업데이트 : [1187] ➜ [1188]
[2026-08-11 17:55:27.193917] [INFO] [path_server] 새로운 경로 설정 : path[1187 ➜ 208] time[0s] dist[7.5m] list[6] : 1187-1188-1056-1057-1058-208
[2026-08-11 17:55:28.371880] [INFO] [path_server] 노드 업데이트 : [1188] ➜ [1056]
[2026-08-11 17:55:28.451861] [INFO] [path_server] 새로운 경로 설정 : path[1188 ➜ 208] time[0s] dist[6m] list[5] : 1188-1056-1057-1058-208
[2026-08-11 17:55:31.645486] [INFO] [path_server] 노드 업데이트 : [1056] ➜ [1057]
[2026-08-11 17:55:31.725524] [INFO] [path_server] 새로운 경로 설정 : path[1056 ➜ 208] time[0s] dist[4.5m] list[4] : 1056-1057-1058-208
[2026-08-11 17:55:32.803381] [INFO] [path_server] 노드 업데이트 : [1057] ➜ [1058]
[2026-08-11 17:55:32.883273] [INFO] [path_server] 새로운 경로 설정 : path[1057 ➜ 208] time[0s] dist[3m] list[3] : 1057-1058-208
[2026-08-11 17:55:35.538058] [INFO] [path_server] 노드 업데이트 : [1058] ➜ [208]
[2026-08-11 17:55:35.617954] [INFO] [path_server] 새로운 경로 설정 : path[1058 ➜ 208] time[0s] dist[1.5m] list[2] : 1058-208
[2026-08-11 17:55:39.710633] [INFO] [path_server] 노드 업데이트 : [208] ➜ [-1]
[2026-08-11 17:55:43.603006] [INFO] [path_server] 노드 업데이트 : [208] ➜ [-1]
[2026-08-11 17:55:43.662887] [INFO] [path_server] 경로 삭제
[2026-08-11 17:56:45.165826] [INFO] [path_server] 새로운 경로 설정 : path[208 ➜ 101] time[0s] dist[27m] list[19] : 208-1058-1059-1060-1061-1062-1063-1064-1065-40-1067-1068-1069-1070-1071-1072-1073-1074-101
[2026-08-11 17:56:47.321468] [INFO] [path_server] 노드 업데이트 : [1058] ➜ [1059]
[2026-08-11 17:56:47.401346] [INFO] [path_server] 새로운 경로 설정 : path[1058 ➜ 101] time[0s] dist[25.5m] list[18] : 1058-1059-1060-1061-1062-1063-1064-1065-40-1067-1068-1069-1070-1071-1072-1073-1074-101
[2026-08-11 17:56:50.675487] [INFO] [path_server] 노드 업데이트 : [1059] ➜ [1060]
[2026-08-11 17:56:50.735395] [INFO] [path_server] 새로운 경로 설정 : path[1059 ➜ 101] time[0s] dist[24m] list[17] : 1059-1060-1061-1062-1063-1064-1065-40-1067-1068-1069-1070-1071-1072-1073-1074-101
[2026-08-11 17:56:51.793368] [INFO] [path_server] 노드 업데이트 : [1060] ➜ [1061]
[2026-08-11 17:56:51.873223] [INFO] [path_server] 새로운 경로 설정 : path[1060 ➜ 101] time[0s] dist[22.5m] list[16] : 1060-1061-1062-1063-1064-1065-40-1067-1068-1069-1070-1071-1072-1073-1074-101
[2026-08-11 17:56:52.631709] [INFO] [path_server] 노드 업데이트 : [1061] ➜ [1062]
[2026-08-11 17:56:52.711582] [INFO] [path_server] 새로운 경로 설정 : path[1061 ➜ 101] time[0s] dist[21m] list[15] : 1061-1062-1063-1064-1065-40-1067-1068-1069-1070-1071-1072-1073-1074-101
[2026-08-11 17:56:53.370308] [INFO] [path_server] 노드 업데이트 : [1062] ➜ [1063]
[2026-08-11 17:56:53.430188] [INFO] [path_server] 새로운 경로 설정 : path[1062 ➜ 101] time[0s] dist[19.5m] list[14] : 1062-1063-1064-1065-40-1067-1068-1069-1070-1071-1072-1073-1074-101
[2026-08-11 17:56:54.128817] [INFO] [path_server] 노드 업데이트 : [1063] ➜ [1064]
[2026-08-11 17:56:54.208669] [INFO] [path_server] 새로운 경로 설정 : path[1063 ➜ 101] time[0s] dist[18m] list[13] : 1063-1064-1065-40-1067-1068-1069-1070-1071-1072-1073-1074-101
[2026-08-11 17:56:54.867656] [INFO] [path_server] 노드 업데이트 : [1064] ➜ [1065]
[2026-08-11 17:56:54.927563] [INFO] [path_server] 새로운 경로 설정 : path[1064 ➜ 101] time[0s] dist[16.5m] list[12] : 1064-1065-40-1067-1068-1069-1070-1071-1072-1073-1074-101
[2026-08-11 17:56:55.626174] [INFO] [path_server] 노드 업데이트 : [1065] ➜ [40]
[2026-08-11 17:56:55.706033] [INFO] [path_server] 새로운 경로 설정 : path[1065 ➜ 101] time[0s] dist[15m] list[11] : 1065-40-1067-1068-1069-1070-1071-1072-1073-1074-101
[2026-08-11 17:56:56.364706] [INFO] [path_server] 노드 업데이트 : [40] ➜ [1067]
[2026-08-11 17:56:56.424626] [INFO] [path_server] 새로운 경로 설정 : path[40 ➜ 101] time[0s] dist[13.5m] list[10] : 40-1067-1068-1069-1070-1071-1072-1073-1074-101
[2026-08-11 17:56:57.123596] [INFO] [path_server] 노드 업데이트 : [1067] ➜ [1068]
[2026-08-11 17:56:57.203467] [INFO] [path_server] 새로운 경로 설정 : path[1067 ➜ 101] time[0s] dist[12m] list[9] : 1067-1068-1069-1070-1071-1072-1073-1074-101
[2026-08-11 17:56:57.882107] [INFO] [path_server] 노드 업데이트 : [1068] ➜ [1069]
[2026-08-11 17:56:57.962054] [INFO] [path_server] 새로운 경로 설정 : path[1068 ➜ 101] time[0s] dist[10.5m] list[8] : 1068-1069-1070-1071-1072-1073-1074-101
[2026-08-11 17:56:58.620752] [INFO] [path_server] 노드 업데이트 : [1069] ➜ [1070]
[2026-08-11 17:56:58.700611] [INFO] [path_server] 새로운 경로 설정 : path[1069 ➜ 101] time[0s] dist[9m] list[7] : 1069-1070-1071-1072-1073-1074-101
[2026-08-11 17:56:59.379325] [INFO] [path_server] 노드 업데이트 : [1070] ➜ [1071]
[2026-08-11 17:56:59.459232] [INFO] [path_server] 새로운 경로 설정 : path[1070 ➜ 101] time[0s] dist[7.5m] list[6] : 1070-1071-1072-1073-1074-101
[2026-08-11 17:57:00.118021] [INFO] [path_server] 노드 업데이트 : [1071] ➜ [1072]
[2026-08-11 17:57:00.217893] [INFO] [path_server] 새로운 경로 설정 : path[1071 ➜ 101] time[0s] dist[6m] list[5] : 1071-1072-1073-1074-101
[2026-08-11 17:57:00.876539] [INFO] [path_server] 노드 업데이트 : [1072] ➜ [1073]
[2026-08-11 17:57:00.956481] [INFO] [path_server] 새로운 경로 설정 : path[1072 ➜ 101] time[0s] dist[4.5m] list[4] : 1072-1073-1074-101
[2026-08-11 17:57:01.615243] [INFO] [path_server] 노드 업데이트 : [1073] ➜ [1074]
[2026-08-11 17:57:01.675145] [INFO] [path_server] 새로운 경로 설정 : path[1073 ➜ 101] time[0s] dist[3m] list[3] : 1073-1074-101
[2026-08-11 17:57:02.952640] [INFO] [path_server] 노드 업데이트 : [1074] ➜ [101]
[2026-08-11 17:57:03.032585] [INFO] [path_server] 새로운 경로 설정 : path[1074 ➜ 101] time[0s] dist[1.5m] list[2] : 1074-101
[2026-08-11 17:57:06.925828] [INFO] [path_server] 노드 업데이트 : [101] ➜ [-1]
[2026-08-11 17:57:10.758477] [INFO] [path_server] 노드 업데이트 : [101] ➜ [-1]
[2026-08-11 17:57:34.157298] [INFO] [path_server] 경로 삭제
[2026-08-11 17:57:34.197234] [INFO] [path_server] 경로 삭제
