[2026-08-11 16:38:01.961882] [INFO] [framework] 프로그램 시작
[2026-08-11 16:38:01.961889] [WARNING] [framework] 프로그램 시작
[2026-08-11 16:38:01.961893] [INFO] [framework] 설정 파일 위치 : ../configs/robot_3
[2026-08-11 16:38:01.961892] [CRITICAL] [framework] 프로그램 시작
[2026-08-11 16:38:01.962053] [INFO] [framework] ID[0, 3], 이름[박쓰리], 제어주기[20ms], 버젼[], 장소[우리집], 환경모드[simulation]
[2026-08-11 16:38:01.962133] [INFO] [mediator] 생성
[2026-08-11 16:38:01.962192] [INFO] [graph_manager] 생성
[2026-08-11 16:38:01.998886] [INFO] [stop_server] 생성
[2026-08-11 16:38:01.998925] [INFO] [health_monitor] 생성
[2026-08-11 16:38:01.998953] [INFO] [path_server] 생성
[2026-08-11 16:38:01.998980] [INFO] [course_manager] 생성
[2026-08-11 16:38:01.999006] [INFO] [task::fsm] 생성
[2026-08-11 16:38:01.999007] [INFO] [task::fsm] idle
[2026-08-11 16:38:01.999016] [INFO] [course_manager] 코스 삭제
[2026-08-11 16:38:01.999017] [INFO] [path_server] 경로 삭제
[2026-08-11 16:38:01.999047] [INFO] [task_manager] 생성
[2026-08-11 16:38:01.999137] [INFO] [mediator] connectors 생성
[2026-08-11 16:38:01.999169] [INFO] [fms] 생성
[2026-08-11 16:38:01.999170] [INFO] [fms] 통신 드라이버 생성
[2026-08-11 16:38:01.999432] [INFO] [motions] 생성
[2026-08-11 16:38:01.999463] [INFO] [localizers] 생성
[2026-08-11 16:38:01.999543] [INFO] [localizers] 파라미터 : 

[2026-08-11 16:38:01.999576] [INFO] [safety_plc] 생성
[2026-08-11 16:38:01.999604] [INFO] [load_handler] 생성
[2026-08-11 16:38:01.999634] [INFO] [power_system] 생성
[2026-08-11 16:38:01.999733] [INFO] [power_system] 설정 정보 : remaining[40%, 10%, 5%]
[2026-08-11 16:38:02.000104] [INFO] [power_system] 알람 목록 : 
 • [100015, 100001] [INFO] 자동 충전 시작.
 • [100015, 100002] [INFO] 배터리 가득.
 • [100015, 400001] [CRIT] 배터리 남은 양 - 위험
 • [100015, 300001] [ERROR] 배터리 남은 양 - 에러
 • [100015, 200001] [WARN] 배터리 남은 양 - 주의
 • [100015, 100004] [INFO] 자동 충전 해제 완료.
 • [100015, 100003] [INFO] 자동 충전 해제 시작.
[2026-08-11 16:38:02.000107] [INFO] [mediator] connector 의존성 주입
[2026-08-11 16:38:02.000120] [INFO] [mediator] any collector 등록
[2026-08-11 16:38:02.000122] [INFO] [mediator] any collector 목록 검사
[2026-08-11 16:38:02.000115] [INFO] [mediator] any map 등록
[2026-08-11 16:38:02.000170] [INFO] [framework] after init 실행
[2026-08-11 16:38:02.000608] [INFO] [course_tracker] 생성
[2026-08-11 16:38:02.000631] [INFO] [course_tracker] 파라미터 : 
◈ node_bound[0.020m, 0.150m, 0.005m]
 • approach[0.150m, 0.050m/s, -0.005m, -0.200m, 0.100m]
 • align[(10.000°, 5.000°/s), 50.000°, 30.000°/s), 0.800°, -0.100°]
◈ motion param : 
 • reference_angle[0.000°, 45.000°]
 • threshold_angle[15.000°, 20.000°, 170.000°]
 • threshold_error[0.300°, 5.000°]
 • normal[0.150m/s, 8.000, 0.800m/s, 0.500]
 • angle[0.150m/s, 1.500, 0.800m/s, 2.100]
 • protection_overshoot[0.100m/s, 0.900, 0.500m/s, 0.900]
 • speed_rotation[15.000°/s]
[2026-08-11 16:38:02.000634] [INFO] [framework] 제어 쓰레드 시작
[2026-08-11 16:38:02.000688] [INFO] [path_server] 노드 초기화 성공 : 로봇 좌표[21.551m 22.027m 179.546°] 최단 거리 노드[1092] 거리(0.449392m)
[2026-08-11 16:38:02.000755] [INFO] [health_monitor] [등록][100015, 200001] : 배터리 남은 양 - 주의
[2026-08-11 16:40:31.632680] [INFO] [framework] 프로그램 시작
[2026-08-11 16:40:31.632685] [WARNING] [framework] 프로그램 시작
[2026-08-11 16:40:31.632687] [INFO] [framework] 설정 파일 위치 : ../configs/robot_3
[2026-08-11 16:40:31.632686] [CRITICAL] [framework] 프로그램 시작
[2026-08-11 16:45:49.980665] [INFO] [framework] 프로그램 시작
[2026-08-11 16:45:49.980674] [CRITICAL] [framework] 프로그램 시작
[2026-08-11 16:45:49.980670] [WARNING] [framework] 프로그램 시작
[2026-08-11 16:45:49.980675] [INFO] [framework] 설정 파일 위치 : ../configs/robot_3
[2026-08-11 16:45:49.980932] [INFO] [framework] ID[0, 3], 이름[박쓰리], 제어주기[20ms], 버젼[], 장소[우리집], 환경모드[simulation]
[2026-08-11 16:45:49.980965] [INFO] [mediator] 생성
[2026-08-11 16:45:49.980993] [INFO] [graph_manager] 생성
[2026-08-11 16:45:50.006665] [INFO] [stop_server] 생성
[2026-08-11 16:45:50.006686] [INFO] [health_monitor] 생성
[2026-08-11 16:45:50.006714] [INFO] [path_server] 생성
[2026-08-11 16:45:50.006732] [INFO] [course_manager] 생성
[2026-08-11 16:45:50.006749] [INFO] [task::fsm] 생성
[2026-08-11 16:45:50.006751] [INFO] [task::fsm] idle
[2026-08-11 16:45:50.006753] [INFO] [course_manager] 코스 삭제
[2026-08-11 16:45:50.006753] [INFO] [path_server] 경로 삭제
[2026-08-11 16:45:50.006768] [INFO] [task_manager] 생성
[2026-08-11 16:45:50.006880] [INFO] [mediator] connectors 생성
[2026-08-11 16:45:50.006897] [INFO] [fms] 생성
[2026-08-11 16:45:50.006898] [INFO] [fms] 통신 드라이버 생성
[2026-08-11 16:45:50.007247] [INFO] [motions] 생성
[2026-08-11 16:45:50.007267] [INFO] [localizers] 생성
[2026-08-11 16:45:50.007361] [INFO] [localizers] 파라미터 : 

[2026-08-11 16:45:50.007377] [INFO] [safety_plc] 생성
[2026-08-11 16:45:50.007390] [INFO] [load_handler] 생성
[2026-08-11 16:45:50.007405] [INFO] [power_system] 생성
[2026-08-11 16:45:50.007519] [INFO] [power_system] 설정 정보 : remaining[40%, 10%, 5%]
[2026-08-11 16:45:50.007959] [INFO] [power_system] 알람 목록 : 
 • [100015, 100001] [INFO] 자동 충전 시작.
 • [100015, 100002] [INFO] 배터리 가득.
 • [100015, 400001] [CRIT] 배터리 남은 양 - 위험
 • [100015, 300001] [ERROR] 배터리 남은 양 - 에러
 • [100015, 200001] [WARN] 배터리 남은 양 - 주의
 • [100015, 100004] [INFO] 자동 충전 해제 완료.
 • [100015, 100003] [INFO] 자동 충전 해제 시작.
[2026-08-11 16:45:50.007962] [INFO] [mediator] connector 의존성 주입
[2026-08-11 16:45:50.007976] [INFO] [mediator] any map 등록
[2026-08-11 16:45:50.007989] [INFO] [mediator] any collector 등록
[2026-08-11 16:45:50.007992] [INFO] [mediator] any collector 목록 검사
[2026-08-11 16:45:50.008044] [INFO] [framework] after init 실행
[2026-08-11 16:45:50.008433] [INFO] [course_tracker] 생성
[2026-08-11 16:45:50.008460] [INFO] [course_tracker] 파라미터 : 
◈ node_bound[0.020m, 0.150m, 0.005m]
 • approach[0.150m, 0.050m/s, -0.005m, -0.200m, 0.100m]
 • align[(10.000°, 5.000°/s), 50.000°, 30.000°/s), 0.800°, -0.100°]
◈ motion param : 
 • reference_angle[0.000°, 45.000°]
 • threshold_angle[15.000°, 20.000°, 170.000°]
 • threshold_error[0.300°, 5.000°]
 • normal[0.150m/s, 8.000, 0.800m/s, 0.500]
 • angle[0.150m/s, 1.500, 0.800m/s, 2.100]
 • protection_overshoot[0.100m/s, 0.900, 0.500m/s, 0.900]
 • speed_rotation[15.000°/s]
[2026-08-11 16:45:50.008465] [INFO] [framework] 제어 쓰레드 시작
[2026-08-11 16:45:50.008533] [INFO] [path_server] 노드 초기화 성공 : 로봇 좌표[21.551m 22.027m 179.546°] 최단 거리 노드[1092] 거리(0.449392m)
[2026-08-11 16:45:50.008617] [INFO] [health_monitor] [등록][100015, 200001] : 배터리 남은 양 - 주의
[2026-08-11 16:45:55.138491] [INFO] [path_server] 새로운 경로 설정 : path[1092 ➜ 108] time[0s] dist[33m] list[23] : 1092-1093-1094-1095-1074-1075-1076-1018-1019-1020-1011-1004-1005-1006-1021-1022-1007-1167-1168-1169-1170-1171-108
[2026-08-11 16:45:55.138512] [INFO] [course_tracker] 방향 정렬 완료 
[2026-08-11 16:45:57.054617] [INFO] [path_server] 노드 업데이트 : [1093] ➜ [1094]
[2026-08-11 16:45:57.134494] [INFO] [path_server] 새로운 경로 설정 : path[1093 ➜ 108] time[0s] dist[31.5m] list[22] : 1093-1094-1095-1074-1075-1076-1018-1019-1020-1011-1004-1005-1006-1021-1022-1007-1167-1168-1169-1170-1171-108
[2026-08-11 16:45:58.252180] [INFO] [path_server] 노드 업데이트 : [1094] ➜ [1095]
[2026-08-11 16:45:58.332082] [INFO] [path_server] 새로운 경로 설정 : path[1094 ➜ 108] time[0s] dist[30m] list[21] : 1094-1095-1074-1075-1076-1018-1019-1020-1011-1004-1005-1006-1021-1022-1007-1167-1168-1169-1170-1171-108
[2026-08-11 16:45:59.589383] [INFO] [path_server] 노드 업데이트 : [1095] ➜ [1074]
[2026-08-11 16:45:59.649297] [INFO] [path_server] 새로운 경로 설정 : path[1095 ➜ 108] time[0s] dist[28.5m] list[20] : 1095-1074-1075-1076-1018-1019-1020-1011-1004-1005-1006-1021-1022-1007-1167-1168-1169-1170-1171-108
[2026-08-11 16:46:02.962951] [INFO] [path_server] 노드 업데이트 : [1074] ➜ [1075]
[2026-08-11 16:46:03.042833] [INFO] [path_server] 새로운 경로 설정 : path[1074 ➜ 108] time[0s] dist[27m] list[19] : 1074-1075-1076-1018-1019-1020-1011-1004-1005-1006-1021-1022-1007-1167-1168-1169-1170-1171-108
[2026-08-11 16:46:04.080655] [INFO] [path_server] 노드 업데이트 : [1075] ➜ [1076]
[2026-08-11 16:46:04.160603] [INFO] [path_server] 새로운 경로 설정 : path[1075 ➜ 108] time[0s] dist[25.5m] list[18] : 1075-1076-1018-1019-1020-1011-1004-1005-1006-1021-1022-1007-1167-1168-1169-1170-1171-108
[2026-08-11 16:46:04.919028] [INFO] [path_server] 노드 업데이트 : [1076] ➜ [1018]
[2026-08-11 16:46:04.998954] [INFO] [path_server] 새로운 경로 설정 : path[1076 ➜ 108] time[0s] dist[24m] list[17] : 1076-1018-1019-1020-1011-1004-1005-1006-1021-1022-1007-1167-1168-1169-1170-1171-108
[2026-08-11 16:46:05.657620] [INFO] [path_server] 노드 업데이트 : [1018] ➜ [1019]
[2026-08-11 16:46:05.737528] [INFO] [path_server] 새로운 경로 설정 : path[1018 ➜ 108] time[0s] dist[22.5m] list[16] : 1018-1019-1020-1011-1004-1005-1006-1021-1022-1007-1167-1168-1169-1170-1171-108
[2026-08-11 16:46:06.416116] [INFO] [path_server] 노드 업데이트 : [1019] ➜ [1020]
[2026-08-11 16:46:06.496056] [INFO] [path_server] 새로운 경로 설정 : path[1019 ➜ 108] time[0s] dist[21m] list[15] : 1019-1020-1011-1004-1005-1006-1021-1022-1007-1167-1168-1169-1170-1171-108
[2026-08-11 16:46:07.154752] [INFO] [path_server] 노드 업데이트 : [1020] ➜ [1011]
[2026-08-11 16:46:07.234609] [INFO] [path_server] 새로운 경로 설정 : path[1020 ➜ 108] time[0s] dist[19.5m] list[14] : 1020-1011-1004-1005-1006-1021-1022-1007-1167-1168-1169-1170-1171-108
[2026-08-11 16:46:07.913266] [INFO] [path_server] 노드 업데이트 : [1011] ➜ [1004]
[2026-08-11 16:46:07.993200] [INFO] [path_server] 새로운 경로 설정 : path[1011 ➜ 108] time[0s] dist[18m] list[13] : 1011-1004-1005-1006-1021-1022-1007-1167-1168-1169-1170-1171-108
[2026-08-11 16:46:09.230801] [INFO] [path_server] 노드 업데이트 : [1004] ➜ [1005]
[2026-08-11 16:46:09.310745] [INFO] [path_server] 새로운 경로 설정 : path[1004 ➜ 108] time[0s] dist[16.5m] list[12] : 1004-1005-1006-1021-1022-1007-1167-1168-1169-1170-1171-108
[2026-08-11 16:46:12.584611] [INFO] [path_server] 노드 업데이트 : [1005] ➜ [1006]
[2026-08-11 16:46:12.664518] [INFO] [path_server] 새로운 경로 설정 : path[1005 ➜ 108] time[0s] dist[15m] list[11] : 1005-1006-1021-1022-1007-1167-1168-1169-1170-1171-108
[2026-08-11 16:46:13.722317] [INFO] [path_server] 노드 업데이트 : [1006] ➜ [1021]
[2026-08-11 16:46:13.802248] [INFO] [path_server] 새로운 경로 설정 : path[1006 ➜ 108] time[0s] dist[13.5m] list[10] : 1006-1021-1022-1007-1167-1168-1169-1170-1171-108
[2026-08-11 16:46:14.541088] [INFO] [path_server] 노드 업데이트 : [1021] ➜ [1022]
[2026-08-11 16:46:14.601359] [INFO] [path_server] 새로운 경로 설정 : path[1021 ➜ 108] time[0s] dist[12m] list[9] : 1021-1022-1007-1167-1168-1169-1170-1171-108
[2026-08-11 16:46:15.879112] [INFO] [path_server] 노드 업데이트 : [1022] ➜ [1007]
[2026-08-11 16:46:15.959025] [INFO] [path_server] 새로운 경로 설정 : path[1022 ➜ 108] time[0s] dist[10.5m] list[8] : 1022-1007-1167-1168-1169-1170-1171-108
[2026-08-11 16:46:19.213210] [INFO] [path_server] 노드 업데이트 : [1007] ➜ [1167]
[2026-08-11 16:46:19.293183] [INFO] [path_server] 새로운 경로 설정 : path[1007 ➜ 108] time[0s] dist[9m] list[7] : 1007-1167-1168-1169-1170-1171-108
[2026-08-11 16:46:20.351130] [INFO] [path_server] 노드 업데이트 : [1167] ➜ [1168]
[2026-08-11 16:46:20.431013] [INFO] [path_server] 새로운 경로 설정 : path[1167 ➜ 108] time[0s] dist[7.5m] list[6] : 1167-1168-1169-1170-1171-108
[2026-08-11 16:46:21.169599] [INFO] [path_server] 노드 업데이트 : [1168] ➜ [1169]
[2026-08-11 16:46:21.229505] [INFO] [path_server] 새로운 경로 설정 : path[1168 ➜ 108] time[0s] dist[6m] list[5] : 1168-1169-1170-1171-108
[2026-08-11 16:46:21.928051] [INFO] [path_server] 노드 업데이트 : [1169] ➜ [1170]
[2026-08-11 16:46:22.007943] [INFO] [path_server] 새로운 경로 설정 : path[1169 ➜ 108] time[0s] dist[4.5m] list[4] : 1169-1170-1171-108
[2026-08-11 16:46:22.686635] [INFO] [path_server] 노드 업데이트 : [1170] ➜ [1171]
[2026-08-11 16:46:22.766628] [INFO] [path_server] 새로운 경로 설정 : path[1170 ➜ 108] time[0s] dist[3m] list[3] : 1170-1171-108
[2026-08-11 16:46:24.084079] [INFO] [path_server] 노드 업데이트 : [1171] ➜ [108]
[2026-08-11 16:46:24.163945] [INFO] [path_server] 새로운 경로 설정 : path[1171 ➜ 108] time[0s] dist[1.5m] list[2] : 1171-108
[2026-08-11 16:46:29.613569] [INFO] [path_server] 노드 업데이트 : [108] ➜ [-1]
[2026-08-11 16:46:32.507991] [INFO] [course_tracker] 목적지에서 각도 정렬 : [22.000m 19.000m 0.000°]
[2026-08-11 16:46:32.547888] [INFO] [path_server] 노드 업데이트 : [108] ➜ [-1]
[2026-08-11 16:46:32.567882] [INFO] [task::fsm] push_done
[2026-08-11 16:46:32.627799] [INFO] [task::fsm] charging
[2026-08-11 16:46:32.627806] [INFO] [power_system] 충전 프로세스 시작
[2026-08-11 16:46:32.627830] [INFO] [health_monitor] [등록][100015, 100001] : 자동 충전 시작.
[2026-08-11 16:46:37.638631] [INFO] [health_monitor] [삭제][100015, 100001] : 자동 충전 시작.
[2026-08-11 16:46:49.675789] [INFO] [health_monitor] [삭제][100015, 200001] : 배터리 남은 양 - 주의
[2026-08-11 16:47:13.670417] [INFO] [power_system] 충전 완료
[2026-08-11 16:47:13.670433] [INFO] [health_monitor] [등록][100015, 100002] : 배터리 가득.
[2026-08-11 16:47:13.670436] [INFO] [health_monitor] [등록][100015, 100003] : 자동 충전 해제 시작.
[2026-08-11 16:47:18.680601] [INFO] [health_monitor] [삭제][100015, 100002] : 배터리 가득.
[2026-08-11 16:47:18.680610] [INFO] [health_monitor] [삭제][100015, 100003] : 자동 충전 해제 시작.
[2026-08-11 16:47:18.700586] [INFO] [power_system] 충전 해제 완료
[2026-08-11 16:47:18.700606] [INFO] [health_monitor] [등록][100015, 100004] : 자동 충전 해제 완료.
[2026-08-11 16:47:18.720469] [INFO] [task::fsm] discharging
[2026-08-11 16:47:18.720480] [INFO] [power_system] 충전 해제 프로세스 시작
[2026-08-11 16:47:18.720492] [INFO] [health_monitor] [등록][100015, 100003] : 자동 충전 해제 시작.
[2026-08-11 16:47:18.740525] [INFO] [task::fsm] idle
[2026-08-11 16:47:18.740531] [INFO] [path_server] 경로 삭제
[2026-08-11 16:47:18.740530] [INFO] [course_manager] 코스 삭제
[2026-08-11 16:47:18.760465] [INFO] [task::fsm] idle
[2026-08-11 16:47:18.760476] [INFO] [course_manager] 코스 삭제
[2026-08-11 16:47:18.760479] [INFO] [path_server] 경로 삭제
[2026-08-11 16:47:23.710444] [INFO] [health_monitor] [삭제][100015, 100004] : 자동 충전 해제 완료.
[2026-08-11 16:47:23.730356] [INFO] [health_monitor] [삭제][100015, 100003] : 자동 충전 해제 시작.
[2026-08-11 16:47:42.762600] [INFO] [framework] 프로그램 시작
[2026-08-11 16:47:42.762604] [WARNING] [framework] 프로그램 시작
[2026-08-11 16:47:42.762606] [CRITICAL] [framework] 프로그램 시작
[2026-08-11 16:47:42.762606] [INFO] [framework] 설정 파일 위치 : ../configs/robot_3
[2026-08-11 16:47:42.762713] [INFO] [framework] ID[0, 3], 이름[박쓰리], 제어주기[20ms], 버젼[], 장소[우리집], 환경모드[simulation]
[2026-08-11 16:47:42.762735] [INFO] [mediator] 생성
[2026-08-11 16:47:42.762750] [INFO] [graph_manager] 생성
[2026-08-11 16:47:42.789315] [INFO] [stop_server] 생성
[2026-08-11 16:47:42.789345] [INFO] [health_monitor] 생성
[2026-08-11 16:47:42.789364] [INFO] [path_server] 생성
[2026-08-11 16:47:42.789381] [INFO] [course_manager] 생성
[2026-08-11 16:47:42.789396] [INFO] [task::fsm] 생성
[2026-08-11 16:47:42.789399] [INFO] [task::fsm] idle
[2026-08-11 16:47:42.789409] [INFO] [course_manager] 코스 삭제
[2026-08-11 16:47:42.789409] [INFO] [path_server] 경로 삭제
[2026-08-11 16:47:42.789424] [INFO] [task_manager] 생성
[2026-08-11 16:47:42.789532] [INFO] [mediator] connectors 생성
[2026-08-11 16:47:42.789551] [INFO] [fms] 생성
[2026-08-11 16:47:42.789552] [INFO] [fms] 통신 드라이버 생성
[2026-08-11 16:47:42.789853] [INFO] [motions] 생성
[2026-08-11 16:47:42.789875] [INFO] [localizers] 생성
[2026-08-11 16:47:42.789975] [INFO] [localizers] 파라미터 : 

[2026-08-11 16:47:42.789995] [INFO] [safety_plc] 생성
[2026-08-11 16:47:42.790017] [INFO] [load_handler] 생성
[2026-08-11 16:47:42.790033] [INFO] [power_system] 생성
[2026-08-11 16:47:42.790140] [INFO] [power_system] 설정 정보 : remaining[40%, 10%, 5%]
[2026-08-11 16:47:42.790581] [INFO] [power_system] 알람 목록 : 
 • [100015, 100001] [INFO] 자동 충전 시작.
 • [100015, 100002] [INFO] 배터리 가득.
 • [100015, 400001] [CRIT] 배터리 남은 양 - 위험
 • [100015, 300001] [ERROR] 배터리 남은 양 - 에러
 • [100015, 200001] [WARN] 배터리 남은 양 - 주의
 • [100015, 100004] [INFO] 자동 충전 해제 완료.
 • [100015, 100003] [INFO] 자동 충전 해제 시작.
[2026-08-11 16:47:42.790584] [INFO] [mediator] connector 의존성 주입
[2026-08-11 16:47:42.790591] [INFO] [mediator] any map 등록
[2026-08-11 16:47:42.790599] [INFO] [mediator] any collector 등록
[2026-08-11 16:47:42.790602] [INFO] [mediator] any collector 목록 검사
[2026-08-11 16:47:42.790654] [INFO] [framework] after init 실행
[2026-08-11 16:47:42.790994] [INFO] [course_tracker] 생성
[2026-08-11 16:47:42.791009] [INFO] [course_tracker] 파라미터 : 
◈ node_bound[0.020m, 0.150m, 0.005m]
 • approach[0.150m, 0.050m/s, -0.005m, -0.200m, 0.100m]
 • align[(10.000°, 5.000°/s), 50.000°, 30.000°/s), 0.800°, -0.100°]
◈ motion param : 
 • reference_angle[0.000°, 45.000°]
 • threshold_angle[15.000°, 20.000°, 170.000°]
 • threshold_error[0.300°, 5.000°]
 • normal[0.150m/s, 8.000, 0.800m/s, 0.500]
 • angle[0.150m/s, 1.500, 0.800m/s, 2.100]
 • protection_overshoot[0.100m/s, 0.900, 0.500m/s, 0.900]
 • speed_rotation[15.000°/s]
[2026-08-11 16:47:42.791012] [INFO] [framework] 제어 쓰레드 시작
[2026-08-11 16:47:42.791055] [INFO] [path_server] 노드 초기화 성공 : 로봇 좌표[22.004m 18.998m -179.876°] 최단 거리 노드[108] 거리(0.004369m)
[2026-08-11 16:47:42.791110] [INFO] [health_monitor] [등록][100015, 200001] : 배터리 남은 양 - 주의
[2026-08-11 16:47:42.811099] [INFO] [task::fsm] idle
[2026-08-11 16:47:42.811107] [INFO] [course_manager] 코스 삭제
[2026-08-11 16:47:42.811121] [INFO] [path_server] 경로 삭제
[2026-08-11 16:47:42.890890] [INFO] [task::fsm] charging
[2026-08-11 16:47:42.890897] [INFO] [power_system] 충전 프로세스 시작
[2026-08-11 16:47:42.890910] [INFO] [health_monitor] [등록][100015, 100001] : 자동 충전 시작.
[2026-08-11 16:47:47.901639] [INFO] [health_monitor] [삭제][100015, 100001] : 자동 충전 시작.
[2026-08-11 16:47:58.603544] [INFO] [health_monitor] [삭제][100015, 200001] : 배터리 남은 양 - 주의
[2026-08-11 16:48:11.420781] [INFO] [task::fsm] idle
[2026-08-11 16:48:11.420788] [INFO] [course_manager] 코스 삭제
[2026-08-11 16:48:11.420790] [INFO] [path_server] 경로 삭제
[2026-08-11 16:48:11.480642] [INFO] [task::fsm] charging
[2026-08-11 16:48:11.480649] [INFO] [power_system] 충전 프로세스 시작
[2026-08-11 16:48:11.480664] [INFO] [health_monitor] [등록][100015, 100001] : 자동 충전 시작.
[2026-08-11 16:48:16.491456] [INFO] [health_monitor] [삭제][100015, 100001] : 자동 충전 시작.
[2026-08-11 16:48:28.390002] [INFO] [power_system] 충전 완료
[2026-08-11 16:48:28.390021] [INFO] [health_monitor] [등록][100015, 100003] : 자동 충전 해제 시작.
[2026-08-11 16:48:28.390018] [INFO] [health_monitor] [등록][100015, 100002] : 배터리 가득.
[2026-08-11 16:48:33.400833] [INFO] [health_monitor] [삭제][100015, 100002] : 배터리 가득.
[2026-08-11 16:48:33.400842] [INFO] [health_monitor] [삭제][100015, 100003] : 자동 충전 해제 시작.
[2026-08-11 16:48:33.420779] [INFO] [power_system] 충전 해제 완료
[2026-08-11 16:48:33.420790] [INFO] [health_monitor] [등록][100015, 100004] : 자동 충전 해제 완료.
[2026-08-11 16:48:33.440671] [INFO] [task::fsm] discharging
[2026-08-11 16:48:33.440677] [INFO] [power_system] 충전 해제 프로세스 시작
[2026-08-11 16:48:33.440684] [INFO] [health_monitor] [등록][100015, 100003] : 자동 충전 해제 시작.
[2026-08-11 16:48:33.460675] [INFO] [task::fsm] idle
[2026-08-11 16:48:33.460682] [INFO] [path_server] 경로 삭제
[2026-08-11 16:48:33.460680] [INFO] [course_manager] 코스 삭제
[2026-08-11 16:48:33.480636] [INFO] [task::fsm] idle
[2026-08-11 16:48:33.480641] [INFO] [course_manager] 코스 삭제
[2026-08-11 16:48:33.480643] [INFO] [path_server] 경로 삭제
[2026-08-11 16:48:37.932652] [INFO] [path_server] 새로운 경로 설정 : path[108 ➜ 111] time[0s] dist[34.5m] list[24] : 108-1171-1172-1091-1092-1093-1094-1095-1074-1075-1076-1018-1019-1020-1011-1004-1005-1006-1021-1022-1007-1167-1168-111
[2026-08-11 16:48:37.932668] [INFO] [course_tracker] 방향 정렬 완료 
[2026-08-11 16:48:38.431586] [INFO] [health_monitor] [삭제][100015, 100004] : 자동 충전 해제 완료.
[2026-08-11 16:48:38.451482] [INFO] [health_monitor] [삭제][100015, 100003] : 자동 충전 해제 시작.
[2026-08-11 16:48:42.623906] [INFO] [path_server] 노드 업데이트 : [1171] ➜ [1172]
[2026-08-11 16:48:42.683856] [INFO] [path_server] 새로운 경로 설정 : path[1171 ➜ 111] time[0s] dist[33m] list[23] : 1171-1172-1091-1092-1093-1094-1095-1074-1075-1076-1018-1019-1020-1011-1004-1005-1006-1021-1022-1007-1167-1168-111
[2026-08-11 16:48:46.317334] [INFO] [path_server] 노드 업데이트 : [1172] ➜ [1091]
[2026-08-11 16:48:46.397212] [INFO] [path_server] 새로운 경로 설정 : path[1172 ➜ 111] time[0s] dist[31.5m] list[22] : 1172-1091-1092-1093-1094-1095-1074-1075-1076-1018-1019-1020-1011-1004-1005-1006-1021-1022-1007-1167-1168-111
[2026-08-11 16:48:47.395402] [INFO] [path_server] 노드 업데이트 : [1091] ➜ [1092]
[2026-08-11 16:48:47.475293] [INFO] [path_server] 새로운 경로 설정 : path[1091 ➜ 111] time[0s] dist[30m] list[21] : 1091-1092-1093-1094-1095-1074-1075-1076-1018-1019-1020-1011-1004-1005-1006-1021-1022-1007-1167-1168-111
[2026-08-11 16:48:50.649579] [INFO] [path_server] 노드 업데이트 : [1092] ➜ [1093]
[2026-08-11 16:48:50.729513] [INFO] [path_server] 새로운 경로 설정 : path[1092 ➜ 111] time[0s] dist[28.5m] list[20] : 1092-1093-1094-1095-1074-1075-1076-1018-1019-1020-1011-1004-1005-1006-1021-1022-1007-1167-1168-111
[2026-08-11 16:48:51.907094] [INFO] [path_server] 노드 업데이트 : [1093] ➜ [1094]
[2026-08-11 16:48:51.987029] [INFO] [path_server] 새로운 경로 설정 : path[1093 ➜ 111] time[0s] dist[27m] list[19] : 1093-1094-1095-1074-1075-1076-1018-1019-1020-1011-1004-1005-1006-1021-1022-1007-1167-1168-111
[2026-08-11 16:48:52.765988] [INFO] [path_server] 노드 업데이트 : [1094] ➜ [1095]
[2026-08-11 16:48:52.845853] [INFO] [path_server] 새로운 경로 설정 : path[1094 ➜ 111] time[0s] dist[25.5m] list[18] : 1094-1095-1074-1075-1076-1018-1019-1020-1011-1004-1005-1006-1021-1022-1007-1167-1168-111
[2026-08-11 16:48:54.083400] [INFO] [path_server] 노드 업데이트 : [1095] ➜ [1074]
[2026-08-11 16:48:54.163260] [INFO] [path_server] 새로운 경로 설정 : path[1095 ➜ 111] time[0s] dist[24m] list[17] : 1095-1074-1075-1076-1018-1019-1020-1011-1004-1005-1006-1021-1022-1007-1167-1168-111
[2026-08-11 16:48:57.417473] [INFO] [path_server] 노드 업데이트 : [1074] ➜ [1075]
[2026-08-11 16:48:57.497455] [INFO] [path_server] 새로운 경로 설정 : path[1074 ➜ 111] time[0s] dist[22.5m] list[16] : 1074-1075-1076-1018-1019-1020-1011-1004-1005-1006-1021-1022-1007-1167-1168-111
[2026-08-11 16:48:58.555818] [INFO] [path_server] 노드 업데이트 : [1075] ➜ [1076]
[2026-08-11 16:48:58.635828] [INFO] [path_server] 새로운 경로 설정 : path[1075 ➜ 111] time[0s] dist[21m] list[15] : 1075-1076-1018-1019-1020-1011-1004-1005-1006-1021-1022-1007-1167-1168-111
[2026-08-11 16:48:59.374453] [INFO] [path_server] 노드 업데이트 : [1076] ➜ [1018]
[2026-08-11 16:48:59.434364] [INFO] [path_server] 새로운 경로 설정 : path[1076 ➜ 111] time[0s] dist[19.5m] list[14] : 1076-1018-1019-1020-1011-1004-1005-1006-1021-1022-1007-1167-1168-111
[2026-08-11 16:49:00.133099] [INFO] [path_server] 노드 업데이트 : [1018] ➜ [1019]
[2026-08-11 16:49:00.212958] [INFO] [path_server] 새로운 경로 설정 : path[1018 ➜ 111] time[0s] dist[18m] list[13] : 1018-1019-1020-1011-1004-1005-1006-1021-1022-1007-1167-1168-111
[2026-08-11 16:49:00.891634] [INFO] [path_server] 노드 업데이트 : [1019] ➜ [1020]
[2026-08-11 16:49:00.971589] [INFO] [path_server] 새로운 경로 설정 : path[1019 ➜ 111] time[0s] dist[16.5m] list[12] : 1019-1020-1011-1004-1005-1006-1021-1022-1007-1167-1168-111
[2026-08-11 16:49:01.630366] [INFO] [path_server] 노드 업데이트 : [1020] ➜ [1011]
[2026-08-11 16:49:01.690337] [INFO] [path_server] 새로운 경로 설정 : path[1020 ➜ 111] time[0s] dist[15m] list[11] : 1020-1011-1004-1005-1006-1021-1022-1007-1167-1168-111
[2026-08-11 16:49:02.390228] [INFO] [path_server] 노드 업데이트 : [1011] ➜ [1004]
[2026-08-11 16:49:02.470213] [INFO] [path_server] 새로운 경로 설정 : path[1011 ➜ 111] time[0s] dist[13.5m] list[10] : 1011-1004-1005-1006-1021-1022-1007-1167-1168-111
[2026-08-11 16:49:03.209619] [INFO] [path_server] 새로운 경로 설정 : path[1004 ➜ 1006] time[0s] dist[3m] list[4] : 1011-1004-1005-1006
[2026-08-11 16:49:03.689038] [INFO] [path_server] 노드 업데이트 : [1004] ➜ [1005]
[2026-08-11 16:49:03.768871] [INFO] [path_server] 새로운 경로 설정 : path[1004 ➜ 1006] time[0s] dist[3m] list[3] : 1004-1005-1006
[2026-08-11 16:49:07.042981] [INFO] [path_server] 노드 업데이트 : [1005] ➜ [1006]
[2026-08-11 16:49:07.122951] [INFO] [path_server] 새로운 경로 설정 : path[1005 ➜ 1006] time[0s] dist[1.5m] list[2] : 1005-1006
[2026-08-11 16:49:09.239038] [INFO] [path_server] 노드 업데이트 : [1006] ➜ [-1]
[2026-08-11 16:49:12.114369] [INFO] [course_tracker] 목적지에서 각도 정렬 : [20.500m 10.000m 0.000°]
[2026-08-11 16:49:24.394133] [INFO] [framework] 프로그램 시작
[2026-08-11 16:49:24.394137] [WARNING] [framework] 프로그램 시작
[2026-08-11 16:49:24.394140] [INFO] [framework] 설정 파일 위치 : ../configs/robot_3
[2026-08-11 16:49:24.394139] [CRITICAL] [framework] 프로그램 시작
[2026-08-11 16:49:24.394257] [INFO] [framework] ID[0, 3], 이름[박쓰리], 제어주기[20ms], 버젼[], 장소[우리집], 환경모드[simulation]
[2026-08-11 16:49:24.394276] [INFO] [mediator] 생성
[2026-08-11 16:49:24.394292] [INFO] [graph_manager] 생성
[2026-08-11 16:49:24.420217] [INFO] [stop_server] 생성
[2026-08-11 16:49:24.420251] [INFO] [health_monitor] 생성
[2026-08-11 16:49:24.420277] [INFO] [path_server] 생성
[2026-08-11 16:49:24.420293] [INFO] [course_manager] 생성
[2026-08-11 16:49:24.420309] [INFO] [task::fsm] 생성
[2026-08-11 16:49:24.420310] [INFO] [task::fsm] idle
[2026-08-11 16:49:24.420317] [INFO] [course_manager] 코스 삭제
[2026-08-11 16:49:24.420317] [INFO] [path_server] 경로 삭제
[2026-08-11 16:49:24.420328] [INFO] [task_manager] 생성
[2026-08-11 16:49:24.420436] [INFO] [mediator] connectors 생성
[2026-08-11 16:49:24.420451] [INFO] [fms] 생성
[2026-08-11 16:49:24.420453] [INFO] [fms] 통신 드라이버 생성
[2026-08-11 16:49:24.420798] [INFO] [motions] 생성
[2026-08-11 16:49:24.420817] [INFO] [localizers] 생성
[2026-08-11 16:49:24.420912] [INFO] [localizers] 파라미터 : 

[2026-08-11 16:49:24.420928] [INFO] [safety_plc] 생성
[2026-08-11 16:49:24.420942] [INFO] [load_handler] 생성
[2026-08-11 16:49:24.420956] [INFO] [power_system] 생성
[2026-08-11 16:49:24.421066] [INFO] [power_system] 설정 정보 : remaining[40%, 10%, 5%]
[2026-08-11 16:49:24.421459] [INFO] [power_system] 알람 목록 : 
 • [100015, 100001] [INFO] 자동 충전 시작.
 • [100015, 100002] [INFO] 배터리 가득.
 • [100015, 400001] [CRIT] 배터리 남은 양 - 위험
 • [100015, 300001] [ERROR] 배터리 남은 양 - 에러
 • [100015, 200001] [WARN] 배터리 남은 양 - 주의
 • [100015, 100004] [INFO] 자동 충전 해제 완료.
 • [100015, 100003] [INFO] 자동 충전 해제 시작.
[2026-08-11 16:49:24.421463] [INFO] [mediator] connector 의존성 주입
[2026-08-11 16:49:24.421471] [INFO] [mediator] any map 등록
[2026-08-11 16:49:24.421479] [INFO] [mediator] any collector 등록
[2026-08-11 16:49:24.421483] [INFO] [mediator] any collector 목록 검사
[2026-08-11 16:49:24.421539] [INFO] [framework] after init 실행
[2026-08-11 16:49:24.421945] [INFO] [course_tracker] 생성
[2026-08-11 16:49:24.421969] [INFO] [course_tracker] 파라미터 : 
◈ node_bound[0.020m, 0.150m, 0.005m]
 • approach[0.150m, 0.050m/s, -0.005m, -0.200m, 0.100m]
 • align[(10.000°, 5.000°/s), 50.000°, 30.000°/s), 0.800°, -0.100°]
◈ motion param : 
 • reference_angle[0.000°, 45.000°]
 • threshold_angle[15.000°, 20.000°, 170.000°]
 • threshold_error[0.300°, 5.000°]
 • normal[0.150m/s, 8.000, 0.800m/s, 0.500]
 • angle[0.150m/s, 1.500, 0.800m/s, 2.100]
 • protection_overshoot[0.100m/s, 0.900, 0.500m/s, 0.900]
 • speed_rotation[15.000°/s]
[2026-08-11 16:49:24.421973] [INFO] [framework] 제어 쓰레드 시작
[2026-08-11 16:49:24.422037] [INFO] [path_server] 노드 초기화 성공 : 로봇 좌표[20.496m 9.992m -0.088°] 최단 거리 노드[1006] 거리(0.008634m)
[2026-08-11 16:49:24.422107] [INFO] [health_monitor] [등록][100015, 200001] : 배터리 남은 양 - 주의
[2026-08-11 16:49:24.442057] [INFO] [path_server] 새로운 경로 설정 : path[1006 ➜ 111] time[0s] dist[9m] list[7] : 1006-1021-1022-1007-1167-1168-111
[2026-08-11 16:49:26.797814] [INFO] [path_server] 노드 업데이트 : [1021] ➜ [1022]
[2026-08-11 16:49:26.857734] [INFO] [path_server] 새로운 경로 설정 : path[1021 ➜ 111] time[0s] dist[7.5m] list[6] : 1021-1022-1007-1167-1168-111
[2026-08-11 16:49:28.155138] [INFO] [path_server] 노드 업데이트 : [1022] ➜ [1007]
[2026-08-11 16:49:28.234999] [INFO] [path_server] 새로운 경로 설정 : path[1022 ➜ 111] time[0s] dist[6m] list[5] : 1022-1007-1167-1168-111
[2026-08-11 16:49:31.528363] [INFO] [path_server] 노드 업데이트 : [1007] ➜ [1167]
[2026-08-11 16:49:31.608302] [INFO] [path_server] 새로운 경로 설정 : path[1007 ➜ 111] time[0s] dist[4.5m] list[4] : 1007-1167-1168-111
[2026-08-11 16:49:32.646266] [INFO] [path_server] 노드 업데이트 : [1167] ➜ [1168]
[2026-08-11 16:49:32.706210] [INFO] [path_server] 새로운 경로 설정 : path[1167 ➜ 111] time[0s] dist[3m] list[3] : 1167-1168-111
[2026-08-11 16:49:34.063675] [INFO] [path_server] 노드 업데이트 : [1168] ➜ [111]
[2026-08-11 16:49:34.143583] [INFO] [path_server] 새로운 경로 설정 : path[1168 ➜ 111] time[0s] dist[1.5m] list[2] : 1168-111
[2026-08-11 16:49:46.487343] [INFO] [framework] 프로그램 시작
[2026-08-11 16:49:46.487348] [WARNING] [framework] 프로그램 시작
[2026-08-11 16:49:46.487353] [INFO] [framework] 설정 파일 위치 : ../configs/robot_3
[2026-08-11 16:49:46.487353] [CRITICAL] [framework] 프로그램 시작
[2026-08-11 16:49:46.487498] [INFO] [framework] ID[0, 3], 이름[박쓰리], 제어주기[20ms], 버젼[], 장소[우리집], 환경모드[simulation]
[2026-08-11 16:49:46.487525] [INFO] [mediator] 생성
[2026-08-11 16:49:46.487550] [INFO] [graph_manager] 생성
[2026-08-11 16:49:46.530777] [INFO] [stop_server] 생성
[2026-08-11 16:49:46.530813] [INFO] [health_monitor] 생성
[2026-08-11 16:49:46.530836] [INFO] [path_server] 생성
[2026-08-11 16:49:46.530858] [INFO] [course_manager] 생성
[2026-08-11 16:49:46.530880] [INFO] [task::fsm] 생성
[2026-08-11 16:49:46.530882] [INFO] [task::fsm] idle
[2026-08-11 16:49:46.530898] [INFO] [course_manager] 코스 삭제
[2026-08-11 16:49:46.530900] [INFO] [path_server] 경로 삭제
[2026-08-11 16:49:46.530919] [INFO] [task_manager] 생성
[2026-08-11 16:49:46.531504] [INFO] [mediator] connectors 생성
[2026-08-11 16:49:46.531528] [INFO] [fms] 생성
[2026-08-11 16:49:46.531529] [INFO] [fms] 통신 드라이버 생성
[2026-08-11 16:49:46.531830] [INFO] [motions] 생성
[2026-08-11 16:49:46.531846] [INFO] [localizers] 생성
[2026-08-11 16:49:46.531932] [INFO] [localizers] 파라미터 : 

[2026-08-11 16:49:46.532104] [INFO] [safety_plc] 생성
[2026-08-11 16:49:46.532116] [INFO] [load_handler] 생성
[2026-08-11 16:49:46.532129] [INFO] [power_system] 생성
[2026-08-11 16:49:46.532225] [INFO] [power_system] 설정 정보 : remaining[40%, 10%, 5%]
[2026-08-11 16:49:46.532599] [INFO] [power_system] 알람 목록 : 
 • [100015, 100001] [INFO] 자동 충전 시작.
 • [100015, 100002] [INFO] 배터리 가득.
 • [100015, 400001] [CRIT] 배터리 남은 양 - 위험
 • [100015, 300001] [ERROR] 배터리 남은 양 - 에러
 • [100015, 200001] [WARN] 배터리 남은 양 - 주의
 • [100015, 100004] [INFO] 자동 충전 해제 완료.
 • [100015, 100003] [INFO] 자동 충전 해제 시작.
[2026-08-11 16:49:46.532605] [INFO] [mediator] any map 등록
[2026-08-11 16:49:46.532610] [INFO] [mediator] any collector 등록
[2026-08-11 16:49:46.532612] [INFO] [mediator] any collector 목록 검사
[2026-08-11 16:49:46.532603] [INFO] [mediator] connector 의존성 주입
[2026-08-11 16:49:46.532671] [INFO] [framework] after init 실행
[2026-08-11 16:49:46.533107] [INFO] [course_tracker] 생성
[2026-08-11 16:49:46.533124] [INFO] [course_tracker] 파라미터 : 
◈ node_bound[0.020m, 0.150m, 0.005m]
 • approach[0.150m, 0.050m/s, -0.005m, -0.200m, 0.100m]
 • align[(10.000°, 5.000°/s), 50.000°, 30.000°/s), 0.800°, -0.100°]
◈ motion param : 
 • reference_angle[0.000°, 45.000°]
 • threshold_angle[15.000°, 20.000°, 170.000°]
 • threshold_error[0.300°, 5.000°]
 • normal[0.150m/s, 8.000, 0.800m/s, 0.500]
 • angle[0.150m/s, 1.500, 0.800m/s, 2.100]
 • protection_overshoot[0.100m/s, 0.900, 0.500m/s, 0.900]
 • speed_rotation[15.000°/s]
[2026-08-11 16:49:46.533126] [INFO] [framework] 제어 쓰레드 시작
[2026-08-11 16:49:46.533161] [INFO] [path_server] 노드 초기화 성공 : 로봇 좌표[22.004m 14.498m -179.956°] 최단 거리 노드[111] 거리(0.004375m)
[2026-08-11 16:49:46.533937] [INFO] [health_monitor] [등록][100015, 200001] : 배터리 남은 양 - 주의
[2026-08-11 16:49:46.633332] [INFO] [task::fsm] charging
[2026-08-11 16:49:46.633348] [INFO] [power_system] 충전 프로세스 시작
[2026-08-11 16:49:46.633375] [INFO] [health_monitor] [등록][100015, 100001] : 자동 충전 시작.
[2026-08-11 16:49:51.643818] [INFO] [health_monitor] [삭제][100015, 100001] : 자동 충전 시작.
[2026-08-11 16:49:58.387790] [INFO] [framework] 프로그램 시작
[2026-08-11 16:49:58.387796] [WARNING] [framework] 프로그램 시작
[2026-08-11 16:49:58.387799] [CRITICAL] [framework] 프로그램 시작
[2026-08-11 16:52:17.130001] [INFO] [framework] 프로그램 시작
[2026-08-11 16:52:17.130008] [WARNING] [framework] 프로그램 시작
[2026-08-11 16:52:17.130011] [INFO] [framework] 설정 파일 위치 : ../configs/robot_3
[2026-08-11 16:52:17.130011] [CRITICAL] [framework] 프로그램 시작
[2026-08-11 16:52:17.130157] [INFO] [framework] ID[0, 3], 이름[박쓰리], 제어주기[20ms], 버젼[], 장소[우리집], 환경모드[simulation]
[2026-08-11 16:52:17.130186] [INFO] [mediator] 생성
[2026-08-11 16:52:17.130214] [INFO] [graph_manager] 생성
[2026-08-11 16:52:17.173011] [INFO] [stop_server] 생성
[2026-08-11 16:52:17.173049] [INFO] [health_monitor] 생성
[2026-08-11 16:52:17.173073] [INFO] [path_server] 생성
[2026-08-11 16:52:17.173093] [INFO] [course_manager] 생성
[2026-08-11 16:52:17.173115] [INFO] [task::fsm] 생성
[2026-08-11 16:52:17.173117] [INFO] [task::fsm] idle
[2026-08-11 16:52:17.173118] [INFO] [course_manager] 코스 삭제
[2026-08-11 16:52:17.173119] [INFO] [path_server] 경로 삭제
[2026-08-11 16:52:17.173138] [INFO] [task_manager] 생성
[2026-08-11 16:52:17.173291] [INFO] [mediator] connectors 생성
[2026-08-11 16:52:17.173315] [INFO] [fms] 생성
[2026-08-11 16:52:17.173317] [INFO] [fms] 통신 드라이버 생성
[2026-08-11 16:52:17.173733] [INFO] [motions] 생성
[2026-08-11 16:52:17.173765] [INFO] [localizers] 생성
[2026-08-11 16:52:17.173907] [INFO] [localizers] 파라미터 : 

[2026-08-11 16:52:17.173932] [INFO] [safety_plc] 생성
[2026-08-11 16:52:17.173953] [INFO] [load_handler] 생성
[2026-08-11 16:52:17.173974] [INFO] [power_system] 생성
[2026-08-11 16:52:17.174126] [INFO] [power_system] 설정 정보 : remaining[40%, 10%, 5%]
[2026-08-11 16:52:17.174772] [INFO] [power_system] 알람 목록 : 
 • [100015, 100001] [INFO] 자동 충전 시작.
 • [100015, 100002] [INFO] 배터리 가득.
 • [100015, 400001] [CRIT] 배터리 남은 양 - 위험
 • [100015, 300001] [ERROR] 배터리 남은 양 - 에러
 • [100015, 200001] [WARN] 배터리 남은 양 - 주의
 • [100015, 100004] [INFO] 자동 충전 해제 완료.
 • [100015, 100003] [INFO] 자동 충전 해제 시작.
[2026-08-11 16:52:17.174781] [INFO] [mediator] any map 등록
[2026-08-11 16:52:17.174778] [INFO] [mediator] connector 의존성 주입
[2026-08-11 16:52:17.174788] [INFO] [mediator] any collector 등록
[2026-08-11 16:52:17.174793] [INFO] [mediator] any collector 목록 검사
[2026-08-11 16:52:17.174904] [INFO] [framework] after init 실행
[2026-08-11 16:52:17.175260] [INFO] [course_tracker] 생성
[2026-08-11 16:52:17.175280] [INFO] [course_tracker] 파라미터 : 
◈ node_bound[0.020m, 0.150m, 0.005m]
 • approach[0.150m, 0.050m/s, -0.005m, -0.200m, 0.100m]
 • align[(10.000°, 5.000°/s), 50.000°, 30.000°/s), 0.800°, -0.100°]
◈ motion param : 
 • reference_angle[0.000°, 45.000°]
 • threshold_angle[15.000°, 20.000°, 170.000°]
 • threshold_error[0.300°, 5.000°]
 • normal[0.150m/s, 8.000, 0.800m/s, 0.500]
 • angle[0.150m/s, 1.500, 0.800m/s, 2.100]
 • protection_overshoot[0.100m/s, 0.900, 0.500m/s, 0.900]
 • speed_rotation[15.000°/s]
[2026-08-11 16:52:17.175284] [INFO] [framework] 제어 쓰레드 시작
[2026-08-11 16:52:17.175343] [INFO] [path_server] 노드 초기화 성공 : 로봇 좌표[22.004m 14.498m -179.956°] 최단 거리 노드[111] 거리(0.004375m)
[2026-08-11 16:52:17.175396] [INFO] [health_monitor] [등록][100015, 200001] : 배터리 남은 양 - 주의
[2026-08-11 16:52:24.142167] [INFO] [task::fsm] charging
[2026-08-11 16:52:24.142173] [INFO] [power_system] 충전 프로세스 시작
[2026-08-11 16:52:24.142263] [INFO] [health_monitor] [등록][100015, 100001] : 자동 충전 시작.
[2026-08-11 16:52:29.152285] [INFO] [health_monitor] [삭제][100015, 100001] : 자동 충전 시작.
[2026-08-11 16:52:40.769991] [INFO] [health_monitor] [삭제][100015, 200001] : 배터리 남은 양 - 주의
[2026-08-11 16:53:04.783106] [INFO] [power_system] 충전 완료
[2026-08-11 16:53:04.783124] [INFO] [health_monitor] [등록][100015, 100002] : 배터리 가득.
[2026-08-11 16:53:04.783128] [INFO] [health_monitor] [등록][100015, 100003] : 자동 충전 해제 시작.
[2026-08-11 16:53:09.793377] [INFO] [health_monitor] [삭제][100015, 100002] : 배터리 가득.
[2026-08-11 16:53:09.793383] [INFO] [health_monitor] [삭제][100015, 100003] : 자동 충전 해제 시작.
[2026-08-11 16:53:09.813337] [INFO] [power_system] 충전 해제 완료
[2026-08-11 16:53:09.813352] [INFO] [health_monitor] [등록][100015, 100004] : 자동 충전 해제 완료.
[2026-08-11 16:53:09.833252] [INFO] [task::fsm] discharging
[2026-08-11 16:53:09.833261] [INFO] [power_system] 충전 해제 프로세스 시작
[2026-08-11 16:53:09.833271] [INFO] [health_monitor] [등록][100015, 100003] : 자동 충전 해제 시작.
[2026-08-11 16:53:09.853273] [INFO] [task::fsm] idle
[2026-08-11 16:53:09.853278] [INFO] [course_manager] 코스 삭제
[2026-08-11 16:53:09.853280] [INFO] [path_server] 경로 삭제
[2026-08-11 16:53:09.873217] [INFO] [task::fsm] idle
[2026-08-11 16:53:09.873221] [INFO] [course_manager] 코스 삭제
[2026-08-11 16:53:09.873223] [INFO] [path_server] 경로 삭제
[2026-08-11 16:53:14.823428] [INFO] [health_monitor] [삭제][100015, 100004] : 자동 충전 해제 완료.
[2026-08-11 16:53:14.843378] [INFO] [health_monitor] [삭제][100015, 100003] : 자동 충전 해제 시작.
[2026-08-11 16:53:55.206497] [INFO] [path_server] 새로운 경로 설정 : path[111 ➜ 1096] time[0s] dist[16.5m] list[12] : 111-1168-1169-1170-1171-1172-1091-1092-1093-1094-1095-1096
[2026-08-11 16:53:55.206508] [INFO] [course_tracker] 방향 정렬 완료 
[2026-08-11 16:53:59.897763] [INFO] [path_server] 노드 업데이트 : [1168] ➜ [1169]
[2026-08-11 16:53:59.977623] [INFO] [path_server] 새로운 경로 설정 : path[1168 ➜ 1096] time[0s] dist[15m] list[11] : 1168-1169-1170-1171-1172-1091-1092-1093-1094-1095-1096
[2026-08-11 16:54:03.590548] [INFO] [path_server] 노드 업데이트 : [1169] ➜ [1170]
[2026-08-11 16:54:03.670480] [INFO] [path_server] 새로운 경로 설정 : path[1169 ➜ 1096] time[0s] dist[13.5m] list[10] : 1169-1170-1171-1172-1091-1092-1093-1094-1095-1096
[2026-08-11 16:54:04.708388] [INFO] [path_server] 노드 업데이트 : [1170] ➜ [1171]
[2026-08-11 16:54:04.768451] [INFO] [path_server] 새로운 경로 설정 : path[1170 ➜ 1096] time[0s] dist[12m] list[9] : 1170-1171-1172-1091-1092-1093-1094-1095-1096
[2026-08-11 16:54:05.526932] [INFO] [path_server] 노드 업데이트 : [1171] ➜ [1172]
[2026-08-11 16:54:05.606802] [INFO] [path_server] 새로운 경로 설정 : path[1171 ➜ 1096] time[0s] dist[10.5m] list[8] : 1171-1172-1091-1092-1093-1094-1095-1096
[2026-08-11 16:54:06.265465] [INFO] [path_server] 노드 업데이트 : [1172] ➜ [1091]
[2026-08-11 16:54:06.325369] [INFO] [path_server] 새로운 경로 설정 : path[1172 ➜ 1096] time[0s] dist[9m] list[7] : 1172-1091-1092-1093-1094-1095-1096
[2026-08-11 16:54:07.323394] [INFO] [path_server] 노드 업데이트 : [1091] ➜ [1092]
[2026-08-11 16:54:07.403246] [INFO] [path_server] 새로운 경로 설정 : path[1091 ➜ 1096] time[0s] dist[7.5m] list[6] : 1091-1092-1093-1094-1095-1096
[2026-08-11 16:54:10.596759] [INFO] [path_server] 노드 업데이트 : [1092] ➜ [1093]
[2026-08-11 16:54:10.676680] [INFO] [path_server] 새로운 경로 설정 : path[1092 ➜ 1096] time[0s] dist[6m] list[5] : 1092-1093-1094-1095-1096
[2026-08-11 16:54:11.854337] [INFO] [path_server] 노드 업데이트 : [1093] ➜ [1094]
[2026-08-11 16:54:11.934185] [INFO] [path_server] 새로운 경로 설정 : path[1093 ➜ 1096] time[0s] dist[4.5m] list[4] : 1093-1094-1095-1096
[2026-08-11 16:54:12.712590] [INFO] [path_server] 노드 업데이트 : [1094] ➜ [1095]
[2026-08-11 16:54:12.772497] [INFO] [path_server] 새로운 경로 설정 : path[1094 ➜ 1096] time[0s] dist[3m] list[3] : 1094-1095-1096
[2026-08-11 16:54:13.471115] [INFO] [path_server] 노드 업데이트 : [1095] ➜ [1096]
[2026-08-11 16:54:13.550973] [INFO] [path_server] 새로운 경로 설정 : path[1095 ➜ 1096] time[0s] dist[1.5m] list[2] : 1095-1096
[2026-08-11 16:54:15.686705] [INFO] [path_server] 노드 업데이트 : [1096] ➜ [-1]
[2026-08-11 16:54:18.561480] [INFO] [course_tracker] 목적지에서 각도 정렬 : [16.000m 22.000m 0.000°]
[2026-08-11 16:54:18.861005] [INFO] [path_server] 노드 업데이트 : [1096] ➜ [-1]
[2026-08-11 16:54:18.880967] [INFO] [task::fsm] push_done
[2026-08-11 16:54:18.940857] [INFO] [task::fsm] idle
[2026-08-11 16:54:18.940863] [INFO] [course_manager] 코스 삭제
[2026-08-11 16:54:18.940977] [INFO] [path_server] 경로 삭제
[2026-08-11 16:54:24.031313] [INFO] [path_server] 새로운 경로 설정 : path[1096 ➜ 110] time[0s] dist[54.0003m] list[37] : 1096-1097-1098-1099-1100-1101-1102-1103-1104-1105-1106-1107-1149-1150-1151-1152-1153-1154-1155-1156-1157-1075-1076-1018-1019-1020-1011-1004-1005-1006-1021-1022-1007-1167-1168-1169-110
[2026-08-11 16:54:26.366536] [INFO] [path_server] 노드 업데이트 : [1097] ➜ [1098]
[2026-08-11 16:54:26.446475] [INFO] [path_server] 새로운 경로 설정 : path[1097 ➜ 110] time[0s] dist[52.5003m] list[36] : 1097-1098-1099-1100-1101-1102-1103-1104-1105-1106-1107-1149-1150-1151-1152-1153-1154-1155-1156-1157-1075-1076-1018-1019-1020-1011-1004-1005-1006-1021-1022-1007-1167-1168-1169-110
[2026-08-11 16:54:27.424614] [INFO] [path_server] 노드 업데이트 : [1098] ➜ [1099]
[2026-08-11 16:54:27.484535] [INFO] [path_server] 새로운 경로 설정 : path[1098 ➜ 110] time[0s] dist[51.0003m] list[35] : 1098-1099-1100-1101-1102-1103-1104-1105-1106-1107-1149-1150-1151-1152-1153-1154-1155-1156-1157-1075-1076-1018-1019-1020-1011-1004-1005-1006-1021-1022-1007-1167-1168-1169-110
[2026-08-11 16:54:28.223028] [INFO] [path_server] 노드 업데이트 : [1099] ➜ [1100]
[2026-08-11 16:54:28.302983] [INFO] [path_server] 새로운 경로 설정 : path[1099 ➜ 110] time[0s] dist[49.5003m] list[34] : 1099-1100-1101-1102-1103-1104-1105-1106-1107-1149-1150-1151-1152-1153-1154-1155-1156-1157-1075-1076-1018-1019-1020-1011-1004-1005-1006-1021-1022-1007-1167-1168-1169-110
[2026-08-11 16:54:28.981624] [INFO] [path_server] 노드 업데이트 : [1100] ➜ [1101]
[2026-08-11 16:54:29.041534] [INFO] [path_server] 새로운 경로 설정 : path[1100 ➜ 110] time[0s] dist[48.0003m] list[33] : 1100-1101-1102-1103-1104-1105-1106-1107-1149-1150-1151-1152-1153-1154-1155-1156-1157-1075-1076-1018-1019-1020-1011-1004-1005-1006-1021-1022-1007-1167-1168-1169-110
[2026-08-11 16:54:29.720140] [INFO] [path_server] 노드 업데이트 : [1101] ➜ [1102]
[2026-08-11 16:54:29.800050] [INFO] [path_server] 새로운 경로 설정 : path[1101 ➜ 110] time[0s] dist[46.5003m] list[32] : 1101-1102-1103-1104-1105-1106-1107-1149-1150-1151-1152-1153-1154-1155-1156-1157-1075-1076-1018-1019-1020-1011-1004-1005-1006-1021-1022-1007-1167-1168-1169-110
[2026-08-11 16:54:30.478927] [INFO] [path_server] 노드 업데이트 : [1102] ➜ [1103]
[2026-08-11 16:54:30.538874] [INFO] [path_server] 새로운 경로 설정 : path[1102 ➜ 110] time[0s] dist[45.0003m] list[31] : 1102-1103-1104-1105-1106-1107-1149-1150-1151-1152-1153-1154-1155-1156-1157-1075-1076-1018-1019-1020-1011-1004-1005-1006-1021-1022-1007-1167-1168-1169-110
[2026-08-11 16:54:31.217524] [INFO] [path_server] 노드 업데이트 : [1103] ➜ [1104]
[2026-08-11 16:54:31.297515] [INFO] [path_server] 새로운 경로 설정 : path[1103 ➜ 110] time[0s] dist[43.5003m] list[30] : 1103-1104-1105-1106-1107-1149-1150-1151-1152-1153-1154-1155-1156-1157-1075-1076-1018-1019-1020-1011-1004-1005-1006-1021-1022-1007-1167-1168-1169-110
[2026-08-11 16:54:31.976028] [INFO] [path_server] 노드 업데이트 : [1104] ➜ [1105]
[2026-08-11 16:54:32.035971] [INFO] [path_server] 새로운 경로 설정 : path[1104 ➜ 110] time[0s] dist[42.0003m] list[29] : 1104-1105-1106-1107-1149-1150-1151-1152-1153-1154-1155-1156-1157-1075-1076-1018-1019-1020-1011-1004-1005-1006-1021-1022-1007-1167-1168-1169-110
[2026-08-11 16:54:33.373434] [INFO] [path_server] 노드 업데이트 : [1105] ➜ [1106]
[2026-08-11 16:54:33.453379] [INFO] [path_server] 새로운 경로 설정 : path[1105 ➜ 110] time[0s] dist[40.5003m] list[28] : 1105-1106-1107-1149-1150-1151-1152-1153-1154-1155-1156-1157-1075-1076-1018-1019-1020-1011-1004-1005-1006-1021-1022-1007-1167-1168-1169-110
[2026-08-11 16:54:36.826899] [INFO] [path_server] 노드 업데이트 : [1106] ➜ [1107]
[2026-08-11 16:54:36.906801] [INFO] [path_server] 새로운 경로 설정 : path[1106 ➜ 110] time[0s] dist[39.0002m] list[27] : 1106-1107-1149-1150-1151-1152-1153-1154-1155-1156-1157-1075-1076-1018-1019-1020-1011-1004-1005-1006-1021-1022-1007-1167-1168-1169-110
[2026-08-11 16:54:38.264271] [INFO] [path_server] 노드 업데이트 : [1107] ➜ [1149]
[2026-08-11 16:54:38.344201] [INFO] [path_server] 새로운 경로 설정 : path[1107 ➜ 110] time[0s] dist[37.5m] list[26] : 1107-1149-1150-1151-1152-1153-1154-1155-1156-1157-1075-1076-1018-1019-1020-1011-1004-1005-1006-1021-1022-1007-1167-1168-1169-110
[2026-08-11 16:54:41.657637] [INFO] [path_server] 노드 업데이트 : [1149] ➜ [1150]
[2026-08-11 16:54:41.717597] [INFO] [path_server] 새로운 경로 설정 : path[1149 ➜ 110] time[0s] dist[36m] list[25] : 1149-1150-1151-1152-1153-1154-1155-1156-1157-1075-1076-1018-1019-1020-1011-1004-1005-1006-1021-1022-1007-1167-1168-1169-110
[2026-08-11 16:54:42.755347] [INFO] [path_server] 노드 업데이트 : [1150] ➜ [1151]
[2026-08-11 16:54:42.835292] [INFO] [path_server] 새로운 경로 설정 : path[1150 ➜ 110] time[0s] dist[34.5m] list[24] : 1150-1151-1152-1153-1154-1155-1156-1157-1075-1076-1018-1019-1020-1011-1004-1005-1006-1021-1022-1007-1167-1168-1169-110
[2026-08-11 16:54:43.553787] [INFO] [path_server] 노드 업데이트 : [1151] ➜ [1152]
[2026-08-11 16:54:43.633645] [INFO] [path_server] 새로운 경로 설정 : path[1151 ➜ 110] time[0s] dist[33.01m] list[23] : 1151-1152-1153-1154-1155-1156-1157-1075-1076-1018-1019-1020-1011-1004-1005-1006-1021-1022-1007-1167-1168-1169-110
[2026-08-11 16:54:44.312216] [INFO] [path_server] 노드 업데이트 : [1152] ➜ [1153]
[2026-08-11 16:54:44.392156] [INFO] [path_server] 새로운 경로 설정 : path[1152 ➜ 110] time[0s] dist[31.5m] list[22] : 1152-1153-1154-1155-1156-1157-1075-1076-1018-1019-1020-1011-1004-1005-1006-1021-1022-1007-1167-1168-1169-110
[2026-08-11 16:54:45.070851] [INFO] [path_server] 노드 업데이트 : [1153] ➜ [1154]
[2026-08-11 16:54:45.130739] [INFO] [path_server] 새로운 경로 설정 : path[1153 ➜ 110] time[0s] dist[30m] list[21] : 1153-1154-1155-1156-1157-1075-1076-1018-1019-1020-1011-1004-1005-1006-1021-1022-1007-1167-1168-1169-110
[2026-08-11 16:54:45.809287] [INFO] [path_server] 노드 업데이트 : [1154] ➜ [1155]
[2026-08-11 16:54:45.889242] [INFO] [path_server] 새로운 경로 설정 : path[1154 ➜ 110] time[0s] dist[28.5m] list[20] : 1154-1155-1156-1157-1075-1076-1018-1019-1020-1011-1004-1005-1006-1021-1022-1007-1167-1168-1169-110
[2026-08-11 16:54:46.567814] [INFO] [path_server] 노드 업데이트 : [1155] ➜ [1156]
[2026-08-11 16:54:46.627748] [INFO] [path_server] 새로운 경로 설정 : path[1155 ➜ 110] time[0s] dist[27m] list[19] : 1155-1156-1157-1075-1076-1018-1019-1020-1011-1004-1005-1006-1021-1022-1007-1167-1168-1169-110
[2026-08-11 16:54:47.306523] [INFO] [path_server] 노드 업데이트 : [1156] ➜ [1157]
[2026-08-11 16:54:47.386479] [INFO] [path_server] 새로운 경로 설정 : path[1156 ➜ 110] time[0s] dist[25.5m] list[18] : 1156-1157-1075-1076-1018-1019-1020-1011-1004-1005-1006-1021-1022-1007-1167-1168-1169-110
[2026-08-11 16:54:48.065440] [INFO] [path_server] 노드 업데이트 : [1157] ➜ [1075]
[2026-08-11 16:54:48.125303] [INFO] [path_server] 새로운 경로 설정 : path[1157 ➜ 110] time[0s] dist[24m] list[17] : 1157-1075-1076-1018-1019-1020-1011-1004-1005-1006-1021-1022-1007-1167-1168-1169-110
[2026-08-11 16:54:49.383249] [INFO] [path_server] 노드 업데이트 : [1075] ➜ [1076]
[2026-08-11 16:54:49.463181] [INFO] [path_server] 새로운 경로 설정 : path[1075 ➜ 110] time[0s] dist[22.5m] list[16] : 1075-1076-1018-1019-1020-1011-1004-1005-1006-1021-1022-1007-1167-1168-1169-110
[2026-08-11 16:54:52.736398] [INFO] [path_server] 노드 업데이트 : [1076] ➜ [1018]
[2026-08-11 16:54:52.816350] [INFO] [path_server] 새로운 경로 설정 : path[1076 ➜ 110] time[0s] dist[21m] list[15] : 1076-1018-1019-1020-1011-1004-1005-1006-1021-1022-1007-1167-1168-1169-110
[2026-08-11 16:54:53.874087] [INFO] [path_server] 노드 업데이트 : [1018] ➜ [1019]
[2026-08-11 16:54:53.954020] [INFO] [path_server] 새로운 경로 설정 : path[1018 ➜ 110] time[0s] dist[19.5m] list[14] : 1018-1019-1020-1011-1004-1005-1006-1021-1022-1007-1167-1168-1169-110
[2026-08-11 16:54:54.692464] [INFO] [path_server] 노드 업데이트 : [1019] ➜ [1020]
[2026-08-11 16:54:54.752376] [INFO] [path_server] 새로운 경로 설정 : path[1019 ➜ 110] time[0s] dist[18m] list[13] : 1019-1020-1011-1004-1005-1006-1021-1022-1007-1167-1168-1169-110
[2026-08-11 16:54:55.450889] [INFO] [path_server] 노드 업데이트 : [1020] ➜ [1011]
[2026-08-11 16:54:55.530751] [INFO] [path_server] 새로운 경로 설정 : path[1020 ➜ 110] time[0s] dist[16.5m] list[12] : 1020-1011-1004-1005-1006-1021-1022-1007-1167-1168-1169-110
[2026-08-11 16:54:56.209343] [INFO] [path_server] 노드 업데이트 : [1011] ➜ [1004]
[2026-08-11 16:54:56.289278] [INFO] [path_server] 새로운 경로 설정 : path[1011 ➜ 110] time[0s] dist[15m] list[11] : 1011-1004-1005-1006-1021-1022-1007-1167-1168-1169-110
[2026-08-11 16:54:57.506690] [INFO] [path_server] 노드 업데이트 : [1004] ➜ [1005]
[2026-08-11 16:54:57.566597] [INFO] [path_server] 새로운 경로 설정 : path[1004 ➜ 110] time[0s] dist[13.5m] list[10] : 1004-1005-1006-1021-1022-1007-1167-1168-1169-110
[2026-08-11 16:55:00.880647] [INFO] [path_server] 노드 업데이트 : [1005] ➜ [1006]
[2026-08-11 16:55:00.960565] [INFO] [path_server] 새로운 경로 설정 : path[1005 ➜ 110] time[0s] dist[12m] list[9] : 1005-1006-1021-1022-1007-1167-1168-1169-110
[2026-08-11 16:55:01.998502] [INFO] [path_server] 노드 업데이트 : [1006] ➜ [1021]
[2026-08-11 16:55:02.078591] [INFO] [path_server] 새로운 경로 설정 : path[1006 ➜ 110] time[0s] dist[10.5m] list[8] : 1006-1021-1022-1007-1167-1168-1169-110
[2026-08-11 16:55:02.817233] [INFO] [path_server] 노드 업데이트 : [1021] ➜ [1022]
[2026-08-11 16:55:02.877231] [INFO] [path_server] 새로운 경로 설정 : path[1021 ➜ 110] time[0s] dist[9.00003m] list[7] : 1021-1022-1007-1167-1168-1169-110
[2026-08-11 16:55:04.154598] [INFO] [path_server] 노드 업데이트 : [1022] ➜ [1007]
[2026-08-11 16:55:04.234511] [INFO] [path_server] 새로운 경로 설정 : path[1022 ➜ 110] time[0s] dist[7.50003m] list[6] : 1022-1007-1167-1168-1169-110
[2026-08-11 16:55:07.488117] [INFO] [path_server] 노드 업데이트 : [1007] ➜ [1167]
[2026-08-11 16:55:07.547988] [INFO] [path_server] 새로운 경로 설정 : path[1007 ➜ 110] time[0s] dist[6.00003m] list[5] : 1007-1167-1168-1169-110
[2026-08-11 16:55:08.625850] [INFO] [path_server] 노드 업데이트 : [1167] ➜ [1168]
[2026-08-11 16:55:08.685732] [INFO] [path_server] 새로운 경로 설정 : path[1167 ➜ 110] time[0s] dist[4.50003m] list[4] : 1167-1168-1169-110
[2026-08-11 16:55:09.444209] [INFO] [path_server] 노드 업데이트 : [1168] ➜ [1169]
[2026-08-11 16:55:09.524072] [INFO] [path_server] 새로운 경로 설정 : path[1168 ➜ 110] time[0s] dist[3.00003m] list[3] : 1168-1169-110
[2026-08-11 16:55:10.861197] [INFO] [path_server] 노드 업데이트 : [1169] ➜ [110]
[2026-08-11 16:55:10.941120] [INFO] [path_server] 새로운 경로 설정 : path[1169 ➜ 110] time[0s] dist[1.50003m] list[2] : 1169-110
[2026-08-11 16:55:15.073130] [INFO] [health_monitor] [등록][100015, 200001] : 배터리 남은 양 - 주의
[2026-08-11 16:55:16.390750] [INFO] [path_server] 노드 업데이트 : [110] ➜ [-1]
[2026-08-11 16:55:19.285096] [INFO] [course_tracker] 목적지에서 각도 정렬 : [22.000m 15.990m 0.000°]
[2026-08-11 16:55:19.325054] [INFO] [path_server] 노드 업데이트 : [110] ➜ [-1]
[2026-08-11 16:55:19.344955] [INFO] [task::fsm] push_done
[2026-08-11 16:55:19.384939] [INFO] [task::fsm] charging
[2026-08-11 16:55:19.384948] [INFO] [power_system] 충전 프로세스 시작
[2026-08-11 16:55:19.384978] [INFO] [health_monitor] [등록][100015, 100001] : 자동 충전 시작.
[2026-08-11 16:55:24.395186] [INFO] [health_monitor] [삭제][100015, 100001] : 자동 충전 시작.
[2026-08-11 16:55:26.051831] [INFO] [health_monitor] [삭제][100015, 200001] : 배터리 남은 양 - 주의
[2026-08-11 16:55:50.045444] [INFO] [power_system] 충전 완료
[2026-08-11 16:55:50.045460] [INFO] [health_monitor] [등록][100015, 100002] : 배터리 가득.
[2026-08-11 16:55:50.045465] [INFO] [health_monitor] [등록][100015, 100003] : 자동 충전 해제 시작.
[2026-08-11 16:55:55.056405] [INFO] [health_monitor] [삭제][100015, 100002] : 배터리 가득.
[2026-08-11 16:55:55.056415] [INFO] [health_monitor] [삭제][100015, 100003] : 자동 충전 해제 시작.
[2026-08-11 16:55:55.076316] [INFO] [power_system] 충전 해제 완료
[2026-08-11 16:55:55.076325] [INFO] [health_monitor] [등록][100015, 100004] : 자동 충전 해제 완료.
[2026-08-11 16:55:55.096233] [INFO] [task::fsm] discharging
[2026-08-11 16:55:55.096240] [INFO] [power_system] 충전 해제 프로세스 시작
[2026-08-11 16:55:55.096247] [INFO] [health_monitor] [등록][100015, 100003] : 자동 충전 해제 시작.
[2026-08-11 16:55:55.116268] [INFO] [task::fsm] idle
[2026-08-11 16:55:55.116278] [INFO] [course_manager] 코스 삭제
[2026-08-11 16:55:55.116280] [INFO] [path_server] 경로 삭제
[2026-08-11 16:55:55.136216] [INFO] [task::fsm] idle
[2026-08-11 16:55:55.136220] [INFO] [course_manager] 코스 삭제
[2026-08-11 16:55:55.136221] [INFO] [path_server] 경로 삭제
[2026-08-11 16:56:00.086322] [INFO] [health_monitor] [삭제][100015, 100004] : 자동 충전 해제 완료.
[2026-08-11 16:56:00.106280] [INFO] [health_monitor] [삭제][100015, 100003] : 자동 충전 해제 시작.
[2026-08-11 16:56:50.149780] [INFO] [task::fsm] charging
[2026-08-11 16:56:50.149786] [INFO] [power_system] 충전 프로세스 시작
[2026-08-11 16:56:50.149799] [INFO] [health_monitor] [등록][100015, 100001] : 자동 충전 시작.
[2026-08-11 16:56:55.159556] [INFO] [health_monitor] [삭제][100015, 100001] : 자동 충전 시작.
[2026-08-11 16:57:03.861514] [INFO] [power_system] 충전 완료
[2026-08-11 16:57:03.861533] [INFO] [health_monitor] [등록][100015, 100002] : 배터리 가득.
[2026-08-11 16:57:03.861539] [INFO] [health_monitor] [등록][100015, 100003] : 자동 충전 해제 시작.
[2026-08-11 16:57:08.872401] [INFO] [health_monitor] [삭제][100015, 100002] : 배터리 가득.
[2026-08-11 16:57:08.872408] [INFO] [health_monitor] [삭제][100015, 100003] : 자동 충전 해제 시작.
[2026-08-11 16:57:08.892309] [INFO] [power_system] 충전 해제 완료
[2026-08-11 16:57:08.892319] [INFO] [health_monitor] [등록][100015, 100004] : 자동 충전 해제 완료.
[2026-08-11 16:57:08.912329] [INFO] [task::fsm] discharging
[2026-08-11 16:57:08.912336] [INFO] [power_system] 충전 해제 프로세스 시작
[2026-08-11 16:57:08.912344] [INFO] [health_monitor] [등록][100015, 100003] : 자동 충전 해제 시작.
[2026-08-11 16:57:08.932283] [INFO] [task::fsm] idle
[2026-08-11 16:57:08.932290] [INFO] [course_manager] 코스 삭제
[2026-08-11 16:57:08.932293] [INFO] [path_server] 경로 삭제
[2026-08-11 16:57:08.972188] [INFO] [task::fsm] idle
[2026-08-11 16:57:08.972194] [INFO] [course_manager] 코스 삭제
[2026-08-11 16:57:08.972195] [INFO] [path_server] 경로 삭제
[2026-08-11 16:57:13.903213] [INFO] [health_monitor] [삭제][100015, 100004] : 자동 충전 해제 완료.
[2026-08-11 16:57:13.923217] [INFO] [health_monitor] [삭제][100015, 100003] : 자동 충전 해제 시작.
[2026-08-11 16:58:03.963575] [INFO] [task::fsm] charging
[2026-08-11 16:58:03.963584] [INFO] [power_system] 충전 프로세스 시작
[2026-08-11 16:58:03.963601] [INFO] [health_monitor] [등록][100015, 100001] : 자동 충전 시작.
[2026-08-11 16:58:08.974040] [INFO] [health_monitor] [삭제][100015, 100001] : 자동 충전 시작.
[2026-08-11 16:58:17.676052] [INFO] [power_system] 충전 완료
[2026-08-11 16:58:17.676069] [INFO] [health_monitor] [등록][100015, 100002] : 배터리 가득.
[2026-08-11 16:58:17.676071] [INFO] [health_monitor] [등록][100015, 100003] : 자동 충전 해제 시작.
[2026-08-11 16:58:22.686119] [INFO] [health_monitor] [삭제][100015, 100002] : 배터리 가득.
[2026-08-11 16:58:22.686124] [INFO] [health_monitor] [삭제][100015, 100003] : 자동 충전 해제 시작.
[2026-08-11 16:58:22.706022] [INFO] [power_system] 충전 해제 완료
[2026-08-11 16:58:22.706031] [INFO] [health_monitor] [등록][100015, 100004] : 자동 충전 해제 완료.
[2026-08-11 16:58:22.726003] [INFO] [task::fsm] discharging
[2026-08-11 16:58:22.726009] [INFO] [power_system] 충전 해제 프로세스 시작
[2026-08-11 16:58:22.726016] [INFO] [health_monitor] [등록][100015, 100003] : 자동 충전 해제 시작.
[2026-08-11 16:58:22.745988] [INFO] [task::fsm] idle
[2026-08-11 16:58:22.745991] [INFO] [course_manager] 코스 삭제
[2026-08-11 16:58:22.745993] [INFO] [path_server] 경로 삭제
[2026-08-11 16:58:22.785915] [INFO] [task::fsm] idle
[2026-08-11 16:58:22.785920] [INFO] [course_manager] 코스 삭제
[2026-08-11 16:58:22.785921] [INFO] [path_server] 경로 삭제
[2026-08-11 16:58:27.716109] [INFO] [health_monitor] [삭제][100015, 100004] : 자동 충전 해제 완료.
[2026-08-11 16:58:27.736028] [INFO] [health_monitor] [삭제][100015, 100003] : 자동 충전 해제 시작.
[2026-08-11 16:59:17.797178] [INFO] [task::fsm] charging
[2026-08-11 16:59:17.797202] [INFO] [health_monitor] [등록][100015, 100001] : 자동 충전 시작.
[2026-08-11 16:59:17.797187] [INFO] [power_system] 충전 프로세스 시작
[2026-08-11 16:59:22.807720] [INFO] [health_monitor] [삭제][100015, 100001] : 자동 충전 시작.
[2026-08-11 16:59:31.530383] [INFO] [power_system] 충전 완료
[2026-08-11 16:59:31.530401] [INFO] [health_monitor] [등록][100015, 100002] : 배터리 가득.
[2026-08-11 16:59:31.530404] [INFO] [health_monitor] [등록][100015, 100003] : 자동 충전 해제 시작.
[2026-08-11 16:59:36.540460] [INFO] [health_monitor] [삭제][100015, 100002] : 배터리 가득.
[2026-08-11 16:59:36.540467] [INFO] [health_monitor] [삭제][100015, 100003] : 자동 충전 해제 시작.
[2026-08-11 16:59:36.560456] [INFO] [power_system] 충전 해제 완료
[2026-08-11 16:59:36.560469] [INFO] [health_monitor] [등록][100015, 100004] : 자동 충전 해제 완료.
[2026-08-11 16:59:36.580428] [INFO] [task::fsm] discharging
[2026-08-11 16:59:36.580436] [INFO] [power_system] 충전 해제 프로세스 시작
[2026-08-11 16:59:36.580446] [INFO] [health_monitor] [등록][100015, 100003] : 자동 충전 해제 시작.
[2026-08-11 16:59:36.600333] [INFO] [task::fsm] idle
[2026-08-11 16:59:36.600339] [INFO] [course_manager] 코스 삭제
[2026-08-11 16:59:36.600342] [INFO] [path_server] 경로 삭제
[2026-08-11 16:59:36.640314] [INFO] [task::fsm] idle
[2026-08-11 16:59:36.640323] [INFO] [path_server] 경로 삭제
[2026-08-11 16:59:36.640320] [INFO] [course_manager] 코스 삭제
[2026-08-11 16:59:41.570691] [INFO] [health_monitor] [삭제][100015, 100004] : 자동 충전 해제 완료.
[2026-08-11 16:59:41.590687] [INFO] [health_monitor] [삭제][100015, 100003] : 자동 충전 해제 시작.
[2026-08-11 17:00:31.633146] [INFO] [task::fsm] charging
[2026-08-11 17:00:31.633170] [INFO] [health_monitor] [등록][100015, 100001] : 자동 충전 시작.
[2026-08-11 17:00:31.633155] [INFO] [power_system] 충전 프로세스 시작
[2026-08-11 17:00:36.643258] [INFO] [health_monitor] [삭제][100015, 100001] : 자동 충전 시작.
[2026-08-11 17:00:45.345591] [INFO] [power_system] 충전 완료
[2026-08-11 17:00:45.345607] [INFO] [health_monitor] [등록][100015, 100002] : 배터리 가득.
[2026-08-11 17:00:45.345609] [INFO] [health_monitor] [등록][100015, 100003] : 자동 충전 해제 시작.
[2026-08-11 17:00:50.355894] [INFO] [health_monitor] [삭제][100015, 100002] : 배터리 가득.
[2026-08-11 17:00:50.355901] [INFO] [health_monitor] [삭제][100015, 100003] : 자동 충전 해제 시작.
[2026-08-11 17:00:50.375761] [INFO] [power_system] 충전 해제 완료
[2026-08-11 17:00:50.375773] [INFO] [health_monitor] [등록][100015, 100004] : 자동 충전 해제 완료.
[2026-08-11 17:00:50.395789] [INFO] [task::fsm] discharging
[2026-08-11 17:00:50.395798] [INFO] [power_system] 충전 해제 프로세스 시작
[2026-08-11 17:00:50.395810] [INFO] [health_monitor] [등록][100015, 100003] : 자동 충전 해제 시작.
[2026-08-11 17:00:50.415721] [INFO] [task::fsm] idle
[2026-08-11 17:00:50.415732] [INFO] [course_manager] 코스 삭제
[2026-08-11 17:00:50.415735] [INFO] [path_server] 경로 삭제
[2026-08-11 17:00:50.455648] [INFO] [task::fsm] idle
[2026-08-11 17:00:50.455657] [INFO] [course_manager] 코스 삭제
[2026-08-11 17:00:50.455659] [INFO] [path_server] 경로 삭제
[2026-08-11 17:00:55.386049] [INFO] [health_monitor] [삭제][100015, 100004] : 자동 충전 해제 완료.
[2026-08-11 17:00:55.405989] [INFO] [health_monitor] [삭제][100015, 100003] : 자동 충전 해제 시작.
[2026-08-11 17:01:45.466689] [INFO] [task::fsm] charging
[2026-08-11 17:01:45.466698] [INFO] [power_system] 충전 프로세스 시작
[2026-08-11 17:01:45.466717] [INFO] [health_monitor] [등록][100015, 100001] : 자동 충전 시작.
[2026-08-11 17:01:50.477584] [INFO] [health_monitor] [삭제][100015, 100001] : 자동 충전 시작.
[2026-08-11 17:01:59.199734] [INFO] [power_system] 충전 완료
[2026-08-11 17:01:59.199753] [INFO] [health_monitor] [등록][100015, 100002] : 배터리 가득.
[2026-08-11 17:01:59.199756] [INFO] [health_monitor] [등록][100015, 100003] : 자동 충전 해제 시작.
[2026-08-11 17:02:04.210149] [INFO] [health_monitor] [삭제][100015, 100002] : 배터리 가득.
[2026-08-11 17:02:04.210156] [INFO] [health_monitor] [삭제][100015, 100003] : 자동 충전 해제 시작.
[2026-08-11 17:02:04.230148] [INFO] [power_system] 충전 해제 완료
[2026-08-11 17:02:04.230160] [INFO] [health_monitor] [등록][100015, 100004] : 자동 충전 해제 완료.
[2026-08-11 17:02:04.250105] [INFO] [task::fsm] discharging
[2026-08-11 17:02:04.250113] [INFO] [power_system] 충전 해제 프로세스 시작
[2026-08-11 17:02:04.250123] [INFO] [health_monitor] [등록][100015, 100003] : 자동 충전 해제 시작.
[2026-08-11 17:02:04.270007] [INFO] [task::fsm] idle
[2026-08-11 17:02:04.270011] [INFO] [course_manager] 코스 삭제
[2026-08-11 17:02:04.270013] [INFO] [path_server] 경로 삭제
[2026-08-11 17:02:04.309978] [INFO] [task::fsm] idle
[2026-08-11 17:02:04.309983] [INFO] [course_manager] 코스 삭제
[2026-08-11 17:02:04.309985] [INFO] [path_server] 경로 삭제
[2026-08-11 17:02:09.240392] [INFO] [health_monitor] [삭제][100015, 100004] : 자동 충전 해제 완료.
[2026-08-11 17:02:09.260424] [INFO] [health_monitor] [삭제][100015, 100003] : 자동 충전 해제 시작.
[2026-08-11 17:03:34.357084] [INFO] [framework] 프로그램 시작
[2026-08-11 17:03:34.357090] [WARNING] [framework] 프로그램 시작
[2026-08-11 17:03:34.357092] [CRITICAL] [framework] 프로그램 시작
[2026-08-11 17:03:34.357092] [INFO] [framework] 설정 파일 위치 : ../configs/robot_3
[2026-08-11 17:03:34.357214] [INFO] [framework] ID[0, 3], 이름[박쓰리], 제어주기[20ms], 버젼[], 장소[우리집], 환경모드[simulation]
[2026-08-11 17:03:34.357413] [INFO] [mediator] 생성
[2026-08-11 17:03:34.357445] [INFO] [graph_manager] 생성
[2026-08-11 17:03:34.396414] [INFO] [stop_server] 생성
[2026-08-11 17:03:34.396452] [INFO] [health_monitor] 생성
[2026-08-11 17:03:34.396490] [INFO] [path_server] 생성
[2026-08-11 17:03:34.396511] [INFO] [course_manager] 생성
[2026-08-11 17:03:34.396532] [INFO] [task::fsm] 생성
[2026-08-11 17:03:34.396533] [INFO] [task::fsm] idle
[2026-08-11 17:03:34.396535] [INFO] [course_manager] 코스 삭제
[2026-08-11 17:03:34.396536] [INFO] [path_server] 경로 삭제
[2026-08-11 17:03:34.396553] [INFO] [task_manager] 생성
[2026-08-11 17:03:34.396701] [INFO] [mediator] connectors 생성
[2026-08-11 17:03:34.396734] [INFO] [fms] 생성
[2026-08-11 17:03:34.396736] [INFO] [fms] 통신 드라이버 생성
[2026-08-11 17:03:34.397131] [INFO] [motions] 생성
[2026-08-11 17:03:34.397162] [INFO] [localizers] 생성
[2026-08-11 17:03:34.397302] [INFO] [localizers] 파라미터 : 

[2026-08-11 17:03:34.397327] [INFO] [safety_plc] 생성
[2026-08-11 17:03:34.397348] [INFO] [load_handler] 생성
[2026-08-11 17:03:34.397370] [INFO] [power_system] 생성
[2026-08-11 17:03:34.397521] [INFO] [power_system] 설정 정보 : remaining[40%, 10%, 5%]
[2026-08-11 17:03:34.398153] [INFO] [power_system] 알람 목록 : 
 • [100015, 100001] [INFO] 자동 충전 시작.
 • [100015, 100002] [INFO] 배터리 가득.
 • [100015, 400001] [CRIT] 배터리 남은 양 - 위험
 • [100015, 300001] [ERROR] 배터리 남은 양 - 에러
 • [100015, 200001] [WARN] 배터리 남은 양 - 주의
 • [100015, 100004] [INFO] 자동 충전 해제 완료.
 • [100015, 100003] [INFO] 자동 충전 해제 시작.
[2026-08-11 17:03:34.398161] [INFO] [mediator] any map 등록
[2026-08-11 17:03:34.398167] [INFO] [mediator] any collector 등록
[2026-08-11 17:03:34.398158] [INFO] [mediator] connector 의존성 주입
[2026-08-11 17:03:34.398169] [INFO] [mediator] any collector 목록 검사
[2026-08-11 17:03:34.398256] [INFO] [framework] after init 실행
[2026-08-11 17:03:34.398643] [INFO] [course_tracker] 생성
[2026-08-11 17:03:34.398666] [INFO] [course_tracker] 파라미터 : 
◈ node_bound[0.020m, 0.150m, 0.005m]
 • approach[0.150m, 0.050m/s, -0.005m, -0.200m, 0.100m]
 • align[(10.000°, 5.000°/s), 50.000°, 30.000°/s), 0.800°, -0.100°]
◈ motion param : 
 • reference_angle[0.000°, 45.000°]
 • threshold_angle[15.000°, 20.000°, 170.000°]
 • threshold_error[0.300°, 5.000°]
 • normal[0.150m/s, 8.000, 0.800m/s, 0.500]
 • angle[0.150m/s, 1.500, 0.800m/s, 2.100]
 • protection_overshoot[0.100m/s, 0.900, 0.500m/s, 0.900]
 • speed_rotation[15.000°/s]
[2026-08-11 17:03:34.398670] [INFO] [framework] 제어 쓰레드 시작
[2026-08-11 17:03:34.398742] [INFO] [path_server] 노드 초기화 성공 : 로봇 좌표[22.004m 15.988m -179.507°] 최단 거리 노드[110] 거리(0.004218m)
[2026-08-11 17:03:34.398813] [INFO] [health_monitor] [등록][100015, 200001] : 배터리 남은 양 - 주의
[2026-08-11 17:03:35.656416] [INFO] [task::fsm] charging
[2026-08-11 17:03:35.656437] [INFO] [health_monitor] [등록][100015, 100001] : 자동 충전 시작.
[2026-08-11 17:03:35.656424] [INFO] [power_system] 충전 프로세스 시작
[2026-08-11 17:03:40.666822] [INFO] [health_monitor] [삭제][100015, 100001] : 자동 충전 시작.
[2026-08-11 17:03:51.526150] [INFO] [health_monitor] [삭제][100015, 200001] : 배터리 남은 양 - 주의
[2026-08-11 17:04:15.539261] [INFO] [power_system] 충전 완료
[2026-08-11 17:04:15.539283] [INFO] [health_monitor] [등록][100015, 100003] : 자동 충전 해제 시작.
[2026-08-11 17:04:15.539279] [INFO] [health_monitor] [등록][100015, 100002] : 배터리 가득.
[2026-08-11 17:04:20.549297] [INFO] [health_monitor] [삭제][100015, 100002] : 배터리 가득.
[2026-08-11 17:04:20.549303] [INFO] [health_monitor] [삭제][100015, 100003] : 자동 충전 해제 시작.
[2026-08-11 17:04:20.569233] [INFO] [power_system] 충전 해제 완료
[2026-08-11 17:04:20.569243] [INFO] [health_monitor] [등록][100015, 100004] : 자동 충전 해제 완료.
[2026-08-11 17:04:20.589152] [INFO] [task::fsm] discharging
[2026-08-11 17:04:20.589160] [INFO] [power_system] 충전 해제 프로세스 시작
[2026-08-11 17:04:20.589169] [INFO] [health_monitor] [등록][100015, 100003] : 자동 충전 해제 시작.
[2026-08-11 17:04:20.609162] [INFO] [task::fsm] idle
[2026-08-11 17:04:20.609170] [INFO] [path_server] 경로 삭제
[2026-08-11 17:04:20.609168] [INFO] [course_manager] 코스 삭제
[2026-08-11 17:04:20.629164] [INFO] [task::fsm] idle
[2026-08-11 17:04:20.629170] [INFO] [course_manager] 코스 삭제
[2026-08-11 17:04:20.629172] [INFO] [path_server] 경로 삭제
[2026-08-11 17:04:25.579820] [INFO] [health_monitor] [삭제][100015, 100004] : 자동 충전 해제 완료.
[2026-08-11 17:04:25.599703] [INFO] [health_monitor] [삭제][100015, 100003] : 자동 충전 해제 시작.
[2026-08-11 17:05:15.660577] [INFO] [task::fsm] charging
[2026-08-11 17:05:15.660586] [INFO] [power_system] 충전 프로세스 시작
[2026-08-11 17:05:15.660600] [INFO] [health_monitor] [등록][100015, 100001] : 자동 충전 시작.
[2026-08-11 17:05:20.670799] [INFO] [health_monitor] [삭제][100015, 100001] : 자동 충전 시작.
[2026-08-11 17:05:29.393762] [INFO] [power_system] 충전 완료
[2026-08-11 17:05:29.393778] [INFO] [health_monitor] [등록][100015, 100002] : 배터리 가득.
[2026-08-11 17:05:29.393782] [INFO] [health_monitor] [등록][100015, 100003] : 자동 충전 해제 시작.
[2026-08-11 17:05:34.403654] [INFO] [health_monitor] [삭제][100015, 100003] : 자동 충전 해제 시작.
[2026-08-11 17:05:34.403637] [INFO] [health_monitor] [삭제][100015, 100002] : 배터리 가득.
[2026-08-11 17:05:34.423457] [INFO] [power_system] 충전 해제 완료
[2026-08-11 17:05:34.423469] [INFO] [health_monitor] [등록][100015, 100004] : 자동 충전 해제 완료.
[2026-08-11 17:05:34.443475] [INFO] [task::fsm] discharging
[2026-08-11 17:05:34.443483] [INFO] [power_system] 충전 해제 프로세스 시작
[2026-08-11 17:05:34.443494] [INFO] [health_monitor] [등록][100015, 100003] : 자동 충전 해제 시작.
[2026-08-11 17:05:34.463406] [INFO] [task::fsm] idle
[2026-08-11 17:05:34.463411] [INFO] [course_manager] 코스 삭제
[2026-08-11 17:05:34.463412] [INFO] [path_server] 경로 삭제
[2026-08-11 17:05:34.503415] [INFO] [task::fsm] idle
[2026-08-11 17:05:34.503431] [INFO] [path_server] 경로 삭제
[2026-08-11 17:05:34.503428] [INFO] [course_manager] 코스 삭제
[2026-08-11 17:05:39.433906] [INFO] [health_monitor] [삭제][100015, 100004] : 자동 충전 해제 완료.
[2026-08-11 17:05:39.453920] [INFO] [health_monitor] [삭제][100015, 100003] : 자동 충전 해제 시작.
[2026-08-11 17:06:29.512975] [INFO] [task::fsm] charging
[2026-08-11 17:06:29.512982] [INFO] [power_system] 충전 프로세스 시작
[2026-08-11 17:06:29.512994] [INFO] [health_monitor] [등록][100015, 100001] : 자동 충전 시작.
[2026-08-11 17:06:34.523093] [INFO] [health_monitor] [삭제][100015, 100001] : 자동 충전 시작.
[2026-08-11 17:06:43.245734] [INFO] [power_system] 충전 완료
[2026-08-11 17:06:43.245748] [INFO] [health_monitor] [등록][100015, 100002] : 배터리 가득.
[2026-08-11 17:06:43.245754] [INFO] [health_monitor] [등록][100015, 100003] : 자동 충전 해제 시작.
[2026-08-11 17:06:48.255846] [INFO] [health_monitor] [삭제][100015, 100002] : 배터리 가득.
[2026-08-11 17:06:48.255853] [INFO] [health_monitor] [삭제][100015, 100003] : 자동 충전 해제 시작.
[2026-08-11 17:06:48.275831] [INFO] [power_system] 충전 해제 완료
[2026-08-11 17:06:48.275841] [INFO] [health_monitor] [등록][100015, 100004] : 자동 충전 해제 완료.
[2026-08-11 17:06:48.295796] [INFO] [task::fsm] discharging
[2026-08-11 17:06:48.295808] [INFO] [power_system] 충전 해제 프로세스 시작
[2026-08-11 17:06:48.295820] [INFO] [health_monitor] [등록][100015, 100003] : 자동 충전 해제 시작.
[2026-08-11 17:06:48.315706] [INFO] [task::fsm] idle
[2026-08-11 17:06:48.315713] [INFO] [course_manager] 코스 삭제
[2026-08-11 17:06:48.315717] [INFO] [path_server] 경로 삭제
[2026-08-11 17:06:48.355667] [INFO] [task::fsm] idle
[2026-08-11 17:06:48.355675] [INFO] [path_server] 경로 삭제
[2026-08-11 17:06:48.355673] [INFO] [course_manager] 코스 삭제
[2026-08-11 17:06:53.285803] [INFO] [health_monitor] [삭제][100015, 100004] : 자동 충전 해제 완료.
[2026-08-11 17:06:53.305771] [INFO] [health_monitor] [삭제][100015, 100003] : 자동 충전 해제 시작.
[2026-08-11 17:07:43.384644] [INFO] [task::fsm] charging
[2026-08-11 17:07:43.384664] [INFO] [health_monitor] [등록][100015, 100001] : 자동 충전 시작.
[2026-08-11 17:07:43.384651] [INFO] [power_system] 충전 프로세스 시작
[2026-08-11 17:07:48.394557] [INFO] [health_monitor] [삭제][100015, 100001] : 자동 충전 시작.
[2026-08-11 17:07:57.117202] [INFO] [power_system] 충전 완료
[2026-08-11 17:07:57.117220] [INFO] [health_monitor] [등록][100015, 100002] : 배터리 가득.
[2026-08-11 17:07:57.117223] [INFO] [health_monitor] [등록][100015, 100003] : 자동 충전 해제 시작.
[2026-08-11 17:08:02.127321] [INFO] [health_monitor] [삭제][100015, 100002] : 배터리 가득.
[2026-08-11 17:08:02.127327] [INFO] [health_monitor] [삭제][100015, 100003] : 자동 충전 해제 시작.
[2026-08-11 17:08:02.147313] [INFO] [power_system] 충전 해제 완료
[2026-08-11 17:08:02.147325] [INFO] [health_monitor] [등록][100015, 100004] : 자동 충전 해제 완료.
[2026-08-11 17:08:02.167262] [INFO] [task::fsm] discharging
[2026-08-11 17:08:02.167268] [INFO] [power_system] 충전 해제 프로세스 시작
[2026-08-11 17:08:02.167275] [INFO] [health_monitor] [등록][100015, 100003] : 자동 충전 해제 시작.
[2026-08-11 17:08:02.187173] [INFO] [task::fsm] idle
[2026-08-11 17:08:02.187176] [INFO] [course_manager] 코스 삭제
[2026-08-11 17:08:02.187178] [INFO] [path_server] 경로 삭제
[2026-08-11 17:08:02.227145] [INFO] [task::fsm] idle
[2026-08-11 17:08:02.227152] [INFO] [path_server] 경로 삭제
[2026-08-11 17:08:02.227150] [INFO] [course_manager] 코스 삭제
[2026-08-11 17:08:06.897554] [INFO] [path_server] 새로운 경로 설정 : path[110 ➜ 205] time[0s] dist[37.5m] list[26] : 110-1169-1170-1171-1172-1091-1092-1093-1094-1095-1074-1075-1076-1018-1019-1020-1011-1004-1013-1049-1050-1014-1201-1200-1202-205
[2026-08-11 17:08:06.897569] [INFO] [course_tracker] 방향 정렬 완료 
[2026-08-11 17:08:07.156930] [INFO] [health_monitor] [삭제][100015, 100004] : 자동 충전 해제 완료.
[2026-08-11 17:08:07.176962] [INFO] [health_monitor] [삭제][100015, 100003] : 자동 충전 해제 시작.
[2026-08-11 17:08:11.587847] [INFO] [path_server] 노드 업데이트 : [1169] ➜ [1170]
[2026-08-11 17:08:11.667743] [INFO] [path_server] 새로운 경로 설정 : path[1169 ➜ 205] time[0s] dist[36m] list[25] : 1169-1170-1171-1172-1091-1092-1093-1094-1095-1074-1075-1076-1018-1019-1020-1011-1004-1013-1049-1050-1014-1201-1200-1202-205
[2026-08-11 17:08:15.280431] [INFO] [path_server] 노드 업데이트 : [1170] ➜ [1171]
[2026-08-11 17:08:15.360427] [INFO] [path_server] 새로운 경로 설정 : path[1170 ➜ 205] time[0s] dist[34.5m] list[24] : 1170-1171-1172-1091-1092-1093-1094-1095-1074-1075-1076-1018-1019-1020-1011-1004-1013-1049-1050-1014-1201-1200-1202-205
[2026-08-11 17:08:16.398620] [INFO] [path_server] 노드 업데이트 : [1171] ➜ [1172]
[2026-08-11 17:08:16.458529] [INFO] [path_server] 새로운 경로 설정 : path[1171 ➜ 205] time[0s] dist[33m] list[23] : 1171-1172-1091-1092-1093-1094-1095-1074-1075-1076-1018-1019-1020-1011-1004-1013-1049-1050-1014-1201-1200-1202-205
[2026-08-11 17:08:17.216934] [INFO] [path_server] 노드 업데이트 : [1172] ➜ [1091]
[2026-08-11 17:08:17.296746] [INFO] [path_server] 새로운 경로 설정 : path[1172 ➜ 205] time[0s] dist[31.5m] list[22] : 1172-1091-1092-1093-1094-1095-1074-1075-1076-1018-1019-1020-1011-1004-1013-1049-1050-1014-1201-1200-1202-205
[2026-08-11 17:08:18.254961] [INFO] [path_server] 노드 업데이트 : [1091] ➜ [1092]
[2026-08-11 17:08:18.314812] [INFO] [path_server] 새로운 경로 설정 : path[1091 ➜ 205] time[0s] dist[30m] list[21] : 1091-1092-1093-1094-1095-1074-1075-1076-1018-1019-1020-1011-1004-1013-1049-1050-1014-1201-1200-1202-205
[2026-08-11 17:08:21.528253] [INFO] [path_server] 노드 업데이트 : [1092] ➜ [1093]
[2026-08-11 17:08:21.608146] [INFO] [path_server] 새로운 경로 설정 : path[1092 ➜ 205] time[0s] dist[28.5m] list[20] : 1092-1093-1094-1095-1074-1075-1076-1018-1019-1020-1011-1004-1013-1049-1050-1014-1201-1200-1202-205
[2026-08-11 17:08:22.765682] [INFO] [path_server] 노드 업데이트 : [1093] ➜ [1094]
[2026-08-11 17:08:22.845617] [INFO] [path_server] 새로운 경로 설정 : path[1093 ➜ 205] time[0s] dist[27m] list[19] : 1093-1094-1095-1074-1075-1076-1018-1019-1020-1011-1004-1013-1049-1050-1014-1201-1200-1202-205
[2026-08-11 17:08:23.643999] [INFO] [path_server] 노드 업데이트 : [1094] ➜ [1095]
[2026-08-11 17:08:23.703931] [INFO] [path_server] 새로운 경로 설정 : path[1094 ➜ 205] time[0s] dist[25.5m] list[18] : 1094-1095-1074-1075-1076-1018-1019-1020-1011-1004-1013-1049-1050-1014-1201-1200-1202-205
[2026-08-11 17:08:24.961554] [INFO] [path_server] 노드 업데이트 : [1095] ➜ [1074]
[2026-08-11 17:08:25.021478] [INFO] [path_server] 새로운 경로 설정 : path[1095 ➜ 205] time[0s] dist[24m] list[17] : 1095-1074-1075-1076-1018-1019-1020-1011-1004-1013-1049-1050-1014-1201-1200-1202-205
[2026-08-11 17:08:28.295329] [INFO] [path_server] 노드 업데이트 : [1074] ➜ [1075]
[2026-08-11 17:08:28.355250] [INFO] [path_server] 새로운 경로 설정 : path[1074 ➜ 205] time[0s] dist[22.5m] list[16] : 1074-1075-1076-1018-1019-1020-1011-1004-1013-1049-1050-1014-1201-1200-1202-205
[2026-08-11 17:08:29.433178] [INFO] [path_server] 노드 업데이트 : [1075] ➜ [1076]
[2026-08-11 17:08:29.493089] [INFO] [path_server] 새로운 경로 설정 : path[1075 ➜ 205] time[0s] dist[21m] list[15] : 1075-1076-1018-1019-1020-1011-1004-1013-1049-1050-1014-1201-1200-1202-205
[2026-08-11 17:08:30.254497] [INFO] [path_server] 노드 업데이트 : [1076] ➜ [1018]
[2026-08-11 17:08:30.334959] [INFO] [path_server] 새로운 경로 설정 : path[1076 ➜ 205] time[0s] dist[19.5m] list[14] : 1076-1018-1019-1020-1011-1004-1013-1049-1050-1014-1201-1200-1202-205
[2026-08-11 17:08:31.015241] [INFO] [path_server] 노드 업데이트 : [1018] ➜ [1019]
[2026-08-11 17:08:31.075160] [INFO] [path_server] 새로운 경로 설정 : path[1018 ➜ 205] time[0s] dist[18m] list[13] : 1018-1019-1020-1011-1004-1013-1049-1050-1014-1201-1200-1202-205
[2026-08-11 17:08:31.753687] [INFO] [path_server] 노드 업데이트 : [1019] ➜ [1020]
[2026-08-11 17:08:31.833610] [INFO] [path_server] 새로운 경로 설정 : path[1019 ➜ 205] time[0s] dist[16.5m] list[12] : 1019-1020-1011-1004-1013-1049-1050-1014-1201-1200-1202-205
[2026-08-11 17:08:32.512250] [INFO] [path_server] 노드 업데이트 : [1020] ➜ [1011]
[2026-08-11 17:08:32.572124] [INFO] [path_server] 새로운 경로 설정 : path[1020 ➜ 205] time[0s] dist[15m] list[11] : 1020-1011-1004-1013-1049-1050-1014-1201-1200-1202-205
[2026-08-11 17:08:33.250649] [INFO] [path_server] 노드 업데이트 : [1011] ➜ [1004]
[2026-08-11 17:08:33.330564] [INFO] [path_server] 새로운 경로 설정 : path[1011 ➜ 205] time[0s] dist[13.5m] list[10] : 1011-1004-1013-1049-1050-1014-1201-1200-1202-205
[2026-08-11 17:08:34.009161] [INFO] [path_server] 노드 업데이트 : [1004] ➜ [1013]
[2026-08-11 17:08:34.089093] [INFO] [path_server] 새로운 경로 설정 : path[1004 ➜ 205] time[0s] dist[12m] list[9] : 1004-1013-1049-1050-1014-1201-1200-1202-205
[2026-08-11 17:08:34.767524] [INFO] [path_server] 노드 업데이트 : [1013] ➜ [1049]
[2026-08-11 17:08:34.827429] [INFO] [path_server] 새로운 경로 설정 : path[1013 ➜ 205] time[0s] dist[10.5m] list[8] : 1013-1049-1050-1014-1201-1200-1202-205
[2026-08-11 17:08:35.505943] [INFO] [path_server] 노드 업데이트 : [1049] ➜ [1050]
[2026-08-11 17:08:35.585824] [INFO] [path_server] 새로운 경로 설정 : path[1049 ➜ 205] time[0s] dist[9m] list[7] : 1049-1050-1014-1201-1200-1202-205
[2026-08-11 17:08:36.843242] [INFO] [path_server] 노드 업데이트 : [1050] ➜ [1014]
[2026-08-11 17:08:36.923095] [INFO] [path_server] 새로운 경로 설정 : path[1050 ➜ 205] time[0s] dist[7.5m] list[6] : 1050-1014-1201-1200-1202-205
[2026-08-11 17:08:40.196626] [INFO] [path_server] 노드 업데이트 : [1014] ➜ [1201]
[2026-08-11 17:08:40.276508] [INFO] [path_server] 새로운 경로 설정 : path[1014 ➜ 205] time[0s] dist[6m] list[5] : 1014-1201-1200-1202-205
[2026-08-11 17:08:41.334344] [INFO] [path_server] 노드 업데이트 : [1201] ➜ [1200]
[2026-08-11 17:08:41.414212] [INFO] [path_server] 새로운 경로 설정 : path[1201 ➜ 205] time[0s] dist[4.5m] list[4] : 1201-1200-1202-205
[2026-08-11 17:08:42.152697] [INFO] [path_server] 노드 업데이트 : [1200] ➜ [1202]
[2026-08-11 17:08:42.232599] [INFO] [path_server] 새로운 경로 설정 : path[1200 ➜ 205] time[0s] dist[3m] list[3] : 1200-1202-205
[2026-08-11 17:08:43.489985] [INFO] [path_server] 노드 업데이트 : [1202] ➜ [205]
[2026-08-11 17:08:43.569806] [INFO] [path_server] 새로운 경로 설정 : path[1202 ➜ 205] time[0s] dist[1.5m] list[2] : 1202-205
[2026-08-11 17:08:48.700024] [INFO] [path_server] 노드 업데이트 : [205] ➜ [-1]
[2026-08-11 17:08:51.594313] [INFO] [course_tracker] 목적지에서 각도 정렬 : [23.500m 7.000m 0.000°]
[2026-08-11 17:08:51.634284] [INFO] [path_server] 노드 업데이트 : [205] ➜ [-1]
[2026-08-11 17:08:51.654185] [INFO] [task::fsm] push_done
[2026-08-11 17:08:51.694158] [INFO] [task::fsm] idle
[2026-08-11 17:08:51.694166] [INFO] [path_server] 경로 삭제
[2026-08-11 17:08:51.694164] [INFO] [course_manager] 코스 삭제
[2026-08-11 17:09:08.001460] [INFO] [path_server] 새로운 경로 설정 : path[205 ➜ 108] time[0s] dist[37.5m] list[26] : 205-1202-1203-1204-1205-1206-1207-1208-1145-1146-1147-1148-1077-1029-1030-1031-1032-1033-1034-1007-1167-1168-1169-1170-1171-108
[2026-08-11 17:09:12.891827] [INFO] [path_server] 노드 업데이트 : [1202] ➜ [1203]
[2026-08-11 17:09:12.971708] [INFO] [path_server] 새로운 경로 설정 : path[1202 ➜ 108] time[0s] dist[36m] list[25] : 1202-1203-1204-1205-1206-1207-1208-1145-1146-1147-1148-1077-1029-1030-1031-1032-1033-1034-1007-1167-1168-1169-1170-1171-108
[2026-08-11 17:09:16.504578] [INFO] [path_server] 노드 업데이트 : [1203] ➜ [1204]
[2026-08-11 17:09:16.564485] [INFO] [path_server] 새로운 경로 설정 : path[1203 ➜ 108] time[0s] dist[34.5m] list[24] : 1203-1204-1205-1206-1207-1208-1145-1146-1147-1148-1077-1029-1030-1031-1032-1033-1034-1007-1167-1168-1169-1170-1171-108
[2026-08-11 17:09:17.642376] [INFO] [path_server] 노드 업데이트 : [1204] ➜ [1205]
[2026-08-11 17:09:17.702297] [INFO] [path_server] 새로운 경로 설정 : path[1204 ➜ 108] time[0s] dist[33m] list[23] : 1204-1205-1206-1207-1208-1145-1146-1147-1148-1077-1029-1030-1031-1032-1033-1034-1007-1167-1168-1169-1170-1171-108
[2026-08-11 17:09:18.461205] [INFO] [path_server] 노드 업데이트 : [1205] ➜ [1206]
[2026-08-11 17:09:18.541049] [INFO] [path_server] 새로운 경로 설정 : path[1205 ➜ 108] time[0s] dist[31.5m] list[22] : 1205-1206-1207-1208-1145-1146-1147-1148-1077-1029-1030-1031-1032-1033-1034-1007-1167-1168-1169-1170-1171-108
[2026-08-11 17:09:19.219629] [INFO] [path_server] 노드 업데이트 : [1206] ➜ [1207]
[2026-08-11 17:09:19.299585] [INFO] [path_server] 새로운 경로 설정 : path[1206 ➜ 108] time[0s] dist[30.01m] list[21] : 1206-1207-1208-1145-1146-1147-1148-1077-1029-1030-1031-1032-1033-1034-1007-1167-1168-1169-1170-1171-108
[2026-08-11 17:09:19.978205] [INFO] [path_server] 노드 업데이트 : [1207] ➜ [1208]
[2026-08-11 17:09:20.038127] [INFO] [path_server] 새로운 경로 설정 : path[1207 ➜ 108] time[0s] dist[28.5m] list[20] : 1207-1208-1145-1146-1147-1148-1077-1029-1030-1031-1032-1033-1034-1007-1167-1168-1169-1170-1171-108
[2026-08-11 17:09:20.716826] [INFO] [path_server] 노드 업데이트 : [1208] ➜ [1145]
[2026-08-11 17:09:20.796754] [INFO] [path_server] 새로운 경로 설정 : path[1208 ➜ 108] time[0s] dist[27m] list[19] : 1208-1145-1146-1147-1148-1077-1029-1030-1031-1032-1033-1034-1007-1167-1168-1169-1170-1171-108
[2026-08-11 17:09:22.034282] [INFO] [path_server] 노드 업데이트 : [1145] ➜ [1146]
[2026-08-11 17:09:22.114278] [INFO] [path_server] 새로운 경로 설정 : path[1145 ➜ 108] time[0s] dist[25.5m] list[18] : 1145-1146-1147-1148-1077-1029-1030-1031-1032-1033-1034-1007-1167-1168-1169-1170-1171-108
[2026-08-11 17:09:25.408093] [INFO] [path_server] 노드 업데이트 : [1146] ➜ [1147]
[2026-08-11 17:09:25.487981] [INFO] [path_server] 새로운 경로 설정 : path[1146 ➜ 108] time[0s] dist[24m] list[17] : 1146-1147-1148-1077-1029-1030-1031-1032-1033-1034-1007-1167-1168-1169-1170-1171-108
[2026-08-11 17:09:26.525818] [INFO] [path_server] 노드 업데이트 : [1147] ➜ [1148]
[2026-08-11 17:09:26.605693] [INFO] [path_server] 새로운 경로 설정 : path[1147 ➜ 108] time[0s] dist[22.5m] list[16] : 1147-1148-1077-1029-1030-1031-1032-1033-1034-1007-1167-1168-1169-1170-1171-108
[2026-08-11 17:09:27.344262] [INFO] [path_server] 노드 업데이트 : [1148] ➜ [1077]
[2026-08-11 17:09:27.424223] [INFO] [path_server] 새로운 경로 설정 : path[1148 ➜ 108] time[0s] dist[21m] list[15] : 1148-1077-1029-1030-1031-1032-1033-1034-1007-1167-1168-1169-1170-1171-108
[2026-08-11 17:09:28.681850] [INFO] [path_server] 노드 업데이트 : [1077] ➜ [1029]
[2026-08-11 17:09:28.761700] [INFO] [path_server] 새로운 경로 설정 : path[1077 ➜ 108] time[0s] dist[19.5m] list[14] : 1077-1029-1030-1031-1032-1033-1034-1007-1167-1168-1169-1170-1171-108
[2026-08-11 17:09:32.015407] [INFO] [path_server] 노드 업데이트 : [1029] ➜ [1030]
[2026-08-11 17:09:32.095389] [INFO] [path_server] 새로운 경로 설정 : path[1029 ➜ 108] time[0s] dist[18m] list[13] : 1029-1030-1031-1032-1033-1034-1007-1167-1168-1169-1170-1171-108
[2026-08-11 17:09:33.153120] [INFO] [path_server] 노드 업데이트 : [1030] ➜ [1031]
[2026-08-11 17:09:33.233050] [INFO] [path_server] 새로운 경로 설정 : path[1030 ➜ 108] time[0s] dist[16.5m] list[12] : 1030-1031-1032-1033-1034-1007-1167-1168-1169-1170-1171-108
[2026-08-11 17:09:33.971511] [INFO] [path_server] 노드 업데이트 : [1031] ➜ [1032]
[2026-08-11 17:09:34.031391] [INFO] [path_server] 새로운 경로 설정 : path[1031 ➜ 108] time[0s] dist[15m] list[11] : 1031-1032-1033-1034-1007-1167-1168-1169-1170-1171-108
[2026-08-11 17:09:34.730128] [INFO] [path_server] 노드 업데이트 : [1032] ➜ [1033]
[2026-08-11 17:09:34.809946] [INFO] [path_server] 새로운 경로 설정 : path[1032 ➜ 108] time[0s] dist[13.5m] list[10] : 1032-1033-1034-1007-1167-1168-1169-1170-1171-108
[2026-08-11 17:09:36.446672] [INFO] [path_server] 노드 업데이트 : [1033] ➜ [1034]
[2026-08-11 17:09:36.526574] [INFO] [path_server] 새로운 경로 설정 : path[1033 ➜ 108] time[0s] dist[12m] list[9] : 1033-1034-1007-1167-1168-1169-1170-1171-108
[2026-08-11 17:09:41.257527] [INFO] [path_server] 노드 업데이트 : [1034] ➜ [1007]
[2026-08-11 17:09:41.317450] [INFO] [path_server] 새로운 경로 설정 : path[1034 ➜ 108] time[0s] dist[10.5m] list[8] : 1034-1007-1167-1168-1169-1170-1171-108
[2026-08-11 17:09:44.132630] [INFO] [path_server] 노드 업데이트 : [1007] ➜ [1167]
[2026-08-11 17:09:44.192548] [INFO] [path_server] 새로운 경로 설정 : path[1007 ➜ 108] time[0s] dist[9m] list[7] : 1007-1167-1168-1169-1170-1171-108
[2026-08-11 17:09:47.565722] [INFO] [path_server] 노드 업데이트 : [1167] ➜ [1168]
[2026-08-11 17:09:47.645626] [INFO] [path_server] 새로운 경로 설정 : path[1167 ➜ 108] time[0s] dist[7.5m] list[6] : 1167-1168-1169-1170-1171-108
[2026-08-11 17:09:52.396278] [INFO] [path_server] 노드 업데이트 : [1168] ➜ [1169]
[2026-08-11 17:09:52.476188] [INFO] [path_server] 새로운 경로 설정 : path[1168 ➜ 108] time[0s] dist[6m] list[5] : 1168-1169-1170-1171-108
[2026-08-11 17:09:54.312368] [INFO] [path_server] 노드 업데이트 : [1169] ➜ [1170]
[2026-08-11 17:09:54.392291] [INFO] [path_server] 새로운 경로 설정 : path[1169 ➜ 108] time[0s] dist[4.5m] list[4] : 1169-1170-1171-108
[2026-08-11 17:09:55.310473] [INFO] [path_server] 노드 업데이트 : [1170] ➜ [1171]
[2026-08-11 17:09:55.370368] [INFO] [path_server] 새로운 경로 설정 : path[1170 ➜ 108] time[0s] dist[3m] list[3] : 1170-1171-108
[2026-08-11 17:09:55.769576] [INFO] [health_monitor] [등록][100015, 200001] : 배터리 남은 양 - 주의
[2026-08-11 17:09:56.727616] [INFO] [path_server] 노드 업데이트 : [1171] ➜ [108]
[2026-08-11 17:09:56.807494] [INFO] [path_server] 새로운 경로 설정 : path[1171 ➜ 108] time[0s] dist[1.5m] list[2] : 1171-108
[2026-08-11 17:10:02.276554] [INFO] [path_server] 노드 업데이트 : [108] ➜ [-1]
[2026-08-11 17:10:05.170649] [INFO] [course_tracker] 목적지에서 각도 정렬 : [22.000m 19.000m 0.000°]
[2026-08-11 17:10:05.210565] [INFO] [path_server] 노드 업데이트 : [108] ➜ [-1]
[2026-08-11 17:10:05.230509] [INFO] [task::fsm] push_done
[2026-08-11 17:10:05.290391] [INFO] [task::fsm] charging
[2026-08-11 17:10:05.290399] [INFO] [power_system] 충전 프로세스 시작
[2026-08-11 17:10:05.290425] [INFO] [health_monitor] [등록][100015, 100001] : 자동 충전 시작.
[2026-08-11 17:10:10.300288] [INFO] [health_monitor] [삭제][100015, 100001] : 자동 충전 시작.
[2026-08-11 17:10:13.114911] [INFO] [health_monitor] [삭제][100015, 200001] : 배터리 남은 양 - 주의
[2026-08-11 17:10:37.107806] [INFO] [power_system] 충전 완료
[2026-08-11 17:10:37.107819] [INFO] [health_monitor] [등록][100015, 100002] : 배터리 가득.
[2026-08-11 17:10:37.107821] [INFO] [health_monitor] [등록][100015, 100003] : 자동 충전 해제 시작.
[2026-08-11 17:10:39.303594] [INFO] [path_server] 새로운 경로 설정 : path[108 ➜ 202] time[0s] dist[22.5m] list[16] : 108-1171-1172-1091-1092-1093-1094-1095-1074-1075-1076-1018-1158-1159-1160-202
[2026-08-11 17:10:42.118574] [INFO] [health_monitor] [삭제][100015, 100002] : 배터리 가득.
[2026-08-11 17:10:42.118582] [INFO] [health_monitor] [삭제][100015, 100003] : 자동 충전 해제 시작.
[2026-08-11 17:10:43.994720] [INFO] [path_server] 노드 업데이트 : [1171] ➜ [1172]
[2026-08-11 17:10:44.074673] [INFO] [path_server] 새로운 경로 설정 : path[1171 ➜ 202] time[0s] dist[21m] list[15] : 1171-1172-1091-1092-1093-1094-1095-1074-1075-1076-1018-1158-1159-1160-202
[2026-08-11 17:10:47.687603] [INFO] [path_server] 노드 업데이트 : [1172] ➜ [1091]
[2026-08-11 17:10:47.747488] [INFO] [path_server] 새로운 경로 설정 : path[1172 ➜ 202] time[0s] dist[19.5m] list[14] : 1172-1091-1092-1093-1094-1095-1074-1075-1076-1018-1158-1159-1160-202
[2026-08-11 17:10:48.765339] [INFO] [path_server] 노드 업데이트 : [1091] ➜ [1092]
[2026-08-11 17:10:48.825251] [INFO] [path_server] 새로운 경로 설정 : path[1091 ➜ 202] time[0s] dist[18m] list[13] : 1091-1092-1093-1094-1095-1074-1075-1076-1018-1158-1159-1160-202
[2026-08-11 17:10:52.018954] [INFO] [path_server] 노드 업데이트 : [1092] ➜ [1093]
[2026-08-11 17:10:52.098829] [INFO] [path_server] 새로운 경로 설정 : path[1092 ➜ 202] time[0s] dist[16.5m] list[12] : 1092-1093-1094-1095-1074-1075-1076-1018-1158-1159-1160-202
[2026-08-11 17:10:53.276607] [INFO] [path_server] 노드 업데이트 : [1093] ➜ [1094]
[2026-08-11 17:10:53.356497] [INFO] [path_server] 새로운 경로 설정 : path[1093 ➜ 202] time[0s] dist[15m] list[11] : 1093-1094-1095-1074-1075-1076-1018-1158-1159-1160-202
[2026-08-11 17:10:54.134907] [INFO] [path_server] 노드 업데이트 : [1094] ➜ [1095]
[2026-08-11 17:10:54.194811] [INFO] [path_server] 새로운 경로 설정 : path[1094 ➜ 202] time[0s] dist[13.5m] list[10] : 1094-1095-1074-1075-1076-1018-1158-1159-1160-202
[2026-08-11 17:10:55.452374] [INFO] [path_server] 노드 업데이트 : [1095] ➜ [1074]
[2026-08-11 17:10:55.512304] [INFO] [path_server] 새로운 경로 설정 : path[1095 ➜ 202] time[0s] dist[12m] list[9] : 1095-1074-1075-1076-1018-1158-1159-1160-202
[2026-08-11 17:10:58.785808] [INFO] [path_server] 노드 업데이트 : [1074] ➜ [1075]
[2026-08-11 17:10:58.865681] [INFO] [path_server] 새로운 경로 설정 : path[1074 ➜ 202] time[0s] dist[10.5m] list[8] : 1074-1075-1076-1018-1158-1159-1160-202
[2026-08-11 17:10:59.923545] [INFO] [path_server] 노드 업데이트 : [1075] ➜ [1076]
[2026-08-11 17:11:00.003432] [INFO] [path_server] 새로운 경로 설정 : path[1075 ➜ 202] time[0s] dist[9m] list[7] : 1075-1076-1018-1158-1159-1160-202
[2026-08-11 17:11:00.741898] [INFO] [path_server] 노드 업데이트 : [1076] ➜ [1018]
[2026-08-11 17:11:00.821829] [INFO] [path_server] 새로운 경로 설정 : path[1076 ➜ 202] time[0s] dist[7.5m] list[6] : 1076-1018-1158-1159-1160-202
[2026-08-11 17:11:02.079396] [INFO] [path_server] 노드 업데이트 : [1018] ➜ [1158]
[2026-08-11 17:11:02.159247] [INFO] [path_server] 새로운 경로 설정 : path[1018 ➜ 202] time[0s] dist[6m] list[5] : 1018-1158-1159-1160-202
[2026-08-11 17:11:05.452829] [INFO] [path_server] 노드 업데이트 : [1158] ➜ [1159]
[2026-08-11 17:11:05.532679] [INFO] [path_server] 새로운 경로 설정 : path[1158 ➜ 202] time[0s] dist[4.5m] list[4] : 1158-1159-1160-202
[2026-08-11 17:11:06.570522] [INFO] [path_server] 노드 업데이트 : [1159] ➜ [1160]
[2026-08-11 17:11:06.630414] [INFO] [path_server] 새로운 경로 설정 : path[1159 ➜ 202] time[0s] dist[3m] list[3] : 1159-1160-202
[2026-08-11 17:11:07.908123] [INFO] [path_server] 노드 업데이트 : [1160] ➜ [202]
[2026-08-11 17:11:07.988040] [INFO] [path_server] 새로운 경로 설정 : path[1160 ➜ 202] time[0s] dist[1.5m] list[2] : 1160-202
[2026-08-11 17:11:13.158489] [INFO] [path_server] 노드 업데이트 : [202] ➜ [-1]
[2026-08-11 17:11:16.053462] [INFO] [course_tracker] 목적지에서 각도 정렬 : [13.000m 14.500m 0.000°]
[2026-08-11 17:11:16.093435] [INFO] [path_server] 노드 업데이트 : [202] ➜ [-1]
[2026-08-11 17:11:16.113345] [INFO] [task::fsm] push_done
[2026-08-11 17:11:16.153327] [INFO] [task::fsm] idle
[2026-08-11 17:11:16.153334] [INFO] [course_manager] 코스 삭제
[2026-08-11 17:11:16.153351] [INFO] [path_server] 경로 삭제
[2026-08-11 17:11:25.755939] [INFO] [task::fsm] idle
[2026-08-11 17:11:25.755945] [INFO] [course_manager] 코스 삭제
[2026-08-11 17:11:25.755946] [INFO] [path_server] 경로 삭제
[2026-08-11 17:11:30.825713] [INFO] [path_server] 새로운 경로 설정 : path[202 ➜ 102] time[0s] dist[42m] list[29] : 202-1160-1161-1162-1163-1164-1165-1166-1109-1110-1111-1112-1113-1114-1115-1116-1117-1118-1119-1120-1121-1122-1123-1179-1180-1181-1182-1183-102
[2026-08-11 17:11:35.716649] [INFO] [path_server] 노드 업데이트 : [1160] ➜ [1161]
[2026-08-11 17:11:35.796589] [INFO] [path_server] 새로운 경로 설정 : path[1160 ➜ 102] time[0s] dist[40.5m] list[28] : 1160-1161-1162-1163-1164-1165-1166-1109-1110-1111-1112-1113-1114-1115-1116-1117-1118-1119-1120-1121-1122-1123-1179-1180-1181-1182-1183-102
[2026-08-11 17:11:39.349562] [INFO] [path_server] 노드 업데이트 : [1161] ➜ [1162]
[2026-08-11 17:11:39.409477] [INFO] [path_server] 새로운 경로 설정 : path[1161 ➜ 102] time[0s] dist[39m] list[27] : 1161-1162-1163-1164-1165-1166-1109-1110-1111-1112-1113-1114-1115-1116-1117-1118-1119-1120-1121-1122-1123-1179-1180-1181-1182-1183-102
[2026-08-11 17:11:40.467320] [INFO] [path_server] 노드 업데이트 : [1162] ➜ [1163]
[2026-08-11 17:11:40.547193] [INFO] [path_server] 새로운 경로 설정 : path[1162 ➜ 102] time[0s] dist[37.5m] list[26] : 1162-1163-1164-1165-1166-1109-1110-1111-1112-1113-1114-1115-1116-1117-1118-1119-1120-1121-1122-1123-1179-1180-1181-1182-1183-102
[2026-08-11 17:11:41.285607] [INFO] [path_server] 노드 업데이트 : [1163] ➜ [1164]
[2026-08-11 17:11:41.365536] [INFO] [path_server] 새로운 경로 설정 : path[1163 ➜ 102] time[0s] dist[36m] list[25] : 1163-1164-1165-1166-1109-1110-1111-1112-1113-1114-1115-1116-1117-1118-1119-1120-1121-1122-1123-1179-1180-1181-1182-1183-102
[2026-08-11 17:11:42.044103] [INFO] [path_server] 노드 업데이트 : [1164] ➜ [1165]
[2026-08-11 17:11:42.104044] [INFO] [path_server] 새로운 경로 설정 : path[1164 ➜ 102] time[0s] dist[34.5m] list[24] : 1164-1165-1166-1109-1110-1111-1112-1113-1114-1115-1116-1117-1118-1119-1120-1121-1122-1123-1179-1180-1181-1182-1183-102
[2026-08-11 17:11:42.802571] [INFO] [path_server] 노드 업데이트 : [1165] ➜ [1166]
[2026-08-11 17:11:42.902423] [INFO] [path_server] 새로운 경로 설정 : path[1165 ➜ 102] time[0s] dist[33m] list[23] : 1165-1166-1109-1110-1111-1112-1113-1114-1115-1116-1117-1118-1119-1120-1121-1122-1123-1179-1180-1181-1182-1183-102
[2026-08-11 17:11:43.541079] [INFO] [path_server] 노드 업데이트 : [1166] ➜ [1109]
[2026-08-11 17:11:43.620933] [INFO] [path_server] 새로운 경로 설정 : path[1166 ➜ 102] time[0s] dist[31.5m] list[22] : 1166-1109-1110-1111-1112-1113-1114-1115-1116-1117-1118-1119-1120-1121-1122-1123-1179-1180-1181-1182-1183-102
[2026-08-11 17:11:44.399284] [INFO] [path_server] 노드 업데이트 : [1109] ➜ [1110]
[2026-08-11 17:11:44.479149] [INFO] [path_server] 새로운 경로 설정 : path[1109 ➜ 102] time[0s] dist[30m] list[21] : 1109-1110-1111-1112-1113-1114-1115-1116-1117-1118-1119-1120-1121-1122-1123-1179-1180-1181-1182-1183-102
[2026-08-11 17:11:48.051928] [INFO] [path_server] 노드 업데이트 : [1110] ➜ [1111]
[2026-08-11 17:11:48.131799] [INFO] [path_server] 새로운 경로 설정 : path[1110 ➜ 102] time[0s] dist[28.5m] list[20] : 1110-1111-1112-1113-1114-1115-1116-1117-1118-1119-1120-1121-1122-1123-1179-1180-1181-1182-1183-102
[2026-08-11 17:11:49.409148] [INFO] [path_server] 노드 업데이트 : [1111] ➜ [1112]
[2026-08-11 17:11:49.489071] [INFO] [path_server] 새로운 경로 설정 : path[1111 ➜ 102] time[0s] dist[27m] list[19] : 1111-1112-1113-1114-1115-1116-1117-1118-1119-1120-1121-1122-1123-1179-1180-1181-1182-1183-102
[2026-08-11 17:11:50.307374] [INFO] [path_server] 노드 업데이트 : [1112] ➜ [1113]
[2026-08-11 17:11:50.387303] [INFO] [path_server] 새로운 경로 설정 : path[1112 ➜ 102] time[0s] dist[25.5m] list[18] : 1112-1113-1114-1115-1116-1117-1118-1119-1120-1121-1122-1123-1179-1180-1181-1182-1183-102
[2026-08-11 17:11:51.065935] [INFO] [path_server] 노드 업데이트 : [1113] ➜ [1114]
[2026-08-11 17:11:51.125840] [INFO] [path_server] 새로운 경로 설정 : path[1113 ➜ 102] time[0s] dist[24m] list[17] : 1113-1114-1115-1116-1117-1118-1119-1120-1121-1122-1123-1179-1180-1181-1182-1183-102
[2026-08-11 17:11:51.804384] [INFO] [path_server] 노드 업데이트 : [1114] ➜ [1115]
[2026-08-11 17:11:51.884316] [INFO] [path_server] 새로운 경로 설정 : path[1114 ➜ 102] time[0s] dist[22.5m] list[16] : 1114-1115-1116-1117-1118-1119-1120-1121-1122-1123-1179-1180-1181-1182-1183-102
[2026-08-11 17:11:52.562967] [INFO] [path_server] 노드 업데이트 : [1115] ➜ [1116]
[2026-08-11 17:11:52.622842] [INFO] [path_server] 새로운 경로 설정 : path[1115 ➜ 102] time[0s] dist[21m] list[15] : 1115-1116-1117-1118-1119-1120-1121-1122-1123-1179-1180-1181-1182-1183-102
[2026-08-11 17:11:53.301426] [INFO] [path_server] 노드 업데이트 : [1116] ➜ [1117]
[2026-08-11 17:11:53.381365] [INFO] [path_server] 새로운 경로 설정 : path[1116 ➜ 102] time[0s] dist[19.5m] list[14] : 1116-1117-1118-1119-1120-1121-1122-1123-1179-1180-1181-1182-1183-102
[2026-08-11 17:11:54.059986] [INFO] [path_server] 노드 업데이트 : [1117] ➜ [1118]
[2026-08-11 17:11:54.119874] [INFO] [path_server] 새로운 경로 설정 : path[1117 ➜ 102] time[0s] dist[18m] list[13] : 1117-1118-1119-1120-1121-1122-1123-1179-1180-1181-1182-1183-102
[2026-08-11 17:11:54.798455] [INFO] [path_server] 노드 업데이트 : [1118] ➜ [1119]
[2026-08-11 17:11:54.878376] [INFO] [path_server] 새로운 경로 설정 : path[1118 ➜ 102] time[0s] dist[16.5m] list[12] : 1118-1119-1120-1121-1122-1123-1179-1180-1181-1182-1183-102
[2026-08-11 17:11:55.557017] [INFO] [path_server] 노드 업데이트 : [1119] ➜ [1120]
[2026-08-11 17:11:55.617092] [INFO] [path_server] 새로운 경로 설정 : path[1119 ➜ 102] time[0s] dist[15m] list[11] : 1119-1120-1121-1122-1123-1179-1180-1181-1182-1183-102
[2026-08-11 17:11:56.395545] [INFO] [path_server] 노드 업데이트 : [1120] ➜ [1121]
[2026-08-11 17:11:56.475414] [INFO] [path_server] 새로운 경로 설정 : path[1120 ➜ 102] time[0s] dist[13.5m] list[10] : 1120-1121-1122-1123-1179-1180-1181-1182-1183-102
[2026-08-11 17:12:00.048200] [INFO] [path_server] 노드 업데이트 : [1121] ➜ [1122]
[2026-08-11 17:12:00.128122] [INFO] [path_server] 새로운 경로 설정 : path[1121 ➜ 102] time[0s] dist[12m] list[9] : 1121-1122-1123-1179-1180-1181-1182-1183-102
[2026-08-11 17:12:01.405414] [INFO] [path_server] 노드 업데이트 : [1122] ➜ [1123]
[2026-08-11 17:12:01.465314] [INFO] [path_server] 새로운 경로 설정 : path[1122 ➜ 102] time[0s] dist[10.5m] list[8] : 1122-1123-1179-1180-1181-1182-1183-102
[2026-08-11 17:12:02.463358] [INFO] [path_server] 노드 업데이트 : [1123] ➜ [1179]
[2026-08-11 17:12:02.543215] [INFO] [path_server] 새로운 경로 설정 : path[1123 ➜ 102] time[0s] dist[9m] list[7] : 1123-1179-1180-1181-1182-1183-102
[2026-08-11 17:12:05.776928] [INFO] [path_server] 노드 업데이트 : [1179] ➜ [1180]
[2026-08-11 17:12:05.836834] [INFO] [path_server] 새로운 경로 설정 : path[1179 ➜ 102] time[0s] dist[7.5m] list[6] : 1179-1180-1181-1182-1183-102
[2026-08-11 17:12:07.034486] [INFO] [path_server] 노드 업데이트 : [1180] ➜ [1181]
[2026-08-11 17:12:07.094397] [INFO] [path_server] 새로운 경로 설정 : path[1180 ➜ 102] time[0s] dist[6m] list[5] : 1180-1181-1182-1183-102
[2026-08-11 17:12:07.892630] [INFO] [path_server] 노드 업데이트 : [1181] ➜ [1182]
[2026-08-11 17:12:07.972561] [INFO] [path_server] 새로운 경로 설정 : path[1181 ➜ 102] time[0s] dist[4.5m] list[4] : 1181-1182-1183-102
[2026-08-11 17:12:08.651329] [INFO] [path_server] 노드 업데이트 : [1182] ➜ [1183]
[2026-08-11 17:12:08.711234] [INFO] [path_server] 새로운 경로 설정 : path[1182 ➜ 102] time[0s] dist[3m] list[3] : 1182-1183-102
[2026-08-11 17:12:09.948907] [INFO] [path_server] 노드 업데이트 : [1183] ➜ [102]
[2026-08-11 17:12:10.008832] [INFO] [path_server] 새로운 경로 설정 : path[1183 ➜ 102] time[0s] dist[1.5m] list[2] : 1183-102
[2026-08-11 17:12:15.159067] [INFO] [path_server] 노드 업데이트 : [102] ➜ [-1]
[2026-08-11 17:12:18.053259] [INFO] [course_tracker] 목적지에서 각도 정렬 : [5.500m 7.000m 0.000°]
[2026-08-11 17:12:18.093213] [INFO] [path_server] 노드 업데이트 : [102] ➜ [-1]
[2026-08-11 17:12:18.113119] [INFO] [task::fsm] push_done
[2026-08-11 17:12:18.153096] [INFO] [task::fsm] charging
[2026-08-11 17:12:18.153102] [INFO] [power_system] 충전 프로세스 시작
[2026-08-11 17:12:18.153112] [INFO] [health_monitor] [등록][100015, 100001] : 자동 충전 시작.
[2026-08-11 17:12:23.163320] [INFO] [health_monitor] [삭제][100015, 100001] : 자동 충전 시작.
[2026-08-11 17:24:37.813048] [INFO] [framework] 프로그램 시작
[2026-08-11 17:24:37.813053] [WARNING] [framework] 프로그램 시작
[2026-08-11 17:24:37.813059] [INFO] [framework] 설정 파일 위치 : ../configs/robot_3
[2026-08-11 17:24:37.813058] [CRITICAL] [framework] 프로그램 시작
[2026-08-11 17:24:37.813223] [INFO] [framework] ID[0, 3], 이름[박쓰리], 제어주기[20ms], 버젼[], 장소[우리집], 환경모드[simulation]
[2026-08-11 17:24:37.813253] [INFO] [mediator] 생성
[2026-08-11 17:24:37.813280] [INFO] [graph_manager] 생성
[2026-08-11 17:24:37.859991] [INFO] [stop_server] 생성
[2026-08-11 17:24:37.860011] [INFO] [health_monitor] 생성
[2026-08-11 17:24:37.860379] [INFO] [path_server] 생성
[2026-08-11 17:24:37.860396] [INFO] [course_manager] 생성
[2026-08-11 17:24:37.860414] [INFO] [task::fsm] 생성
[2026-08-11 17:24:37.860416] [INFO] [task::fsm] idle
[2026-08-11 17:24:37.860416] [INFO] [course_manager] 코스 삭제
[2026-08-11 17:24:37.860417] [INFO] [path_server] 경로 삭제
[2026-08-11 17:24:37.860427] [INFO] [task_manager] 생성
[2026-08-11 17:24:37.860523] [INFO] [mediator] connectors 생성
[2026-08-11 17:24:37.860537] [INFO] [fms] 생성
[2026-08-11 17:24:37.860538] [INFO] [fms] 통신 드라이버 생성
[2026-08-11 17:24:37.860795] [INFO] [motions] 생성
[2026-08-11 17:24:37.860810] [INFO] [localizers] 생성
[2026-08-11 17:24:37.860890] [INFO] [localizers] 파라미터 : 

[2026-08-11 17:24:37.860903] [INFO] [safety_plc] 생성
[2026-08-11 17:24:37.860913] [INFO] [load_handler] 생성
[2026-08-11 17:24:37.860923] [INFO] [power_system] 생성
[2026-08-11 17:24:37.861015] [INFO] [power_system] 설정 정보 : remaining[40%, 10%, 5%]
[2026-08-11 17:24:37.861383] [INFO] [power_system] 알람 목록 : 
 • [100015, 100001] [INFO] 자동 충전 시작.
 • [100015, 100002] [INFO] 배터리 가득.
 • [100015, 400001] [CRIT] 배터리 남은 양 - 위험
 • [100015, 300001] [ERROR] 배터리 남은 양 - 에러
 • [100015, 200001] [WARN] 배터리 남은 양 - 주의
 • [100015, 100004] [INFO] 자동 충전 해제 완료.
 • [100015, 100003] [INFO] 자동 충전 해제 시작.
[2026-08-11 17:24:37.861388] [INFO] [mediator] any map 등록
[2026-08-11 17:24:37.861387] [INFO] [mediator] connector 의존성 주입
[2026-08-11 17:24:37.861395] [INFO] [mediator] any collector 목록 검사
[2026-08-11 17:24:37.861393] [INFO] [mediator] any collector 등록
[2026-08-11 17:24:37.861434] [INFO] [framework] after init 실행
[2026-08-11 17:24:37.861824] [INFO] [course_tracker] 생성
[2026-08-11 17:24:37.861856] [INFO] [course_tracker] 파라미터 : 
◈ node_bound[0.020m, 0.150m, 0.005m]
 • approach[0.150m, 0.050m/s, -0.005m, -0.200m, 0.100m]
 • align[(10.000°, 5.000°/s), 50.000°, 30.000°/s), 0.800°, -0.100°]
◈ motion param : 
 • reference_angle[0.000°, 45.000°]
 • threshold_angle[15.000°, 20.000°, 170.000°]
 • threshold_error[0.300°, 5.000°]
 • normal[0.150m/s, 8.000, 0.800m/s, 0.500]
 • angle[0.150m/s, 1.500, 0.800m/s, 2.100]
 • protection_overshoot[0.100m/s, 0.900, 0.500m/s, 0.900]
 • speed_rotation[15.000°/s]
[2026-08-11 17:24:37.861873] [INFO] [framework] 제어 쓰레드 시작
[2026-08-11 17:24:37.861942] [INFO] [path_server] 노드 초기화 성공 : 로봇 좌표[21.551m 22.027m 179.546°] 최단 거리 노드[11] 거리(0.529691m)
[2026-08-11 17:24:37.862008] [INFO] [health_monitor] [등록][100015, 200001] : 배터리 남은 양 - 주의
[2026-08-11 17:24:42.971861] [INFO] [path_server] 새로운 경로 설정 : path[11 ➜ 103] time[0s] dist[45.5495m] list[29] : 11-1044-1048-1130-1051-1052-1198-1199-1053-1054-1055-1056-1057-1058-1059-1060-1061-1062-1063-1064-1065-40-1067-1068-1069-1070-1071-1072-103
[2026-08-11 17:24:42.971889] [INFO] [course_tracker] 방향 정렬 설정 State::processing[－, 0.1°]
[2026-08-11 17:24:54.969260] [INFO] [course_tracker] 방향 정렬 완료 
[2026-08-11 17:24:58.242345] [INFO] [path_server] 노드 업데이트 : [1044] ➜ [1048]
[2026-08-11 17:24:58.322320] [INFO] [path_server] 새로운 경로 설정 : path[1044 ➜ 103] time[0s] dist[43.5495m] list[28] : 1044-1048-1130-1051-1052-1198-1199-1053-1054-1055-1056-1057-1058-1059-1060-1061-1062-1063-1064-1065-40-1067-1068-1069-1070-1071-1072-103
[2026-08-11 17:25:00.458090] [INFO] [path_server] 노드 업데이트 : [1048] ➜ [1130]
[2026-08-11 17:25:00.537979] [INFO] [path_server] 새로운 경로 설정 : path[1048 ➜ 103] time[0s] dist[41m] list[27] : 1048-1130-1051-1052-1198-1199-1053-1054-1055-1056-1057-1058-1059-1060-1061-1062-1063-1064-1065-40-1067-1068-1069-1070-1071-1072-103
[2026-08-11 17:25:05.528211] [INFO] [path_server] 노드 업데이트 : [1130] ➜ [1051]
[2026-08-11 17:25:05.608156] [INFO] [path_server] 새로운 경로 설정 : path[1130 ➜ 103] time[0s] dist[38.5m] list[26] : 1130-1051-1052-1198-1199-1053-1054-1055-1056-1057-1058-1059-1060-1061-1062-1063-1064-1065-40-1067-1068-1069-1070-1071-1072-103
[2026-08-11 17:25:07.264850] [INFO] [path_server] 노드 업데이트 : [1051] ➜ [1052]
[2026-08-11 17:25:07.344750] [INFO] [path_server] 새로운 경로 설정 : path[1051 ➜ 103] time[0s] dist[36m] list[25] : 1051-1052-1198-1199-1053-1054-1055-1056-1057-1058-1059-1060-1061-1062-1063-1064-1065-40-1067-1068-1069-1070-1071-1072-103
[2026-08-11 17:25:11.496403] [INFO] [path_server] 노드 업데이트 : [1052] ➜ [1198]
[2026-08-11 17:25:11.576344] [INFO] [path_server] 새로운 경로 설정 : path[1052 ➜ 103] time[0s] dist[34.5m] list[24] : 1052-1198-1199-1053-1054-1055-1056-1057-1058-1059-1060-1061-1062-1063-1064-1065-40-1067-1068-1069-1070-1071-1072-103
[2026-08-11 17:25:13.033388] [INFO] [path_server] 노드 업데이트 : [1198] ➜ [1199]
[2026-08-11 17:25:13.093310] [INFO] [path_server] 새로운 경로 설정 : path[1198 ➜ 103] time[0s] dist[33m] list[23] : 1198-1199-1053-1054-1055-1056-1057-1058-1059-1060-1061-1062-1063-1064-1065-40-1067-1068-1069-1070-1071-1072-103
[2026-08-11 17:25:16.486393] [INFO] [path_server] 노드 업데이트 : [1199] ➜ [1053]
[2026-08-11 17:25:16.566298] [INFO] [path_server] 새로운 경로 설정 : path[1199 ➜ 103] time[0s] dist[31.5m] list[22] : 1199-1053-1054-1055-1056-1057-1058-1059-1060-1061-1062-1063-1064-1065-40-1067-1068-1069-1070-1071-1072-103
[2026-08-11 17:25:17.584252] [INFO] [path_server] 노드 업데이트 : [1053] ➜ [1054]
[2026-08-11 17:25:17.644191] [INFO] [path_server] 새로운 경로 설정 : path[1053 ➜ 103] time[0s] dist[30m] list[21] : 1053-1054-1055-1056-1057-1058-1059-1060-1061-1062-1063-1064-1065-40-1067-1068-1069-1070-1071-1072-103
[2026-08-11 17:25:18.402759] [INFO] [path_server] 노드 업데이트 : [1054] ➜ [1055]
[2026-08-11 17:25:18.482639] [INFO] [path_server] 새로운 경로 설정 : path[1054 ➜ 103] time[0s] dist[28.5m] list[20] : 1054-1055-1056-1057-1058-1059-1060-1061-1062-1063-1064-1065-40-1067-1068-1069-1070-1071-1072-103
[2026-08-11 17:25:19.141218] [INFO] [path_server] 노드 업데이트 : [1055] ➜ [1056]
[2026-08-11 17:25:19.201152] [INFO] [path_server] 새로운 경로 설정 : path[1055 ➜ 103] time[0s] dist[27m] list[19] : 1055-1056-1057-1058-1059-1060-1061-1062-1063-1064-1065-40-1067-1068-1069-1070-1071-1072-103
[2026-08-11 17:25:20.398948] [INFO] [path_server] 노드 업데이트 : [1056] ➜ [1057]
[2026-08-11 17:25:20.458828] [INFO] [path_server] 새로운 경로 설정 : path[1056 ➜ 103] time[0s] dist[25.5m] list[18] : 1056-1057-1058-1059-1060-1061-1062-1063-1064-1065-40-1067-1068-1069-1070-1071-1072-103
[2026-08-11 17:25:23.692677] [INFO] [path_server] 노드 업데이트 : [1057] ➜ [1058]
[2026-08-11 17:25:23.772629] [INFO] [path_server] 새로운 경로 설정 : path[1057 ➜ 103] time[0s] dist[24m] list[17] : 1057-1058-1059-1060-1061-1062-1063-1064-1065-40-1067-1068-1069-1070-1071-1072-103
[2026-08-11 17:25:24.850363] [INFO] [path_server] 노드 업데이트 : [1058] ➜ [1059]
[2026-08-11 17:25:24.930239] [INFO] [path_server] 새로운 경로 설정 : path[1058 ➜ 103] time[0s] dist[22.5m] list[16] : 1058-1059-1060-1061-1062-1063-1064-1065-40-1067-1068-1069-1070-1071-1072-103
[2026-08-11 17:25:25.688769] [INFO] [path_server] 노드 업데이트 : [1059] ➜ [1060]
[2026-08-11 17:25:25.768617] [INFO] [path_server] 새로운 경로 설정 : path[1059 ➜ 103] time[0s] dist[21m] list[15] : 1059-1060-1061-1062-1063-1064-1065-40-1067-1068-1069-1070-1071-1072-103
[2026-08-11 17:25:26.427215] [INFO] [path_server] 노드 업데이트 : [1060] ➜ [1061]
[2026-08-11 17:25:26.487075] [INFO] [path_server] 새로운 경로 설정 : path[1060 ➜ 103] time[0s] dist[19.5m] list[14] : 1060-1061-1062-1063-1064-1065-40-1067-1068-1069-1070-1071-1072-103
[2026-08-11 17:25:27.185734] [INFO] [path_server] 노드 업데이트 : [1061] ➜ [1062]
[2026-08-11 17:25:27.265572] [INFO] [path_server] 새로운 경로 설정 : path[1061 ➜ 103] time[0s] dist[18m] list[13] : 1061-1062-1063-1064-1065-40-1067-1068-1069-1070-1071-1072-103
[2026-08-11 17:25:27.944159] [INFO] [path_server] 노드 업데이트 : [1062] ➜ [1063]
[2026-08-11 17:25:28.024070] [INFO] [path_server] 새로운 경로 설정 : path[1062 ➜ 103] time[0s] dist[16.5m] list[12] : 1062-1063-1064-1065-40-1067-1068-1069-1070-1071-1072-103
[2026-08-11 17:25:28.682713] [INFO] [path_server] 노드 업데이트 : [1063] ➜ [1064]
[2026-08-11 17:25:28.762574] [INFO] [path_server] 새로운 경로 설정 : path[1063 ➜ 103] time[0s] dist[15m] list[11] : 1063-1064-1065-40-1067-1068-1069-1070-1071-1072-103
[2026-08-11 17:25:29.441178] [INFO] [path_server] 노드 업데이트 : [1064] ➜ [1065]
[2026-08-11 17:25:29.521109] [INFO] [path_server] 새로운 경로 설정 : path[1064 ➜ 103] time[0s] dist[13.5m] list[10] : 1064-1065-40-1067-1068-1069-1070-1071-1072-103
[2026-08-11 17:25:30.179761] [INFO] [path_server] 노드 업데이트 : [1065] ➜ [40]
[2026-08-11 17:25:30.259622] [INFO] [path_server] 새로운 경로 설정 : path[1065 ➜ 103] time[0s] dist[12m] list[9] : 1065-40-1067-1068-1069-1070-1071-1072-103
[2026-08-11 17:25:30.938275] [INFO] [path_server] 노드 업데이트 : [40] ➜ [1067]
[2026-08-11 17:25:31.018204] [INFO] [path_server] 새로운 경로 설정 : path[40 ➜ 103] time[0s] dist[10.5m] list[8] : 40-1067-1068-1069-1070-1071-1072-103
[2026-08-11 17:25:31.696828] [INFO] [path_server] 노드 업데이트 : [1067] ➜ [1068]
[2026-08-11 17:25:31.756717] [INFO] [path_server] 새로운 경로 설정 : path[1067 ➜ 103] time[0s] dist[9m] list[7] : 1067-1068-1069-1070-1071-1072-103
[2026-08-11 17:25:32.435339] [INFO] [path_server] 노드 업데이트 : [1068] ➜ [1069]
[2026-08-11 17:25:32.515269] [INFO] [path_server] 새로운 경로 설정 : path[1068 ➜ 103] time[0s] dist[7.5m] list[6] : 1068-1069-1070-1071-1072-103
[2026-08-11 17:25:33.193899] [INFO] [path_server] 노드 업데이트 : [1069] ➜ [1070]
[2026-08-11 17:25:33.273827] [INFO] [path_server] 새로운 경로 설정 : path[1069 ➜ 103] time[0s] dist[6m] list[5] : 1069-1070-1071-1072-103
[2026-08-11 17:25:33.932610] [INFO] [path_server] 노드 업데이트 : [1070] ➜ [1071]
[2026-08-11 17:25:34.012452] [INFO] [path_server] 새로운 경로 설정 : path[1070 ➜ 103] time[0s] dist[4.5m] list[4] : 1070-1071-1072-103
[2026-08-11 17:25:34.691177] [INFO] [path_server] 노드 업데이트 : [1071] ➜ [1072]
[2026-08-11 17:25:34.771152] [INFO] [path_server] 새로운 경로 설정 : path[1071 ➜ 103] time[0s] dist[3m] list[3] : 1071-1072-103
[2026-08-11 17:25:36.009158] [INFO] [path_server] 노드 업데이트 : [1072] ➜ [103]
[2026-08-11 17:25:36.089085] [INFO] [path_server] 새로운 경로 설정 : path[1072 ➜ 103] time[0s] dist[1.5m] list[2] : 1072-103
[2026-08-11 17:25:39.982539] [INFO] [path_server] 노드 업데이트 : [103] ➜ [-1]
[2026-08-11 17:25:42.816905] [INFO] [course_tracker] 목적지에서 각도 정렬 : [8.000m 19.000m 0.000°]
[2026-08-11 17:25:43.814874] [INFO] [path_server] 노드 업데이트 : [103] ➜ [-1]
[2026-08-11 17:25:43.834814] [INFO] [task::fsm] push_done
[2026-08-11 17:25:43.894698] [INFO] [task::fsm] charging
[2026-08-11 17:25:43.894706] [INFO] [power_system] 충전 프로세스 시작
[2026-08-11 17:25:43.894721] [INFO] [health_monitor] [등록][100015, 100001] : 자동 충전 시작.
[2026-08-11 17:25:48.905688] [INFO] [health_monitor] [삭제][100015, 100001] : 자동 충전 시작.
[2026-08-11 17:26:00.943551] [INFO] [health_monitor] [삭제][100015, 200001] : 배터리 남은 양 - 주의
[2026-08-11 17:26:24.939253] [INFO] [power_system] 충전 완료
[2026-08-11 17:26:24.939269] [INFO] [health_monitor] [등록][100015, 100002] : 배터리 가득.
[2026-08-11 17:26:24.939271] [INFO] [health_monitor] [등록][100015, 100003] : 자동 충전 해제 시작.
[2026-08-11 17:26:43.231453] [INFO] [framework] 프로그램 시작
[2026-08-11 17:26:43.231458] [WARNING] [framework] 프로그램 시작
[2026-08-11 17:26:43.231462] [INFO] [framework] 설정 파일 위치 : ../configs/robot_3
[2026-08-11 17:26:43.231461] [CRITICAL] [framework] 프로그램 시작
[2026-08-11 17:27:18.493939] [INFO] [framework] 프로그램 시작
[2026-08-11 17:27:18.493944] [WARNING] [framework] 프로그램 시작
[2026-08-11 17:27:18.493945] [CRITICAL] [framework] 프로그램 시작
[2026-08-11 17:27:18.493946] [INFO] [framework] 설정 파일 위치 : ../configs/robot_3
[2026-08-11 17:27:18.494093] [INFO] [framework] ID[0, 3], 이름[박쓰리], 제어주기[20ms], 버젼[], 장소[우리집], 환경모드[simulation]
[2026-08-11 17:27:18.494120] [INFO] [mediator] 생성
[2026-08-11 17:27:18.494147] [INFO] [graph_manager] 생성
[2026-08-11 17:27:18.543657] [INFO] [stop_server] 생성
[2026-08-11 17:27:18.543691] [INFO] [health_monitor] 생성
[2026-08-11 17:27:18.543715] [INFO] [path_server] 생성
[2026-08-11 17:27:18.543758] [INFO] [course_manager] 생성
[2026-08-11 17:27:18.543779] [INFO] [task::fsm] 생성
[2026-08-11 17:27:18.543781] [INFO] [task::fsm] idle
[2026-08-11 17:27:18.543790] [INFO] [course_manager] 코스 삭제
[2026-08-11 17:27:18.543791] [INFO] [path_server] 경로 삭제
[2026-08-11 17:27:18.543810] [INFO] [task_manager] 생성
[2026-08-11 17:27:18.543962] [INFO] [mediator] connectors 생성
[2026-08-11 17:27:18.543990] [INFO] [fms] 통신 드라이버 생성
[2026-08-11 17:27:18.543988] [INFO] [fms] 생성
[2026-08-11 17:27:18.544396] [INFO] [motions] 생성
[2026-08-11 17:27:18.544426] [INFO] [localizers] 생성
[2026-08-11 17:27:18.544564] [INFO] [localizers] 파라미터 : 

[2026-08-11 17:27:18.544588] [INFO] [safety_plc] 생성
[2026-08-11 17:27:18.544608] [INFO] [load_handler] 생성
[2026-08-11 17:27:18.544628] [INFO] [power_system] 생성
[2026-08-11 17:27:18.544791] [INFO] [power_system] 설정 정보 : remaining[40%, 10%, 5%]
[2026-08-11 17:27:18.545408] [INFO] [power_system] 알람 목록 : 
 • [100015, 100001] [INFO] 자동 충전 시작.
 • [100015, 100002] [INFO] 배터리 가득.
 • [100015, 400001] [CRIT] 배터리 남은 양 - 위험
 • [100015, 300001] [ERROR] 배터리 남은 양 - 에러
 • [100015, 200001] [WARN] 배터리 남은 양 - 주의
 • [100015, 100004] [INFO] 자동 충전 해제 완료.
 • [100015, 100003] [INFO] 자동 충전 해제 시작.
[2026-08-11 17:27:18.545413] [INFO] [mediator] connector 의존성 주입
[2026-08-11 17:27:18.545416] [INFO] [mediator] any map 등록
[2026-08-11 17:27:18.545422] [INFO] [mediator] any collector 등록
[2026-08-11 17:27:18.545425] [INFO] [mediator] any collector 목록 검사
[2026-08-11 17:27:18.545501] [INFO] [framework] after init 실행
[2026-08-11 17:27:18.545856] [INFO] [course_tracker] 생성
[2026-08-11 17:27:18.545878] [INFO] [course_tracker] 파라미터 : 
◈ node_bound[0.020m, 0.150m, 0.005m]
 • approach[0.150m, 0.050m/s, -0.005m, -0.200m, 0.100m]
 • align[(10.000°, 5.000°/s), 50.000°, 30.000°/s), 0.800°, -0.100°]
◈ motion param : 
 • reference_angle[0.000°, 45.000°]
 • threshold_angle[15.000°, 20.000°, 170.000°]
 • threshold_error[0.300°, 5.000°]
 • normal[0.150m/s, 8.000, 0.800m/s, 0.500]
 • angle[0.150m/s, 1.500, 0.800m/s, 2.100]
 • protection_overshoot[0.100m/s, 0.900, 0.500m/s, 0.900]
 • speed_rotation[15.000°/s]
[2026-08-11 17:27:18.545881] [INFO] [framework] 제어 쓰레드 시작
[2026-08-11 17:27:18.545933] [INFO] [path_server] 노드 초기화 성공 : 로봇 좌표[7.989m 18.996m 90.015°] 최단 거리 노드[103] 거리(0.012029m)
[2026-08-11 17:27:18.545990] [INFO] [health_monitor] [등록][100015, 200001] : 배터리 남은 양 - 주의
[2026-08-11 17:27:18.585839] [INFO] [task::fsm] charging
[2026-08-11 17:27:18.585847] [INFO] [power_system] 충전 프로세스 시작
[2026-08-11 17:27:18.585859] [INFO] [health_monitor] [등록][100015, 100001] : 자동 충전 시작.
[2026-08-11 17:27:23.596531] [INFO] [health_monitor] [삭제][100015, 100001] : 자동 충전 시작.
[2026-08-11 17:27:37.747494] [INFO] [framework] 프로그램 시작
[2026-08-11 17:27:37.747497] [WARNING] [framework] 프로그램 시작
[2026-08-11 17:27:37.747501] [INFO] [framework] 설정 파일 위치 : ../configs/robot_3
[2026-08-11 17:27:37.747500] [CRITICAL] [framework] 프로그램 시작
[2026-08-11 17:27:55.412502] [INFO] [framework] 프로그램 시작
[2026-08-11 17:27:55.412507] [WARNING] [framework] 프로그램 시작
[2026-08-11 17:27:55.412508] [CRITICAL] [framework] 프로그램 시작
[2026-08-11 17:27:55.412509] [INFO] [framework] 설정 파일 위치 : ../configs/robot_3
[2026-08-11 17:27:55.412660] [INFO] [framework] ID[0, 3], 이름[박쓰리], 제어주기[20ms], 버젼[], 장소[우리집], 환경모드[simulation]
[2026-08-11 17:27:55.412692] [INFO] [mediator] 생성
[2026-08-11 17:27:55.412721] [INFO] [graph_manager] 생성
[2026-08-11 17:27:55.462695] [INFO] [stop_server] 생성
[2026-08-11 17:27:55.462745] [INFO] [health_monitor] 생성
[2026-08-11 17:27:55.462770] [INFO] [path_server] 생성
[2026-08-11 17:27:55.462791] [INFO] [course_manager] 생성
[2026-08-11 17:27:55.462814] [INFO] [task::fsm] 생성
[2026-08-11 17:27:55.462816] [INFO] [task::fsm] idle
[2026-08-11 17:27:55.462818] [INFO] [course_manager] 코스 삭제
[2026-08-11 17:27:55.462818] [INFO] [path_server] 경로 삭제
[2026-08-11 17:27:55.462838] [INFO] [task_manager] 생성
[2026-08-11 17:27:55.462981] [INFO] [mediator] connectors 생성
[2026-08-11 17:27:55.463006] [INFO] [fms] 생성
[2026-08-11 17:27:55.463007] [INFO] [fms] 통신 드라이버 생성
[2026-08-11 17:27:55.463403] [INFO] [motions] 생성
[2026-08-11 17:27:55.463434] [INFO] [localizers] 생성
[2026-08-11 17:27:55.463573] [INFO] [localizers] 파라미터 : 

[2026-08-11 17:27:55.463600] [INFO] [safety_plc] 생성
[2026-08-11 17:27:55.463621] [INFO] [load_handler] 생성
[2026-08-11 17:27:55.463641] [INFO] [power_system] 생성
[2026-08-11 17:27:55.463805] [INFO] [power_system] 설정 정보 : remaining[40%, 10%, 5%]
[2026-08-11 17:27:55.464421] [INFO] [power_system] 알람 목록 : 
 • [100015, 100001] [INFO] 자동 충전 시작.
 • [100015, 100002] [INFO] 배터리 가득.
 • [100015, 400001] [CRIT] 배터리 남은 양 - 위험
 • [100015, 300001] [ERROR] 배터리 남은 양 - 에러
 • [100015, 200001] [WARN] 배터리 남은 양 - 주의
 • [100015, 100004] [INFO] 자동 충전 해제 완료.
 • [100015, 100003] [INFO] 자동 충전 해제 시작.
[2026-08-11 17:27:55.464426] [INFO] [mediator] connector 의존성 주입
[2026-08-11 17:27:55.464430] [INFO] [mediator] any map 등록
[2026-08-11 17:27:55.464436] [INFO] [mediator] any collector 등록
[2026-08-11 17:27:55.464440] [INFO] [mediator] any collector 목록 검사
[2026-08-11 17:27:55.464515] [INFO] [framework] after init 실행
[2026-08-11 17:27:55.464916] [INFO] [course_tracker] 생성
[2026-08-11 17:27:55.464942] [INFO] [course_tracker] 파라미터 : 
◈ node_bound[0.020m, 0.150m, 0.005m]
 • approach[0.150m, 0.050m/s, -0.005m, -0.200m, 0.100m]
 • align[(10.000°, 5.000°/s), 50.000°, 30.000°/s), 0.800°, -0.100°]
◈ motion param : 
 • reference_angle[0.000°, 45.000°]
 • threshold_angle[15.000°, 20.000°, 170.000°]
 • threshold_error[0.300°, 5.000°]
 • normal[0.150m/s, 8.000, 0.800m/s, 0.500]
 • angle[0.150m/s, 1.500, 0.800m/s, 2.100]
 • protection_overshoot[0.100m/s, 0.900, 0.500m/s, 0.900]
 • speed_rotation[15.000°/s]
[2026-08-11 17:27:55.464946] [INFO] [framework] 제어 쓰레드 시작
[2026-08-11 17:27:55.465021] [INFO] [path_server] 노드 초기화 성공 : 로봇 좌표[7.989m 18.996m 90.015°] 최단 거리 노드[103] 거리(0.012029m)
[2026-08-11 17:27:55.465324] [INFO] [health_monitor] [등록][100015, 200001] : 배터리 남은 양 - 주의
[2026-08-11 17:27:55.584822] [INFO] [task::fsm] charging
[2026-08-11 17:27:55.584830] [INFO] [power_system] 충전 프로세스 시작
[2026-08-11 17:27:55.584851] [INFO] [health_monitor] [등록][100015, 100001] : 자동 충전 시작.
[2026-08-11 17:28:00.595229] [INFO] [health_monitor] [삭제][100015, 100001] : 자동 충전 시작.
[2026-08-11 17:28:11.314110] [INFO] [health_monitor] [삭제][100015, 200001] : 배터리 남은 양 - 주의
[2026-08-11 17:28:25.826392] [INFO] [path_server] 새로운 경로 설정 : path[103 ➜ 1] time[0s] dist[35.5m] list[22] : 103-1072-1073-1074-1075-1076-1077-1078-1390-1391-1001-1002-1003-1004-1005-1006-1007-1008-1010-1016-1022-1
[2026-08-11 17:28:29.699339] [INFO] [path_server] 노드 업데이트 : [1072] ➜ [1073]
[2026-08-11 17:28:29.779313] [INFO] [path_server] 새로운 경로 설정 : path[1072 ➜ 1] time[0s] dist[34m] list[21] : 1072-1073-1074-1075-1076-1077-1078-1390-1391-1001-1002-1003-1004-1005-1006-1007-1008-1010-1016-1022-1
[2026-08-11 17:28:33.292384] [INFO] [path_server] 노드 업데이트 : [1073] ➜ [1074]
[2026-08-11 17:28:33.372306] [INFO] [path_server] 새로운 경로 설정 : path[1073 ➜ 1] time[0s] dist[32.5m] list[20] : 1073-1074-1075-1076-1077-1078-1390-1391-1001-1002-1003-1004-1005-1006-1007-1008-1010-1016-1022-1
[2026-08-11 17:28:34.410286] [INFO] [path_server] 노드 업데이트 : [1074] ➜ [1075]
[2026-08-11 17:28:34.470219] [INFO] [path_server] 새로운 경로 설정 : path[1074 ➜ 1] time[0s] dist[31m] list[19] : 1074-1075-1076-1077-1078-1390-1391-1001-1002-1003-1004-1005-1006-1007-1008-1010-1016-1022-1
[2026-08-11 17:28:35.228635] [INFO] [path_server] 노드 업데이트 : [1075] ➜ [1076]
[2026-08-11 17:28:35.308540] [INFO] [path_server] 새로운 경로 설정 : path[1075 ➜ 1] time[0s] dist[29.5m] list[18] : 1075-1076-1077-1078-1390-1391-1001-1002-1003-1004-1005-1006-1007-1008-1010-1016-1022-1
[2026-08-11 17:28:36.645871] [INFO] [path_server] 노드 업데이트 : [1076] ➜ [1077]
[2026-08-11 17:28:36.725744] [INFO] [path_server] 새로운 경로 설정 : path[1076 ➜ 1] time[0s] dist[28m] list[17] : 1076-1077-1078-1390-1391-1001-1002-1003-1004-1005-1006-1007-1008-1010-1016-1022-1
[2026-08-11 17:28:40.159093] [INFO] [path_server] 노드 업데이트 : [1077] ➜ [1078]
[2026-08-11 17:28:40.239008] [INFO] [path_server] 새로운 경로 설정 : path[1077 ➜ 1] time[0s] dist[26.5m] list[16] : 1077-1078-1390-1391-1001-1002-1003-1004-1005-1006-1007-1008-1010-1016-1022-1
[2026-08-11 17:28:41.276952] [INFO] [path_server] 노드 업데이트 : [1078] ➜ [1390]
[2026-08-11 17:28:41.336851] [INFO] [path_server] 새로운 경로 설정 : path[1078 ➜ 1] time[0s] dist[25m] list[15] : 1078-1390-1391-1001-1002-1003-1004-1005-1006-1007-1008-1010-1016-1022-1
[2026-08-11 17:28:42.095466] [INFO] [path_server] 노드 업데이트 : [1390] ➜ [1391]
[2026-08-11 17:28:42.175325] [INFO] [path_server] 새로운 경로 설정 : path[1390 ➜ 1] time[0s] dist[23.5m] list[14] : 1390-1391-1001-1002-1003-1004-1005-1006-1007-1008-1010-1016-1022-1
[2026-08-11 17:28:42.834130] [INFO] [path_server] 노드 업데이트 : [1391] ➜ [1001]
[2026-08-11 17:28:42.894034] [INFO] [path_server] 새로운 경로 설정 : path[1391 ➜ 1] time[0s] dist[22m] list[13] : 1391-1001-1002-1003-1004-1005-1006-1007-1008-1010-1016-1022-1
[2026-08-11 17:28:44.251286] [INFO] [path_server] 노드 업데이트 : [1001] ➜ [1002]
[2026-08-11 17:28:44.331125] [INFO] [path_server] 새로운 경로 설정 : path[1001 ➜ 1] time[0s] dist[20.5m] list[12] : 1001-1002-1003-1004-1005-1006-1007-1008-1010-1016-1022-1
[2026-08-11 17:28:47.724699] [INFO] [path_server] 노드 업데이트 : [1002] ➜ [1003]
[2026-08-11 17:28:47.784604] [INFO] [path_server] 새로운 경로 설정 : path[1002 ➜ 1] time[0s] dist[19m] list[11] : 1002-1003-1004-1005-1006-1007-1008-1010-1016-1022-1
[2026-08-11 17:28:48.822551] [INFO] [path_server] 노드 업데이트 : [1003] ➜ [1004]
[2026-08-11 17:28:48.902486] [INFO] [path_server] 새로운 경로 설정 : path[1003 ➜ 1] time[0s] dist[17.5m] list[10] : 1003-1004-1005-1006-1007-1008-1010-1016-1022-1
[2026-08-11 17:28:49.640991] [INFO] [path_server] 노드 업데이트 : [1004] ➜ [1005]
[2026-08-11 17:28:49.700908] [INFO] [path_server] 새로운 경로 설정 : path[1004 ➜ 1] time[0s] dist[16m] list[9] : 1004-1005-1006-1007-1008-1010-1016-1022-1
[2026-08-11 17:28:50.399431] [INFO] [path_server] 노드 업데이트 : [1005] ➜ [1006]
[2026-08-11 17:28:50.479305] [INFO] [path_server] 새로운 경로 설정 : path[1005 ➜ 1] time[0s] dist[14.5m] list[8] : 1005-1006-1007-1008-1010-1016-1022-1
[2026-08-11 17:28:51.157903] [INFO] [path_server] 노드 업데이트 : [1006] ➜ [1007]
[2026-08-11 17:28:51.237852] [INFO] [path_server] 새로운 경로 설정 : path[1006 ➜ 1] time[0s] dist[13m] list[7] : 1006-1007-1008-1010-1016-1022-1
[2026-08-11 17:28:51.896524] [INFO] [path_server] 노드 업데이트 : [1007] ➜ [1008]
[2026-08-11 17:28:51.976382] [INFO] [path_server] 새로운 경로 설정 : path[1007 ➜ 1] time[0s] dist[11.5m] list[6] : 1007-1008-1010-1016-1022-1
[2026-08-11 17:28:52.654932] [INFO] [path_server] 노드 업데이트 : [1008] ➜ [1010]
[2026-08-11 17:28:52.734802] [INFO] [path_server] 새로운 경로 설정 : path[1008 ➜ 1] time[0s] dist[10m] list[5] : 1008-1010-1016-1022-1
[2026-08-11 17:28:53.493495] [INFO] [path_server] 노드 업데이트 : [1010] ➜ [1016]
[2026-08-11 17:28:53.573406] [INFO] [path_server] 새로운 경로 설정 : path[1010 ➜ 1] time[0s] dist[8.5m] list[4] : 1010-1016-1022-1
[2026-08-11 17:28:59.861787] [INFO] [path_server] 노드 업데이트 : [1016] ➜ [1022]
[2026-08-11 17:28:59.921746] [INFO] [path_server] 새로운 경로 설정 : path[1016 ➜ 1] time[0s] dist[3.5m] list[3] : 1016-1022-1
[2026-08-11 17:29:04.054945] [INFO] [path_server] 노드 업데이트 : [1022] ➜ [1]
[2026-08-11 17:29:04.114862] [INFO] [path_server] 새로운 경로 설정 : path[1022 ➜ 1] time[0s] dist[1.5m] list[2] : 1022-1
[2026-08-11 17:29:06.270869] [INFO] [path_server] 노드 업데이트 : [1] ➜ [-1]
[2026-08-11 17:29:09.125417] [INFO] [course_tracker] 목적지에서 각도 정렬 : [17.500m 30.000m 0.000°]
[2026-08-11 17:29:09.864016] [INFO] [path_server] 노드 업데이트 : [1] ➜ [-1]
[2026-08-11 17:29:09.883944] [INFO] [task::fsm] go_from_done
[2026-08-11 17:29:09.923908] [INFO] [task::fsm] loading
[2026-08-11 17:29:09.923916] [INFO] [load_handler] 상차 시작
[2026-08-11 17:29:11.940018] [INFO] [load_handler] 상차 완료
[2026-08-11 17:29:11.959981] [INFO] [task::fsm] loading_done
[2026-08-11 17:29:12.019962] [INFO] [path_server] 새로운 경로 설정 : path[1 ➜ 5] time[0s] dist[85.1388m] list[50] : 1-1028-1046-1129-1049-1050-1051-1052-1198-1199-1053-1054-1055-1056-1057-1058-1059-1060-1061-1062-1063-1064-1065-40-1067-1068-1069-1070-1071-1072-1073-1074-1075-1076-1077-1078-1390-1391-1001-1002-1003-1004-1005-1006-1007-1008-1010-1012-1026-5
[2026-08-11 17:29:14.755180] [INFO] [path_server] 노드 업데이트 : [1028] ➜ [1046]
[2026-08-11 17:29:14.815085] [INFO] [path_server] 새로운 경로 설정 : path[1028 ➜ 5] time[0s] dist[83.1388m] list[49] : 1028-1046-1129-1049-1050-1051-1052-1198-1199-1053-1054-1055-1056-1057-1058-1059-1060-1061-1062-1063-1064-1065-40-1067-1068-1069-1070-1071-1072-1073-1074-1075-1076-1077-1078-1390-1391-1001-1002-1003-1004-1005-1006-1007-1008-1010-1012-1026-5
[2026-08-11 17:29:16.491809] [INFO] [path_server] 노드 업데이트 : [1046] ➜ [1129]
[2026-08-11 17:29:16.551759] [INFO] [path_server] 새로운 경로 설정 : path[1046 ➜ 5] time[0s] dist[80.6388m] list[48] : 1046-1129-1049-1050-1051-1052-1198-1199-1053-1054-1055-1056-1057-1058-1059-1060-1061-1062-1063-1064-1065-40-1067-1068-1069-1070-1071-1072-1073-1074-1075-1076-1077-1078-1390-1391-1001-1002-1003-1004-1005-1006-1007-1008-1010-1012-1026-5
[2026-08-11 17:29:21.961631] [INFO] [path_server] 노드 업데이트 : [1129] ➜ [1049]
[2026-08-11 17:29:22.041599] [INFO] [path_server] 새로운 경로 설정 : path[1129 ➜ 5] time[0s] dist[77.7234m] list[47] : 1129-1049-1050-1051-1052-1198-1199-1053-1054-1055-1056-1057-1058-1059-1060-1061-1062-1063-1064-1065-40-1067-1068-1069-1070-1071-1072-1073-1074-1075-1076-1077-1078-1390-1391-1001-1002-1003-1004-1005-1006-1007-1008-1010-1012-1026-5
[2026-08-11 17:29:23.977789] [INFO] [path_server] 노드 업데이트 : [1049] ➜ [1050]
[2026-08-11 17:29:24.037808] [INFO] [path_server] 새로운 경로 설정 : path[1049 ➜ 5] time[0s] dist[74.8079m] list[46] : 1049-1050-1051-1052-1198-1199-1053-1054-1055-1056-1057-1058-1059-1060-1061-1062-1063-1064-1065-40-1067-1068-1069-1070-1071-1072-1073-1074-1075-1076-1077-1078-1390-1391-1001-1002-1003-1004-1005-1006-1007-1008-1010-1012-1026-5
[2026-08-11 17:29:29.128000] [INFO] [path_server] 노드 업데이트 : [1050] ➜ [1051]
[2026-08-11 17:29:29.207956] [INFO] [path_server] 새로운 경로 설정 : path[1050 ➜ 5] time[0s] dist[72.3079m] list[45] : 1050-1051-1052-1198-1199-1053-1054-1055-1056-1057-1058-1059-1060-1061-1062-1063-1064-1065-40-1067-1068-1069-1070-1071-1072-1073-1074-1075-1076-1077-1078-1390-1391-1001-1002-1003-1004-1005-1006-1007-1008-1010-1012-1026-5
[2026-08-11 17:29:30.126292] [INFO] [path_server] 노드 업데이트 : [1051] ➜ [1052]
[2026-08-11 17:29:30.186291] [INFO] [path_server] 새로운 경로 설정 : path[1051 ➜ 5] time[0s] dist[70.8079m] list[44] : 1051-1052-1198-1199-1053-1054-1055-1056-1057-1058-1059-1060-1061-1062-1063-1064-1065-40-1067-1068-1069-1070-1071-1072-1073-1074-1075-1076-1077-1078-1390-1391-1001-1002-1003-1004-1005-1006-1007-1008-1010-1012-1026-5
[2026-08-11 17:29:30.905046] [INFO] [path_server] 노드 업데이트 : [1052] ➜ [1198]
[2026-08-11 17:29:30.964998] [INFO] [path_server] 새로운 경로 설정 : path[1052 ➜ 5] time[0s] dist[69.3079m] list[43] : 1052-1198-1199-1053-1054-1055-1056-1057-1058-1059-1060-1061-1062-1063-1064-1065-40-1067-1068-1069-1070-1071-1072-1073-1074-1075-1076-1077-1078-1390-1391-1001-1002-1003-1004-1005-1006-1007-1008-1010-1012-1026-5
[2026-08-11 17:29:32.102812] [INFO] [health_monitor] [등록][100015, 200001] : 배터리 남은 양 - 주의
[2026-08-11 17:29:32.302314] [INFO] [path_server] 노드 업데이트 : [1198] ➜ [1199]
[2026-08-11 17:29:32.382273] [INFO] [path_server] 새로운 경로 설정 : path[1198 ➜ 5] time[0s] dist[67.8079m] list[42] : 1198-1199-1053-1054-1055-1056-1057-1058-1059-1060-1061-1062-1063-1064-1065-40-1067-1068-1069-1070-1071-1072-1073-1074-1075-1076-1077-1078-1390-1391-1001-1002-1003-1004-1005-1006-1007-1008-1010-1012-1026-5
[2026-08-11 17:29:35.795769] [INFO] [path_server] 노드 업데이트 : [1199] ➜ [1053]
[2026-08-11 17:29:35.875638] [INFO] [path_server] 새로운 경로 설정 : path[1199 ➜ 5] time[0s] dist[66.3079m] list[41] : 1199-1053-1054-1055-1056-1057-1058-1059-1060-1061-1062-1063-1064-1065-40-1067-1068-1069-1070-1071-1072-1073-1074-1075-1076-1077-1078-1390-1391-1001-1002-1003-1004-1005-1006-1007-1008-1010-1012-1026-5
[2026-08-11 17:29:36.913534] [INFO] [path_server] 노드 업데이트 : [1053] ➜ [1054]
[2026-08-11 17:29:36.993416] [INFO] [path_server] 새로운 경로 설정 : path[1053 ➜ 5] time[0s] dist[64.8079m] list[40] : 1053-1054-1055-1056-1057-1058-1059-1060-1061-1062-1063-1064-1065-40-1067-1068-1069-1070-1071-1072-1073-1074-1075-1076-1077-1078-1390-1391-1001-1002-1003-1004-1005-1006-1007-1008-1010-1012-1026-5
[2026-08-11 17:29:37.731759] [INFO] [path_server] 노드 업데이트 : [1054] ➜ [1055]
[2026-08-11 17:29:37.811712] [INFO] [path_server] 새로운 경로 설정 : path[1054 ➜ 5] time[0s] dist[63.3079m] list[39] : 1054-1055-1056-1057-1058-1059-1060-1061-1062-1063-1064-1065-40-1067-1068-1069-1070-1071-1072-1073-1074-1075-1076-1077-1078-1390-1391-1001-1002-1003-1004-1005-1006-1007-1008-1010-1012-1026-5
[2026-08-11 17:29:38.490320] [INFO] [path_server] 노드 업데이트 : [1055] ➜ [1056]
[2026-08-11 17:29:38.550259] [INFO] [path_server] 새로운 경로 설정 : path[1055 ➜ 5] time[0s] dist[61.8079m] list[38] : 1055-1056-1057-1058-1059-1060-1061-1062-1063-1064-1065-40-1067-1068-1069-1070-1071-1072-1073-1074-1075-1076-1077-1078-1390-1391-1001-1002-1003-1004-1005-1006-1007-1008-1010-1012-1026-5
[2026-08-11 17:29:39.707885] [INFO] [path_server] 노드 업데이트 : [1056] ➜ [1057]
[2026-08-11 17:29:39.787847] [INFO] [path_server] 새로운 경로 설정 : path[1056 ➜ 5] time[0s] dist[60.3079m] list[37] : 1056-1057-1058-1059-1060-1061-1062-1063-1064-1065-40-1067-1068-1069-1070-1071-1072-1073-1074-1075-1076-1077-1078-1390-1391-1001-1002-1003-1004-1005-1006-1007-1008-1010-1012-1026-5
[2026-08-11 17:29:42.981591] [INFO] [path_server] 노드 업데이트 : [1057] ➜ [1058]
[2026-08-11 17:29:43.041523] [INFO] [path_server] 새로운 경로 설정 : path[1057 ➜ 5] time[0s] dist[58.8079m] list[36] : 1057-1058-1059-1060-1061-1062-1063-1064-1065-40-1067-1068-1069-1070-1071-1072-1073-1074-1075-1076-1077-1078-1390-1391-1001-1002-1003-1004-1005-1006-1007-1008-1010-1012-1026-5
[2026-08-11 17:29:44.159248] [INFO] [path_server] 노드 업데이트 : [1058] ➜ [1059]
[2026-08-11 17:29:44.239132] [INFO] [path_server] 새로운 경로 설정 : path[1058 ➜ 5] time[0s] dist[57.3079m] list[35] : 1058-1059-1060-1061-1062-1063-1064-1065-40-1067-1068-1069-1070-1071-1072-1073-1074-1075-1076-1077-1078-1390-1391-1001-1002-1003-1004-1005-1006-1007-1008-1010-1012-1026-5
[2026-08-11 17:29:44.997764] [INFO] [path_server] 노드 업데이트 : [1059] ➜ [1060]
[2026-08-11 17:29:45.077672] [INFO] [path_server] 새로운 경로 설정 : path[1059 ➜ 5] time[0s] dist[55.8079m] list[34] : 1059-1060-1061-1062-1063-1064-1065-40-1067-1068-1069-1070-1071-1072-1073-1074-1075-1076-1077-1078-1390-1391-1001-1002-1003-1004-1005-1006-1007-1008-1010-1012-1026-5
[2026-08-11 17:29:45.736295] [INFO] [path_server] 노드 업데이트 : [1060] ➜ [1061]
[2026-08-11 17:29:45.796214] [INFO] [path_server] 새로운 경로 설정 : path[1060 ➜ 5] time[0s] dist[54.3079m] list[33] : 1060-1061-1062-1063-1064-1065-40-1067-1068-1069-1070-1071-1072-1073-1074-1075-1076-1077-1078-1390-1391-1001-1002-1003-1004-1005-1006-1007-1008-1010-1012-1026-5
[2026-08-11 17:29:46.494757] [INFO] [path_server] 노드 업데이트 : [1061] ➜ [1062]
[2026-08-11 17:29:46.574656] [INFO] [path_server] 새로운 경로 설정 : path[1061 ➜ 5] time[0s] dist[52.8079m] list[32] : 1061-1062-1063-1064-1065-40-1067-1068-1069-1070-1071-1072-1073-1074-1075-1076-1077-1078-1390-1391-1001-1002-1003-1004-1005-1006-1007-1008-1010-1012-1026-5
[2026-08-11 17:29:47.253198] [INFO] [path_server] 노드 업데이트 : [1062] ➜ [1063]
[2026-08-11 17:29:47.333132] [INFO] [path_server] 새로운 경로 설정 : path[1062 ➜ 5] time[0s] dist[51.3079m] list[31] : 1062-1063-1064-1065-40-1067-1068-1069-1070-1071-1072-1073-1074-1075-1076-1077-1078-1390-1391-1001-1002-1003-1004-1005-1006-1007-1008-1010-1012-1026-5
[2026-08-11 17:29:47.991852] [INFO] [path_server] 노드 업데이트 : [1063] ➜ [1064]
[2026-08-11 17:29:48.071716] [INFO] [path_server] 새로운 경로 설정 : path[1063 ➜ 5] time[0s] dist[49.8079m] list[30] : 1063-1064-1065-40-1067-1068-1069-1070-1071-1072-1073-1074-1075-1076-1077-1078-1390-1391-1001-1002-1003-1004-1005-1006-1007-1008-1010-1012-1026-5
[2026-08-11 17:29:48.750468] [INFO] [path_server] 노드 업데이트 : [1064] ➜ [1065]
[2026-08-11 17:29:48.830393] [INFO] [path_server] 새로운 경로 설정 : path[1064 ➜ 5] time[0s] dist[48.3079m] list[29] : 1064-1065-40-1067-1068-1069-1070-1071-1072-1073-1074-1075-1076-1077-1078-1390-1391-1001-1002-1003-1004-1005-1006-1007-1008-1010-1012-1026-5
[2026-08-11 17:29:49.489135] [INFO] [path_server] 노드 업데이트 : [1065] ➜ [40]
[2026-08-11 17:29:49.549063] [INFO] [path_server] 새로운 경로 설정 : path[1065 ➜ 5] time[0s] dist[46.8079m] list[28] : 1065-40-1067-1068-1069-1070-1071-1072-1073-1074-1075-1076-1077-1078-1390-1391-1001-1002-1003-1004-1005-1006-1007-1008-1010-1012-1026-5
[2026-08-11 17:29:50.247665] [INFO] [path_server] 노드 업데이트 : [40] ➜ [1067]
[2026-08-11 17:29:50.327553] [INFO] [path_server] 새로운 경로 설정 : path[40 ➜ 5] time[0s] dist[45.3079m] list[27] : 40-1067-1068-1069-1070-1071-1072-1073-1074-1075-1076-1077-1078-1390-1391-1001-1002-1003-1004-1005-1006-1007-1008-1010-1012-1026-5
[2026-08-11 17:29:50.986226] [INFO] [path_server] 노드 업데이트 : [1067] ➜ [1068]
[2026-08-11 17:29:51.046151] [INFO] [path_server] 새로운 경로 설정 : path[1067 ➜ 5] time[0s] dist[43.8079m] list[26] : 1067-1068-1069-1070-1071-1072-1073-1074-1075-1076-1077-1078-1390-1391-1001-1002-1003-1004-1005-1006-1007-1008-1010-1012-1026-5
[2026-08-11 17:29:51.744768] [INFO] [path_server] 노드 업데이트 : [1068] ➜ [1069]
[2026-08-11 17:29:51.824612] [INFO] [path_server] 새로운 경로 설정 : path[1068 ➜ 5] time[0s] dist[42.3079m] list[25] : 1068-1069-1070-1071-1072-1073-1074-1075-1076-1077-1078-1390-1391-1001-1002-1003-1004-1005-1006-1007-1008-1010-1012-1026-5
[2026-08-11 17:29:52.503203] [INFO] [path_server] 노드 업데이트 : [1069] ➜ [1070]
[2026-08-11 17:29:52.583136] [INFO] [path_server] 새로운 경로 설정 : path[1069 ➜ 5] time[0s] dist[40.8079m] list[24] : 1069-1070-1071-1072-1073-1074-1075-1076-1077-1078-1390-1391-1001-1002-1003-1004-1005-1006-1007-1008-1010-1012-1026-5
[2026-08-11 17:29:53.241878] [INFO] [path_server] 노드 업데이트 : [1070] ➜ [1071]
[2026-08-11 17:29:53.321749] [INFO] [path_server] 새로운 경로 설정 : path[1070 ➜ 5] time[0s] dist[39.3079m] list[23] : 1070-1071-1072-1073-1074-1075-1076-1077-1078-1390-1391-1001-1002-1003-1004-1005-1006-1007-1008-1010-1012-1026-5
[2026-08-11 17:29:54.000398] [INFO] [path_server] 노드 업데이트 : [1071] ➜ [1072]
[2026-08-11 17:29:54.080327] [INFO] [path_server] 새로운 경로 설정 : path[1071 ➜ 5] time[0s] dist[37.8079m] list[22] : 1071-1072-1073-1074-1075-1076-1077-1078-1390-1391-1001-1002-1003-1004-1005-1006-1007-1008-1010-1012-1026-5
[2026-08-11 17:29:54.739110] [INFO] [path_server] 노드 업데이트 : [1072] ➜ [1073]
[2026-08-11 17:29:54.818956] [INFO] [path_server] 새로운 경로 설정 : path[1072 ➜ 5] time[0s] dist[36.3079m] list[21] : 1072-1073-1074-1075-1076-1077-1078-1390-1391-1001-1002-1003-1004-1005-1006-1007-1008-1010-1012-1026-5
[2026-08-11 17:29:55.497561] [INFO] [path_server] 노드 업데이트 : [1073] ➜ [1074]
[2026-08-11 17:29:55.577501] [INFO] [path_server] 새로운 경로 설정 : path[1073 ➜ 5] time[0s] dist[34.8079m] list[20] : 1073-1074-1075-1076-1077-1078-1390-1391-1001-1002-1003-1004-1005-1006-1007-1008-1010-1012-1026-5
[2026-08-11 17:29:56.236178] [INFO] [path_server] 노드 업데이트 : [1074] ➜ [1075]
[2026-08-11 17:29:56.316026] [INFO] [path_server] 새로운 경로 설정 : path[1074 ➜ 5] time[0s] dist[33.3079m] list[19] : 1074-1075-1076-1077-1078-1390-1391-1001-1002-1003-1004-1005-1006-1007-1008-1010-1012-1026-5
[2026-08-11 17:29:56.994706] [INFO] [path_server] 노드 업데이트 : [1075] ➜ [1076]
[2026-08-11 17:29:57.074641] [INFO] [path_server] 새로운 경로 설정 : path[1075 ➜ 5] time[0s] dist[31.8079m] list[18] : 1075-1076-1077-1078-1390-1391-1001-1002-1003-1004-1005-1006-1007-1008-1010-1012-1026-5
[2026-08-11 17:29:58.392038] [INFO] [path_server] 노드 업데이트 : [1076] ➜ [1077]
[2026-08-11 17:29:58.471959] [INFO] [path_server] 새로운 경로 설정 : path[1076 ➜ 5] time[0s] dist[30.3079m] list[17] : 1076-1077-1078-1390-1391-1001-1002-1003-1004-1005-1006-1007-1008-1010-1012-1026-5
[2026-08-11 17:30:01.865438] [INFO] [path_server] 노드 업데이트 : [1077] ➜ [1078]
[2026-08-11 17:30:01.945316] [INFO] [path_server] 새로운 경로 설정 : path[1077 ➜ 5] time[0s] dist[28.8079m] list[16] : 1077-1078-1390-1391-1001-1002-1003-1004-1005-1006-1007-1008-1010-1012-1026-5
[2026-08-11 17:30:02.983238] [INFO] [path_server] 노드 업데이트 : [1078] ➜ [1390]
[2026-08-11 17:30:03.063109] [INFO] [path_server] 새로운 경로 설정 : path[1078 ➜ 5] time[0s] dist[27.3079m] list[15] : 1078-1390-1391-1001-1002-1003-1004-1005-1006-1007-1008-1010-1012-1026-5
[2026-08-11 17:30:03.801623] [INFO] [path_server] 노드 업데이트 : [1390] ➜ [1391]
[2026-08-11 17:30:03.881546] [INFO] [path_server] 새로운 경로 설정 : path[1390 ➜ 5] time[0s] dist[25.8079m] list[14] : 1390-1391-1001-1002-1003-1004-1005-1006-1007-1008-1010-1012-1026-5
[2026-08-11 17:30:04.560193] [INFO] [path_server] 노드 업데이트 : [1391] ➜ [1001]
[2026-08-11 17:30:04.620099] [INFO] [path_server] 새로운 경로 설정 : path[1391 ➜ 5] time[0s] dist[24.3079m] list[13] : 1391-1001-1002-1003-1004-1005-1006-1007-1008-1010-1012-1026-5
[2026-08-11 17:30:05.937568] [INFO] [path_server] 노드 업데이트 : [1001] ➜ [1002]
[2026-08-11 17:30:05.997496] [INFO] [path_server] 새로운 경로 설정 : path[1001 ➜ 5] time[0s] dist[22.8079m] list[12] : 1001-1002-1003-1004-1005-1006-1007-1008-1010-1012-1026-5
[2026-08-11 17:30:09.410967] [INFO] [path_server] 노드 업데이트 : [1002] ➜ [1003]
[2026-08-11 17:30:09.470884] [INFO] [path_server] 새로운 경로 설정 : path[1002 ➜ 5] time[0s] dist[21.3079m] list[11] : 1002-1003-1004-1005-1006-1007-1008-1010-1012-1026-5
[2026-08-11 17:30:10.508815] [INFO] [path_server] 노드 업데이트 : [1003] ➜ [1004]
[2026-08-11 17:30:10.588722] [INFO] [path_server] 새로운 경로 설정 : path[1003 ➜ 5] time[0s] dist[19.8079m] list[10] : 1003-1004-1005-1006-1007-1008-1010-1012-1026-5
[2026-08-11 17:30:11.327173] [INFO] [path_server] 노드 업데이트 : [1004] ➜ [1005]
[2026-08-11 17:30:11.387110] [INFO] [path_server] 새로운 경로 설정 : path[1004 ➜ 5] time[0s] dist[18.3079m] list[9] : 1004-1005-1006-1007-1008-1010-1012-1026-5
[2026-08-11 17:30:12.085707] [INFO] [path_server] 노드 업데이트 : [1005] ➜ [1006]
[2026-08-11 17:30:12.165548] [INFO] [path_server] 새로운 경로 설정 : path[1005 ➜ 5] time[0s] dist[16.8079m] list[8] : 1005-1006-1007-1008-1010-1012-1026-5
[2026-08-11 17:30:12.844222] [INFO] [path_server] 노드 업데이트 : [1006] ➜ [1007]
[2026-08-11 17:30:12.924154] [INFO] [path_server] 새로운 경로 설정 : path[1006 ➜ 5] time[0s] dist[15.3079m] list[7] : 1006-1007-1008-1010-1012-1026-5
[2026-08-11 17:30:13.582959] [INFO] [path_server] 노드 업데이트 : [1007] ➜ [1008]
[2026-08-11 17:30:13.662807] [INFO] [path_server] 새로운 경로 설정 : path[1007 ➜ 5] time[0s] dist[13.8079m] list[6] : 1007-1008-1010-1012-1026-5
[2026-08-11 17:30:14.341460] [INFO] [path_server] 노드 업데이트 : [1008] ➜ [1010]
[2026-08-11 17:30:14.421395] [INFO] [path_server] 새로운 경로 설정 : path[1008 ➜ 5] time[0s] dist[12.3079m] list[5] : 1008-1010-1012-1026-5
[2026-08-11 17:30:15.180076] [INFO] [path_server] 노드 업데이트 : [1010] ➜ [1012]
[2026-08-11 17:30:15.259997] [INFO] [path_server] 새로운 경로 설정 : path[1010 ➜ 5] time[0s] dist[10.8079m] list[4] : 1010-1012-1026-5
[2026-08-11 17:30:21.587746] [INFO] [path_server] 노드 업데이트 : [1012] ➜ [1026]
[2026-08-11 17:30:21.667606] [INFO] [path_server] 새로운 경로 설정 : path[1012 ➜ 5] time[0s] dist[7m] list[3] : 1012-1026-5
[2026-08-11 17:30:29.132671] [INFO] [path_server] 노드 업데이트 : [1026] ➜ [5]
[2026-08-11 17:30:29.192573] [INFO] [path_server] 새로운 경로 설정 : path[1026 ➜ 5] time[0s] dist[1.5m] list[2] : 1026-5
[2026-08-11 17:30:31.377107] [INFO] [path_server] 노드 업데이트 : [5] ➜ [-1]
[2026-08-11 17:30:34.253915] [INFO] [course_tracker] 목적지에서 각도 정렬 : [17.500m 26.500m 0.000°]
[2026-08-11 17:30:34.553301] [INFO] [path_server] 노드 업데이트 : [5] ➜ [-1]
[2026-08-11 17:30:34.573191] [INFO] [task::fsm] go_to_done
[2026-08-11 17:30:34.613161] [INFO] [task::fsm] unloading
[2026-08-11 17:30:34.613168] [INFO] [load_handler] 하차 시작
[2026-08-11 17:30:36.628944] [INFO] [load_handler] 하차 완료
[2026-08-11 17:30:36.648922] [INFO] [task::fsm] unloading_done
[2026-08-11 17:30:36.708765] [INFO] [task::fsm] idle
[2026-08-11 17:30:36.708771] [INFO] [course_manager] 코스 삭제
[2026-08-11 17:30:36.708773] [INFO] [path_server] 경로 삭제
[2026-08-11 17:30:36.828575] [INFO] [path_server] 새로운 경로 설정 : path[5 ➜ 102] time[0s] dist[53.6321m] list[32] : 5-1032-1046-1129-1049-1050-1051-1052-1198-1199-1053-1054-1055-1056-1057-1058-1059-1060-1061-1062-1063-1064-1065-40-1067-1068-1069-1070-1071-1072-1073-102
[2026-08-11 17:30:39.003997] [INFO] [path_server] 노드 업데이트 : [1032] ➜ [1046]
[2026-08-11 17:30:39.083950] [INFO] [path_server] 새로운 경로 설정 : path[1032 ➜ 102] time[0s] dist[51.6321m] list[31] : 1032-1046-1129-1049-1050-1051-1052-1198-1199-1053-1054-1055-1056-1057-1058-1059-1060-1061-1062-1063-1064-1065-40-1067-1068-1069-1070-1071-1072-1073-102
[2026-08-11 17:30:45.392820] [INFO] [path_server] 노드 업데이트 : [1046] ➜ [1129]
[2026-08-11 17:30:45.472784] [INFO] [path_server] 새로운 경로 설정 : path[1046 ➜ 102] time[0s] dist[47.331m] list[30] : 1046-1129-1049-1050-1051-1052-1198-1199-1053-1054-1055-1056-1057-1058-1059-1060-1061-1062-1063-1064-1065-40-1067-1068-1069-1070-1071-1072-1073-102
[2026-08-11 17:30:50.143416] [INFO] [path_server] 노드 업데이트 : [1129] ➜ [1049]
[2026-08-11 17:30:50.223289] [INFO] [path_server] 새로운 경로 설정 : path[1129 ➜ 102] time[0s] dist[44.4155m] list[29] : 1129-1049-1050-1051-1052-1198-1199-1053-1054-1055-1056-1057-1058-1059-1060-1061-1062-1063-1064-1065-40-1067-1068-1069-1070-1071-1072-1073-102
[2026-08-11 17:30:52.159284] [INFO] [path_server] 노드 업데이트 : [1049] ➜ [1050]
[2026-08-11 17:30:52.239253] [INFO] [path_server] 새로운 경로 설정 : path[1049 ➜ 102] time[0s] dist[41.5m] list[28] : 1049-1050-1051-1052-1198-1199-1053-1054-1055-1056-1057-1058-1059-1060-1061-1062-1063-1064-1065-40-1067-1068-1069-1070-1071-1072-1073-102
[2026-08-11 17:30:57.309054] [INFO] [path_server] 노드 업데이트 : [1050] ➜ [1051]
[2026-08-11 17:30:57.388915] [INFO] [path_server] 새로운 경로 설정 : path[1050 ➜ 102] time[0s] dist[39m] list[27] : 1050-1051-1052-1198-1199-1053-1054-1055-1056-1057-1058-1059-1060-1061-1062-1063-1064-1065-40-1067-1068-1069-1070-1071-1072-1073-102
[2026-08-11 17:30:58.307436] [INFO] [path_server] 노드 업데이트 : [1051] ➜ [1052]
[2026-08-11 17:30:58.387364] [INFO] [path_server] 새로운 경로 설정 : path[1051 ➜ 102] time[0s] dist[37.5m] list[26] : 1051-1052-1198-1199-1053-1054-1055-1056-1057-1058-1059-1060-1061-1062-1063-1064-1065-40-1067-1068-1069-1070-1071-1072-1073-102
[2026-08-11 17:30:59.086050] [INFO] [path_server] 노드 업데이트 : [1052] ➜ [1198]
[2026-08-11 17:30:59.165971] [INFO] [path_server] 새로운 경로 설정 : path[1052 ➜ 102] time[0s] dist[36m] list[25] : 1052-1198-1199-1053-1054-1055-1056-1057-1058-1059-1060-1061-1062-1063-1064-1065-40-1067-1068-1069-1070-1071-1072-1073-102
[2026-08-11 17:31:00.483265] [INFO] [path_server] 노드 업데이트 : [1198] ➜ [1199]
[2026-08-11 17:31:00.563138] [INFO] [path_server] 새로운 경로 설정 : path[1198 ➜ 102] time[0s] dist[34.5m] list[24] : 1198-1199-1053-1054-1055-1056-1057-1058-1059-1060-1061-1062-1063-1064-1065-40-1067-1068-1069-1070-1071-1072-1073-102
[2026-08-11 17:31:03.996254] [INFO] [path_server] 노드 업데이트 : [1199] ➜ [1053]
[2026-08-11 17:31:04.076188] [INFO] [path_server] 새로운 경로 설정 : path[1199 ➜ 102] time[0s] dist[33m] list[23] : 1199-1053-1054-1055-1056-1057-1058-1059-1060-1061-1062-1063-1064-1065-40-1067-1068-1069-1070-1071-1072-1073-102
[2026-08-11 17:31:05.094100] [INFO] [path_server] 노드 업데이트 : [1053] ➜ [1054]
[2026-08-11 17:31:05.173930] [INFO] [path_server] 새로운 경로 설정 : path[1053 ➜ 102] time[0s] dist[31.5m] list[22] : 1053-1054-1055-1056-1057-1058-1059-1060-1061-1062-1063-1064-1065-40-1067-1068-1069-1070-1071-1072-1073-102
[2026-08-11 17:31:05.912423] [INFO] [path_server] 노드 업데이트 : [1054] ➜ [1055]
[2026-08-11 17:31:05.992282] [INFO] [path_server] 새로운 경로 설정 : path[1054 ➜ 102] time[0s] dist[30m] list[21] : 1054-1055-1056-1057-1058-1059-1060-1061-1062-1063-1064-1065-40-1067-1068-1069-1070-1071-1072-1073-102
[2026-08-11 17:31:06.670959] [INFO] [path_server] 노드 업데이트 : [1055] ➜ [1056]
[2026-08-11 17:31:06.730859] [INFO] [path_server] 새로운 경로 설정 : path[1055 ➜ 102] time[0s] dist[28.5m] list[20] : 1055-1056-1057-1058-1059-1060-1061-1062-1063-1064-1065-40-1067-1068-1069-1070-1071-1072-1073-102
[2026-08-11 17:31:07.888918] [INFO] [path_server] 노드 업데이트 : [1056] ➜ [1057]
[2026-08-11 17:31:07.968779] [INFO] [path_server] 새로운 경로 설정 : path[1056 ➜ 102] time[0s] dist[27m] list[19] : 1056-1057-1058-1059-1060-1061-1062-1063-1064-1065-40-1067-1068-1069-1070-1071-1072-1073-102
[2026-08-11 17:31:11.163511] [INFO] [path_server] 노드 업데이트 : [1057] ➜ [1058]
[2026-08-11 17:31:11.243466] [INFO] [path_server] 새로운 경로 설정 : path[1057 ➜ 102] time[0s] dist[25.5m] list[18] : 1057-1058-1059-1060-1061-1062-1063-1064-1065-40-1067-1068-1069-1070-1071-1072-1073-102
[2026-08-11 17:31:12.341252] [INFO] [path_server] 노드 업데이트 : [1058] ➜ [1059]
[2026-08-11 17:31:12.401186] [INFO] [path_server] 새로운 경로 설정 : path[1058 ➜ 102] time[0s] dist[24m] list[17] : 1058-1059-1060-1061-1062-1063-1064-1065-40-1067-1068-1069-1070-1071-1072-1073-102
[2026-08-11 17:31:13.179494] [INFO] [path_server] 노드 업데이트 : [1059] ➜ [1060]
[2026-08-11 17:31:13.239417] [INFO] [path_server] 새로운 경로 설정 : path[1059 ➜ 102] time[0s] dist[22.5m] list[16] : 1059-1060-1061-1062-1063-1064-1065-40-1067-1068-1069-1070-1071-1072-1073-102
[2026-08-11 17:31:13.918017] [INFO] [path_server] 노드 업데이트 : [1060] ➜ [1061]
[2026-08-11 17:31:13.997936] [INFO] [path_server] 새로운 경로 설정 : path[1060 ➜ 102] time[0s] dist[21m] list[15] : 1060-1061-1062-1063-1064-1065-40-1067-1068-1069-1070-1071-1072-1073-102
[2026-08-11 17:31:14.676551] [INFO] [path_server] 노드 업데이트 : [1061] ➜ [1062]
[2026-08-11 17:31:14.736450] [INFO] [path_server] 새로운 경로 설정 : path[1061 ➜ 102] time[0s] dist[19.5m] list[14] : 1061-1062-1063-1064-1065-40-1067-1068-1069-1070-1071-1072-1073-102
[2026-08-11 17:31:15.435013] [INFO] [path_server] 노드 업데이트 : [1062] ➜ [1063]
[2026-08-11 17:31:15.514839] [INFO] [path_server] 새로운 경로 설정 : path[1062 ➜ 102] time[0s] dist[18m] list[13] : 1062-1063-1064-1065-40-1067-1068-1069-1070-1071-1072-1073-102
[2026-08-11 17:31:16.173555] [INFO] [path_server] 노드 업데이트 : [1063] ➜ [1064]
[2026-08-11 17:31:16.233444] [INFO] [path_server] 새로운 경로 설정 : path[1063 ➜ 102] time[0s] dist[16.5m] list[12] : 1063-1064-1065-40-1067-1068-1069-1070-1071-1072-1073-102
[2026-08-11 17:31:16.932045] [INFO] [path_server] 노드 업데이트 : [1064] ➜ [1065]
[2026-08-11 17:31:17.011916] [INFO] [path_server] 새로운 경로 설정 : path[1064 ➜ 102] time[0s] dist[15m] list[11] : 1064-1065-40-1067-1068-1069-1070-1071-1072-1073-102
[2026-08-11 17:31:17.670786] [INFO] [path_server] 노드 업데이트 : [1065] ➜ [40]
[2026-08-11 17:31:17.730677] [INFO] [path_server] 새로운 경로 설정 : path[1065 ➜ 102] time[0s] dist[13.5m] list[10] : 1065-40-1067-1068-1069-1070-1071-1072-1073-102
[2026-08-11 17:31:18.429990] [INFO] [path_server] 노드 업데이트 : [40] ➜ [1067]
[2026-08-11 17:31:18.509868] [INFO] [path_server] 새로운 경로 설정 : path[40 ➜ 102] time[0s] dist[12m] list[9] : 40-1067-1068-1069-1070-1071-1072-1073-102
[2026-08-11 17:31:19.168651] [INFO] [path_server] 노드 업데이트 : [1067] ➜ [1068]
[2026-08-11 17:31:19.228548] [INFO] [path_server] 새로운 경로 설정 : path[1067 ➜ 102] time[0s] dist[10.5m] list[8] : 1067-1068-1069-1070-1071-1072-1073-102
[2026-08-11 17:31:19.927221] [INFO] [path_server] 노드 업데이트 : [1068] ➜ [1069]
[2026-08-11 17:31:20.007081] [INFO] [path_server] 새로운 경로 설정 : path[1068 ➜ 102] time[0s] dist[9m] list[7] : 1068-1069-1070-1071-1072-1073-102
[2026-08-11 17:31:20.685722] [INFO] [path_server] 노드 업데이트 : [1069] ➜ [1070]
[2026-08-11 17:31:20.765665] [INFO] [path_server] 새로운 경로 설정 : path[1069 ➜ 102] time[0s] dist[7.5m] list[6] : 1069-1070-1071-1072-1073-102
[2026-08-11 17:31:21.424401] [INFO] [path_server] 노드 업데이트 : [1070] ➜ [1071]
[2026-08-11 17:31:21.504276] [INFO] [path_server] 새로운 경로 설정 : path[1070 ➜ 102] time[0s] dist[6m] list[5] : 1070-1071-1072-1073-102
[2026-08-11 17:31:22.182843] [INFO] [path_server] 노드 업데이트 : [1071] ➜ [1072]
[2026-08-11 17:31:22.262715] [INFO] [path_server] 새로운 경로 설정 : path[1071 ➜ 102] time[0s] dist[4.5m] list[4] : 1071-1072-1073-102
[2026-08-11 17:31:22.921365] [INFO] [path_server] 노드 업데이트 : [1072] ➜ [1073]
[2026-08-11 17:31:22.981245] [INFO] [path_server] 새로운 경로 설정 : path[1072 ➜ 102] time[0s] dist[3m] list[3] : 1072-1073-102
[2026-08-11 17:31:24.258620] [INFO] [path_server] 노드 업데이트 : [1073] ➜ [102]
[2026-08-11 17:31:24.338528] [INFO] [path_server] 새로운 경로 설정 : path[1073 ➜ 102] time[0s] dist[1.5m] list[2] : 1073-102
[2026-08-11 17:31:28.230702] [INFO] [path_server] 노드 업데이트 : [102] ➜ [-1]
[2026-08-11 17:31:31.064941] [INFO] [course_tracker] 목적지에서 각도 정렬 : [6.500m 19.000m 0.000°]
[2026-08-11 17:31:32.082807] [INFO] [path_server] 노드 업데이트 : [102] ➜ [-1]
[2026-08-11 17:31:32.102672] [INFO] [task::fsm] push_done
[2026-08-11 17:31:32.142641] [INFO] [task::fsm] charging
[2026-08-11 17:31:32.142648] [INFO] [power_system] 충전 프로세스 시작
[2026-08-11 17:31:32.142661] [INFO] [health_monitor] [등록][100015, 100001] : 자동 충전 시작.
[2026-08-11 17:31:37.152474] [INFO] [health_monitor] [삭제][100015, 100001] : 자동 충전 시작.
[2026-08-11 17:31:49.188531] [INFO] [health_monitor] [삭제][100015, 200001] : 배터리 남은 양 - 주의
[2026-08-11 17:32:13.181433] [INFO] [power_system] 충전 완료
[2026-08-11 17:32:13.181454] [INFO] [health_monitor] [등록][100015, 100003] : 자동 충전 해제 시작.
[2026-08-11 17:32:13.181451] [INFO] [health_monitor] [등록][100015, 100002] : 배터리 가득.
[2026-08-11 17:32:18.191042] [INFO] [health_monitor] [삭제][100015, 100002] : 배터리 가득.
[2026-08-11 17:32:18.191051] [INFO] [health_monitor] [삭제][100015, 100003] : 자동 충전 해제 시작.
[2026-08-11 17:32:18.211032] [INFO] [power_system] 충전 해제 완료
[2026-08-11 17:32:18.211042] [INFO] [health_monitor] [등록][100015, 100004] : 자동 충전 해제 완료.
[2026-08-11 17:32:18.230995] [INFO] [task::fsm] discharging
[2026-08-11 17:32:18.231003] [INFO] [power_system] 충전 해제 프로세스 시작
[2026-08-11 17:32:18.231012] [INFO] [health_monitor] [등록][100015, 100003] : 자동 충전 해제 시작.
[2026-08-11 17:32:18.250903] [INFO] [task::fsm] idle
[2026-08-11 17:32:18.250908] [INFO] [course_manager] 코스 삭제
[2026-08-11 17:32:18.250910] [INFO] [path_server] 경로 삭제
[2026-08-11 17:32:18.290866] [INFO] [task::fsm] idle
[2026-08-11 17:32:18.290870] [INFO] [course_manager] 코스 삭제
[2026-08-11 17:32:18.290872] [INFO] [path_server] 경로 삭제
[2026-08-11 17:32:19.628222] [INFO] [path_server] 새로운 경로 설정 : path[102 ➜ 202] time[0s] dist[16.5m] list[12] : 102-1073-1074-1075-1076-1159-1158-1157-1160-1161-1162-202
[2026-08-11 17:32:23.220923] [INFO] [health_monitor] [삭제][100015, 100004] : 자동 충전 해제 완료.
[2026-08-11 17:32:23.240869] [INFO] [health_monitor] [삭제][100015, 100003] : 자동 충전 해제 시작.
[2026-08-11 17:32:23.480365] [INFO] [path_server] 노드 업데이트 : [1073] ➜ [1074]
[2026-08-11 17:32:23.540280] [INFO] [path_server] 새로운 경로 설정 : path[1073 ➜ 202] time[0s] dist[15m] list[11] : 1073-1074-1075-1076-1159-1158-1157-1160-1161-1162-202
[2026-08-11 17:32:27.073104] [INFO] [path_server] 노드 업데이트 : [1074] ➜ [1075]
[2026-08-11 17:32:27.132989] [INFO] [path_server] 새로운 경로 설정 : path[1074 ➜ 202] time[0s] dist[13.5m] list[10] : 1074-1075-1076-1159-1158-1157-1160-1161-1162-202
[2026-08-11 17:32:28.190836] [INFO] [path_server] 노드 업데이트 : [1075] ➜ [1076]
[2026-08-11 17:32:28.270657] [INFO] [path_server] 새로운 경로 설정 : path[1075 ➜ 202] time[0s] dist[12m] list[9] : 1075-1076-1159-1158-1157-1160-1161-1162-202
[2026-08-11 17:32:29.607856] [INFO] [path_server] 노드 업데이트 : [1076] ➜ [1159]
[2026-08-11 17:32:29.687776] [INFO] [path_server] 새로운 경로 설정 : path[1076 ➜ 202] time[0s] dist[10.5m] list[8] : 1076-1159-1158-1157-1160-1161-1162-202
[2026-08-11 17:32:33.040904] [INFO] [path_server] 노드 업데이트 : [1159] ➜ [1158]
[2026-08-11 17:32:33.100808] [INFO] [path_server] 새로운 경로 설정 : path[1159 ➜ 202] time[0s] dist[9m] list[7] : 1159-1158-1157-1160-1161-1162-202
[2026-08-11 17:32:34.158692] [INFO] [path_server] 노드 업데이트 : [1158] ➜ [1157]
[2026-08-11 17:32:34.238550] [INFO] [path_server] 새로운 경로 설정 : path[1158 ➜ 202] time[0s] dist[7.5m] list[6] : 1158-1157-1160-1161-1162-202
[2026-08-11 17:32:35.556167] [INFO] [path_server] 노드 업데이트 : [1157] ➜ [1160]
[2026-08-11 17:32:35.616056] [INFO] [path_server] 새로운 경로 설정 : path[1157 ➜ 202] time[0s] dist[6m] list[5] : 1157-1160-1161-1162-202
[2026-08-11 17:32:39.009335] [INFO] [path_server] 노드 업데이트 : [1160] ➜ [1161]
[2026-08-11 17:32:39.089207] [INFO] [path_server] 새로운 경로 설정 : path[1160 ➜ 202] time[0s] dist[4.5m] list[4] : 1160-1161-1162-202
[2026-08-11 17:32:40.107200] [INFO] [path_server] 노드 업데이트 : [1161] ➜ [1162]
[2026-08-11 17:32:40.167102] [INFO] [path_server] 새로운 경로 설정 : path[1161 ➜ 202] time[0s] dist[3m] list[3] : 1161-1162-202
[2026-08-11 17:32:42.821875] [INFO] [path_server] 노드 업데이트 : [1162] ➜ [202]
[2026-08-11 17:32:42.901779] [INFO] [path_server] 새로운 경로 설정 : path[1162 ➜ 202] time[0s] dist[1.5m] list[2] : 1162-202
[2026-08-11 17:32:46.994390] [INFO] [path_server] 노드 업데이트 : [202] ➜ [-1]
[2026-08-11 17:32:49.828696] [INFO] [course_tracker] 목적지에서 각도 정렬 : [6.500m 14.500m 0.000°]
[2026-08-11 17:32:50.866540] [INFO] [path_server] 노드 업데이트 : [202] ➜ [-1]
[2026-08-11 17:32:50.886446] [INFO] [task::fsm] push_done
[2026-08-11 17:32:50.926413] [INFO] [task::fsm] idle
[2026-08-11 17:32:50.926422] [INFO] [path_server] 경로 삭제
[2026-08-11 17:32:50.926420] [INFO] [course_manager] 코스 삭제
[2026-08-11 17:33:41.128103] [INFO] [path_server] 새로운 경로 설정 : path[202 ➜ 104] time[0s] dist[58.5m] list[40] : 202-1162-1163-1164-1165-1166-1167-1168-41-1170-1171-1172-1173-1174-1175-1176-1177-1178-1081-1185-1186-1187-1188-1056-1057-1058-1059-1060-1061-1062-1063-1064-1065-40-1067-1068-1069-1070-1071-104
[2026-08-11 17:33:43.284342] [INFO] [path_server] 노드 업데이트 : [1162] ➜ [1163]
[2026-08-11 17:33:43.364238] [INFO] [path_server] 새로운 경로 설정 : path[1162 ➜ 104] time[0s] dist[57m] list[39] : 1162-1163-1164-1165-1166-1167-1168-41-1170-1171-1172-1173-1174-1175-1176-1177-1178-1081-1185-1186-1187-1188-1056-1057-1058-1059-1060-1061-1062-1063-1064-1065-40-1067-1068-1069-1070-1071-104
[2026-08-11 17:33:46.637885] [INFO] [path_server] 노드 업데이트 : [1163] ➜ [1164]
[2026-08-11 17:33:46.697790] [INFO] [path_server] 새로운 경로 설정 : path[1163 ➜ 104] time[0s] dist[55.5m] list[38] : 1163-1164-1165-1166-1167-1168-41-1170-1171-1172-1173-1174-1175-1176-1177-1178-1081-1185-1186-1187-1188-1056-1057-1058-1059-1060-1061-1062-1063-1064-1065-40-1067-1068-1069-1070-1071-104
[2026-08-11 17:33:47.755870] [INFO] [path_server] 노드 업데이트 : [1164] ➜ [1165]
[2026-08-11 17:33:47.835760] [INFO] [path_server] 새로운 경로 설정 : path[1164 ➜ 104] time[0s] dist[54m] list[37] : 1164-1165-1166-1167-1168-41-1170-1171-1172-1173-1174-1175-1176-1177-1178-1081-1185-1186-1187-1188-1056-1057-1058-1059-1060-1061-1062-1063-1064-1065-40-1067-1068-1069-1070-1071-104
[2026-08-11 17:33:48.594331] [INFO] [path_server] 노드 업데이트 : [1165] ➜ [1166]
[2026-08-11 17:33:48.674228] [INFO] [path_server] 새로운 경로 설정 : path[1165 ➜ 104] time[0s] dist[52.5m] list[36] : 1165-1166-1167-1168-41-1170-1171-1172-1173-1174-1175-1176-1177-1178-1081-1185-1186-1187-1188-1056-1057-1058-1059-1060-1061-1062-1063-1064-1065-40-1067-1068-1069-1070-1071-104
[2026-08-11 17:33:49.332973] [INFO] [path_server] 노드 업데이트 : [1166] ➜ [1167]
[2026-08-11 17:33:49.392869] [INFO] [path_server] 새로운 경로 설정 : path[1166 ➜ 104] time[0s] dist[51m] list[35] : 1166-1167-1168-41-1170-1171-1172-1173-1174-1175-1176-1177-1178-1081-1185-1186-1187-1188-1056-1057-1058-1059-1060-1061-1062-1063-1064-1065-40-1067-1068-1069-1070-1071-104
[2026-08-11 17:33:50.091549] [INFO] [path_server] 노드 업데이트 : [1167] ➜ [1168]
[2026-08-11 17:33:50.171411] [INFO] [path_server] 새로운 경로 설정 : path[1167 ➜ 104] time[0s] dist[49.5m] list[34] : 1167-1168-41-1170-1171-1172-1173-1174-1175-1176-1177-1178-1081-1185-1186-1187-1188-1056-1057-1058-1059-1060-1061-1062-1063-1064-1065-40-1067-1068-1069-1070-1071-104
[2026-08-11 17:33:50.830117] [INFO] [path_server] 노드 업데이트 : [1168] ➜ [41]
[2026-08-11 17:33:50.890035] [INFO] [path_server] 새로운 경로 설정 : path[1168 ➜ 104] time[0s] dist[48m] list[33] : 1168-41-1170-1171-1172-1173-1174-1175-1176-1177-1178-1081-1185-1186-1187-1188-1056-1057-1058-1059-1060-1061-1062-1063-1064-1065-40-1067-1068-1069-1070-1071-104
[2026-08-11 17:33:51.588670] [INFO] [path_server] 노드 업데이트 : [41] ➜ [1170]
[2026-08-11 17:33:51.668603] [INFO] [path_server] 새로운 경로 설정 : path[41 ➜ 104] time[0s] dist[46.5m] list[32] : 41-1170-1171-1172-1173-1174-1175-1176-1177-1178-1081-1185-1186-1187-1188-1056-1057-1058-1059-1060-1061-1062-1063-1064-1065-40-1067-1068-1069-1070-1071-104
[2026-08-11 17:33:52.327454] [INFO] [path_server] 노드 업데이트 : [1170] ➜ [1171]
[2026-08-11 17:33:52.387371] [INFO] [path_server] 새로운 경로 설정 : path[1170 ➜ 104] time[0s] dist[45m] list[31] : 1170-1171-1172-1173-1174-1175-1176-1177-1178-1081-1185-1186-1187-1188-1056-1057-1058-1059-1060-1061-1062-1063-1064-1065-40-1067-1068-1069-1070-1071-104
[2026-08-11 17:33:53.085891] [INFO] [path_server] 노드 업데이트 : [1171] ➜ [1172]
[2026-08-11 17:33:53.165746] [INFO] [path_server] 새로운 경로 설정 : path[1171 ➜ 104] time[0s] dist[43.5m] list[30] : 1171-1172-1173-1174-1175-1176-1177-1178-1081-1185-1186-1187-1188-1056-1057-1058-1059-1060-1061-1062-1063-1064-1065-40-1067-1068-1069-1070-1071-104
[2026-08-11 17:33:53.844212] [INFO] [path_server] 노드 업데이트 : [1172] ➜ [1173]
[2026-08-11 17:33:53.924139] [INFO] [path_server] 새로운 경로 설정 : path[1172 ➜ 104] time[0s] dist[42m] list[29] : 1172-1173-1174-1175-1176-1177-1178-1081-1185-1186-1187-1188-1056-1057-1058-1059-1060-1061-1062-1063-1064-1065-40-1067-1068-1069-1070-1071-104
[2026-08-11 17:33:54.582754] [INFO] [path_server] 노드 업데이트 : [1173] ➜ [1174]
[2026-08-11 17:33:54.662610] [INFO] [path_server] 새로운 경로 설정 : path[1173 ➜ 104] time[0s] dist[40.5m] list[28] : 1173-1174-1175-1176-1177-1178-1081-1185-1186-1187-1188-1056-1057-1058-1059-1060-1061-1062-1063-1064-1065-40-1067-1068-1069-1070-1071-104
[2026-08-11 17:33:55.341145] [INFO] [path_server] 노드 업데이트 : [1174] ➜ [1175]
[2026-08-11 17:33:55.421089] [INFO] [path_server] 새로운 경로 설정 : path[1174 ➜ 104] time[0s] dist[39m] list[27] : 1174-1175-1176-1177-1178-1081-1185-1186-1187-1188-1056-1057-1058-1059-1060-1061-1062-1063-1064-1065-40-1067-1068-1069-1070-1071-104
[2026-08-11 17:33:56.079641] [INFO] [path_server] 노드 업데이트 : [1175] ➜ [1176]
[2026-08-11 17:33:56.159531] [INFO] [path_server] 새로운 경로 설정 : path[1175 ➜ 104] time[0s] dist[37.5m] list[26] : 1175-1176-1177-1178-1081-1185-1186-1187-1188-1056-1057-1058-1059-1060-1061-1062-1063-1064-1065-40-1067-1068-1069-1070-1071-104
[2026-08-11 17:33:56.838180] [INFO] [path_server] 노드 업데이트 : [1176] ➜ [1177]
[2026-08-11 17:33:56.918127] [INFO] [path_server] 새로운 경로 설정 : path[1176 ➜ 104] time[0s] dist[36m] list[25] : 1176-1177-1178-1081-1185-1186-1187-1188-1056-1057-1058-1059-1060-1061-1062-1063-1064-1065-40-1067-1068-1069-1070-1071-104
[2026-08-11 17:33:57.576776] [INFO] [path_server] 노드 업데이트 : [1177] ➜ [1178]
[2026-08-11 17:33:57.656674] [INFO] [path_server] 새로운 경로 설정 : path[1177 ➜ 104] time[0s] dist[34.5m] list[24] : 1177-1178-1081-1185-1186-1187-1188-1056-1057-1058-1059-1060-1061-1062-1063-1064-1065-40-1067-1068-1069-1070-1071-104
[2026-08-11 17:33:58.335248] [INFO] [path_server] 노드 업데이트 : [1178] ➜ [1081]
[2026-08-11 17:33:58.415191] [INFO] [path_server] 새로운 경로 설정 : path[1178 ➜ 104] time[0s] dist[33m] list[23] : 1178-1081-1185-1186-1187-1188-1056-1057-1058-1059-1060-1061-1062-1063-1064-1065-40-1067-1068-1069-1070-1071-104
[2026-08-11 17:33:59.093782] [INFO] [path_server] 노드 업데이트 : [1081] ➜ [1185]
[2026-08-11 17:33:59.153717] [INFO] [path_server] 새로운 경로 설정 : path[1081 ➜ 104] time[0s] dist[31.5m] list[22] : 1081-1185-1186-1187-1188-1056-1057-1058-1059-1060-1061-1062-1063-1064-1065-40-1067-1068-1069-1070-1071-104
[2026-08-11 17:34:00.491259] [INFO] [path_server] 노드 업데이트 : [1185] ➜ [1186]
[2026-08-11 17:34:00.571184] [INFO] [path_server] 새로운 경로 설정 : path[1185 ➜ 104] time[0s] dist[30m] list[21] : 1185-1186-1187-1188-1056-1057-1058-1059-1060-1061-1062-1063-1064-1065-40-1067-1068-1069-1070-1071-104
[2026-08-11 17:34:03.964350] [INFO] [path_server] 노드 업데이트 : [1186] ➜ [1187]
[2026-08-11 17:34:04.044286] [INFO] [path_server] 새로운 경로 설정 : path[1186 ➜ 104] time[0s] dist[28.5m] list[20] : 1186-1187-1188-1056-1057-1058-1059-1060-1061-1062-1063-1064-1065-40-1067-1068-1069-1070-1071-104
[2026-08-11 17:34:05.082079] [INFO] [path_server] 노드 업데이트 : [1187] ➜ [1188]
[2026-08-11 17:34:05.162021] [INFO] [path_server] 새로운 경로 설정 : path[1187 ➜ 104] time[0s] dist[27m] list[19] : 1187-1188-1056-1057-1058-1059-1060-1061-1062-1063-1064-1065-40-1067-1068-1069-1070-1071-104
[2026-08-11 17:34:06.319573] [INFO] [path_server] 노드 업데이트 : [1188] ➜ [1056]
[2026-08-11 17:34:06.379484] [INFO] [path_server] 새로운 경로 설정 : path[1188 ➜ 104] time[0s] dist[25.5m] list[18] : 1188-1056-1057-1058-1059-1060-1061-1062-1063-1064-1065-40-1067-1068-1069-1070-1071-104
[2026-08-11 17:34:09.592815] [INFO] [path_server] 노드 업데이트 : [1056] ➜ [1057]
[2026-08-11 17:34:09.672681] [INFO] [path_server] 새로운 경로 설정 : path[1056 ➜ 104] time[0s] dist[24m] list[17] : 1056-1057-1058-1059-1060-1061-1062-1063-1064-1065-40-1067-1068-1069-1070-1071-104
[2026-08-11 17:34:10.750456] [INFO] [path_server] 노드 업데이트 : [1057] ➜ [1058]
[2026-08-11 17:34:10.810394] [INFO] [path_server] 새로운 경로 설정 : path[1057 ➜ 104] time[0s] dist[22.5m] list[16] : 1057-1058-1059-1060-1061-1062-1063-1064-1065-40-1067-1068-1069-1070-1071-104
[2026-08-11 17:34:11.589079] [INFO] [path_server] 노드 업데이트 : [1058] ➜ [1059]
[2026-08-11 17:34:11.648995] [INFO] [path_server] 새로운 경로 설정 : path[1058 ➜ 104] time[0s] dist[21m] list[15] : 1058-1059-1060-1061-1062-1063-1064-1065-40-1067-1068-1069-1070-1071-104
[2026-08-11 17:34:12.347486] [INFO] [path_server] 노드 업데이트 : [1059] ➜ [1060]
[2026-08-11 17:34:12.407374] [INFO] [path_server] 새로운 경로 설정 : path[1059 ➜ 104] time[0s] dist[19.5m] list[14] : 1059-1060-1061-1062-1063-1064-1065-40-1067-1068-1069-1070-1071-104
[2026-08-11 17:34:13.086112] [INFO] [path_server] 노드 업데이트 : [1060] ➜ [1061]
[2026-08-11 17:34:13.166045] [INFO] [path_server] 새로운 경로 설정 : path[1060 ➜ 104] time[0s] dist[18m] list[13] : 1060-1061-1062-1063-1064-1065-40-1067-1068-1069-1070-1071-104
[2026-08-11 17:34:13.844787] [INFO] [path_server] 노드 업데이트 : [1061] ➜ [1062]
[2026-08-11 17:34:13.904687] [INFO] [path_server] 새로운 경로 설정 : path[1061 ➜ 104] time[0s] dist[16.5m] list[12] : 1061-1062-1063-1064-1065-40-1067-1068-1069-1070-1071-104
[2026-08-11 17:34:14.583177] [INFO] [path_server] 노드 업데이트 : [1062] ➜ [1063]
[2026-08-11 17:34:14.663094] [INFO] [path_server] 새로운 경로 설정 : path[1062 ➜ 104] time[0s] dist[15m] list[11] : 1062-1063-1064-1065-40-1067-1068-1069-1070-1071-104
[2026-08-11 17:34:15.341638] [INFO] [path_server] 노드 업데이트 : [1063] ➜ [1064]
[2026-08-11 17:34:15.401552] [INFO] [path_server] 새로운 경로 설정 : path[1063 ➜ 104] time[0s] dist[13.5m] list[10] : 1063-1064-1065-40-1067-1068-1069-1070-1071-104
[2026-08-11 17:34:16.080092] [INFO] [path_server] 노드 업데이트 : [1064] ➜ [1065]
[2026-08-11 17:34:16.160008] [INFO] [path_server] 새로운 경로 설정 : path[1064 ➜ 104] time[0s] dist[12m] list[9] : 1064-1065-40-1067-1068-1069-1070-1071-104
[2026-08-11 17:34:16.838644] [INFO] [path_server] 노드 업데이트 : [1065] ➜ [40]
[2026-08-11 17:34:16.898556] [INFO] [path_server] 새로운 경로 설정 : path[1065 ➜ 104] time[0s] dist[10.5m] list[8] : 1065-40-1067-1068-1069-1070-1071-104
[2026-08-11 17:34:17.597185] [INFO] [path_server] 노드 업데이트 : [40] ➜ [1067]
[2026-08-11 17:34:17.677055] [INFO] [path_server] 새로운 경로 설정 : path[40 ➜ 104] time[0s] dist[9m] list[7] : 40-1067-1068-1069-1070-1071-104
[2026-08-11 17:34:18.336372] [INFO] [path_server] 노드 업데이트 : [1067] ➜ [1068]
[2026-08-11 17:34:18.396269] [INFO] [path_server] 새로운 경로 설정 : path[1067 ➜ 104] time[0s] dist[7.5m] list[6] : 1067-1068-1069-1070-1071-104
[2026-08-11 17:34:19.094791] [INFO] [path_server] 노드 업데이트 : [1068] ➜ [1069]
[2026-08-11 17:34:19.174660] [INFO] [path_server] 새로운 경로 설정 : path[1068 ➜ 104] time[0s] dist[6m] list[5] : 1068-1069-1070-1071-104
[2026-08-11 17:34:19.833234] [INFO] [path_server] 노드 업데이트 : [1069] ➜ [1070]
[2026-08-11 17:34:19.893087] [INFO] [path_server] 새로운 경로 설정 : path[1069 ➜ 104] time[0s] dist[4.5m] list[4] : 1069-1070-1071-104
[2026-08-11 17:34:20.591635] [INFO] [path_server] 노드 업데이트 : [1070] ➜ [1071]
[2026-08-11 17:34:20.671486] [INFO] [path_server] 새로운 경로 설정 : path[1070 ➜ 104] time[0s] dist[3m] list[3] : 1070-1071-104
[2026-08-11 17:34:21.908915] [INFO] [path_server] 노드 업데이트 : [1071] ➜ [104]
[2026-08-11 17:34:21.988756] [INFO] [path_server] 새로운 경로 설정 : path[1071 ➜ 104] time[0s] dist[1.5m] list[2] : 1071-104
[2026-08-11 17:34:23.924690] [INFO] [health_monitor] [등록][100015, 200001] : 배터리 남은 양 - 주의
[2026-08-11 17:34:34.361155] [INFO] [framework] 프로그램 시작
[2026-08-11 17:34:34.361160] [WARNING] [framework] 프로그램 시작
[2026-08-11 17:34:34.361162] [CRITICAL] [framework] 프로그램 시작
[2026-08-11 17:34:46.265686] [INFO] [framework] 프로그램 시작
[2026-08-11 17:34:46.265692] [WARNING] [framework] 프로그램 시작
[2026-08-11 17:34:46.265693] [CRITICAL] [framework] 프로그램 시작
[2026-08-11 17:34:46.265693] [INFO] [framework] 설정 파일 위치 : ../configs/robot_3
[2026-08-11 17:34:46.265853] [INFO] [framework] ID[0, 3], 이름[박쓰리], 제어주기[20ms], 버젼[], 장소[우리집], 환경모드[simulation]
[2026-08-11 17:34:46.265880] [INFO] [mediator] 생성
[2026-08-11 17:34:46.265908] [INFO] [graph_manager] 생성
[2026-08-11 17:34:46.317251] [INFO] [stop_server] 생성
[2026-08-11 17:34:46.317291] [INFO] [health_monitor] 생성
[2026-08-11 17:34:46.317315] [INFO] [path_server] 생성
[2026-08-11 17:34:46.317334] [INFO] [course_manager] 생성
[2026-08-11 17:34:46.317353] [INFO] [task::fsm] 생성
[2026-08-11 17:34:46.317356] [INFO] [task::fsm] idle
[2026-08-11 17:34:46.317360] [INFO] [path_server] 경로 삭제
[2026-08-11 17:34:46.317359] [INFO] [course_manager] 코스 삭제
[2026-08-11 17:34:46.317379] [INFO] [task_manager] 생성
[2026-08-11 17:34:46.317542] [INFO] [mediator] connectors 생성
[2026-08-11 17:34:46.317569] [INFO] [fms] 생성
[2026-08-11 17:34:46.317570] [INFO] [fms] 통신 드라이버 생성
[2026-08-11 17:34:46.318017] [INFO] [motions] 생성
[2026-08-11 17:34:46.318051] [INFO] [localizers] 생성
[2026-08-11 17:34:46.318193] [INFO] [localizers] 파라미터 : 

[2026-08-11 17:34:46.318220] [INFO] [safety_plc] 생성
[2026-08-11 17:34:46.318243] [INFO] [load_handler] 생성
[2026-08-11 17:34:46.318265] [INFO] [power_system] 생성
[2026-08-11 17:34:46.318423] [INFO] [power_system] 설정 정보 : remaining[40%, 10%, 5%]
[2026-08-11 17:34:46.319090] [INFO] [power_system] 알람 목록 : 
 • [100015, 100001] [INFO] 자동 충전 시작.
 • [100015, 100002] [INFO] 배터리 가득.
 • [100015, 400001] [CRIT] 배터리 남은 양 - 위험
 • [100015, 300001] [ERROR] 배터리 남은 양 - 에러
 • [100015, 200001] [WARN] 배터리 남은 양 - 주의
 • [100015, 100004] [INFO] 자동 충전 해제 완료.
 • [100015, 100003] [INFO] 자동 충전 해제 시작.
[2026-08-11 17:34:46.319096] [INFO] [mediator] connector 의존성 주입
[2026-08-11 17:34:46.319100] [INFO] [mediator] any map 등록
[2026-08-11 17:34:46.319107] [INFO] [mediator] any collector 등록
[2026-08-11 17:34:46.319110] [INFO] [mediator] any collector 목록 검사
[2026-08-11 17:34:46.319198] [INFO] [framework] after init 실행
[2026-08-11 17:34:46.319574] [INFO] [course_tracker] 생성
[2026-08-11 17:34:46.319597] [INFO] [course_tracker] 파라미터 : 
◈ node_bound[0.020m, 0.150m, 0.005m]
 • approach[0.150m, 0.050m/s, -0.005m, -0.200m, 0.100m]
 • align[(10.000°, 5.000°/s), 50.000°, 30.000°/s), 0.800°, -0.100°]
◈ motion param : 
 • reference_angle[0.000°, 45.000°]
 • threshold_angle[15.000°, 20.000°, 170.000°]
 • threshold_error[0.300°, 5.000°]
 • normal[0.150m/s, 8.000, 0.800m/s, 0.500]
 • angle[0.150m/s, 1.500, 0.800m/s, 2.100]
 • protection_overshoot[0.100m/s, 0.900, 0.500m/s, 0.900]
 • speed_rotation[15.000°/s]
[2026-08-11 17:34:46.319603] [INFO] [framework] 제어 쓰레드 시작
[2026-08-11 17:34:46.319665] [INFO] [path_server] 노드 초기화 성공 : 로봇 좌표[9.489m 18.997m 90.046°] 최단 거리 노드[104] 거리(0.011714m)
[2026-08-11 17:34:46.319764] [INFO] [health_monitor] [등록][100015, 200001] : 배터리 남은 양 - 주의
[2026-08-11 17:34:49.872502] [INFO] [task::fsm] charging
[2026-08-11 17:34:49.872507] [INFO] [power_system] 충전 프로세스 시작
[2026-08-11 17:34:49.872518] [INFO] [health_monitor] [등록][100015, 100001] : 자동 충전 시작.
[2026-08-11 17:34:54.883007] [INFO] [health_monitor] [삭제][100015, 100001] : 자동 충전 시작.
[2026-08-11 17:35:06.061369] [INFO] [health_monitor] [삭제][100015, 200001] : 배터리 남은 양 - 주의
[2026-08-11 17:35:30.053748] [INFO] [power_system] 충전 완료
[2026-08-11 17:35:30.053764] [INFO] [health_monitor] [등록][100015, 100002] : 배터리 가득.
[2026-08-11 17:35:30.053767] [INFO] [health_monitor] [등록][100015, 100003] : 자동 충전 해제 시작.
[2026-08-11 17:35:35.063625] [INFO] [health_monitor] [삭제][100015, 100002] : 배터리 가득.
[2026-08-11 17:35:35.063631] [INFO] [health_monitor] [삭제][100015, 100003] : 자동 충전 해제 시작.
[2026-08-11 17:35:35.083586] [INFO] [power_system] 충전 해제 완료
[2026-08-11 17:35:35.083600] [INFO] [health_monitor] [등록][100015, 100004] : 자동 충전 해제 완료.
[2026-08-11 17:35:35.103483] [INFO] [task::fsm] discharging
[2026-08-11 17:35:35.103490] [INFO] [power_system] 충전 해제 프로세스 시작
[2026-08-11 17:35:35.103498] [INFO] [health_monitor] [등록][100015, 100003] : 자동 충전 해제 시작.
[2026-08-11 17:35:35.123486] [INFO] [task::fsm] idle
[2026-08-11 17:35:35.123491] [INFO] [course_manager] 코스 삭제
[2026-08-11 17:35:35.123492] [INFO] [path_server] 경로 삭제
[2026-08-11 17:35:35.143448] [INFO] [task::fsm] idle
[2026-08-11 17:35:35.143452] [INFO] [course_manager] 코스 삭제
[2026-08-11 17:35:35.143453] [INFO] [path_server] 경로 삭제
[2026-08-11 17:35:40.093629] [INFO] [health_monitor] [삭제][100015, 100004] : 자동 충전 해제 완료.
[2026-08-11 17:35:40.113532] [INFO] [health_monitor] [삭제][100015, 100003] : 자동 충전 해제 시작.
[2026-08-11 17:36:30.179396] [INFO] [task::fsm] charging
[2026-08-11 17:36:30.179419] [INFO] [health_monitor] [등록][100015, 100001] : 자동 충전 시작.
[2026-08-11 17:36:30.179405] [INFO] [power_system] 충전 프로세스 시작
[2026-08-11 17:36:35.190743] [INFO] [health_monitor] [삭제][100015, 100001] : 자동 충전 시작.
[2026-08-11 17:36:43.914957] [INFO] [power_system] 충전 완료
[2026-08-11 17:36:43.914977] [INFO] [health_monitor] [등록][100015, 100002] : 배터리 가득.
[2026-08-11 17:36:43.914981] [INFO] [health_monitor] [등록][100015, 100003] : 자동 충전 해제 시작.
[2026-08-11 17:36:48.925694] [INFO] [health_monitor] [삭제][100015, 100002] : 배터리 가득.
[2026-08-11 17:36:48.925698] [INFO] [health_monitor] [삭제][100015, 100003] : 자동 충전 해제 시작.
[2026-08-11 17:36:48.945594] [INFO] [power_system] 충전 해제 완료
[2026-08-11 17:36:48.945603] [INFO] [health_monitor] [등록][100015, 100004] : 자동 충전 해제 완료.
[2026-08-11 17:36:48.965607] [INFO] [task::fsm] discharging
[2026-08-11 17:36:48.965626] [INFO] [health_monitor] [등록][100015, 100003] : 자동 충전 해제 시작.
[2026-08-11 17:36:48.965615] [INFO] [power_system] 충전 해제 프로세스 시작
[2026-08-11 17:36:48.985572] [INFO] [task::fsm] idle
[2026-08-11 17:36:48.985580] [INFO] [course_manager] 코스 삭제
[2026-08-11 17:36:48.985582] [INFO] [path_server] 경로 삭제
[2026-08-11 17:36:49.025484] [INFO] [task::fsm] idle
[2026-08-11 17:36:49.025488] [INFO] [course_manager] 코스 삭제
[2026-08-11 17:36:49.025490] [INFO] [path_server] 경로 삭제
[2026-08-11 17:36:53.956252] [INFO] [health_monitor] [삭제][100015, 100004] : 자동 충전 해제 완료.
[2026-08-11 17:36:53.976260] [INFO] [health_monitor] [삭제][100015, 100003] : 자동 충전 해제 시작.
[2026-08-11 17:37:44.021453] [INFO] [task::fsm] charging
[2026-08-11 17:37:44.021483] [INFO] [health_monitor] [등록][100015, 100001] : 자동 충전 시작.
[2026-08-11 17:37:44.021464] [INFO] [power_system] 충전 프로세스 시작
[2026-08-11 17:37:49.031557] [INFO] [health_monitor] [삭제][100015, 100001] : 자동 충전 시작.
[2026-08-11 17:37:57.736225] [INFO] [power_system] 충전 완료
[2026-08-11 17:37:57.736246] [INFO] [health_monitor] [등록][100015, 100002] : 배터리 가득.
[2026-08-11 17:37:57.736250] [INFO] [health_monitor] [등록][100015, 100003] : 자동 충전 해제 시작.
[2026-08-11 17:38:02.746513] [INFO] [health_monitor] [삭제][100015, 100002] : 배터리 가득.
[2026-08-11 17:38:02.746520] [INFO] [health_monitor] [삭제][100015, 100003] : 자동 충전 해제 시작.
[2026-08-11 17:38:02.766466] [INFO] [power_system] 충전 해제 완료
[2026-08-11 17:38:02.766481] [INFO] [health_monitor] [등록][100015, 100004] : 자동 충전 해제 완료.
[2026-08-11 17:38:02.786370] [INFO] [task::fsm] discharging
[2026-08-11 17:38:02.786379] [INFO] [power_system] 충전 해제 프로세스 시작
[2026-08-11 17:38:02.786389] [INFO] [health_monitor] [등록][100015, 100003] : 자동 충전 해제 시작.
[2026-08-11 17:38:02.806387] [INFO] [task::fsm] idle
[2026-08-11 17:38:02.806396] [INFO] [path_server] 경로 삭제
[2026-08-11 17:38:02.806394] [INFO] [course_manager] 코스 삭제
[2026-08-11 17:38:02.826346] [INFO] [task::fsm] idle
[2026-08-11 17:38:02.826353] [INFO] [path_server] 경로 삭제
[2026-08-11 17:38:02.826351] [INFO] [course_manager] 코스 삭제
[2026-08-11 17:38:07.776434] [INFO] [health_monitor] [삭제][100015, 100004] : 자동 충전 해제 완료.
[2026-08-11 17:38:07.796344] [INFO] [health_monitor] [삭제][100015, 100003] : 자동 충전 해제 시작.
[2026-08-11 17:38:57.844499] [INFO] [task::fsm] charging
[2026-08-11 17:38:57.844505] [INFO] [power_system] 충전 프로세스 시작
[2026-08-11 17:38:57.844515] [INFO] [health_monitor] [등록][100015, 100001] : 자동 충전 시작.
[2026-08-11 17:39:02.855438] [INFO] [health_monitor] [삭제][100015, 100001] : 자동 충전 시작.
[2026-08-11 17:39:11.559232] [INFO] [power_system] 충전 완료
[2026-08-11 17:39:11.559252] [INFO] [health_monitor] [등록][100015, 100002] : 배터리 가득.
[2026-08-11 17:39:11.559255] [INFO] [health_monitor] [등록][100015, 100003] : 자동 충전 해제 시작.
[2026-08-11 17:39:16.569183] [INFO] [health_monitor] [삭제][100015, 100002] : 배터리 가득.
[2026-08-11 17:39:16.569190] [INFO] [health_monitor] [삭제][100015, 100003] : 자동 충전 해제 시작.
[2026-08-11 17:39:16.589177] [INFO] [power_system] 충전 해제 완료
[2026-08-11 17:39:16.589188] [INFO] [health_monitor] [등록][100015, 100004] : 자동 충전 해제 완료.
[2026-08-11 17:39:16.609138] [INFO] [task::fsm] discharging
[2026-08-11 17:39:16.609146] [INFO] [power_system] 충전 해제 프로세스 시작
[2026-08-11 17:39:16.609156] [INFO] [health_monitor] [등록][100015, 100003] : 자동 충전 해제 시작.
[2026-08-11 17:39:16.629051] [INFO] [task::fsm] idle
[2026-08-11 17:39:16.629056] [INFO] [course_manager] 코스 삭제
[2026-08-11 17:39:16.629060] [INFO] [path_server] 경로 삭제
[2026-08-11 17:39:16.669025] [INFO] [task::fsm] idle
[2026-08-11 17:39:16.669034] [INFO] [path_server] 경로 삭제
[2026-08-11 17:39:16.669032] [INFO] [course_manager] 코스 삭제
[2026-08-11 17:39:21.599372] [INFO] [health_monitor] [삭제][100015, 100004] : 자동 충전 해제 완료.
[2026-08-11 17:39:21.619346] [INFO] [health_monitor] [삭제][100015, 100003] : 자동 충전 해제 시작.
[2026-08-11 17:40:32.786550] [INFO] [framework] 프로그램 시작
[2026-08-11 17:40:32.786555] [WARNING] [framework] 프로그램 시작
[2026-08-11 17:40:32.786556] [CRITICAL] [framework] 프로그램 시작
[2026-08-11 17:40:32.786556] [INFO] [framework] 설정 파일 위치 : ../configs/robot_3
[2026-08-11 17:40:32.786665] [INFO] [framework] ID[0, 3], 이름[박쓰리], 제어주기[20ms], 버젼[], 장소[우리집], 환경모드[simulation]
[2026-08-11 17:40:32.786681] [INFO] [mediator] 생성
[2026-08-11 17:40:32.786698] [INFO] [graph_manager] 생성
[2026-08-11 17:40:32.815785] [INFO] [stop_server] 생성
[2026-08-11 17:40:32.815803] [INFO] [health_monitor] 생성
[2026-08-11 17:40:32.815838] [INFO] [path_server] 생성
[2026-08-11 17:40:32.815856] [INFO] [course_manager] 생성
[2026-08-11 17:40:32.815872] [INFO] [task::fsm] 생성
[2026-08-11 17:40:32.815873] [INFO] [task::fsm] idle
[2026-08-11 17:40:32.815883] [INFO] [course_manager] 코스 삭제
[2026-08-11 17:40:32.815884] [INFO] [path_server] 경로 삭제
[2026-08-11 17:40:32.815899] [INFO] [task_manager] 생성
[2026-08-11 17:40:32.816014] [INFO] [mediator] connectors 생성
[2026-08-11 17:40:32.816035] [INFO] [fms] 생성
[2026-08-11 17:40:32.816036] [INFO] [fms] 통신 드라이버 생성
[2026-08-11 17:40:32.816404] [INFO] [motions] 생성
[2026-08-11 17:40:32.816424] [INFO] [localizers] 생성
[2026-08-11 17:40:32.816525] [INFO] [localizers] 파라미터 : 

[2026-08-11 17:40:32.816544] [INFO] [safety_plc] 생성
[2026-08-11 17:40:32.816558] [INFO] [load_handler] 생성
[2026-08-11 17:40:32.816575] [INFO] [power_system] 생성
[2026-08-11 17:40:32.816716] [INFO] [power_system] 설정 정보 : remaining[40%, 10%, 5%]
[2026-08-11 17:40:32.817139] [INFO] [power_system] 알람 목록 : 
 • [100015, 100001] [INFO] 자동 충전 시작.
 • [100015, 100002] [INFO] 배터리 가득.
 • [100015, 400001] [CRIT] 배터리 남은 양 - 위험
 • [100015, 300001] [ERROR] 배터리 남은 양 - 에러
 • [100015, 200001] [WARN] 배터리 남은 양 - 주의
 • [100015, 100004] [INFO] 자동 충전 해제 완료.
 • [100015, 100003] [INFO] 자동 충전 해제 시작.
[2026-08-11 17:40:32.817144] [INFO] [mediator] connector 의존성 주입
[2026-08-11 17:40:32.817167] [INFO] [mediator] any collector 등록
[2026-08-11 17:40:32.817170] [INFO] [mediator] any collector 목록 검사
[2026-08-11 17:40:32.817158] [INFO] [mediator] any map 등록
[2026-08-11 17:40:32.817218] [INFO] [framework] after init 실행
[2026-08-11 17:40:32.817463] [INFO] [course_tracker] 생성
[2026-08-11 17:40:32.817480] [INFO] [course_tracker] 파라미터 : 
◈ node_bound[0.020m, 0.150m, 0.005m]
 • approach[0.150m, 0.050m/s, -0.005m, -0.200m, 0.100m]
 • align[(10.000°, 5.000°/s), 50.000°, 30.000°/s), 0.800°, -0.100°]
◈ motion param : 
 • reference_angle[0.000°, 45.000°]
 • threshold_angle[15.000°, 20.000°, 170.000°]
 • threshold_error[0.300°, 5.000°]
 • normal[0.150m/s, 8.000, 0.800m/s, 0.500]
 • angle[0.150m/s, 1.500, 0.800m/s, 2.100]
 • protection_overshoot[0.100m/s, 0.900, 0.500m/s, 0.900]
 • speed_rotation[15.000°/s]
[2026-08-11 17:40:32.817484] [INFO] [framework] 제어 쓰레드 시작
[2026-08-11 17:40:32.817523] [INFO] [path_server] 노드 초기화 성공 : 로봇 좌표[9.489m 18.997m 90.046°] 최단 거리 노드[104] 거리(0.011714m)
[2026-08-11 17:40:32.817564] [INFO] [health_monitor] [등록][100015, 200001] : 배터리 남은 양 - 주의
[2026-08-11 17:40:32.937315] [INFO] [task::fsm] charging
[2026-08-11 17:40:32.937321] [INFO] [power_system] 충전 프로세스 시작
[2026-08-11 17:40:32.937329] [INFO] [health_monitor] [등록][100015, 100001] : 자동 충전 시작.
[2026-08-11 17:40:37.947393] [INFO] [health_monitor] [삭제][100015, 100001] : 자동 충전 시작.
[2026-08-11 17:40:47.909489] [INFO] [path_server] 새로운 경로 설정 : path[104 ➜ 204] time[0s] dist[22.5m] list[16] : 104-1071-1072-1073-1074-1075-1076-1159-1158-1157-1160-1161-1162-1163-1164-204
[2026-08-11 17:40:51.781564] [INFO] [path_server] 노드 업데이트 : [1071] ➜ [1072]
[2026-08-11 17:40:51.861434] [INFO] [path_server] 새로운 경로 설정 : path[1071 ➜ 204] time[0s] dist[21m] list[15] : 1071-1072-1073-1074-1075-1076-1159-1158-1157-1160-1161-1162-1163-1164-204
[2026-08-11 17:40:55.354406] [INFO] [path_server] 노드 업데이트 : [1072] ➜ [1073]
[2026-08-11 17:40:55.434357] [INFO] [path_server] 새로운 경로 설정 : path[1072 ➜ 204] time[0s] dist[19.5m] list[14] : 1072-1073-1074-1075-1076-1159-1158-1157-1160-1161-1162-1163-1164-204
[2026-08-11 17:40:56.492173] [INFO] [path_server] 노드 업데이트 : [1073] ➜ [1074]
[2026-08-11 17:40:56.572027] [INFO] [path_server] 새로운 경로 설정 : path[1073 ➜ 204] time[0s] dist[18m] list[13] : 1073-1074-1075-1076-1159-1158-1157-1160-1161-1162-1163-1164-204
[2026-08-11 17:40:57.310521] [INFO] [path_server] 노드 업데이트 : [1074] ➜ [1075]
[2026-08-11 17:40:57.390466] [INFO] [path_server] 새로운 경로 설정 : path[1074 ➜ 204] time[0s] dist[16.5m] list[12] : 1074-1075-1076-1159-1158-1157-1160-1161-1162-1163-1164-204
[2026-08-11 17:40:58.068985] [INFO] [path_server] 노드 업데이트 : [1075] ➜ [1076]
[2026-08-11 17:40:58.128891] [INFO] [path_server] 새로운 경로 설정 : path[1075 ➜ 204] time[0s] dist[15m] list[11] : 1075-1076-1159-1158-1157-1160-1161-1162-1163-1164-204
[2026-08-11 17:40:59.466131] [INFO] [path_server] 노드 업데이트 : [1076] ➜ [1159]
[2026-08-11 17:40:59.546164] [INFO] [path_server] 새로운 경로 설정 : path[1076 ➜ 204] time[0s] dist[13.5m] list[10] : 1076-1159-1158-1157-1160-1161-1162-1163-1164-204
[2026-08-11 17:41:02.939337] [INFO] [path_server] 노드 업데이트 : [1159] ➜ [1158]
[2026-08-11 17:41:03.019249] [INFO] [path_server] 새로운 경로 설정 : path[1159 ➜ 204] time[0s] dist[12m] list[9] : 1159-1158-1157-1160-1161-1162-1163-1164-204
[2026-08-11 17:41:04.037200] [INFO] [path_server] 노드 업데이트 : [1158] ➜ [1157]
[2026-08-11 17:41:04.117070] [INFO] [path_server] 새로운 경로 설정 : path[1158 ➜ 204] time[0s] dist[10.5m] list[8] : 1158-1157-1160-1161-1162-1163-1164-204
[2026-08-11 17:41:05.454328] [INFO] [path_server] 노드 업데이트 : [1157] ➜ [1160]
[2026-08-11 17:41:05.534237] [INFO] [path_server] 새로운 경로 설정 : path[1157 ➜ 204] time[0s] dist[9m] list[7] : 1157-1160-1161-1162-1163-1164-204
[2026-08-11 17:41:08.907413] [INFO] [path_server] 노드 업데이트 : [1160] ➜ [1161]
[2026-08-11 17:41:08.987322] [INFO] [path_server] 새로운 경로 설정 : path[1160 ➜ 204] time[0s] dist[7.5m] list[6] : 1160-1161-1162-1163-1164-204
[2026-08-11 17:41:10.005217] [INFO] [path_server] 노드 업데이트 : [1161] ➜ [1162]
[2026-08-11 17:41:10.085108] [INFO] [path_server] 새로운 경로 설정 : path[1161 ➜ 204] time[0s] dist[6m] list[5] : 1161-1162-1163-1164-204
[2026-08-11 17:41:10.823611] [INFO] [path_server] 노드 업데이트 : [1162] ➜ [1163]
[2026-08-11 17:41:10.903562] [INFO] [path_server] 새로운 경로 설정 : path[1162 ➜ 204] time[0s] dist[4.5m] list[4] : 1162-1163-1164-204
[2026-08-11 17:41:11.562291] [INFO] [path_server] 노드 업데이트 : [1163] ➜ [1164]
[2026-08-11 17:41:11.642146] [INFO] [path_server] 새로운 경로 설정 : path[1163 ➜ 204] time[0s] dist[3m] list[3] : 1163-1164-204
[2026-08-11 17:41:14.317019] [INFO] [path_server] 노드 업데이트 : [1164] ➜ [204]
[2026-08-11 17:41:14.396859] [INFO] [path_server] 새로운 경로 설정 : path[1164 ➜ 204] time[0s] dist[1.5m] list[2] : 1164-204
[2026-08-11 17:41:18.509340] [INFO] [path_server] 노드 업데이트 : [204] ➜ [-1]
[2026-08-11 17:41:21.323805] [INFO] [course_tracker] 목적지에서 각도 정렬 : [9.500m 14.500m 0.000°]
[2026-08-11 17:41:22.301781] [INFO] [path_server] 노드 업데이트 : [204] ➜ [-1]
[2026-08-11 17:41:22.321741] [INFO] [task::fsm] push_done
[2026-08-11 17:41:22.381620] [INFO] [task::fsm] idle
[2026-08-11 17:41:22.381629] [INFO] [path_server] 경로 삭제
[2026-08-11 17:41:22.381627] [INFO] [course_manager] 코스 삭제
[2026-08-11 17:41:28.429441] [INFO] [path_server] 새로운 경로 설정 : path[204 ➜ 104] time[0s] dist[55.5m] list[38] : 204-1164-1165-1166-1167-1168-41-1170-1171-1172-1173-1174-1175-1176-1177-1178-1081-1185-1186-1187-1188-1056-1057-1058-1059-1060-1061-1062-1063-1064-1065-40-1067-1068-1069-1070-1071-104
[2026-08-11 17:43:43.836203] [INFO] [framework] 프로그램 시작
[2026-08-11 17:43:43.836207] [WARNING] [framework] 프로그램 시작
[2026-08-11 17:43:43.836211] [INFO] [framework] 설정 파일 위치 : ../configs/robot_3
[2026-08-11 17:43:43.836210] [CRITICAL] [framework] 프로그램 시작
[2026-08-11 17:43:43.836344] [INFO] [framework] ID[0, 3], 이름[박쓰리], 제어주기[20ms], 버젼[], 장소[우리집], 환경모드[simulation]
[2026-08-11 17:43:43.836366] [INFO] [mediator] 생성
[2026-08-11 17:43:43.836398] [INFO] [graph_manager] 생성
[2026-08-11 17:43:43.867210] [INFO] [stop_server] 생성
[2026-08-11 17:43:43.867245] [INFO] [health_monitor] 생성
[2026-08-11 17:43:43.867262] [INFO] [path_server] 생성
[2026-08-11 17:43:43.867276] [INFO] [course_manager] 생성
[2026-08-11 17:43:43.867294] [INFO] [task::fsm] 생성
[2026-08-11 17:43:43.867295] [INFO] [task::fsm] idle
[2026-08-11 17:43:43.867297] [INFO] [course_manager] 코스 삭제
[2026-08-11 17:43:43.867298] [INFO] [path_server] 경로 삭제
[2026-08-11 17:43:43.867310] [INFO] [task_manager] 생성
[2026-08-11 17:43:43.867421] [INFO] [mediator] connectors 생성
[2026-08-11 17:43:43.867437] [INFO] [fms] 생성
[2026-08-11 17:43:43.867438] [INFO] [fms] 통신 드라이버 생성
[2026-08-11 17:43:43.867799] [INFO] [motions] 생성
[2026-08-11 17:43:43.867818] [INFO] [localizers] 생성
[2026-08-11 17:43:43.867913] [INFO] [localizers] 파라미터 : 

[2026-08-11 17:43:43.867930] [INFO] [safety_plc] 생성
[2026-08-11 17:43:43.867953] [INFO] [load_handler] 생성
[2026-08-11 17:43:43.867968] [INFO] [power_system] 생성
[2026-08-11 17:43:43.868083] [INFO] [power_system] 설정 정보 : remaining[40%, 10%, 5%]
[2026-08-11 17:43:43.868517] [INFO] [power_system] 알람 목록 : 
 • [100015, 100001] [INFO] 자동 충전 시작.
 • [100015, 100002] [INFO] 배터리 가득.
 • [100015, 400001] [CRIT] 배터리 남은 양 - 위험
 • [100015, 300001] [ERROR] 배터리 남은 양 - 에러
 • [100015, 200001] [WARN] 배터리 남은 양 - 주의
 • [100015, 100004] [INFO] 자동 충전 해제 완료.
 • [100015, 100003] [INFO] 자동 충전 해제 시작.
[2026-08-11 17:43:43.868520] [INFO] [mediator] connector 의존성 주입
[2026-08-11 17:43:43.868530] [INFO] [mediator] any map 등록
[2026-08-11 17:43:43.868539] [INFO] [mediator] any collector 등록
[2026-08-11 17:43:43.868543] [INFO] [mediator] any collector 목록 검사
[2026-08-11 17:43:43.868594] [INFO] [framework] after init 실행
[2026-08-11 17:43:43.868866] [INFO] [course_tracker] 생성
[2026-08-11 17:43:43.868883] [INFO] [course_tracker] 파라미터 : 
◈ node_bound[0.020m, 0.150m, 0.005m]
 • approach[0.150m, 0.050m/s, -0.005m, -0.200m, 0.100m]
 • align[(10.000°, 5.000°/s), 50.000°, 30.000°/s), 0.800°, -0.100°]
◈ motion param : 
 • reference_angle[0.000°, 45.000°]
 • threshold_angle[15.000°, 20.000°, 170.000°]
 • threshold_error[0.300°, 5.000°]
 • normal[0.150m/s, 8.000, 0.800m/s, 0.500]
 • angle[0.150m/s, 1.500, 0.800m/s, 2.100]
 • protection_overshoot[0.100m/s, 0.900, 0.500m/s, 0.900]
 • speed_rotation[15.000°/s]
[2026-08-11 17:43:43.868886] [INFO] [framework] 제어 쓰레드 시작
[2026-08-11 17:43:43.868932] [INFO] [path_server] 노드 초기화 성공 : 로봇 좌표[9.489m 18.997m 90.045°] 최단 거리 노드[104] 거리(0.011735m)
[2026-08-11 17:43:43.868970] [INFO] [health_monitor] [등록][100015, 200001] : 배터리 남은 양 - 주의
[2026-08-11 17:43:46.265075] [INFO] [task::fsm] charging
[2026-08-11 17:43:46.265083] [INFO] [power_system] 충전 프로세스 시작
[2026-08-11 17:43:46.265097] [INFO] [health_monitor] [등록][100015, 100001] : 자동 충전 시작.
[2026-08-11 17:43:51.276093] [INFO] [health_monitor] [삭제][100015, 100001] : 자동 충전 시작.
[2026-08-11 17:43:51.715405] [INFO] [path_server] 새로운 경로 설정 : path[104 ➜ 102] time[0s] dist[6m] list[5] : 104-1071-1072-1073-102
[2026-08-11 17:43:55.588138] [INFO] [path_server] 노드 업데이트 : [1071] ➜ [1072]
[2026-08-11 17:43:55.667939] [INFO] [path_server] 새로운 경로 설정 : path[1071 ➜ 102] time[0s] dist[4.5m] list[4] : 1071-1072-1073-102
[2026-08-11 17:43:59.161071] [INFO] [path_server] 노드 업데이트 : [1072] ➜ [1073]
[2026-08-11 17:43:59.241141] [INFO] [path_server] 새로운 경로 설정 : path[1072 ➜ 102] time[0s] dist[3m] list[3] : 1072-1073-102
[2026-08-11 17:44:00.518808] [INFO] [path_server] 노드 업데이트 : [1073] ➜ [102]
[2026-08-11 17:44:00.598751] [INFO] [path_server] 새로운 경로 설정 : path[1073 ➜ 102] time[0s] dist[1.5m] list[2] : 1073-102
[2026-08-11 17:44:21.651864] [INFO] [framework] 프로그램 시작
[2026-08-11 17:44:21.651871] [WARNING] [framework] 프로그램 시작
[2026-08-11 17:44:21.651874] [CRITICAL] [framework] 프로그램 시작
[2026-08-11 17:44:21.651875] [INFO] [framework] 설정 파일 위치 : ../configs/robot_3
[2026-08-11 17:44:21.652032] [INFO] [framework] ID[0, 3], 이름[박쓰리], 제어주기[20ms], 버젼[], 장소[우리집], 환경모드[simulation]
[2026-08-11 17:44:21.652065] [INFO] [mediator] 생성
[2026-08-11 17:44:21.652087] [INFO] [graph_manager] 생성
[2026-08-11 17:44:21.703000] [INFO] [stop_server] 생성
[2026-08-11 17:44:21.703026] [INFO] [health_monitor] 생성
[2026-08-11 17:44:21.703050] [INFO] [path_server] 생성
[2026-08-11 17:44:21.703071] [INFO] [course_manager] 생성
[2026-08-11 17:44:21.703090] [INFO] [task::fsm] 생성
[2026-08-11 17:44:21.703091] [INFO] [task::fsm] idle
[2026-08-11 17:44:21.703093] [INFO] [course_manager] 코스 삭제
[2026-08-11 17:44:21.703094] [INFO] [path_server] 경로 삭제
[2026-08-11 17:44:21.703112] [INFO] [task_manager] 생성
[2026-08-11 17:44:21.703269] [INFO] [mediator] connectors 생성
[2026-08-11 17:44:21.703300] [INFO] [fms] 생성
[2026-08-11 17:44:21.703491] [INFO] [fms] 통신 드라이버 생성
[2026-08-11 17:44:21.703967] [INFO] [motions] 생성
[2026-08-11 17:44:21.703999] [INFO] [localizers] 생성
[2026-08-11 17:44:21.704126] [INFO] [localizers] 파라미터 : 

[2026-08-11 17:44:21.704155] [INFO] [safety_plc] 생성
[2026-08-11 17:44:21.704176] [INFO] [load_handler] 생성
[2026-08-11 17:44:21.704197] [INFO] [power_system] 생성
[2026-08-11 17:44:21.704354] [INFO] [power_system] 설정 정보 : remaining[40%, 10%, 5%]
[2026-08-11 17:44:21.705006] [INFO] [power_system] 알람 목록 : 
 • [100015, 100001] [INFO] 자동 충전 시작.
 • [100015, 100002] [INFO] 배터리 가득.
 • [100015, 400001] [CRIT] 배터리 남은 양 - 위험
 • [100015, 300001] [ERROR] 배터리 남은 양 - 에러
 • [100015, 200001] [WARN] 배터리 남은 양 - 주의
 • [100015, 100004] [INFO] 자동 충전 해제 완료.
 • [100015, 100003] [INFO] 자동 충전 해제 시작.
[2026-08-11 17:44:21.705228] [INFO] [mediator] any map 등록
[2026-08-11 17:44:21.705011] [INFO] [mediator] connector 의존성 주입
[2026-08-11 17:44:21.705235] [INFO] [mediator] any collector 등록
[2026-08-11 17:44:21.705240] [INFO] [mediator] any collector 목록 검사
[2026-08-11 17:44:21.705569] [INFO] [framework] after init 실행
[2026-08-11 17:44:21.705938] [INFO] [course_tracker] 생성
[2026-08-11 17:44:21.705958] [INFO] [course_tracker] 파라미터 : 
◈ node_bound[0.020m, 0.150m, 0.005m]
 • approach[0.150m, 0.050m/s, -0.005m, -0.200m, 0.100m]
 • align[(10.000°, 5.000°/s), 50.000°, 30.000°/s), 0.800°, -0.100°]
◈ motion param : 
 • reference_angle[0.000°, 45.000°]
 • threshold_angle[15.000°, 20.000°, 170.000°]
 • threshold_error[0.300°, 5.000°]
 • normal[0.150m/s, 8.000, 0.800m/s, 0.500]
 • angle[0.150m/s, 1.500, 0.800m/s, 2.100]
 • protection_overshoot[0.100m/s, 0.900, 0.500m/s, 0.900]
 • speed_rotation[15.000°/s]
[2026-08-11 17:44:21.705961] [INFO] [framework] 제어 쓰레드 시작
[2026-08-11 17:44:21.706014] [INFO] [path_server] 노드 초기화 성공 : 로봇 좌표[6.489m 18.996m 90.003°] 최단 거리 노드[102] 거리(0.011373m)
[2026-08-11 17:44:21.706074] [INFO] [health_monitor] [등록][100015, 200001] : 배터리 남은 양 - 주의
[2026-08-11 17:44:21.725992] [INFO] [task::fsm] charging
[2026-08-11 17:44:21.726005] [INFO] [power_system] 충전 프로세스 시작
[2026-08-11 17:44:21.726014] [INFO] [health_monitor] [등록][100015, 100001] : 자동 충전 시작.
[2026-08-11 17:44:26.735907] [INFO] [health_monitor] [삭제][100015, 100001] : 자동 충전 시작.
[2026-08-11 17:44:37.435432] [INFO] [health_monitor] [삭제][100015, 200001] : 배터리 남은 양 - 주의
[2026-08-11 17:45:01.433640] [INFO] [power_system] 충전 완료
[2026-08-11 17:45:01.433660] [INFO] [health_monitor] [등록][100015, 100002] : 배터리 가득.
[2026-08-11 17:45:01.433663] [INFO] [health_monitor] [등록][100015, 100003] : 자동 충전 해제 시작.
[2026-08-11 17:45:06.444803] [INFO] [health_monitor] [삭제][100015, 100002] : 배터리 가득.
[2026-08-11 17:45:06.444810] [INFO] [health_monitor] [삭제][100015, 100003] : 자동 충전 해제 시작.
[2026-08-11 17:45:06.464750] [INFO] [power_system] 충전 해제 완료
[2026-08-11 17:45:06.464759] [INFO] [health_monitor] [등록][100015, 100004] : 자동 충전 해제 완료.
[2026-08-11 17:45:06.484660] [INFO] [task::fsm] discharging
[2026-08-11 17:45:06.484668] [INFO] [power_system] 충전 해제 프로세스 시작
[2026-08-11 17:45:06.484678] [INFO] [health_monitor] [등록][100015, 100003] : 자동 충전 해제 시작.
[2026-08-11 17:45:06.504680] [INFO] [task::fsm] idle
[2026-08-11 17:45:06.504686] [INFO] [course_manager] 코스 삭제
[2026-08-11 17:45:06.504688] [INFO] [path_server] 경로 삭제
[2026-08-11 17:45:06.524630] [INFO] [task::fsm] idle
[2026-08-11 17:45:06.524635] [INFO] [course_manager] 코스 삭제
[2026-08-11 17:45:06.524636] [INFO] [path_server] 경로 삭제
[2026-08-11 17:45:11.474902] [INFO] [health_monitor] [삭제][100015, 100004] : 자동 충전 해제 완료.
[2026-08-11 17:45:11.494815] [INFO] [health_monitor] [삭제][100015, 100003] : 자동 충전 해제 시작.
[2026-08-11 17:45:27.759113] [INFO] [framework] 프로그램 시작
[2026-08-11 17:45:27.759117] [WARNING] [framework] 프로그램 시작
[2026-08-11 17:45:27.759119] [CRITICAL] [framework] 프로그램 시작
[2026-08-11 17:45:27.759120] [INFO] [framework] 설정 파일 위치 : ../configs/robot_3
[2026-08-11 17:45:27.759220] [INFO] [framework] ID[0, 3], 이름[박쓰리], 제어주기[20ms], 버젼[], 장소[우리집], 환경모드[simulation]
[2026-08-11 17:45:27.759239] [INFO] [mediator] 생성
[2026-08-11 17:45:27.759252] [INFO] [graph_manager] 생성
[2026-08-11 17:45:27.789840] [INFO] [stop_server] 생성
[2026-08-11 17:45:27.789862] [INFO] [health_monitor] 생성
[2026-08-11 17:45:27.789893] [INFO] [path_server] 생성
[2026-08-11 17:45:27.789907] [INFO] [course_manager] 생성
[2026-08-11 17:45:27.789920] [INFO] [task::fsm] 생성
[2026-08-11 17:45:27.789921] [INFO] [task::fsm] idle
[2026-08-11 17:45:27.789934] [INFO] [course_manager] 코스 삭제
[2026-08-11 17:45:27.789939] [INFO] [path_server] 경로 삭제
[2026-08-11 17:45:27.789952] [INFO] [task_manager] 생성
[2026-08-11 17:45:27.790070] [INFO] [mediator] connectors 생성
[2026-08-11 17:45:27.790093] [INFO] [fms] 생성
[2026-08-11 17:45:27.790094] [INFO] [fms] 통신 드라이버 생성
[2026-08-11 17:45:27.790507] [INFO] [motions] 생성
[2026-08-11 17:45:27.790528] [INFO] [localizers] 생성
[2026-08-11 17:45:27.790632] [INFO] [localizers] 파라미터 : 

[2026-08-11 17:45:27.790649] [INFO] [safety_plc] 생성
[2026-08-11 17:45:27.790664] [INFO] [load_handler] 생성
[2026-08-11 17:45:27.790681] [INFO] [power_system] 생성
[2026-08-11 17:45:27.790828] [INFO] [power_system] 설정 정보 : remaining[40%, 10%, 5%]
[2026-08-11 17:45:27.791291] [INFO] [power_system] 알람 목록 : 
 • [100015, 100001] [INFO] 자동 충전 시작.
 • [100015, 100002] [INFO] 배터리 가득.
 • [100015, 400001] [CRIT] 배터리 남은 양 - 위험
 • [100015, 300001] [ERROR] 배터리 남은 양 - 에러
 • [100015, 200001] [WARN] 배터리 남은 양 - 주의
 • [100015, 100004] [INFO] 자동 충전 해제 완료.
 • [100015, 100003] [INFO] 자동 충전 해제 시작.
[2026-08-11 17:45:27.791295] [INFO] [mediator] connector 의존성 주입
[2026-08-11 17:45:27.791306] [INFO] [mediator] any map 등록
[2026-08-11 17:45:27.791314] [INFO] [mediator] any collector 등록
[2026-08-11 17:45:27.791317] [INFO] [mediator] any collector 목록 검사
[2026-08-11 17:45:27.791394] [INFO] [framework] after init 실행
[2026-08-11 17:45:27.791822] [INFO] [course_tracker] 생성
[2026-08-11 17:45:27.791848] [INFO] [course_tracker] 파라미터 : 
◈ node_bound[0.020m, 0.150m, 0.005m]
 • approach[0.150m, 0.050m/s, -0.005m, -0.200m, 0.100m]
 • align[(10.000°, 5.000°/s), 50.000°, 30.000°/s), 0.800°, -0.100°]
◈ motion param : 
 • reference_angle[0.000°, 45.000°]
 • threshold_angle[15.000°, 20.000°, 170.000°]
 • threshold_error[0.300°, 5.000°]
 • normal[0.150m/s, 8.000, 0.800m/s, 0.500]
 • angle[0.150m/s, 1.500, 0.800m/s, 2.100]
 • protection_overshoot[0.100m/s, 0.900, 0.500m/s, 0.900]
 • speed_rotation[15.000°/s]
[2026-08-11 17:45:27.791853] [INFO] [framework] 제어 쓰레드 시작
[2026-08-11 17:45:27.791922] [INFO] [path_server] 노드 초기화 성공 : 로봇 좌표[6.489m 18.996m 90.003°] 최단 거리 노드[102] 거리(0.011373m)
[2026-08-11 17:45:27.791990] [INFO] [health_monitor] [등록][100015, 200001] : 배터리 남은 양 - 주의
[2026-08-11 17:45:27.811935] [INFO] [course_manager] 코스 삭제
[2026-08-11 17:45:27.811939] [INFO] [path_server] 경로 삭제
[2026-08-11 17:45:27.811920] [INFO] [task::fsm] idle
[2026-08-11 17:45:51.298601] [INFO] [framework] 프로그램 시작
[2026-08-11 17:45:51.298606] [WARNING] [framework] 프로그램 시작
[2026-08-11 17:45:51.298608] [CRITICAL] [framework] 프로그램 시작
[2026-08-11 17:45:51.298608] [INFO] [framework] 설정 파일 위치 : ../configs/robot_3
[2026-08-11 17:45:51.298720] [INFO] [framework] ID[0, 3], 이름[박쓰리], 제어주기[20ms], 버젼[], 장소[우리집], 환경모드[simulation]
[2026-08-11 17:45:51.298745] [INFO] [mediator] 생성
[2026-08-11 17:45:51.298772] [INFO] [graph_manager] 생성
[2026-08-11 17:45:51.328635] [INFO] [stop_server] 생성
[2026-08-11 17:45:51.328664] [INFO] [health_monitor] 생성
[2026-08-11 17:45:51.328679] [INFO] [path_server] 생성
[2026-08-11 17:45:51.328694] [INFO] [course_manager] 생성
[2026-08-11 17:45:51.328705] [INFO] [task::fsm] 생성
[2026-08-11 17:45:51.328707] [INFO] [task::fsm] idle
[2026-08-11 17:45:51.328708] [INFO] [course_manager] 코스 삭제
[2026-08-11 17:45:51.328709] [INFO] [path_server] 경로 삭제
[2026-08-11 17:45:51.328731] [INFO] [task_manager] 생성
[2026-08-11 17:45:51.328840] [INFO] [mediator] connectors 생성
[2026-08-11 17:45:51.328856] [INFO] [fms] 생성
[2026-08-11 17:45:51.328857] [INFO] [fms] 통신 드라이버 생성
[2026-08-11 17:45:51.329145] [INFO] [motions] 생성
[2026-08-11 17:45:51.329164] [INFO] [localizers] 생성
[2026-08-11 17:45:51.329249] [INFO] [localizers] 파라미터 : 

[2026-08-11 17:45:51.329266] [INFO] [safety_plc] 생성
[2026-08-11 17:45:51.329279] [INFO] [load_handler] 생성
[2026-08-11 17:45:51.329292] [INFO] [power_system] 생성
[2026-08-11 17:45:51.329391] [INFO] [power_system] 설정 정보 : remaining[40%, 10%, 5%]
[2026-08-11 17:45:51.329842] [INFO] [power_system] 알람 목록 : 
 • [100015, 100001] [INFO] 자동 충전 시작.
 • [100015, 100002] [INFO] 배터리 가득.
 • [100015, 400001] [CRIT] 배터리 남은 양 - 위험
 • [100015, 300001] [ERROR] 배터리 남은 양 - 에러
 • [100015, 200001] [WARN] 배터리 남은 양 - 주의
 • [100015, 100004] [INFO] 자동 충전 해제 완료.
 • [100015, 100003] [INFO] 자동 충전 해제 시작.
[2026-08-11 17:45:51.329845] [INFO] [mediator] connector 의존성 주입
[2026-08-11 17:45:51.329854] [INFO] [mediator] any map 등록
[2026-08-11 17:45:51.329867] [INFO] [mediator] any collector 등록
[2026-08-11 17:45:51.329870] [INFO] [mediator] any collector 목록 검사
[2026-08-11 17:45:51.329914] [INFO] [framework] after init 실행
[2026-08-11 17:45:51.330162] [INFO] [course_tracker] 생성
[2026-08-11 17:45:51.330178] [INFO] [course_tracker] 파라미터 : 
◈ node_bound[0.020m, 0.150m, 0.005m]
 • approach[0.150m, 0.050m/s, -0.005m, -0.200m, 0.100m]
 • align[(10.000°, 5.000°/s), 50.000°, 30.000°/s), 0.800°, -0.100°]
◈ motion param : 
 • reference_angle[0.000°, 45.000°]
 • threshold_angle[15.000°, 20.000°, 170.000°]
 • threshold_error[0.300°, 5.000°]
 • normal[0.150m/s, 8.000, 0.800m/s, 0.500]
 • angle[0.150m/s, 1.500, 0.800m/s, 2.100]
 • protection_overshoot[0.100m/s, 0.900, 0.500m/s, 0.900]
 • speed_rotation[15.000°/s]
[2026-08-11 17:45:51.330181] [INFO] [framework] 제어 쓰레드 시작
[2026-08-11 17:45:51.330217] [INFO] [path_server] 노드 초기화 성공 : 로봇 좌표[6.489m 18.996m 90.003°] 최단 거리 노드[102] 거리(0.011373m)
[2026-08-11 17:45:51.330259] [INFO] [health_monitor] [등록][100015, 200001] : 배터리 남은 양 - 주의
[2026-08-11 17:45:51.430074] [INFO] [task::fsm] charging
[2026-08-11 17:45:51.430083] [INFO] [power_system] 충전 프로세스 시작
[2026-08-11 17:45:51.430097] [INFO] [health_monitor] [등록][100015, 100001] : 자동 충전 시작.
[2026-08-11 17:45:56.439970] [INFO] [health_monitor] [삭제][100015, 100001] : 자동 충전 시작.
[2026-08-11 17:46:07.159841] [INFO] [health_monitor] [삭제][100015, 200001] : 배터리 남은 양 - 주의
[2026-08-11 17:46:31.153719] [INFO] [power_system] 충전 완료
[2026-08-11 17:46:31.153745] [INFO] [health_monitor] [등록][100015, 100002] : 배터리 가득.
[2026-08-11 17:46:31.153762] [INFO] [health_monitor] [등록][100015, 100003] : 자동 충전 해제 시작.
[2026-08-11 17:46:36.163822] [INFO] [health_monitor] [삭제][100015, 100002] : 배터리 가득.
[2026-08-11 17:46:36.163830] [INFO] [health_monitor] [삭제][100015, 100003] : 자동 충전 해제 시작.
[2026-08-11 17:46:36.183731] [INFO] [power_system] 충전 해제 완료
[2026-08-11 17:46:36.183749] [INFO] [health_monitor] [등록][100015, 100004] : 자동 충전 해제 완료.
[2026-08-11 17:46:36.203737] [INFO] [task::fsm] discharging
[2026-08-11 17:46:36.203768] [INFO] [power_system] 충전 해제 프로세스 시작
[2026-08-11 17:46:36.203783] [INFO] [health_monitor] [등록][100015, 100003] : 자동 충전 해제 시작.
[2026-08-11 17:46:36.223679] [INFO] [task::fsm] idle
[2026-08-11 17:46:36.223684] [INFO] [path_server] 경로 삭제
[2026-08-11 17:46:36.223683] [INFO] [course_manager] 코스 삭제
[2026-08-11 17:46:36.263617] [INFO] [task::fsm] idle
[2026-08-11 17:46:36.263623] [INFO] [course_manager] 코스 삭제
[2026-08-11 17:46:36.263624] [INFO] [path_server] 경로 삭제
[2026-08-11 17:46:41.194091] [INFO] [health_monitor] [삭제][100015, 100004] : 자동 충전 해제 완료.
[2026-08-11 17:46:41.214008] [INFO] [health_monitor] [삭제][100015, 100003] : 자동 충전 해제 시작.
[2026-08-11 17:50:10.511069] [INFO] [framework] 프로그램 시작
[2026-08-11 17:50:10.511073] [WARNING] [framework] 프로그램 시작
[2026-08-11 17:50:10.511075] [INFO] [framework] 설정 파일 위치 : ../configs/robot_3
[2026-08-11 17:50:10.511074] [CRITICAL] [framework] 프로그램 시작
[2026-08-11 17:50:10.511172] [INFO] [framework] ID[0, 3], 이름[박쓰리], 제어주기[20ms], 버젼[], 장소[우리집], 환경모드[simulation]
[2026-08-11 17:50:10.511188] [INFO] [mediator] 생성
[2026-08-11 17:50:10.511210] [INFO] [graph_manager] 생성
[2026-08-11 17:50:10.541863] [INFO] [stop_server] 생성
[2026-08-11 17:50:10.541880] [INFO] [health_monitor] 생성
[2026-08-11 17:50:10.541898] [INFO] [path_server] 생성
[2026-08-11 17:50:10.541908] [INFO] [course_manager] 생성
[2026-08-11 17:50:10.541920] [INFO] [task::fsm] 생성
[2026-08-11 17:50:10.541921] [INFO] [task::fsm] idle
[2026-08-11 17:50:10.541922] [INFO] [course_manager] 코스 삭제
[2026-08-11 17:50:10.541922] [INFO] [path_server] 경로 삭제
[2026-08-11 17:50:10.541934] [INFO] [task_manager] 생성
[2026-08-11 17:50:10.542048] [INFO] [mediator] connectors 생성
[2026-08-11 17:50:10.542294] [INFO] [fms] 생성
[2026-08-11 17:50:10.542295] [INFO] [fms] 통신 드라이버 생성
[2026-08-11 17:50:10.542667] [INFO] [motions] 생성
[2026-08-11 17:50:10.542865] [INFO] [localizers] 생성
[2026-08-11 17:50:10.543055] [INFO] [localizers] 파라미터 : 

[2026-08-11 17:50:10.543089] [INFO] [safety_plc] 생성
[2026-08-11 17:50:10.543114] [INFO] [load_handler] 생성
[2026-08-11 17:50:10.543138] [INFO] [power_system] 생성
[2026-08-11 17:50:10.543320] [INFO] [power_system] 설정 정보 : remaining[40%, 10%, 5%]
[2026-08-11 17:50:10.543996] [INFO] [power_system] 알람 목록 : 
 • [100015, 100001] [INFO] 자동 충전 시작.
 • [100015, 100002] [INFO] 배터리 가득.
 • [100015, 400001] [CRIT] 배터리 남은 양 - 위험
 • [100015, 300001] [ERROR] 배터리 남은 양 - 에러
 • [100015, 200001] [WARN] 배터리 남은 양 - 주의
 • [100015, 100004] [INFO] 자동 충전 해제 완료.
 • [100015, 100003] [INFO] 자동 충전 해제 시작.
[2026-08-11 17:50:10.544002] [INFO] [mediator] connector 의존성 주입
[2026-08-11 17:50:10.544008] [INFO] [mediator] any map 등록
[2026-08-11 17:50:10.544016] [INFO] [mediator] any collector 등록
[2026-08-11 17:50:10.544020] [INFO] [mediator] any collector 목록 검사
[2026-08-11 17:50:10.544515] [INFO] [framework] after init 실행
[2026-08-11 17:50:10.544945] [INFO] [course_tracker] 생성
[2026-08-11 17:50:10.544970] [INFO] [course_tracker] 파라미터 : 
◈ node_bound[0.020m, 0.150m, 0.005m]
 • approach[0.150m, 0.050m/s, -0.005m, -0.200m, 0.100m]
 • align[(10.000°, 5.000°/s), 50.000°, 30.000°/s), 0.800°, -0.100°]
◈ motion param : 
 • reference_angle[0.000°, 45.000°]
 • threshold_angle[15.000°, 20.000°, 170.000°]
 • threshold_error[0.300°, 5.000°]
 • normal[0.150m/s, 8.000, 0.800m/s, 0.500]
 • angle[0.150m/s, 1.500, 0.800m/s, 2.100]
 • protection_overshoot[0.100m/s, 0.900, 0.500m/s, 0.900]
 • speed_rotation[15.000°/s]
[2026-08-11 17:50:10.544975] [INFO] [framework] 제어 쓰레드 시작
[2026-08-11 17:50:10.545054] [INFO] [path_server] 노드 초기화 성공 : 로봇 좌표[6.489m 18.996m 90.003°] 최단 거리 노드[102] 거리(0.011373m)
[2026-08-11 17:50:10.545127] [INFO] [health_monitor] [등록][100015, 200001] : 배터리 남은 양 - 주의
[2026-08-11 17:50:10.644931] [INFO] [task::fsm] charging
[2026-08-11 17:50:10.644941] [INFO] [power_system] 충전 프로세스 시작
[2026-08-11 17:50:10.644954] [INFO] [health_monitor] [등록][100015, 100001] : 자동 충전 시작.
[2026-08-11 17:50:15.655358] [INFO] [health_monitor] [삭제][100015, 100001] : 자동 충전 시작.
[2026-08-11 17:50:26.374501] [INFO] [health_monitor] [삭제][100015, 200001] : 배터리 남은 양 - 주의
[2026-08-11 17:50:50.367711] [INFO] [power_system] 충전 완료
[2026-08-11 17:50:50.367743] [INFO] [health_monitor] [등록][100015, 100002] : 배터리 가득.
[2026-08-11 17:50:50.367748] [INFO] [health_monitor] [등록][100015, 100003] : 자동 충전 해제 시작.
[2026-08-11 17:50:55.377764] [INFO] [health_monitor] [삭제][100015, 100002] : 배터리 가득.
[2026-08-11 17:50:55.377777] [INFO] [health_monitor] [삭제][100015, 100003] : 자동 충전 해제 시작.
[2026-08-11 17:50:55.397775] [INFO] [power_system] 충전 해제 완료
[2026-08-11 17:50:55.397784] [INFO] [health_monitor] [등록][100015, 100004] : 자동 충전 해제 완료.
[2026-08-11 17:50:55.417703] [INFO] [task::fsm] discharging
[2026-08-11 17:50:55.417717] [INFO] [power_system] 충전 해제 프로세스 시작
[2026-08-11 17:50:55.417741] [INFO] [health_monitor] [등록][100015, 100003] : 자동 충전 해제 시작.
[2026-08-11 17:50:55.437613] [INFO] [task::fsm] idle
[2026-08-11 17:50:55.437620] [INFO] [course_manager] 코스 삭제
[2026-08-11 17:50:55.437622] [INFO] [path_server] 경로 삭제
[2026-08-11 17:50:55.477591] [INFO] [task::fsm] idle
[2026-08-11 17:50:55.477599] [INFO] [course_manager] 코스 삭제
[2026-08-11 17:50:55.477601] [INFO] [path_server] 경로 삭제
[2026-08-11 17:51:00.407870] [INFO] [health_monitor] [삭제][100015, 100004] : 자동 충전 해제 완료.
[2026-08-11 17:51:00.427837] [INFO] [health_monitor] [삭제][100015, 100003] : 자동 충전 해제 시작.
[2026-08-11 17:51:50.470406] [INFO] [task::fsm] charging
[2026-08-11 17:51:50.470413] [INFO] [power_system] 충전 프로세스 시작
[2026-08-11 17:51:50.470427] [INFO] [health_monitor] [등록][100015, 100001] : 자동 충전 시작.
[2026-08-11 17:51:55.480551] [INFO] [health_monitor] [삭제][100015, 100001] : 자동 충전 시작.
[2026-08-11 17:52:04.183520] [INFO] [power_system] 충전 완료
[2026-08-11 17:52:04.183545] [INFO] [health_monitor] [등록][100015, 100003] : 자동 충전 해제 시작.
[2026-08-11 17:52:04.183541] [INFO] [health_monitor] [등록][100015, 100002] : 배터리 가득.
[2026-08-11 17:52:09.193993] [INFO] [health_monitor] [삭제][100015, 100002] : 배터리 가득.
[2026-08-11 17:52:09.193999] [INFO] [health_monitor] [삭제][100015, 100003] : 자동 충전 해제 시작.
[2026-08-11 17:52:09.213918] [INFO] [power_system] 충전 해제 완료
[2026-08-11 17:52:09.213928] [INFO] [health_monitor] [등록][100015, 100004] : 자동 충전 해제 완료.
[2026-08-11 17:52:09.233927] [INFO] [task::fsm] discharging
[2026-08-11 17:52:09.233935] [INFO] [power_system] 충전 해제 프로세스 시작
[2026-08-11 17:52:09.233946] [INFO] [health_monitor] [등록][100015, 100003] : 자동 충전 해제 시작.
[2026-08-11 17:52:09.253890] [INFO] [task::fsm] idle
[2026-08-11 17:52:09.253899] [INFO] [path_server] 경로 삭제
[2026-08-11 17:52:09.253897] [INFO] [course_manager] 코스 삭제
[2026-08-11 17:52:09.293766] [INFO] [task::fsm] idle
[2026-08-11 17:52:09.293773] [INFO] [course_manager] 코스 삭제
[2026-08-11 17:52:09.293774] [INFO] [path_server] 경로 삭제
[2026-08-11 17:52:14.224242] [INFO] [health_monitor] [삭제][100015, 100004] : 자동 충전 해제 완료.
[2026-08-11 17:52:14.244250] [INFO] [health_monitor] [삭제][100015, 100003] : 자동 충전 해제 시작.
[2026-08-11 17:53:04.286646] [INFO] [task::fsm] charging
[2026-08-11 17:53:04.286672] [INFO] [health_monitor] [등록][100015, 100001] : 자동 충전 시작.
[2026-08-11 17:53:04.286656] [INFO] [power_system] 충전 프로세스 시작
[2026-08-11 17:53:09.296674] [INFO] [health_monitor] [삭제][100015, 100001] : 자동 충전 시작.
[2026-08-11 17:53:18.000474] [INFO] [power_system] 충전 완료
[2026-08-11 17:53:18.000495] [INFO] [health_monitor] [등록][100015, 100003] : 자동 충전 해제 시작.
[2026-08-11 17:53:18.000492] [INFO] [health_monitor] [등록][100015, 100002] : 배터리 가득.
[2026-08-11 17:53:23.010842] [INFO] [health_monitor] [삭제][100015, 100002] : 배터리 가득.
[2026-08-11 17:53:23.010849] [INFO] [health_monitor] [삭제][100015, 100003] : 자동 충전 해제 시작.
[2026-08-11 17:53:23.030758] [INFO] [power_system] 충전 해제 완료
[2026-08-11 17:53:23.030767] [INFO] [health_monitor] [등록][100015, 100004] : 자동 충전 해제 완료.
[2026-08-11 17:53:23.050663] [INFO] [task::fsm] discharging
[2026-08-11 17:53:23.050674] [INFO] [power_system] 충전 해제 프로세스 시작
[2026-08-11 17:53:23.050688] [INFO] [health_monitor] [등록][100015, 100003] : 자동 충전 해제 시작.
[2026-08-11 17:53:23.070696] [INFO] [task::fsm] idle
[2026-08-11 17:53:23.070702] [INFO] [course_manager] 코스 삭제
[2026-08-11 17:53:23.070704] [INFO] [path_server] 경로 삭제
[2026-08-11 17:53:23.090648] [INFO] [task::fsm] idle
[2026-08-11 17:53:23.090654] [INFO] [course_manager] 코스 삭제
[2026-08-11 17:53:23.090657] [INFO] [path_server] 경로 삭제
[2026-08-11 17:53:28.041644] [INFO] [health_monitor] [삭제][100015, 100004] : 자동 충전 해제 완료.
[2026-08-11 17:53:28.061551] [INFO] [health_monitor] [삭제][100015, 100003] : 자동 충전 해제 시작.
[2026-08-11 17:54:18.129544] [INFO] [task::fsm] charging
[2026-08-11 17:54:18.129570] [INFO] [health_monitor] [등록][100015, 100001] : 자동 충전 시작.
[2026-08-11 17:54:18.129554] [INFO] [power_system] 충전 프로세스 시작
[2026-08-11 17:54:23.141029] [INFO] [health_monitor] [삭제][100015, 100001] : 자동 충전 시작.
[2026-08-11 17:54:31.864132] [INFO] [power_system] 충전 완료
[2026-08-11 17:54:31.864152] [INFO] [health_monitor] [등록][100015, 100002] : 배터리 가득.
[2026-08-11 17:54:31.864161] [INFO] [health_monitor] [등록][100015, 100003] : 자동 충전 해제 시작.
[2026-08-11 17:54:36.874156] [INFO] [health_monitor] [삭제][100015, 100002] : 배터리 가득.
[2026-08-11 17:54:36.874163] [INFO] [health_monitor] [삭제][100015, 100003] : 자동 충전 해제 시작.
[2026-08-11 17:54:36.894064] [INFO] [power_system] 충전 해제 완료
[2026-08-11 17:54:36.894079] [INFO] [health_monitor] [등록][100015, 100004] : 자동 충전 해제 완료.
[2026-08-11 17:54:36.914061] [INFO] [task::fsm] discharging
[2026-08-11 17:54:36.914068] [INFO] [power_system] 충전 해제 프로세스 시작
[2026-08-11 17:54:36.914078] [INFO] [health_monitor] [등록][100015, 100003] : 자동 충전 해제 시작.
[2026-08-11 17:54:36.934017] [INFO] [task::fsm] idle
[2026-08-11 17:54:36.934024] [INFO] [path_server] 경로 삭제
[2026-08-11 17:54:36.934021] [INFO] [course_manager] 코스 삭제
[2026-08-11 17:54:36.973932] [INFO] [task::fsm] idle
[2026-08-11 17:54:36.973938] [INFO] [path_server] 경로 삭제
[2026-08-11 17:54:36.973937] [INFO] [course_manager] 코스 삭제
[2026-08-11 17:54:41.904299] [INFO] [health_monitor] [삭제][100015, 100004] : 자동 충전 해제 완료.
[2026-08-11 17:54:41.924211] [INFO] [health_monitor] [삭제][100015, 100003] : 자동 충전 해제 시작.
[2026-08-11 17:55:31.985932] [INFO] [task::fsm] charging
[2026-08-11 17:55:31.985951] [INFO] [health_monitor] [등록][100015, 100001] : 자동 충전 시작.
[2026-08-11 17:55:31.985939] [INFO] [power_system] 충전 프로세스 시작
[2026-08-11 17:55:36.996141] [INFO] [health_monitor] [삭제][100015, 100001] : 자동 충전 시작.
[2026-08-11 17:55:45.718886] [INFO] [power_system] 충전 완료
[2026-08-11 17:55:45.718907] [INFO] [health_monitor] [등록][100015, 100003] : 자동 충전 해제 시작.
[2026-08-11 17:55:45.718904] [INFO] [health_monitor] [등록][100015, 100002] : 배터리 가득.
[2026-08-11 17:55:50.729124] [INFO] [health_monitor] [삭제][100015, 100002] : 배터리 가득.
[2026-08-11 17:55:50.729131] [INFO] [health_monitor] [삭제][100015, 100003] : 자동 충전 해제 시작.
[2026-08-11 17:55:50.749124] [INFO] [power_system] 충전 해제 완료
[2026-08-11 17:55:50.749138] [INFO] [health_monitor] [등록][100015, 100004] : 자동 충전 해제 완료.
[2026-08-11 17:55:50.769076] [INFO] [task::fsm] discharging
[2026-08-11 17:55:50.769082] [INFO] [power_system] 충전 해제 프로세스 시작
[2026-08-11 17:55:50.769092] [INFO] [health_monitor] [등록][100015, 100003] : 자동 충전 해제 시작.
[2026-08-11 17:55:50.788986] [INFO] [task::fsm] idle
[2026-08-11 17:55:50.788990] [INFO] [course_manager] 코스 삭제
[2026-08-11 17:55:50.788992] [INFO] [path_server] 경로 삭제
[2026-08-11 17:55:50.828952] [INFO] [task::fsm] idle
[2026-08-11 17:55:50.828958] [INFO] [course_manager] 코스 삭제
[2026-08-11 17:55:50.828959] [INFO] [path_server] 경로 삭제
[2026-08-11 17:55:55.758740] [INFO] [health_monitor] [삭제][100015, 100004] : 자동 충전 해제 완료.
[2026-08-11 17:55:55.778755] [INFO] [health_monitor] [삭제][100015, 100003] : 자동 충전 해제 시작.
[2026-08-11 17:56:45.822585] [INFO] [task::fsm] charging
[2026-08-11 17:56:45.822623] [INFO] [health_monitor] [등록][100015, 100001] : 자동 충전 시작.
[2026-08-11 17:56:45.822605] [INFO] [power_system] 충전 프로세스 시작
[2026-08-11 17:56:50.832591] [INFO] [health_monitor] [삭제][100015, 100001] : 자동 충전 시작.
[2026-08-11 17:56:59.536379] [INFO] [power_system] 충전 완료
[2026-08-11 17:56:59.536405] [INFO] [health_monitor] [등록][100015, 100002] : 배터리 가득.
[2026-08-11 17:56:59.536432] [INFO] [health_monitor] [등록][100015, 100003] : 자동 충전 해제 시작.
[2026-08-11 17:57:04.547198] [INFO] [health_monitor] [삭제][100015, 100002] : 배터리 가득.
[2026-08-11 17:57:04.547204] [INFO] [health_monitor] [삭제][100015, 100003] : 자동 충전 해제 시작.
[2026-08-11 17:57:04.567098] [INFO] [power_system] 충전 해제 완료
[2026-08-11 17:57:04.567110] [INFO] [health_monitor] [등록][100015, 100004] : 자동 충전 해제 완료.
[2026-08-11 17:57:04.587126] [INFO] [task::fsm] discharging
[2026-08-11 17:57:04.587132] [INFO] [power_system] 충전 해제 프로세스 시작
[2026-08-11 17:57:04.587141] [INFO] [health_monitor] [등록][100015, 100003] : 자동 충전 해제 시작.
[2026-08-11 17:57:04.607091] [INFO] [task::fsm] idle
[2026-08-11 17:57:04.607098] [INFO] [path_server] 경로 삭제
[2026-08-11 17:57:04.607096] [INFO] [course_manager] 코스 삭제
[2026-08-11 17:57:04.647010] [INFO] [task::fsm] idle
[2026-08-11 17:57:04.647017] [INFO] [path_server] 경로 삭제
[2026-08-11 17:57:04.647015] [INFO] [course_manager] 코스 삭제
[2026-08-11 17:57:09.578101] [INFO] [health_monitor] [삭제][100015, 100004] : 자동 충전 해제 완료.
[2026-08-11 17:57:09.598066] [INFO] [health_monitor] [삭제][100015, 100003] : 자동 충전 해제 시작.
