[2026-08-11 16:38:01.970364] [INFO] [framework] 프로그램 시작
[2026-08-11 16:38:01.970370] [WARNING] [framework] 프로그램 시작
[2026-08-11 16:38:01.970374] [INFO] [framework] 설정 파일 위치 : ../configs/robot_9
[2026-08-11 16:38:01.970373] [CRITICAL] [framework] 프로그램 시작
[2026-08-11 16:38:01.970549] [INFO] [framework] ID[0, 9], 이름[임나인], 제어주기[20ms], 버젼[], 장소[우리집], 환경모드[simulation]
[2026-08-11 16:38:01.970637] [INFO] [mediator] 생성
[2026-08-11 16:38:01.970698] [INFO] [graph_manager] 생성
[2026-08-11 16:38:02.003114] [INFO] [stop_server] 생성
[2026-08-11 16:38:02.003152] [INFO] [health_monitor] 생성
[2026-08-11 16:38:02.003184] [INFO] [path_server] 생성
[2026-08-11 16:38:02.003212] [INFO] [course_manager] 생성
[2026-08-11 16:38:02.003239] [INFO] [task::fsm] 생성
[2026-08-11 16:38:02.003240] [INFO] [task::fsm] idle
[2026-08-11 16:38:02.003252] [INFO] [course_manager] 코스 삭제
[2026-08-11 16:38:02.003259] [INFO] [path_server] 경로 삭제
[2026-08-11 16:38:02.003292] [INFO] [task_manager] 생성
[2026-08-11 16:38:02.003386] [INFO] [mediator] connectors 생성
[2026-08-11 16:38:02.003423] [INFO] [fms] 생성
[2026-08-11 16:38:02.003424] [INFO] [fms] 통신 드라이버 생성
[2026-08-11 16:38:02.003702] [INFO] [motions] 생성
[2026-08-11 16:38:02.003751] [INFO] [localizers] 생성
[2026-08-11 16:38:02.003882] [INFO] [localizers] 파라미터 : 

[2026-08-11 16:38:02.003924] [INFO] [safety_plc] 생성
[2026-08-11 16:38:02.003960] [INFO] [load_handler] 생성
[2026-08-11 16:38:02.003994] [INFO] [power_system] 생성
[2026-08-11 16:38:02.004094] [INFO] [power_system] 설정 정보 : remaining[40%, 10%, 5%]
[2026-08-11 16:38:02.004455] [INFO] [power_system] 알람 목록 : 
 • [100015, 100001] [INFO] 자동 충전 시작.
 • [100015, 100002] [INFO] 배터리 가득.
 • [100015, 400001] [CRIT] 배터리 남은 양 - 위험
 • [100015, 300001] [ERROR] 배터리 남은 양 - 에러
 • [100015, 200001] [WARN] 배터리 남은 양 - 주의
 • [100015, 100004] [INFO] 자동 충전 해제 완료.
 • [100015, 100003] [INFO] 자동 충전 해제 시작.
[2026-08-11 16:38:02.004458] [INFO] [mediator] connector 의존성 주입
[2026-08-11 16:38:02.004465] [INFO] [mediator] any map 등록
[2026-08-11 16:38:02.004470] [INFO] [mediator] any collector 등록
[2026-08-11 16:38:02.004473] [INFO] [mediator] any collector 목록 검사
[2026-08-11 16:38:02.004514] [INFO] [framework] after init 실행
[2026-08-11 16:38:02.004856] [INFO] [course_tracker] 생성
[2026-08-11 16:38:02.004870] [INFO] [course_tracker] 파라미터 : 
◈ node_bound[0.020m, 0.150m, 0.005m]
 • approach[0.150m, 0.050m/s, -0.005m, -0.200m, 0.100m]
 • align[(10.000°, 5.000°/s), 50.000°, 30.000°/s), 0.800°, -0.100°]
◈ motion param : 
 • reference_angle[0.000°, 45.000°]
 • threshold_angle[15.000°, 20.000°, 170.000°]
 • threshold_error[0.300°, 5.000°]
 • normal[0.150m/s, 8.000, 0.800m/s, 0.500]
 • angle[0.150m/s, 1.500, 0.800m/s, 2.100]
 • protection_overshoot[0.100m/s, 0.900, 0.500m/s, 0.900]
 • speed_rotation[15.000°/s]
[2026-08-11 16:38:02.004873] [INFO] [framework] 제어 쓰레드 시작
[2026-08-11 16:38:02.004901] [INFO] [path_server] 노드 초기화 성공 : 로봇 좌표[11.501m 14.504m -89.274°] 최단 거리 노드[201] 거리(0.004105m)
[2026-08-11 16:40:31.639102] [INFO] [framework] 프로그램 시작
[2026-08-11 16:40:31.639107] [WARNING] [framework] 프로그램 시작
[2026-08-11 16:40:31.639108] [INFO] [framework] 설정 파일 위치 : ../configs/robot_9
[2026-08-11 16:40:31.639108] [CRITICAL] [framework] 프로그램 시작
[2026-08-11 16:45:49.988140] [INFO] [framework] 프로그램 시작
[2026-08-11 16:45:49.988143] [WARNING] [framework] 프로그램 시작
[2026-08-11 16:45:49.988146] [INFO] [framework] 설정 파일 위치 : ../configs/robot_9
[2026-08-11 16:45:49.988145] [CRITICAL] [framework] 프로그램 시작
[2026-08-11 16:45:49.988254] [INFO] [framework] ID[0, 9], 이름[임나인], 제어주기[20ms], 버젼[], 장소[우리집], 환경모드[simulation]
[2026-08-11 16:45:49.988271] [INFO] [mediator] 생성
[2026-08-11 16:45:49.988287] [INFO] [graph_manager] 생성
[2026-08-11 16:45:50.012714] [INFO] [stop_server] 생성
[2026-08-11 16:45:50.012738] [INFO] [health_monitor] 생성
[2026-08-11 16:45:50.013181] [INFO] [path_server] 생성
[2026-08-11 16:45:50.013196] [INFO] [course_manager] 생성
[2026-08-11 16:45:50.013209] [INFO] [task::fsm] 생성
[2026-08-11 16:45:50.013215] [INFO] [course_manager] 코스 삭제
[2026-08-11 16:45:50.013216] [INFO] [path_server] 경로 삭제
[2026-08-11 16:45:50.013210] [INFO] [task::fsm] idle
[2026-08-11 16:45:50.013228] [INFO] [task_manager] 생성
[2026-08-11 16:45:50.013325] [INFO] [mediator] connectors 생성
[2026-08-11 16:45:50.013343] [INFO] [fms] 생성
[2026-08-11 16:45:50.013344] [INFO] [fms] 통신 드라이버 생성
[2026-08-11 16:45:50.013610] [INFO] [motions] 생성
[2026-08-11 16:45:50.013628] [INFO] [localizers] 생성
[2026-08-11 16:45:50.013713] [INFO] [localizers] 파라미터 : 

[2026-08-11 16:45:50.013735] [INFO] [safety_plc] 생성
[2026-08-11 16:45:50.013750] [INFO] [load_handler] 생성
[2026-08-11 16:45:50.013764] [INFO] [power_system] 생성
[2026-08-11 16:45:50.013868] [INFO] [power_system] 설정 정보 : remaining[40%, 10%, 5%]
[2026-08-11 16:45:50.014278] [INFO] [power_system] 알람 목록 : 
 • [100015, 100001] [INFO] 자동 충전 시작.
 • [100015, 100002] [INFO] 배터리 가득.
 • [100015, 400001] [CRIT] 배터리 남은 양 - 위험
 • [100015, 300001] [ERROR] 배터리 남은 양 - 에러
 • [100015, 200001] [WARN] 배터리 남은 양 - 주의
 • [100015, 100004] [INFO] 자동 충전 해제 완료.
 • [100015, 100003] [INFO] 자동 충전 해제 시작.
[2026-08-11 16:45:50.014285] [INFO] [mediator] any map 등록
[2026-08-11 16:45:50.014282] [INFO] [mediator] connector 의존성 주입
[2026-08-11 16:45:50.014293] [INFO] [mediator] any collector 등록
[2026-08-11 16:45:50.014297] [INFO] [mediator] any collector 목록 검사
[2026-08-11 16:45:50.014343] [INFO] [framework] after init 실행
[2026-08-11 16:45:50.014578] [INFO] [course_tracker] 생성
[2026-08-11 16:45:50.014597] [INFO] [course_tracker] 파라미터 : 
◈ node_bound[0.020m, 0.150m, 0.005m]
 • approach[0.150m, 0.050m/s, -0.005m, -0.200m, 0.100m]
 • align[(10.000°, 5.000°/s), 50.000°, 30.000°/s), 0.800°, -0.100°]
◈ motion param : 
 • reference_angle[0.000°, 45.000°]
 • threshold_angle[15.000°, 20.000°, 170.000°]
 • threshold_error[0.300°, 5.000°]
 • normal[0.150m/s, 8.000, 0.800m/s, 0.500]
 • angle[0.150m/s, 1.500, 0.800m/s, 2.100]
 • protection_overshoot[0.100m/s, 0.900, 0.500m/s, 0.900]
 • speed_rotation[15.000°/s]
[2026-08-11 16:45:50.014600] [INFO] [framework] 제어 쓰레드 시작
[2026-08-11 16:45:50.014639] [INFO] [path_server] 노드 초기화 성공 : 로봇 좌표[11.501m 14.504m -89.274°] 최단 거리 노드[201] 거리(0.004105m)
[2026-08-11 16:45:55.124509] [INFO] [path_server] 새로운 경로 설정 : path[201 ➜ 105] time[0s] dist[36m] list[25] : 201-1161-1162-1163-1164-1165-1166-1109-1110-1111-1112-1113-1114-1115-1116-1117-1118-1119-1120-1121-1122-1123-1179-1180-105
[2026-08-11 16:45:55.124519] [INFO] [course_tracker] 방향 정렬 완료 
[2026-08-11 16:46:00.015016] [INFO] [path_server] 노드 업데이트 : [1161] ➜ [1162]
[2026-08-11 16:46:00.074961] [INFO] [path_server] 새로운 경로 설정 : path[1161 ➜ 105] time[0s] dist[34.5m] list[24] : 1161-1162-1163-1164-1165-1166-1109-1110-1111-1112-1113-1114-1115-1116-1117-1118-1119-1120-1121-1122-1123-1179-1180-105
[2026-08-11 16:46:03.648043] [INFO] [path_server] 노드 업데이트 : [1162] ➜ [1163]
[2026-08-11 16:46:03.727968] [INFO] [path_server] 새로운 경로 설정 : path[1162 ➜ 105] time[0s] dist[33m] list[23] : 1162-1163-1164-1165-1166-1109-1110-1111-1112-1113-1114-1115-1116-1117-1118-1119-1120-1121-1122-1123-1179-1180-105
[2026-08-11 16:46:04.765847] [INFO] [path_server] 노드 업데이트 : [1163] ➜ [1164]
[2026-08-11 16:46:04.845794] [INFO] [path_server] 새로운 경로 설정 : path[1163 ➜ 105] time[0s] dist[31.5m] list[22] : 1163-1164-1165-1166-1109-1110-1111-1112-1113-1114-1115-1116-1117-1118-1119-1120-1121-1122-1123-1179-1180-105
[2026-08-11 16:46:05.584399] [INFO] [path_server] 노드 업데이트 : [1164] ➜ [1165]
[2026-08-11 16:46:05.644301] [INFO] [path_server] 새로운 경로 설정 : path[1164 ➜ 105] time[0s] dist[30m] list[21] : 1164-1165-1166-1109-1110-1111-1112-1113-1114-1115-1116-1117-1118-1119-1120-1121-1122-1123-1179-1180-105
[2026-08-11 16:46:06.343820] [INFO] [path_server] 노드 업데이트 : [1165] ➜ [1166]
[2026-08-11 16:46:06.423711] [INFO] [path_server] 새로운 경로 설정 : path[1165 ➜ 105] time[0s] dist[28.5m] list[20] : 1165-1166-1109-1110-1111-1112-1113-1114-1115-1116-1117-1118-1119-1120-1121-1122-1123-1179-1180-105
[2026-08-11 16:46:07.102546] [INFO] [path_server] 노드 업데이트 : [1166] ➜ [1109]
[2026-08-11 16:46:07.182559] [INFO] [path_server] 새로운 경로 설정 : path[1166 ➜ 105] time[0s] dist[27m] list[19] : 1166-1109-1110-1111-1112-1113-1114-1115-1116-1117-1118-1119-1120-1121-1122-1123-1179-1180-105
[2026-08-11 16:46:07.921525] [INFO] [path_server] 노드 업데이트 : [1109] ➜ [1110]
[2026-08-11 16:46:07.981503] [INFO] [path_server] 새로운 경로 설정 : path[1109 ➜ 105] time[0s] dist[25.5m] list[18] : 1109-1110-1111-1112-1113-1114-1115-1116-1117-1118-1119-1120-1121-1122-1123-1179-1180-105
[2026-08-11 16:46:11.574654] [INFO] [path_server] 노드 업데이트 : [1110] ➜ [1111]
[2026-08-11 16:46:11.654551] [INFO] [path_server] 새로운 경로 설정 : path[1110 ➜ 105] time[0s] dist[24m] list[17] : 1110-1111-1112-1113-1114-1115-1116-1117-1118-1119-1120-1121-1122-1123-1179-1180-105
[2026-08-11 16:46:12.932515] [INFO] [path_server] 노드 업데이트 : [1111] ➜ [1112]
[2026-08-11 16:46:13.012387] [INFO] [path_server] 새로운 경로 설정 : path[1111 ➜ 105] time[0s] dist[22.5m] list[16] : 1111-1112-1113-1114-1115-1116-1117-1118-1119-1120-1121-1122-1123-1179-1180-105
[2026-08-11 16:46:13.831076] [INFO] [path_server] 노드 업데이트 : [1112] ➜ [1113]
[2026-08-11 16:46:13.890992] [INFO] [path_server] 새로운 경로 설정 : path[1112 ➜ 105] time[0s] dist[21m] list[15] : 1112-1113-1114-1115-1116-1117-1118-1119-1120-1121-1122-1123-1179-1180-105
[2026-08-11 16:46:14.569646] [INFO] [path_server] 노드 업데이트 : [1113] ➜ [1114]
[2026-08-11 16:46:14.649582] [INFO] [path_server] 새로운 경로 설정 : path[1113 ➜ 105] time[0s] dist[19.5m] list[14] : 1113-1114-1115-1116-1117-1118-1119-1120-1121-1122-1123-1179-1180-105
[2026-08-11 16:46:15.328190] [INFO] [path_server] 노드 업데이트 : [1114] ➜ [1115]
[2026-08-11 16:46:15.388096] [INFO] [path_server] 새로운 경로 설정 : path[1114 ➜ 105] time[0s] dist[18m] list[13] : 1114-1115-1116-1117-1118-1119-1120-1121-1122-1123-1179-1180-105
[2026-08-11 16:46:16.086733] [INFO] [path_server] 노드 업데이트 : [1115] ➜ [1116]
[2026-08-11 16:46:16.166550] [INFO] [path_server] 새로운 경로 설정 : path[1115 ➜ 105] time[0s] dist[16.5m] list[12] : 1115-1116-1117-1118-1119-1120-1121-1122-1123-1179-1180-105
[2026-08-11 16:46:16.825407] [INFO] [path_server] 노드 업데이트 : [1116] ➜ [1117]
[2026-08-11 16:46:16.885336] [INFO] [path_server] 새로운 경로 설정 : path[1116 ➜ 105] time[0s] dist[15m] list[11] : 1116-1117-1118-1119-1120-1121-1122-1123-1179-1180-105
[2026-08-11 16:46:17.584353] [INFO] [path_server] 노드 업데이트 : [1117] ➜ [1118]
[2026-08-11 16:46:17.664228] [INFO] [path_server] 새로운 경로 설정 : path[1117 ➜ 105] time[0s] dist[13.5m] list[10] : 1117-1118-1119-1120-1121-1122-1123-1179-1180-105
[2026-08-11 16:46:18.322935] [INFO] [path_server] 노드 업데이트 : [1118] ➜ [1119]
[2026-08-11 16:46:18.382800] [INFO] [path_server] 새로운 경로 설정 : path[1118 ➜ 105] time[0s] dist[12m] list[9] : 1118-1119-1120-1121-1122-1123-1179-1180-105
[2026-08-11 16:46:19.081440] [INFO] [path_server] 노드 업데이트 : [1119] ➜ [1120]
[2026-08-11 16:46:19.161329] [INFO] [path_server] 새로운 경로 설정 : path[1119 ➜ 105] time[0s] dist[10.5m] list[8] : 1119-1120-1121-1122-1123-1179-1180-105
[2026-08-11 16:46:19.919871] [INFO] [path_server] 노드 업데이트 : [1120] ➜ [1121]
[2026-08-11 16:46:19.999733] [INFO] [path_server] 새로운 경로 설정 : path[1120 ➜ 105] time[0s] dist[9m] list[7] : 1120-1121-1122-1123-1179-1180-105
[2026-08-11 16:46:23.572715] [INFO] [path_server] 노드 업데이트 : [1121] ➜ [1122]
[2026-08-11 16:46:23.652626] [INFO] [path_server] 새로운 경로 설정 : path[1121 ➜ 105] time[0s] dist[7.5m] list[6] : 1121-1122-1123-1179-1180-105
[2026-08-11 16:46:24.930007] [INFO] [path_server] 노드 업데이트 : [1122] ➜ [1123]
[2026-08-11 16:46:25.009921] [INFO] [path_server] 새로운 경로 설정 : path[1122 ➜ 105] time[0s] dist[6m] list[5] : 1122-1123-1179-1180-105
[2026-08-11 16:46:25.988267] [INFO] [path_server] 노드 업데이트 : [1123] ➜ [1179]
[2026-08-11 16:46:26.068176] [INFO] [path_server] 새로운 경로 설정 : path[1123 ➜ 105] time[0s] dist[4.5m] list[4] : 1123-1179-1180-105
[2026-08-11 16:46:29.302930] [INFO] [path_server] 노드 업데이트 : [1179] ➜ [1180]
[2026-08-11 16:46:29.382811] [INFO] [path_server] 새로운 경로 설정 : path[1179 ➜ 105] time[0s] dist[3m] list[3] : 1179-1180-105
[2026-08-11 16:46:30.680243] [INFO] [path_server] 노드 업데이트 : [1180] ➜ [105]
[2026-08-11 16:46:30.760101] [INFO] [path_server] 새로운 경로 설정 : path[1180 ➜ 105] time[0s] dist[1.5m] list[2] : 1180-105
[2026-08-11 16:46:35.890481] [INFO] [path_server] 노드 업데이트 : [105] ➜ [-1]
[2026-08-11 16:46:38.764757] [INFO] [course_tracker] 목적지에서 각도 정렬 : [5.500m 2.500m 0.000°]
[2026-08-11 16:46:38.804611] [INFO] [path_server] 노드 업데이트 : [105] ➜ [-1]
[2026-08-11 16:46:38.824619] [INFO] [task::fsm] push_done
[2026-08-11 16:46:38.884516] [INFO] [task::fsm] charging
[2026-08-11 16:46:38.884539] [INFO] [health_monitor] [등록][100015, 100001] : 자동 충전 시작.
[2026-08-11 16:46:38.884525] [INFO] [power_system] 충전 프로세스 시작
[2026-08-11 16:46:43.895460] [INFO] [health_monitor] [삭제][100015, 100001] : 자동 충전 시작.
[2026-08-11 16:46:58.089894] [INFO] [power_system] 충전 완료
[2026-08-11 16:46:58.089918] [INFO] [health_monitor] [등록][100015, 100003] : 자동 충전 해제 시작.
[2026-08-11 16:46:58.089915] [INFO] [health_monitor] [등록][100015, 100002] : 배터리 가득.
[2026-08-11 16:47:03.100667] [INFO] [health_monitor] [삭제][100015, 100002] : 배터리 가득.
[2026-08-11 16:47:03.100674] [INFO] [health_monitor] [삭제][100015, 100003] : 자동 충전 해제 시작.
[2026-08-11 16:47:03.120632] [INFO] [power_system] 충전 해제 완료
[2026-08-11 16:47:03.120647] [INFO] [health_monitor] [등록][100015, 100004] : 자동 충전 해제 완료.
[2026-08-11 16:47:03.140540] [INFO] [task::fsm] discharging
[2026-08-11 16:47:03.140549] [INFO] [power_system] 충전 해제 프로세스 시작
[2026-08-11 16:47:03.140560] [INFO] [health_monitor] [등록][100015, 100003] : 자동 충전 해제 시작.
[2026-08-11 16:47:03.160566] [INFO] [task::fsm] idle
[2026-08-11 16:47:03.160574] [INFO] [path_server] 경로 삭제
[2026-08-11 16:47:03.160572] [INFO] [course_manager] 코스 삭제
[2026-08-11 16:47:03.180527] [INFO] [task::fsm] idle
[2026-08-11 16:47:03.180535] [INFO] [path_server] 경로 삭제
[2026-08-11 16:47:03.180533] [INFO] [course_manager] 코스 삭제
[2026-08-11 16:47:08.131966] [INFO] [health_monitor] [삭제][100015, 100004] : 자동 충전 해제 완료.
[2026-08-11 16:47:08.151890] [INFO] [health_monitor] [삭제][100015, 100003] : 자동 충전 해제 시작.
[2026-08-11 16:47:42.769929] [INFO] [framework] 프로그램 시작
[2026-08-11 16:47:42.769934] [WARNING] [framework] 프로그램 시작
[2026-08-11 16:47:42.769938] [CRITICAL] [framework] 프로그램 시작
[2026-08-11 16:49:24.400472] [INFO] [framework] 프로그램 시작
[2026-08-11 16:49:24.400477] [WARNING] [framework] 프로그램 시작
[2026-08-11 16:49:24.400482] [CRITICAL] [framework] 프로그램 시작
[2026-08-11 16:49:24.400482] [INFO] [framework] 설정 파일 위치 : ../configs/robot_9
[2026-08-11 16:49:24.400634] [INFO] [framework] ID[0, 9], 이름[임나인], 제어주기[20ms], 버젼[], 장소[우리집], 환경모드[simulation]
[2026-08-11 16:49:24.400665] [INFO] [mediator] 생성
[2026-08-11 16:49:24.400706] [INFO] [graph_manager] 생성
[2026-08-11 16:49:24.443024] [INFO] [stop_server] 생성
[2026-08-11 16:49:24.443063] [INFO] [health_monitor] 생성
[2026-08-11 16:49:24.443086] [INFO] [path_server] 생성
[2026-08-11 16:49:24.443105] [INFO] [course_manager] 생성
[2026-08-11 16:49:24.443518] [INFO] [task::fsm] 생성
[2026-08-11 16:49:24.443520] [INFO] [task::fsm] idle
[2026-08-11 16:49:24.443531] [INFO] [course_manager] 코스 삭제
[2026-08-11 16:49:24.443533] [INFO] [path_server] 경로 삭제
[2026-08-11 16:49:24.443555] [INFO] [task_manager] 생성
[2026-08-11 16:49:24.443706] [INFO] [mediator] connectors 생성
[2026-08-11 16:49:24.443783] [INFO] [fms] 생성
[2026-08-11 16:49:24.443787] [INFO] [fms] 통신 드라이버 생성
[2026-08-11 16:49:24.444086] [INFO] [motions] 생성
[2026-08-11 16:49:24.444178] [INFO] [localizers] 생성
[2026-08-11 16:49:24.444258] [INFO] [localizers] 파라미터 : 

[2026-08-11 16:49:24.444271] [INFO] [safety_plc] 생성
[2026-08-11 16:49:24.444282] [INFO] [load_handler] 생성
[2026-08-11 16:49:24.444298] [INFO] [power_system] 생성
[2026-08-11 16:49:24.444385] [INFO] [power_system] 설정 정보 : remaining[40%, 10%, 5%]
[2026-08-11 16:49:24.444755] [INFO] [power_system] 알람 목록 : 
 • [100015, 100001] [INFO] 자동 충전 시작.
 • [100015, 100002] [INFO] 배터리 가득.
 • [100015, 400001] [CRIT] 배터리 남은 양 - 위험
 • [100015, 300001] [ERROR] 배터리 남은 양 - 에러
 • [100015, 200001] [WARN] 배터리 남은 양 - 주의
 • [100015, 100004] [INFO] 자동 충전 해제 완료.
 • [100015, 100003] [INFO] 자동 충전 해제 시작.
[2026-08-11 16:49:24.444760] [INFO] [mediator] any map 등록
[2026-08-11 16:49:24.444758] [INFO] [mediator] connector 의존성 주입
[2026-08-11 16:49:24.444766] [INFO] [mediator] any collector 등록
[2026-08-11 16:49:24.444767] [INFO] [mediator] any collector 목록 검사
[2026-08-11 16:49:24.444810] [INFO] [framework] after init 실행
[2026-08-11 16:49:24.445153] [INFO] [course_tracker] 생성
[2026-08-11 16:49:24.445173] [INFO] [course_tracker] 파라미터 : 
◈ node_bound[0.020m, 0.150m, 0.005m]
 • approach[0.150m, 0.050m/s, -0.005m, -0.200m, 0.100m]
 • align[(10.000°, 5.000°/s), 50.000°, 30.000°/s), 0.800°, -0.100°]
◈ motion param : 
 • reference_angle[0.000°, 45.000°]
 • threshold_angle[15.000°, 20.000°, 170.000°]
 • threshold_error[0.300°, 5.000°]
 • normal[0.150m/s, 8.000, 0.800m/s, 0.500]
 • angle[0.150m/s, 1.500, 0.800m/s, 2.100]
 • protection_overshoot[0.100m/s, 0.900, 0.500m/s, 0.900]
 • speed_rotation[15.000°/s]
[2026-08-11 16:49:24.445176] [INFO] [framework] 제어 쓰레드 시작
[2026-08-11 16:49:24.445221] [INFO] [path_server] 노드 초기화 성공 : 로봇 좌표[5.504m 2.498m -179.481°] 최단 거리 노드[105] 거리(0.004438m)
[2026-08-11 16:49:24.565103] [INFO] [task::fsm] charging
[2026-08-11 16:49:24.565119] [INFO] [power_system] 충전 프로세스 시작
[2026-08-11 16:49:24.565173] [INFO] [health_monitor] [등록][100015, 100001] : 자동 충전 시작.
[2026-08-11 16:49:29.574861] [INFO] [health_monitor] [삭제][100015, 100001] : 자동 충전 시작.
[2026-08-11 16:49:46.492242] [INFO] [framework] 프로그램 시작
[2026-08-11 16:49:46.492246] [WARNING] [framework] 프로그램 시작
[2026-08-11 16:49:46.492248] [INFO] [framework] 설정 파일 위치 : ../configs/robot_9
[2026-08-11 16:49:46.492247] [CRITICAL] [framework] 프로그램 시작
[2026-08-11 16:49:46.492353] [INFO] [framework] ID[0, 9], 이름[임나인], 제어주기[20ms], 버젼[], 장소[우리집], 환경모드[simulation]
[2026-08-11 16:49:46.492380] [INFO] [mediator] 생성
[2026-08-11 16:49:46.492402] [INFO] [graph_manager] 생성
[2026-08-11 16:49:46.519253] [INFO] [stop_server] 생성
[2026-08-11 16:49:46.519272] [INFO] [health_monitor] 생성
[2026-08-11 16:49:46.519289] [INFO] [path_server] 생성
[2026-08-11 16:49:46.519302] [INFO] [course_manager] 생성
[2026-08-11 16:49:46.519314] [INFO] [task::fsm] 생성
[2026-08-11 16:49:46.519315] [INFO] [task::fsm] idle
[2026-08-11 16:49:46.519317] [INFO] [course_manager] 코스 삭제
[2026-08-11 16:49:46.519317] [INFO] [path_server] 경로 삭제
[2026-08-11 16:49:46.519329] [INFO] [task_manager] 생성
[2026-08-11 16:49:46.519476] [INFO] [mediator] connectors 생성
[2026-08-11 16:49:46.519498] [INFO] [fms] 생성
[2026-08-11 16:49:46.519500] [INFO] [fms] 통신 드라이버 생성
[2026-08-11 16:49:46.519874] [INFO] [motions] 생성
[2026-08-11 16:49:46.519894] [INFO] [localizers] 생성
[2026-08-11 16:49:46.520013] [INFO] [localizers] 파라미터 : 

[2026-08-11 16:49:46.520031] [INFO] [safety_plc] 생성
[2026-08-11 16:49:46.520045] [INFO] [load_handler] 생성
[2026-08-11 16:49:46.520059] [INFO] [power_system] 생성
[2026-08-11 16:49:46.520199] [INFO] [power_system] 설정 정보 : remaining[40%, 10%, 5%]
[2026-08-11 16:49:46.520679] [INFO] [power_system] 알람 목록 : 
 • [100015, 100001] [INFO] 자동 충전 시작.
 • [100015, 100002] [INFO] 배터리 가득.
 • [100015, 400001] [CRIT] 배터리 남은 양 - 위험
 • [100015, 300001] [ERROR] 배터리 남은 양 - 에러
 • [100015, 200001] [WARN] 배터리 남은 양 - 주의
 • [100015, 100004] [INFO] 자동 충전 해제 완료.
 • [100015, 100003] [INFO] 자동 충전 해제 시작.
[2026-08-11 16:49:46.520685] [INFO] [mediator] any map 등록
[2026-08-11 16:49:46.520682] [INFO] [mediator] connector 의존성 주입
[2026-08-11 16:49:46.520693] [INFO] [mediator] any collector 등록
[2026-08-11 16:49:46.520697] [INFO] [mediator] any collector 목록 검사
[2026-08-11 16:49:46.520766] [INFO] [framework] after init 실행
[2026-08-11 16:49:46.521036] [INFO] [course_tracker] 생성
[2026-08-11 16:49:46.521057] [INFO] [course_tracker] 파라미터 : 
◈ node_bound[0.020m, 0.150m, 0.005m]
 • approach[0.150m, 0.050m/s, -0.005m, -0.200m, 0.100m]
 • align[(10.000°, 5.000°/s), 50.000°, 30.000°/s), 0.800°, -0.100°]
◈ motion param : 
 • reference_angle[0.000°, 45.000°]
 • threshold_angle[15.000°, 20.000°, 170.000°]
 • threshold_error[0.300°, 5.000°]
 • normal[0.150m/s, 8.000, 0.800m/s, 0.500]
 • angle[0.150m/s, 1.500, 0.800m/s, 2.100]
 • protection_overshoot[0.100m/s, 0.900, 0.500m/s, 0.900]
 • speed_rotation[15.000°/s]
[2026-08-11 16:49:46.521080] [INFO] [framework] 제어 쓰레드 시작
[2026-08-11 16:49:46.521123] [INFO] [path_server] 노드 초기화 성공 : 로봇 좌표[5.504m 2.498m -179.481°] 최단 거리 노드[105] 거리(0.004438m)
[2026-08-11 16:49:46.640913] [INFO] [task::fsm] charging
[2026-08-11 16:49:46.640920] [INFO] [power_system] 충전 프로세스 시작
[2026-08-11 16:49:46.640947] [INFO] [health_monitor] [등록][100015, 100001] : 자동 충전 시작.
[2026-08-11 16:49:51.651953] [INFO] [health_monitor] [삭제][100015, 100001] : 자동 충전 시작.
[2026-08-11 16:49:58.394105] [INFO] [framework] 프로그램 시작
[2026-08-11 16:49:58.394111] [WARNING] [framework] 프로그램 시작
[2026-08-11 16:49:58.394114] [INFO] [framework] 설정 파일 위치 : ../configs/robot_9
[2026-08-11 16:49:58.394113] [CRITICAL] [framework] 프로그램 시작
[2026-08-11 16:49:58.394229] [INFO] [framework] ID[0, 9], 이름[임나인], 제어주기[20ms], 버젼[], 장소[우리집], 환경모드[simulation]
[2026-08-11 16:49:58.394257] [INFO] [mediator] 생성
[2026-08-11 16:49:58.394272] [INFO] [graph_manager] 생성
[2026-08-11 16:49:58.420227] [INFO] [stop_server] 생성
[2026-08-11 16:49:58.420255] [INFO] [health_monitor] 생성
[2026-08-11 16:49:58.420272] [INFO] [path_server] 생성
[2026-08-11 16:49:58.420287] [INFO] [course_manager] 생성
[2026-08-11 16:49:58.420299] [INFO] [task::fsm] 생성
[2026-08-11 16:49:58.420300] [INFO] [task::fsm] idle
[2026-08-11 16:49:58.420301] [INFO] [course_manager] 코스 삭제
[2026-08-11 16:49:58.420301] [INFO] [path_server] 경로 삭제
[2026-08-11 16:49:58.420314] [INFO] [task_manager] 생성
[2026-08-11 16:49:58.420416] [INFO] [mediator] connectors 생성
[2026-08-11 16:49:58.420431] [INFO] [fms] 생성
[2026-08-11 16:49:58.420432] [INFO] [fms] 통신 드라이버 생성
[2026-08-11 16:49:58.420695] [INFO] [motions] 생성
[2026-08-11 16:49:58.420716] [INFO] [localizers] 생성
[2026-08-11 16:49:58.420818] [INFO] [localizers] 파라미터 : 

[2026-08-11 16:49:58.420837] [INFO] [safety_plc] 생성
[2026-08-11 16:49:58.420850] [INFO] [load_handler] 생성
[2026-08-11 16:49:58.420866] [INFO] [power_system] 생성
[2026-08-11 16:49:58.420967] [INFO] [power_system] 설정 정보 : remaining[40%, 10%, 5%]
[2026-08-11 16:49:58.421367] [INFO] [power_system] 알람 목록 : 
 • [100015, 100001] [INFO] 자동 충전 시작.
 • [100015, 100002] [INFO] 배터리 가득.
 • [100015, 400001] [CRIT] 배터리 남은 양 - 위험
 • [100015, 300001] [ERROR] 배터리 남은 양 - 에러
 • [100015, 200001] [WARN] 배터리 남은 양 - 주의
 • [100015, 100004] [INFO] 자동 충전 해제 완료.
 • [100015, 100003] [INFO] 자동 충전 해제 시작.
[2026-08-11 16:49:58.421370] [INFO] [mediator] connector 의존성 주입
[2026-08-11 16:49:58.421378] [INFO] [mediator] any map 등록
[2026-08-11 16:49:58.421385] [INFO] [mediator] any collector 등록
[2026-08-11 16:49:58.421388] [INFO] [mediator] any collector 목록 검사
[2026-08-11 16:49:58.421445] [INFO] [framework] after init 실행
[2026-08-11 16:49:58.421796] [INFO] [course_tracker] 생성
[2026-08-11 16:49:58.421814] [INFO] [course_tracker] 파라미터 : 
◈ node_bound[0.020m, 0.150m, 0.005m]
 • approach[0.150m, 0.050m/s, -0.005m, -0.200m, 0.100m]
 • align[(10.000°, 5.000°/s), 50.000°, 30.000°/s), 0.800°, -0.100°]
◈ motion param : 
 • reference_angle[0.000°, 45.000°]
 • threshold_angle[15.000°, 20.000°, 170.000°]
 • threshold_error[0.300°, 5.000°]
 • normal[0.150m/s, 8.000, 0.800m/s, 0.500]
 • angle[0.150m/s, 1.500, 0.800m/s, 2.100]
 • protection_overshoot[0.100m/s, 0.900, 0.500m/s, 0.900]
 • speed_rotation[15.000°/s]
[2026-08-11 16:49:58.421816] [INFO] [framework] 제어 쓰레드 시작
[2026-08-11 16:49:58.421846] [INFO] [path_server] 노드 초기화 성공 : 로봇 좌표[5.504m 2.498m -179.481°] 최단 거리 노드[105] 거리(0.004438m)
[2026-08-11 16:50:00.398274] [INFO] [task::fsm] charging
[2026-08-11 16:50:00.398282] [INFO] [power_system] 충전 프로세스 시작
[2026-08-11 16:50:00.398322] [INFO] [health_monitor] [등록][100015, 100001] : 자동 충전 시작.
[2026-08-11 16:50:05.408888] [INFO] [health_monitor] [삭제][100015, 100001] : 자동 충전 시작.
[2026-08-11 16:50:17.585905] [INFO] [power_system] 충전 완료
[2026-08-11 16:50:17.585925] [INFO] [health_monitor] [등록][100015, 100003] : 자동 충전 해제 시작.
[2026-08-11 16:50:17.585922] [INFO] [health_monitor] [등록][100015, 100002] : 배터리 가득.
[2026-08-11 16:50:22.596175] [INFO] [health_monitor] [삭제][100015, 100002] : 배터리 가득.
[2026-08-11 16:50:22.596186] [INFO] [health_monitor] [삭제][100015, 100003] : 자동 충전 해제 시작.
[2026-08-11 16:50:22.616173] [INFO] [power_system] 충전 해제 완료
[2026-08-11 16:50:22.616188] [INFO] [health_monitor] [등록][100015, 100004] : 자동 충전 해제 완료.
[2026-08-11 16:50:22.636126] [INFO] [task::fsm] discharging
[2026-08-11 16:50:22.636135] [INFO] [power_system] 충전 해제 프로세스 시작
[2026-08-11 16:50:22.636145] [INFO] [health_monitor] [등록][100015, 100003] : 자동 충전 해제 시작.
[2026-08-11 16:50:22.656039] [INFO] [task::fsm] idle
[2026-08-11 16:50:22.656044] [INFO] [course_manager] 코스 삭제
[2026-08-11 16:50:22.656046] [INFO] [path_server] 경로 삭제
[2026-08-11 16:50:22.696003] [INFO] [task::fsm] idle
[2026-08-11 16:50:22.696011] [INFO] [path_server] 경로 삭제
[2026-08-11 16:50:22.696009] [INFO] [course_manager] 코스 삭제
[2026-08-11 16:50:27.626986] [INFO] [health_monitor] [삭제][100015, 100004] : 자동 충전 해제 완료.
[2026-08-11 16:50:27.646963] [INFO] [health_monitor] [삭제][100015, 100003] : 자동 충전 해제 시작.
[2026-08-11 16:50:32.917299] [INFO] [path_server] 새로운 경로 설정 : path[105 ➜ 102] time[0s] dist[7.5m] list[6] : 105-1180-1181-1182-1183-102
[2026-08-11 16:50:32.917309] [INFO] [course_tracker] 방향 정렬 완료 
[2026-08-11 16:50:40.084503] [INFO] [path_server] 노드 업데이트 : [1180] ➜ [1181]
[2026-08-11 16:50:40.144419] [INFO] [path_server] 새로운 경로 설정 : path[1180 ➜ 102] time[0s] dist[6m] list[5] : 1180-1181-1182-1183-102
[2026-08-11 16:50:43.698159] [INFO] [path_server] 노드 업데이트 : [1181] ➜ [1182]
[2026-08-11 16:50:43.778060] [INFO] [path_server] 새로운 경로 설정 : path[1181 ➜ 102] time[0s] dist[4.5m] list[4] : 1181-1182-1183-102
[2026-08-11 16:50:44.835939] [INFO] [path_server] 노드 업데이트 : [1182] ➜ [1183]
[2026-08-11 16:50:44.915816] [INFO] [path_server] 새로운 경로 설정 : path[1182 ➜ 102] time[0s] dist[3m] list[3] : 1182-1183-102
[2026-08-11 16:50:46.173478] [INFO] [path_server] 노드 업데이트 : [1183] ➜ [102]
[2026-08-11 16:50:46.253325] [INFO] [path_server] 새로운 경로 설정 : path[1183 ➜ 102] time[0s] dist[1.5m] list[2] : 1183-102
[2026-08-11 16:50:51.422799] [INFO] [path_server] 노드 업데이트 : [102] ➜ [-1]
[2026-08-11 16:50:54.317092] [INFO] [course_tracker] 목적지에서 각도 정렬 : [5.500m 7.000m 0.000°]
[2026-08-11 16:50:54.356971] [INFO] [path_server] 노드 업데이트 : [102] ➜ [-1]
[2026-08-11 16:50:54.376933] [INFO] [task::fsm] push_done
[2026-08-11 16:50:54.436785] [INFO] [task::fsm] charging
[2026-08-11 16:50:54.436794] [INFO] [power_system] 충전 프로세스 시작
[2026-08-11 16:50:54.436806] [INFO] [health_monitor] [등록][100015, 100001] : 자동 충전 시작.
[2026-08-11 16:50:59.447393] [INFO] [health_monitor] [삭제][100015, 100001] : 자동 충전 시작.
[2026-08-11 16:51:00.885082] [INFO] [power_system] 충전 완료
[2026-08-11 16:51:00.885100] [INFO] [health_monitor] [등록][100015, 100002] : 배터리 가득.
[2026-08-11 16:51:00.885104] [INFO] [health_monitor] [등록][100015, 100003] : 자동 충전 해제 시작.
[2026-08-11 16:51:05.896457] [INFO] [health_monitor] [삭제][100015, 100002] : 배터리 가득.
[2026-08-11 16:51:05.896466] [INFO] [health_monitor] [삭제][100015, 100003] : 자동 충전 해제 시작.
[2026-08-11 16:51:05.916400] [INFO] [power_system] 충전 해제 완료
[2026-08-11 16:51:05.916410] [INFO] [health_monitor] [등록][100015, 100004] : 자동 충전 해제 완료.
[2026-08-11 16:51:05.936343] [INFO] [power_system] 충전 해제 프로세스 시작
[2026-08-11 16:51:05.936357] [INFO] [health_monitor] [등록][100015, 100003] : 자동 충전 해제 시작.
[2026-08-11 16:51:05.936331] [INFO] [task::fsm] discharging
[2026-08-11 16:51:05.956335] [INFO] [task::fsm] idle
[2026-08-11 16:51:05.956341] [INFO] [course_manager] 코스 삭제
[2026-08-11 16:51:05.956343] [INFO] [path_server] 경로 삭제
[2026-08-11 16:51:05.976299] [INFO] [task::fsm] idle
[2026-08-11 16:51:05.976308] [INFO] [path_server] 경로 삭제
[2026-08-11 16:51:05.976306] [INFO] [course_manager] 코스 삭제
[2026-08-11 16:51:10.926552] [INFO] [health_monitor] [삭제][100015, 100004] : 자동 충전 해제 완료.
[2026-08-11 16:51:10.946521] [INFO] [health_monitor] [삭제][100015, 100003] : 자동 충전 해제 시작.
[2026-08-11 16:52:17.137314] [INFO] [framework] 프로그램 시작
[2026-08-11 16:52:17.137317] [WARNING] [framework] 프로그램 시작
[2026-08-11 16:52:17.137318] [CRITICAL] [framework] 프로그램 시작
[2026-08-11 16:52:17.137319] [INFO] [framework] 설정 파일 위치 : ../configs/robot_9
[2026-08-11 16:52:17.137436] [INFO] [framework] ID[0, 9], 이름[임나인], 제어주기[20ms], 버젼[], 장소[우리집], 환경모드[simulation]
[2026-08-11 16:52:17.137462] [INFO] [mediator] 생성
[2026-08-11 16:52:17.137476] [INFO] [graph_manager] 생성
[2026-08-11 16:52:17.164907] [INFO] [stop_server] 생성
[2026-08-11 16:52:17.164922] [INFO] [health_monitor] 생성
[2026-08-11 16:52:17.164939] [INFO] [path_server] 생성
[2026-08-11 16:52:17.164954] [INFO] [course_manager] 생성
[2026-08-11 16:52:17.164967] [INFO] [task::fsm] 생성
[2026-08-11 16:52:17.164968] [INFO] [task::fsm] idle
[2026-08-11 16:52:17.164980] [INFO] [course_manager] 코스 삭제
[2026-08-11 16:52:17.164981] [INFO] [path_server] 경로 삭제
[2026-08-11 16:52:17.164995] [INFO] [task_manager] 생성
[2026-08-11 16:52:17.165101] [INFO] [mediator] connectors 생성
[2026-08-11 16:52:17.165122] [INFO] [fms] 생성
[2026-08-11 16:52:17.165123] [INFO] [fms] 통신 드라이버 생성
[2026-08-11 16:52:17.165413] [INFO] [motions] 생성
[2026-08-11 16:52:17.165431] [INFO] [localizers] 생성
[2026-08-11 16:52:17.165532] [INFO] [localizers] 파라미터 : 

[2026-08-11 16:52:17.165550] [INFO] [safety_plc] 생성
[2026-08-11 16:52:17.165567] [INFO] [load_handler] 생성
[2026-08-11 16:52:17.165581] [INFO] [power_system] 생성
[2026-08-11 16:52:17.165685] [INFO] [power_system] 설정 정보 : remaining[40%, 10%, 5%]
[2026-08-11 16:52:17.166077] [INFO] [power_system] 알람 목록 : 
 • [100015, 100001] [INFO] 자동 충전 시작.
 • [100015, 100002] [INFO] 배터리 가득.
 • [100015, 400001] [CRIT] 배터리 남은 양 - 위험
 • [100015, 300001] [ERROR] 배터리 남은 양 - 에러
 • [100015, 200001] [WARN] 배터리 남은 양 - 주의
 • [100015, 100004] [INFO] 자동 충전 해제 완료.
 • [100015, 100003] [INFO] 자동 충전 해제 시작.
[2026-08-11 16:52:17.166081] [INFO] [mediator] connector 의존성 주입
[2026-08-11 16:52:17.166090] [INFO] [mediator] any map 등록
[2026-08-11 16:52:17.166097] [INFO] [mediator] any collector 등록
[2026-08-11 16:52:17.166100] [INFO] [mediator] any collector 목록 검사
[2026-08-11 16:52:17.166154] [INFO] [framework] after init 실행
[2026-08-11 16:52:17.166410] [INFO] [course_tracker] 생성
[2026-08-11 16:52:17.166427] [INFO] [course_tracker] 파라미터 : 
◈ node_bound[0.020m, 0.150m, 0.005m]
 • approach[0.150m, 0.050m/s, -0.005m, -0.200m, 0.100m]
 • align[(10.000°, 5.000°/s), 50.000°, 30.000°/s), 0.800°, -0.100°]
◈ motion param : 
 • reference_angle[0.000°, 45.000°]
 • threshold_angle[15.000°, 20.000°, 170.000°]
 • threshold_error[0.300°, 5.000°]
 • normal[0.150m/s, 8.000, 0.800m/s, 0.500]
 • angle[0.150m/s, 1.500, 0.800m/s, 2.100]
 • protection_overshoot[0.100m/s, 0.900, 0.500m/s, 0.900]
 • speed_rotation[15.000°/s]
[2026-08-11 16:52:17.166430] [INFO] [framework] 제어 쓰레드 시작
[2026-08-11 16:52:17.166467] [INFO] [path_server] 노드 초기화 성공 : 로봇 좌표[5.504m 6.999m -179.273°] 최단 거리 노드[102] 거리(0.003788m)
[2026-08-11 16:52:24.153272] [INFO] [task::fsm] charging
[2026-08-11 16:52:24.153280] [INFO] [power_system] 충전 프로세스 시작
[2026-08-11 16:52:24.153309] [INFO] [health_monitor] [등록][100015, 100001] : 자동 충전 시작.
[2026-08-11 16:52:29.163185] [INFO] [health_monitor] [삭제][100015, 100001] : 자동 충전 시작.
[2026-08-11 16:52:41.459836] [INFO] [power_system] 충전 완료
[2026-08-11 16:52:41.459848] [INFO] [health_monitor] [등록][100015, 100002] : 배터리 가득.
[2026-08-11 16:52:41.459850] [INFO] [health_monitor] [등록][100015, 100003] : 자동 충전 해제 시작.
[2026-08-11 16:52:46.470023] [INFO] [health_monitor] [삭제][100015, 100002] : 배터리 가득.
[2026-08-11 16:52:46.470029] [INFO] [health_monitor] [삭제][100015, 100003] : 자동 충전 해제 시작.
[2026-08-11 16:52:46.489941] [INFO] [power_system] 충전 해제 완료
[2026-08-11 16:52:46.489957] [INFO] [health_monitor] [등록][100015, 100004] : 자동 충전 해제 완료.
[2026-08-11 16:52:46.509941] [INFO] [task::fsm] discharging
[2026-08-11 16:52:46.509949] [INFO] [power_system] 충전 해제 프로세스 시작
[2026-08-11 16:52:46.509959] [INFO] [health_monitor] [등록][100015, 100003] : 자동 충전 해제 시작.
[2026-08-11 16:52:46.529902] [INFO] [task::fsm] idle
[2026-08-11 16:52:46.529908] [INFO] [course_manager] 코스 삭제
[2026-08-11 16:52:46.529909] [INFO] [path_server] 경로 삭제
[2026-08-11 16:52:46.569828] [INFO] [task::fsm] idle
[2026-08-11 16:52:46.569833] [INFO] [course_manager] 코스 삭제
[2026-08-11 16:52:46.569835] [INFO] [path_server] 경로 삭제
[2026-08-11 16:52:51.503440] [INFO] [health_monitor] [삭제][100015, 100004] : 자동 충전 해제 완료.
[2026-08-11 16:52:51.523346] [INFO] [health_monitor] [삭제][100015, 100003] : 자동 충전 해제 시작.
[2026-08-11 16:52:53.040395] [INFO] [path_server] 새로운 경로 설정 : path[102 ➜ 203] time[0s] dist[18m] list[13] : 102-1183-1184-1045-1040-1041-1042-1112-1113-1114-1115-1116-203
[2026-08-11 16:52:53.040407] [INFO] [course_tracker] 방향 정렬 완료 
[2026-08-11 16:53:00.205913] [INFO] [path_server] 노드 업데이트 : [1183] ➜ [1184]
[2026-08-11 16:53:00.285990] [INFO] [path_server] 새로운 경로 설정 : path[1183 ➜ 203] time[0s] dist[16.5m] list[12] : 1183-1184-1045-1040-1041-1042-1112-1113-1114-1115-1116-203
[2026-08-11 16:53:03.819722] [INFO] [path_server] 노드 업데이트 : [1184] ➜ [1045]
[2026-08-11 16:53:03.879656] [INFO] [path_server] 새로운 경로 설정 : path[1184 ➜ 203] time[0s] dist[15m] list[11] : 1184-1045-1040-1041-1042-1112-1113-1114-1115-1116-203
[2026-08-11 16:53:04.957753] [INFO] [path_server] 노드 업데이트 : [1045] ➜ [1040]
[2026-08-11 16:53:05.017689] [INFO] [path_server] 새로운 경로 설정 : path[1045 ➜ 203] time[0s] dist[13.5m] list[10] : 1045-1040-1041-1042-1112-1113-1114-1115-1116-203
[2026-08-11 16:53:06.275875] [INFO] [path_server] 노드 업데이트 : [1040] ➜ [1041]
[2026-08-11 16:53:06.335780] [INFO] [path_server] 새로운 경로 설정 : path[1040 ➜ 203] time[0s] dist[12m] list[9] : 1040-1041-1042-1112-1113-1114-1115-1116-203
[2026-08-11 16:53:09.649502] [INFO] [path_server] 노드 업데이트 : [1041] ➜ [1042]
[2026-08-11 16:53:09.729421] [INFO] [path_server] 새로운 경로 설정 : path[1041 ➜ 203] time[0s] dist[10.5m] list[8] : 1041-1042-1112-1113-1114-1115-1116-203
[2026-08-11 16:53:10.787229] [INFO] [path_server] 노드 업데이트 : [1042] ➜ [1112]
[2026-08-11 16:53:10.867144] [INFO] [path_server] 새로운 경로 설정 : path[1042 ➜ 203] time[0s] dist[9m] list[7] : 1042-1112-1113-1114-1115-1116-203
[2026-08-11 16:53:12.124732] [INFO] [path_server] 노드 업데이트 : [1112] ➜ [1113]
[2026-08-11 16:53:12.204592] [INFO] [path_server] 새로운 경로 설정 : path[1112 ➜ 203] time[0s] dist[7.5m] list[6] : 1112-1113-1114-1115-1116-203
[2026-08-11 16:53:15.458048] [INFO] [path_server] 노드 업데이트 : [1113] ➜ [1114]
[2026-08-11 16:53:15.537971] [INFO] [path_server] 새로운 경로 설정 : path[1113 ➜ 203] time[0s] dist[6m] list[5] : 1113-1114-1115-1116-203
[2026-08-11 16:53:16.575835] [INFO] [path_server] 노드 업데이트 : [1114] ➜ [1115]
[2026-08-11 16:53:16.655732] [INFO] [path_server] 새로운 경로 설정 : path[1114 ➜ 203] time[0s] dist[4.5m] list[4] : 1114-1115-1116-203
[2026-08-11 16:53:17.414153] [INFO] [path_server] 노드 업데이트 : [1115] ➜ [1116]
[2026-08-11 16:53:17.494045] [INFO] [path_server] 새로운 경로 설정 : path[1115 ➜ 203] time[0s] dist[3m] list[3] : 1115-1116-203
[2026-08-11 16:53:18.711513] [INFO] [path_server] 노드 업데이트 : [1116] ➜ [203]
[2026-08-11 16:53:18.771368] [INFO] [path_server] 새로운 경로 설정 : path[1116 ➜ 203] time[0s] dist[1.5m] list[2] : 1116-203
[2026-08-11 16:53:23.960776] [INFO] [path_server] 노드 업데이트 : [203] ➜ [-1]
[2026-08-11 16:53:26.835103] [INFO] [course_tracker] 목적지에서 각도 정렬 : [1.000m 5.500m 0.000°]
[2026-08-11 16:53:26.875006] [INFO] [path_server] 노드 업데이트 : [203] ➜ [-1]
[2026-08-11 16:53:26.894970] [INFO] [task::fsm] push_done
[2026-08-11 16:53:26.954800] [INFO] [task::fsm] idle
[2026-08-11 16:53:26.954806] [INFO] [course_manager] 코스 삭제
[2026-08-11 16:53:26.954807] [INFO] [path_server] 경로 삭제
[2026-08-11 16:59:15.696845] [INFO] [path_server] 새로운 경로 설정 : path[203 ➜ 105] time[0s] dist[16.5m] list[12] : 203-1116-1117-1118-1119-1120-1121-1122-1123-1179-1180-105
[2026-08-11 16:59:20.587115] [INFO] [path_server] 노드 업데이트 : [1116] ➜ [1117]
[2026-08-11 16:59:20.666984] [INFO] [path_server] 새로운 경로 설정 : path[1116 ➜ 105] time[0s] dist[15m] list[11] : 1116-1117-1118-1119-1120-1121-1122-1123-1179-1180-105
[2026-08-11 16:59:24.220103] [INFO] [path_server] 노드 업데이트 : [1117] ➜ [1118]
[2026-08-11 16:59:24.300015] [INFO] [path_server] 새로운 경로 설정 : path[1117 ➜ 105] time[0s] dist[13.5m] list[10] : 1117-1118-1119-1120-1121-1122-1123-1179-1180-105
[2026-08-11 16:59:25.337891] [INFO] [path_server] 노드 업데이트 : [1118] ➜ [1119]
[2026-08-11 16:59:25.397757] [INFO] [path_server] 새로운 경로 설정 : path[1118 ➜ 105] time[0s] dist[12m] list[9] : 1118-1119-1120-1121-1122-1123-1179-1180-105
[2026-08-11 16:59:26.156203] [INFO] [path_server] 노드 업데이트 : [1119] ➜ [1120]
[2026-08-11 16:59:26.236068] [INFO] [path_server] 새로운 경로 설정 : path[1119 ➜ 105] time[0s] dist[10.5m] list[8] : 1119-1120-1121-1122-1123-1179-1180-105
[2026-08-11 16:59:27.014543] [INFO] [path_server] 노드 업데이트 : [1120] ➜ [1121]
[2026-08-11 16:59:27.074432] [INFO] [path_server] 새로운 경로 설정 : path[1120 ➜ 105] time[0s] dist[9m] list[7] : 1120-1121-1122-1123-1179-1180-105
[2026-08-11 16:59:30.687639] [INFO] [path_server] 노드 업데이트 : [1121] ➜ [1122]
[2026-08-11 16:59:30.767515] [INFO] [path_server] 새로운 경로 설정 : path[1121 ➜ 105] time[0s] dist[7.5m] list[6] : 1121-1122-1123-1179-1180-105
[2026-08-11 16:59:32.045178] [INFO] [path_server] 노드 업데이트 : [1122] ➜ [1123]
[2026-08-11 16:59:32.125084] [INFO] [path_server] 새로운 경로 설정 : path[1122 ➜ 105] time[0s] dist[6m] list[5] : 1122-1123-1179-1180-105
[2026-08-11 16:59:33.103300] [INFO] [path_server] 노드 업데이트 : [1123] ➜ [1179]
[2026-08-11 16:59:33.163199] [INFO] [path_server] 새로운 경로 설정 : path[1123 ➜ 105] time[0s] dist[4.5m] list[4] : 1123-1179-1180-105
[2026-08-11 16:59:36.417149] [INFO] [path_server] 노드 업데이트 : [1179] ➜ [1180]
[2026-08-11 16:59:36.497091] [INFO] [path_server] 새로운 경로 설정 : path[1179 ➜ 105] time[0s] dist[3m] list[3] : 1179-1180-105
[2026-08-11 16:59:37.794766] [INFO] [path_server] 노드 업데이트 : [1180] ➜ [105]
[2026-08-11 16:59:37.874714] [INFO] [path_server] 새로운 경로 설정 : path[1180 ➜ 105] time[0s] dist[1.5m] list[2] : 1180-105
[2026-08-11 16:59:43.005366] [INFO] [path_server] 노드 업데이트 : [105] ➜ [-1]
[2026-08-11 16:59:45.880215] [INFO] [course_tracker] 목적지에서 각도 정렬 : [5.500m 2.500m 0.000°]
[2026-08-11 16:59:45.920083] [INFO] [path_server] 노드 업데이트 : [105] ➜ [-1]
[2026-08-11 16:59:45.940085] [INFO] [task::fsm] push_done
[2026-08-11 16:59:45.999954] [INFO] [task::fsm] charging
[2026-08-11 16:59:45.999961] [INFO] [power_system] 충전 프로세스 시작
[2026-08-11 16:59:45.999975] [INFO] [health_monitor] [등록][100015, 100001] : 자동 충전 시작.
[2026-08-11 16:59:51.010219] [INFO] [health_monitor] [삭제][100015, 100001] : 자동 충전 시작.
[2026-08-11 17:00:02.009343] [INFO] [power_system] 충전 완료
[2026-08-11 17:00:02.009361] [INFO] [health_monitor] [등록][100015, 100002] : 배터리 가득.
[2026-08-11 17:00:02.009364] [INFO] [health_monitor] [등록][100015, 100003] : 자동 충전 해제 시작.
[2026-08-11 17:00:07.019448] [INFO] [health_monitor] [삭제][100015, 100002] : 배터리 가득.
[2026-08-11 17:00:07.019455] [INFO] [health_monitor] [삭제][100015, 100003] : 자동 충전 해제 시작.
[2026-08-11 17:00:07.039365] [INFO] [power_system] 충전 해제 완료
[2026-08-11 17:00:07.039378] [INFO] [health_monitor] [등록][100015, 100004] : 자동 충전 해제 완료.
[2026-08-11 17:00:07.059361] [INFO] [task::fsm] discharging
[2026-08-11 17:00:07.059368] [INFO] [power_system] 충전 해제 프로세스 시작
[2026-08-11 17:00:07.059375] [INFO] [health_monitor] [등록][100015, 100003] : 자동 충전 해제 시작.
[2026-08-11 17:00:07.079327] [INFO] [task::fsm] idle
[2026-08-11 17:00:07.079332] [INFO] [course_manager] 코스 삭제
[2026-08-11 17:00:07.079334] [INFO] [path_server] 경로 삭제
[2026-08-11 17:00:07.119257] [INFO] [task::fsm] idle
[2026-08-11 17:00:07.119264] [INFO] [path_server] 경로 삭제
[2026-08-11 17:00:07.119262] [INFO] [course_manager] 코스 삭제
[2026-08-11 17:00:08.376852] [INFO] [path_server] 새로운 경로 설정 : path[105 ➜ 204] time[0s] dist[24m] list[17] : 105-1180-1181-1182-1183-1184-1045-1040-1041-1042-1112-1113-1114-1115-1116-1117-204
[2026-08-11 17:00:12.049700] [INFO] [health_monitor] [삭제][100015, 100004] : 자동 충전 해제 완료.
[2026-08-11 17:00:12.069697] [INFO] [health_monitor] [삭제][100015, 100003] : 자동 충전 해제 시작.
[2026-08-11 17:00:15.542771] [INFO] [path_server] 노드 업데이트 : [1180] ➜ [1181]
[2026-08-11 17:00:15.622660] [INFO] [path_server] 새로운 경로 설정 : path[1180 ➜ 204] time[0s] dist[22.5m] list[16] : 1180-1181-1182-1183-1184-1045-1040-1041-1042-1112-1113-1114-1115-1116-1117-204
[2026-08-11 17:00:19.155685] [INFO] [path_server] 노드 업데이트 : [1181] ➜ [1182]
[2026-08-11 17:00:19.215615] [INFO] [path_server] 새로운 경로 설정 : path[1181 ➜ 204] time[0s] dist[21m] list[15] : 1181-1182-1183-1184-1045-1040-1041-1042-1112-1113-1114-1115-1116-1117-204
[2026-08-11 17:00:20.293475] [INFO] [path_server] 노드 업데이트 : [1182] ➜ [1183]
[2026-08-11 17:00:20.373361] [INFO] [path_server] 새로운 경로 설정 : path[1182 ➜ 204] time[0s] dist[19.5m] list[14] : 1182-1183-1184-1045-1040-1041-1042-1112-1113-1114-1115-1116-1117-204
[2026-08-11 17:00:21.111859] [INFO] [path_server] 노드 업데이트 : [1183] ➜ [1184]
[2026-08-11 17:00:21.211704] [INFO] [path_server] 새로운 경로 설정 : path[1183 ➜ 204] time[0s] dist[18m] list[13] : 1183-1184-1045-1040-1041-1042-1112-1113-1114-1115-1116-1117-204
[2026-08-11 17:00:21.870496] [INFO] [path_server] 노드 업데이트 : [1184] ➜ [1045]
[2026-08-11 17:00:21.950375] [INFO] [path_server] 새로운 경로 설정 : path[1184 ➜ 204] time[0s] dist[16.5m] list[12] : 1184-1045-1040-1041-1042-1112-1113-1114-1115-1116-1117-204
[2026-08-11 17:00:22.628891] [INFO] [path_server] 노드 업데이트 : [1045] ➜ [1040]
[2026-08-11 17:00:22.708853] [INFO] [path_server] 새로운 경로 설정 : path[1045 ➜ 204] time[0s] dist[15m] list[11] : 1045-1040-1041-1042-1112-1113-1114-1115-1116-1117-204
[2026-08-11 17:00:23.926633] [INFO] [path_server] 노드 업데이트 : [1040] ➜ [1041]
[2026-08-11 17:00:23.986542] [INFO] [path_server] 새로운 경로 설정 : path[1040 ➜ 204] time[0s] dist[13.5m] list[10] : 1040-1041-1042-1112-1113-1114-1115-1116-1117-204
[2026-08-11 17:00:27.299729] [INFO] [path_server] 노드 업데이트 : [1041] ➜ [1042]
[2026-08-11 17:00:27.379643] [INFO] [path_server] 새로운 경로 설정 : path[1041 ➜ 204] time[0s] dist[12m] list[9] : 1041-1042-1112-1113-1114-1115-1116-1117-204
[2026-08-11 17:00:28.417553] [INFO] [path_server] 노드 업데이트 : [1042] ➜ [1112]
[2026-08-11 17:00:28.477454] [INFO] [path_server] 새로운 경로 설정 : path[1042 ➜ 204] time[0s] dist[10.5m] list[8] : 1042-1112-1113-1114-1115-1116-1117-204
[2026-08-11 17:00:29.754982] [INFO] [path_server] 노드 업데이트 : [1112] ➜ [1113]
[2026-08-11 17:00:29.834894] [INFO] [path_server] 새로운 경로 설정 : path[1112 ➜ 204] time[0s] dist[9m] list[7] : 1112-1113-1114-1115-1116-1117-204
[2026-08-11 17:00:33.088816] [INFO] [path_server] 노드 업데이트 : [1113] ➜ [1114]
[2026-08-11 17:00:33.148766] [INFO] [path_server] 새로운 경로 설정 : path[1113 ➜ 204] time[0s] dist[7.5m] list[6] : 1113-1114-1115-1116-1117-204
[2026-08-11 17:00:34.206594] [INFO] [path_server] 노드 업데이트 : [1114] ➜ [1115]
[2026-08-11 17:00:34.266498] [INFO] [path_server] 새로운 경로 설정 : path[1114 ➜ 204] time[0s] dist[6m] list[5] : 1114-1115-1116-1117-204
[2026-08-11 17:00:35.044937] [INFO] [path_server] 노드 업데이트 : [1115] ➜ [1116]
[2026-08-11 17:00:35.104839] [INFO] [path_server] 새로운 경로 설정 : path[1115 ➜ 204] time[0s] dist[4.5m] list[4] : 1115-1116-1117-204
[2026-08-11 17:00:35.783438] [INFO] [path_server] 노드 업데이트 : [1116] ➜ [1117]
[2026-08-11 17:00:35.863351] [INFO] [path_server] 새로운 경로 설정 : path[1116 ➜ 204] time[0s] dist[3m] list[3] : 1116-1117-204
[2026-08-11 17:00:37.100939] [INFO] [path_server] 노드 업데이트 : [1117] ➜ [204]
[2026-08-11 17:00:37.180841] [INFO] [path_server] 새로운 경로 설정 : path[1117 ➜ 204] time[0s] dist[1.5m] list[2] : 1117-204
[2026-08-11 17:00:42.330849] [INFO] [path_server] 노드 업데이트 : [204] ➜ [-1]
[2026-08-11 17:00:45.225191] [INFO] [course_tracker] 목적지에서 각도 정렬 : [1.000m 4.000m 0.000°]
[2026-08-11 17:00:45.265119] [INFO] [path_server] 노드 업데이트 : [204] ➜ [-1]
[2026-08-11 17:00:45.285084] [INFO] [task::fsm] push_done
[2026-08-11 17:00:45.344968] [INFO] [task::fsm] idle
[2026-08-11 17:00:45.344972] [INFO] [course_manager] 코스 삭제
[2026-08-11 17:00:45.344981] [INFO] [path_server] 경로 삭제
[2026-08-11 17:03:34.365434] [INFO] [framework] 프로그램 시작
[2026-08-11 17:03:34.365440] [CRITICAL] [framework] 프로그램 시작
[2026-08-11 17:03:34.365438] [WARNING] [framework] 프로그램 시작
[2026-08-11 17:03:34.365441] [INFO] [framework] 설정 파일 위치 : ../configs/robot_9
[2026-08-11 17:03:34.365556] [INFO] [framework] ID[0, 9], 이름[임나인], 제어주기[20ms], 버젼[], 장소[우리집], 환경모드[simulation]
[2026-08-11 17:03:34.365578] [INFO] [mediator] 생성
[2026-08-11 17:03:34.365610] [INFO] [graph_manager] 생성
[2026-08-11 17:03:34.389380] [INFO] [stop_server] 생성
[2026-08-11 17:03:34.389408] [INFO] [health_monitor] 생성
[2026-08-11 17:03:34.389421] [INFO] [path_server] 생성
[2026-08-11 17:03:34.389432] [INFO] [course_manager] 생성
[2026-08-11 17:03:34.389456] [INFO] [task::fsm] 생성
[2026-08-11 17:03:34.389458] [INFO] [task::fsm] idle
[2026-08-11 17:03:34.389459] [INFO] [course_manager] 코스 삭제
[2026-08-11 17:03:34.389459] [INFO] [path_server] 경로 삭제
[2026-08-11 17:03:34.389474] [INFO] [task_manager] 생성
[2026-08-11 17:03:34.389576] [INFO] [mediator] connectors 생성
[2026-08-11 17:03:34.389592] [INFO] [fms] 생성
[2026-08-11 17:03:34.389593] [INFO] [fms] 통신 드라이버 생성
[2026-08-11 17:03:34.389889] [INFO] [motions] 생성
[2026-08-11 17:03:34.389908] [INFO] [localizers] 생성
[2026-08-11 17:03:34.390009] [INFO] [localizers] 파라미터 : 

[2026-08-11 17:03:34.390025] [INFO] [safety_plc] 생성
[2026-08-11 17:03:34.390040] [INFO] [load_handler] 생성
[2026-08-11 17:03:34.390052] [INFO] [power_system] 생성
[2026-08-11 17:03:34.390155] [INFO] [power_system] 설정 정보 : remaining[40%, 10%, 5%]
[2026-08-11 17:03:34.390560] [INFO] [power_system] 알람 목록 : 
 • [100015, 100001] [INFO] 자동 충전 시작.
 • [100015, 100002] [INFO] 배터리 가득.
 • [100015, 400001] [CRIT] 배터리 남은 양 - 위험
 • [100015, 300001] [ERROR] 배터리 남은 양 - 에러
 • [100015, 200001] [WARN] 배터리 남은 양 - 주의
 • [100015, 100004] [INFO] 자동 충전 해제 완료.
 • [100015, 100003] [INFO] 자동 충전 해제 시작.
[2026-08-11 17:03:34.390563] [INFO] [mediator] connector 의존성 주입
[2026-08-11 17:03:34.390573] [INFO] [mediator] any map 등록
[2026-08-11 17:03:34.390579] [INFO] [mediator] any collector 등록
[2026-08-11 17:03:34.390582] [INFO] [mediator] any collector 목록 검사
[2026-08-11 17:03:34.390628] [INFO] [framework] after init 실행
[2026-08-11 17:03:34.390958] [INFO] [course_tracker] 생성
[2026-08-11 17:03:34.390974] [INFO] [course_tracker] 파라미터 : 
◈ node_bound[0.020m, 0.150m, 0.005m]
 • approach[0.150m, 0.050m/s, -0.005m, -0.200m, 0.100m]
 • align[(10.000°, 5.000°/s), 50.000°, 30.000°/s), 0.800°, -0.100°]
◈ motion param : 
 • reference_angle[0.000°, 45.000°]
 • threshold_angle[15.000°, 20.000°, 170.000°]
 • threshold_error[0.300°, 5.000°]
 • normal[0.150m/s, 8.000, 0.800m/s, 0.500]
 • angle[0.150m/s, 1.500, 0.800m/s, 2.100]
 • protection_overshoot[0.100m/s, 0.900, 0.500m/s, 0.900]
 • speed_rotation[15.000°/s]
[2026-08-11 17:03:34.390977] [INFO] [framework] 제어 쓰레드 시작
[2026-08-11 17:03:34.391007] [INFO] [path_server] 노드 초기화 성공 : 로봇 좌표[1.004m 4.001m 179.257°] 최단 거리 노드[204] 거리(0.003838m)
[2026-08-11 17:08:34.582585] [INFO] [path_server] 새로운 경로 설정 : path[204 ➜ 103] time[0s] dist[18m] list[13] : 204-1117-1118-1119-1120-1121-1122-1123-1179-1180-1181-1182-103
[2026-08-11 17:08:39.492740] [INFO] [path_server] 노드 업데이트 : [1117] ➜ [1118]
[2026-08-11 17:08:39.572684] [INFO] [path_server] 새로운 경로 설정 : path[1117 ➜ 103] time[0s] dist[16.5m] list[12] : 1117-1118-1119-1120-1121-1122-1123-1179-1180-1181-1182-103
[2026-08-11 17:08:43.125892] [INFO] [path_server] 노드 업데이트 : [1118] ➜ [1119]
[2026-08-11 17:08:43.185759] [INFO] [path_server] 새로운 경로 설정 : path[1118 ➜ 103] time[0s] dist[15m] list[11] : 1118-1119-1120-1121-1122-1123-1179-1180-1181-1182-103
[2026-08-11 17:08:44.243604] [INFO] [path_server] 노드 업데이트 : [1119] ➜ [1120]
[2026-08-11 17:08:44.323493] [INFO] [path_server] 새로운 경로 설정 : path[1119 ➜ 103] time[0s] dist[13.5m] list[10] : 1119-1120-1121-1122-1123-1179-1180-1181-1182-103
[2026-08-11 17:08:45.101837] [INFO] [path_server] 노드 업데이트 : [1120] ➜ [1121]
[2026-08-11 17:08:45.161722] [INFO] [path_server] 새로운 경로 설정 : path[1120 ➜ 103] time[0s] dist[12m] list[9] : 1120-1121-1122-1123-1179-1180-1181-1182-103
[2026-08-11 17:08:48.794912] [INFO] [path_server] 노드 업데이트 : [1121] ➜ [1122]
[2026-08-11 17:08:48.874773] [INFO] [path_server] 새로운 경로 설정 : path[1121 ➜ 103] time[0s] dist[10.5m] list[8] : 1121-1122-1123-1179-1180-1181-1182-103
[2026-08-11 17:08:50.411782] [INFO] [path_server] 노드 업데이트 : [1122] ➜ [1123]
[2026-08-11 17:08:50.491647] [INFO] [path_server] 새로운 경로 설정 : path[1122 ➜ 103] time[0s] dist[9m] list[7] : 1122-1123-1179-1180-1181-1182-103
[2026-08-11 17:08:51.549672] [INFO] [path_server] 노드 업데이트 : [1123] ➜ [1179]
[2026-08-11 17:08:51.629625] [INFO] [path_server] 새로운 경로 설정 : path[1123 ➜ 103] time[0s] dist[7.5m] list[6] : 1123-1179-1180-1181-1182-103
[2026-08-11 17:08:55.022873] [INFO] [path_server] 노드 업데이트 : [1179] ➜ [1180]
[2026-08-11 17:08:55.082785] [INFO] [path_server] 새로운 경로 설정 : path[1179 ➜ 103] time[0s] dist[6m] list[5] : 1179-1180-1181-1182-103
[2026-08-11 17:08:56.779193] [INFO] [path_server] 노드 업데이트 : [1180] ➜ [1181]
[2026-08-11 17:08:56.859101] [INFO] [path_server] 새로운 경로 설정 : path[1180 ➜ 103] time[0s] dist[4.5m] list[4] : 1180-1181-1182-103
[2026-08-11 17:08:57.896891] [INFO] [path_server] 노드 업데이트 : [1181] ➜ [1182]
[2026-08-11 17:08:57.956755] [INFO] [path_server] 새로운 경로 설정 : path[1181 ➜ 103] time[0s] dist[3m] list[3] : 1181-1182-103
[2026-08-11 17:08:59.214326] [INFO] [path_server] 노드 업데이트 : [1182] ➜ [103]
[2026-08-11 17:08:59.274227] [INFO] [path_server] 새로운 경로 설정 : path[1182 ➜ 103] time[0s] dist[1.5m] list[2] : 1182-103
[2026-08-11 17:09:04.423658] [INFO] [path_server] 노드 업데이트 : [103] ➜ [-1]
[2026-08-11 17:09:07.317972] [INFO] [course_tracker] 목적지에서 각도 정렬 : [5.500m 5.500m 0.000°]
[2026-08-11 17:09:07.357841] [INFO] [path_server] 노드 업데이트 : [103] ➜ [-1]
[2026-08-11 17:09:07.377802] [INFO] [task::fsm] push_done
[2026-08-11 17:09:07.437712] [INFO] [task::fsm] charging
[2026-08-11 17:09:07.437749] [INFO] [health_monitor] [등록][100015, 100001] : 자동 충전 시작.
[2026-08-11 17:09:07.437721] [INFO] [power_system] 충전 프로세스 시작
[2026-08-11 17:09:12.451011] [INFO] [health_monitor] [삭제][100015, 100001] : 자동 충전 시작.
[2026-08-11 17:09:32.711776] [INFO] [power_system] 충전 완료
[2026-08-11 17:09:32.711792] [INFO] [health_monitor] [등록][100015, 100002] : 배터리 가득.
[2026-08-11 17:09:32.711795] [INFO] [health_monitor] [등록][100015, 100003] : 자동 충전 해제 시작.
[2026-08-11 17:09:37.721798] [INFO] [health_monitor] [삭제][100015, 100003] : 자동 충전 해제 시작.
[2026-08-11 17:09:37.721791] [INFO] [health_monitor] [삭제][100015, 100002] : 배터리 가득.
[2026-08-11 17:09:37.741689] [INFO] [health_monitor] [등록][100015, 100004] : 자동 충전 해제 완료.
[2026-08-11 17:09:37.741676] [INFO] [power_system] 충전 해제 완료
[2026-08-11 17:09:37.761684] [INFO] [task::fsm] discharging
[2026-08-11 17:09:37.761692] [INFO] [power_system] 충전 해제 프로세스 시작
[2026-08-11 17:09:37.761704] [INFO] [health_monitor] [등록][100015, 100003] : 자동 충전 해제 시작.
[2026-08-11 17:09:37.781643] [INFO] [task::fsm] idle
[2026-08-11 17:09:37.781649] [INFO] [path_server] 경로 삭제
[2026-08-11 17:09:37.781647] [INFO] [course_manager] 코스 삭제
[2026-08-11 17:09:37.821566] [INFO] [task::fsm] idle
[2026-08-11 17:09:37.821571] [INFO] [course_manager] 코스 삭제
[2026-08-11 17:09:37.821573] [INFO] [path_server] 경로 삭제
[2026-08-11 17:09:42.751345] [INFO] [health_monitor] [삭제][100015, 100004] : 자동 충전 해제 완료.
[2026-08-11 17:09:42.771254] [INFO] [health_monitor] [삭제][100015, 100003] : 자동 충전 해제 시작.
[2026-08-11 17:11:25.752323] [INFO] [course_manager] 코스 삭제
[2026-08-11 17:11:25.752318] [INFO] [task::fsm] idle
[2026-08-11 17:11:25.752324] [INFO] [path_server] 경로 삭제
[2026-08-11 17:24:37.819397] [INFO] [framework] 프로그램 시작
[2026-08-11 17:24:37.819403] [WARNING] [framework] 프로그램 시작
[2026-08-11 17:24:37.819445] [CRITICAL] [framework] 프로그램 시작
[2026-08-11 17:24:37.819460] [INFO] [framework] 설정 파일 위치 : ../configs/robot_9
[2026-08-11 17:24:37.819623] [INFO] [framework] ID[0, 9], 이름[임나인], 제어주기[20ms], 버젼[], 장소[우리집], 환경모드[simulation]
[2026-08-11 17:24:37.819658] [INFO] [mediator] 생성
[2026-08-11 17:24:37.819676] [INFO] [graph_manager] 생성
[2026-08-11 17:24:37.865491] [INFO] [stop_server] 생성
[2026-08-11 17:24:37.865513] [INFO] [health_monitor] 생성
[2026-08-11 17:24:37.865525] [INFO] [path_server] 생성
[2026-08-11 17:24:37.865535] [INFO] [course_manager] 생성
[2026-08-11 17:24:37.865545] [INFO] [task::fsm] 생성
[2026-08-11 17:24:37.865546] [INFO] [task::fsm] idle
[2026-08-11 17:24:37.865551] [INFO] [course_manager] 코스 삭제
[2026-08-11 17:24:37.865552] [INFO] [path_server] 경로 삭제
[2026-08-11 17:24:37.865561] [INFO] [task_manager] 생성
[2026-08-11 17:24:37.865664] [INFO] [mediator] connectors 생성
[2026-08-11 17:24:37.865682] [INFO] [fms] 생성
[2026-08-11 17:24:37.865683] [INFO] [fms] 통신 드라이버 생성
[2026-08-11 17:24:37.865928] [INFO] [motions] 생성
[2026-08-11 17:24:37.865944] [INFO] [localizers] 생성
[2026-08-11 17:24:37.866020] [INFO] [localizers] 파라미터 : 

[2026-08-11 17:24:37.866032] [INFO] [safety_plc] 생성
[2026-08-11 17:24:37.866043] [INFO] [load_handler] 생성
[2026-08-11 17:24:37.866054] [INFO] [power_system] 생성
[2026-08-11 17:24:37.866143] [INFO] [power_system] 설정 정보 : remaining[40%, 10%, 5%]
[2026-08-11 17:24:37.866504] [INFO] [power_system] 알람 목록 : 
 • [100015, 100001] [INFO] 자동 충전 시작.
 • [100015, 100002] [INFO] 배터리 가득.
 • [100015, 400001] [CRIT] 배터리 남은 양 - 위험
 • [100015, 300001] [ERROR] 배터리 남은 양 - 에러
 • [100015, 200001] [WARN] 배터리 남은 양 - 주의
 • [100015, 100004] [INFO] 자동 충전 해제 완료.
 • [100015, 100003] [INFO] 자동 충전 해제 시작.
[2026-08-11 17:24:37.866507] [INFO] [mediator] connector 의존성 주입
[2026-08-11 17:24:37.866515] [INFO] [mediator] any map 등록
[2026-08-11 17:24:37.866520] [INFO] [mediator] any collector 등록
[2026-08-11 17:24:37.866522] [INFO] [mediator] any collector 목록 검사
[2026-08-11 17:24:37.866631] [INFO] [framework] after init 실행
[2026-08-11 17:24:37.866972] [INFO] [course_tracker] 생성
[2026-08-11 17:24:37.866992] [INFO] [course_tracker] 파라미터 : 
◈ node_bound[0.020m, 0.150m, 0.005m]
 • approach[0.150m, 0.050m/s, -0.005m, -0.200m, 0.100m]
 • align[(10.000°, 5.000°/s), 50.000°, 30.000°/s), 0.800°, -0.100°]
◈ motion param : 
 • reference_angle[0.000°, 45.000°]
 • threshold_angle[15.000°, 20.000°, 170.000°]
 • threshold_error[0.300°, 5.000°]
 • normal[0.150m/s, 8.000, 0.800m/s, 0.500]
 • angle[0.150m/s, 1.500, 0.800m/s, 2.100]
 • protection_overshoot[0.100m/s, 0.900, 0.500m/s, 0.900]
 • speed_rotation[15.000°/s]
[2026-08-11 17:24:37.866996] [INFO] [framework] 제어 쓰레드 시작
[2026-08-11 17:24:37.867042] [ERROR] [path_server] 노드 초기화 실패 : 로봇 좌표[11.501m 14.504m -89.274°] 최단 거리 노드[1165] 거리(1.585243m)
[2026-08-11 17:26:43.237664] [INFO] [framework] 프로그램 시작
[2026-08-11 17:26:43.237667] [WARNING] [framework] 프로그램 시작
[2026-08-11 17:26:43.237670] [INFO] [framework] 설정 파일 위치 : ../configs/robot_9
[2026-08-11 17:26:43.237670] [CRITICAL] [framework] 프로그램 시작
[2026-08-11 17:27:18.502309] [INFO] [framework] 프로그램 시작
[2026-08-11 17:27:18.502313] [WARNING] [framework] 프로그램 시작
[2026-08-11 17:27:18.502317] [CRITICAL] [framework] 프로그램 시작
[2026-08-11 17:27:18.502317] [INFO] [framework] 설정 파일 위치 : ../configs/robot_9
[2026-08-11 17:27:18.502458] [INFO] [framework] ID[0, 9], 이름[임나인], 제어주기[20ms], 버젼[], 장소[우리집], 환경모드[simulation]
[2026-08-11 17:27:18.502482] [INFO] [mediator] 생성
[2026-08-11 17:27:18.502501] [INFO] [graph_manager] 생성
[2026-08-11 17:27:18.541546] [INFO] [stop_server] 생성
[2026-08-11 17:27:18.541566] [INFO] [health_monitor] 생성
[2026-08-11 17:27:18.541583] [INFO] [path_server] 생성
[2026-08-11 17:27:18.541599] [INFO] [course_manager] 생성
[2026-08-11 17:27:18.541619] [INFO] [task::fsm] 생성
[2026-08-11 17:27:18.541620] [INFO] [task::fsm] idle
[2026-08-11 17:27:18.541622] [INFO] [course_manager] 코스 삭제
[2026-08-11 17:27:18.541622] [INFO] [path_server] 경로 삭제
[2026-08-11 17:27:18.541636] [INFO] [task_manager] 생성
[2026-08-11 17:27:18.541780] [INFO] [mediator] connectors 생성
[2026-08-11 17:27:18.541800] [INFO] [fms] 생성
[2026-08-11 17:27:18.541802] [INFO] [fms] 통신 드라이버 생성
[2026-08-11 17:27:18.542133] [INFO] [motions] 생성
[2026-08-11 17:27:18.542156] [INFO] [localizers] 생성
[2026-08-11 17:27:18.542251] [INFO] [localizers] 파라미터 : 

[2026-08-11 17:27:18.542269] [INFO] [safety_plc] 생성
[2026-08-11 17:27:18.542293] [INFO] [load_handler] 생성
[2026-08-11 17:27:18.542309] [INFO] [power_system] 생성
[2026-08-11 17:27:18.542419] [INFO] [power_system] 설정 정보 : remaining[40%, 10%, 5%]
[2026-08-11 17:27:18.542870] [INFO] [power_system] 알람 목록 : 
 • [100015, 100001] [INFO] 자동 충전 시작.
 • [100015, 100002] [INFO] 배터리 가득.
 • [100015, 400001] [CRIT] 배터리 남은 양 - 위험
 • [100015, 300001] [ERROR] 배터리 남은 양 - 에러
 • [100015, 200001] [WARN] 배터리 남은 양 - 주의
 • [100015, 100004] [INFO] 자동 충전 해제 완료.
 • [100015, 100003] [INFO] 자동 충전 해제 시작.
[2026-08-11 17:27:18.542876] [INFO] [mediator] any map 등록
[2026-08-11 17:27:18.542873] [INFO] [mediator] connector 의존성 주입
[2026-08-11 17:27:18.542886] [INFO] [mediator] any collector 등록
[2026-08-11 17:27:18.542889] [INFO] [mediator] any collector 목록 검사
[2026-08-11 17:27:18.543271] [INFO] [framework] after init 실행
[2026-08-11 17:27:18.543533] [INFO] [course_tracker] 생성
[2026-08-11 17:27:18.543548] [INFO] [course_tracker] 파라미터 : 
◈ node_bound[0.020m, 0.150m, 0.005m]
 • approach[0.150m, 0.050m/s, -0.005m, -0.200m, 0.100m]
 • align[(10.000°, 5.000°/s), 50.000°, 30.000°/s), 0.800°, -0.100°]
◈ motion param : 
 • reference_angle[0.000°, 45.000°]
 • threshold_angle[15.000°, 20.000°, 170.000°]
 • threshold_error[0.300°, 5.000°]
 • normal[0.150m/s, 8.000, 0.800m/s, 0.500]
 • angle[0.150m/s, 1.500, 0.800m/s, 2.100]
 • protection_overshoot[0.100m/s, 0.900, 0.500m/s, 0.900]
 • speed_rotation[15.000°/s]
[2026-08-11 17:27:18.543551] [INFO] [framework] 제어 쓰레드 시작
[2026-08-11 17:27:18.543589] [INFO] [path_server] 노드 초기화 성공 : 로봇 좌표[9.489m 18.997m 90.045°] 최단 거리 노드[104] 거리(0.011735m)
[2026-08-11 17:27:18.583545] [INFO] [task::fsm] charging
[2026-08-11 17:27:18.583549] [INFO] [power_system] 충전 프로세스 시작
[2026-08-11 17:27:18.583565] [INFO] [health_monitor] [등록][100015, 100001] : 자동 충전 시작.
[2026-08-11 17:27:23.594046] [INFO] [health_monitor] [삭제][100015, 100001] : 자동 충전 시작.
[2026-08-11 17:27:37.754076] [INFO] [framework] 프로그램 시작
[2026-08-11 17:27:37.754080] [WARNING] [framework] 프로그램 시작
[2026-08-11 17:27:37.754081] [INFO] [framework] 설정 파일 위치 : ../configs/robot_9
[2026-08-11 17:27:37.754081] [CRITICAL] [framework] 프로그램 시작
[2026-08-11 17:27:55.419398] [INFO] [framework] 프로그램 시작
[2026-08-11 17:27:55.419401] [WARNING] [framework] 프로그램 시작
[2026-08-11 17:27:55.419405] [INFO] [framework] 설정 파일 위치 : ../configs/robot_9
[2026-08-11 17:27:55.419404] [CRITICAL] [framework] 프로그램 시작
[2026-08-11 17:27:55.419546] [INFO] [framework] ID[0, 9], 이름[임나인], 제어주기[20ms], 버젼[], 장소[우리집], 환경모드[simulation]
[2026-08-11 17:27:55.419566] [INFO] [mediator] 생성
[2026-08-11 17:27:55.419585] [INFO] [graph_manager] 생성
[2026-08-11 17:27:55.458823] [INFO] [stop_server] 생성
[2026-08-11 17:27:55.458864] [INFO] [health_monitor] 생성
[2026-08-11 17:27:55.458904] [INFO] [path_server] 생성
[2026-08-11 17:27:55.458919] [INFO] [course_manager] 생성
[2026-08-11 17:27:55.458931] [INFO] [task::fsm] 생성
[2026-08-11 17:27:55.458932] [INFO] [task::fsm] idle
[2026-08-11 17:27:55.458941] [INFO] [course_manager] 코스 삭제
[2026-08-11 17:27:55.458941] [INFO] [path_server] 경로 삭제
[2026-08-11 17:27:55.458952] [INFO] [task_manager] 생성
[2026-08-11 17:27:55.459046] [INFO] [mediator] connectors 생성
[2026-08-11 17:27:55.459060] [INFO] [fms] 생성
[2026-08-11 17:27:55.459061] [INFO] [fms] 통신 드라이버 생성
[2026-08-11 17:27:55.459320] [INFO] [motions] 생성
[2026-08-11 17:27:55.459336] [INFO] [localizers] 생성
[2026-08-11 17:27:55.459419] [INFO] [localizers] 파라미터 : 

[2026-08-11 17:27:55.459433] [INFO] [safety_plc] 생성
[2026-08-11 17:27:55.459444] [INFO] [load_handler] 생성
[2026-08-11 17:27:55.459454] [INFO] [power_system] 생성
[2026-08-11 17:27:55.459542] [INFO] [power_system] 설정 정보 : remaining[40%, 10%, 5%]
[2026-08-11 17:27:55.459929] [INFO] [power_system] 알람 목록 : 
 • [100015, 100001] [INFO] 자동 충전 시작.
 • [100015, 100002] [INFO] 배터리 가득.
 • [100015, 400001] [CRIT] 배터리 남은 양 - 위험
 • [100015, 300001] [ERROR] 배터리 남은 양 - 에러
 • [100015, 200001] [WARN] 배터리 남은 양 - 주의
 • [100015, 100004] [INFO] 자동 충전 해제 완료.
 • [100015, 100003] [INFO] 자동 충전 해제 시작.
[2026-08-11 17:27:55.459940] [INFO] [mediator] any map 등록
[2026-08-11 17:27:55.459945] [INFO] [mediator] any collector 등록
[2026-08-11 17:27:55.459932] [INFO] [mediator] connector 의존성 주입
[2026-08-11 17:27:55.459947] [INFO] [mediator] any collector 목록 검사
[2026-08-11 17:27:55.459991] [INFO] [framework] after init 실행
[2026-08-11 17:27:55.460290] [INFO] [course_tracker] 생성
[2026-08-11 17:27:55.460303] [INFO] [course_tracker] 파라미터 : 
◈ node_bound[0.020m, 0.150m, 0.005m]
 • approach[0.150m, 0.050m/s, -0.005m, -0.200m, 0.100m]
 • align[(10.000°, 5.000°/s), 50.000°, 30.000°/s), 0.800°, -0.100°]
◈ motion param : 
 • reference_angle[0.000°, 45.000°]
 • threshold_angle[15.000°, 20.000°, 170.000°]
 • threshold_error[0.300°, 5.000°]
 • normal[0.150m/s, 8.000, 0.800m/s, 0.500]
 • angle[0.150m/s, 1.500, 0.800m/s, 2.100]
 • protection_overshoot[0.100m/s, 0.900, 0.500m/s, 0.900]
 • speed_rotation[15.000°/s]
[2026-08-11 17:27:55.460305] [INFO] [framework] 제어 쓰레드 시작
[2026-08-11 17:27:55.460332] [INFO] [path_server] 노드 초기화 성공 : 로봇 좌표[9.489m 18.997m 90.045°] 최단 거리 노드[104] 거리(0.011735m)
[2026-08-11 17:27:55.560184] [INFO] [task::fsm] charging
[2026-08-11 17:27:55.560192] [INFO] [power_system] 충전 프로세스 시작
[2026-08-11 17:27:55.560228] [INFO] [health_monitor] [등록][100015, 100001] : 자동 충전 시작.
[2026-08-11 17:28:00.570331] [INFO] [health_monitor] [삭제][100015, 100001] : 자동 충전 시작.
[2026-08-11 17:28:12.706319] [INFO] [power_system] 충전 완료
[2026-08-11 17:28:12.706342] [INFO] [health_monitor] [등록][100015, 100002] : 배터리 가득.
[2026-08-11 17:28:12.706345] [INFO] [health_monitor] [등록][100015, 100003] : 자동 충전 해제 시작.
[2026-08-11 17:28:17.716471] [INFO] [health_monitor] [삭제][100015, 100002] : 배터리 가득.
[2026-08-11 17:28:17.716478] [INFO] [health_monitor] [삭제][100015, 100003] : 자동 충전 해제 시작.
[2026-08-11 17:28:17.736473] [INFO] [power_system] 충전 해제 완료
[2026-08-11 17:28:17.736488] [INFO] [health_monitor] [등록][100015, 100004] : 자동 충전 해제 완료.
[2026-08-11 17:28:17.756386] [INFO] [task::fsm] discharging
[2026-08-11 17:28:17.756394] [INFO] [power_system] 충전 해제 프로세스 시작
[2026-08-11 17:28:17.756405] [INFO] [health_monitor] [등록][100015, 100003] : 자동 충전 해제 시작.
[2026-08-11 17:28:17.776288] [INFO] [task::fsm] idle
[2026-08-11 17:28:17.776293] [INFO] [course_manager] 코스 삭제
[2026-08-11 17:28:17.776294] [INFO] [path_server] 경로 삭제
[2026-08-11 17:28:17.816269] [INFO] [task::fsm] idle
[2026-08-11 17:28:17.816280] [INFO] [path_server] 경로 삭제
[2026-08-11 17:28:17.816278] [INFO] [course_manager] 코스 삭제
[2026-08-11 17:28:22.747599] [INFO] [health_monitor] [삭제][100015, 100004] : 자동 충전 해제 완료.
[2026-08-11 17:28:22.767603] [INFO] [health_monitor] [삭제][100015, 100003] : 자동 충전 해제 시작.
[2026-08-11 17:28:45.325202] [INFO] [path_server] 새로운 경로 설정 : path[104 ➜ 4] time[0s] dist[38.0355m] list[23] : 104-1071-1072-1073-1074-1075-1076-1077-1078-1390-1391-1001-1002-1003-1004-1005-1006-1007-1008-1010-1013-1025-4
[2026-08-11 17:28:49.197711] [INFO] [path_server] 노드 업데이트 : [1071] ➜ [1072]
[2026-08-11 17:28:49.277610] [INFO] [path_server] 새로운 경로 설정 : path[1071 ➜ 4] time[0s] dist[36.5355m] list[22] : 1071-1072-1073-1074-1075-1076-1077-1078-1390-1391-1001-1002-1003-1004-1005-1006-1007-1008-1010-1013-1025-4
[2026-08-11 17:28:52.770697] [INFO] [path_server] 노드 업데이트 : [1072] ➜ [1073]
[2026-08-11 17:28:52.850689] [INFO] [path_server] 새로운 경로 설정 : path[1072 ➜ 4] time[0s] dist[35.0355m] list[21] : 1072-1073-1074-1075-1076-1077-1078-1390-1391-1001-1002-1003-1004-1005-1006-1007-1008-1010-1013-1025-4
[2026-08-11 17:28:53.908628] [INFO] [path_server] 노드 업데이트 : [1073] ➜ [1074]
[2026-08-11 17:28:53.988507] [INFO] [path_server] 새로운 경로 설정 : path[1073 ➜ 4] time[0s] dist[33.5355m] list[20] : 1073-1074-1075-1076-1077-1078-1390-1391-1001-1002-1003-1004-1005-1006-1007-1008-1010-1013-1025-4
[2026-08-11 17:28:54.727024] [INFO] [path_server] 노드 업데이트 : [1074] ➜ [1075]
[2026-08-11 17:28:54.806986] [INFO] [path_server] 새로운 경로 설정 : path[1074 ➜ 4] time[0s] dist[32.0355m] list[19] : 1074-1075-1076-1077-1078-1390-1391-1001-1002-1003-1004-1005-1006-1007-1008-1010-1013-1025-4
[2026-08-11 17:28:55.485796] [INFO] [path_server] 노드 업데이트 : [1075] ➜ [1076]
[2026-08-11 17:28:55.545690] [INFO] [path_server] 새로운 경로 설정 : path[1075 ➜ 4] time[0s] dist[30.5355m] list[18] : 1075-1076-1077-1078-1390-1391-1001-1002-1003-1004-1005-1006-1007-1008-1010-1013-1025-4
[2026-08-11 17:28:56.882989] [INFO] [path_server] 노드 업데이트 : [1076] ➜ [1077]
[2026-08-11 17:28:56.962941] [INFO] [path_server] 새로운 경로 설정 : path[1076 ➜ 4] time[0s] dist[29.0355m] list[17] : 1076-1077-1078-1390-1391-1001-1002-1003-1004-1005-1006-1007-1008-1010-1013-1025-4
[2026-08-11 17:29:00.396501] [INFO] [path_server] 노드 업데이트 : [1077] ➜ [1078]
[2026-08-11 17:29:00.456434] [INFO] [path_server] 새로운 경로 설정 : path[1077 ➜ 4] time[0s] dist[27.5355m] list[16] : 1077-1078-1390-1391-1001-1002-1003-1004-1005-1006-1007-1008-1010-1013-1025-4
[2026-08-11 17:29:01.494349] [INFO] [path_server] 노드 업데이트 : [1078] ➜ [1390]
[2026-08-11 17:29:01.574273] [INFO] [path_server] 새로운 경로 설정 : path[1078 ➜ 4] time[0s] dist[26.0355m] list[15] : 1078-1390-1391-1001-1002-1003-1004-1005-1006-1007-1008-1010-1013-1025-4
[2026-08-11 17:29:02.312942] [INFO] [path_server] 노드 업데이트 : [1390] ➜ [1391]
[2026-08-11 17:29:02.372828] [INFO] [path_server] 새로운 경로 설정 : path[1390 ➜ 4] time[0s] dist[24.5355m] list[14] : 1390-1391-1001-1002-1003-1004-1005-1006-1007-1008-1010-1013-1025-4
[2026-08-11 17:29:03.071430] [INFO] [path_server] 노드 업데이트 : [1391] ➜ [1001]
[2026-08-11 17:29:03.151354] [INFO] [path_server] 새로운 경로 설정 : path[1391 ➜ 4] time[0s] dist[23.0355m] list[13] : 1391-1001-1002-1003-1004-1005-1006-1007-1008-1010-1013-1025-4
[2026-08-11 17:29:04.469008] [INFO] [path_server] 노드 업데이트 : [1001] ➜ [1002]
[2026-08-11 17:29:04.528926] [INFO] [path_server] 새로운 경로 설정 : path[1001 ➜ 4] time[0s] dist[21.5355m] list[12] : 1001-1002-1003-1004-1005-1006-1007-1008-1010-1013-1025-4
[2026-08-11 17:29:07.942217] [INFO] [path_server] 노드 업데이트 : [1002] ➜ [1003]
[2026-08-11 17:29:08.022206] [INFO] [path_server] 새로운 경로 설정 : path[1002 ➜ 4] time[0s] dist[20.0355m] list[11] : 1002-1003-1004-1005-1006-1007-1008-1010-1013-1025-4
[2026-08-11 17:29:09.040203] [INFO] [path_server] 노드 업데이트 : [1003] ➜ [1004]
[2026-08-11 17:29:09.120059] [INFO] [path_server] 새로운 경로 설정 : path[1003 ➜ 4] time[0s] dist[18.5355m] list[10] : 1003-1004-1005-1006-1007-1008-1010-1013-1025-4
[2026-08-11 17:29:09.858603] [INFO] [path_server] 노드 업데이트 : [1004] ➜ [1005]
[2026-08-11 17:29:09.938521] [INFO] [path_server] 새로운 경로 설정 : path[1004 ➜ 4] time[0s] dist[17.0355m] list[9] : 1004-1005-1006-1007-1008-1010-1013-1025-4
[2026-08-11 17:29:10.617225] [INFO] [path_server] 노드 업데이트 : [1005] ➜ [1006]
[2026-08-11 17:29:10.677142] [INFO] [path_server] 새로운 경로 설정 : path[1005 ➜ 4] time[0s] dist[15.5355m] list[8] : 1005-1006-1007-1008-1010-1013-1025-4
[2026-08-11 17:29:11.375842] [INFO] [path_server] 노드 업데이트 : [1006] ➜ [1007]
[2026-08-11 17:29:11.455715] [INFO] [path_server] 새로운 경로 설정 : path[1006 ➜ 4] time[0s] dist[14.0355m] list[7] : 1006-1007-1008-1010-1013-1025-4
[2026-08-11 17:29:12.114384] [INFO] [path_server] 노드 업데이트 : [1007] ➜ [1008]
[2026-08-11 17:29:12.174291] [INFO] [path_server] 새로운 경로 설정 : path[1007 ➜ 4] time[0s] dist[12.5355m] list[6] : 1007-1008-1010-1013-1025-4
[2026-08-11 17:29:12.872911] [INFO] [path_server] 노드 업데이트 : [1008] ➜ [1010]
[2026-08-11 17:29:12.952718] [INFO] [path_server] 새로운 경로 설정 : path[1008 ➜ 4] time[0s] dist[11.0355m] list[5] : 1008-1010-1013-1025-4
[2026-08-11 17:29:13.711271] [INFO] [path_server] 노드 업데이트 : [1010] ➜ [1013]
[2026-08-11 17:29:13.791253] [INFO] [path_server] 새로운 경로 설정 : path[1010 ➜ 4] time[0s] dist[9.53553m] list[4] : 1010-1013-1025-4
[2026-08-11 17:29:19.121821] [INFO] [path_server] 노드 업데이트 : [1013] ➜ [1025]
[2026-08-11 17:29:19.201687] [INFO] [path_server] 새로운 경로 설정 : path[1013 ➜ 4] time[0s] dist[6m] list[3] : 1013-1025-4
[2026-08-11 17:29:25.389553] [INFO] [path_server] 노드 업데이트 : [1025] ➜ [4]
[2026-08-11 17:29:25.449449] [INFO] [path_server] 새로운 경로 설정 : path[1025 ➜ 4] time[0s] dist[1.5m] list[2] : 1025-4
[2026-08-11 17:29:27.605289] [INFO] [path_server] 노드 업데이트 : [4] ➜ [-1]
[2026-08-11 17:29:30.479753] [INFO] [course_tracker] 목적지에서 각도 정렬 : [17.500m 27.500m 0.000°]
[2026-08-11 17:29:31.018733] [INFO] [path_server] 노드 업데이트 : [4] ➜ [-1]
[2026-08-11 17:29:31.038777] [INFO] [task::fsm] go_from_done
[2026-08-11 17:29:31.098628] [INFO] [task::fsm] loading
[2026-08-11 17:29:31.098635] [INFO] [load_handler] 상차 시작
[2026-08-11 17:29:33.114624] [INFO] [load_handler] 상차 완료
[2026-08-11 17:29:33.134646] [INFO] [task::fsm] loading_done
[2026-08-11 17:29:33.194575] [INFO] [path_server] 새로운 경로 설정 : path[4 ➜ 9] time[0s] dist[82.9896m] list[50] : 4-1031-1046-1129-1049-1050-1051-1052-1198-1199-1053-1054-1055-1056-1057-1058-1059-1060-1061-1062-1063-1064-1065-40-1067-1068-1069-1070-1071-1072-1073-1074-1075-1076-1077-1078-1390-1391-1001-1002-1003-1004-1005-1006-1007-1008-1010-1019-1036-9
[2026-08-11 17:29:35.370810] [INFO] [path_server] 노드 업데이트 : [1031] ➜ [1046]
[2026-08-11 17:29:35.430735] [INFO] [path_server] 새로운 경로 설정 : path[1031 ➜ 9] time[0s] dist[80.9896m] list[49] : 1031-1046-1129-1049-1050-1051-1052-1198-1199-1053-1054-1055-1056-1057-1058-1059-1060-1061-1062-1063-1064-1065-40-1067-1068-1069-1070-1071-1072-1073-1074-1075-1076-1077-1078-1390-1391-1001-1002-1003-1004-1005-1006-1007-1008-1010-1019-1036-9
[2026-08-11 17:29:41.080006] [INFO] [path_server] 노드 업데이트 : [1046] ➜ [1129]
[2026-08-11 17:29:41.159942] [INFO] [path_server] 새로운 경로 설정 : path[1046 ➜ 9] time[0s] dist[77.4541m] list[48] : 1046-1129-1049-1050-1051-1052-1198-1199-1053-1054-1055-1056-1057-1058-1059-1060-1061-1062-1063-1064-1065-40-1067-1068-1069-1070-1071-1072-1073-1074-1075-1076-1077-1078-1390-1391-1001-1002-1003-1004-1005-1006-1007-1008-1010-1019-1036-9
[2026-08-11 17:29:45.712752] [INFO] [path_server] 노드 업데이트 : [1129] ➜ [1049]
[2026-08-11 17:29:45.772680] [INFO] [path_server] 새로운 경로 설정 : path[1129 ➜ 9] time[0s] dist[74.5386m] list[47] : 1129-1049-1050-1051-1052-1198-1199-1053-1054-1055-1056-1057-1058-1059-1060-1061-1062-1063-1064-1065-40-1067-1068-1069-1070-1071-1072-1073-1074-1075-1076-1077-1078-1390-1391-1001-1002-1003-1004-1005-1006-1007-1008-1010-1019-1036-9
[2026-08-11 17:29:47.729298] [INFO] [path_server] 노드 업데이트 : [1049] ➜ [1050]
[2026-08-11 17:29:47.809185] [INFO] [path_server] 새로운 경로 설정 : path[1049 ➜ 9] time[0s] dist[71.6231m] list[46] : 1049-1050-1051-1052-1198-1199-1053-1054-1055-1056-1057-1058-1059-1060-1061-1062-1063-1064-1065-40-1067-1068-1069-1070-1071-1072-1073-1074-1075-1076-1077-1078-1390-1391-1001-1002-1003-1004-1005-1006-1007-1008-1010-1019-1036-9
[2026-08-11 17:29:52.879323] [INFO] [path_server] 노드 업데이트 : [1050] ➜ [1051]
[2026-08-11 17:29:52.959204] [INFO] [path_server] 새로운 경로 설정 : path[1050 ➜ 9] time[0s] dist[69.1231m] list[45] : 1050-1051-1052-1198-1199-1053-1054-1055-1056-1057-1058-1059-1060-1061-1062-1063-1064-1065-40-1067-1068-1069-1070-1071-1072-1073-1074-1075-1076-1077-1078-1390-1391-1001-1002-1003-1004-1005-1006-1007-1008-1010-1019-1036-9
[2026-08-11 17:29:53.878752] [INFO] [path_server] 노드 업데이트 : [1051] ➜ [1052]
[2026-08-11 17:29:53.958640] [INFO] [path_server] 새로운 경로 설정 : path[1051 ➜ 9] time[0s] dist[67.6231m] list[44] : 1051-1052-1198-1199-1053-1054-1055-1056-1057-1058-1059-1060-1061-1062-1063-1064-1065-40-1067-1068-1069-1070-1071-1072-1073-1074-1075-1076-1077-1078-1390-1391-1001-1002-1003-1004-1005-1006-1007-1008-1010-1019-1036-9
[2026-08-11 17:29:54.657139] [INFO] [path_server] 노드 업데이트 : [1052] ➜ [1198]
[2026-08-11 17:29:54.737079] [INFO] [path_server] 새로운 경로 설정 : path[1052 ➜ 9] time[0s] dist[66.1231m] list[43] : 1052-1198-1199-1053-1054-1055-1056-1057-1058-1059-1060-1061-1062-1063-1064-1065-40-1067-1068-1069-1070-1071-1072-1073-1074-1075-1076-1077-1078-1390-1391-1001-1002-1003-1004-1005-1006-1007-1008-1010-1019-1036-9
[2026-08-11 17:29:56.054462] [INFO] [path_server] 노드 업데이트 : [1198] ➜ [1199]
[2026-08-11 17:29:56.134327] [INFO] [path_server] 새로운 경로 설정 : path[1198 ➜ 9] time[0s] dist[64.6231m] list[42] : 1198-1199-1053-1054-1055-1056-1057-1058-1059-1060-1061-1062-1063-1064-1065-40-1067-1068-1069-1070-1071-1072-1073-1074-1075-1076-1077-1078-1390-1391-1001-1002-1003-1004-1005-1006-1007-1008-1010-1019-1036-9
[2026-08-11 17:29:59.567539] [INFO] [path_server] 노드 업데이트 : [1199] ➜ [1053]
[2026-08-11 17:29:59.647422] [INFO] [path_server] 새로운 경로 설정 : path[1199 ➜ 9] time[0s] dist[63.1231m] list[41] : 1199-1053-1054-1055-1056-1057-1058-1059-1060-1061-1062-1063-1064-1065-40-1067-1068-1069-1070-1071-1072-1073-1074-1075-1076-1077-1078-1390-1391-1001-1002-1003-1004-1005-1006-1007-1008-1010-1019-1036-9
[2026-08-11 17:30:00.665386] [INFO] [path_server] 노드 업데이트 : [1053] ➜ [1054]
[2026-08-11 17:30:00.725232] [INFO] [path_server] 새로운 경로 설정 : path[1053 ➜ 9] time[0s] dist[61.6231m] list[40] : 1053-1054-1055-1056-1057-1058-1059-1060-1061-1062-1063-1064-1065-40-1067-1068-1069-1070-1071-1072-1073-1074-1075-1076-1077-1078-1390-1391-1001-1002-1003-1004-1005-1006-1007-1008-1010-1019-1036-9
[2026-08-11 17:30:01.483630] [INFO] [path_server] 노드 업데이트 : [1054] ➜ [1055]
[2026-08-11 17:30:01.563517] [INFO] [path_server] 새로운 경로 설정 : path[1054 ➜ 9] time[0s] dist[60.1231m] list[39] : 1054-1055-1056-1057-1058-1059-1060-1061-1062-1063-1064-1065-40-1067-1068-1069-1070-1071-1072-1073-1074-1075-1076-1077-1078-1390-1391-1001-1002-1003-1004-1005-1006-1007-1008-1010-1019-1036-9
[2026-08-11 17:30:02.242090] [INFO] [path_server] 노드 업데이트 : [1055] ➜ [1056]
[2026-08-11 17:30:02.322054] [INFO] [path_server] 새로운 경로 설정 : path[1055 ➜ 9] time[0s] dist[58.6231m] list[38] : 1055-1056-1057-1058-1059-1060-1061-1062-1063-1064-1065-40-1067-1068-1069-1070-1071-1072-1073-1074-1075-1076-1077-1078-1390-1391-1001-1002-1003-1004-1005-1006-1007-1008-1010-1019-1036-9
[2026-08-11 17:30:03.459578] [INFO] [path_server] 노드 업데이트 : [1056] ➜ [1057]
[2026-08-11 17:30:03.539438] [INFO] [path_server] 새로운 경로 설정 : path[1056 ➜ 9] time[0s] dist[57.1231m] list[37] : 1056-1057-1058-1059-1060-1061-1062-1063-1064-1065-40-1067-1068-1069-1070-1071-1072-1073-1074-1075-1076-1077-1078-1390-1391-1001-1002-1003-1004-1005-1006-1007-1008-1010-1019-1036-9
[2026-08-11 17:30:06.732987] [INFO] [path_server] 노드 업데이트 : [1057] ➜ [1058]
[2026-08-11 17:30:06.812928] [INFO] [path_server] 새로운 경로 설정 : path[1057 ➜ 9] time[0s] dist[55.6231m] list[36] : 1057-1058-1059-1060-1061-1062-1063-1064-1065-40-1067-1068-1069-1070-1071-1072-1073-1074-1075-1076-1077-1078-1390-1391-1001-1002-1003-1004-1005-1006-1007-1008-1010-1019-1036-9
[2026-08-11 17:30:07.910836] [INFO] [path_server] 노드 업데이트 : [1058] ➜ [1059]
[2026-08-11 17:30:07.970767] [INFO] [path_server] 새로운 경로 설정 : path[1058 ➜ 9] time[0s] dist[54.1231m] list[35] : 1058-1059-1060-1061-1062-1063-1064-1065-40-1067-1068-1069-1070-1071-1072-1073-1074-1075-1076-1077-1078-1390-1391-1001-1002-1003-1004-1005-1006-1007-1008-1010-1019-1036-9
[2026-08-11 17:30:08.749208] [INFO] [path_server] 노드 업데이트 : [1059] ➜ [1060]
[2026-08-11 17:30:08.809147] [INFO] [path_server] 새로운 경로 설정 : path[1059 ➜ 9] time[0s] dist[52.6231m] list[34] : 1059-1060-1061-1062-1063-1064-1065-40-1067-1068-1069-1070-1071-1072-1073-1074-1075-1076-1077-1078-1390-1391-1001-1002-1003-1004-1005-1006-1007-1008-1010-1019-1036-9
[2026-08-11 17:30:09.487644] [INFO] [path_server] 노드 업데이트 : [1060] ➜ [1061]
[2026-08-11 17:30:09.567608] [INFO] [path_server] 새로운 경로 설정 : path[1060 ➜ 9] time[0s] dist[51.1231m] list[33] : 1060-1061-1062-1063-1064-1065-40-1067-1068-1069-1070-1071-1072-1073-1074-1075-1076-1077-1078-1390-1391-1001-1002-1003-1004-1005-1006-1007-1008-1010-1019-1036-9
[2026-08-11 17:30:10.247471] [INFO] [path_server] 노드 업데이트 : [1061] ➜ [1062]
[2026-08-11 17:30:10.307620] [INFO] [path_server] 새로운 경로 설정 : path[1061 ➜ 9] time[0s] dist[49.6231m] list[32] : 1061-1062-1063-1064-1065-40-1067-1068-1069-1070-1071-1072-1073-1074-1075-1076-1077-1078-1390-1391-1001-1002-1003-1004-1005-1006-1007-1008-1010-1019-1036-9
[2026-08-11 17:30:11.006154] [INFO] [path_server] 노드 업데이트 : [1062] ➜ [1063]
[2026-08-11 17:30:11.086046] [INFO] [path_server] 새로운 경로 설정 : path[1062 ➜ 9] time[0s] dist[48.1231m] list[31] : 1062-1063-1064-1065-40-1067-1068-1069-1070-1071-1072-1073-1074-1075-1076-1077-1078-1390-1391-1001-1002-1003-1004-1005-1006-1007-1008-1010-1019-1036-9
[2026-08-11 17:30:11.744673] [INFO] [path_server] 노드 업데이트 : [1063] ➜ [1064]
[2026-08-11 17:30:11.824576] [INFO] [path_server] 새로운 경로 설정 : path[1063 ➜ 9] time[0s] dist[46.6231m] list[30] : 1063-1064-1065-40-1067-1068-1069-1070-1071-1072-1073-1074-1075-1076-1077-1078-1390-1391-1001-1002-1003-1004-1005-1006-1007-1008-1010-1019-1036-9
[2026-08-11 17:30:12.503169] [INFO] [path_server] 노드 업데이트 : [1064] ➜ [1065]
[2026-08-11 17:30:12.603002] [INFO] [path_server] 새로운 경로 설정 : path[1064 ➜ 9] time[0s] dist[45.1231m] list[29] : 1064-1065-40-1067-1068-1069-1070-1071-1072-1073-1074-1075-1076-1077-1078-1390-1391-1001-1002-1003-1004-1005-1006-1007-1008-1010-1019-1036-9
[2026-08-11 17:30:13.241621] [INFO] [path_server] 노드 업데이트 : [1065] ➜ [40]
[2026-08-11 17:30:13.321591] [INFO] [path_server] 새로운 경로 설정 : path[1065 ➜ 9] time[0s] dist[43.6231m] list[28] : 1065-40-1067-1068-1069-1070-1071-1072-1073-1074-1075-1076-1077-1078-1390-1391-1001-1002-1003-1004-1005-1006-1007-1008-1010-1019-1036-9
[2026-08-11 17:30:14.000584] [INFO] [path_server] 노드 업데이트 : [40] ➜ [1067]
[2026-08-11 17:30:14.060426] [INFO] [path_server] 새로운 경로 설정 : path[40 ➜ 9] time[0s] dist[42.1231m] list[27] : 40-1067-1068-1069-1070-1071-1072-1073-1074-1075-1076-1077-1078-1390-1391-1001-1002-1003-1004-1005-1006-1007-1008-1010-1019-1036-9
[2026-08-11 17:30:14.738994] [INFO] [path_server] 노드 업데이트 : [1067] ➜ [1068]
[2026-08-11 17:30:14.818954] [INFO] [path_server] 새로운 경로 설정 : path[1067 ➜ 9] time[0s] dist[40.6231m] list[26] : 1067-1068-1069-1070-1071-1072-1073-1074-1075-1076-1077-1078-1390-1391-1001-1002-1003-1004-1005-1006-1007-1008-1010-1019-1036-9
[2026-08-11 17:30:15.497564] [INFO] [path_server] 노드 업데이트 : [1068] ➜ [1069]
[2026-08-11 17:30:15.557474] [INFO] [path_server] 새로운 경로 설정 : path[1068 ➜ 9] time[0s] dist[39.1231m] list[25] : 1068-1069-1070-1071-1072-1073-1074-1075-1076-1077-1078-1390-1391-1001-1002-1003-1004-1005-1006-1007-1008-1010-1019-1036-9
[2026-08-11 17:30:16.256073] [INFO] [path_server] 노드 업데이트 : [1069] ➜ [1070]
[2026-08-11 17:30:16.335950] [INFO] [path_server] 새로운 경로 설정 : path[1069 ➜ 9] time[0s] dist[37.6231m] list[24] : 1069-1070-1071-1072-1073-1074-1075-1076-1077-1078-1390-1391-1001-1002-1003-1004-1005-1006-1007-1008-1010-1019-1036-9
[2026-08-11 17:30:16.994578] [INFO] [path_server] 노드 업데이트 : [1070] ➜ [1071]
[2026-08-11 17:30:17.054528] [INFO] [path_server] 새로운 경로 설정 : path[1070 ➜ 9] time[0s] dist[36.1231m] list[23] : 1070-1071-1072-1073-1074-1075-1076-1077-1078-1390-1391-1001-1002-1003-1004-1005-1006-1007-1008-1010-1019-1036-9
[2026-08-11 17:30:17.753123] [INFO] [path_server] 노드 업데이트 : [1071] ➜ [1072]
[2026-08-11 17:30:17.832981] [INFO] [path_server] 새로운 경로 설정 : path[1071 ➜ 9] time[0s] dist[34.6231m] list[22] : 1071-1072-1073-1074-1075-1076-1077-1078-1390-1391-1001-1002-1003-1004-1005-1006-1007-1008-1010-1019-1036-9
[2026-08-11 17:30:18.491687] [INFO] [path_server] 노드 업데이트 : [1072] ➜ [1073]
[2026-08-11 17:30:18.551613] [INFO] [path_server] 새로운 경로 설정 : path[1072 ➜ 9] time[0s] dist[33.1231m] list[21] : 1072-1073-1074-1075-1076-1077-1078-1390-1391-1001-1002-1003-1004-1005-1006-1007-1008-1010-1019-1036-9
[2026-08-11 17:30:19.250191] [INFO] [path_server] 노드 업데이트 : [1073] ➜ [1074]
[2026-08-11 17:30:19.330054] [INFO] [path_server] 새로운 경로 설정 : path[1073 ➜ 9] time[0s] dist[31.6231m] list[20] : 1073-1074-1075-1076-1077-1078-1390-1391-1001-1002-1003-1004-1005-1006-1007-1008-1010-1019-1036-9
[2026-08-11 17:30:19.988719] [INFO] [path_server] 노드 업데이트 : [1074] ➜ [1075]
[2026-08-11 17:30:20.048651] [INFO] [path_server] 새로운 경로 설정 : path[1074 ➜ 9] time[0s] dist[30.1231m] list[19] : 1074-1075-1076-1077-1078-1390-1391-1001-1002-1003-1004-1005-1006-1007-1008-1010-1019-1036-9
[2026-08-11 17:30:20.747202] [INFO] [path_server] 노드 업데이트 : [1075] ➜ [1076]
[2026-08-11 17:30:20.827088] [INFO] [path_server] 새로운 경로 설정 : path[1075 ➜ 9] time[0s] dist[28.6231m] list[18] : 1075-1076-1077-1078-1390-1391-1001-1002-1003-1004-1005-1006-1007-1008-1010-1019-1036-9
[2026-08-11 17:30:22.144502] [INFO] [path_server] 노드 업데이트 : [1076] ➜ [1077]
[2026-08-11 17:30:22.204443] [INFO] [path_server] 새로운 경로 설정 : path[1076 ➜ 9] time[0s] dist[27.1231m] list[17] : 1076-1077-1078-1390-1391-1001-1002-1003-1004-1005-1006-1007-1008-1010-1019-1036-9
[2026-08-11 17:30:25.617491] [INFO] [path_server] 노드 업데이트 : [1077] ➜ [1078]
[2026-08-11 17:30:25.697422] [INFO] [path_server] 새로운 경로 설정 : path[1077 ➜ 9] time[0s] dist[25.6231m] list[16] : 1077-1078-1390-1391-1001-1002-1003-1004-1005-1006-1007-1008-1010-1019-1036-9
[2026-08-11 17:30:26.735385] [INFO] [path_server] 노드 업데이트 : [1078] ➜ [1390]
[2026-08-11 17:30:26.795305] [INFO] [path_server] 새로운 경로 설정 : path[1078 ➜ 9] time[0s] dist[24.1231m] list[15] : 1078-1390-1391-1001-1002-1003-1004-1005-1006-1007-1008-1010-1019-1036-9
[2026-08-11 17:30:27.553943] [INFO] [path_server] 노드 업데이트 : [1390] ➜ [1391]
[2026-08-11 17:30:27.633744] [INFO] [path_server] 새로운 경로 설정 : path[1390 ➜ 9] time[0s] dist[22.6231m] list[14] : 1390-1391-1001-1002-1003-1004-1005-1006-1007-1008-1010-1019-1036-9
[2026-08-11 17:30:28.312294] [INFO] [path_server] 노드 업데이트 : [1391] ➜ [1001]
[2026-08-11 17:30:28.392230] [INFO] [path_server] 새로운 경로 설정 : path[1391 ➜ 9] time[0s] dist[21.1231m] list[13] : 1391-1001-1002-1003-1004-1005-1006-1007-1008-1010-1019-1036-9
[2026-08-11 17:30:29.709569] [INFO] [path_server] 노드 업데이트 : [1001] ➜ [1002]
[2026-08-11 17:30:29.789423] [INFO] [path_server] 새로운 경로 설정 : path[1001 ➜ 9] time[0s] dist[19.6231m] list[12] : 1001-1002-1003-1004-1005-1006-1007-1008-1010-1019-1036-9
[2026-08-11 17:30:33.182614] [INFO] [path_server] 노드 업데이트 : [1002] ➜ [1003]
[2026-08-11 17:30:33.262498] [INFO] [path_server] 새로운 경로 설정 : path[1002 ➜ 9] time[0s] dist[18.1231m] list[11] : 1002-1003-1004-1005-1006-1007-1008-1010-1019-1036-9
[2026-08-11 17:30:34.280436] [INFO] [path_server] 노드 업데이트 : [1003] ➜ [1004]
[2026-08-11 17:30:34.340335] [INFO] [path_server] 새로운 경로 설정 : path[1003 ➜ 9] time[0s] dist[16.6231m] list[10] : 1003-1004-1005-1006-1007-1008-1010-1019-1036-9
[2026-08-11 17:30:35.098751] [INFO] [path_server] 노드 업데이트 : [1004] ➜ [1005]
[2026-08-11 17:30:35.178623] [INFO] [path_server] 새로운 경로 설정 : path[1004 ➜ 9] time[0s] dist[15.1231m] list[9] : 1004-1005-1006-1007-1008-1010-1019-1036-9
[2026-08-11 17:30:35.857153] [INFO] [path_server] 노드 업데이트 : [1005] ➜ [1006]
[2026-08-11 17:30:35.937039] [INFO] [path_server] 새로운 경로 설정 : path[1005 ➜ 9] time[0s] dist[13.6231m] list[8] : 1005-1006-1007-1008-1010-1019-1036-9
[2026-08-11 17:30:36.615632] [INFO] [path_server] 노드 업데이트 : [1006] ➜ [1007]
[2026-08-11 17:30:36.675551] [INFO] [path_server] 새로운 경로 설정 : path[1006 ➜ 9] time[0s] dist[12.1231m] list[7] : 1006-1007-1008-1010-1019-1036-9
[2026-08-11 17:30:37.354108] [INFO] [path_server] 노드 업데이트 : [1007] ➜ [1008]
[2026-08-11 17:30:37.434013] [INFO] [path_server] 새로운 경로 설정 : path[1007 ➜ 9] time[0s] dist[10.6231m] list[6] : 1007-1008-1010-1019-1036-9
[2026-08-11 17:30:38.112685] [INFO] [path_server] 노드 업데이트 : [1008] ➜ [1010]
[2026-08-11 17:30:38.192502] [INFO] [path_server] 새로운 경로 설정 : path[1008 ➜ 9] time[0s] dist[9.12311m] list[5] : 1008-1010-1019-1036-9
[2026-08-11 17:30:38.851244] [INFO] [path_server] 노드 업데이트 : [1010] ➜ [1019]
[2026-08-11 17:30:38.931097] [INFO] [path_server] 새로운 경로 설정 : path[1010 ➜ 9] time[0s] dist[7.62311m] list[4] : 1010-1019-1036-9
[2026-08-11 17:30:42.446531] [INFO] [path_server] 노드 업데이트 : [1019] ➜ [1036]
[2026-08-11 17:30:42.526365] [INFO] [path_server] 새로운 경로 설정 : path[1019 ➜ 9] time[0s] dist[3.5m] list[3] : 1019-1036-9
[2026-08-11 17:30:44.802113] [INFO] [path_server] 노드 업데이트 : [1036] ➜ [9]
[2026-08-11 17:30:44.861975] [INFO] [path_server] 새로운 경로 설정 : path[1036 ➜ 9] time[0s] dist[1.5m] list[2] : 1036-9
[2026-08-11 17:30:47.017532] [INFO] [path_server] 노드 업데이트 : [9] ➜ [-1]
[2026-08-11 17:30:49.911967] [INFO] [course_tracker] 목적지에서 각도 정렬 : [21.500m 24.000m 0.000°]
[2026-08-11 17:30:50.490814] [INFO] [path_server] 노드 업데이트 : [9] ➜ [-1]
[2026-08-11 17:30:50.510718] [INFO] [task::fsm] go_to_done
[2026-08-11 17:30:50.550694] [INFO] [task::fsm] unloading
[2026-08-11 17:30:50.550702] [INFO] [load_handler] 하차 시작
[2026-08-11 17:30:52.566802] [INFO] [load_handler] 하차 완료
[2026-08-11 17:30:52.586711] [INFO] [task::fsm] unloading_done
[2026-08-11 17:30:52.626678] [INFO] [task::fsm] idle
[2026-08-11 17:30:52.626687] [INFO] [path_server] 경로 삭제
[2026-08-11 17:30:52.626685] [INFO] [course_manager] 코스 삭제
[2026-08-11 17:30:57.756987] [INFO] [path_server] 새로운 경로 설정 : path[9 ➜ 208] time[0s] dist[25.9051m] list[15] : 9-1042-1048-1130-1051-1052-1198-1199-1053-1054-1055-1056-1057-1058-208
[2026-08-11 17:30:59.932792] [INFO] [path_server] 노드 업데이트 : [1042] ➜ [1048]
[2026-08-11 17:30:59.992675] [INFO] [path_server] 새로운 경로 설정 : path[1042 ➜ 208] time[0s] dist[23.9051m] list[14] : 1042-1048-1130-1051-1052-1198-1199-1053-1054-1055-1056-1057-1058-208
[2026-08-11 17:31:05.980712] [INFO] [path_server] 노드 업데이트 : [1048] ➜ [1130]
[2026-08-11 17:31:06.060656] [INFO] [path_server] 새로운 경로 설정 : path[1048 ➜ 208] time[0s] dist[20m] list[13] : 1048-1130-1051-1052-1198-1199-1053-1054-1055-1056-1057-1058-208
[2026-08-11 17:31:10.312299] [INFO] [path_server] 노드 업데이트 : [1130] ➜ [1051]
[2026-08-11 17:31:10.392208] [INFO] [path_server] 새로운 경로 설정 : path[1130 ➜ 208] time[0s] dist[17.5m] list[12] : 1130-1051-1052-1198-1199-1053-1054-1055-1056-1057-1058-208
[2026-08-11 17:31:12.049298] [INFO] [path_server] 노드 업데이트 : [1051] ➜ [1052]
[2026-08-11 17:31:12.129137] [INFO] [path_server] 새로운 경로 설정 : path[1051 ➜ 208] time[0s] dist[15m] list[11] : 1051-1052-1198-1199-1053-1054-1055-1056-1057-1058-208
[2026-08-11 17:31:16.281200] [INFO] [path_server] 노드 업데이트 : [1052] ➜ [1198]
[2026-08-11 17:31:16.361111] [INFO] [path_server] 새로운 경로 설정 : path[1052 ➜ 208] time[0s] dist[13.5m] list[10] : 1052-1198-1199-1053-1054-1055-1056-1057-1058-208
[2026-08-11 17:31:17.818337] [INFO] [path_server] 노드 업데이트 : [1198] ➜ [1199]
[2026-08-11 17:31:17.878231] [INFO] [path_server] 새로운 경로 설정 : path[1198 ➜ 208] time[0s] dist[12m] list[9] : 1198-1199-1053-1054-1055-1056-1057-1058-208
[2026-08-11 17:31:21.272590] [INFO] [path_server] 노드 업데이트 : [1199] ➜ [1053]
[2026-08-11 17:31:21.332476] [INFO] [path_server] 새로운 경로 설정 : path[1199 ➜ 208] time[0s] dist[10.5m] list[8] : 1199-1053-1054-1055-1056-1057-1058-208
[2026-08-11 17:31:22.370291] [INFO] [path_server] 노드 업데이트 : [1053] ➜ [1054]
[2026-08-11 17:31:22.450216] [INFO] [path_server] 새로운 경로 설정 : path[1053 ➜ 208] time[0s] dist[9m] list[7] : 1053-1054-1055-1056-1057-1058-208
[2026-08-11 17:31:23.188651] [INFO] [path_server] 노드 업데이트 : [1054] ➜ [1055]
[2026-08-11 17:31:23.248572] [INFO] [path_server] 새로운 경로 설정 : path[1054 ➜ 208] time[0s] dist[7.5m] list[6] : 1054-1055-1056-1057-1058-208
[2026-08-11 17:31:23.927173] [INFO] [path_server] 노드 업데이트 : [1055] ➜ [1056]
[2026-08-11 17:31:24.007098] [INFO] [path_server] 새로운 경로 설정 : path[1055 ➜ 208] time[0s] dist[6m] list[5] : 1055-1056-1057-1058-208
[2026-08-11 17:31:25.184681] [INFO] [path_server] 노드 업데이트 : [1056] ➜ [1057]
[2026-08-11 17:31:25.264577] [INFO] [path_server] 새로운 경로 설정 : path[1056 ➜ 208] time[0s] dist[4.5m] list[4] : 1056-1057-1058-208
[2026-08-11 17:31:28.477823] [INFO] [path_server] 노드 업데이트 : [1057] ➜ [1058]
[2026-08-11 17:31:28.557728] [INFO] [path_server] 새로운 경로 설정 : path[1057 ➜ 208] time[0s] dist[3m] list[3] : 1057-1058-208
[2026-08-11 17:31:31.272299] [INFO] [path_server] 노드 업데이트 : [1058] ➜ [208]
[2026-08-11 17:31:31.332199] [INFO] [path_server] 새로운 경로 설정 : path[1058 ➜ 208] time[0s] dist[1.5m] list[2] : 1058-208
[2026-08-11 17:31:35.264411] [INFO] [path_server] 노드 업데이트 : [208] ➜ [-1]
[2026-08-11 17:31:38.118914] [INFO] [course_tracker] 목적지에서 각도 정렬 : [29.000m 16.000m 0.000°]
[2026-08-11 17:31:38.777622] [INFO] [path_server] 노드 업데이트 : [208] ➜ [-1]
[2026-08-11 17:31:38.797555] [INFO] [task::fsm] push_done
[2026-08-11 17:31:38.857474] [INFO] [task::fsm] idle
[2026-08-11 17:31:38.857480] [INFO] [course_manager] 코스 삭제
[2026-08-11 17:31:38.857493] [INFO] [path_server] 경로 삭제
[2026-08-11 17:32:53.590081] [INFO] [path_server] 새로운 경로 설정 : path[208 ➜ 104] time[0s] dist[22.5m] list[16] : 208-1058-1059-1060-1061-1062-1063-1064-1065-40-1067-1068-1069-1070-1071-104
[2026-08-11 17:32:55.745677] [INFO] [path_server] 노드 업데이트 : [1058] ➜ [1059]
[2026-08-11 17:32:55.825561] [INFO] [path_server] 새로운 경로 설정 : path[1058 ➜ 104] time[0s] dist[21m] list[15] : 1058-1059-1060-1061-1062-1063-1064-1065-40-1067-1068-1069-1070-1071-104
[2026-08-11 17:32:59.098874] [INFO] [path_server] 노드 업데이트 : [1059] ➜ [1060]
[2026-08-11 17:32:59.178781] [INFO] [path_server] 새로운 경로 설정 : path[1059 ➜ 104] time[0s] dist[19.5m] list[14] : 1059-1060-1061-1062-1063-1064-1065-40-1067-1068-1069-1070-1071-104
[2026-08-11 17:33:00.216655] [INFO] [path_server] 노드 업데이트 : [1060] ➜ [1061]
[2026-08-11 17:33:00.276565] [INFO] [path_server] 새로운 경로 설정 : path[1060 ➜ 104] time[0s] dist[18m] list[13] : 1060-1061-1062-1063-1064-1065-40-1067-1068-1069-1070-1071-104
[2026-08-11 17:33:01.055066] [INFO] [path_server] 노드 업데이트 : [1061] ➜ [1062]
[2026-08-11 17:33:01.115016] [INFO] [path_server] 새로운 경로 설정 : path[1061 ➜ 104] time[0s] dist[16.5m] list[12] : 1061-1062-1063-1064-1065-40-1067-1068-1069-1070-1071-104
[2026-08-11 17:33:01.793490] [INFO] [path_server] 노드 업데이트 : [1062] ➜ [1063]
[2026-08-11 17:33:01.873420] [INFO] [path_server] 새로운 경로 설정 : path[1062 ➜ 104] time[0s] dist[15m] list[11] : 1062-1063-1064-1065-40-1067-1068-1069-1070-1071-104
[2026-08-11 17:33:02.552043] [INFO] [path_server] 노드 업데이트 : [1063] ➜ [1064]
[2026-08-11 17:33:02.611943] [INFO] [path_server] 새로운 경로 설정 : path[1063 ➜ 104] time[0s] dist[13.5m] list[10] : 1063-1064-1065-40-1067-1068-1069-1070-1071-104
[2026-08-11 17:33:03.290585] [INFO] [path_server] 노드 업데이트 : [1064] ➜ [1065]
[2026-08-11 17:33:03.370518] [INFO] [path_server] 새로운 경로 설정 : path[1064 ➜ 104] time[0s] dist[12m] list[9] : 1064-1065-40-1067-1068-1069-1070-1071-104
[2026-08-11 17:33:04.049074] [INFO] [path_server] 노드 업데이트 : [1065] ➜ [40]
[2026-08-11 17:33:04.108977] [INFO] [path_server] 새로운 경로 설정 : path[1065 ➜ 104] time[0s] dist[10.5m] list[8] : 1065-40-1067-1068-1069-1070-1071-104
[2026-08-11 17:33:04.787578] [INFO] [path_server] 노드 업데이트 : [40] ➜ [1067]
[2026-08-11 17:33:04.867500] [INFO] [path_server] 새로운 경로 설정 : path[40 ➜ 104] time[0s] dist[9m] list[7] : 40-1067-1068-1069-1070-1071-104
[2026-08-11 17:33:05.547567] [INFO] [path_server] 노드 업데이트 : [1067] ➜ [1068]
[2026-08-11 17:33:05.607791] [INFO] [path_server] 새로운 경로 설정 : path[1067 ➜ 104] time[0s] dist[7.5m] list[6] : 1067-1068-1069-1070-1071-104
[2026-08-11 17:33:06.289474] [INFO] [path_server] 노드 업데이트 : [1068] ➜ [1069]
[2026-08-11 17:33:06.369813] [INFO] [path_server] 새로운 경로 설정 : path[1068 ➜ 104] time[0s] dist[6m] list[5] : 1068-1069-1070-1071-104
[2026-08-11 17:33:07.051828] [INFO] [path_server] 노드 업데이트 : [1069] ➜ [1070]
[2026-08-11 17:33:07.111703] [INFO] [path_server] 새로운 경로 설정 : path[1069 ➜ 104] time[0s] dist[4.5m] list[4] : 1069-1070-1071-104
[2026-08-11 17:33:07.790317] [INFO] [path_server] 노드 업데이트 : [1070] ➜ [1071]
[2026-08-11 17:33:07.870238] [INFO] [path_server] 새로운 경로 설정 : path[1070 ➜ 104] time[0s] dist[3m] list[3] : 1070-1071-104
[2026-08-11 17:33:09.127636] [INFO] [path_server] 노드 업데이트 : [1071] ➜ [104]
[2026-08-11 17:33:09.207506] [INFO] [path_server] 새로운 경로 설정 : path[1071 ➜ 104] time[0s] dist[1.5m] list[2] : 1071-104
[2026-08-11 17:33:13.099950] [INFO] [path_server] 노드 업데이트 : [104] ➜ [-1]
[2026-08-11 17:33:15.954185] [INFO] [course_tracker] 목적지에서 각도 정렬 : [9.500m 19.000m 0.000°]
[2026-08-11 17:33:16.952133] [INFO] [path_server] 노드 업데이트 : [104] ➜ [-1]
[2026-08-11 17:33:16.972143] [INFO] [task::fsm] push_done
[2026-08-11 17:33:17.031994] [INFO] [task::fsm] charging
[2026-08-11 17:33:17.032003] [INFO] [power_system] 충전 프로세스 시작
[2026-08-11 17:33:17.032029] [INFO] [health_monitor] [등록][100015, 100001] : 자동 충전 시작.
[2026-08-11 17:33:22.043139] [INFO] [health_monitor] [삭제][100015, 100001] : 자동 충전 시작.
[2026-08-11 17:33:33.106563] [INFO] [power_system] 충전 완료
[2026-08-11 17:33:33.106586] [INFO] [health_monitor] [등록][100015, 100003] : 자동 충전 해제 시작.
[2026-08-11 17:33:33.106582] [INFO] [health_monitor] [등록][100015, 100002] : 배터리 가득.
[2026-08-11 17:33:37.178975] [INFO] [path_server] 새로운 경로 설정 : path[104 ➜ 204] time[0s] dist[22.5m] list[16] : 104-1071-1072-1073-1074-1075-1076-1159-1158-1157-1160-1161-1162-1163-1164-204
[2026-08-11 17:33:38.117296] [INFO] [health_monitor] [삭제][100015, 100002] : 배터리 가득.
[2026-08-11 17:33:38.117307] [INFO] [health_monitor] [삭제][100015, 100003] : 자동 충전 해제 시작.
[2026-08-11 17:33:41.032192] [INFO] [path_server] 노드 업데이트 : [1071] ➜ [1072]
[2026-08-11 17:33:41.092130] [INFO] [path_server] 새로운 경로 설정 : path[1071 ➜ 204] time[0s] dist[21m] list[15] : 1071-1072-1073-1074-1075-1076-1159-1158-1157-1160-1161-1162-1163-1164-204
[2026-08-11 17:33:44.625530] [INFO] [path_server] 노드 업데이트 : [1072] ➜ [1073]
[2026-08-11 17:33:44.685435] [INFO] [path_server] 새로운 경로 설정 : path[1072 ➜ 204] time[0s] dist[19.5m] list[14] : 1072-1073-1074-1075-1076-1159-1158-1157-1160-1161-1162-1163-1164-204
[2026-08-11 17:33:45.743271] [INFO] [path_server] 노드 업데이트 : [1073] ➜ [1074]
[2026-08-11 17:33:45.823152] [INFO] [path_server] 새로운 경로 설정 : path[1073 ➜ 204] time[0s] dist[18m] list[13] : 1073-1074-1075-1076-1159-1158-1157-1160-1161-1162-1163-1164-204
[2026-08-11 17:33:46.561560] [INFO] [path_server] 노드 업데이트 : [1074] ➜ [1075]
[2026-08-11 17:33:46.641497] [INFO] [path_server] 새로운 경로 설정 : path[1074 ➜ 204] time[0s] dist[16.5m] list[12] : 1074-1075-1076-1159-1158-1157-1160-1161-1162-1163-1164-204
[2026-08-11 17:33:47.320034] [INFO] [path_server] 노드 업데이트 : [1075] ➜ [1076]
[2026-08-11 17:33:47.379955] [INFO] [path_server] 새로운 경로 설정 : path[1075 ➜ 204] time[0s] dist[15m] list[11] : 1075-1076-1159-1158-1157-1160-1161-1162-1163-1164-204
[2026-08-11 17:33:48.717017] [INFO] [path_server] 노드 업데이트 : [1076] ➜ [1159]
[2026-08-11 17:33:48.796922] [INFO] [path_server] 새로운 경로 설정 : path[1076 ➜ 204] time[0s] dist[13.5m] list[10] : 1076-1159-1158-1157-1160-1161-1162-1163-1164-204
[2026-08-11 17:33:52.190028] [INFO] [path_server] 노드 업데이트 : [1159] ➜ [1158]
[2026-08-11 17:33:52.269895] [INFO] [path_server] 새로운 경로 설정 : path[1159 ➜ 204] time[0s] dist[12m] list[9] : 1159-1158-1157-1160-1161-1162-1163-1164-204
[2026-08-11 17:33:53.287816] [INFO] [path_server] 노드 업데이트 : [1158] ➜ [1157]
[2026-08-11 17:33:53.347769] [INFO] [path_server] 새로운 경로 설정 : path[1158 ➜ 204] time[0s] dist[10.5m] list[8] : 1158-1157-1160-1161-1162-1163-1164-204
[2026-08-11 17:33:54.705135] [INFO] [path_server] 노드 업데이트 : [1157] ➜ [1160]
[2026-08-11 17:33:54.785008] [INFO] [path_server] 새로운 경로 설정 : path[1157 ➜ 204] time[0s] dist[9m] list[7] : 1157-1160-1161-1162-1163-1164-204
[2026-08-11 17:33:58.158323] [INFO] [path_server] 노드 업데이트 : [1160] ➜ [1161]
[2026-08-11 17:33:58.238261] [INFO] [path_server] 새로운 경로 설정 : path[1160 ➜ 204] time[0s] dist[7.5m] list[6] : 1160-1161-1162-1163-1164-204
[2026-08-11 17:33:59.256309] [INFO] [path_server] 노드 업데이트 : [1161] ➜ [1162]
[2026-08-11 17:33:59.336157] [INFO] [path_server] 새로운 경로 설정 : path[1161 ➜ 204] time[0s] dist[6m] list[5] : 1161-1162-1163-1164-204
[2026-08-11 17:34:00.074661] [INFO] [path_server] 노드 업데이트 : [1162] ➜ [1163]
[2026-08-11 17:34:00.154578] [INFO] [path_server] 새로운 경로 설정 : path[1162 ➜ 204] time[0s] dist[4.5m] list[4] : 1162-1163-1164-204
[2026-08-11 17:34:00.813279] [INFO] [path_server] 노드 업데이트 : [1163] ➜ [1164]
[2026-08-11 17:34:00.893171] [INFO] [path_server] 새로운 경로 설정 : path[1163 ➜ 204] time[0s] dist[3m] list[3] : 1163-1164-204
[2026-08-11 17:34:03.567736] [INFO] [path_server] 노드 업데이트 : [1164] ➜ [204]
[2026-08-11 17:34:03.627620] [INFO] [path_server] 새로운 경로 설정 : path[1164 ➜ 204] time[0s] dist[1.5m] list[2] : 1164-204
[2026-08-11 17:34:07.759272] [INFO] [path_server] 노드 업데이트 : [204] ➜ [-1]
[2026-08-11 17:34:10.593279] [INFO] [course_tracker] 목적지에서 각도 정렬 : [9.500m 14.500m 0.000°]
[2026-08-11 17:34:11.571410] [INFO] [path_server] 노드 업데이트 : [204] ➜ [-1]
[2026-08-11 17:34:11.591359] [INFO] [task::fsm] push_done
[2026-08-11 17:34:11.651247] [INFO] [task::fsm] idle
[2026-08-11 17:34:11.651253] [INFO] [course_manager] 코스 삭제
[2026-08-11 17:34:11.651255] [INFO] [path_server] 경로 삭제
[2026-08-11 17:34:34.369172] [INFO] [framework] 프로그램 시작
[2026-08-11 17:34:34.369177] [WARNING] [framework] 프로그램 시작
[2026-08-11 17:34:34.369181] [CRITICAL] [framework] 프로그램 시작
[2026-08-11 17:34:34.369182] [INFO] [framework] 설정 파일 위치 : ../configs/robot_9
[2026-08-11 17:34:46.272374] [INFO] [framework] 프로그램 시작
[2026-08-11 17:34:46.272379] [CRITICAL] [framework] 프로그램 시작
[2026-08-11 17:34:46.272379] [INFO] [framework] 설정 파일 위치 : ../configs/robot_9
[2026-08-11 17:34:46.272377] [WARNING] [framework] 프로그램 시작
[2026-08-11 17:34:46.272487] [INFO] [framework] ID[0, 9], 이름[임나인], 제어주기[20ms], 버젼[], 장소[우리집], 환경모드[simulation]
[2026-08-11 17:34:46.272508] [INFO] [mediator] 생성
[2026-08-11 17:34:46.272530] [INFO] [graph_manager] 생성
[2026-08-11 17:34:46.316022] [INFO] [stop_server] 생성
[2026-08-11 17:34:46.316041] [INFO] [health_monitor] 생성
[2026-08-11 17:34:46.316065] [INFO] [path_server] 생성
[2026-08-11 17:34:46.316082] [INFO] [course_manager] 생성
[2026-08-11 17:34:46.316095] [INFO] [task::fsm] 생성
[2026-08-11 17:34:46.316096] [INFO] [task::fsm] idle
[2026-08-11 17:34:46.316103] [INFO] [course_manager] 코스 삭제
[2026-08-11 17:34:46.316103] [INFO] [path_server] 경로 삭제
[2026-08-11 17:34:46.316116] [INFO] [task_manager] 생성
[2026-08-11 17:34:46.316252] [INFO] [mediator] connectors 생성
[2026-08-11 17:34:46.316273] [INFO] [fms] 생성
[2026-08-11 17:34:46.316276] [INFO] [fms] 통신 드라이버 생성
[2026-08-11 17:34:46.316653] [INFO] [motions] 생성
[2026-08-11 17:34:46.316675] [INFO] [localizers] 생성
[2026-08-11 17:34:46.316828] [INFO] [localizers] 파라미터 : 

[2026-08-11 17:34:46.316853] [INFO] [safety_plc] 생성
[2026-08-11 17:34:46.316867] [INFO] [load_handler] 생성
[2026-08-11 17:34:46.316880] [INFO] [power_system] 생성
[2026-08-11 17:34:46.316989] [INFO] [power_system] 설정 정보 : remaining[40%, 10%, 5%]
[2026-08-11 17:34:46.317468] [INFO] [power_system] 알람 목록 : 
 • [100015, 100001] [INFO] 자동 충전 시작.
 • [100015, 100002] [INFO] 배터리 가득.
 • [100015, 400001] [CRIT] 배터리 남은 양 - 위험
 • [100015, 300001] [ERROR] 배터리 남은 양 - 에러
 • [100015, 200001] [WARN] 배터리 남은 양 - 주의
 • [100015, 100004] [INFO] 자동 충전 해제 완료.
 • [100015, 100003] [INFO] 자동 충전 해제 시작.
[2026-08-11 17:34:46.317472] [INFO] [mediator] connector 의존성 주입
[2026-08-11 17:34:46.317482] [INFO] [mediator] any map 등록
[2026-08-11 17:34:46.317492] [INFO] [mediator] any collector 등록
[2026-08-11 17:34:46.317495] [INFO] [mediator] any collector 목록 검사
[2026-08-11 17:34:46.317565] [INFO] [framework] after init 실행
[2026-08-11 17:34:46.317970] [INFO] [course_tracker] 생성
[2026-08-11 17:34:46.317993] [INFO] [course_tracker] 파라미터 : 
◈ node_bound[0.020m, 0.150m, 0.005m]
 • approach[0.150m, 0.050m/s, -0.005m, -0.200m, 0.100m]
 • align[(10.000°, 5.000°/s), 50.000°, 30.000°/s), 0.800°, -0.100°]
◈ motion param : 
 • reference_angle[0.000°, 45.000°]
 • threshold_angle[15.000°, 20.000°, 170.000°]
 • threshold_error[0.300°, 5.000°]
 • normal[0.150m/s, 8.000, 0.800m/s, 0.500]
 • angle[0.150m/s, 1.500, 0.800m/s, 2.100]
 • protection_overshoot[0.100m/s, 0.900, 0.500m/s, 0.900]
 • speed_rotation[15.000°/s]
[2026-08-11 17:34:46.317997] [INFO] [framework] 제어 쓰레드 시작
[2026-08-11 17:34:46.318067] [INFO] [path_server] 노드 초기화 성공 : 로봇 좌표[9.489m 14.497m -89.917°] 최단 거리 노드[204] 거리(0.011554m)
[2026-08-11 17:34:54.881126] [INFO] [path_server] 새로운 경로 설정 : path[204 ➜ 107] time[0s] dist[19.5m] list[14] : 204-1164-1165-1166-1167-1168-41-1170-1171-1172-1173-1174-1175-107
[2026-08-11 17:40:32.793909] [INFO] [framework] 프로그램 시작
[2026-08-11 17:40:32.793914] [WARNING] [framework] 프로그램 시작
[2026-08-11 17:40:32.793915] [INFO] [framework] 설정 파일 위치 : ../configs/robot_9
[2026-08-11 17:40:32.793915] [CRITICAL] [framework] 프로그램 시작
[2026-08-11 17:40:32.794039] [INFO] [framework] ID[0, 9], 이름[임나인], 제어주기[20ms], 버젼[], 장소[우리집], 환경모드[simulation]
[2026-08-11 17:40:32.794063] [INFO] [mediator] 생성
[2026-08-11 17:40:32.794081] [INFO] [graph_manager] 생성
[2026-08-11 17:40:32.826731] [INFO] [stop_server] 생성
[2026-08-11 17:40:32.826750] [INFO] [health_monitor] 생성
[2026-08-11 17:40:32.826783] [INFO] [path_server] 생성
[2026-08-11 17:40:32.826802] [INFO] [course_manager] 생성
[2026-08-11 17:40:32.826821] [INFO] [task::fsm] 생성
[2026-08-11 17:40:32.826822] [INFO] [task::fsm] idle
[2026-08-11 17:40:32.826825] [INFO] [course_manager] 코스 삭제
[2026-08-11 17:40:32.826825] [INFO] [path_server] 경로 삭제
[2026-08-11 17:40:32.826838] [INFO] [task_manager] 생성
[2026-08-11 17:40:32.826963] [INFO] [mediator] connectors 생성
[2026-08-11 17:40:32.826984] [INFO] [fms] 생성
[2026-08-11 17:40:32.826985] [INFO] [fms] 통신 드라이버 생성
[2026-08-11 17:40:32.827296] [INFO] [motions] 생성
[2026-08-11 17:40:32.827318] [INFO] [localizers] 생성
[2026-08-11 17:40:32.827410] [INFO] [localizers] 파라미터 : 

[2026-08-11 17:40:32.827431] [INFO] [safety_plc] 생성
[2026-08-11 17:40:32.827445] [INFO] [load_handler] 생성
[2026-08-11 17:40:32.827461] [INFO] [power_system] 생성
[2026-08-11 17:40:32.827572] [INFO] [power_system] 설정 정보 : remaining[40%, 10%, 5%]
[2026-08-11 17:40:32.828034] [INFO] [power_system] 알람 목록 : 
 • [100015, 100001] [INFO] 자동 충전 시작.
 • [100015, 100002] [INFO] 배터리 가득.
 • [100015, 400001] [CRIT] 배터리 남은 양 - 위험
 • [100015, 300001] [ERROR] 배터리 남은 양 - 에러
 • [100015, 200001] [WARN] 배터리 남은 양 - 주의
 • [100015, 100004] [INFO] 자동 충전 해제 완료.
 • [100015, 100003] [INFO] 자동 충전 해제 시작.
[2026-08-11 17:40:32.828037] [INFO] [mediator] connector 의존성 주입
[2026-08-11 17:40:32.828047] [INFO] [mediator] any map 등록
[2026-08-11 17:40:32.828055] [INFO] [mediator] any collector 등록
[2026-08-11 17:40:32.828058] [INFO] [mediator] any collector 목록 검사
[2026-08-11 17:40:32.828114] [INFO] [framework] after init 실행
[2026-08-11 17:40:32.828498] [INFO] [course_tracker] 생성
[2026-08-11 17:40:32.828521] [INFO] [course_tracker] 파라미터 : 
◈ node_bound[0.020m, 0.150m, 0.005m]
 • approach[0.150m, 0.050m/s, -0.005m, -0.200m, 0.100m]
 • align[(10.000°, 5.000°/s), 50.000°, 30.000°/s), 0.800°, -0.100°]
◈ motion param : 
 • reference_angle[0.000°, 45.000°]
 • threshold_angle[15.000°, 20.000°, 170.000°]
 • threshold_error[0.300°, 5.000°]
 • normal[0.150m/s, 8.000, 0.800m/s, 0.500]
 • angle[0.150m/s, 1.500, 0.800m/s, 2.100]
 • protection_overshoot[0.100m/s, 0.900, 0.500m/s, 0.900]
 • speed_rotation[15.000°/s]
[2026-08-11 17:40:32.828526] [INFO] [framework] 제어 쓰레드 시작
[2026-08-11 17:40:32.828584] [INFO] [path_server] 노드 초기화 성공 : 로봇 좌표[9.489m 18.997m 90.045°] 최단 거리 노드[104] 거리(0.011735m)
[2026-08-11 17:40:32.928415] [INFO] [task::fsm] charging
[2026-08-11 17:40:32.928422] [INFO] [power_system] 충전 프로세스 시작
[2026-08-11 17:40:32.928449] [INFO] [health_monitor] [등록][100015, 100001] : 자동 충전 시작.
[2026-08-11 17:40:37.938238] [INFO] [health_monitor] [삭제][100015, 100001] : 자동 충전 시작.
[2026-08-11 17:40:50.074798] [INFO] [power_system] 충전 완료
[2026-08-11 17:40:50.074813] [INFO] [health_monitor] [등록][100015, 100002] : 배터리 가득.
[2026-08-11 17:40:50.074816] [INFO] [health_monitor] [등록][100015, 100003] : 자동 충전 해제 시작.
[2026-08-11 17:40:55.092499] [INFO] [health_monitor] [삭제][100015, 100002] : 배터리 가득.
[2026-08-11 17:40:55.092507] [INFO] [health_monitor] [삭제][100015, 100003] : 자동 충전 해제 시작.
[2026-08-11 17:40:55.112481] [INFO] [power_system] 충전 해제 완료
[2026-08-11 17:40:55.112492] [INFO] [health_monitor] [등록][100015, 100004] : 자동 충전 해제 완료.
[2026-08-11 17:40:55.132442] [INFO] [task::fsm] discharging
[2026-08-11 17:40:55.132450] [INFO] [power_system] 충전 해제 프로세스 시작
[2026-08-11 17:40:55.132459] [INFO] [health_monitor] [등록][100015, 100003] : 자동 충전 해제 시작.
[2026-08-11 17:40:55.152364] [INFO] [task::fsm] idle
[2026-08-11 17:40:55.152370] [INFO] [course_manager] 코스 삭제
[2026-08-11 17:40:55.152372] [INFO] [path_server] 경로 삭제
[2026-08-11 17:40:55.192346] [INFO] [task::fsm] idle
[2026-08-11 17:40:55.192353] [INFO] [course_manager] 코스 삭제
[2026-08-11 17:40:55.192355] [INFO] [path_server] 경로 삭제
[2026-08-11 17:41:00.122671] [INFO] [health_monitor] [삭제][100015, 100004] : 자동 충전 해제 완료.
[2026-08-11 17:41:00.142681] [INFO] [health_monitor] [삭제][100015, 100003] : 자동 충전 해제 시작.
[2026-08-11 17:41:24.437032] [INFO] [path_server] 새로운 경로 설정 : path[104 ➜ 208] time[0s] dist[55.5m] list[38] : 104-1071-1072-1073-1074-1075-1076-1159-1158-1157-1160-1161-1162-1163-1164-1165-1166-1167-1168-41-1170-1171-1172-1173-1174-1175-1176-1177-1178-1081-1185-1186-1187-1188-1056-1057-1058-208
[2026-08-11 17:41:28.309363] [INFO] [path_server] 노드 업데이트 : [1071] ➜ [1072]
[2026-08-11 17:41:28.389253] [INFO] [path_server] 새로운 경로 설정 : path[1071 ➜ 208] time[0s] dist[54m] list[37] : 1071-1072-1073-1074-1075-1076-1159-1158-1157-1160-1161-1162-1163-1164-1165-1166-1167-1168-41-1170-1171-1172-1173-1174-1175-1176-1177-1178-1081-1185-1186-1187-1188-1056-1057-1058-208
[2026-08-11 17:41:31.902093] [INFO] [path_server] 노드 업데이트 : [1072] ➜ [1073]
[2026-08-11 17:41:31.962005] [INFO] [path_server] 새로운 경로 설정 : path[1072 ➜ 208] time[0s] dist[52.5m] list[36] : 1072-1073-1074-1075-1076-1159-1158-1157-1160-1161-1162-1163-1164-1165-1166-1167-1168-41-1170-1171-1172-1173-1174-1175-1176-1177-1178-1081-1185-1186-1187-1188-1056-1057-1058-208
[2026-08-11 17:41:33.019915] [INFO] [path_server] 노드 업데이트 : [1073] ➜ [1074]
[2026-08-11 17:41:33.099774] [INFO] [path_server] 새로운 경로 설정 : path[1073 ➜ 208] time[0s] dist[51m] list[35] : 1073-1074-1075-1076-1159-1158-1157-1160-1161-1162-1163-1164-1165-1166-1167-1168-41-1170-1171-1172-1173-1174-1175-1176-1177-1178-1081-1185-1186-1187-1188-1056-1057-1058-208
[2026-08-11 17:41:33.838121] [INFO] [path_server] 노드 업데이트 : [1074] ➜ [1075]
[2026-08-11 17:41:33.918091] [INFO] [path_server] 새로운 경로 설정 : path[1074 ➜ 208] time[0s] dist[49.5m] list[34] : 1074-1075-1076-1159-1158-1157-1160-1161-1162-1163-1164-1165-1166-1167-1168-41-1170-1171-1172-1173-1174-1175-1176-1177-1178-1081-1185-1186-1187-1188-1056-1057-1058-208
[2026-08-11 17:41:34.596563] [INFO] [path_server] 노드 업데이트 : [1075] ➜ [1076]
[2026-08-11 17:41:34.656508] [INFO] [path_server] 새로운 경로 설정 : path[1075 ➜ 208] time[0s] dist[48m] list[33] : 1075-1076-1159-1158-1157-1160-1161-1162-1163-1164-1165-1166-1167-1168-41-1170-1171-1172-1173-1174-1175-1176-1177-1178-1081-1185-1186-1187-1188-1056-1057-1058-208
[2026-08-11 17:41:35.994125] [INFO] [path_server] 노드 업데이트 : [1076] ➜ [1159]
[2026-08-11 17:41:36.074070] [INFO] [path_server] 새로운 경로 설정 : path[1076 ➜ 208] time[0s] dist[46.5m] list[32] : 1076-1159-1158-1157-1160-1161-1162-1163-1164-1165-1166-1167-1168-41-1170-1171-1172-1173-1174-1175-1176-1177-1178-1081-1185-1186-1187-1188-1056-1057-1058-208
[2026-08-11 17:41:39.467240] [INFO] [path_server] 노드 업데이트 : [1159] ➜ [1158]
[2026-08-11 17:41:39.547185] [INFO] [path_server] 새로운 경로 설정 : path[1159 ➜ 208] time[0s] dist[45m] list[31] : 1159-1158-1157-1160-1161-1162-1163-1164-1165-1166-1167-1168-41-1170-1171-1172-1173-1174-1175-1176-1177-1178-1081-1185-1186-1187-1188-1056-1057-1058-208
[2026-08-11 17:41:40.565064] [INFO] [path_server] 노드 업데이트 : [1158] ➜ [1157]
[2026-08-11 17:41:40.624992] [INFO] [path_server] 새로운 경로 설정 : path[1158 ➜ 208] time[0s] dist[43.5m] list[30] : 1158-1157-1160-1161-1162-1163-1164-1165-1166-1167-1168-41-1170-1171-1172-1173-1174-1175-1176-1177-1178-1081-1185-1186-1187-1188-1056-1057-1058-208
[2026-08-11 17:41:41.982296] [INFO] [path_server] 노드 업데이트 : [1157] ➜ [1160]
[2026-08-11 17:41:42.062159] [INFO] [path_server] 새로운 경로 설정 : path[1157 ➜ 208] time[0s] dist[42m] list[29] : 1157-1160-1161-1162-1163-1164-1165-1166-1167-1168-41-1170-1171-1172-1173-1174-1175-1176-1177-1178-1081-1185-1186-1187-1188-1056-1057-1058-208
[2026-08-11 17:41:45.435529] [INFO] [path_server] 노드 업데이트 : [1160] ➜ [1161]
[2026-08-11 17:41:45.515460] [INFO] [path_server] 새로운 경로 설정 : path[1160 ➜ 208] time[0s] dist[40.5m] list[28] : 1160-1161-1162-1163-1164-1165-1166-1167-1168-41-1170-1171-1172-1173-1174-1175-1176-1177-1178-1081-1185-1186-1187-1188-1056-1057-1058-208
[2026-08-11 17:41:46.533376] [INFO] [path_server] 노드 업데이트 : [1161] ➜ [1162]
[2026-08-11 17:41:46.613260] [INFO] [path_server] 새로운 경로 설정 : path[1161 ➜ 208] time[0s] dist[39m] list[27] : 1161-1162-1163-1164-1165-1166-1167-1168-41-1170-1171-1172-1173-1174-1175-1176-1177-1178-1081-1185-1186-1187-1188-1056-1057-1058-208
[2026-08-11 17:41:47.351588] [INFO] [path_server] 노드 업데이트 : [1162] ➜ [1163]
[2026-08-11 17:41:47.431528] [INFO] [path_server] 새로운 경로 설정 : path[1162 ➜ 208] time[0s] dist[37.5m] list[26] : 1162-1163-1164-1165-1166-1167-1168-41-1170-1171-1172-1173-1174-1175-1176-1177-1178-1081-1185-1186-1187-1188-1056-1057-1058-208
[2026-08-11 17:41:48.090205] [INFO] [path_server] 노드 업데이트 : [1163] ➜ [1164]
[2026-08-11 17:41:48.170070] [INFO] [path_server] 새로운 경로 설정 : path[1163 ➜ 208] time[0s] dist[36m] list[25] : 1163-1164-1165-1166-1167-1168-41-1170-1171-1172-1173-1174-1175-1176-1177-1178-1081-1185-1186-1187-1188-1056-1057-1058-208
[2026-08-11 17:41:48.848566] [INFO] [path_server] 노드 업데이트 : [1164] ➜ [1165]
[2026-08-11 17:41:48.928511] [INFO] [path_server] 새로운 경로 설정 : path[1164 ➜ 208] time[0s] dist[34.5m] list[24] : 1164-1165-1166-1167-1168-41-1170-1171-1172-1173-1174-1175-1176-1177-1178-1081-1185-1186-1187-1188-1056-1057-1058-208
[2026-08-11 17:41:49.607149] [INFO] [path_server] 노드 업데이트 : [1165] ➜ [1166]
[2026-08-11 17:41:49.667052] [INFO] [path_server] 새로운 경로 설정 : path[1165 ➜ 208] time[0s] dist[33m] list[23] : 1165-1166-1167-1168-41-1170-1171-1172-1173-1174-1175-1176-1177-1178-1081-1185-1186-1187-1188-1056-1057-1058-208
[2026-08-11 17:41:50.345749] [INFO] [path_server] 노드 업데이트 : [1166] ➜ [1167]
[2026-08-11 17:41:50.425685] [INFO] [path_server] 새로운 경로 설정 : path[1166 ➜ 208] time[0s] dist[31.5m] list[22] : 1166-1167-1168-41-1170-1171-1172-1173-1174-1175-1176-1177-1178-1081-1185-1186-1187-1188-1056-1057-1058-208
[2026-08-11 17:41:51.104243] [INFO] [path_server] 노드 업데이트 : [1167] ➜ [1168]
[2026-08-11 17:41:51.184187] [INFO] [path_server] 새로운 경로 설정 : path[1167 ➜ 208] time[0s] dist[30m] list[21] : 1167-1168-41-1170-1171-1172-1173-1174-1175-1176-1177-1178-1081-1185-1186-1187-1188-1056-1057-1058-208
[2026-08-11 17:41:51.842804] [INFO] [path_server] 노드 업데이트 : [1168] ➜ [41]
[2026-08-11 17:41:51.922696] [INFO] [path_server] 새로운 경로 설정 : path[1168 ➜ 208] time[0s] dist[28.5m] list[20] : 1168-41-1170-1171-1172-1173-1174-1175-1176-1177-1178-1081-1185-1186-1187-1188-1056-1057-1058-208
[2026-08-11 17:41:52.601285] [INFO] [path_server] 노드 업데이트 : [41] ➜ [1170]
[2026-08-11 17:41:52.681226] [INFO] [path_server] 새로운 경로 설정 : path[41 ➜ 208] time[0s] dist[27m] list[19] : 41-1170-1171-1172-1173-1174-1175-1176-1177-1178-1081-1185-1186-1187-1188-1056-1057-1058-208
[2026-08-11 17:41:53.339859] [INFO] [path_server] 노드 업데이트 : [1170] ➜ [1171]
[2026-08-11 17:41:53.419774] [INFO] [path_server] 새로운 경로 설정 : path[1170 ➜ 208] time[0s] dist[25.5m] list[18] : 1170-1171-1172-1173-1174-1175-1176-1177-1178-1081-1185-1186-1187-1188-1056-1057-1058-208
[2026-08-11 17:41:54.098320] [INFO] [path_server] 노드 업데이트 : [1171] ➜ [1172]
[2026-08-11 17:41:54.178241] [INFO] [path_server] 새로운 경로 설정 : path[1171 ➜ 208] time[0s] dist[24m] list[17] : 1171-1172-1173-1174-1175-1176-1177-1178-1081-1185-1186-1187-1188-1056-1057-1058-208
[2026-08-11 17:41:54.856865] [INFO] [path_server] 노드 업데이트 : [1172] ➜ [1173]
[2026-08-11 17:41:54.916799] [INFO] [path_server] 새로운 경로 설정 : path[1172 ➜ 208] time[0s] dist[22.5m] list[16] : 1172-1173-1174-1175-1176-1177-1178-1081-1185-1186-1187-1188-1056-1057-1058-208
[2026-08-11 17:41:55.595389] [INFO] [path_server] 노드 업데이트 : [1173] ➜ [1174]
[2026-08-11 17:41:55.675330] [INFO] [path_server] 새로운 경로 설정 : path[1173 ➜ 208] time[0s] dist[21m] list[15] : 1173-1174-1175-1176-1177-1178-1081-1185-1186-1187-1188-1056-1057-1058-208
[2026-08-11 17:41:56.353937] [INFO] [path_server] 노드 업데이트 : [1174] ➜ [1175]
[2026-08-11 17:41:56.413810] [INFO] [path_server] 새로운 경로 설정 : path[1174 ➜ 208] time[0s] dist[19.5m] list[14] : 1174-1175-1176-1177-1178-1081-1185-1186-1187-1188-1056-1057-1058-208
[2026-08-11 17:41:57.092402] [INFO] [path_server] 노드 업데이트 : [1175] ➜ [1176]
[2026-08-11 17:41:57.172323] [INFO] [path_server] 새로운 경로 설정 : path[1175 ➜ 208] time[0s] dist[18m] list[13] : 1175-1176-1177-1178-1081-1185-1186-1187-1188-1056-1057-1058-208
[2026-08-11 17:41:57.850947] [INFO] [path_server] 노드 업데이트 : [1176] ➜ [1177]
[2026-08-11 17:41:57.910811] [INFO] [path_server] 새로운 경로 설정 : path[1176 ➜ 208] time[0s] dist[16.5m] list[12] : 1176-1177-1178-1081-1185-1186-1187-1188-1056-1057-1058-208
[2026-08-11 17:41:58.589590] [INFO] [path_server] 노드 업데이트 : [1177] ➜ [1178]
[2026-08-11 17:41:58.669523] [INFO] [path_server] 새로운 경로 설정 : path[1177 ➜ 208] time[0s] dist[15m] list[11] : 1177-1178-1081-1185-1186-1187-1188-1056-1057-1058-208
[2026-08-11 17:41:59.348187] [INFO] [path_server] 노드 업데이트 : [1178] ➜ [1081]
[2026-08-11 17:41:59.408096] [INFO] [path_server] 새로운 경로 설정 : path[1178 ➜ 208] time[0s] dist[13.5m] list[10] : 1178-1081-1185-1186-1187-1188-1056-1057-1058-208
[2026-08-11 17:42:00.106635] [INFO] [path_server] 노드 업데이트 : [1081] ➜ [1185]
[2026-08-11 17:42:00.186527] [INFO] [path_server] 새로운 경로 설정 : path[1081 ➜ 208] time[0s] dist[12m] list[9] : 1081-1185-1186-1187-1188-1056-1057-1058-208
[2026-08-11 17:42:01.503839] [INFO] [path_server] 노드 업데이트 : [1185] ➜ [1186]
[2026-08-11 17:42:01.563739] [INFO] [path_server] 새로운 경로 설정 : path[1185 ➜ 208] time[0s] dist[10.5m] list[8] : 1185-1186-1187-1188-1056-1057-1058-208
[2026-08-11 17:42:04.977033] [INFO] [path_server] 노드 업데이트 : [1186] ➜ [1187]
[2026-08-11 17:42:05.056943] [INFO] [path_server] 새로운 경로 설정 : path[1186 ➜ 208] time[0s] dist[9m] list[7] : 1186-1187-1188-1056-1057-1058-208
[2026-08-11 17:42:06.094936] [INFO] [path_server] 노드 업데이트 : [1187] ➜ [1188]
[2026-08-11 17:42:06.154870] [INFO] [path_server] 새로운 경로 설정 : path[1187 ➜ 208] time[0s] dist[7.5m] list[6] : 1187-1188-1056-1057-1058-208
[2026-08-11 17:42:07.332573] [INFO] [path_server] 노드 업데이트 : [1188] ➜ [1056]
[2026-08-11 17:42:07.412453] [INFO] [path_server] 새로운 경로 설정 : path[1188 ➜ 208] time[0s] dist[6m] list[5] : 1188-1056-1057-1058-208
[2026-08-11 17:42:10.606187] [INFO] [path_server] 노드 업데이트 : [1056] ➜ [1057]
[2026-08-11 17:42:10.686099] [INFO] [path_server] 새로운 경로 설정 : path[1056 ➜ 208] time[0s] dist[4.5m] list[4] : 1056-1057-1058-208
[2026-08-11 17:42:11.763896] [INFO] [path_server] 노드 업데이트 : [1057] ➜ [1058]
[2026-08-11 17:42:11.843712] [INFO] [path_server] 새로운 경로 설정 : path[1057 ➜ 208] time[0s] dist[3m] list[3] : 1057-1058-208
[2026-08-11 17:42:14.498323] [INFO] [path_server] 노드 업데이트 : [1058] ➜ [208]
[2026-08-11 17:42:14.578224] [INFO] [path_server] 새로운 경로 설정 : path[1058 ➜ 208] time[0s] dist[1.5m] list[2] : 1058-208
[2026-08-11 17:42:18.669887] [INFO] [path_server] 노드 업데이트 : [208] ➜ [-1]
[2026-08-11 17:42:21.524548] [INFO] [course_tracker] 목적지에서 각도 정렬 : [29.000m 16.000m 0.000°]
[2026-08-11 17:42:22.562346] [INFO] [path_server] 노드 업데이트 : [208] ➜ [-1]
[2026-08-11 17:42:22.582340] [INFO] [task::fsm] push_done
[2026-08-11 17:42:22.642216] [INFO] [task::fsm] idle
[2026-08-11 17:42:22.642224] [INFO] [path_server] 경로 삭제
[2026-08-11 17:42:22.642222] [INFO] [course_manager] 코스 삭제
[2026-08-11 17:43:43.843816] [INFO] [framework] 프로그램 시작
[2026-08-11 17:43:43.843821] [WARNING] [framework] 프로그램 시작
[2026-08-11 17:43:43.843826] [INFO] [framework] 설정 파일 위치 : ../configs/robot_9
[2026-08-11 17:43:43.843825] [CRITICAL] [framework] 프로그램 시작
[2026-08-11 17:44:21.656406] [INFO] [framework] 프로그램 시작
[2026-08-11 17:44:21.656409] [WARNING] [framework] 프로그램 시작
[2026-08-11 17:44:21.656411] [INFO] [framework] 설정 파일 위치 : ../configs/robot_9
[2026-08-11 17:44:21.656410] [CRITICAL] [framework] 프로그램 시작
[2026-08-11 17:44:21.656540] [INFO] [framework] ID[0, 9], 이름[임나인], 제어주기[20ms], 버젼[], 장소[우리집], 환경모드[simulation]
[2026-08-11 17:44:21.656560] [INFO] [mediator] 생성
[2026-08-11 17:44:21.656583] [INFO] [graph_manager] 생성
[2026-08-11 17:44:21.688958] [INFO] [stop_server] 생성
[2026-08-11 17:44:21.688984] [INFO] [health_monitor] 생성
[2026-08-11 17:44:21.689000] [INFO] [path_server] 생성
[2026-08-11 17:44:21.689015] [INFO] [course_manager] 생성
[2026-08-11 17:44:21.689036] [INFO] [task::fsm] 생성
[2026-08-11 17:44:21.689037] [INFO] [task::fsm] idle
[2026-08-11 17:44:21.689038] [INFO] [course_manager] 코스 삭제
[2026-08-11 17:44:21.689039] [INFO] [path_server] 경로 삭제
[2026-08-11 17:44:21.689052] [INFO] [task_manager] 생성
[2026-08-11 17:44:21.689163] [INFO] [mediator] connectors 생성
[2026-08-11 17:44:21.689180] [INFO] [fms] 생성
[2026-08-11 17:44:21.689181] [INFO] [fms] 통신 드라이버 생성
[2026-08-11 17:44:21.689475] [INFO] [motions] 생성
[2026-08-11 17:44:21.689497] [INFO] [localizers] 생성
[2026-08-11 17:44:21.689587] [INFO] [localizers] 파라미터 : 

[2026-08-11 17:44:21.689605] [INFO] [safety_plc] 생성
[2026-08-11 17:44:21.689618] [INFO] [load_handler] 생성
[2026-08-11 17:44:21.689633] [INFO] [power_system] 생성
[2026-08-11 17:44:21.689751] [INFO] [power_system] 설정 정보 : remaining[40%, 10%, 5%]
[2026-08-11 17:44:21.690187] [INFO] [power_system] 알람 목록 : 
 • [100015, 100001] [INFO] 자동 충전 시작.
 • [100015, 100002] [INFO] 배터리 가득.
 • [100015, 400001] [CRIT] 배터리 남은 양 - 위험
 • [100015, 300001] [ERROR] 배터리 남은 양 - 에러
 • [100015, 200001] [WARN] 배터리 남은 양 - 주의
 • [100015, 100004] [INFO] 자동 충전 해제 완료.
 • [100015, 100003] [INFO] 자동 충전 해제 시작.
[2026-08-11 17:44:21.690191] [INFO] [mediator] connector 의존성 주입
[2026-08-11 17:44:21.690203] [INFO] [mediator] any map 등록
[2026-08-11 17:44:21.690211] [INFO] [mediator] any collector 등록
[2026-08-11 17:44:21.690214] [INFO] [mediator] any collector 목록 검사
[2026-08-11 17:44:21.690798] [INFO] [framework] after init 실행
[2026-08-11 17:44:21.691042] [INFO] [course_tracker] 생성
[2026-08-11 17:44:21.691058] [INFO] [course_tracker] 파라미터 : 
◈ node_bound[0.020m, 0.150m, 0.005m]
 • approach[0.150m, 0.050m/s, -0.005m, -0.200m, 0.100m]
 • align[(10.000°, 5.000°/s), 50.000°, 30.000°/s), 0.800°, -0.100°]
◈ motion param : 
 • reference_angle[0.000°, 45.000°]
 • threshold_angle[15.000°, 20.000°, 170.000°]
 • threshold_error[0.300°, 5.000°]
 • normal[0.150m/s, 8.000, 0.800m/s, 0.500]
 • angle[0.150m/s, 1.500, 0.800m/s, 2.100]
 • protection_overshoot[0.100m/s, 0.900, 0.500m/s, 0.900]
 • speed_rotation[15.000°/s]
[2026-08-11 17:44:21.691061] [INFO] [framework] 제어 쓰레드 시작
[2026-08-11 17:44:21.691093] [INFO] [path_server] 노드 초기화 성공 : 로봇 좌표[29.011m 16.003m 90.049°] 최단 거리 노드[208] 거리(0.011872m)
[2026-08-11 17:44:26.781119] [INFO] [path_server] 새로운 경로 설정 : path[208 ➜ 101] time[0s] dist[27m] list[19] : 208-1058-1059-1060-1061-1062-1063-1064-1065-40-1067-1068-1069-1070-1071-1072-1073-1074-101
[2026-08-11 17:44:26.781127] [INFO] [course_tracker] 방향 정렬 완료 
[2026-08-11 17:44:28.936837] [INFO] [path_server] 노드 업데이트 : [1058] ➜ [1059]
[2026-08-11 17:44:28.996750] [INFO] [path_server] 새로운 경로 설정 : path[1058 ➜ 101] time[0s] dist[25.5m] list[18] : 1058-1059-1060-1061-1062-1063-1064-1065-40-1067-1068-1069-1070-1071-1072-1073-1074-101
[2026-08-11 17:44:32.290333] [INFO] [path_server] 노드 업데이트 : [1059] ➜ [1060]
[2026-08-11 17:44:32.370251] [INFO] [path_server] 새로운 경로 설정 : path[1059 ➜ 101] time[0s] dist[24m] list[17] : 1059-1060-1061-1062-1063-1064-1065-40-1067-1068-1069-1070-1071-1072-1073-1074-101
[2026-08-11 17:44:33.408166] [INFO] [path_server] 노드 업데이트 : [1060] ➜ [1061]
[2026-08-11 17:44:33.468059] [INFO] [path_server] 새로운 경로 설정 : path[1060 ➜ 101] time[0s] dist[22.5m] list[16] : 1060-1061-1062-1063-1064-1065-40-1067-1068-1069-1070-1071-1072-1073-1074-101
[2026-08-11 17:44:34.246569] [INFO] [path_server] 노드 업데이트 : [1061] ➜ [1062]
[2026-08-11 17:44:34.306494] [INFO] [path_server] 새로운 경로 설정 : path[1061 ➜ 101] time[0s] dist[21m] list[15] : 1061-1062-1063-1064-1065-40-1067-1068-1069-1070-1071-1072-1073-1074-101
[2026-08-11 17:44:34.985160] [INFO] [path_server] 노드 업데이트 : [1062] ➜ [1063]
[2026-08-11 17:44:35.065087] [INFO] [path_server] 새로운 경로 설정 : path[1062 ➜ 101] time[0s] dist[19.5m] list[14] : 1062-1063-1064-1065-40-1067-1068-1069-1070-1071-1072-1073-1074-101
[2026-08-11 17:44:35.743742] [INFO] [path_server] 노드 업데이트 : [1063] ➜ [1064]
[2026-08-11 17:44:35.803666] [INFO] [path_server] 새로운 경로 설정 : path[1063 ➜ 101] time[0s] dist[18m] list[13] : 1063-1064-1065-40-1067-1068-1069-1070-1071-1072-1073-1074-101
[2026-08-11 17:44:36.482276] [INFO] [path_server] 노드 업데이트 : [1064] ➜ [1065]
[2026-08-11 17:44:36.562197] [INFO] [path_server] 새로운 경로 설정 : path[1064 ➜ 101] time[0s] dist[16.5m] list[12] : 1064-1065-40-1067-1068-1069-1070-1071-1072-1073-1074-101
[2026-08-11 17:44:37.241062] [INFO] [path_server] 노드 업데이트 : [1065] ➜ [40]
[2026-08-11 17:44:37.300954] [INFO] [path_server] 새로운 경로 설정 : path[1065 ➜ 101] time[0s] dist[15m] list[11] : 1065-40-1067-1068-1069-1070-1071-1072-1073-1074-101
[2026-08-11 17:44:37.979619] [INFO] [path_server] 노드 업데이트 : [40] ➜ [1067]
[2026-08-11 17:44:38.059564] [INFO] [path_server] 새로운 경로 설정 : path[40 ➜ 101] time[0s] dist[13.5m] list[10] : 40-1067-1068-1069-1070-1071-1072-1073-1074-101
[2026-08-11 17:44:38.738251] [INFO] [path_server] 노드 업데이트 : [1067] ➜ [1068]
[2026-08-11 17:44:38.798174] [INFO] [path_server] 새로운 경로 설정 : path[1067 ➜ 101] time[0s] dist[12m] list[9] : 1067-1068-1069-1070-1071-1072-1073-1074-101
[2026-08-11 17:44:39.496879] [INFO] [path_server] 노드 업데이트 : [1068] ➜ [1069]
[2026-08-11 17:44:39.576737] [INFO] [path_server] 새로운 경로 설정 : path[1068 ➜ 101] time[0s] dist[10.5m] list[8] : 1068-1069-1070-1071-1072-1073-1074-101
[2026-08-11 17:44:40.235444] [INFO] [path_server] 노드 업데이트 : [1069] ➜ [1070]
[2026-08-11 17:44:40.295349] [INFO] [path_server] 새로운 경로 설정 : path[1069 ➜ 101] time[0s] dist[9m] list[7] : 1069-1070-1071-1072-1073-1074-101
[2026-08-11 17:44:40.996709] [INFO] [path_server] 노드 업데이트 : [1070] ➜ [1071]
[2026-08-11 17:44:41.076584] [INFO] [path_server] 새로운 경로 설정 : path[1070 ➜ 101] time[0s] dist[7.5m] list[6] : 1070-1071-1072-1073-1074-101
[2026-08-11 17:44:41.735290] [INFO] [path_server] 노드 업데이트 : [1071] ➜ [1072]
[2026-08-11 17:44:41.795222] [INFO] [path_server] 새로운 경로 설정 : path[1071 ➜ 101] time[0s] dist[6m] list[5] : 1071-1072-1073-1074-101
[2026-08-11 17:44:42.493975] [INFO] [path_server] 노드 업데이트 : [1072] ➜ [1073]
[2026-08-11 17:44:42.573837] [INFO] [path_server] 새로운 경로 설정 : path[1072 ➜ 101] time[0s] dist[4.5m] list[4] : 1072-1073-1074-101
[2026-08-11 17:44:43.232485] [INFO] [path_server] 노드 업데이트 : [1073] ➜ [1074]
[2026-08-11 17:44:43.292419] [INFO] [path_server] 새로운 경로 설정 : path[1073 ➜ 101] time[0s] dist[3m] list[3] : 1073-1074-101
[2026-08-11 17:44:44.569965] [INFO] [path_server] 노드 업데이트 : [1074] ➜ [101]
[2026-08-11 17:44:44.649890] [INFO] [path_server] 새로운 경로 설정 : path[1074 ➜ 101] time[0s] dist[1.5m] list[2] : 1074-101
[2026-08-11 17:44:48.542703] [INFO] [path_server] 노드 업데이트 : [101] ➜ [-1]
[2026-08-11 17:44:51.377288] [INFO] [course_tracker] 목적지에서 각도 정렬 : [5.000m 19.000m 0.000°]
[2026-08-11 17:44:52.395568] [INFO] [path_server] 노드 업데이트 : [101] ➜ [-1]
[2026-08-11 17:44:52.415585] [INFO] [task::fsm] push_done
[2026-08-11 17:44:52.475473] [INFO] [task::fsm] charging
[2026-08-11 17:44:52.475482] [INFO] [power_system] 충전 프로세스 시작
[2026-08-11 17:44:52.475495] [INFO] [health_monitor] [등록][100015, 100001] : 자동 충전 시작.
[2026-08-11 17:44:57.486986] [INFO] [health_monitor] [삭제][100015, 100001] : 자동 충전 시작.
[2026-08-11 17:45:10.882190] [INFO] [power_system] 충전 완료
[2026-08-11 17:45:10.882207] [INFO] [health_monitor] [등록][100015, 100002] : 배터리 가득.
[2026-08-11 17:45:10.882210] [INFO] [health_monitor] [등록][100015, 100003] : 자동 충전 해제 시작.
[2026-08-11 17:45:15.894776] [INFO] [health_monitor] [삭제][100015, 100002] : 배터리 가득.
[2026-08-11 17:45:15.894782] [INFO] [health_monitor] [삭제][100015, 100003] : 자동 충전 해제 시작.
[2026-08-11 17:45:15.914791] [INFO] [power_system] 충전 해제 완료
[2026-08-11 17:45:15.914810] [INFO] [health_monitor] [등록][100015, 100004] : 자동 충전 해제 완료.
[2026-08-11 17:45:15.934745] [INFO] [task::fsm] discharging
[2026-08-11 17:45:15.934752] [INFO] [power_system] 충전 해제 프로세스 시작
[2026-08-11 17:45:15.934762] [INFO] [health_monitor] [등록][100015, 100003] : 자동 충전 해제 시작.
[2026-08-11 17:45:15.954657] [INFO] [task::fsm] idle
[2026-08-11 17:45:15.954666] [INFO] [path_server] 경로 삭제
[2026-08-11 17:45:15.954664] [INFO] [course_manager] 코스 삭제
[2026-08-11 17:45:15.994634] [INFO] [task::fsm] idle
[2026-08-11 17:45:15.994641] [INFO] [path_server] 경로 삭제
[2026-08-11 17:45:15.994640] [INFO] [course_manager] 코스 삭제
[2026-08-11 17:45:20.925417] [INFO] [health_monitor] [삭제][100015, 100004] : 자동 충전 해제 완료.
[2026-08-11 17:45:20.945444] [INFO] [health_monitor] [삭제][100015, 100003] : 자동 충전 해제 시작.
[2026-08-11 17:45:27.766361] [INFO] [framework] 프로그램 시작
[2026-08-11 17:45:27.766364] [WARNING] [framework] 프로그램 시작
[2026-08-11 17:45:27.766366] [CRITICAL] [framework] 프로그램 시작
[2026-08-11 17:45:27.766366] [INFO] [framework] 설정 파일 위치 : ../configs/robot_9
[2026-08-11 17:45:27.766481] [INFO] [framework] ID[0, 9], 이름[임나인], 제어주기[20ms], 버젼[], 장소[우리집], 환경모드[simulation]
[2026-08-11 17:45:27.766502] [INFO] [mediator] 생성
[2026-08-11 17:45:27.766523] [INFO] [graph_manager] 생성
[2026-08-11 17:45:27.795951] [INFO] [stop_server] 생성
[2026-08-11 17:45:27.795969] [INFO] [health_monitor] 생성
[2026-08-11 17:45:27.796002] [INFO] [path_server] 생성
[2026-08-11 17:45:27.796019] [INFO] [course_manager] 생성
[2026-08-11 17:45:27.796034] [INFO] [task::fsm] 생성
[2026-08-11 17:45:27.796035] [INFO] [task::fsm] idle
[2026-08-11 17:45:27.796042] [INFO] [course_manager] 코스 삭제
[2026-08-11 17:45:27.796043] [INFO] [path_server] 경로 삭제
[2026-08-11 17:45:27.796056] [INFO] [task_manager] 생성
[2026-08-11 17:45:27.796165] [INFO] [mediator] connectors 생성
[2026-08-11 17:45:27.796183] [INFO] [fms] 생성
[2026-08-11 17:45:27.796184] [INFO] [fms] 통신 드라이버 생성
[2026-08-11 17:45:27.796451] [INFO] [motions] 생성
[2026-08-11 17:45:27.796478] [INFO] [localizers] 생성
[2026-08-11 17:45:27.796570] [INFO] [localizers] 파라미터 : 

[2026-08-11 17:45:27.796586] [INFO] [safety_plc] 생성
[2026-08-11 17:45:27.796602] [INFO] [load_handler] 생성
[2026-08-11 17:45:27.796615] [INFO] [power_system] 생성
[2026-08-11 17:45:27.796720] [INFO] [power_system] 설정 정보 : remaining[40%, 10%, 5%]
[2026-08-11 17:45:27.797143] [INFO] [power_system] 알람 목록 : 
 • [100015, 100001] [INFO] 자동 충전 시작.
 • [100015, 100002] [INFO] 배터리 가득.
 • [100015, 400001] [CRIT] 배터리 남은 양 - 위험
 • [100015, 300001] [ERROR] 배터리 남은 양 - 에러
 • [100015, 200001] [WARN] 배터리 남은 양 - 주의
 • [100015, 100004] [INFO] 자동 충전 해제 완료.
 • [100015, 100003] [INFO] 자동 충전 해제 시작.
[2026-08-11 17:45:27.797146] [INFO] [mediator] connector 의존성 주입
[2026-08-11 17:45:27.797155] [INFO] [mediator] any map 등록
[2026-08-11 17:45:27.797162] [INFO] [mediator] any collector 등록
[2026-08-11 17:45:27.797166] [INFO] [mediator] any collector 목록 검사
[2026-08-11 17:45:27.797209] [INFO] [framework] after init 실행
[2026-08-11 17:45:27.797576] [INFO] [course_tracker] 생성
[2026-08-11 17:45:27.797599] [INFO] [course_tracker] 파라미터 : 
◈ node_bound[0.020m, 0.150m, 0.005m]
 • approach[0.150m, 0.050m/s, -0.005m, -0.200m, 0.100m]
 • align[(10.000°, 5.000°/s), 50.000°, 30.000°/s), 0.800°, -0.100°]
◈ motion param : 
 • reference_angle[0.000°, 45.000°]
 • threshold_angle[15.000°, 20.000°, 170.000°]
 • threshold_error[0.300°, 5.000°]
 • normal[0.150m/s, 8.000, 0.800m/s, 0.500]
 • angle[0.150m/s, 1.500, 0.800m/s, 2.100]
 • protection_overshoot[0.100m/s, 0.900, 0.500m/s, 0.900]
 • speed_rotation[15.000°/s]
[2026-08-11 17:45:27.797603] [INFO] [framework] 제어 쓰레드 시작
[2026-08-11 17:45:27.797669] [INFO] [path_server] 노드 초기화 성공 : 로봇 좌표[4.989m 18.996m 90.093°] 최단 거리 노드[101] 거리(0.012073m)
[2026-08-11 17:45:51.304854] [INFO] [framework] 프로그램 시작
[2026-08-11 17:45:51.304860] [WARNING] [framework] 프로그램 시작
[2026-08-11 17:45:51.304863] [INFO] [framework] 설정 파일 위치 : ../configs/robot_9
[2026-08-11 17:45:51.304862] [CRITICAL] [framework] 프로그램 시작
[2026-08-11 17:45:51.305013] [INFO] [framework] ID[0, 9], 이름[임나인], 제어주기[20ms], 버젼[], 장소[우리집], 환경모드[simulation]
[2026-08-11 17:45:51.305043] [INFO] [mediator] 생성
[2026-08-11 17:45:51.305065] [INFO] [graph_manager] 생성
[2026-08-11 17:45:51.346322] [INFO] [stop_server] 생성
[2026-08-11 17:45:51.346346] [INFO] [health_monitor] 생성
[2026-08-11 17:45:51.346368] [INFO] [path_server] 생성
[2026-08-11 17:45:51.346380] [INFO] [course_manager] 생성
[2026-08-11 17:45:51.346392] [INFO] [task::fsm] 생성
[2026-08-11 17:45:51.346393] [INFO] [task::fsm] idle
[2026-08-11 17:45:51.346394] [INFO] [course_manager] 코스 삭제
[2026-08-11 17:45:51.346394] [INFO] [path_server] 경로 삭제
[2026-08-11 17:45:51.346409] [INFO] [task_manager] 생성
[2026-08-11 17:45:51.346512] [INFO] [mediator] connectors 생성
[2026-08-11 17:45:51.346527] [INFO] [fms] 생성
[2026-08-11 17:45:51.346528] [INFO] [fms] 통신 드라이버 생성
[2026-08-11 17:45:51.346835] [INFO] [motions] 생성
[2026-08-11 17:45:51.346853] [INFO] [localizers] 생성
[2026-08-11 17:45:51.346948] [INFO] [localizers] 파라미터 : 

[2026-08-11 17:45:51.346963] [INFO] [safety_plc] 생성
[2026-08-11 17:45:51.346975] [INFO] [load_handler] 생성
[2026-08-11 17:45:51.346994] [INFO] [power_system] 생성
[2026-08-11 17:45:51.347111] [INFO] [power_system] 설정 정보 : remaining[40%, 10%, 5%]
[2026-08-11 17:45:51.347525] [INFO] [power_system] 알람 목록 : 
 • [100015, 100001] [INFO] 자동 충전 시작.
 • [100015, 100002] [INFO] 배터리 가득.
 • [100015, 400001] [CRIT] 배터리 남은 양 - 위험
 • [100015, 300001] [ERROR] 배터리 남은 양 - 에러
 • [100015, 200001] [WARN] 배터리 남은 양 - 주의
 • [100015, 100004] [INFO] 자동 충전 해제 완료.
 • [100015, 100003] [INFO] 자동 충전 해제 시작.
[2026-08-11 17:45:51.347528] [INFO] [mediator] connector 의존성 주입
[2026-08-11 17:45:51.347535] [INFO] [mediator] any map 등록
[2026-08-11 17:45:51.347541] [INFO] [mediator] any collector 등록
[2026-08-11 17:45:51.347543] [INFO] [mediator] any collector 목록 검사
[2026-08-11 17:45:51.347592] [INFO] [framework] after init 실행
[2026-08-11 17:45:51.347956] [INFO] [course_tracker] 생성
[2026-08-11 17:45:51.347977] [INFO] [course_tracker] 파라미터 : 
◈ node_bound[0.020m, 0.150m, 0.005m]
 • approach[0.150m, 0.050m/s, -0.005m, -0.200m, 0.100m]
 • align[(10.000°, 5.000°/s), 50.000°, 30.000°/s), 0.800°, -0.100°]
◈ motion param : 
 • reference_angle[0.000°, 45.000°]
 • threshold_angle[15.000°, 20.000°, 170.000°]
 • threshold_error[0.300°, 5.000°]
 • normal[0.150m/s, 8.000, 0.800m/s, 0.500]
 • angle[0.150m/s, 1.500, 0.800m/s, 2.100]
 • protection_overshoot[0.100m/s, 0.900, 0.500m/s, 0.900]
 • speed_rotation[15.000°/s]
[2026-08-11 17:45:51.347981] [INFO] [framework] 제어 쓰레드 시작
[2026-08-11 17:45:51.348036] [INFO] [path_server] 노드 초기화 성공 : 로봇 좌표[4.989m 18.996m 90.093°] 최단 거리 노드[101] 거리(0.012073m)
[2026-08-11 17:45:51.447857] [INFO] [task::fsm] charging
[2026-08-11 17:45:51.447865] [INFO] [power_system] 충전 프로세스 시작
[2026-08-11 17:45:51.447884] [INFO] [health_monitor] [등록][100015, 100001] : 자동 충전 시작.
[2026-08-11 17:45:56.458055] [INFO] [health_monitor] [삭제][100015, 100001] : 자동 충전 시작.
[2026-08-11 17:46:08.595941] [INFO] [power_system] 충전 완료
[2026-08-11 17:46:08.595959] [INFO] [health_monitor] [등록][100015, 100002] : 배터리 가득.
[2026-08-11 17:46:08.595962] [INFO] [health_monitor] [등록][100015, 100003] : 자동 충전 해제 시작.
[2026-08-11 17:46:13.606500] [INFO] [health_monitor] [삭제][100015, 100002] : 배터리 가득.
[2026-08-11 17:46:13.606507] [INFO] [health_monitor] [삭제][100015, 100003] : 자동 충전 해제 시작.
[2026-08-11 17:46:13.626471] [INFO] [power_system] 충전 해제 완료
[2026-08-11 17:46:13.626492] [INFO] [health_monitor] [등록][100015, 100004] : 자동 충전 해제 완료.
[2026-08-11 17:46:13.646384] [INFO] [task::fsm] discharging
[2026-08-11 17:46:13.646394] [INFO] [power_system] 충전 해제 프로세스 시작
[2026-08-11 17:46:13.646407] [INFO] [health_monitor] [등록][100015, 100003] : 자동 충전 해제 시작.
[2026-08-11 17:46:13.666424] [INFO] [task::fsm] idle
[2026-08-11 17:46:13.666434] [INFO] [path_server] 경로 삭제
[2026-08-11 17:46:13.666432] [INFO] [course_manager] 코스 삭제
[2026-08-11 17:46:13.686354] [INFO] [task::fsm] idle
[2026-08-11 17:46:13.686360] [INFO] [course_manager] 코스 삭제
[2026-08-11 17:46:13.686361] [INFO] [path_server] 경로 삭제
[2026-08-11 17:46:18.637716] [INFO] [health_monitor] [삭제][100015, 100004] : 자동 충전 해제 완료.
[2026-08-11 17:46:18.657624] [INFO] [health_monitor] [삭제][100015, 100003] : 자동 충전 해제 시작.
[2026-08-11 17:46:26.462301] [INFO] [path_server] 새로운 경로 설정 : path[101 ➜ 208] time[0s] dist[51m] list[35] : 101-1074-1075-1076-1159-1158-1157-1160-1161-1162-1163-1164-1165-1166-1167-1168-41-1170-1171-1172-1173-1174-1175-1176-1177-1178-1081-1185-1186-1187-1188-1056-1057-1058-208
[2026-08-11 17:50:10.518470] [INFO] [framework] 프로그램 시작
[2026-08-11 17:50:10.518477] [WARNING] [framework] 프로그램 시작
[2026-08-11 17:50:10.518480] [CRITICAL] [framework] 프로그램 시작
[2026-08-11 17:50:10.518481] [INFO] [framework] 설정 파일 위치 : ../configs/robot_9
[2026-08-11 17:50:10.518637] [INFO] [framework] ID[0, 9], 이름[임나인], 제어주기[20ms], 버젼[], 장소[우리집], 환경모드[simulation]
[2026-08-11 17:50:10.518669] [INFO] [mediator] 생성
[2026-08-11 17:50:10.518697] [INFO] [graph_manager] 생성
[2026-08-11 17:50:10.565642] [INFO] [stop_server] 생성
[2026-08-11 17:50:10.565658] [INFO] [health_monitor] 생성
[2026-08-11 17:50:10.565685] [INFO] [path_server] 생성
[2026-08-11 17:50:10.565697] [INFO] [course_manager] 생성
[2026-08-11 17:50:10.565707] [INFO] [task::fsm] 생성
[2026-08-11 17:50:10.565708] [INFO] [task::fsm] idle
[2026-08-11 17:50:10.565709] [INFO] [course_manager] 코스 삭제
[2026-08-11 17:50:10.565710] [INFO] [path_server] 경로 삭제
[2026-08-11 17:50:10.565719] [INFO] [task_manager] 생성
[2026-08-11 17:50:10.565811] [INFO] [mediator] connectors 생성
[2026-08-11 17:50:10.565824] [INFO] [fms] 생성
[2026-08-11 17:50:10.565825] [INFO] [fms] 통신 드라이버 생성
[2026-08-11 17:50:10.566078] [INFO] [motions] 생성
[2026-08-11 17:50:10.566095] [INFO] [localizers] 생성
[2026-08-11 17:50:10.566172] [INFO] [localizers] 파라미터 : 

[2026-08-11 17:50:10.566186] [INFO] [safety_plc] 생성
[2026-08-11 17:50:10.566197] [INFO] [load_handler] 생성
[2026-08-11 17:50:10.566208] [INFO] [power_system] 생성
[2026-08-11 17:50:10.566300] [INFO] [power_system] 설정 정보 : remaining[40%, 10%, 5%]
[2026-08-11 17:50:10.566657] [INFO] [power_system] 알람 목록 : 
 • [100015, 100001] [INFO] 자동 충전 시작.
 • [100015, 100002] [INFO] 배터리 가득.
 • [100015, 400001] [CRIT] 배터리 남은 양 - 위험
 • [100015, 300001] [ERROR] 배터리 남은 양 - 에러
 • [100015, 200001] [WARN] 배터리 남은 양 - 주의
 • [100015, 100004] [INFO] 자동 충전 해제 완료.
 • [100015, 100003] [INFO] 자동 충전 해제 시작.
[2026-08-11 17:50:10.566660] [INFO] [mediator] connector 의존성 주입
[2026-08-11 17:50:10.566667] [INFO] [mediator] any map 등록
[2026-08-11 17:50:10.566672] [INFO] [mediator] any collector 등록
[2026-08-11 17:50:10.566675] [INFO] [mediator] any collector 목록 검사
[2026-08-11 17:50:10.566717] [INFO] [framework] after init 실행
[2026-08-11 17:50:10.567082] [INFO] [course_tracker] 생성
[2026-08-11 17:50:10.567105] [INFO] [course_tracker] 파라미터 : 
◈ node_bound[0.020m, 0.150m, 0.005m]
 • approach[0.150m, 0.050m/s, -0.005m, -0.200m, 0.100m]
 • align[(10.000°, 5.000°/s), 50.000°, 30.000°/s), 0.800°, -0.100°]
◈ motion param : 
 • reference_angle[0.000°, 45.000°]
 • threshold_angle[15.000°, 20.000°, 170.000°]
 • threshold_error[0.300°, 5.000°]
 • normal[0.150m/s, 8.000, 0.800m/s, 0.500]
 • angle[0.150m/s, 1.500, 0.800m/s, 2.100]
 • protection_overshoot[0.100m/s, 0.900, 0.500m/s, 0.900]
 • speed_rotation[15.000°/s]
[2026-08-11 17:50:10.567108] [INFO] [framework] 제어 쓰레드 시작
[2026-08-11 17:50:10.567156] [INFO] [path_server] 노드 초기화 성공 : 로봇 좌표[4.989m 18.996m 90.093°] 최단 거리 노드[101] 거리(0.012073m)
[2026-08-11 17:50:10.686952] [INFO] [task::fsm] charging
[2026-08-11 17:50:10.686960] [INFO] [power_system] 충전 프로세스 시작
[2026-08-11 17:50:10.686980] [INFO] [health_monitor] [등록][100015, 100001] : 자동 충전 시작.
[2026-08-11 17:50:15.698295] [INFO] [health_monitor] [삭제][100015, 100001] : 자동 충전 시작.
[2026-08-11 17:50:27.835141] [INFO] [power_system] 충전 완료
[2026-08-11 17:50:27.835157] [INFO] [health_monitor] [등록][100015, 100002] : 배터리 가득.
[2026-08-11 17:50:27.835160] [INFO] [health_monitor] [등록][100015, 100003] : 자동 충전 해제 시작.
[2026-08-11 17:50:32.844997] [INFO] [health_monitor] [삭제][100015, 100002] : 배터리 가득.
[2026-08-11 17:50:32.845003] [INFO] [health_monitor] [삭제][100015, 100003] : 자동 충전 해제 시작.
[2026-08-11 17:50:32.864998] [INFO] [power_system] 충전 해제 완료
[2026-08-11 17:50:32.865011] [INFO] [health_monitor] [등록][100015, 100004] : 자동 충전 해제 완료.
[2026-08-11 17:50:32.884948] [INFO] [task::fsm] discharging
[2026-08-11 17:50:32.884956] [INFO] [power_system] 충전 해제 프로세스 시작
[2026-08-11 17:50:32.884964] [INFO] [health_monitor] [등록][100015, 100003] : 자동 충전 해제 시작.
[2026-08-11 17:50:32.904861] [INFO] [task::fsm] idle
[2026-08-11 17:50:32.904867] [INFO] [course_manager] 코스 삭제
[2026-08-11 17:50:32.904869] [INFO] [path_server] 경로 삭제
[2026-08-11 17:50:32.944800] [INFO] [task::fsm] idle
[2026-08-11 17:50:32.944808] [INFO] [path_server] 경로 삭제
[2026-08-11 17:50:32.944806] [INFO] [course_manager] 코스 삭제
[2026-08-11 17:50:37.875211] [INFO] [health_monitor] [삭제][100015, 100004] : 자동 충전 해제 완료.
[2026-08-11 17:50:37.895172] [INFO] [health_monitor] [삭제][100015, 100003] : 자동 충전 해제 시작.
[2026-08-11 17:56:27.970910] [INFO] [task::fsm] charging
[2026-08-11 17:56:27.970933] [INFO] [health_monitor] [등록][100015, 100001] : 자동 충전 시작.
[2026-08-11 17:56:27.970921] [INFO] [power_system] 충전 프로세스 시작
[2026-08-11 17:56:32.981299] [INFO] [health_monitor] [삭제][100015, 100001] : 자동 충전 시작.
[2026-08-11 17:56:41.126120] [INFO] [power_system] 충전 완료
[2026-08-11 17:56:41.126143] [INFO] [health_monitor] [등록][100015, 100003] : 자동 충전 해제 시작.
[2026-08-11 17:56:41.126140] [INFO] [health_monitor] [등록][100015, 100002] : 배터리 가득.
[2026-08-11 17:56:41.186063] [INFO] [path_server] 새로운 경로 설정 : path[101 ➜ 203] time[0s] dist[16.5m] list[12] : 101-1074-1075-1076-1159-1158-1157-1160-1161-1162-1163-203
[2026-08-11 17:56:45.058766] [INFO] [path_server] 노드 업데이트 : [1074] ➜ [1075]
[2026-08-11 17:56:45.138693] [INFO] [path_server] 새로운 경로 설정 : path[1074 ➜ 203] time[0s] dist[15m] list[11] : 1074-1075-1076-1159-1158-1157-1160-1161-1162-1163-203
[2026-08-11 17:56:46.136621] [INFO] [health_monitor] [삭제][100015, 100002] : 배터리 가득.
[2026-08-11 17:56:46.136630] [INFO] [health_monitor] [삭제][100015, 100003] : 자동 충전 해제 시작.
[2026-08-11 17:56:48.651558] [INFO] [path_server] 노드 업데이트 : [1075] ➜ [1076]
[2026-08-11 17:56:48.731482] [INFO] [path_server] 새로운 경로 설정 : path[1075 ➜ 203] time[0s] dist[13.5m] list[10] : 1075-1076-1159-1158-1157-1160-1161-1162-1163-203
[2026-08-11 17:56:50.068669] [INFO] [path_server] 노드 업데이트 : [1076] ➜ [1159]
[2026-08-11 17:56:50.128570] [INFO] [path_server] 새로운 경로 설정 : path[1076 ➜ 203] time[0s] dist[12m] list[9] : 1076-1159-1158-1157-1160-1161-1162-1163-203
[2026-08-11 17:56:53.482110] [INFO] [path_server] 노드 업데이트 : [1159] ➜ [1158]
[2026-08-11 17:56:53.562027] [INFO] [path_server] 새로운 경로 설정 : path[1159 ➜ 203] time[0s] dist[10.5m] list[8] : 1159-1158-1157-1160-1161-1162-1163-203
[2026-08-11 17:56:54.579900] [INFO] [path_server] 노드 업데이트 : [1158] ➜ [1157]
[2026-08-11 17:56:54.659739] [INFO] [path_server] 새로운 경로 설정 : path[1158 ➜ 203] time[0s] dist[9m] list[7] : 1158-1157-1160-1161-1162-1163-203
[2026-08-11 17:56:55.997088] [INFO] [path_server] 노드 업데이트 : [1157] ➜ [1160]
[2026-08-11 17:56:56.077010] [INFO] [path_server] 새로운 경로 설정 : path[1157 ➜ 203] time[0s] dist[7.5m] list[6] : 1157-1160-1161-1162-1163-203
[2026-08-11 17:56:59.430657] [INFO] [path_server] 노드 업데이트 : [1160] ➜ [1161]
[2026-08-11 17:56:59.510554] [INFO] [path_server] 새로운 경로 설정 : path[1160 ➜ 203] time[0s] dist[6m] list[5] : 1160-1161-1162-1163-203
[2026-08-11 17:57:00.548444] [INFO] [path_server] 노드 업데이트 : [1161] ➜ [1162]
[2026-08-11 17:57:00.628357] [INFO] [path_server] 새로운 경로 설정 : path[1161 ➜ 203] time[0s] dist[4.5m] list[4] : 1161-1162-1163-203
[2026-08-11 17:57:01.366932] [INFO] [path_server] 노드 업데이트 : [1162] ➜ [1163]
[2026-08-11 17:57:01.426827] [INFO] [path_server] 새로운 경로 설정 : path[1162 ➜ 203] time[0s] dist[3m] list[3] : 1162-1163-203
[2026-08-11 17:57:04.102478] [INFO] [path_server] 노드 업데이트 : [1163] ➜ [203]
[2026-08-11 17:57:04.162371] [INFO] [path_server] 새로운 경로 설정 : path[1163 ➜ 203] time[0s] dist[1.5m] list[2] : 1163-203
[2026-08-11 17:57:08.274962] [INFO] [path_server] 노드 업데이트 : [203] ➜ [-1]
[2026-08-11 17:57:11.149473] [INFO] [course_tracker] 목적지에서 각도 정렬 : [8.000m 14.500m 0.000°]
[2026-08-11 17:57:12.107523] [INFO] [path_server] 노드 업데이트 : [203] ➜ [-1]
[2026-08-11 17:57:12.127476] [INFO] [task::fsm] push_done
[2026-08-11 17:57:12.187368] [INFO] [task::fsm] idle
[2026-08-11 17:57:12.187374] [INFO] [course_manager] 코스 삭제
[2026-08-11 17:57:12.187385] [INFO] [path_server] 경로 삭제
